date,returns
2010-02-11,0.0
2010-02-12,-0.00017516379335978573
2010-02-16,0.03287744413761173
2010-02-17,0.011681019124067184
2010-02-18,0.01396681064580584
2010-02-19,0.002330919678420594
2010-02-22,-0.004820140373403765
2010-02-23,-0.03103271497087804
2010-02-24,0.024651708119441697
2010-02-25,-0.0060417434314711665
2010-02-26,0.006106797866377125
2010-03-01,0.029472371979406796
2010-03-02,0.004754783843802721
2010-03-03,0.0022185515945114436
2010-03-04,0.01114319096476844
2010-03-05,0.03799878235817147
2010-03-08,0.0007619792691078286
2010-03-09,0.008887365659744056
2010-03-10,0.012972053629168319
2010-03-11,0.010571246925627744
2010-03-12,0.0024695507956705156
2010-03-15,-0.0010356714809876592
2010-03-16,0.018659625086891004
2010-03-17,0.010489076438973418
2010-03-18,0.006868839544077432
2010-03-19,-0.014484562079428102
2010-03-22,0.018813949000318922
2010-03-23,0.02282559861588115
2010-03-24,-0.013479999851065816
2010-03-25,-0.0036547931058327214
2010-03-26,0.0029300648070573884
2010-03-29,0.013246301140771579
2010-03-30,0.005901864205271548
2010-03-31,-0.01217053849163453
2010-04-01,0.011564887693616296
2010-04-05,0.02150944260150499
2010-04-06,0.004259053847888681
2010-04-07,-0.012164546117857243
2010-04-08,0.006305708210031502
2010-04-09,0.017676957611283305
2010-04-12,0.00435878438414249
2010-04-13,0.006761761666796321
2010-04-14,0.030550796934536655
2010-04-15,0.00791380713352956
2010-04-16,-0.03608218681622069
2010-04-19,0.0072720305787486875
2010-04-20,0.014759977445504
2010-04-21,0.00615489200810878
2010-04-22,0.01016185602930134
2010-04-23,0.01510713824755354
2010-04-26,-0.005081333570705875
2010-04-27,-0.05975363966809044
2010-04-28,0.011339295374138471
2010-04-29,0.0388103550142043
2010-04-30,-0.04813691147252798
2010-05-03,0.037143344517846
2010-05-04,-0.0699137536340747
2010-05-05,-0.01681609123845735
2010-05-06,-0.09325853507006848
2010-05-07,-0.04999469051624003
2010-05-10,0.12558840411819344
2010-05-11,-0.005186747536175907
2010-05-12,0.044978751952895316
2010-05-13,-0.03173508776987303
2010-05-14,-0.04439122471918734
2010-05-17,0.00453579064946224
2010-05-18,-0.030650397648517562
2010-05-19,-0.017342755444032004
2010-05-20,-0.08903244955119954
2010-05-21,0.024298208159317818
2010-05-24,-0.018627947218351572
2010-05-25,-0.0027290802029549623
2010-05-26,-0.017696105787477816
2010-05-27,0.079851278115441
2010-05-28,-0.023307172404107047
2010-06-01,-0.03167361429147756
2010-06-02,0.058683953887225374
2010-06-03,0.01114218123161319
2010-06-04,-0.08108081743749951
2010-06-07,-0.03625099484498542
2010-06-08,0.016408539562771343
2010-06-09,-0.013104738633289335
2010-06-10,0.0679859037873432
2010-06-11,0.014335599136642601
2010-06-14,-0.0021320655967704263
2010-06-15,0.05497137045853782
2010-06-16,0.006122828554467641
2010-06-17,0.005514408763402725
2010-06-18,0.002613510303025519
2010-06-21,-0.011153353976419794
2010-06-22,-0.031214306629732243
2010-06-23,-0.005869214095925358
2010-06-24,-0.03820801543978315
2010-06-25,0.004723707487989036
2010-06-28,-0.00800595841370948
2010-06-29,-0.07681045775256393
2010-06-30,-0.029666924393899716
2010-07-01,-0.007005158111599569
2010-07-02,-0.006933161683218621
2010-07-06,0.007967861768892448
2010-07-07,0.0560712283685602
2010-07-08,0.01687140928781141
2010-07-09,0.014387559506330513
2010-07-12,0.0037362967731488102
2010-07-13,0.025627999063922033
2010-07-14,0.0038431867563080103
2010-07-15,-8.751436501714435e-05
2010-07-16,-0.049590278484935316
2010-07-19,0.012379316046977886
2010-07-20,0.018057359749820145
2010-07-21,-0.022058113051747263
2010-07-22,0.04045726135216129
2010-07-23,0.016977028245273668
2010-07-26,0.017407228898406214
2010-07-27,0.0005889976461342897
2010-07-28,-0.010761185170197505
2010-07-29,-0.010370521682818545
2010-07-30,0.0017521113650311262
2010-08-02,0.04891826109969431
2010-08-03,-0.009524358520898038
2010-08-04,0.017797045172894536
2010-08-05,-0.003471407819286682
2010-08-06,-0.005289970982797854
2010-08-09,0.012779055949018583
2010-08-10,-0.015064802025004438
2010-08-11,-0.06512674047228537
2010-08-12,-0.018159833704459602
2010-08-13,-0.008986137692381742
2010-08-16,0.0009254342470777601
2010-08-17,0.029406915204266745
2010-08-18,0.006586640698794324
2010-08-19,-0.03648380616214354
2010-08-20,-0.007981220720723024
2010-08-23,-0.014535530527656755
2010-08-24,-0.03890433366633399
2010-08-25,0.013018919377797682
2010-08-26,-0.014043594599117052
2010-08-27,0.02486799815683315
2010-08-30,-0.021834762550354957
2010-08-31,-0.0007459070390572673
2010-09-01,0.04608149550158194
2010-09-02,0.01343198568888769
2010-09-03,0.023623722863663606
2010-09-07,-0.016060517486669777
2010-09-08,0.012083027935549608
2010-09-09,0.006338320271909166
2010-09-10,0.007535424399048904
2010-09-13,0.025783842921574887
2010-09-14,0.0017775407735582528
2010-09-15,0.012173922631597991
2010-09-16,0.006915611695958843
2010-09-17,0.0047847972366466835
2010-09-20,0.04365182967949762
2010-09-21,-0.0013328700265327737
2010-09-22,-0.008169728111024201
2010-09-23,-0.01472297109950953
2010-09-24,0.05393638044735709
2010-09-27,-0.010741935754411213
2010-09-28,0.008313306231914282
2010-09-29,-0.007295975621564895
2010-09-30,-0.010190034489101942
2010-10-01,0.0054300848079326825
2010-10-04,-0.02473775065053351
2010-10-05,0.058664306840732705
2010-10-06,-0.006166775954269135
2010-10-07,0.0006205695321505327
2010-10-08,0.01683967987177221
2010-10-11,0.0025550130229578167
2010-10-12,0.01026863160622178
2010-10-13,0.02152500615748961
2010-10-14,-0.0042290604334065405
2010-10-15,0.019869554657782607
2010-10-18,0.0061450748607931325
2010-10-19,-0.0349607886938146
2010-10-20,0.026714617173742187
2010-10-21,0.00795068606269524
2010-10-22,0.007587927202945724
2010-10-25,0.01110913355183956
2010-10-26,0.002075591864152561
2010-10-27,-0.0018173435171256547
2010-10-28,0.0007085955011310889
2010-10-29,0.00045468507939253294
2010-11-01,0.0011015451284583561
2010-11-02,0.022409234000899846
2010-11-03,0.011151672998334288
2010-11-04,0.0463803267751146
2010-11-05,0.005138839734464511
2010-11-08,-0.002981572636412882
2010-11-09,-0.01690748743094828
2010-11-10,0.00979610937751057
2010-11-11,-0.014062988713367083
2010-11-12,-0.0367041900576698
2010-11-15,-0.004161055155522791
2010-11-16,-0.04536747485955707
2010-11-17,0.0038815105986026812
2010-11-18,0.03742198153159012
2010-11-19,0.005083059442724652
2010-11-22,0.0056301944813358235
2010-11-23,-0.035892141381267985
2010-11-24,0.04001311435365339
2010-11-26,-0.017541632144199872
2010-11-29,-0.0038383261413318867
2010-11-30,-0.0193341667251822
2010-12-01,0.05377190909066978
2010-12-02,0.027139859339499736
2010-12-03,0.0064975771731203965
2010-12-06,-0.002704198965655744
2010-12-07,0.0003596245467607742
2010-12-08,0.007920719340338271
2010-12-09,0.002644741610000755
2010-12-10,0.014262222953039772
2010-12-13,-0.0014352226670680931
2010-12-14,0.005722979749553768
2010-12-15,-0.007932222244689053
2010-12-16,0.01335615746956123
2010-12-17,0.0026587835933817704
2010-12-20,0.0006631993989374965
2010-12-21,0.014602430702480265
2010-12-22,0.004459656099778093
2010-12-23,-0.0019879416495978412
2010-12-27,-0.0009835828903363803
2010-12-28,0.001085783876628321
2010-12-29,0.0037239117588144057
2010-12-30,-0.004595527491496863
2010-12-31,-0.0018440492927754865
2011-01-03,0.027398914898332006
2011-01-04,6.876362565727111e-05
2011-01-05,0.013932429741369705
2011-01-06,-0.0002678879614289142
2011-01-07,-0.003732285372198133
2011-01-10,0.00013846160973733212
2011-01-11,0.006591449529483132
2011-01-12,0.01953570912335858
2011-01-13,-0.0018648972885645606
2011-01-14,0.015505137658901609
2011-01-18,0.008527691659735742
2011-01-19,-0.01966230091116622
2011-01-20,-0.00834439397003948
2011-01-21,-0.0012424034056698406
2011-01-24,0.02412631404248737
2011-01-25,0.0010206315488555419
2011-01-26,0.009155713852335585
2011-01-27,0.007765453071900763
2011-01-28,-0.047835794224445456
2011-01-31,0.014849514458692061
2011-02-01,0.03988072720493108
2011-02-02,-0.0027321322808484794
2011-02-03,0.00525064837109122
2011-02-04,0.00885503280375115
2011-02-07,0.015095508044225523
2011-02-08,0.015317760898185127
2011-02-09,-0.0027307345505843588
2011-02-10,0.0009697500382909696
2011-02-11,0.01503944904351212
2011-02-14,0.0039026887915249216
2011-02-15,-0.006539108333509311
2011-02-16,0.015853808918522967
2011-02-17,0.0043867503752124445
2011-02-18,0.004392057589208708
2011-02-22,-0.05549547365645788
2011-02-23,-0.01945201551997712
2011-02-24,-0.0001709489481051549
2011-02-25,0.027112442289867637
2011-02-28,0.014666740350458708
2011-03-01,-0.04086194707468638
2011-03-02,0.0064278953135285
2011-03-03,0.045166123455329873
2011-03-04,-0.01672059200165079
2011-03-07,-0.024056537471354274
2011-03-08,0.019957154427777755
2011-03-09,-0.007003214697229705
2011-03-10,-0.04481475407648257
2011-03-11,0.014555163229280627
2011-03-14,-0.011435121162626695
2011-03-15,-0.03033445617760317
2011-03-16,-0.053317818724658614
2011-03-17,0.02829882195541939
2011-03-18,0.009121746154315283
2011-03-21,0.04087081983699191
2011-03-22,-0.004674139132187763
2011-03-23,0.011385367546944306
2011-03-24,0.029252429967826114
2011-03-25,0.008210086903890329
2011-03-28,-0.008205853342483832
2011-03-29,0.019212450676467964
2011-03-30,0.01572959930584112
2011-03-31,-0.0012819393600422577
2011-04-01,0.00748522804404932
2011-04-04,-1.7512369315045252e-05
2011-04-05,-0.0030889382891118
2011-04-06,0.007635765032588992
2011-04-07,-0.004166932682104285
2011-04-08,-0.009417865107948306
2011-04-11,-0.005179435150208016
2011-04-12,-0.020547526977278196
2011-04-13,0.007179676082091729
2011-04-14,0.0006328224410259179
2011-04-15,0.0052327657592779984
2011-04-18,-0.025517327646109568
2011-04-19,0.014190135277229933
2011-04-20,0.044774719482398126
2011-04-21,0.014699443623317448
2011-04-25,-0.0003251669148727338
2011-04-26,0.02016656547570509
2011-04-27,0.018484523226551655
2011-04-28,0.007137531936632523
2011-04-29,0.005424918717407438
2011-05-02,-0.004374245999795223
2011-05-03,-0.008223909964276509
2011-05-04,-0.013877781962303298
2011-05-05,-0.02033792387648508
2011-05-06,0.010210953869572235
2011-05-09,0.009958472380571761
2011-05-10,0.020079226176774843
2011-05-11,-0.023216298259502305
2011-05-12,0.013680849514409225
2011-05-13,-0.024164680117897838
2011-05-16,-0.023107474877643353
2011-05-17,-0.0033416312069521705
2011-05-18,0.0216602033483662
2011-05-19,0.006961429222372091
2011-05-20,-0.01902085394017499
2011-05-23,-0.03142091314585257
2011-05-24,-0.007633078146273767
2011-05-25,0.008565526064050972
2011-05-26,0.010149080923254223
2011-05-27,0.010963233445907546
2011-05-31,0.03090344896198302
2011-06-01,-0.056586683281387884
2011-06-02,-0.0022010966917965207
2011-06-03,-0.02821798776509906
2011-06-06,-0.02014528470788655
2011-06-07,-0.004271713353607675
2011-06-08,-0.011291764363334698
2011-06-09,0.01313760398080439
2011-06-10,-0.03740787647357194
2011-06-13,0.0010462051432569138
2011-06-14,0.023499906874689985
2011-06-15,-0.033895241529830665
2011-06-16,0.0018734162811065561
2011-06-17,0.0024849494658079024
2011-06-20,0.010842436447737108
2011-06-21,0.02973699714944374
2011-06-22,-0.01342099062026873
2011-06-23,0.0016319122939287669
2011-06-24,-0.025480850374039417
2011-06-27,0.02157171318282946
2011-06-28,0.02689559056118375
2011-06-29,0.013137925654271427
2011-06-30,0.02300430219919014
2011-07-01,0.029792307397470207
2011-07-05,0.002335257661725051
2011-07-06,0.008991017126753808
2011-07-07,0.028440884567458656
2011-07-08,-0.01394184759137752
2011-07-11,-0.042006147351631704
2011-07-12,-0.015307870862300699
2011-07-13,0.010104744452110018
2011-07-14,-0.020268972499827072
2011-07-15,0.019232837889368554
2011-07-18,-0.019411133630389314
2011-07-19,0.048730069856674586
2011-07-20,-0.00489986199630061
2011-07-21,0.02907887389058324
2011-07-22,0.0061186686439513565
2011-07-25,-0.013340636796396011
2011-07-26,-0.00844713929702554
2011-07-27,-0.05487931188796583
2011-07-28,-0.006043531107975804
2011-07-29,-0.015768042093148183
2011-08-01,-0.009092964736084307
2011-08-02,-0.06419097460883001
2011-08-03,0.014953680611548599
2011-08-04,-0.09918269145687485
2011-08-05,-0.00504193357178602
2011-08-08,-0.12513937356257168
2011-08-09,0.08990382796520477
2011-08-10,-0.08991185512810558
2011-08-11,0.08670556081429104
2011-08-12,0.019897132770930016
2011-08-15,0.037164418432991744
2011-08-16,-0.017147037725340014
2011-08-17,-0.00295947709599592
2011-08-18,-0.0896545052860501
2011-08-19,-0.025858369850695197
2011-08-22,0.0034476725449130133
2011-08-23,0.05086734022771746
2011-08-24,0.018155994047433663
2011-08-25,-0.02377294128300309
2011-08-26,0.02658266326793473
2011-08-29,0.03997678043648856
2011-08-30,0.005864055827619273
2011-08-31,0.006250035731425895
2011-09-01,-0.015636144859966984
2011-09-02,-0.03654775899952793
2011-09-06,-0.008341869358104813
2011-09-07,0.03922249049636103
2011-09-08,-0.012299278111516328
2011-09-09,-0.03824684647496068
2011-09-12,0.01295165440090977
2011-09-13,0.013432737648340881
2011-09-14,0.021189676830427273
2011-09-15,0.024902346847928566
2011-09-16,0.010853262524404397
2011-09-19,-0.009422393628551599
2011-09-20,-0.002691994934187803
2011-09-21,-0.037463901743901636
2011-09-22,-0.05035272089835703
2011-09-23,0.010242749968690368
2011-09-26,0.029657020529147343
2011-09-27,0.017633807060649258
2011-09-28,-0.02684554801620876
2011-09-29,0.004442670614258648
2011-09-30,-0.036725429606910984
2011-10-03,-0.039317734558147605
2011-10-04,0.0275930331230979
2011-10-05,0.029134175291490826
2011-10-06,0.02606676233485106
2011-10-07,-0.007825461272222537
2011-10-10,0.04903291676468957
2011-10-11,0.00353000736955757
2011-10-12,0.011433181900528916
2011-10-13,0.0026606325863970447
2011-10-14,0.036572784206596765
2011-10-17,-0.04042130590676788
2011-10-18,0.03329425525500347
2011-10-19,-0.028876668936059155
2011-10-20,0.002585556168073434
2011-10-21,0.03790257029336498
2011-10-24,0.032891729890678977
2011-10-25,-0.04107000117685024
2011-10-26,0.014735817355966043
2011-10-27,0.06581278513919162
2011-10-28,0.001741004848263001
2011-10-31,-0.04614252905259116
2011-11-01,-0.05646860841673858
2011-11-02,0.027141572347643656
2011-11-03,0.041078830060229735
2011-11-04,-0.011005446306813237
2011-11-07,0.014528622415690699
2011-11-08,0.024362917233205772
2011-11-09,-0.07613208321559121
2011-11-10,0.011190384289064641
2011-11-11,0.043535238891285896
2011-11-14,-0.015327508381900896
2011-11-15,0.012992913617734926
2011-11-16,-0.03470809235758826
2011-11-17,-0.03639566286081732
2011-11-18,-0.005833158545997585
2011-11-21,-0.04946153204344597
2011-11-22,-0.004652809682317043
2011-11-23,-0.04719377364092644
2011-11-25,-0.008415694485575931
2011-11-28,0.0639383371540281
2011-11-29,-0.0007052230301708494
2011-11-30,0.08527155543720139
2011-12-01,0.005188615466634231
2011-12-02,-0.002231351225038934
2011-12-05,0.02279480301781875
2011-12-06,0.0015637152504458908
2011-12-07,0.007074426946230682
2011-12-08,-0.05149175691848992
2011-12-09,0.045066391247704764
2011-12-12,-0.03599585513695462
2011-12-13,-0.02575786114690661
2011-12-14,-0.0351387457209853
2011-12-15,0.0053621794216490905
2011-12-16,0.0028541728915006527
2011-12-19,-0.021283346851381956
2011-12-20,0.06784949742494413
2011-12-21,-0.007412805602430905
2011-12-22,0.017656357181178344
2011-12-23,0.02100295184599145
2011-12-27,0.002231894811680033
2011-12-28,-0.026701477484841807
2011-12-29,0.021151828871740472
2011-12-30,-0.011805164135041176
2012-01-03,0.04585807455303248
2012-01-04,0.006224816193651521
2012-01-05,0.010713864264562473
2012-01-06,-0.0031342254435599523
2012-01-09,0.0013000193952661058
2012-01-10,0.020884326132257748
2012-01-11,0.002682662904110586
2012-01-12,0.006820193545661837
2012-01-13,-0.010831082129774652
2012-01-17,0.014383404635308482
2012-01-18,0.031099160711853244
2012-01-19,0.015497372786911911
2012-01-20,0.006112900829101173
2012-01-23,-0.00031289898787448397
2012-01-24,-0.004445257638010283
2012-01-25,0.025637695640847825
2012-01-26,-0.010061627057467172
2012-01-27,-0.0015840968351787596
2012-01-30,-0.004199994336328033
2012-01-31,-0.001117514806784683
2012-02-01,0.023352306718169655
2012-02-02,0.00469823699968954
2012-02-03,0.03747590010636794
2012-02-06,-0.002645658888924966
2012-02-07,0.006913754243418285
2012-02-08,0.00844967268465317
2012-02-09,0.009095022567048226
2012-02-10,-0.020558204566102523
2012-02-13,0.020473419328835896
2012-02-14,0.0023356539487288637
2012-02-15,-0.017376006948749682
2012-02-16,0.03314280300087564
2012-02-17,0.0024187348893218883
2012-02-21,0.003912982701570623
2012-02-22,-0.009308574089723165
2012-02-23,0.014277764909263663
2012-02-24,0.005009006798048278
2012-02-27,0.003148125721349663
2012-02-28,0.01379094358344145
2012-02-29,-0.01364621066574989
2012-03-01,0.016221750018045867
2012-03-02,-0.004099082341064132
2012-03-05,-0.015541021239318047
2012-03-06,-0.03909558073912595
2012-03-07,0.021160123254433495
2012-03-08,0.02491454901803298
2012-03-09,0.009742121523797933
2012-03-12,0.0017105818295050424
2012-03-13,0.05225164209697365
2012-03-14,0.003409949305216731
2012-03-15,0.011177387370345406
2012-03-16,0.0006561844965017439
2012-03-19,0.010402541947113217
2012-03-20,-0.006331013596252047
2012-03-21,-0.004039047448066713
2012-03-22,-0.014990755926346043
2012-03-23,0.005681732207080183
2012-03-26,0.040797532325291076
2012-03-27,-0.004377951362069157
2012-03-28,-0.013664029673198338
2012-03-29,-0.0033536632187268984
2012-03-30,0.004682893606019216
2012-04-02,0.021013744825386253
2012-04-03,-0.006993975872660874
2012-04-04,-0.031772051519239945
2012-04-05,0.004001160111543804
2012-04-09,-0.02678526908324653
2012-04-10,-0.04791970323801875
2012-04-11,0.018096141819350514
2012-04-12,0.03798363757278189
2012-04-13,-0.035620677927576255
2012-04-16,-0.0071294854351368975
2012-04-17,0.04663209988388694
2012-04-18,-0.010847592723660305
2012-04-19,-0.020887352883181654
2012-04-20,0.0018814792053492195
2012-04-23,-0.023488873209708383
2012-04-24,0.0032547378269871083
2012-04-25,0.04575343038130723
2012-04-26,0.02035167315268878
2012-04-27,0.008736857209278389
2012-04-30,-0.012137891351315854
2012-05-01,0.012687770937577829
2012-05-02,-0.0009583181336966618
2012-05-03,-0.022220417040288133
2012-05-04,-0.051640503486185554
2012-05-07,-0.0003416057709954019
2012-05-08,-0.01301628790511929
2012-05-09,-0.012941823790020625
2012-05-10,-0.0005470679610805715
2012-05-11,-0.004998218772801601
2012-05-14,-0.02837792643310929
2012-05-15,-0.013031446964027624
2012-05-16,-0.011812438844043451
2012-05-17,-0.04730880652787946
2012-05-18,-0.01945332002140738
2012-05-21,0.03826246478318809
2012-05-22,0.000276146768694115
2012-05-23,0.001391048997650004
2012-05-24,-0.0006422574454951686
2012-05-25,-0.0077303547024209895
2012-05-29,0.023476830625291534
2012-05-30,-0.023910559162539327
2012-05-31,-0.005935503486822748
2012-06-01,-0.0494218706627388
2012-06-04,0.002613997635253414
2012-06-05,0.010051054377669972
2012-06-06,0.04541382647536391
2012-06-07,0.00031678811783472714
2012-06-08,0.01653491026994493
2012-06-11,-0.027239293969916582
2012-06-12,0.023434443469034182
2012-06-13,-0.012898127655568106
2012-06-14,0.0179068850328388
2012-06-15,0.020080241911728754
2012-06-18,0.007021816442677504
2012-06-19,0.018817548782677503
2012-06-20,-0.0010512263377610073
2012-06-21,-0.045297299654434076
2012-06-22,0.015710320756700535
2012-06-25,-0.031887351942173583
2012-06-26,0.009663140911610735
2012-06-27,0.014955392847656856
2012-06-28,-0.011098038344793474
2012-06-29,0.05289853506230524
2012-07-02,0.002680531355819229
2012-07-03,0.014277999833308247
2012-07-05,-0.006066086011818118
2012-07-06,-0.027492814565542204
2012-07-09,-0.005185492453178562
2012-07-10,-0.02254323099525284
2012-07-11,-0.007319045387624861
2012-07-12,-0.013826477200743814
2012-07-13,0.04078477215518757
2012-07-16,-0.007710697155157138
2012-07-17,0.0157902702303318
2012-07-18,0.02577282944750845
2012-07-19,0.014293699685644997
2012-07-20,-0.027404562347777356
2012-07-23,-0.02664104822897384
2012-07-24,-0.02148218600359779
2012-07-25,-0.0017985289522536776
2012-07-26,0.04078313924276404
2012-07-27,0.05159758230247853
2012-07-30,-0.002800181220744832
2012-07-31,-0.010374659076128636
2012-08-01,-0.006113263812773356
2012-08-02,-0.016185039910137165
2012-08-03,0.04902026471209506
2012-08-06,0.009701152999514179
2012-08-07,0.01436632696287534
2012-08-08,0.0018303209868708323
2012-08-09,0.0030416911550908586
2012-08-10,0.005435637432830302
2012-08-13,-0.0011258435299901243
2012-08-14,0.000741276321942711
2012-08-15,0.00358881457592072
2012-08-16,0.02286523246043313
2012-08-17,0.006880768740813123
2012-08-20,0.000435626472424117
2012-08-21,-0.010440878265126304
2012-08-22,0.0011517792725024376
2012-08-23,-0.021224390480304632
2012-08-24,0.01721541781253306
2012-08-27,-0.00039129089442910443
2012-08-28,-0.0023047518651764356
2012-08-29,0.0011838924135614578
2012-08-30,-0.022966485967230277
2012-08-31,0.01624706047737442
2012-09-04,-0.006274321436791797
2012-09-05,-0.0005960979884344836
2012-09-06,0.05430017794060181
2012-09-07,0.0033635183816463346
2012-09-10,-0.018891139337252626
2012-09-11,0.005421104025971218
2012-09-12,0.006131749652107119
2012-09-13,0.040115670137154294
2012-09-14,0.015020274152010977
2012-09-17,-0.005263662140570772
2012-09-18,0.0006620119476674868
2012-09-19,0.0034426897660762624
2012-09-20,0.0003715243354385153
2012-09-21,-0.0019838174573764706
2012-09-24,-0.007690644087683577
2012-09-25,-0.02715466087900028
2012-09-26,-0.01578071569215794
2012-09-27,0.025095831675277833
2012-09-28,-0.014774266050859729
2012-10-01,0.005366615855288963
2012-10-02,0.0015959965076583716
2012-10-03,0.009830917024830845
2012-10-04,0.01589239116492246
2012-10-05,-0.0025121557059812503
2012-10-08,-0.012217599280742682
2012-10-09,-0.030496385642876885
2012-10-10,-0.018591741180024157
2012-10-11,-0.003288652095746446
2012-10-12,-0.003107688346698068
2012-10-15,0.019416262321441984
2012-10-16,0.029881224917033943
2012-10-17,0.0038056439380282333
2012-10-18,-0.011709693429013936
2012-10-19,-0.04953053462934997
2012-10-22,0.004250571565870659
2012-10-23,-0.03792352970308066
2012-10-24,-0.006729719857824179
2012-10-25,0.004190620117308185
2012-10-26,0.0024878404138753956
2012-10-31,-0.008214383994164003
2012-11-01,0.03267915492898813
2012-11-02,-0.027442332793248356
2012-11-05,0.0096377055013142
2012-11-06,0.0175754187581657
2012-11-07,-0.06088637022483099
2012-11-08,-0.03242228398733526
2012-11-09,0.0032431996954000964
2012-11-12,0.0014885074075247412
2012-11-13,-0.01034206697864603
2012-11-14,-0.027399364128042076
2012-11-15,-0.006070663478779428
2012-11-16,0.008301560985857073
2012-11-19,0.044272619200395706
2012-11-20,0.0007864841642749239
2012-11-21,0.005470957223418095
2012-11-23,0.029635319122912857
2012-11-26,0.0003561417622573856
2012-11-27,-0.01130575888300966
2012-11-28,0.013175275237459622
2012-11-29,0.014775491198516259
2012-11-30,-0.0019623337145684714
2012-12-03,-0.007211374726249443
2012-12-04,-0.0034345071521423545
2012-12-05,-0.001961606014678052
2012-12-06,0.009947660869628375
2012-12-07,0.0022827765433945353
2012-12-10,0.003926056225915783
2012-12-11,0.01773189452814258
2012-12-12,-0.0006797964526366791
2012-12-13,-0.013653266359451691
2012-12-14,-0.015578900983828916
2012-12-17,0.03106038583512763
2012-12-18,0.03239389194488158
2012-12-19,-0.01843571413565151
2012-12-20,0.009910071904600175
2012-12-21,-0.02536119008798255
2012-12-24,-0.01072370947631481
2012-12-26,-0.012681153361444653
2012-12-27,-0.004299889863686568
2012-12-28,-0.03203290168271511
2012-12-31,0.04881187916565891
2013-01-02,0.07371452657160316
2013-01-03,-0.006330015078442219
2013-01-04,0.004763689210850933
2013-01-07,-0.00674963987883949
2013-01-08,-0.007343397709149821
2013-01-09,0.009594018905818538
2013-01-10,0.019110020220400776
2013-01-11,0.0021301727755932824
2013-01-14,-0.002983035730429486
2013-01-15,-0.0022561302609820154
2013-01-16,0.001525571595008232
2013-01-17,0.017563251876416122
2013-01-18,0.0036943713793240146
2013-01-22,0.011472217978044392
2013-01-23,0.011519085521006734
2013-01-24,-0.007274824436964172
2013-01-25,0.014561824395738485
2013-01-28,3.6151548335503956e-05
2013-01-29,0.009810284429669044
2013-01-30,-0.00909373679220233
2013-01-31,-0.007222343711524427
2013-02-01,0.0291729391667485
2013-02-04,-0.03406980533028541
2013-02-05,0.028472029897386213
2013-02-06,-0.000180688557164326
2013-02-07,-0.003445058472698519
2013-02-08,0.016890091673924384
2013-02-11,-0.0009878955142144828
2013-02-12,0.0018143212262159186
2013-02-13,0.0025612010115047094
2013-02-14,4.700087310858256e-06
2013-02-15,-0.0035417504074342298
2013-02-19,0.016722955741240608
2013-02-20,-0.031835136296535095
2013-02-21,-0.018178532996919575
2013-02-22,0.02684644646455358
2013-02-25,-0.046853538344729065
2013-02-26,0.020721093518046935
2013-02-27,0.03375531924337244
2013-02-28,-0.006617631533716854
2013-03-01,0.011429633919805636
2013-03-04,0.010950025149549313
2013-03-05,0.02997868969633989
2013-03-06,0.003396918023270582
2013-03-07,0.006754789560478476
2013-03-08,0.009092977951259452
2013-03-11,0.010722699394609715
2013-03-12,-0.005084627166078747
2013-03-13,0.0007060952759142732
2013-03-14,0.014267962366544956
2013-03-15,-0.00612778084315294
2013-03-18,-0.012074364484868852
2013-03-19,-0.0028069831779336243
2013-03-20,0.016081002306010977
2013-03-21,-0.024566182165130426
2013-03-22,0.023000308081322314
2013-03-25,-0.011257168903266553
2013-03-26,0.01969511987162524
2013-03-27,-0.0004401711604126667
2013-03-28,0.006179578162571234
2013-04-01,-0.00827412574679685
2013-04-02,0.018112432427704713
2013-04-03,-0.026426054426077816
2013-04-04,0.008205261765656117
2013-04-05,-0.01529596215664473
2013-04-08,0.015604338604038988
2013-04-09,0.01327257198110783
2013-04-10,0.04096101256049471
2013-04-11,0.007497865184460254
2013-04-12,-0.0029410173796120555
2013-04-15,-0.061046946810608
2013-04-16,0.0389534136370262
2013-04-17,-0.04418021618066273
2013-04-18,-0.02425345222285619
2013-04-19,0.021002091903220152
2013-04-22,0.016411106951700467
2013-04-23,0.029970515990767166
2013-04-24,-0.0014729687513698052
2013-04-25,0.011049811387049698
2013-04-26,-0.0035943738241627347
2013-04-29,0.021574469097853356
2013-04-30,0.010901455394448062
2013-05-01,-0.021811715772314073
2013-05-02,0.029021213741997447
2013-05-03,0.028719884949494446
2013-05-06,0.01010018415214077
2013-05-07,0.009172129218795275
2013-05-08,0.01471214986662215
2013-05-09,-0.004887261636108645
2013-05-10,0.01097415364559624
2013-05-13,0.0005637380384640074
2013-05-14,0.02349848419910737
2013-05-15,0.0118780575129137
2013-05-16,-0.008015967991682438
2013-05-17,0.026134446171586473
2013-05-20,-0.002257700739708742
2013-05-21,0.00580332259443995
2013-05-22,-0.01978943747628357
2013-05-23,-0.007033681633147984
2013-05-24,-0.000977707523099717
2013-05-28,0.019698087862549972
2013-05-29,-0.01793051871873593
2013-05-30,0.010523480073908704
2013-05-31,-0.0379751882721304
2013-06-03,0.01602406985651115
2013-06-04,-0.013027091123002692
2013-06-05,-0.043057628665762224
2013-06-06,0.018910711269317627
2013-06-07,0.03993472016238808
2013-06-10,0.0003929080138092017
2013-06-11,-0.02732045155654264
2013-06-12,-0.027725364638265353
2013-06-13,0.038665257527853825
2013-06-14,-0.01902191698972627
2013-06-17,0.02449126310539705
2013-06-18,0.024000408548044867
2013-06-19,-0.03607304156097169
2013-06-20,-0.07263573611900548
2013-06-21,0.0004636227801658732
2013-06-24,-0.0327749502469185
2013-06-25,0.02398801314483428
2013-06-26,0.028077369876708908
2013-06-27,0.016643747857094826
2013-06-28,-0.014034997699704751
2013-07-01,0.021187119477087357
2013-07-02,-0.004540312878244301
2013-07-03,0.009521715236292428
2013-07-05,0.027372696780217226
2013-07-08,0.013295638774027127
2013-07-09,0.018659212916380445
2013-07-10,0.005721588020695136
2013-07-11,0.04532454351001336
2013-07-12,0.002687988140818634
2013-07-15,0.009785352717474091
2013-07-16,-0.007713165012991272
2013-07-17,0.00575472027214787
2013-07-18,0.008761229014367678
2013-07-19,-0.008444807685759078
2013-07-22,0.004410952753405016
2013-07-23,-0.007828965701033478
2013-07-24,-0.002853288961171799
2013-07-25,0.008490516178458725
2013-07-26,0.006706830626739484
2013-07-29,-0.006033940271869853
2013-07-30,0.0047707541438311695
2013-07-31,0.0019878799132104358
2013-08-01,0.02847413154222621
2013-08-02,0.009507946758199345
2013-08-05,-0.002637035933297308
2013-08-06,-0.017539699787852258
2013-08-07,-0.007636477032718882
2013-08-08,0.008969156225175284
2013-08-09,-0.009704523439917671
2013-08-12,-3.009679524283422e-05
2013-08-13,0.011503671728174035
2013-08-14,-0.01602999690570443
2013-08-15,-0.04526968775861862
2013-08-16,-0.005428335350916689
2013-08-19,-0.013535789330572316
2013-08-20,0.009967075427554418
2013-08-21,-0.013532923622792962
2013-08-22,0.018688809974588314
2013-08-23,0.011305266452253868
2013-08-26,-0.006163197321506638
2013-08-27,-0.04068817812321571
2013-08-28,0.009513800397148912
2013-08-29,0.008163179595894448
2013-08-30,-0.010436142453240125
2013-09-03,0.009777872758315856
2013-09-04,0.022151331971017988
2013-09-05,0.0019277557425262366
2013-09-06,0.00118661899142374
2013-09-09,0.02591374029481068
2013-09-10,0.017266332015466866
2013-09-11,0.008683186946936462
2013-09-12,-0.004602519266405276
2013-09-13,0.006574822283716182
2013-09-16,0.009074035262166786
2013-09-17,0.011010606743686454
2013-09-18,0.0282141791977606
2013-09-19,-0.001756030668969734
2013-09-20,-0.017957062534422818
2013-09-23,-0.008831330498935752
2013-09-24,-0.005424348966790802
2013-09-25,-0.00848365147241615
2013-09-26,0.01204311670833522
2013-09-27,-0.008702996415378066
2013-09-30,-0.01273788358806384
2013-10-01,0.018109464427468035
2013-10-02,-0.004929346350276037
2013-10-03,-0.024731439682474925
2013-10-04,0.017926170837437465
2013-10-07,-0.021455208698961947
2013-10-08,-0.034825451141485206
2013-10-09,-0.0010450304045459876
2013-10-10,0.05318323458335183
2013-10-11,0.018444614329512044
2013-10-14,0.01260123897366197
2013-10-15,-0.016340561282301626
2013-10-16,0.032678411206864044
2013-10-17,0.010423368303798369
2013-10-18,0.021324803786560462
2013-10-21,0.0018502226407917744
2013-10-22,0.009420358245425283
2013-10-23,-0.011141717893653891
2013-10-24,0.011231323454593668
2013-10-25,0.012823133731509853
2013-10-28,0.002151404763818053
2013-10-29,0.011558426518599937
2013-10-30,-0.008470724772294352
2013-10-31,-0.007922350345589711
2013-11-01,0.005198338262213123
2013-11-04,0.005678485272185225
2013-11-05,-0.0025179905927787726
2013-11-06,0.010604670907275534
2013-11-07,-0.03431510894040858
2013-11-08,0.031279177927386034
2013-11-11,-0.0007809317122101489
2013-11-12,-0.0013509397560639133
2013-11-13,0.0209544338161544
2013-11-14,0.010260988600987377
2013-11-15,0.010002772711339085
2013-11-18,-0.010455264571961383
2013-11-19,-0.005382680475519803
2013-11-20,-0.007633504856224663
2013-11-21,0.020881686050950563
2013-11-22,0.011604211481057877
2013-11-25,0.0026723022514745414
2013-11-26,0.004203941649032846
2013-11-27,0.009900874655237266
2013-11-29,0.003439395001187239
2013-12-02,-0.007637920784176312
2013-12-03,-0.008692863871010075
2013-12-04,-0.0010876033387331979
2013-12-05,-0.007674371813536347
2013-12-06,0.02545973040268102
2013-12-09,0.006495055174241693
2013-12-10,-0.005917569046507485
2013-12-11,-0.028314213914887906
2013-12-12,-0.009421255086858125
2013-12-13,-0.001092234326391903
2013-12-16,0.016605251885510056
2013-12-17,-0.004904155924266247
2013-12-18,0.03836636194708308
2013-12-19,-0.0010223135945070087
2013-12-20,0.01655764598130164
2013-12-23,0.016969411115303912
2013-12-24,0.005440513570850876
2013-12-26,0.013220822038684871
2013-12-27,-0.002360957174279956
2013-12-30,-0.0011151486143763166
2013-12-31,0.01378873292115402
2014-01-02,-0.021308388887929318
2014-01-03,-0.0061492654904930395
2014-01-06,-0.00803471953110047
2014-01-07,0.01827792560107411
2014-01-08,-0.0005540166277060213
2014-01-09,-0.0033971814654030165
2014-01-10,0.0048942625139278256
2014-01-13,-0.0337012383991694
2014-01-14,0.03200083519976913
2014-01-15,0.017466689298278805
2014-01-16,-0.0035196160687409883
2014-01-17,-0.007737683064134531
2014-01-21,0.007825821330711875
2014-01-22,0.0018308099754255076
2014-01-23,-0.018907612570453355
2014-01-24,-0.05241549460807404
2014-01-27,-0.015361925341959836
2014-01-28,0.008951696543989966
2014-01-29,-0.027006791361336647
2014-01-30,0.03047726930963183
2014-01-31,-0.014404027942914423
2014-02-03,-0.05593946691278201
2014-02-04,0.015239454139121481
2014-02-05,-0.004169643902722933
2014-02-06,0.032910480709380144
2014-02-07,0.03561319359400723
2014-02-10,0.007364046565142832
2014-02-11,0.02953402447282274
2014-02-12,0.002392261306621408
2014-02-13,0.015251354314992506
2014-02-14,0.011295563306846872
2014-02-18,0.00515140859780789
2014-02-19,-0.019056925667898808
2014-02-20,0.015698622963016187
2014-02-21,-0.003352732322793798
2014-02-24,0.015546754298853436
2014-02-25,-0.0018439082490646738
2014-02-26,0.0005997145045100994
2014-02-27,0.01667807294854075
2014-02-28,0.004576564677382478
2014-03-03,-0.02482153252668498
2014-03-04,0.04199951800547995
2014-03-05,0.00018036424306661688
2014-03-06,0.006356592322524866
2014-03-07,-0.002976954735802442
2014-03-10,-0.001546641532186845
2014-03-11,-0.013197894190679772
2014-03-12,0.00301489092404981
2014-03-13,-0.03848683968709694
2014-03-14,-0.012645660411488254
2014-03-17,0.028365689753241104
2014-03-18,0.024645589198703757
2014-03-19,-0.01746844240495035
2014-03-20,0.015248306808263619
2014-03-21,-0.018606517067752876
2014-03-24,-0.013328847061044077
2014-03-25,0.014324758083286763
2014-03-26,-0.026449968194676043
2014-03-27,-0.00732251846620603
2014-03-28,0.00965774426519496
2014-03-31,0.023983501643841783
2014-04-01,0.027697982709581043
2014-04-02,0.008569693047991607
2014-04-03,-0.009597177636398042
2014-04-04,-0.044954205434053415
2014-04-07,-0.0323311995995868
2014-04-08,0.013933401826643469
2014-04-09,0.03849946653646725
2014-04-10,-0.0673410670047033
2014-04-11,-0.024499474473424248
2014-04-14,0.020296623322484667
2014-04-15,0.012854934155718499
2014-04-16,0.027867717263989726
2014-04-17,0.0006709370606856518
2014-04-21,0.011050942113811538
2014-04-22,0.013849737690770646
2014-04-23,-0.009729027179138046
2014-04-24,0.00986733627644769
2014-04-25,-0.027439357915392405
2014-04-28,0.009899114082199706
2014-04-29,0.014059384790720934
2014-04-30,0.007501337282202881
2014-05-01,0.0012811452931840795
2014-05-02,-0.00462966772934473
2014-05-05,0.006335133644414391
2014-05-06,-0.024379517687444414
2014-05-07,0.009028486430366014
2014-05-08,-0.0002597798990953068
2014-05-09,0.006187114004335602
2014-05-12,0.027151077432376727
2014-05-13,0.002467150445487551
2014-05-14,-0.012617459424031977
2014-05-15,-0.022293542500079297
2014-05-16,0.010917705551570546
2014-05-19,0.00961320953334348
2014-05-20,-0.015536078815605836
2014-05-21,0.023239914131188977
2014-05-22,0.006686894411788524
2014-05-23,0.013127530340377783
2014-05-27,0.019275645594025323
2014-05-28,-0.005399258622192473
2014-05-29,0.013722321028617727
2014-05-30,0.001466854064304396
2014-06-02,0.0018569014865518524
2014-06-03,-0.0016784319673489277
2014-06-04,0.0050648225009498156
2014-06-05,0.01833281328684268
2014-06-06,0.013114858821016963
2014-06-09,0.001352375777015808
2014-06-10,0.002055855222973329
2014-06-11,-0.007954499538080903
2014-06-12,-0.01931717612248148
2014-06-13,0.006644131028225602
2014-06-16,0.0020273611904988702
2014-06-17,0.004194057720449002
2014-06-18,0.015918091827082845
2014-06-19,0.0005711804760726186
2014-06-20,0.004504545714372005
2014-06-23,-0.0008126448511426303
2014-06-24,-0.011287286314968406
2014-06-25,0.011466118265340546
2014-06-26,-0.0008692919934192003
2014-06-27,0.0047453724576395195
2014-06-30,0.000667574181731778
2014-07-01,0.022201987710498132
2014-07-02,0.0027841699077877256
2014-07-03,0.014054048995769203
2014-07-07,-0.0075691820714072836
2014-07-08,-0.021086253727054093
2014-07-09,0.01382039511759852
2014-07-10,-0.009238276207157942
2014-07-11,0.00794438846253729
2014-07-14,0.015145050437995522
2014-07-15,-0.00448192482386228
2014-07-16,0.01000318588207507
2014-07-17,-0.028915110060937957
2014-07-18,0.028294805645755587
2014-07-21,-0.004504067857301992
2014-07-22,0.012526158003864923
2014-07-23,0.006828716009683288
2014-07-24,-0.0016516422374740552
2014-07-25,-0.013243536759087184
2014-07-28,0.001269609404353248
2014-07-29,-0.007752486414524452
2014-07-30,0.002355113379193272
2014-07-31,-0.05044920596936505
2014-08-01,-0.009500894167031988
2014-08-04,0.015725529236995568
2014-08-05,-0.02219642044250008
2014-08-06,0.0012095090254317143
2014-08-07,-0.011141534628809274
2014-08-08,0.02462857861168691
2014-08-11,0.008938397536649503
2014-08-12,-0.0014141922955892457
2014-08-13,0.020364722615596433
2014-08-14,0.011345147182101646
2014-08-15,0.002686329501295171
2014-08-18,0.02202585568325405
2014-08-19,0.013440724716814527
2014-08-20,0.006996612547098499
2014-08-21,0.008582951307052535
2014-08-22,-0.0024280569939604093
2014-08-25,0.013230771113404628
2014-08-26,0.003728907021828395
2014-08-27,0.00044348303611471955
2014-08-28,-0.0033833090004663753
2014-08-29,0.007213178819908373
2014-09-02,8.9185286769153e-05
2014-09-03,-0.005388406602365447
2014-09-04,-0.0034271976199259755
2014-09-05,0.01364599331225295
2014-09-08,-0.0019269208403293197
2014-09-09,-0.019888204399542583
2014-09-10,0.014390029934166729
2014-09-11,-0.00015897330845905677
2014-09-12,-0.014519376840896986
2014-09-15,-0.008607058789952448
2014-09-16,0.022537057772977483
2014-09-17,0.004288797175426926
2014-09-18,0.018470526272482204
2014-09-19,-0.0001747550833022006
2014-09-22,-0.023085415225243724
2014-09-23,-0.015309305630599174
2014-09-24,0.027899731486483198
2014-09-25,-0.05283913952576708
2014-09-26,0.027707908880411004
2014-09-29,-0.005456271657014411
2014-09-30,-0.002881749472472559
2014-10-01,-0.043563374244775716
2014-10-02,-0.000775253563186923
2014-10-03,0.03343579236472832
2014-10-06,-0.0038522138300264765
2014-10-07,-0.0454793783448175
2014-10-08,0.05281010475712416
2014-10-09,-0.055860478634920635
2014-10-10,-0.04295291452008811
2014-10-13,-0.03563830454642494
2014-10-14,0.0018631525410346013
2014-10-15,-0.020450057403074155
2014-10-16,-0.005808391838189649
2014-10-17,0.032457627078479497
2014-10-20,0.01941566791910166
2014-10-21,0.04561856043550574
2014-10-22,-0.01604146621266022
2014-10-23,0.030926898457017217
2014-10-24,0.017623542498021495
2014-10-27,0.00123111228625712
2014-10-28,0.029218460336860333
2014-10-29,-0.005521882281231724
2014-10-30,0.016801127566440945
2014-10-31,0.02818440615984539
2014-11-03,0.003120304176874174
2014-11-04,-0.005909912517137197
2014-11-05,0.01197733653204192
2014-11-06,0.011341902120382202
2014-11-07,0.001607662345230089
2014-11-10,0.009127998857308414
2014-11-11,0.0039009497755275384
2014-11-12,0.0013737159154750766
2014-11-13,0.007115409456091968
2014-11-14,0.0028061242341813173
2014-11-17,-0.0016757364664899265
2014-11-18,0.01601058571202615
2014-11-19,-0.006416090161391616
2014-11-20,0.008235875984640295
2014-11-21,0.013202491848589168
2014-11-24,0.010608447302567083
2014-11-25,0.0009242053726494636
2014-11-26,0.00971099066213573
2014-11-28,0.003612042377133257
2014-12-01,-0.022689882513933907
2014-12-02,0.015156305301872624
2014-12-03,0.00879974617926783
2014-12-04,-0.002717983033500421
2014-12-05,0.005467254180790025
2014-12-08,-0.019098775026901844
2014-12-09,-0.0009335724353992615
2014-12-10,-0.04712043219937006
2014-12-11,0.014446239067395557
2014-12-12,-0.044412272784860554
2014-12-15,-0.024117667843110313
2014-12-16,-0.030373552527820064
2014-12-17,0.053764167462835535
2014-12-18,0.07334912668462198
2014-12-19,0.009525985308220832
2014-12-22,0.01660544685811735
2014-12-23,0.002734690362433216
2014-12-24,0.00030976078523843587
2014-12-26,0.010624703466410144
2014-12-29,0.000609521485918596
2014-12-30,-0.015297887830979465
2014-12-31,-0.029030804757662503
2015-01-02,-0.0033150184134011673
2015-01-05,-0.05030275687836562
2015-01-06,-0.031055020541049472
2015-01-07,0.03811099558481385
2015-01-08,0.054856463379461484
2015-01-09,-0.02412664053198415
2015-01-12,-0.02375158127068047
2015-01-13,-0.0046942635295581635
2015-01-14,-0.022204072745804524
2015-01-15,-0.027447044067646614
2015-01-16,0.03397378805265011
2015-01-20,0.011076941436799034
2015-01-21,0.012876448859254392
2015-01-22,0.04738498696418218
2015-01-23,-0.011623001592229464
2015-01-26,0.002712190401846034
2015-01-27,-0.0560799016617128
2015-01-28,-0.030091059715044003
2015-01-29,0.03210092664468755
2015-01-30,-0.03377356053549578
2015-02-02,0.03099808658760337
2015-02-03,0.04070103036227912
2015-02-04,-0.0036677977710639752
2015-02-05,0.03073813732536439
2015-02-06,-0.011635937023159187
2015-02-09,-0.013528531893651441
2015-02-10,0.03422130972089466
2015-02-11,0.005383704449411832
2015-02-12,0.027336376945838528
2015-02-13,0.015809831944483235
2015-02-17,0.0035742825315413463
2015-02-18,0.0010307936774444427
2015-02-19,0.002313627378227739
2015-02-20,0.020818355478201975
2015-02-23,8.596129700661121e-05
2015-02-24,0.008224444435227529
2015-02-25,-0.0029706429027133753
2015-02-26,0.004074586400847165
2015-02-27,-0.012602714561580094
2015-03-02,0.023906327631678347
2015-03-03,-0.01338238420660227
2015-03-04,-0.014868551709634619
2015-03-05,0.0054965716490631145
2015-03-06,-0.040371986302655066
2015-03-09,0.014863640487552024
2015-03-10,-0.05196992063467777
2015-03-11,-0.010731449884701568
2015-03-12,0.03370806344483308
2015-03-13,-0.01817511477015917
2015-03-16,0.03858074993491445
2015-03-17,-0.008719751863788
2015-03-18,0.03450079294084041
2015-03-19,-0.008960021778573074
2015-03-20,0.024630716168939734
2015-03-23,-0.005237794864121398
2015-03-24,-0.014714467122236188
2015-03-25,-0.05422056085933437
2015-03-26,-0.007512455913326043
2015-03-27,0.006825147140442205
2015-03-30,0.03904571594348678
2015-03-31,-0.02954561409456994
2015-04-01,-0.013523951994950118
2015-04-02,0.006950555373405861
2015-04-06,0.02158712807131897
2015-04-07,-0.0048687239862059166
2015-04-08,0.013324292116876699
2015-04-09,0.014153344526677257
2015-04-10,0.014328956181794444
2015-04-13,-0.01102263996433107
2015-04-14,0.001999480603837864
2015-04-15,0.01427684268818563
2015-04-16,-0.0014092089996406824
2015-04-17,-0.04279608527644712
2015-04-20,0.03554904496622007
2015-04-21,-0.0009485181055145179
2015-04-22,0.015188505707586075
2015-04-23,0.007757837362042556
2015-04-24,0.017359456134639146
2015-04-27,-0.008687966586444225
2015-04-28,0.004111952698006076
2015-04-29,-0.01491681365893158
2015-04-30,-0.03709761115109697
2015-05-01,0.03459978260846307
2015-05-04,0.007493925682218527
2015-05-05,-0.03680820241590153
2015-05-06,-0.013559896680428403
2015-05-07,0.013944488192222567
2015-05-08,0.03997291823106163
2015-05-11,-0.012703897922890534
2015-05-12,-0.009715615867996947
2015-05-13,0.0021420493286058813
2015-05-14,0.035449255209262176
2015-05-15,0.0026195763786826254
2015-05-18,0.008513130751425976
2015-05-19,-0.0005612712445122439
2015-05-20,-0.0008719326014253084
2015-05-21,0.008672286310015534
2015-05-22,-0.00608921679670881
2015-05-26,-0.03231047260562022
2015-05-27,0.031577218613995366
2015-05-28,-0.0044255622098058
2015-05-29,-0.018407588322389135
2015-06-01,0.006334474617352087
2015-06-02,-0.005781032089410597
2015-06-03,0.010008882756530151
2015-06-04,-0.02462998971141779
2015-06-05,-0.00828490576862325
2015-06-08,-0.021320325596563668
2015-06-09,-0.002112779079140278
2015-06-10,0.032630582261084395
2015-06-11,0.006184982532226574
2015-06-12,-0.020042188438925523
2015-06-15,-0.01300030318711033
2015-06-16,0.014309075921180598
2015-06-17,0.005039099634694169
2015-06-18,0.028644737793224226
2015-06-19,-0.013709796382896235
2015-06-22,0.017581977545944205
2015-06-23,0.0022542477024911243
2015-06-24,-0.01844508230169738
2015-06-25,-0.007930022869488228
2015-06-26,-0.0029826836469388695
2015-06-29,-0.053351069778616735
2015-06-30,0.005717477616186935
2015-07-01,0.01905127756095998
2015-07-02,-0.0017140105948500921
2015-07-06,-0.0062351296078930595
2015-07-07,0.011029623335756251
2015-07-08,-0.04023661064315927
2015-07-09,0.002477602756172553
2015-07-10,0.03286490242181368
2015-07-13,0.03360341727843018
2015-07-14,0.012675564523925573
2015-07-15,0.0009613628761040989
2015-07-16,0.02039740221756832
2015-07-17,0.01313439560846118
2015-07-20,0.004213151164612529
2015-07-21,-0.012108697669629333
2015-07-22,-0.014309518326741684
2015-07-23,-0.013133332780562867
2015-07-24,-0.024249611411794846
2015-07-27,-0.018546678716802937
2015-07-28,0.02598644043160211
2015-07-29,0.014444555502422015
2015-07-30,0.004092341378972817
2015-07-31,-0.004605903231484902
2015-08-03,-0.009863138985898237
2015-08-04,-0.005948792621905794
2015-08-05,0.009992677843966749
2015-08-06,-0.025587248822593757
2015-08-07,-0.005013917249472648
2015-08-10,0.030889191927924504
2015-08-11,-0.02778318164773434
2015-08-12,0.0036673981158692887
2015-08-13,-0.001743963970453488
2015-08-14,0.007273954212486262
2015-08-17,0.015033229206096
2015-08-18,-0.008558271290403768
2015-08-19,-0.018967132052112985
2015-08-20,-0.057939789257066235
2015-08-21,-0.07096957378000067
2015-08-24,-0.07690131816640287
2015-08-25,-0.017019045978104705
2015-08-26,0.08178261344646334
2015-08-27,0.04809556725444302
2015-08-28,-0.0003568393398249976
2015-08-31,-0.01927799364449885
2015-09-01,-0.05800457886162574
2015-09-02,0.04276636709937827
2015-09-03,-0.0034307605506158343
2015-09-04,-0.02689804851374716
2015-09-08,0.05106531642398048
2015-09-09,-0.02552333962352379
2015-09-10,0.014652196208224779
2015-09-11,0.010357896177318214
2015-09-14,-0.006776754128980917
2015-09-15,0.024876307105233267
2015-09-16,0.014443951549589286
2015-09-17,-0.0029183597703460688
2015-09-18,-0.03127150775300121
2015-09-21,0.009775308746718905
2015-09-22,-0.025911565474409894
2015-09-23,-0.0019302574941454877
2015-09-24,-0.00591356943704678
2015-09-25,-0.0010919888674208243
2015-09-28,-0.03631738123002177
2015-09-29,-0.0008991522126258506
2015-09-30,0.027471644991942358
2015-10-01,0.00331860509427452
2015-10-02,0.022060602002199284
2015-10-05,0.025544100764734866
2015-10-06,-0.0036051830321597784
2015-10-07,0.010765723787018098
2015-10-08,0.01097060631306537
2015-10-09,0.0035608371188308964
2015-10-12,0.0031345174680109814
2015-10-13,-0.008105347060941008
2015-10-14,-0.008135648370600119
2015-10-15,0.02275156995205181
2015-10-16,0.006153329957559236
2015-10-19,0.003957694498384816
2015-10-20,-0.0036164857632010267
2015-10-21,-0.007536634808663071
2015-10-22,0.04037903422123425
2015-10-23,0.03684948948947755
2015-10-26,-0.0017382142748575834
2015-10-27,-0.0009869778504691367
2015-10-28,0.021761198338454878
2015-10-29,-0.002368659636834152
2015-10-30,-0.010409808189691682
2015-11-02,0.023916184629006906
2015-11-03,0.008010328841664548
2015-11-04,-0.0029678414717225093
2015-11-05,-0.0035911500183774653
2015-11-06,0.0023498168416412665
2015-11-09,-0.02194665744751999
2015-11-10,0.0006394216141039127
2015-11-11,-0.008214517182087636
2015-11-12,-0.0350878264230286
2015-11-13,-0.04059919844170213
2015-11-16,0.04023496387983741
2015-11-17,0.0008257931144196369
2015-11-18,0.04688263355338619
2015-11-19,-0.0005453309354107564
2015-11-20,0.015247483101229134
2015-11-23,-0.005650691990502171
2015-11-24,0.0012083419097270382
2015-11-25,0.0004992880820829521
2015-11-27,0.0020695769670796326
2015-11-30,-0.009558774128116678
2015-12-01,0.027086532823484846
2015-12-02,-0.023373287224357327
2015-12-03,-0.04293289591157516
2015-12-04,0.05934747919737417
2015-12-07,-0.015355479101782362
2015-12-08,-0.014765290895922423
2015-12-09,-0.02583010635830199
2015-12-10,0.01104961577488711
2015-12-11,-0.057104465183774114
2015-12-14,0.01852887304596501
2015-12-15,0.022938557976192576
2015-12-16,0.03889101052804474
2015-12-17,-0.039938164031137535
2015-12-18,-0.05518925005472641
2015-12-21,0.02510694051477502
2015-12-22,0.02341956712902994
2015-12-23,0.02811321611703247
2015-12-24,-0.004998660125548339
2015-12-28,-0.0031710823893424884
2015-12-29,0.03500076010900172
2015-12-30,-0.02080310306042628
2015-12-31,-0.030715862923168927
2016-01-04,-0.04773150456816725
2016-01-05,-0.00045558437573850333
2016-01-06,-0.03428733464845493
2016-01-07,-0.061366271636945816
2016-01-08,-0.022490582626539128
2016-01-11,0.005462805514697366
2016-01-12,0.020334582410852294
2016-01-13,-0.06279847498730678
2016-01-14,0.029126727218532843
2016-01-15,-0.043346721427802326
2016-01-19,0.002829916365810222
2016-01-20,-0.015608909405563167
2016-01-21,0.006370262751748587
2016-01-22,0.03611498808098567
2016-01-25,-0.024073805661405934
2016-01-26,0.02171727586420641
2016-01-27,-0.029171165581472345
2016-01-28,0.015180870900098925
2016-01-29,0.0384374950924431
2016-02-01,0.0009919681565915182
2016-02-02,-0.032306656154839214
2016-02-03,0.005233106799297791
2016-02-04,0.003386089360986123
2016-02-05,-0.03859392165151277
2016-02-08,-0.021518249244433442
2016-02-09,-0.002528877063680143
2016-02-10,-0.0006791552683370061
2016-02-11,-0.0152065293497544
2016-02-12,0.02902795843649899
2016-02-16,0.029428727514721732
2016-02-17,0.03126326580463239
2016-02-18,-0.01080998471989645
2016-02-19,0.0014273977013167334
2016-02-22,0.024474742056172484
2016-02-23,-0.02253754723100227
2016-02-24,0.00993604666898316
2016-02-25,0.01889168956748673
2016-02-26,-0.003387255173900791
2016-02-29,-0.013926029257855894
2016-03-01,0.043910474924892265
2016-03-02,0.003580930577982573
2016-03-03,0.0021969322146243022
2016-03-04,0.0039466743197828615
2016-03-07,-0.0017941911304643107
2016-03-08,-0.014369639151852107
2016-03-09,0.007972361873275498
2016-03-10,-0.0005267615777041017
2016-03-11,0.026223446045976602
2016-03-14,0.0011643703662094738
2016-03-15,-0.00025259604550400763
2016-03-16,0.011172759138944988
2016-03-17,0.007113064175172279
2016-03-18,0.006728813216008029
2016-03-21,0.004207337270323754
2016-03-22,0.0007627374714045652
2016-03-23,-0.011478391341119921
2016-03-24,1.7036394103365723e-05
2016-03-28,4.2055115299668836e-05
2016-03-29,0.018337810576926197
2016-03-30,0.010965205473769448
2016-03-31,-0.004835595057499172
2016-04-01,0.018753299723866416
2016-04-04,-0.008023331405371203
2016-04-05,-0.02054997773393667
2016-04-06,0.030706288861220246
2016-04-07,-0.03364426139456257
2016-04-08,0.004238450114268698
2016-04-11,-0.006735616886509678
2016-04-12,0.02534789530522187
2016-04-13,0.03071633872698129
2016-04-14,0.001888805999091246
2016-04-15,-0.005165002037849636
2016-04-18,0.017058923793883404
2016-04-19,0.001353460524742897
2016-04-20,0.004062964047375322
2016-04-21,-0.011195783750465059
2016-04-22,-0.01156676406512307
2016-04-25,-0.0037391500942793284
2016-04-26,-0.001161673201648486
2016-04-27,-0.0016908522825456792
2016-04-28,-0.03021953512843185
2016-04-29,-0.012973021990144318
2016-05-02,0.02122391283454852
2016-05-03,-0.023572204310105226
2016-05-04,-0.01657684032394234
2016-05-05,-5.852188600208514e-05
2016-05-06,0.012667325840871324
2016-05-09,0.0015862041622800045
2016-05-10,0.035811205522206985
2016-05-11,-0.027193558475174327
2016-05-12,-0.0033872533356284094
2016-05-13,-0.02325508797546208
2016-05-16,0.030344713600623727
2016-05-17,-0.029152563405661587
2016-05-18,0.0038223105492168254
2016-05-19,-0.013397249429508044
2016-05-20,0.018561311840883683
2016-05-23,-0.0021467182486228356
2016-05-24,0.04139100357061336
2016-05-25,0.02012588739527204
2016-05-26,0.0017634321925055754
2016-05-27,0.010726287967711929
2016-05-31,-0.004609874155002243
2016-06-01,0.0021619782176513906
2016-06-02,0.007655445741801724
2016-06-03,-0.008111556686115347
2016-06-06,0.014512909265091141
2016-06-07,0.000532129294476824
2016-06-08,0.00810454500780534
2016-06-09,-0.003294256262750538
2016-06-10,-0.02516064168510166
2016-06-13,-0.022260139916327068
2016-06-14,-0.0056086407987544825
2016-06-15,-0.00495534874901906
2016-06-16,0.010333265962178744
2016-06-17,-0.01645024308247296
2016-06-20,0.01818299142832123
2016-06-21,0.007111206261064973
2016-06-22,-0.006574503402934015
2016-06-23,0.0376925944236451
2016-06-24,-0.10436527508354096
2016-06-27,-0.04869118222473745
2016-06-28,0.0499704624919292
2016-06-29,0.048279757295372386
2016-06-30,0.03713931127100765
2016-07-01,0.0070501212366186825
2016-07-05,-0.017425849655525988
2016-07-06,0.01668355313089327
2016-07-07,0.0003101326042329298
2016-07-08,0.0402231724678415
2016-07-11,0.014234249199007249
2016-07-12,0.018379925231986977
2016-07-13,-0.00046996123750205824
2016-07-14,0.018135173104959743
2016-07-15,-0.002605938561538475
2016-07-18,0.009562454008773962
2016-07-19,-0.0022613771048332005
2016-07-20,0.015423828717046908
2016-07-21,-0.010179870767040033
2016-07-22,0.010621369129409667
2016-07-25,-0.0065158764665027655
2016-07-26,4.73452173541623e-05
2016-07-27,0.004422253582803955
2016-07-28,0.0031107339283895892
2016-07-29,0.0023496032761297766
2016-08-01,0.0013447601095134918
2016-08-02,-0.017402238764478994
2016-08-03,0.007504809471636464
2016-08-04,0.004006431028603881
2016-08-05,0.02591956643725591
2016-08-08,-0.000956139518911349
2016-08-09,0.002458080250659937
2016-08-10,-0.005707124659363032
2016-08-11,0.014613761967125887
2016-08-12,-0.0026788611378425206
2016-08-15,0.010070578529420681
2016-08-16,-0.013968859935071597
2016-08-17,0.004797246224298597
2016-08-18,0.004016745989644942
2016-08-19,-0.004176561513093211
2016-08-22,-0.0008494032299485989
2016-08-23,0.00448291718828328
2016-08-24,-0.013719941982065116
2016-08-25,-0.004326061551106689
2016-08-26,-0.0030957677153399584
2016-08-29,0.01117715863550836
2016-08-30,-0.006136194028443195
2016-08-31,-0.006796215365862524
2016-09-01,0.0025149365176897623
2016-09-02,0.011788175613743995
2016-09-06,0.010821118829765294
2016-09-07,0.00019561861828630242
2016-09-08,-0.010069516749521418
2016-09-09,-0.06662029184342354
2016-09-12,0.0418970749842285
2016-09-13,-0.034763578616457555
2016-09-14,0.00117678484643664
2016-09-15,0.03306845070073086
2016-09-16,-0.009244818249463216
2016-09-19,-0.003747519656621337
2016-09-20,0.0025144550159595623
2016-09-21,0.027950773047601202
2016-09-22,0.0174607072890278
2016-09-23,-0.016655637037330404
2016-09-26,-0.024521052872491556
2016-09-27,0.021930126440401376
2016-09-28,0.012180822217119944
2016-09-29,-0.025449570164132334
2016-09-30,0.022462452759401043
2016-10-03,-0.007057826313692837
2016-10-04,-0.010241655887192452
2016-10-05,0.012832760553259149
2016-10-06,0.0003454815817509785
2016-10-07,-0.007329942207182709
2016-10-10,0.015144903528421575
2016-10-11,-0.03457370127823801
2016-10-12,0.0008644914192293482
2016-10-13,-0.008445786387804974
2016-10-14,0.0024050347423207486
2016-10-17,-0.008316075898593147
2016-10-18,0.017424655718268636
2016-10-19,0.004240017687411212
2016-10-20,-0.004148722943090314
2016-10-21,0.0029505952126430766
2016-10-24,0.015983038865116105
2016-10-25,-0.005853718551751055
2016-10-26,-0.00738249678704126
2016-10-27,-0.0070779576397622815
2016-10-28,-0.008063285170441026
2016-10-31,-0.002500911541100706
2016-11-01,-0.015201269853301542
2016-11-02,-0.0150636359648079
2016-11-03,-0.012318450722893346
2016-11-04,-0.00589701313201705
2016-11-07,0.05028623957806734
2016-11-08,0.01391578090227777
2016-11-09,0.021987619428695912
2016-11-10,0.0005323077114049238
2016-11-11,8.533334292563726e-05
2016-11-14,-0.007050138475737121
2016-11-15,0.02128974702508087
2016-11-16,0.0012852395236291586
2016-11-17,0.011854503988952386
2016-11-18,-0.006382740897966392
2016-11-21,0.01899513389377213
2016-11-22,0.009467685997871855
2016-11-23,-0.0013799672736015598
2016-11-25,0.009395138464748157
2016-11-28,-0.008015935002685683
2016-11-29,0.00633283904971879
2016-11-30,-0.010378521928368228
2016-12-01,-0.014111568035125515
2016-12-02,-0.0001787632726737568
2016-12-05,0.012749691197049402
2016-12-06,0.007057529398961789
2016-12-07,0.03696315610283038
2016-12-08,0.008524468365072799
2016-12-09,0.021559303163106617
2016-12-12,-0.0032497059075292743
2016-12-13,0.024672845036949623
2016-12-14,-0.01649521333503738
2016-12-15,0.008901951912622282
2016-12-16,-0.0059996318328334455
2016-12-19,0.007912653039680884
2016-12-20,0.012230561748758043
2016-12-21,-0.0052580683429191725
2016-12-22,-0.005795312150826549
2016-12-23,0.002063314434489088
2016-12-27,0.008237905653679241
2016-12-28,-0.020921751643332688
2016-12-29,-0.0030859843532207547
2016-12-30,-0.015179706148809919
2017-01-03,0.019565040720087037
2017-01-04,0.015089249300058697
2017-01-05,0.0030407553150230337
2017-01-06,0.015571145747270232
2017-01-09,-0.002937567354489417
2017-01-10,-0.0001486567750969589
2017-01-11,0.009764207488732971
2017-01-12,-0.007107358880564419
2017-01-13,0.005751372526823458
2017-01-17,-0.009581646352907796
2017-01-18,0.003654760435482132
2017-01-19,-0.007639979534749623
2017-01-20,0.009815338252005718
2017-01-23,-0.002669490780372174
2017-01-24,0.018611252452089534
2017-01-25,0.026392811857344156
2017-01-26,0.0017652808488745246
2017-01-27,6.8235370690108315e-06
2017-01-30,-0.020081132657477928
2017-01-31,-0.007239101439848105
2017-02-01,0.008301808439832917
2017-02-02,-0.0008569918732849464
2017-02-03,0.01838778780613391
2017-02-06,-0.0008167893428248939
2017-02-07,0.005228741930288284
2017-02-08,0.0028167599262881446
2017-02-09,0.015189424412849244
2017-02-10,0.012078076073555443
2017-02-13,0.018245770556831426
2017-02-14,0.012193892250398625
2017-02-15,0.016797654404342388
2017-02-16,-0.0009523547316914738
2017-02-17,0.0054709119366915
2017-02-21,0.017082273217996193
2017-02-22,0.0010084404031388723
2017-02-23,-0.00130843145269278
2017-02-24,0.0035504203001005706
2017-02-27,0.0034957930860002916
2017-02-28,-0.005879367609616246
2017-03-01,0.03837773952042673
2017-03-02,-0.016791676130131716
2017-03-03,0.002761679322607991
2017-03-06,-0.007677405207751391
2017-03-07,-0.006006334738881384
2017-03-08,-0.0026624383298485804
2017-03-09,0.0021491487751986974
2017-03-10,0.0090345603499092
2017-03-13,0.002114497285356419
2017-03-14,-0.008645532296872732
2017-03-15,0.019546336868173576
2017-03-16,-0.0026293922374890175
2017-03-17,-0.003552182372222671
2017-03-20,-0.0005950207763244263
2017-03-21,-0.03897211174556202
2017-03-22,0.009071670879116464
2017-03-23,-0.00420939853357369
2017-03-24,-0.0017357271491759375
2017-03-27,-0.0013876914855648964
2017-03-28,0.020177768776762278
2017-03-29,0.004146219476997528
2017-03-30,0.007208980589452929
2017-03-31,-0.00600584708336851
2017-04-03,-0.002239510547130384
2017-04-04,0.003930127025869652
2017-04-05,-0.009225432960308146
2017-04-06,0.00372289212097321
2017-04-07,-0.0017931078443615507
2017-04-10,0.0006211607279013945
2017-04-11,-0.005900642071627196
2017-04-12,-0.011828276591676835
2017-04-13,-0.01648191970443505
2017-04-17,0.021104971792038824
2017-04-18,-0.008106793383119676
2017-04-19,-0.005326502304725225
2017-04-20,0.020774082079020255
2017-04-21,-0.004014484062145406
2017-04-24,0.027779694154586018
2017-04-25,0.02087932030253692
2017-04-26,-0.0027558988091277176
2017-04-27,0.005759056033050364
2017-04-28,-0.0021017714551566456
2017-05-01,0.008321581900420028
2017-05-02,0.003284697191778549
2017-05-03,-0.003896712241247925
2017-05-04,0.0009400663791055937
2017-05-05,0.008614782128687914
2017-05-08,0.00239042080383965
2017-05-09,0.001316006523506984
2017-05-10,0.0012105374338146255
2017-05-11,-0.0029389431243746463
2017-05-12,-0.000608997914277999
2017-05-15,0.010077847793077698
2017-05-16,0.0033009057724414726
2017-05-17,-0.05035822575689374
2017-05-18,0.012274307392328276
2017-05-19,0.014358101372758725
2017-05-22,0.015350426941230993
2017-05-23,0.004535777279555961
2017-05-24,0.008380113465860721
2017-05-25,0.014667256357807513
2017-05-26,0.0012421234591501141
2017-05-30,-0.001361368111540296
2017-05-31,-0.0016061140218166672
2017-06-01,0.015135340645304552
2017-06-02,0.015203404174493219
2017-06-05,-0.0020914363683222663
2017-06-06,-0.00682143595516229
2017-06-07,0.006722980575099813
2017-06-08,0.0012008321460361309
2017-06-09,-0.020700711946217296
2017-06-12,-0.007143595892429534
2017-06-13,0.013786163837685455
2017-06-14,-0.002020503452829146
2017-06-15,-0.0064774598149394905
2017-06-16,-0.004305880406958115
2017-06-19,0.028625580135254174
2017-06-20,-0.014243163210580513
2017-06-21,0.006357256241555614
2017-06-22,-0.0018374010045402267
2017-06-23,0.00388381359783599
2017-06-26,-0.0027721414808870417
2017-06-27,-0.0262191768905235
2017-06-28,0.025229891205288544
2017-06-29,-0.028072206214746993
2017-06-30,0.0038995011078085426
2017-07-03,-0.004244870918790084
2017-07-05,0.010227656236176856
2017-07-06,-0.02077428038785681
2017-07-07,0.01754836596484752
2017-07-10,0.006343843611496042
2017-07-11,0.0025074698423182148
2017-07-12,0.020680328961696626
2017-07-13,0.005199242003177166
2017-07-14,0.01212752926256568
2017-07-17,-0.0005570615530788585
2017-07-18,0.004811934434080351
2017-07-19,0.012316642401966926
2017-07-20,0.0006261417874772202
2017-07-21,-0.0022913541835477102
2017-07-24,0.0019135227943572009
2017-07-25,0.002798792505090159
2017-07-26,0.007264715564590942
2017-07-27,-0.003555774378504124
2017-07-28,-0.0008237620300750139
2017-07-31,-0.0013152504657898932
2017-08-01,0.005392092815257965
2017-08-02,0.004584388786848961
2017-08-03,-0.0031094872003287408
2017-08-04,0.0035549146552424577
2017-08-07,0.007902939912048112
2017-08-08,-0.0035977920078609617
2017-08-09,-0.00234941403222749
2017-08-10,-0.0380121536135954
2017-08-11,0.007965630258822357
2017-08-14,0.024208163094294848
2017-08-15,0.0013453515563811626
2017-08-16,0.0040716987967057364
2017-08-17,-0.04193307575684795
2017-08-18,-0.004741895309120458
2017-08-21,0.0009114389817929168
2017-08-22,0.029110200803701608
2017-08-23,-0.009540758448846146
2017-08-24,-0.005443755787820656
2017-08-25,0.0011276118925656591
2017-08-28,0.0024199277063924125
2017-08-29,0.0069447438465956805
2017-08-30,0.015500253427143059
2017-08-31,0.015322353212060201
2017-09-01,0.0027255367938480114
2017-09-05,-0.02289163403088329
2017-09-06,0.007123900483566898
2017-09-07,0.0015187415464402302
2017-09-08,-0.00874674864602281
2017-09-11,0.028021943207466895
2017-09-12,0.007805412564153135
2017-09-13,0.003226357201935484
2017-09-14,-0.003266007819659018
2017-09-15,0.005401025942577762
2017-09-18,0.0033078302322598657
2017-09-19,0.0036511671771264896
2017-09-20,-0.00029775011709495445
2017-09-21,-0.010280591520747019
2017-09-22,-0.0014588320100680442
2017-09-25,-0.01246012240162314
2017-09-26,0.0022802478902265956
2017-09-27,0.012463343828415078
2017-09-28,0.0019844417917213365
2017-09-29,0.009485567368347669
2017-10-02,0.010537271712581594
2017-10-03,0.007079673988596949
2017-10-04,0.002014523084810293
2017-10-05,0.017620747276263907
2017-10-06,0.00014635162953186953
2017-10-09,-0.002354239000467118
2017-10-10,0.005641200218550784
2017-10-11,0.005389490897750574
2017-10-12,-0.004153298912313568
2017-10-13,0.005662500082755384
2017-10-16,0.006568801213211992
2017-10-17,0.0033913104372811477
2017-10-18,0.00576237277916985
2017-10-19,-0.002833936853202175
2017-10-20,0.01204532560724925
2017-10-23,-0.009559746959220327
2017-10-24,0.008963268976001873
2017-10-25,-0.011724963195675158
2017-10-26,0.0010223734740603958
2017-10-27,0.03175640232655055
2017-10-30,-0.003970119239425871
2017-10-31,0.005603499459186511
2017-11-01,0.002904406720964114
2017-11-02,0.0015462099948866026
2017-11-03,0.011344639180162052
2017-11-06,0.004319034976224498
2017-11-07,0.0005874999683155851
2017-11-08,0.005696572960708571
2017-11-09,-0.011169652264201363
2017-11-10,-0.0014041794773307962
2017-11-13,0.0022815600231282296
2017-11-14,-0.006025854678337094
2017-11-15,-0.013666886179600518
2017-11-16,0.02549956075557279
2017-11-17,-0.009537031098571928
2017-11-20,0.0030035214830603767
2017-11-21,0.02101632355948671
2017-11-22,-0.001495326388537293
2017-11-24,0.006130562600491546
2017-11-27,2.8366185422604617e-05
2017-11-28,0.019961177952415244
2017-11-29,-0.012670435139054654
2017-11-30,0.027080785006034114
2017-12-01,-0.006584504777854578
2017-12-04,-0.00876727308083008
2017-12-05,-0.006927025400817002
2017-12-06,0.0021085835043581505
2017-12-07,0.00838991275764937
2017-12-08,0.01293155446533888
2017-12-11,0.011373381999475726
2017-12-12,0.004982908965934308
2017-12-13,0.004566370521065566
2017-12-14,-0.006441961692223667
2017-12-15,0.020636325490749157
2017-12-18,0.018628308017418303
2017-12-19,-0.009844333521507629
2017-12-20,-0.002641794942167106
2017-12-21,0.0031934697481559252
2017-12-22,-0.0022896044299823386
2017-12-26,-0.006309248359765056
2017-12-27,0.0014625783205012076
2017-12-28,0.0037966999251157585
2017-12-29,-0.01061107874632138
2018-01-02,0.022903089673743847
2018-01-03,0.01660033007499889
2018-01-04,0.010982412378812919
2018-01-05,0.022330493073880672
2018-01-08,0.004441985067922611
2018-01-09,0.006592126132456407
2018-01-10,-0.004875732807962868
2018-01-11,0.01897560203134609
2018-01-12,0.020445816514647552
2018-01-16,-0.005705338865119278
2018-01-17,0.02886843988940131
2018-01-18,-0.0041840831475361065
2018-01-19,0.007927487617065248
2018-01-22,0.021230340056554067
2018-01-23,0.009361351886001385
2018-01-24,-0.004309569413695447
2018-01-25,0.0037541227330471025
2018-01-26,0.03037097074107027
2018-01-29,-0.015348773193019525
2018-01-30,-0.02940027290480459
2018-01-31,0.007799587204618515
2018-02-01,-0.008332353517787407
2018-02-02,-0.059830614958315924
2018-02-05,-0.11064748441207524
2018-02-06,0.059766102353162445
2018-02-07,-0.018402111057422153
2018-02-08,-0.10216889073924773
2018-02-09,0.037819332462019226
2018-02-12,0.04277960060438068
2018-02-13,0.007469229171384163
2018-02-14,0.03752843307173448
2018-02-15,0.038048846974606
2018-02-16,-0.0034443402753541463
2018-02-20,-0.012101891044895953
2018-02-21,-0.013282426974490159
2018-02-22,0.00747290440242279
2018-02-23,0.04373369625426943
2018-02-26,0.03598125909286068
2018-02-27,-0.03189055730584228
2018-02-28,-0.028046707119825903
2018-03-01,-0.04116655823550157
2018-03-02,0.010581347099643895
2018-03-05,0.030796543348596394
2018-03-06,0.006518871614564577
2018-03-07,-0.0005105063915501551
2018-03-08,0.012080808812920505
2018-03-09,0.047413559972962364
2018-03-12,-0.0010582670433113292
2018-03-13,-0.023226325922746333
2018-03-14,-0.013104908475988504
2018-03-15,0.0012305148311722558
2018-03-16,0.00012320565673323717
2018-03-19,-0.04224173596722869
2018-03-20,0.007823913581683347
2018-03-21,-0.007913112521078219
2018-03-22,-0.06833830974421314
2018-03-23,-0.058429856602870256
2018-03-26,0.08181075294046444
2018-03-27,-0.051503213809608414
2018-03-28,-0.011418455762426161
2018-03-29,0.035192581369478115
2018-04-02,-0.057667528214192985
2018-04-03,0.03116740767020928
2018-04-04,0.027796765537140996
2018-04-05,0.016866713917135717
2018-04-06,-0.054092454698732154
2018-04-09,0.010022959230143525
2018-04-10,0.043476180512390356
2018-04-11,-0.015344009889471023
2018-04-12,0.024356459847400112
2018-04-13,-0.009849339653796505
2018-04-16,0.018433220052887483
2018-04-17,0.03227024764532486
2018-04-18,0.0010340242849646499
2018-04-19,-0.014347441911071778
2018-04-20,-0.02573785677565746
2018-04-23,-0.0027181361067636083
2018-04-24,-0.039672353459354597
2018-04-25,0.004135332157006722
2018-04-26,0.03137971548242399
2018-04-27,0.0008516298843111665
2018-04-30,-0.016066901549257294
2018-05-01,0.007898820741144529
2018-05-02,-0.015339716183478302
2018-05-03,-0.0017525635859402101
2018-05-04,0.03543195213063052
2018-05-07,0.01167561041038422
2018-05-08,-0.000892496170832333
2018-05-09,0.022756823204444318
2018-05-10,0.02226946980022591
2018-05-11,0.003449059837957966
2018-05-14,0.004108253393090819
2018-05-15,-0.0199150134351656
2018-05-16,0.010432372971057459
2018-05-17,-0.006087040596768328
2018-05-18,-0.00808340089507332
2018-05-21,0.025387280340454697
2018-05-22,-0.011885420779094717
2018-05-23,0.013246268646694297
2018-05-24,-0.005363005039940281
2018-05-25,-0.004526228372884141
2018-05-29,-0.03088453074344249
2018-05-30,0.03273297536391806
2018-05-31,-0.01753552630195531
2018-06-01,0.034918545555002574
2018-06-04,0.020679480184080272
2018-06-05,0.003623808572236579
2018-06-06,0.027437014176517758
2018-06-07,-0.004542194255616359
2018-06-08,0.005453404911472058
2018-06-11,0.004557511172328355
2018-06-12,0.0068509099091131655
2018-06-13,-0.00917531369440552
2018-06-14,0.012598638520752568
2018-06-15,-0.008014428439178128
2018-06-18,-0.00745448692363722
2018-06-19,-0.017749719349344398
2018-06-20,0.008046412225348906
2018-06-21,-0.02323576249351508
2018-06-22,0.0017489024428788296
2018-06-25,-0.04836719817405341
2018-06-26,0.006939538943116083
2018-06-27,-0.028754697995620727
2018-06-28,0.018230152698742584
2018-06-29,0.00479777629090288
2018-07-02,0.007658475661760794
2018-07-03,-0.01673470076475093
2018-07-05,0.022988285138469143
2018-07-06,0.022930489030434396
2018-07-09,0.026850444269138803
2018-07-10,0.007939186847311291
2018-07-11,-0.01717194602818019
2018-07-12,0.02849656545056202
2018-07-13,0.00426841733996581
2018-07-16,-0.0008499991290596915
2018-07-17,0.010366194909061491
2018-07-18,0.002504641667765669
2018-07-19,-0.011903631098236268
2018-07-20,-0.0014229899886408044
2018-07-23,0.0036142478261696935
2018-07-24,0.0139075209111549
2018-07-25,0.025251912175973324
2018-07-26,-0.011646009231608129
2018-07-27,-0.01974014521872523
2018-07-30,-0.021586472858150827
2018-07-31,0.013136079054161254
2018-08-01,-0.00011455999396971922
2018-08-02,0.01474556416775819
2018-08-03,0.010642579035410518
2018-08-06,0.009670434898409505
2018-08-07,0.009650310591075002
2018-08-08,-0.0009938839325445824
2018-08-09,-0.003446007729443601
2018-08-10,-0.01851969980695839
2018-08-13,-0.007979065943619646
2018-08-14,0.014072591826385986
2018-08-15,-0.020910249005015556
2018-08-16,0.022405235680861522
2018-08-17,0.006472081193233508
2018-08-20,0.0043692447091239275
2018-08-21,0.006812855655111463
2018-08-22,5.943915033632119e-05
2018-08-23,-0.005353009173701797
2018-08-24,0.016933455671710253
2018-08-27,0.02421132361587054
2018-08-28,0.00252404295595008
2018-08-29,0.01643030997710209
2018-08-30,-0.009685317850870085
2018-08-31,-0.00016714338698602842
2018-09-04,-0.004965590973115805
2018-09-05,-0.012813930745224241
2018-09-06,-0.009412533747424129
2018-09-07,-0.007478592512352387
2018-09-10,0.0019971643708648163
2018-09-11,0.012826268501922722
2018-09-12,-0.0017227924204244903
2018-09-13,0.018095561554259215
2018-09-14,-0.001931701546070721
2018-09-17,-0.0194009946635879
2018-09-18,0.017415670889211518
2018-09-19,0.005721509747522201
2018-09-20,0.02354100394743878
2018-09-21,-0.0027852418344920214
2018-09-24,-0.0061609923917155685
2018-09-25,-0.0021152604576642965
2018-09-26,-0.006301791136173424
2018-09-27,0.01131224407419256
2018-09-28,5.5928824703758474e-05
2018-10-01,0.0115053833475839
2018-10-02,0.0015535847276739532
2018-10-03,0.002923917854022102
2018-10-04,-0.02916370820371898
2018-10-05,-0.020299795710692903
2018-10-08,-0.003926713342947477
2018-10-09,-0.001020099331731075
2018-10-10,-0.08881910853098253
2018-10-11,-0.05004182009144504
2018-10-12,0.04387603948338873
2018-10-15,-0.017820629702526087
2018-10-16,0.059157613409044976
2018-10-17,-0.0014689594014758852
2018-10-18,-0.04206828308636528
2018-10-19,0.00022265034208069582
2018-10-22,-0.0035049627292375045
2018-10-23,-0.012090399019715512
2018-10-24,-0.08235296554479243
2018-10-25,0.04602676115730371
2018-10-26,-0.038244011757873106
2018-10-29,-0.022377247799016564
2018-10-30,0.03084023934942689
2018-10-31,0.028413526478557515
2018-11-01,0.023741711624243184
2018-11-02,-0.018119865284302164
2018-11-05,0.007147332829158574
2018-11-06,0.013813894896595725
2018-11-07,0.04922481175879625
2018-11-08,-0.00391184432110235
2018-11-09,-0.023120607880555324
2018-11-12,-0.048714344065207874
2018-11-13,-0.004243425785908274
2018-11-14,-0.015565588877043499
2018-11-15,0.024843958915177218
2018-11-16,0.002464880190579069
2018-11-19,-0.04234359447568552
2018-11-20,-0.040072319728957945
2018-11-21,0.007182880561185138
2018-11-23,-0.014186472604179235
2018-11-26,0.03466785928519307
2018-11-27,0.007366666577084189
2018-11-28,0.05297550641781871
2018-11-29,-0.004268431837122149
2018-11-30,0.014249201548604623
2018-12-03,0.028192730829898427
2018-12-04,-0.0671237935447033
2018-12-06,-0.00080108657780738
2018-12-07,-0.05196545579942572
2018-12-10,0.00877517368496638
2018-12-11,0.0008403484515912957
2018-12-12,0.01332042661001169
2018-12-13,0.0011385063162104513
2018-12-14,-0.04180704462328064
2018-12-17,-0.04024721429010063
2018-12-18,0.004587186654417611
2018-12-19,-0.036046744460018564
2018-12-20,-0.03127537028133356
2018-12-21,-0.044983173124922636
2018-12-24,-0.04942903214420573
2018-12-26,0.09750587491793362
2018-12-27,0.015571010727107207
2018-12-28,-0.004038958177823878
2018-12-31,0.01815087613814565
2019-01-02,0.003626347349217406
2019-01-03,-0.05428097196535227
2019-01-04,0.0685416462301391
2019-01-07,0.014974333010369724
2019-01-08,0.01903826336315466
2019-01-09,0.010922471215936523
2019-01-10,0.0073686649657836775
2019-01-11,-0.0026157873306310786
2019-01-14,-0.012210031883332265
2019-01-15,0.02397399896834794
2019-01-16,0.004959269216431828
2019-01-17,0.01509976511887768
2019-01-18,0.02375254072960402
2019-01-22,-0.028910169609681825
2019-01-23,0.00595121639420935
2019-01-24,0.003370568171406936
2019-01-25,0.018539103971032506
2019-01-28,-0.019048777297427183
2019-01-29,-0.005475555320537036
2019-01-30,0.038005835748058776
2019-01-31,0.014925975449506633
2019-02-01,-0.001186867955496768
2019-02-04,0.01718148849448603
2019-02-05,0.012832465620680687
2019-02-06,-0.002830278781175144
2019-02-07,-0.020614425135345102
2019-02-08,0.00016348695310418435
2019-02-11,-0.0012973476601515098
2019-02-12,0.02756107615470493
2019-02-13,0.005688535903321105
2019-02-14,-0.002656343422431558
2019-02-15,0.0213751061929359
2019-02-19,0.002852508376691957
2019-02-20,0.002905864845507067
2019-02-21,-0.01045641849635709
2019-02-22,0.01824596969313981
2019-02-25,0.006640300980811284
2019-02-26,-0.000978348903112944
2019-02-27,-0.004199618324122855
2019-02-28,-0.0058354238449707385
2019-03-01,0.015075939994725687
2019-03-04,-0.011044599234201747
2019-03-05,-0.0011958525828921584
2019-03-06,-0.01509336706210607
2019-03-07,-0.025065210361556817
2019-03-08,-0.003993309398895946
2019-03-11,0.037574053886441326
2019-03-12,0.00440515200294838
2019-03-13,0.017253019537792666
2019-03-14,-0.0017016303821901124
2019-03-15,0.016638497405191174
2019-03-18,0.007652085626619296
2019-03-19,0.0031360419643366296
2019-03-20,-0.005198419477862304
2019-03-21,0.030838415090507842
2019-03-22,-0.05202545879183397
2019-03-25,-0.0029551809812148762
2019-03-26,0.015469839017443835
2019-03-27,-0.01143985541523989
2019-03-28,0.00854894443653256
2019-03-29,0.019833365300160204
2019-04-01,0.032802508938050756
2019-04-02,0.0008731753114183871
2019-04-03,0.008005524405689192
2019-04-04,0.007748616387081178
2019-04-05,0.009644949537264148
2019-04-08,0.00020813569556189966
2019-04-09,-0.01410873046303223
2019-04-10,0.007736783776124872
2019-04-11,-0.0031590481986064987
2019-04-12,0.018425623945720056
2019-04-15,-0.0013276166395110158
2019-04-16,0.005715706482787172
2019-04-17,0.000720974223898095
2019-04-18,0.00678203669368758
2019-04-22,0.0009923455163727318
2019-04-23,0.02441714357634851
2019-04-24,-0.006336654427401607
2019-04-25,-0.0022090102502939635
2019-04-26,0.006884110904527145
2019-04-29,0.00324873002057697
2019-04-30,-0.005806460049088271
2019-05-01,-0.014754855735804817
2019-05-02,-0.010302989582100592
2019-05-03,0.02935645331712395
2019-05-06,-0.010837884317231898
2019-05-07,-0.048421325189289585
2019-05-08,-0.0040309672896348524
2019-05-09,-0.011595100006739247
2019-05-10,0.009007768346669567
2019-05-13,-0.0744785934673469
2019-05-14,0.024055399481262466
2019-05-15,0.021506937940143776
2019-05-16,0.025215128613830365
2019-05-17,-0.01805047878379908
2019-05-20,-0.024308602886657423
2019-05-21,0.023422993123480347
2019-05-22,-0.010015989982641109
2019-05-23,-0.03397123597996224
2019-05-24,0.004292900508304422
2019-05-28,-0.019786676720523658
2019-05-29,-0.021235942543312673
2019-05-30,0.0070508054899686996
2019-05-31,-0.03384274657854922
2019-06-03,-0.02020837638293811
2019-06-04,0.05370529482385692
2019-06-05,0.0191124466175719
2019-06-06,0.016815663836733986
2019-06-07,0.030750053089597638
2019-06-10,0.0158821513165702
2019-06-11,0.0005873173082926904
2019-06-12,-0.007326871059876668
2019-06-13,0.010776755269467786
2019-06-14,-0.006468902304641972
2019-06-17,0.0072957822408379405
2019-06-18,0.037895422594228685
2019-06-19,0.007865333933137509
2019-06-20,0.02802780223777219
2019-06-21,-0.004572812059910563
2019-06-24,-0.0009580596234112775
2019-06-25,-0.03396311205410748
2019-06-26,0.0028138647758401817
2019-06-27,0.005858817707794751
2019-06-28,0.009948006331573915
2019-07-01,0.02554147813472824
2019-07-02,0.009605769333517622
2019-07-03,0.021861341413952948
2019-07-05,-0.004645638701810011
2019-07-08,-0.016257121397463995
2019-07-09,0.005130664331490131
2019-07-10,0.017444032851520477
2019-07-11,0.009110412291470367
2019-07-12,0.018259450658705795
2019-07-15,0.004378550489854385
2019-07-16,-0.00877988920437426
2019-07-17,-0.015669311267675984
2019-07-18,0.00465647444565424
2019-07-19,-0.016196435207310903
2019-07-22,0.011221052845784969
2019-07-23,0.019665539732172624
2019-07-24,0.008895252527759188
2019-07-25,-0.019118715920272363
2019-07-26,0.018140636206662085
2019-07-29,-0.004220882316209957
2019-07-30,-0.007529738549881838
2019-07-31,-0.037829461112245215
2019-08-01,-0.0234473540928722
2019-08-02,-0.02675607565860057
2019-08-05,-0.09438079264339676
2019-08-06,0.03968983202937058
2019-08-07,0.00442317420300659
2019-08-08,0.05654616412295078
2019-08-09,-0.020680221352640575
2019-08-12,-0.03764127648288538
2019-08-13,0.052582167478484924
2019-08-14,-0.09015991984355448
2019-08-15,0.005140494691034694
2019-08-16,0.03312337042124036
2019-08-19,0.029530203489321304
2019-08-20,-0.01646217137676088
2019-08-21,0.02017577603712501
2019-08-22,-0.0022785624601221258
2019-08-23,-0.06311743700855982
2019-08-26,0.027572884393126884
2019-08-27,-0.008585172053395044
2019-08-28,0.015591182792715852
2019-08-29,0.03182938429431414
2019-08-30,-0.0015650713507992216
2019-09-03,-0.01985508684798681
2019-09-04,0.027264111640906037
2019-09-05,0.03570659036231019
2019-09-06,0.0016035377271526028
2019-09-09,-0.00023014924630039568
2019-09-10,-0.00011385934871565575
2019-09-11,0.024002848789154124
2019-09-12,0.009304850156596765
2019-09-13,-0.002912001127991529
2019-09-16,-0.013091239680974597
2019-09-17,0.007690688407681582
2019-09-18,0.00207522432933552
2019-09-19,-0.0008471151909482883
2019-09-20,-0.021893367876905417
2019-09-23,0.001904575010370202
2019-09-24,-0.02635104797971094
2019-09-25,0.022575236255521117
2019-09-26,-0.008580728821466207
2019-09-27,-0.020858923035807476
2019-09-30,0.01795640721713501
2019-10-01,-0.03369604334116227
2019-10-02,-0.05251140693774523
2019-10-03,0.02280906755464979
2019-10-04,0.04113175226547985
2019-10-07,-0.01100317937087358
2019-10-08,-0.04183583576645699
2019-10-09,0.025794902006149624
2019-10-10,0.02056404534022082
2019-10-11,0.03399721427848335
2019-10-14,-0.0014714745310779073
2019-10-15,0.03122139552710084
2019-10-16,-0.00486674827857226
2019-10-17,0.00556633404693038
2019-10-18,-0.023341488790009152
2019-10-21,0.01797104621083089
2019-10-22,-0.013318307504134062
2019-10-23,0.006111221652770927
2019-10-24,0.00967484555296292
2019-10-25,0.018142626099814492
2019-10-28,0.02023228696661964
2019-10-29,-0.008473451306038854
2019-10-30,0.011102057389762849
2019-10-31,-0.007703618511977176
2019-11-01,0.028931596441768175
2019-11-04,0.014358141302886544
2019-11-05,0.00011399683172124548
2019-11-06,-0.001828114755191053
2019-11-07,0.014754212808125009
2019-11-08,0.005993246495195397
2019-11-11,-0.0029170410972516624
2019-11-12,0.005279749039280425
2019-11-13,0.002758535140233124
2019-11-14,0.0017250189368758916
2019-11-15,0.02155038386297618
2019-11-18,0.0029287497504398175
2019-11-19,-0.0023632950047604725
2019-11-20,-0.013406075835946475
2019-11-21,-0.005834525187692358
2019-11-22,0.006367237892916601
2019-11-25,0.026315119302417835
2019-11-26,0.006388185573756601
2019-11-27,0.012660630203494347
2019-11-29,-0.010719303898319666
2019-12-02,-0.029351680275951586
2019-12-03,-0.024547267944669
2019-12-04,0.016544761688290097
2019-12-05,0.00509140295072128
2019-12-06,0.030856860285599294
2019-12-09,-0.010235349757375722
2019-12-10,-0.003047721063423603
2019-12-11,0.008828573399225851
2019-12-12,0.024039663867171372
2019-12-13,0.0036472460633596242
2019-12-16,0.020316426802425243
2019-12-17,0.0015680267394600955
2019-12-18,-0.0001153444047070273
2019-12-19,0.015727690606927948
2019-12-20,0.011816612802187062
2019-12-23,0.006226165985914972
2019-12-24,-0.0009130948460371696
2019-12-26,0.01777912630402719
2019-12-27,-0.0006963677394564524
2019-12-30,-0.01891595192542625
2019-12-31,0.006327924952714967
2020-01-02,0.038913253610675345
2020-01-03,-0.02549509029870934
2020-01-06,0.012645178663875885
2020-01-07,-0.006750046121141278
2020-01-08,0.018704471376703228
2020-01-09,0.022729150114372768
2020-01-10,-0.010674121895072816
2020-01-13,0.022416649974845715
2020-01-14,-0.005438047121649515
2020-01-15,0.005789852077980256
2020-01-16,0.02583617642889282
2020-01-17,0.010769699346289399
2020-01-21,-0.006987176260984246
2020-01-22,0.0024625310391802767
2020-01-23,0.003666877117041909
2020-01-24,-0.024005462082459194
2020-01-27,-0.05293013528186057
2020-01-28,0.03329652465769904
2020-01-29,0.0007303411137048232
2020-01-30,0.011087313443148405
2020-01-31,-0.055115038238831814
2020-02-03,0.028677831964311045
2020-02-04,0.05399429719937322
2020-02-05,0.029796512901986743
2020-02-06,0.015428000192007848
2020-02-07,-0.017996852525475913
2020-02-10,0.0261779687604211
2020-02-11,0.002425839104386592
2020-02-12,0.025144564967567194
2020-02-13,-0.005087291832996329
2020-02-14,0.003212653228650225
2020-02-18,-0.007285998044890485
2020-02-19,0.019897762906993063
2020-02-20,-0.019041687863676972
2020-02-21,-0.039656711436407935
2020-02-24,-0.10710162357772544
2020-02-25,-0.08796746592817786
2020-02-26,-0.0037169598226923055
2020-02-27,-0.1152181821743023
2020-02-28,-0.006848505022781313
2020-03-02,0.10925057335214797
2020-03-03,-0.07407379857290089
2020-03-04,0.10430007977609351
2020-03-05,-0.08136105085746506
2020-03-06,-0.03636170213274899
2020-03-09,-0.181515078718638
2020-03-10,0.11883070441735515
2020-03-11,-0.11964394289949448
2020-03-12,-0.22538970531615196
2020-03-13,0.16388526803472564
2020-03-16,-0.22178042221326405
2020-03-17,0.09517234234171032
2020-03-18,-0.08458024704148431
2020-03-19,0.007474366107634944
2020-03-20,-0.07412612044794695
2020-03-23,-0.029209362865777633
2020-03-24,0.15368294758308743
2020-03-25,0.014614516647554834
2020-03-26,0.10251425293026098
2020-03-27,-0.06208647837095291
2020-03-30,0.05938079349348524
2020-03-31,-0.024724845587111
2020-04-01,-0.0788113175473917
2020-04-02,0.03784673120426263
2020-04-03,-0.02555924367863694
2020-04-06,0.12491468040915335
2020-04-07,-7.472821875420413e-05
2020-04-08,0.05309971418022437
2020-04-09,0.01688339020647488
2020-04-13,-0.005000619491653325
2020-04-14,0.06236092851950049
2020-04-15,-0.03174470880516306
2020-04-16,0.017294230580779776
2020-04-17,0.0381244533332958
2020-04-20,-0.031342318538607854
2020-04-21,-0.06078064249341641
2020-04-22,0.045068752448672304
2020-04-23,-0.0012542097801662966
2020-04-24,0.026892893721657662
2020-04-27,0.020958346845993184
2020-04-28,-0.020612320815095522
2020-04-29,0.057815747778414465
2020-04-30,-0.00900978864568349
2020-05-01,-0.05599301304319335
2020-05-04,0.013180473839227104
2020-05-05,0.018230559378873985
2020-05-06,-0.0007378392914039258
2020-05-07,0.023825097426089972
2020-05-08,0.03157292853167866
2020-05-11,0.006832352601523126
2020-05-12,-0.040103622851624575
2020-05-13,-0.0324847408668046
2020-05-14,0.025254302329420667
2020-05-15,0.009439282355643584
2020-05-18,0.05379653542772967
2020-05-19,-0.015039119652878305
2020-05-20,0.03658032162275428
2020-05-21,-0.016422807851773035
2020-05-22,0.004041954691162756
2020-05-26,0.01504373890683201
2020-05-27,0.022844348650830626
2020-05-28,-0.005664847251826029
2020-05-29,0.016393443261177188
2020-06-01,0.008531420708351802
2020-06-02,0.02025175308879252
2020-06-03,0.029789581268454775
2020-06-04,-0.008660646837829817
2020-06-05,0.0621455257344458
2020-06-08,0.030068102096940597
2020-06-09,-0.006428997736339817
2020-06-10,-0.00013678791375786124
2020-06-11,-0.1447137722141795
2020-06-12,0.028658534692148983
2020-06-15,0.024058495116820268
2020-06-16,0.047566015785445656
2020-06-17,-0.0052352487514158615
2020-06-18,0.0022086750898878023
2020-06-19,-0.01011143661180573
2020-06-22,0.021708859543816194
2020-06-23,0.01612765373032904
2020-06-24,-0.058698358164869124
2020-06-25,0.0249422340129554
2020-06-26,-0.062424413332001764
2020-06-29,0.03654767624885674
2020-06-30,0.036447944763333365
2020-07-01,0.01673713426243053
2020-07-02,0.014905966181419091
2020-07-06,0.050462780022218934
2020-07-07,-0.024752482031725635
2020-07-08,0.02462229307760509
2020-07-09,-0.002599948623777118
2020-07-10,0.024551037320506435
2020-07-13,-0.030760991795667027
2020-07-14,0.030869038975812443
2020-07-15,0.014381923546957717
2020-07-16,-0.01392545046172008
2020-07-17,0.0025514248690693643
2020-07-20,0.03889341582499802
2020-07-21,-0.00736986813674107
2020-07-22,0.012537148365679034
2020-07-23,-0.047000314412260755
2020-07-24,-0.021010525036896748
2020-07-27,0.028558377640426715
2020-07-28,-0.023627760882907176
2020-07-29,0.025974392893824725
2020-07-30,-0.0020232907398899935
2020-07-31,0.029503775219400827
2020-08-03,0.02667859460832816
2020-08-04,0.013139966911970793
2020-08-05,0.020132701593096047
2020-08-06,0.025769518907780672
2020-08-07,-0.008652223257060337
2020-08-10,0.010001098647765971
2020-08-11,-0.029370237289075892
2020-08-12,0.04608094727613187
2020-08-13,-0.0011250429474140389
2020-08-14,-0.000493550025986908
2020-08-17,0.011406995325617144
2020-08-18,0.009392331273171555
2020-08-19,-0.013080486463726
2020-08-20,0.018408946025209465
2020-08-21,0.016466566212679282
2020-08-24,0.028093159158809777
2020-08-25,0.009352619218614047
2020-08-26,0.03414284921550599
2020-08-27,0.003994980568193508
2020-08-28,0.016801470431571083
2020-08-31,-0.0034069755957509334
2020-09-01,0.03562734219403687
2020-09-02,0.036654298120232603
2020-09-03,-0.11084194674561314
2020-09-04,-0.02695124983481694
2020-09-08,-0.0941589684129174
2020-09-09,0.06141761302757802
2020-09-10,-0.04847653879498076
2020-09-11,-0.0028020777525484446
2020-09-14,0.04033254173008047
2020-09-15,0.0183708634365588
2020-09-16,-0.018110456819618644
2020-09-17,-0.027444757911974777
2020-09-18,-0.0317827770181196
2020-09-21,-0.024346552499561733
2020-09-22,0.03241962390742255
2020-09-23,-0.06992122885701178
2020-09-24,0.008860814530623654
2020-09-25,0.05023155280790851
2020-09-28,0.04941075890844314
2020-09-29,-0.01399666789173858
2020-09-30,0.024371590147789876
2020-10-01,0.02335974795894199
2020-10-02,-0.04094290310784039
2020-10-05,0.0519163936239678
2020-10-06,-0.043189592934608736
2020-10-07,0.05030104521566814
2020-10-08,0.017985071115207384
2020-10-09,0.02850258613072609
2020-10-12,0.0546869572426766
2020-10-13,-0.01151047558377253
2020-10-14,-0.01901682088179574
2020-10-15,-0.008920864128806277
2020-10-16,-0.002906038481311687
2020-10-19,-0.043356099637383516
2020-10-20,0.008599314800988193
2020-10-21,-0.006169384876537353
2020-10-22,0.011260986859307704
2020-10-23,0.004057878699622514
2020-10-26,-0.05245619062691835
2020-10-27,-0.0030480272212536907
2020-10-28,-0.10178663009017178
2020-10-29,0.02986214318670787
2020-10-30,-0.038581770976671016
2020-11-02,0.024852434582911982
2020-11-03,0.05105777421167586
2020-11-04,0.07804641093903997
2020-11-05,0.06141024856381069
2020-11-06,-0.0004885810092987323
2020-11-09,0.01556944264321881
2020-11-10,-0.01048637666466436
2020-11-11,0.026925101802890313
2020-11-12,-0.023743094952967402
2020-11-13,0.034451858183632736
2020-11-16,0.03475812355999629
2020-11-17,-0.013208235717203844
2020-11-18,-0.029936572003448424
2020-11-19,0.01342201395392785
2020-11-20,-0.019809747363208754
2020-11-23,0.016249520855796437
2020-11-24,0.04257738986411343
2020-11-25,-0.0005636605624602404
2020-11-27,0.013000237621186912
2020-11-30,-0.010113353330780256
2020-12-01,0.02877203195360744
2020-12-02,0.005660444650716646
2020-12-03,0.003325433129626823
2020-12-04,0.020235128156946072
2020-12-07,-0.0004596475281413966
2020-12-08,0.00871915499335854
2020-12-09,-0.03515439693337358
2020-12-10,0.0023858128478436488
2020-12-11,-0.0025557800267501144
2020-12-14,-0.0023983934223163195
2020-12-15,0.03360088174819535
2020-12-16,0.006078077746473197
2020-12-17,0.01651700954144408
2020-12-18,-0.010797192715829258
2020-12-21,-0.003981694443726584
2020-12-22,-0.004700482009924095
2020-12-23,-0.0015588902066463422
2020-12-24,0.010814368737628796
2020-12-28,0.024096732296202857
2020-12-29,-0.0024503267962135956
2020-12-30,0.0026894759050958665
2020-12-31,0.012374745982698679
2021-01-04,-0.037992166248564774
2021-01-05,0.019556302383096098
2021-01-06,0.0038280162562603203
2021-01-07,0.04457383362435606
2021-01-08,0.020393692561074945
2021-01-11,-0.023789924060195988
2021-01-12,-7.66607053414674e-05
2021-01-13,0.009017341965412456
2021-01-14,-0.010746404584242291
2021-01-15,-0.020518337689334767
2021-01-19,0.0256454224838215
2021-01-20,0.044559579806767516
2021-01-21,0.009692840827611893
2021-01-22,-0.011701418751358009
2021-01-25,0.013179405871956353
2021-01-26,-0.0020674911773400375
2021-01-27,-0.0691946954246726
2021-01-28,0.020293722245035378
2021-01-29,-0.05799717316618514
2021-02-01,0.0483626658458903
2021-02-02,0.04429600802575131
2021-02-03,-0.0026157133764611027
2021-02-04,0.03255781893198025
2021-02-05,0.00999516530741239
2021-02-08,0.020453535436003534
2021-02-09,-0.000600264457901714
2021-02-10,-0.0016898322952953087
2021-02-11,0.007734694158706954
2021-02-12,0.0121483164254923
2021-02-16,-0.0025537952514556317
2021-02-17,-0.002038258711670898
2021-02-18,-0.012077465788219064
2021-02-19,-0.006818970871878079
2021-02-22,-0.03395040224807622
2021-02-23,-0.0016984643743089682
2021-02-24,0.030437415996080727
2021-02-25,-0.07424935912653545
2021-02-26,-0.01300820838883035
2021-03-01,0.0703270072616243
2021-03-02,-0.027538255411431352
2021-03-03,-0.046156501263627615
2021-03-04,-0.037824804452286954
2021-03-05,0.04880759480252721
2021-03-08,-0.022608825844798102
2021-03-09,0.04977132698029039
2021-03-10,0.0173413951623101
2021-03-11,0.03690476745245162
2021-03-12,0.00246329897116016
2021-03-15,0.02059640502508459
2021-03-16,0.00033091911722792295
2021-03-17,0.011874542465095842
2021-03-18,-0.04692166587015777
2021-03-19,-0.006003867150662392
2021-03-22,0.02799210298232343
2021-03-23,-0.021148189930033874
2021-03-24,-0.020851350402686653
2021-03-25,0.009966676086136765
2021-03-26,0.04203406893559123
2021-03-29,0.0027780992124125906
2021-03-30,-0.009307835221654723
2021-03-31,0.015569086042296391
2021-04-01,0.02963325122158817
2021-04-05,0.04446393753241576
2021-04-06,-0.004210636339729058
2021-04-07,0.0036139922198345728
2021-04-08,0.01685939459261401
2021-04-09,0.020676745635305596
2021-04-12,-0.0019091576427279124
2021-04-13,0.012341674377136184
2021-04-14,-0.012902146502177785
2021-04-15,0.032689516302467435
2021-04-16,0.0090817600080433
2021-04-19,-0.01727945019350818
2021-04-20,-0.021468280694821058
2021-04-21,0.026043367768525828
2021-04-22,-0.029310209431245175
2021-04-23,0.028795854547566096
2021-04-26,0.007544112258110069
2021-04-27,-0.004828715152926679
2021-04-28,-0.007497185490626468
2021-04-29,0.015567371586560646
2021-04-30,-0.01676495428328439
2021-05-03,0.0024285907406670975
2021-05-04,-0.022303806087775584
2021-05-05,-0.0010031362547204092
2021-05-06,0.02385912721599657
2021-05-07,0.021347494658137154
2021-05-10,-0.03319524310401824
2021-05-11,-0.0241263035384282
2021-05-12,-0.06416240281601422
2021-05-13,0.028853762661455278
2021-05-14,0.04245782317728483
2021-05-17,-0.009038533247932908
2021-05-18,-0.020361500974671883
2021-05-19,-0.005968321188636773
2021-05-20,0.03075097677774125
2021-05-21,-0.0017232100486668832
2021-05-24,0.028488088021120468
2021-05-25,-0.0026980172845087504
2021-05-26,0.004730928090737932
2021-05-27,0.0004394850590668728
2021-05-28,0.007656853170345404
2021-06-01,-0.002766969128303084
2021-06-02,0.0036631992398264515
2021-06-03,-0.012717478746136287
2021-06-04,0.02724306776689621
2021-06-07,-0.0019575730259670907
2021-06-08,-0.0002610582648862377
2021-06-09,-0.005156082381973293
2021-06-10,0.013543177344682909
2021-06-11,0.0036147697913878002
2021-06-14,0.008258135243849404
2021-06-15,-0.009561746573196393
2021-06-16,-0.015768566356862697
2021-06-17,0.005729918875046134
2021-06-18,-0.03321031043896185
2021-06-21,0.03381804307971236
2021-06-22,0.01486090659049568
2021-06-23,-0.002534916721568297
2021-06-24,0.019559987940678918
2021-06-25,0.008357389102951042
2021-06-28,0.008403571583450578
2021-06-29,0.003953661012675142
2021-06-30,0.005037032963123381
2021-07-01,0.008085207596907817
2021-07-02,0.021380945243542376
2021-07-06,-0.0029639794210207233
2021-07-07,0.007772009670239504
2021-07-08,-0.018902749149033685
2021-07-09,0.025559519782721966
2021-07-12,0.01075919506471518
2021-07-13,-0.005866780857170883
2021-07-14,0.00358481642628382
2021-07-15,-0.007978059127086982
2021-07-16,-0.022402389113730724
2021-07-19,-0.03781222488222981
2021-07-20,0.03634986296245586
2021-07-21,0.02143415224479525
2021-07-22,0.009206186854172014
2021-07-23,0.025294276753897924
2021-07-26,0.005299365666716078
2021-07-27,-0.016792755986344804
2021-07-28,0.0001485397661200971
2021-07-29,0.008922918995840018
2021-07-30,-0.012807014579979148
2021-08-02,-0.0043504365918852995
2021-08-03,0.019514903892645173
2021-08-04,-0.010548435453598374
2021-08-05,0.01770765831428092
2021-08-06,0.001002849548063932
2021-08-09,-0.0014752865014245665
2021-08-10,0.00022043296127603404
2021-08-11,0.005871304274644308
2021-08-12,0.006468670004801048
2021-08-13,0.005156425837142302
2021-08-16,0.005602664664945203
2021-08-17,-0.021098297074519646
2021-08-18,-0.02802076468512074
2021-08-19,0.004187021564821709
2021-08-20,0.02273366392687154
2021-08-23,0.02731177512409068
2021-08-24,0.005495118073723038
2021-08-25,0.0031753360245535935
2021-08-26,-0.015594738568573924
2021-08-27,0.023078674015390984
2021-08-30,0.01356312568266665
2021-08-31,-0.0027452190152725746
2021-09-01,0.0016952300124302997
2021-09-02,0.004935348601798204
2021-09-03,0.0010081630901102446
2021-09-07,-0.007990312297258745
2021-09-08,-0.0064455595156201265
2021-09-09,-0.01086423472793101
2021-09-10,-0.02040670491619061
2021-09-13,0.007258460490882075
2021-09-14,-0.014058262292673117
2021-09-15,0.020021593261595493
2021-09-16,-0.00251391752338014
2021-09-17,-0.024084708259536042
2021-09-20,-0.05028957513377049
2021-09-21,-0.0010150394574755547
2021-09-22,0.02601480441035082
2021-09-23,0.03226378000063039
2021-09-24,0.002967258470049315
2021-09-27,-0.008684023718357737
2021-09-28,-0.05896938774412752
2021-09-29,0.0012193798466247669
2021-09-30,-0.023697023090602856
2021-10-01,0.024306351265316686
2021-10-04,-0.03398779050476612
2021-10-05,0.024996936416081413
2021-10-06,0.010971163947840153
2021-10-07,0.021304920453346934
2021-10-08,-0.005827527003864058
2021-10-11,-0.01721596686746614
2021-10-12,-0.0071172521366865285
2021-10-13,0.009342172248062374
2021-10-14,0.039426628545997586
2021-10-15,0.01902654683703955
2021-10-18,0.010198884542877429
2021-10-19,0.020493213474446638
2021-10-20,0.007315660659046596
2021-10-21,0.008489883153321097
2021-10-22,-0.00783000534940087
2021-10-25,0.017393387882509513
2021-10-26,0.0040290932054698105
2021-10-27,-0.0087582417918446
2021-10-28,0.027131306532055456
2021-10-29,0.009255051898058399
2021-11-01,0.00775189768803276
2021-11-02,0.012245220617229477
2021-11-03,0.019869821878020416
2021-11-04,0.016780704204009594
2021-11-05,0.01004006196685952
2021-11-08,0.002442831962122991
2021-11-09,-0.013460496359528345
2021-11-10,-0.029045040438413376
2021-11-11,-0.0014736118251086308
2021-11-12,0.023367739203551945
2021-11-15,-3.718033838176814e-05
2021-11-16,0.012965606764038672
2021-11-17,-0.007379414841920572
2021-11-18,0.013096508538083283
2021-11-19,-0.002774049821283109
2021-11-22,-0.014839172118552063
2021-11-23,0.0014389009765842656
2021-11-24,0.005372768590046432
2021-11-26,-0.06524765585235126
2021-11-29,0.04082836275765638
2021-11-30,-0.05137606415823046
2021-12-01,-0.0419119724131153
2021-12-02,0.03872539968473857
2021-12-03,-0.023069586908199314
2021-12-06,0.032659592388467544
2021-12-07,0.05339875269432305
2021-12-08,0.006654718517681532
2021-12-09,-0.017319045466887232
2021-12-10,0.021444118327211742
2021-12-13,-0.026620645639836682
2021-12-14,-0.01623387786533609
2021-12-15,0.039622685361131865
2021-12-16,-0.02912848502870797
2021-12-17,-0.025702134793329355
2021-12-20,-0.027809804738970146
2021-12-21,0.04641246335723766
2021-12-22,0.02442155136517432
2021-12-23,0.016167020374976287
2021-12-27,0.03340297423317902
2021-12-28,-0.0014989747211358808
2021-12-29,0.002664365313679638
2021-12-30,-0.00699794610515681
2021-12-31,-0.008864854493627627
2022-01-03,0.018573414608731447
2022-01-04,-0.005684318942376225
2022-01-05,-0.04997597976715931
2022-01-06,-0.005581355874102323
2022-01-07,-0.011599872131503042
2022-01-10,-0.004252976273158239
2022-01-11,0.023072403394417133
2022-01-12,0.006417822382471767
2022-01-13,-0.03492471092267517
2022-01-14,-0.0011407723434041861
2022-01-18,-0.04644391582164292
2022-01-19,-0.026235707131075654
2022-01-20,-0.026635006067233274
2022-01-21,-0.04943958812149633
2022-01-24,0.010881180756195794
2022-01-25,-0.026136325162273936
2022-01-26,-0.004753877472538075
2022-01-27,-0.010216410763824513
2022-01-28,0.04770862405213053
2022-01-31,0.04072065618892963
2022-02-01,0.014561639271207433
2022-02-02,0.015885965830285217
2022-02-03,-0.05324094166156333
2022-02-04,0.010720748676188647
2022-02-07,-0.007272854685364145
2022-02-08,0.02019162545425544
2022-02-09,0.029314287456458074
2022-02-10,-0.03671465848663387
2022-02-11,-0.04430074419770106
2022-02-14,-0.004225007002518271
2022-02-15,0.03433567195489596
2022-02-16,-1.4556572455633231e-05
2022-02-17,-0.04570551874226594
2022-02-18,-0.01595038685269905
2022-02-22,-0.023160616686701354
2022-02-23,-0.03727110178382563
2022-02-24,0.031838697148443326
2022-02-25,0.040907269534538104
2022-02-28,-0.0023115917702063666
2022-03-01,-0.03139283418742668
2022-03-02,0.03383857447272806
2022-03-03,-0.014401395655939966
2022-03-04,-0.01795608750978718
2022-03-07,-0.05849193889657432
2022-03-08,-0.011845207594216294
2022-03-09,0.052763328657470784
2022-03-10,-0.01166382371390269
2022-03-11,-0.025621199431883183
2022-03-14,-0.016008241200567635
2022-03-15,0.04444952793038252
2022-03-16,0.047851711094022316
2022-03-17,0.023305945164472732
2022-03-18,0.025166195484960758
2022-03-21,-0.005247384047605564
2022-03-22,0.025522915141618634
2022-03-23,-0.026882401054965185
2022-03-24,0.030985204585001737
2022-03-25,0.005594807657843787
2022-03-28,0.016805623032899335
2022-03-29,0.02632887023874831
2022-03-30,-0.012603128030468386
2022-03-31,-0.0294672529558972
2022-04-01,0.002831864994147508
2022-04-04,0.02136282666004624
2022-04-05,-0.03167377396341466
2022-04-06,-0.027325056217267947
2022-04-07,0.008315866726817249
2022-04-08,-0.008266180779615672
2022-04-11,-0.040456703902137
2022-04-12,-0.008007908821258118
2022-04-13,0.03042060650657276
2022-04-14,-0.028472783401889853
2022-04-18,0.0001760674845626287
2022-04-19,0.02896274610932022
2022-04-20,-0.001986873725576168
2022-04-21,-0.02633639061786506
2022-04-22,-0.04961955907394325
2022-04-25,0.014528815072113704
2022-04-26,-0.04521156218051708
2022-04-27,0.0017574463305000724
2022-04-28,0.03888801549916872
2022-04-29,-0.05458921016779202
2022-05-02,0.012127298790656122
2022-05-03,0.0035627348146248317
2022-05-04,0.045239558475344596
2022-05-05,-0.05790098804012481
2022-05-06,-0.010196509710138493
2022-05-09,-0.043994803344720085
2022-05-10,0.005081823803512438
2022-05-11,-0.02640256354162833
2022-05-12,-0.0030271887229285327
2022-05-13,0.035004150784972196
2022-05-16,-0.006136656193091757
2022-05-17,0.02807343269566168
2022-05-18,-0.05975674099212959
2022-05-19,-0.0095489916781711
2022-05-20,-0.001066418898289203
2022-05-23,0.026255311034727325
2022-05-24,-0.012086578466874135
2022-05-25,0.01321132815178849
2022-05-26,0.029842839463248793
2022-05-27,0.03533109302908729
2022-05-31,-0.006829937809466324
2022-06-01,-0.01022037958055695
2022-06-02,0.028322466205955563
2022-06-03,-0.02541478982549635
2022-06-06,0.003269136105575939
2022-06-07,0.012637855358144883
2022-06-08,-0.012780802076172628
2022-06-09,-0.03363962490323741
2022-06-10,-0.043431411129898075
2022-06-13,-0.05230289820356705
2022-06-14,-0.0028048378697228824
2022-06-15,0.02176015830270751
2022-06-16,-0.04457402508865064
2022-06-17,0.005190145683364086
2022-06-21,0.03289617168038792
2022-06-22,-0.0024903257284543167
2022-06-23,0.014247677336304063
2022-06-24,0.04324061185498841
2022-06-27,-0.006151855464091519
2022-06-28,-0.03100118438592691
2022-06-29,0.0010271261191563297
2022-06-30,-0.012783458573272241
2022-07-01,0.012335812508869065
2022-07-05,0.006404586890420168
2022-07-06,0.005522590781818577
2022-07-07,0.021821543339065188
2022-07-08,-0.0005269433848727182
2022-07-11,-0.01761862306749951
2022-07-12,-0.011246470097495248
2022-07-13,-0.006956074442855691
2022-07-14,-0.0018018428315089642
2022-07-15,0.02695602874157057
2022-07-18,-0.010685593669441983
2022-07-19,0.037558981012238014
2022-07-20,0.011232751850074217
2022-07-21,0.01387785182012392
2022-07-22,-0.014472435474911567
2022-07-25,-0.0005980523372046069
2022-07-26,-0.01827970401209136
2022-07-27,0.03777620918381973
2022-07-28,0.015267696006572387
2022-07-29,0.02060214226787514
2022-08-01,-0.0026110974493285316
2022-08-02,-0.010610878325853655
2022-08-03,0.026349508186644867
2022-08-04,0.0006450937213208246
2022-08-05,-0.003910195553511198
2022-08-08,-0.0013891721670185155
2022-08-09,-0.008128245179173902
2022-08-10,0.03088130638849146
2022-08-11,-0.0018176033618625216
2022-08-12,0.023380403705056518
2022-08-15,0.008163900022840164
2022-08-16,0.0033287817414253754
2022-08-17,-0.011290833976691542
2022-08-18,0.002983509486947639
2022-08-19,-0.020230182059650693
2022-08-22,-0.03177733599702037
2022-08-23,-0.00413064894312461
2022-08-24,0.0037994798681131163
2022-08-25,0.01983027781031553
2022-08-26,-0.05069637571195002
2022-08-29,-0.01054203897452624
2022-08-30,-0.01499332411270948
2022-08-31,-0.010093399819315126
2022-09-01,0.0038489582473010464
2022-09-02,-0.01655230097028326
2022-09-06,-0.007430297444344295
2022-09-07,0.023658237847433875
2022-09-08,0.008442970513722286
2022-09-09,0.023194428038161696
2022-09-12,0.01397372334836259
2022-09-13,-0.06536069529009629
2022-09-14,0.005649098962528303
2022-09-15,-0.015476719649718817
2022-09-16,-0.008888817180374
2022-09-19,0.010423104121814065
2022-09-20,-0.013760577181634785
2022-09-21,-0.02428392555816347
2022-09-22,-0.011238601070519175
2022-09-23,-0.022153486196876307
2022-09-26,-0.011508424416759429
2022-09-27,-0.0032687985859431593
2022-09-28,0.026007396118007668
2022-09-29,-0.029198623329755636
2022-09-30,-0.0222317583134521
2022-10-03,0.0339389747269043
2022-10-04,0.04073085087326435
2022-10-05,-0.0017941532583781426
2022-10-06,-0.013890992829849385
2022-10-07,-0.03905603003455455
2022-10-10,-0.00922521248049102
2022-10-11,-0.008106481479908239
2022-10-12,-0.001908046368836081
2022-10-13,0.03491388246490185
2022-10-14,-0.02870913068432739
2022-10-17,0.033269597416018946
2022-10-18,0.014248521306831585
2022-10-19,-0.006576291757907678
2022-10-20,-0.007688253694465036
2022-10-21,0.032953435301330596
2022-10-24,0.016923122387540825
2022-10-25,0.021212633144413694
2022-10-26,-0.012731972001788919
2022-10-27,-0.0065708677722262215
2022-10-28,0.03594039253580693
2022-10-31,-0.009804623661181854
2022-11-01,-0.009280196694328821
2022-11-02,-0.03993087740907643
2022-11-03,-0.017795826757272093
2022-11-04,0.023427486492384218
2022-11-07,0.018815533324129927
2022-11-08,0.012885572968239424
2022-11-09,-0.03456084444907688
2022-11-10,0.08625921094549138
2022-11-11,0.015049801756350364
2022-11-14,-0.012706110286197034
2022-11-15,0.011880024225140845
2022-11-16,-0.010953411377955058
2022-11-17,-0.0029228965593346115
2022-11-18,0.0061384343579830745
2022-11-21,-0.007755274951657905
2022-11-22,0.021609788161877218
2022-11-23,0.009999536312114811
2022-11-25,-0.0006007150820883283
2022-11-28,-0.02546203086310094
2022-11-29,-0.004811352442356415
2022-11-30,0.053101561294841296
2022-12-01,-0.0030035613975353775
2022-12-02,-0.0019950666109381674
2022-12-05,-0.027095646622706273
2022-12-06,-0.02492244442456531
2022-12-07,-0.0030428839371580865
2022-12-08,0.013576789785353387
2022-12-09,-0.01312298594732642
2022-12-12,0.023667313688523053
2022-12-13,0.01138471844690781
2022-12-14,-0.010137419261129012
2022-12-15,-0.04415783952503444
2022-12-16,-0.016995825273149617
2022-12-19,-0.014087412346550383
2022-12-20,0.002005347139033053
2022-12-21,0.02504723109932338
2022-12-22,-0.025705324238266034
2022-12-23,0.006949315311174878
2022-12-27,-0.007723004640707038
2022-12-28,-0.020213154071120343
2022-12-29,0.026652719661746226
2022-12-30,-0.0030677365155126497
2023-01-03,-0.005586524406379755
2023-01-04,0.008835725763732847
2023-01-05,-0.0200752433054636
2023-01-06,0.03817443666402249
2023-01-09,0.0007555171142376593
2023-01-10,0.010728606364403932
2023-01-11,0.01727677366252809
2023-01-12,0.009376974474843598
2023-01-13,0.008653121519960264
2023-01-17,-0.011439044339618537
2023-01-18,-0.03520022719389228
2023-01-19,-0.01680408679960356
2023-01-20,0.03499552244284901
2023-01-23,0.026797166550977768
2023-01-24,0.00073614005915408
2023-01-25,-0.000299030739951596
2023-01-26,0.02265829994568613
2023-01-27,0.0073680130578082335
2023-01-30,-0.02647801557059426
2023-01-31,0.028064027265448085
2023-02-01,0.019095509168807614
2023-02-02,0.02729407408316228
2023-02-03,-0.021135307642753693
2023-02-06,-0.00975056936031694
2023-02-07,0.02764722338644969
2023-02-08,-0.022973500205277032
2023-02-09,-0.017535633956496634
2023-02-10,0.0017722524705413118
2023-02-13,0.0269739908043189
2023-02-14,-0.0004761781359400117
2023-02-15,0.007806103776376252
2023-02-16,-0.03162888516536888
2023-02-17,-0.0024003955696309523
2023-02-21,-0.04552021880644526
2023-02-22,-0.002908289200779241
2023-02-23,0.010600996939839829
2023-02-24,-0.030059300631162723
2023-02-27,0.010095537198659554
2023-02-28,-0.009974476819231517
2023-03-01,-0.00813167658381727
2023-03-02,0.019869970326108564
2023-03-03,0.03680924978503795
2023-03-06,0.002900747117986037
2023-03-07,-0.03497628572133889
2023-03-08,0.0036035887602189004
2023-03-09,-0.040840783951652415
2023-03-10,-0.029704296137391936
2023-03-13,0.002746965601011428
2023-03-14,0.03787070181336686
2023-03-15,-0.0064235919763478925
2023-03-16,0.04327041769389345
2023-03-17,-0.021505701336104605
2023-03-20,0.018332814278421768
2023-03-21,0.029171108773937277
2023-03-22,-0.03641122347792729
2023-03-23,0.013465163609166528
2023-03-24,0.010922728273377487
2023-03-27,-0.0005519841266812325
2023-03-28,-0.007736315117850065
2023-03-29,0.03370209949347879
2023-03-30,0.015116647938484122
2023-03-31,0.033895194923648245
2023-04-03,0.007455325696781015
2023-04-04,-0.011124675003517465
2023-04-05,-0.010011266846911556
2023-04-06,0.008460606542601393
2023-04-10,0.0024391149261176704
2023-04-11,-0.003613367403238748
2023-04-12,-0.011229903895946377
2023-04-13,0.03414505270073808
2023-04-14,-0.006792977360550822
2023-04-17,0.004992410747733196
2023-04-18,4.829124122437121e-05
2023-04-19,-0.002611972936895722
2023-04-20,-0.013309959974039987
2023-04-21,0.001630434457259353
2023-04-24,0.00039889701871905175
2023-04-25,-0.03543399349659761
2023-04-26,-0.003840819158202705
2023-04-27,0.049600907797720056
2023-04-28,0.019671813024655364
2023-05-01,-0.003357898997101224
2023-05-02,-0.02595736470791487
2023-05-03,-0.01860178093136912
2023-05-04,-0.016955727271854078
2023-05-05,0.04492099962567009
2023-05-08,0.00046286390785774166
2023-05-09,-0.00942270904312581
2023-05-10,0.010110901203732068
2023-05-11,-0.0063958409115633585
2023-05-12,-0.003965671597452271
2023-05-15,0.009708400673884478
2023-05-16,-0.013937548756632218
2023-05-17,0.03455051172883131
2023-05-18,0.030824006204582217
2023-05-19,-0.0065352405949735334
2023-05-22,0.0007362201985880272
2023-05-23,-0.030415009714497107
2023-05-24,-0.019200885295485977
2023-05-25,0.03223207183763519
2023-05-26,0.04748004818032433
2023-05-30,0.004367247317893912
2023-05-31,-0.01504347652316348
2023-06-01,0.025429701071594063
2023-06-02,0.03811208083428773
2023-06-05,-0.007214147058197254
2023-06-06,0.0020865950578290706
2023-06-07,-0.017516415363140053
2023-06-08,0.0206390417387349
2023-06-09,0.007537571693909503
2023-06-12,0.030899191736604985
2023-06-13,0.018078877486344583
2023-06-14,0.00247132119303208
2023-06-15,0.03577783458731765
2023-06-16,-0.013274921129007947
2023-06-20,-0.013692590373102838
2023-06-21,-0.02226330067343476
2023-06-22,0.01368219547321473
2023-06-23,-0.02417532435056728
2023-06-26,-0.018087913526647178
2023-06-27,0.03334789428700634
2023-06-28,0.0014497224654367196
2023-06-29,0.007740791379615658
2023-06-30,0.034120792855306774
2023-07-03,0.0038562580351616227
2023-07-05,-0.005174127507471655
2023-07-06,-0.026911002158581915
2023-07-07,-0.011295551008739198
2023-07-10,0.008384098175256878
2023-07-11,0.020050289881452635
2023-07-12,0.02334436822664984
2023-07-13,0.02526659882750289
2023-07-14,0.0020880973912350354
2023-07-17,0.014839110300289102
2023-07-18,0.02569005609950136
2023-07-19,0.004807989808711335
2023-07-20,-0.02711205398119309
2023-07-21,-0.0032911490765344374
2023-07-24,0.01068290460398822
2023-07-25,0.010195989326513567
2023-07-26,-0.0009776856769040075
2023-07-27,-0.016795809277363963
2023-07-28,0.03215538855696746
2023-07-31,0.00573985591313446
2023-08-01,-0.004575173181321066
2023-08-02,-0.04567274752049674
2023-08-03,-0.008009557775894821
2023-08-04,-0.013387332158001142
2023-08-07,0.027988775643425452
2023-08-08,-0.01740054571504176
2023-08-09,-0.022844435796701697
2023-08-10,0.0030605014732568332
2023-08-11,-0.0045382106549736526
2023-08-14,0.016291206925305803
2023-08-15,-0.03167605021131721
2023-08-16,-0.024049109464351924
2023-08-17,-0.027588485285346055
2023-08-18,0.0002450322915204231
2023-08-21,0.020873170226863726
2023-08-22,-0.00956036902451254
2023-08-23,0.03182882629199394
2023-08-24,-0.047287367450469284
2023-08-25,0.02186538966090111
2023-08-28,0.019713662975397464
2023-08-29,0.044090228415712834
2023-08-30,0.012325108809335572
2023-08-31,-0.003938957591561299
2023-09-01,0.0037177465862247134
2023-09-05,-0.009360206563174855
2023-09-06,-0.021607962348114164
2023-09-07,-0.009598047985861632
2023-09-08,0.004727728449686577
2023-09-11,0.02071510698213211
2023-09-12,-0.017608684197411642
2023-09-13,0.0027440312452549995
2023-09-14,0.02542075617091047
2023-09-15,-0.03822466998253342
2023-09-18,0.0016313714894121384
2023-09-19,-0.007216438633848719
2023-09-20,-0.0267231302552516
2023-09-21,-0.046872135879055914
2023-09-22,-0.005552857046916739
2023-09-25,0.009861286262790805
2023-09-26,-0.04153468324876218
2023-09-27,0.0005836424671775938
2023-09-28,0.012731678748531268
2023-09-29,-0.0043134209200343535
2023-10-02,0.00478620540256741
2023-10-03,-0.03238568505556282
2023-10-04,0.018422772156545072
2023-10-05,-0.0034049178764744
2023-10-06,0.02758653713863484
2023-10-09,0.01237061990043875
2023-10-10,0.010792972047097185
2023-10-11,0.010078926779460365
2023-10-12,-0.010950182899979373
2023-10-13,-0.014019823472260074
2023-10-16,0.022641181048526332
2023-10-17,-0.002721979104764301
2023-10-18,-0.027513328093937476
2023-10-19,-0.01896899117619363
2023-10-20,-0.02638455139925438
2023-10-23,-0.002587184404609786
2023-10-24,0.01712672603336018
2023-10-25,-0.03261825429520586
2023-10-26,-0.029310639935083677
2023-10-27,-0.006873864495694165
2023-10-30,0.0269589014054544
2023-10-31,0.01020069228961022
2023-11-01,0.02574174439998643
2023-11-02,0.03857432815444799
2023-11-03,0.020107308001453293
2023-11-06,0.0055442367019227865
2023-11-07,0.010996876850381086
2023-11-08,5.3050434391835885e-05
2023-11-09,-0.01623765340403687
2023-11-10,0.037117261903852054
2023-11-13,-0.0025535568056885014
2023-11-14,0.04086726889814975
2023-11-15,0.005498470907388714
2023-11-16,0.00038772084738389193
2023-11-17,0.0022539442329414182
2023-11-20,0.02474041727862674
2023-11-21,-0.010510864436172813
2023-11-22,0.012388527986708572
2023-11-24,0.0016908733048729857
2023-11-27,-0.004318661680275236
2023-11-28,0.005656939675029543
2023-11-29,-0.0005483376333696682
2023-11-30,0.015420151774922664
2023-12-01,0.016939454847488357
2023-12-04,-0.015267899132252558
2023-12-05,-4.162011186498041e-05
2023-12-06,-0.012634595741748394
2023-12-07,0.02228003148696464
2023-12-08,0.011295130029241915
2023-12-11,0.016699297059964882
2023-12-12,0.017052945892565508
2023-12-13,0.03924530730658178
2023-12-14,0.006887450669355867
2023-12-15,0.0025285475802768066
2023-12-18,0.013068044211067067
2023-12-19,0.01740337085814306
2023-12-20,-0.041678698797223135
2023-12-21,0.0284248436408817
2023-12-22,0.0031374342079005016
2023-12-26,0.013674550885476647
2023-12-27,0.006848433043009686
2023-12-28,0.00017256614209551382
2023-12-29,-0.008359408631534665
2024-01-02,-0.022187344508988856
2024-01-03,-0.026408331680998084
2024-01-04,-0.007944611275966029
2024-01-05,0.0021666984777064437
2024-01-08,0.03891082541002403
2024-01-09,-0.004225334039696864
2024-01-10,0.01674140460131275
2024-01-11,0.001006848984305476
2024-01-12,-0.002703168362884518
2024-01-16,-0.010430758521604723
2024-01-17,-0.013933282713477838
2024-01-18,0.027893052184823998
2024-01-19,0.04179907571193361
2024-01-22,0.0074829610499032185
2024-01-23,0.004006365096362774
2024-01-24,0.0037679892580194723
2024-01-25,0.012224836285697748
2024-01-26,-0.006106205632264669
2024-01-29,0.02286569211746891
2024-01-30,-0.004257525734244703
2024-01-31,-0.04443005741840629
2024-02-01,0.033654146882136665
2024-02-02,0.030310441134127186
2024-02-05,-0.012845253146807298
2024-02-06,0.0043562453974473805
2024-02-07,0.022508047642790383
2024-02-08,0.0030761899022677067
2024-02-09,0.013700030327233523
2024-02-12,-0.0015482191325844746
2024-02-13,-0.043263319953618234
2024-02-14,0.023181620016730117
2024-02-15,0.018851292677109593
2024-02-16,-0.01821718489202865
2024-02-20,-0.01462996172944123
2024-02-21,-0.002659084319959303
2024-02-22,0.06042583279172733
2024-02-23,-0.0008924542927629413
2024-02-26,-0.005669163158128694
2024-02-27,0.0009758378187644866
2024-02-28,-0.0072228177478720346
2024-02-29,0.01155118398014199
2024-03-01,0.028841510858177315
2024-03-04,-0.008242974755984114
2024-03-05,-0.03841365334399821
2024-03-06,0.013665655048607046
2024-03-07,0.02770540179518341
2024-03-08,-0.022649864210086045
2024-03-11,-0.003956564125388186
2024-03-12,0.030869985853908117
2024-03-13,-0.008584425907499279
2024-03-14,-0.008505218315463846
2024-03-15,-0.024929264153498717
2024-03-18,0.0171877306464423
2024-03-19,0.01603968199755064
2024-03-20,0.030505295522314502
2024-03-21,0.013902343843709307
2024-03-22,-0.008902576529733386
2024-03-25,-0.010240828191460735
2024-03-26,-0.0061055253319757825
2024-03-27,0.022345780660076628
2024-03-28,-0.0016430542665692997
2024-04-01,-0.005929662457005444
2024-04-02,-0.02498788846296926
2024-04-03,0.002287452030010537
2024-04-04,-0.041831837231094675
2024-04-05,0.02909064903088162
2024-04-08,0.0009589301564001763
2024-04-09,0.004076268922591816
2024-04-10,-0.029771935109025448
2024-04-11,0.023146077878558338
2024-04-12,-0.04294624363143243
2024-04-15,-0.02979240701649254
2024-04-16,-0.00036971390727984135
2024-04-17,-0.016487532949389146
2024-04-18,-0.006097000618379534
2024-04-19,-0.018642941485056016
2024-04-22,0.02063283935982661
2024-04-23,0.027234869757875237
2024-04-24,0.0006183553863439442
2024-04-25,-0.01585818506485212
2024-04-26,0.02288358018141888
2024-04-29,0.009201313760603083
2024-04-30,-0.041100436940536694
2024-05-01,-0.007200163310053369
2024-05-02,0.02462538755228364
2024-05-03,0.0362395070211892
2024-05-06,0.02111654068046972
2024-05-07,0.0013782590393507268
2024-05-08,0.003080328572756587
2024-05-09,0.013804847328118059
2024-05-10,0.005293624053459895
2024-05-13,0.00024500014490297915
2024-05-14,0.010866443676076854
2024-05-15,0.030928741767363346
2024-05-16,-0.0041851876331925105
2024-05-17,0.0034438233256178625
2024-05-20,0.002581440764916084
2024-05-21,0.004497139476800491
2024-05-22,-0.0070681945551162376
2024-05-23,-0.0237796649532514
2024-05-24,0.01296027032726901
2024-05-28,-0.0007433721979488365
2024-05-29,-0.020357255568461324
2024-05-30,-0.02178887592449753
2024-05-31,0.019485445633794
2024-06-03,0.0007494493749839416
2024-06-04,0.005326816043442843
2024-06-05,0.0291273477575968
2024-06-06,0.0012199700393506407
2024-06-07,-0.004382340993094985
2024-06-10,0.00740016072614494
2024-06-11,0.005092344248090626
2024-06-12,0.017767319495216406
2024-06-13,0.004885146719281797
2024-06-14,0.0036900030531179053
2024-06-17,0.021835712940427666
2024-06-18,0.003158738335777862
2024-06-20,-0.004083040509912355
2024-06-21,-0.005341555998678137
2024-06-24,-0.007357242791602996
2024-06-25,0.006897816278669429
2024-06-26,0.003632617624269036
2024-06-27,0.004309260761859248
2024-06-28,-0.01072066441703532
2024-07-01,0.008135791364955012
2024-07-02,0.020881025397934516
2024-07-03,0.011523437944835369
2024-07-05,0.01751854824098339
2024-07-08,0.002798344558042685
2024-07-09,0.00021419411719200004
2024-07-10,0.030642378573028664
2024-07-11,-0.030685386220377763
2024-07-12,0.017674183609542655
2024-07-15,0.010425468416275594
2024-07-16,0.023990145103815023
2024-07-17,-0.03724121792710397
2024-07-18,-0.026140227434876744
2024-07-19,-0.025395051803371704
2024-07-22,0.026873611841611682
2024-07-23,-0.006917477220602637
2024-07-24,-0.06968787305183767
2024-07-25,-0.01323576834880358
2024-07-26,0.03672406361431549
2024-07-29,0.0007504724472028124
2024-07-30,-0.012231777118401559
2024-07-31,0.043651299694465205
2024-08-01,-0.04933061070865065
2024-08-02,-0.057627732089731945
2024-08-05,-0.08364578131888542
2024-08-06,0.02077493280739109
2024-08-07,-0.0193166387686039
2024-08-08,0.05868003963383625
2024-08-09,0.008263219660709722
2024-08-12,-0.0005912045770043181
2024-08-13,0.04277455784701447
2024-08-14,0.007939883870850711
2024-08-15,0.04802867268915685
2024-08-16,0.004419638605164499
2024-08-19,0.02433547339206108
2024-08-20,-0.004572726693599932
2024-08-21,0.0077244939957807355
2024-08-22,-0.024355894544605596
2024-08-23,0.026454597383789857
2024-08-26,-0.00902122786945618
2024-08-27,0.003778283681509975
2024-08-28,-0.017967411424268297
2024-08-29,0.0035564815100547036
2024-08-30,0.021589504805326877
2024-09-03,-0.05582981043879397
2024-09-04,-0.004404536481538522
2024-09-05,-0.005239049160959565
2024-09-06,-0.045560958907561885
2024-09-09,0.029168391111376563
2024-09-10,0.009028560883429113
2024-09-11,0.02832384537816259
2024-09-12,0.02106770659402079
2024-09-13,0.013624279989809807
2024-09-16,0.0020809735753188965
2024-09-17,0.0002647973093684694
2024-09-18,-0.008843226531881587
2024-09-19,0.04637362588106724
2024-09-20,-0.0032565191527367523
2024-09-23,0.005604751984778795
2024-09-24,0.00841082938659244
2024-09-25,-0.007206747108573551
2024-09-26,0.014711537062432839
2024-09-27,-0.004434330780587943
2024-09-30,0.006393027972492911
2024-10-01,-0.0236673737297847
2024-10-02,0.0019366200480978423
2024-10-03,-0.006217030464420647
2024-10-04,0.024337368284489565
2024-10-07,-0.024776197192981197
2024-10-08,0.02266702112881589
2024-10-09,0.02117146966365243
2024-10-10,-0.003523002386143622
2024-10-11,0.013113027188715608
2024-10-14,0.01892548922778092
2024-10-15,-0.024931564269257276
2024-10-16,0.009492640107201591
2024-10-17,0.004139676974580356
2024-10-18,0.008612157090764105
2024-10-21,-0.006171202169993913
2024-10-22,-0.00021015909588901317
2024-10-23,-0.029539511887610413
2024-10-24,0.005973072728571215
2024-10-25,-0.0008454520376309791
2024-10-28,0.008249926633970292
2024-10-29,0.006440416785689034
2024-10-30,-0.010711880306379274
2024-10-31,-0.047710060198393855
2024-11-01,0.01464329222199494
2024-11-04,-0.00911761767614165
2024-11-05,0.02936684668385656
2024-11-06,0.07421664639697342
2024-11-07,0.020558721849826857
2024-11-08,0.009042596508209776
2024-11-11,0.005663722246006696
2024-11-12,-0.011429012369814136
2024-11-13,-0.00015692737749697352
2024-11-14,-0.016103236915773415
2024-11-15,-0.03848790100518557
2024-11-18,0.008719981266121814
2024-11-19,0.006321019892975365
2024-11-20,0.002231536933361893
2024-11-21,0.01609212066188393
2024-11-22,0.01157013847956389
2024-11-25,0.012345909708552356
2024-11-26,0.011608410255513412
2024-11-27,-0.012325186383038754
2024-11-29,0.01683039002241934
2024-12-02,0.008209808122019761
2024-12-03,0.0011800532994448022
2024-12-04,0.021490584492899676
2024-12-05,-0.007987419709254805
2024-12-06,0.005980744743836528
2024-12-09,-0.015714857006673737
2024-12-10,-0.008582210831866038
2024-12-11,0.020436907871287192
2024-12-12,-0.014726592284216737
2024-12-13,0.004277223826922121
2024-12-16,0.015255712305620561
2024-12-17,-0.01314461727232323
2024-12-18,-0.08003484308891709
2024-12-19,-0.004785492360107202
2024-12-20,0.026861984110550262
2024-12-23,0.015022199690795515
2024-12-24,0.027828221409111946
2024-12-26,0.0005627624122924529
2024-12-27,-0.027650541935739355
2024-12-30,-0.030321532693102525
2024-12-31,-0.012352003410620687
2025-01-02,-0.007260978816413843
2025-01-03,0.030997033631817297
2025-01-06,0.015592963402014659
2025-01-07,-0.029926440125083078
2025-01-08,0.002321343033404381
2025-01-10,-0.04068891808504821
2025-01-13,0.004767268507969791
2025-01-14,0.0037040977684168292
2025-01-15,0.04922085091250995
2025-01-16,-0.008943707741194816
2025-01-17,0.028737896602926735
2025-01-21,0.022913569898687668
2025-01-22,0.018462804102485908
2025-01-23,0.013787818062429515
2025-01-24,-0.010844736316003837
2025-01-27,-0.033381848293017886
2025-01-28,0.022217268381796485
2025-01-29,-0.007697666810891687
2025-01-30,0.010992888590070181
2025-01-31,-0.01289836106228702
2025-02-03,-0.015527371817317503
2025-02-04,0.01865357657051667
2025-02-05,0.013265803344615596
2025-02-06,0.0049310306413758425
2025-02-07,-0.027542968148353955
2025-02-10,0.01898740781664278
2025-02-11,0.0009104889622399462
2025-02-12,-0.006597022187304982
2025-02-13,0.02787939478181784
2025-02-14,0.0006452648449202423
2025-02-18,0.004240730382829325
2025-02-19,0.003243281722696725
2025-02-20,-0.015199171511369904
2025-02-21,-0.047982733860474705
2025-02-24,-0.014641373310709858
2025-02-25,-0.013086982156852592
2025-02-26,-0.0012884764720373675
2025-02-27,-0.04200036319412568
2025-02-28,0.03734052441438162
2025-03-03,-0.04555239956104597
2025-03-04,-0.02617706375409993
2025-03-05,0.028179016573285948
2025-03-06,-0.04655407940076845
2025-03-07,0.01416457226812515
2025-03-10,-0.07150648150980908
2025-03-11,-0.02046792518239507
2025-03-12,0.01190262394842533
2025-03-13,-0.0367391988773482
2025-03-14,0.04957184136054718
2025-03-17,0.019422822278329144
2025-03-18,-0.028234272614732027
2025-03-19,0.02733378089326969
2025-03-20,-0.005704118809242369
2025-03-21,0.002787827593340307
2025-03-24,0.044195346692383036
2025-03-25,0.007663323728385717
2025-03-26,-0.02887725190697772
2025-03-27,-0.010032066455672723
2025-03-28,-0.05396659509020674
2025-03-31,0.013633045070519677
2025-04-01,0.008184581828531422
2025-04-02,0.015997772315910642
2025-04-03,-0.08509882515329546
2025-04-04,-0.10421934761994772
2025-04-07,-0.006628061159606735
2025-04-08,-0.023315678824149637
2025-04-09,0.1634931008851751
2025-04-10,-0.06024654047719351
2025-04-11,0.029257079702001712
2025-04-14,0.015053086047960691
2025-04-15,-0.00377667819810348
2025-04-16,-0.040038932079372015
2025-04-17,-0.008189185171883565
2025-04-21,-0.04244542157521066
2025-04-22,0.044542164802650004
2025-04-23,0.027417078582508705
2025-04-24,0.034983457540450305
2025-04-25,0.0103349635657313
2025-04-28,0.0016260432150183302
2025-04-29,0.0119078442841223
2025-04-30,0.0015425179743279163
2025-05-01,0.013980726806253693
2025-05-02,0.027128823563848596
2025-05-05,-0.008765198656117218
2025-05-06,-0.01701095133964851
2025-05-07,0.008848701877983825
2025-05-08,0.01485127839028515
2025-05-09,-0.003413129653548872
2025-05-12,0.06414425690985975
2025-05-13,0.012156944771880337
2025-05-14,0.0040104533024650215
2025-05-15,0.00740175850179667
2025-05-16,0.01125966934808962
2025-05-19,0.002995694606644632
2025-05-20,-0.006337622497302607
2025-05-21,-0.04147765495589017
2025-05-22,0.0013789852861779124
2025-05-23,-0.01872298646256369
2025-05-27,0.05096575218948035
2025-05-28,-0.013465997127321671
2025-05-29,0.0070982604447071915
2025-05-30,-0.0024065719097029906
2025-06-02,0.012657732800083575
2025-06-03,0.01567574680685334
2025-06-04,-0.00024402951791701872
2025-06-05,-0.012535240196227784
2025-06-06,0.024476732317258443
2025-06-09,0.001912101828442739
2025-06-10,0.012498860575356948
2025-06-11,-0.0053461996544138515
2025-06-12,0.006451722501387727
2025-06-13,-0.0350245192770514
2025-06-16,0.026178405096848614
2025-06-17,-0.021648499481481894
2025-06-18,-0.0014074529702234662
2025-06-20,-0.006692780774270358
2025-06-23,0.025091861826722482
2025-06-24,0.03139568094224365
2025-06-25,0.0009781102173729982
2025-06-26,0.022064701652540993
2025-06-27,0.014020572242569657
2025-06-30,0.014729670727846114
2025-07-01,-9.335359720949888e-05
2025-07-02,0.008835462589170225
2025-07-03,0.020314274122395934
2025-07-07,-0.020050541737636263
2025-07-08,-0.003489442356074405
2025-07-09,0.014954812700541232
2025-07-10,0.004537914352536826
2025-07-11,-0.010911088976140394
2025-07-14,0.006403462050967818
2025-07-15,-0.011171666846758053
2025-07-16,0.007551134167728534
2025-07-17,0.016653434877626497
2025-07-18,-0.0047767020931962605
2025-07-21,0.0062351940185505945
2025-07-22,-0.002073071573310652
2025-07-23,0.020507979056106043
2025-07-24,-0.003348146396529851
2025-07-25,0.008135684768520153
2025-07-28,0.0013588796997730708
2025-07-29,-0.0069902998580827005
2025-07-30,-0.003394788615355729
2025-07-31,-0.01435686440661725
2025-08-01,-0.04226923345427135
2025-08-04,0.03988582445445621
2025-08-05,-0.011678009772122584
2025-08-06,0.018679480428223417
2025-08-07,-0.0014196214249855474
2025-08-08,0.01786233820393466
2025-08-11,-0.007603933749648996
2025-08-12,0.028121743657360115
2025-08-13,0.014720252519774601
2025-08-14,-0.0017953188779350811
2025-08-15,-0.005883323279161792
2025-08-18,-0.001959828351284739
2025-08-19,-0.018473332878585103
2025-08-20,-0.008918196958016225
2025-08-21,-0.011778857320291745
2025-08-22,0.04921907222866376
2025-08-25,-0.015013975833550647
2025-08-26,0.010617821458884395
2025-08-27,0.006986600134571195
2025-08-28,0.010785325344689999
2025-08-29,-0.019538980783471552
2025-09-02,-0.021529717348264837
2025-09-03,0.011592324144051055
2025-09-04,0.025185510599427592
2025-09-05,-0.007354890891417497
2025-09-08,0.010260227375451922
2025-09-09,0.008745234414917105
2025-09-10,-0.0016462079222463255
2025-09-11,0.0268002554508565
2025-09-12,-0.0027838632914269916
2025-09-15,0.01507935860566671
2025-09-16,-0.005398294471389868
2025-09-17,0.002150841389802681
2025-09-18,0.016290803325689194
2025-09-19,0.014114959777468291
2025-09-22,0.011674121207425671
2025-09-23,-0.013837407350444253
2025-09-24,-0.010900343918865015
2025-09-25,-0.012872457871211886
2025-09-26,0.015502190893522448
2025-09-29,0.008624937871129154
2025-09-30,0.007536845635680077
2025-10-01,0.009136713082902129
2025-10-02,0.00681352179463042
2025-10-03,1.153092361872235e-05
2025-10-06,0.009321993272443051
2025-10-07,-0.011089463995555741
2025-10-08,0.017103663095110834
2025-10-09,-0.00981011505298718
2025-10-10,-0.08129887172378727
2025-10-13,0.04878982390247451
2025-10-14,-0.0036755918736261573
2025-10-15,0.01097133919346717
2025-10-16,-0.01748623844084466
2025-10-17,0.01624825435640117
2025-10-20,0.034041498801396015
2025-10-21,0.0041351864560063446
2025-10-22,-0.0223367658931586
2025-10-23,0.016842814571157987
2025-10-24,0.028540261102857532
2025-10-27,0.036190639124082026
2025-10-28,0.013953406767455068
2025-10-29,0.0033261599988476547
2025-10-30,-0.02940760976892227
2025-10-31,0.008467179619040574
2025-11-03,0.0018857014850307777
2025-11-04,-0.038056222736291445
2025-11-05,0.013995995080944205
2025-11-06,-0.03793562558551999
2025-11-07,-0.0014777417259666332
2025-11-10,0.04491915333152925
2025-11-11,0.011406038368867985
2025-11-12,0.00706193533382779
2025-11-13,-0.053700839282970286
2025-11-14,-0.006961788170199095
2025-11-17,-0.029947421516218486
2025-11-18,-0.031045528379329338
2025-11-19,0.009820124936373742
2025-11-20,-0.04695385295930232
2025-11-21,0.028390458819047962
2025-11-24,0.04235741174696557
2025-11-25,0.02991427802858944
2025-11-26,0.021820879786143693
2025-11-28,0.018346829766893502
2025-12-01,-0.015803907746296416
2025-12-02,0.013289294914502254
2025-12-03,0.014398166273410182
2025-12-04,-0.0010026101353192711
2025-12-05,0.006842677520062923
2025-12-08,-0.009010073494740995
2025-12-09,-0.003572616929015403
2025-12-10,0.020473210048047676
2025-12-11,0.01291149003371399
2025-12-12,-0.03549722542739191
2025-12-15,-0.006804612799617393
2025-12-16,-0.00836708796115037
2025-12-17,-0.03385952929903429
2025-12-18,0.022449841312345595
2025-12-19,0.024419733904931618
2025-12-22,0.015357736014161736
2025-12-23,0.010336046148360244
2025-12-24,0.01181808674202189
2025-12-26,-0.0008945312031724303
2025-12-29,-0.013806056812076837
2025-12-30,-0.0057769897693027445
2025-12-31,-0.022224261495318205
2026-01-02,0.005580515251245658
2026-01-05,0.027490971415975805
2026-01-06,0.024504185902521583
2026-01-07,-0.012411153394729804
2026-01-08,-0.0006188383002000905
2026-01-09,0.020459331769559556
2026-01-12,0.004155150966035734
2026-01-13,-0.012652293858600186
2026-01-14,-0.015619412524735593
2026-01-15,0.011839005406829785
2026-01-16,-0.004883709557318597
2026-01-20,-0.05826396567650936
2026-01-21,0.03597897600875291
2026-01-22,0.01836946842139047
2026-01-23,-0.0033374394797089754
2026-01-26,0.01565374088511037
2026-01-27,0.0037709211968519375
2026-01-28,0.002924538086029537
2026-01-29,-0.00831240117701306
2026-01-30,-0.01760401517756657
2026-02-02,0.02204385996653914
2026-02-03,-0.027062586508811992
2026-02-04,-0.015840884639549926
2026-02-05,-0.038730029585953944
2026-02-06,0.06462332878366943
2026-02-09,0.01185361036783887
2026-02-10,-0.005574326250352289
2026-02-11,0.0006018727077251838
2026-02-12,-0.04856196499413432
2026-02-13,0.0026262395474359957
2026-02-17,0.001778082919032255
2026-02-18,0.011154577669307116
2026-02-19,-0.010054073272161934
2026-02-20,0.01574569648825818
2026-02-23,-0.0328465264169196
2026-02-24,0.02058506687705486
2026-02-25,0.02258242511770702
2026-02-26,-0.012773797621929777
2026-02-27,-0.01707636707349518
2026-03-02,1.7644690426306875e-05
2026-03-03,-0.02226593598730458
2026-03-04,0.020392610820551035
2026-03-05,-0.021977639867503448
2026-03-06,-0.0313403840868389
2026-03-09,0.02136797257227664
2026-03-10,-0.00195382740936245
2026-03-11,-0.006858666862467232
2026-03-12,-0.03942185619939249
2026-03-13,-0.009754470547975375
2026-03-16,0.01948546313095696
2026-03-17,0.005870778277584586
2026-03-18,-0.029983326259912194
2026-03-19,-0.006690569688956617
2026-03-20,-0.028398065488526286
2026-03-23,0.02307124266257498
2026-03-24,-0.008105856790309911
2026-03-25,0.012201529129316172
2026-03-26,-0.03428059243532641
2026-03-27,-0.03577018463402289
2026-03-30,-0.0061939684949519624
2026-03-31,0.056160872658536636
2026-04-01,0.016282499061625794
2026-04-02,0.00029107434100815097
2026-04-06,0.009103161930421164
2026-04-07,-0.0006740501994158531
2026-04-08,0.05471947804526073
2026-04-09,0.012179965580295984
2026-04-10,-0.0036154730083427134
2026-04-13,0.01730310711748217
2026-04-14,0.025154470222413718
2026-04-15,0.013738033952666831
2026-04-16,0.0062163949397870885
2026-04-17,0.03932246499105246
2026-04-20,-0.004785495804360381
2026-04-21,-0.015477314048475764
2026-04-22,0.031904200630245697
2026-04-23,-0.012846557219737605
2026-04-24,0.02531273109812127
2026-04-27,0.001222564853343125
2026-04-28,-0.016114151892730723
2026-04-29,0.0017192533296232857
2026-04-30,0.03161143642130293
2026-05-01,0.00951403053534762
2026-05-04,-0.014500933119786272
2026-05-05,0.026505335294177874
2026-05-06,0.04563409223864362
2026-05-07,-0.010517251389523726
2026-05-08,0.03127908737008051
2026-05-11,0.007137384257751485
2026-05-12,-0.008939740183898922
2026-05-13,0.014229097264897381
2026-05-14,0.022361322512208223
2026-05-15,-0.0382833686515932
2026-05-18,-0.0027375300562842955
2026-05-19,-0.018740543298751973
2026-05-20,0.03915794808515367
2026-05-21,0.009475251030082659
2026-05-22,0.01291961219510711
2026-05-26,0.022719842198925498
2026-05-27,0.0017180245787351098
2026-05-28,0.014444588924561642
2026-05-29,0.012234990638452573
2026-06-01,0.00995549736984438
2026-06-02,0.011017436408118567
2026-06-03,-0.020229297219209727
2026-06-04,0.013204409433354946
2026-06-05,-0.08916165105066408
2026-06-08,0.015401297332216568
2026-06-09,-0.013329028499436627
2026-06-10,-0.054130996771624335
2026-06-11,0.06725422437105098
2026-06-12,0.018709845630363584
2026-06-15,0.058526385982147634
2026-06-16,-0.019304900922942785
2026-06-17,-0.032392821252597084
2026-06-18,0.033490890165830754
2026-06-22,-0.00129849733983229
2026-06-23,-0.04925381850248639
2026-06-24,-0.0015009667806355105
2026-06-25,0.009417058069715135
2026-06-26,-0.02435739882581854
2026-06-29,0.04913216079145319
2026-06-30,0.02573327921721121
2026-07-01,-0.015384098980438353
2026-07-02,-0.008430091344312537
2026-07-06,0.025984618201139606
2026-07-07,-0.025903241652481285
2026-07-08,-0.012685832157814145
2026-07-09,0.02686117265882439
2026-07-10,0.009706112676866451
2026-07-13,-0.02881132360002683
2026-07-14,0.014056645434043022
2026-07-15,0.0037177848922499723
2026-07-16,-0.02363338343507042
2026-07-17,-0.032360073367505196
2026-07-20,-0.007246218473270837
2026-07-21,0.032644413482963305
2026-07-22,-0.0061723156325439125
2026-07-23,-0.040597231631161135
2026-07-24,-0.005545405800922037
2026-07-27,0.0017663827638458682
2026-07-28,0.0032952766133612834
2026-07-29,-0.04812138127573817
2026-07-30,0.04933479538138356
2026-07-31,0.015497018527882593
2026-08-03,0.03703656861761531
2026-08-04,0.05704518095120951
2026-08-05,-0.0054774977330068475
2026-08-06,-0.011821663260257676
2026-08-07,0.01636555039003885
2026-08-10,-0.003758625507659162
2026-08-11,-0.008401847933675146
2026-08-12,0.007680957068846101
2026-08-13,0.016492128340079043
2026-08-14,-0.005028127525032386
2026-08-17,-0.009706380925565302
2026-08-18,-0.02235019581839791
2026-08-19,0.0021943923872424407
2026-08-20,-0.02394580786219267
2026-08-21,0.013840961878519752
2026-08-24,-0.008776556902095419
2026-08-25,0.009974684615282586
2026-08-26,-0.0007037801476767225
2026-08-27,0.01800080159935006
2026-08-28,-0.008088810163153663
2026-08-31,-0.007970024954538416
2026-09-01,-0.02268655405120764
2026-09-02,0.010023661951455988
2026-09-03,0.02819193256325566
2026-09-04,-0.006776301509519011
2026-09-08,-0.015020680946314521
2026-09-09,-0.012607704174464513
2026-09-10,-0.019649397445886653
2026-09-11,0.021793041985172665
2026-09-14,-0.012753959162262669
2026-09-15,-0.014620614988135938
