date,returns
2010-02-11,0.0
2010-02-12,0.023774959842142323
2010-02-16,0.0595826126454708
2010-02-17,0.020920921792893038
2010-02-18,-0.02683089455448546
2010-02-19,-0.004620187424942234
2010-02-22,-0.013175427272878739
2010-02-23,0.04096500129087612
2010-02-24,-0.018073240738141986
2010-02-25,-0.006382659825575295
2010-02-26,-0.009066566456880362
2010-03-01,0.06596408560267845
2010-03-02,0.023755080000663276
2010-03-03,-0.011402533984010492
2010-03-04,-0.014005502867947193
2010-03-05,-0.05949194050660412
2010-03-08,-0.009239722916632817
2010-03-09,-0.008070152695660594
2010-03-10,-0.026396638185296077
2010-03-11,-0.009842294534778985
2010-03-12,0.001500583328289648
2010-03-15,0.008988650635983704
2010-03-16,-0.024684618752034482
2010-03-17,-0.018268458261740794
2010-03-18,0.009110445120688569
2010-03-19,0.038801448964628955
2010-03-22,-0.04197482773592321
2010-03-23,-0.03802334808109867
2010-03-24,0.03250392869748971
2010-03-25,0.020209758393960258
2010-03-26,-0.0007621486916155626
2010-03-29,-0.01677452640415412
2010-03-30,-0.00465295550003935
2010-03-31,0.021036368641391925
2010-04-01,-0.024799879863770538
2010-04-05,-0.05790287341765922
2010-04-06,-0.017857234350419478
2010-04-07,0.00824517314802237
2010-04-08,-0.0004191036599284754
2010-04-09,-0.013006084981059351
2010-04-12,-0.009777083081605948
2010-04-13,-0.010517064514313355
2010-04-14,-0.06399139389963923
2010-04-15,-0.009965232580213037
2010-04-16,0.03909198821727038
2010-04-19,0.015318435039326095
2010-04-20,-0.042156406292957166
2010-04-21,-0.019689792438074262
2010-04-22,-0.03331767437888275
2010-04-23,-0.03202159699904227
2010-04-26,0.012626459625318163
2010-04-27,0.06832933941649037
2010-04-28,0.0024722511929409436
2010-04-29,-0.06402430410449476
2010-04-30,0.088449027010271
2010-05-03,0.06902313117450372
2010-05-04,0.09351108576095832
2010-05-05,-0.044527803777913
2010-05-06,-0.10136510193517809
2010-05-07,-0.09664716797249784
2010-05-10,0.1673914140729319
2010-05-11,0.021359266619574106
2010-05-12,0.09159427539886314
2010-05-13,-0.0297763534448544
2010-05-14,-0.06298801826507798
2010-05-17,0.009393245698360425
2010-05-18,-0.05195016374006599
2010-05-19,-0.038579697432869
2010-05-20,-0.15323168425271977
2010-05-21,0.04602666993805639
2010-05-24,-0.040092417879301435
2010-05-25,-0.00783131465107066
2010-05-26,0.010840000940295502
2010-05-27,0.13045296441765294
2010-05-28,-0.03748399015634832
2010-06-01,-0.09109187643325183
2010-06-02,0.08411432215208225
2010-06-03,0.038648177540321266
2010-06-04,-0.1508038488189894
2010-06-07,-0.07596627968308636
2010-06-08,-0.004050935791550126
2010-06-09,0.0031100890699839938
2010-06-10,0.10506887200157065
2010-06-11,0.04392424060192173
2010-06-14,0.011681910825492114
2010-06-15,0.07776398429725556
2010-06-16,-0.009765969600218385
2010-06-17,-0.0007658268018221837
2010-06-18,0.003353802770255865
2010-06-21,-0.03094253194672926
2010-06-22,-0.06198887546079694
2010-06-23,-0.00808973378416141
2010-06-24,-0.04967696681126885
2010-06-25,0.05182767839154308
2010-06-28,-0.016106664483363176
2010-06-29,-0.11405496981730806
2010-06-30,-0.03671290575727265
2010-07-01,-0.021075208929856006
2010-07-02,-0.03287367007540543
2010-07-06,-0.034657243136322465
2010-07-07,0.09845356530420878
2010-07-08,0.04286619175127706
2010-07-09,0.046407797540215026
2010-07-12,-0.028222416224073236
2010-07-13,0.08854880192449667
2010-07-14,0.008152582274803182
2010-07-15,-0.02623766622868138
2010-07-16,-0.10811745247442696
2010-07-19,0.006320724440127803
2010-07-20,0.05150070089256339
2010-07-21,-0.05148700425634309
2010-07-22,0.10654884114678755
2010-07-23,0.07329853779294558
2010-07-26,0.06808043823906607
2010-07-27,0.012306816316129952
2010-07-28,0.04817666509056795
2010-07-29,-0.01011052010965363
2010-07-30,0.0022342473636084085
2010-08-02,0.04883231422313965
2010-08-03,-0.020647791096836867
2010-08-04,0.030177562090950755
2010-08-05,-0.03531272832072534
2010-08-06,-0.01726313572327665
2010-08-09,0.03322753439460887
2010-08-10,-0.05510037985748282
2010-08-11,-0.111749499869771
2010-08-12,-0.02330655759919119
2010-08-13,-0.03460787923069413
2010-08-16,0.02303607926500827
2010-08-17,0.050601052728430955
2010-08-18,0.012281672658971555
2010-08-19,-0.08136080757469558
2010-08-20,-0.0014242961580851398
2010-08-23,-0.03928956554417833
2010-08-24,-0.03414770010311505
2010-08-25,0.04499755509044388
2010-08-26,-0.022867376677431526
2010-08-27,0.0810183349417379
2010-08-30,-0.06886937791729106
2010-08-31,-0.0033992144585282217
2010-09-01,0.11514320038641082
2010-09-02,0.0325423189502016
2010-09-03,-0.05080543545274955
2010-09-07,0.05330718794069556
2010-09-08,0.015710888320543674
2010-09-09,-0.0014726702278596748
2010-09-10,-0.009695068425070645
2010-09-13,-0.07065311514435131
2010-09-14,0.008701753468525293
2010-09-15,-0.013620962031311594
2010-09-16,0.015880451810006045
2010-09-17,-0.012686910317575585
2010-09-20,-0.08352464150672756
2010-09-21,0.01677502182932136
2010-09-22,0.03348929263594176
2010-09-23,-0.03555617058749528
2010-09-24,0.09397214463944925
2010-09-27,0.005844946193960932
2010-09-28,0.02404075421543095
2010-09-29,0.010759893573626738
2010-09-30,0.012118204110599452
2010-10-01,-0.018480144237483585
2010-10-04,0.041368565184244484
2010-10-05,0.08198377502056992
2010-10-06,0.004722323748307684
2010-10-07,-0.009407832187072392
2010-10-08,0.0374236566135168
2010-10-11,0.004441301248526987
2010-10-12,0.008301844296395761
2010-10-13,-0.046632219605689064
2010-10-14,0.004227091954734939
2010-10-15,0.009921804447402966
2010-10-18,-0.03245015365121214
2010-10-19,0.0636924568839747
2010-10-20,-0.029794639247631285
2010-10-21,0.012820361167979579
2010-10-22,-0.018545804195355994
2010-10-25,-0.01679643317692275
2010-10-26,0.0027455697494493253
2010-10-27,0.006997220070718481
2010-10-28,0.013897198385963937
2010-10-29,-0.007449495113323238
2010-11-01,0.020714745018510054
2010-11-02,-0.06176491075705925
2010-11-03,-0.012225753968512772
2010-11-04,-0.07584882303643119
2010-11-05,-0.016826912093403278
2010-11-08,0.0010478494834898855
2010-11-09,0.04117255203713714
2010-11-10,-0.03351208912084516
2010-11-11,0.011095645154092715
2010-11-12,0.049382597240488706
2010-11-15,-0.0006536459776541304
2010-11-16,0.05526486061264727
2010-11-17,-0.00743715671172526
2010-11-18,-0.05807049987670093
2010-11-19,-0.009943709165249948
2010-11-22,-0.015065247915514423
2010-11-23,0.028212006700612666
2010-11-24,-0.0671071793301062
2010-11-26,0.015591539203189786
2010-11-29,0.0027913966572117636
2010-11-30,0.021572726218259546
2010-12-01,-0.06743861520240557
2010-12-02,-0.030679429691110812
2010-12-03,-0.022607241036801676
2010-12-06,-0.01773359055571337
2010-12-07,-0.01648329164532421
2010-12-08,0.001197124083393048
2010-12-09,-0.011159734168810866
2010-12-10,-0.03587260956202492
2010-12-13,0.012959766903609565
2010-12-14,0.002063519416831122
2010-12-15,0.011532031971891581
2010-12-16,-0.030130291555378344
2010-12-17,-0.00839635457205952
2010-12-20,-0.012700868171240083
2010-12-21,-0.03173251461088034
2010-12-22,-0.001771403648294416
2010-12-23,0.003549308829257209
2010-12-27,-0.00928390373992407
2010-12-28,0.008478481673747991
2010-12-29,-0.005309935335807436
2010-12-30,0.0031140153396759366
2010-12-31,0.021285764722428647
2011-01-03,-0.05254019100080831
2011-01-04,0.041704916360669114
2011-01-05,-0.03211579160788625
2011-01-06,0.012272695783745267
2011-01-07,0.01436881653419257
2011-01-10,-0.015050695150789668
2011-01-11,-0.010786707723058755
2011-01-12,-0.024988511490323218
2011-01-13,0.0018637405350320768
2011-01-14,-0.023720765222416493
2011-01-18,-0.00476431573843494
2011-01-19,0.07707050485747428
2011-01-20,0.03066691668175502
2011-01-21,0.01940486530458279
2011-01-24,0.026479794220280746
2011-01-25,-0.003460269524337979
2011-01-26,0.047321472804073623
2011-01-27,-0.010478190247600187
2011-01-28,0.07274391884027624
2011-01-31,0.014141576683015723
2011-02-01,0.06894773676941332
2011-02-02,0.0060976986602854855
2011-02-03,-0.008391814079047802
2011-02-04,-0.005641623014973964
2011-02-07,-0.03026013056569891
2011-02-08,-0.020965257946615596
2011-02-09,0.014442277754070818
2011-02-10,-0.012272960853290365
2011-02-11,-0.03479139064924828
2011-02-14,-0.014933046290244835
2011-02-15,0.018818630700472273
2011-02-16,-0.026167268321137332
2011-02-17,-0.022128506546947844
2011-02-18,-0.0026940462087122656
2011-02-22,0.07671548888744253
2011-02-23,-0.04688661986885067
2011-02-24,0.016558332997497843
2011-02-25,0.0675827371771771
2011-02-28,0.004882484833196028
2011-03-01,-0.05841442534610582
2011-03-02,0.011258752464897152
2011-03-03,0.06714583797132992
2011-03-04,0.01181526860471839
2011-03-07,0.04777097544044913
2011-03-08,-0.047619211020163414
2011-03-09,0.012234163291861142
2011-03-10,0.07619514039957986
2011-03-11,0.0076298744120072495
2011-03-14,-0.016105915964257356
2011-03-15,-0.02406532365999792
2011-03-16,-0.033420962479860074
2011-03-17,0.01165494422825948
2011-03-18,0.034818535764286826
2011-03-21,0.06853019959147764
2011-03-22,-0.009608657150247963
2011-03-23,0.00338959490995831
2011-03-24,0.02201803751295974
2011-03-25,-0.026743516361957244
2011-03-28,0.0070044028345292025
2011-03-29,-0.028357558202559554
2011-03-30,-0.038546213473983536
2011-03-31,-0.010881968066471596
2011-04-01,-0.011580772221443231
2011-04-04,-0.008201527581722448
2011-04-05,-0.01535741322838615
2011-04-06,-0.0041992715544901795
2011-04-07,0.013855561756460655
2011-04-08,0.027332273773508234
2011-04-11,0.029496607517957914
2011-04-12,0.03820252480890379
2011-04-13,-0.003246941531227439
2011-04-14,0.014795822582774622
2011-04-15,-0.028681650564771677
2011-04-18,-0.04566753648259841
2011-04-19,-0.0014500624438349072
2011-04-20,0.06121536193964347
2011-04-21,-0.020833425206592336
2011-04-25,0.002955242998839249
2011-04-26,0.029265419595825414
2011-04-27,0.01778372509345259
2011-04-28,-0.014197522890686114
2011-04-29,0.006984686667303122
2011-05-02,0.03612158993926206
2011-05-03,0.03363926635259582
2011-05-04,-0.04111446810917242
2011-05-05,-0.013608439978324161
2011-05-06,0.015329064907283453
2011-05-09,0.037312941533074497
2011-05-10,0.0440790183723798
2011-05-11,-0.05287227753515298
2011-05-12,0.025441085504142726
2011-05-13,-0.04234131866381967
2011-05-16,-0.044213881686993896
2011-05-17,-0.007840566074945597
2011-05-18,0.044253950163884406
2011-05-19,0.004756773200580579
2011-05-20,-0.020120555698530527
2011-05-23,-0.05358515875281809
2011-05-24,-0.015082920926766554
2011-05-25,0.03793163570932151
2011-05-26,0.03960917332301733
2011-05-27,0.020196736288780284
2011-05-31,0.0430175374964423
2011-06-01,-0.09531121757273585
2011-06-02,-0.002154651941498973
2011-06-03,-0.043755050565505244
2011-06-06,-0.04860978782456289
2011-06-07,0.006246304776934142
2011-06-08,-0.03314712616386882
2011-06-09,0.015536600048624918
2011-06-10,-0.04981635060074887
2011-06-13,-0.008117297117021995
2011-06-14,0.06560226283390855
2011-06-15,-0.05426143249525291
2011-06-16,0.01025032819293152
2011-06-17,-0.0035576240832034685
2011-06-20,0.026976905725209256
2011-06-21,0.06695836914106082
2011-06-22,-0.02268873381849857
2011-06-23,0.011977991710179423
2011-06-24,-0.016839098928469475
2011-06-27,0.023954067228849026
2011-06-28,0.04836369886956418
2011-06-29,-0.01354384979565179
2011-06-30,-0.023455549262403785
2011-07-01,-0.04510850798919615
2011-07-05,-0.007975269414771669
2011-07-06,-0.012368653928581847
2011-07-07,-0.046963098129041043
2011-07-08,0.018396936797608822
2011-07-11,0.06387089458832905
2011-07-12,-0.016564967984796394
2011-07-13,0.027703757430504093
2011-07-14,-0.05024804441845631
2011-07-15,0.019300716340459136
2011-07-18,-0.04655810457648859
2011-07-19,0.06717264827988012
2011-07-20,-0.0037218944627291496
2011-07-21,0.0272497920164902
2011-07-22,-0.0037546847458325037
2011-07-25,0.03454778570275327
2011-07-26,0.022465084204040295
2011-07-27,-0.08865749095140478
2011-07-28,-0.0032263565813482266
2011-07-29,-0.00921196545183932
2011-08-01,-0.011684814525104848
2011-08-02,-0.09661855862212325
2011-08-03,0.018013246188787108
2011-08-04,-0.1799835086093015
2011-08-05,-0.05377601401126824
2011-08-08,-0.25797258788731414
2011-08-09,0.1999999236589793
2011-08-10,-0.15186074888001352
2011-08-11,0.14366582657320626
2011-08-12,0.02103954460435105
2011-08-15,0.0834344222675075
2011-08-16,-0.05519285428010397
2011-08-17,0.0015785850214911114
2011-08-18,-0.1678814687328979
2011-08-19,-0.058489584926436855
2011-08-22,-0.007293557622334002
2011-08-23,0.1428932642566352
2011-08-24,0.043449507354332104
2011-08-25,-0.07265777397693453
2011-08-26,0.06964479220170341
2011-08-29,0.14285736175102948
2011-08-30,0.015179686172077262
2011-08-31,-0.005907242961340106
2011-09-01,-0.06722389444187843
2011-09-02,-0.10650985662267069
2011-09-06,-0.00891270206608694
2011-09-07,0.11465846960844339
2011-09-08,-0.058088199515283684
2011-09-09,-0.08650956847174157
2011-09-12,0.026019496314918657
2011-09-13,0.04820683700287241
2011-09-14,0.05340016760834466
2011-09-15,0.04138213078331287
2011-09-16,0.0029802070785505167
2011-09-19,-0.0519016958806162
2011-09-20,-0.047012178958676445
2011-09-21,-0.11050195618668165
2011-09-22,-0.08824252059404586
2011-09-23,0.03244104512163713
2011-09-26,0.05420281776681739
2011-09-27,0.066567320511789
2011-09-28,-0.11318146111256687
2011-09-29,0.0504202768251466
2011-09-30,-0.09074987584639571
2011-10-03,-0.15287335809903937
2011-10-04,0.1778641350062375
2011-10-05,0.04491596751397347
2011-10-06,0.06724702276295438
2011-10-07,0.07706347936879147
2011-10-10,-0.12997465520903767
2011-10-11,-0.021410931023721488
2011-10-12,-0.042267467846514487
2011-10-13,-0.0025960685735904143
2011-10-14,-0.058303119096543635
2011-10-17,0.09452721515093972
2011-10-18,-0.08282818718269595
2011-10-19,0.05561703721401343
2011-10-20,-0.00991158920979236
2011-10-21,-0.06533182371987162
2011-10-24,-0.09751979438008973
2011-10-25,0.08307316596644417
2011-10-26,-0.05132645395131976
2011-10-27,-0.15683890823354324
2011-10-28,0.011535719848348513
2011-10-31,0.08054162151947014
2011-11-01,0.0969657965743436
2011-11-02,0.08105785583869406
2011-11-03,0.07517916891424871
2011-11-04,0.015352428388478681
2011-11-07,0.0061854694796690465
2011-11-08,0.04486940001593715
2011-11-09,0.1406138072573069
2011-11-10,0.02052462452032203
2011-11-11,0.0779599638858151
2011-11-14,0.0387274613805306
2011-11-15,0.03833785604107573
2011-11-16,0.04854370968007111
2011-11-17,-0.04345163317470013
2011-11-18,0.0008491486030303257
2011-11-21,-0.07507969661254203
2011-11-22,-0.022701068632441205
2011-11-23,-0.09408730425541498
2011-11-25,-0.038073202120806414
2011-11-28,0.14162658719368137
2011-11-29,-0.007547152478576812
2011-11-30,0.1772811179691039
2011-12-01,0.021474801051821337
2011-12-02,-0.011212193620808046
2011-12-05,-0.05173653994342335
2011-12-06,-0.002241966392562168
2011-12-07,0.0037450672370674494
2011-12-08,0.09029881248413558
2011-12-09,0.0904804046427739
2011-12-12,0.04436128778314337
2011-12-13,-0.06328316734238168
2011-12-14,-0.03882417761566299
2011-12-15,0.02875411792524321
2011-12-16,0.023291758854799668
2011-12-19,-0.05354432701671662
2011-12-20,0.12253782789210321
2011-12-21,0.010201931766649129
2011-12-22,-0.020361853294715654
2011-12-23,-0.010777619232254789
2011-12-27,-0.010117053172819477
2011-12-28,0.05267310437008354
2011-12-29,0.03116690323273089
2011-12-30,-0.017100802337821203
2012-01-03,0.048553603548188155
2012-01-04,0.01757181430013978
2012-01-05,-0.01648329164532421
2012-01-06,0.007981084647899655
2012-01-09,-0.016627322700997323
2012-01-10,-0.04186801936725681
2012-01-11,-0.01344521210239853
2012-01-12,-0.008517626389712703
2012-01-13,0.018040876622978506
2012-01-17,-0.0014635717301754853
2012-01-18,0.05478204342404811
2012-01-19,-0.01782541148522349
2012-01-20,-0.005444742911653791
2012-01-23,0.003649921013290118
2012-01-24,-0.015454762378643712
2012-01-25,-0.027700542679026614
2012-01-26,0.003798507269808541
2012-01-27,-0.020813762581687923
2012-01-30,0.0231885853324467
2012-01-31,0.0009439039611985114
2012-02-01,0.06475041373185345
2012-02-02,-0.016112469973737678
2012-02-03,-0.0675538753813974
2012-02-06,0.008781648579108826
2012-02-07,0.005440726914915544
2012-02-08,-0.006493621249280832
2012-02-09,0.01307206206526709
2012-02-10,0.04193524745177609
2012-02-13,-0.03818356474348696
2012-02-14,0.009656628757288854
2012-02-15,0.02763009234625085
2012-02-16,-0.05894517876598124
2012-02-17,0.002197841343635385
2012-02-21,0.01973699393062917
2012-02-22,0.024730838271192192
2012-02-23,-0.044071193201592224
2012-02-24,0.004390658321249181
2012-02-27,0.0032788133506119997
2012-02-28,0.007625276206513532
2012-02-29,0.0475674981560489
2012-03-01,-0.018575746082184208
2012-03-02,0.04521541090066677
2012-03-05,0.0022274931747292086
2012-03-06,0.05953591415932158
2012-03-07,0.029376843568247605
2012-03-08,0.03936376886097341
2012-03-09,-0.040816311417197174
2012-03-12,0.005318857356389758
2012-03-13,-0.06137542508802875
2012-03-14,0.025930085630415992
2012-03-15,-0.025274710229871475
2012-03-16,0.004509594932158685
2012-03-19,-0.029180875406577725
2012-03-20,0.028901764011064344
2012-03-21,0.001123751570241846
2012-03-22,0.026935895066276607
2012-03-23,-0.02950806431037512
2012-03-26,-0.060811006387806045
2012-03-27,0.020383769561902437
2012-03-28,0.016451173129932963
2012-03-29,0.012717061429323145
2012-03-30,0.004565876511039046
2012-04-02,-0.03636332897106623
2012-04-03,0.01886775901348735
2012-04-04,0.05208342301913379
2012-04-05,0.012101025891600612
2012-04-09,-0.045350730160988374
2012-04-10,-0.07419775720966805
2012-04-11,0.042389080044018354
2012-04-12,0.04412224570494439
2012-04-13,-0.03878902809342771
2012-04-16,0.002296586493359198
2012-04-17,0.04549935777872228
2012-04-18,-0.023481713718256143
2012-04-19,-0.01827494066203287
2012-04-20,0.016165758062484357
2012-04-23,-0.039370022919335515
2012-04-24,0.021077335843790523
2012-04-25,0.05062256679874237
2012-04-26,0.025261072147523937
2012-04-27,0.02448694870031034
2012-04-30,-0.03251240008420918
2012-05-01,0.003529678739285623
2012-05-02,0.006727510950998838
2012-05-03,-0.04146398530661503
2012-05-04,-0.0591032006739494
2012-05-07,0.010441324991678626
2012-05-08,-0.004666663442948367
2012-05-09,-0.014735469325846039
2012-05-10,0.009007486470059861
2012-05-11,-0.006905777950700786
2012-05-14,-0.03867030478670108
2012-05-15,-0.005822200428676519
2012-05-16,-0.019343321151141003
2012-05-17,-0.07039474975979625
2012-05-18,-0.03328764690931922
2012-05-21,0.07349973829154802
2012-05-22,-0.011817699389242795
2012-05-23,0.014806325286183974
2012-05-24,0.007669360458900748
2012-05-25,-0.002042188606446794
2012-05-29,0.041294856889553665
2012-05-30,-0.05501947216527226
2012-05-31,-0.006427258723478364
2012-06-01,-0.089041219157015
2012-06-04,-0.007101128766282741
2012-06-05,0.03912515003455696
2012-06-06,0.07246961097005222
2012-06-07,-0.018686426573970585
2012-06-08,0.038276626427330374
2012-06-11,-0.06669126828380086
2012-06-12,0.03910270276581421
2012-06-13,-0.03209166844257774
2012-06-14,0.033747660492324735
2012-06-15,0.036464456465078655
2012-06-18,0.003315431118053155
2012-06-19,0.05397470275555361
2012-06-20,0.004557463862730184
2012-06-21,0.07238636126234811
2012-06-22,0.03278053311579759
2012-06-25,0.04507387430506311
2012-06-26,0.011280892685528962
2012-06-27,0.04537752370534376
2012-06-28,-0.002170648020687814
2012-06-29,0.09352938528493976
2012-07-02,-0.028222056599745464
2012-07-03,-0.040475812125283187
2012-07-05,0.0021449383943684323
2012-07-06,0.033531679055603586
2012-07-09,-0.011119978370206316
2012-07-10,-0.032268664112482866
2012-07-11,-0.012293651997120366
2012-07-12,-0.009548264532409024
2012-07-13,0.03701147909381019
2012-07-16,-0.012450072533019807
2012-07-17,0.009917743001936579
2012-07-18,0.018808206231195928
2012-07-19,-0.010129053262101239
2012-07-20,-0.03515427126674867
2012-07-23,-0.051659521612263046
2012-07-24,-0.03769825797318009
2012-07-25,0.004873508283183961
2012-07-26,0.023502817220545487
2012-07-27,0.07709165108033941
2012-07-30,0.01383878610336751
2012-07-31,0.023557929585530026
2012-08-01,-0.05168795545861522
2012-08-02,-0.010937980564343456
2012-08-03,0.07085274552312716
2012-08-06,-0.026590926601953318
2012-08-07,-0.02328706619949259
2012-08-08,0.0020631718384843075
2012-08-09,-0.01235409700332862
2012-08-10,0.007412477276649922
2012-08-13,0.005978493083486623
2012-08-14,0.007085702405199052
2012-08-15,-0.0251927506087349
2012-08-16,-0.030966294204296266
2012-08-17,-0.02426731882683825
2012-08-20,0.010342241665671966
2012-08-21,0.00024380217001619502
2012-08-22,0.012183305744032098
2012-08-23,0.01949926017508583
2012-08-24,-0.006375556091241234
2012-08-27,-0.008792717414339166
2012-08-28,-0.013905786242851667
2012-08-29,-0.010211194472352018
2012-08-30,0.029476864649348216
2012-08-31,0.013413009431815913
2012-09-04,0.03540092337947612
2012-09-05,0.0
2012-09-06,0.05344236208480432
2012-09-07,-0.024635957404949685
2012-09-10,0.011678644721700345
2012-09-11,-0.004832381461261433
2012-09-12,-0.017534299765964614
2012-09-13,-0.04091140064497487
2012-09-14,-0.0271973833250167
2012-09-17,0.017068899341077817
2012-09-18,0.006654947724124776
2012-09-19,0.006323681981717621
2012-09-20,0.011710802609279763
2012-09-21,-0.011010498938631886
2012-09-24,0.009705879103083022
2012-09-25,0.04269153623545748
2012-09-26,-0.019919128190421565
2012-09-27,0.033726110754454516
2012-09-28,-0.022937824091152113
2012-10-01,0.009623706995801224
2012-10-02,0.004476918475205528
2012-10-03,-0.006326250752587765
2012-10-04,0.02127055244375443
2012-10-05,0.006666533389197872
2012-10-08,0.01876379976457636
2012-10-09,0.0354821866252772
2012-10-10,-0.006751987225286911
2012-10-11,0.01057414325333838
2012-10-12,-0.024663567126917196
2012-10-15,0.020076596704023935
2012-10-16,0.022986737398946955
2012-10-17,-0.026040323397024456
2012-10-18,0.016813636546627767
2012-10-19,0.059907752129506386
2012-10-22,-0.000511518089635386
2012-10-23,0.014841306841593141
2012-10-24,-0.010064392717089215
2012-10-25,0.012231985234684202
2012-10-26,0.014936975293316695
2012-10-31,0.015910776541970144
2012-11-01,0.03476911482320828
2012-11-02,-0.04646592938354159
2012-11-05,0.01968258373371724
2012-11-06,0.021015011535487228
2012-11-07,0.06931726364422676
2012-11-08,-0.04730613868913475
2012-11-09,0.010344830421129334
2012-11-12,-0.006996683861259221
2012-11-13,-0.018903598653108523
2012-11-14,-0.05114731656632745
2012-11-15,-0.02049093715369769
2012-11-16,0.02506590990720041
2012-11-19,0.06618873195169736
2012-11-20,0.0036213422723136465
2012-11-21,0.016322959123166326
2012-11-23,0.031783622990812985
2012-11-26,-0.008697816426723922
2012-11-27,-0.0035771596251593647
2012-11-28,0.023009041793003632
2012-11-29,0.034136341137506604
2012-11-30,-0.004473459668958468
2012-12-03,-0.00201396023969273
2012-12-04,0.004502382781564568
2012-12-05,-0.007109763561853727
2012-12-06,0.006070898864909046
2012-12-07,0.000773757776004348
2012-12-10,-0.013760497376476083
2012-12-11,-0.030319429632596206
2012-12-12,0.015772115493551234
2012-12-13,0.018251320720088893
2012-12-14,-0.0024077475058136874
2012-12-17,-0.036202732447245416
2012-12-18,-0.045075171983583545
2012-12-19,-0.0052445847237493435
2012-12-20,-0.013473903838635212
2012-12-21,0.012470170219753867
2012-12-24,0.01495601227632025
2012-12-26,0.018202893880758107
2012-12-27,0.0
2012-12-28,0.017593527046994073
2012-12-31,0.06198027885721413
2013-01-02,-0.08861863808040049
2013-01-03,0.0009753319108185924
2013-01-04,-0.01949313295798979
2013-01-07,0.012922495287739465
2013-01-08,0.0019625456472389486
2013-01-09,-0.014691348018132601
2013-01-10,-0.005964120689979949
2013-01-11,0.002999952423306774
2013-01-14,-0.0006644834786614577
2013-01-15,-0.012969764402038862
2013-01-16,0.0074123258036701565
2013-01-17,-0.028093637028830103
2013-01-18,-0.007914903394099379
2013-01-22,-0.02254604878795793
2013-01-23,0.007452120719934568
2013-01-24,-0.01021472872279463
2013-01-25,-0.019217102300951392
2013-01-28,-0.0043542143020864
2013-01-29,-0.001822079963677419
2013-01-30,0.03431915635197458
2013-01-31,-0.02153211527401638
2013-02-01,-0.025252652522859843
2013-02-04,0.03589976086000865
2013-02-05,-0.02751020431975397
2013-02-06,-0.012490375205618713
2013-02-07,0.011532491796938237
2013-02-08,-0.020595842417766325
2013-02-11,0.0015023193971917868
2013-02-12,-0.012748631941106713
2013-02-13,-0.012532997212069357
2013-02-14,-0.00769244368023998
2013-02-15,-0.0011626942062666404
2013-02-19,-0.02638750488735727
2013-02-20,0.05420499224188073
2013-02-21,0.02986763591364626
2013-02-22,-0.03524214354913857
2013-02-25,0.06354628346214239
2013-02-26,0.007640862479751207
2013-02-27,0.030924059853590116
2013-02-28,0.004482455665238125
2013-03-01,0.014416316232204313
2013-03-04,0.008120861058491587
2013-03-05,0.035019312365960446
2013-03-06,-0.009944189966655434
2013-03-07,-0.012856312544223187
2013-03-08,-0.028490406830342704
2013-03-11,0.0016759637821053257
2013-03-12,0.007110185393219704
2013-03-13,-0.013289458548638498
2013-03-14,-0.029461237305658992
2013-03-15,0.006504887025041947
2013-03-18,0.00990937291949225
2013-03-19,0.0127990586557889
2013-03-20,-0.027380430739757575
2013-03-21,0.025552648897125028
2013-03-22,-0.00802391774673413
2013-03-25,-0.0008514413741290555
2013-03-26,-0.012782117636145071
2013-03-27,-0.0017264009486591485
2013-03-28,0.0
2013-04-01,0.03591517781203139
2013-04-02,-0.01496863693316799
2013-04-03,-0.05023218561430434
2013-04-04,0.023999931477207474
2013-04-05,-0.006293714193371081
2013-04-08,0.02467825330242376
2013-04-09,-0.007992624590040926
2013-04-10,0.05360425696482096
2013-04-11,-0.0012903453205212704
2013-04-12,-0.012694105754621998
2013-04-15,-0.11036827764207681
2013-04-16,0.047982487970035556
2013-04-17,-0.048874691501125625
2013-04-18,-0.0171672581383084
2013-04-19,0.031039600719368454
2013-04-22,0.00972972038675443
2013-04-23,0.04999441864689081
2013-04-24,0.013820052049145513
2013-04-25,0.01948866203306624
2013-04-26,-0.01389333837856344
2013-04-29,0.0194917709923587
2013-04-30,0.014962580954586158
2013-05-01,-0.07135553931793251
2013-05-02,0.048175601353947134
2013-05-03,0.047538961542097476
2013-05-06,-0.01944794912772707
2013-05-07,-0.023524054883719437
2013-05-08,-0.010864410522577868
2013-05-09,0.013849050819204694
2013-05-10,-0.026848637847670626
2013-05-13,0.0019359963443377412
2013-05-14,-0.03671489976871952
2013-05-15,-0.007020960288236
2013-05-16,0.00858570458880917
2013-05-17,-0.03405107676657412
2013-05-20,-0.006220636973348626
2013-05-21,-0.002608366791376008
2013-05-22,0.046547992747599506
2013-05-23,-0.0029984786591406107
2013-05-24,-0.0010024483324548236
2013-05-28,-0.039136915554473906
2013-05-29,0.027676098050259973
2013-05-30,-0.019817042252222628
2013-05-31,0.03162253798132163
2013-06-03,-0.02613058797830815
2013-06-04,0.029927512758915326
2013-06-05,0.04058143944243092
2013-06-06,-0.0332211451176433
2013-06-07,-0.023406266880732107
2013-06-10,-0.018357999180096753
2013-06-11,0.03272730642977388
2013-06-12,0.027666032013938125
2013-06-13,-0.050905399150779865
2013-06-14,0.02217622454835812
2013-06-17,-0.01866819135208905
2013-06-18,-0.03598958613103126
2013-06-19,0.03626666787086781
2013-06-20,0.077714858086747
2013-06-21,-0.008596069639926268
2013-06-24,0.03949894314943653
2013-06-25,-0.029193452840744483
2013-06-26,-0.013365320244883043
2013-06-27,-0.048379282904196526
2013-06-28,0.012201386601565547
2013-07-01,-0.0411853095922697
2013-07-02,-0.0020952960109539907
2013-07-03,-0.007349132652340429
2013-07-05,-0.04019037246066176
2013-07-08,-0.012672152304077674
2013-07-09,-0.025669677981336098
2013-07-10,-0.00859130514300599
2013-07-11,-0.03639501924553922
2013-07-12,-0.005995039500708578
2013-07-15,-0.02472848124312124
2013-07-16,0.013605495608130758
2013-07-17,-0.011592638666144534
2013-07-18,-0.020370453504595504
2013-07-19,-0.00378040496444914
2013-07-22,-0.008222884220895036
2013-07-23,0.0031887359678598095
2013-07-24,0.02479354333427275
2013-07-25,-0.027915658646810195
2013-07-26,0.012125102060468428
2013-07-29,0.020176425871752432
2013-07-30,-0.0030903834604164874
2013-07-31,-0.005579484429879857
2013-08-01,-0.040523752889971947
2013-08-02,-0.0032488227450798543
2013-08-05,-0.007822628218175295
2013-08-06,0.028252106602118805
2013-08-07,0.022364329297158345
2013-08-08,-0.01124963393755804
2013-08-09,0.0
2013-08-12,-0.013906690757528912
2013-08-13,0.003204894289469014
2013-08-14,0.012140600019863345
2013-08-15,0.05366181550358769
2013-08-16,0.01198334566886834
2013-08-19,0.032563415726056276
2013-08-20,-0.04529802047923597
2013-08-21,0.01801788303155207
2013-08-22,-0.04070806643396878
2013-08-23,-0.006764817111425883
2013-08-26,-0.0037152360158821565
2013-08-27,0.07333746361143863
2013-08-28,0.005909236642312193
2013-08-29,0.03021135463164051
2013-08-30,0.04761907365833515
2013-09-03,0.018597487638466397
2013-09-04,-0.025791429675210663
2013-09-05,-0.007219982112886409
2013-09-06,-0.007878927218934424
2013-09-09,-0.044593732754221536
2013-09-10,-0.03069059963774561
2013-09-11,-0.0013190852972255426
2013-09-12,0.018493982924313864
2013-09-13,-0.012970202695328881
2013-09-16,-0.0045992933471576385
2013-09-17,-0.03036288011484196
2013-09-18,-0.0313139615763776
2013-09-19,0.002108365951042729
2013-09-20,0.011220076940881611
2013-09-23,0.0
2013-09-24,0.005579892147783735
2013-09-25,-0.0011380332311583638
2013-09-26,0.016666547797795674
2013-09-27,-0.01471201493282711
2013-09-30,0.0001421732067471923
2013-10-01,0.03654190801412942
2013-10-02,0.013071798540865388
2013-10-03,-0.03121970992988307
2013-10-04,0.018619312299156515
2013-10-07,-0.03388636552331332
2013-10-08,-0.049483464586236724
2013-10-09,-0.013014857469389582
2013-10-10,0.07151727373639633
2013-10-11,-0.04390258858966374
2013-10-14,-0.013119328384895934
2013-10-15,0.028803944793174288
2013-10-16,-0.038047714883804026
2013-10-17,-0.026119527186313097
2013-10-18,0.035686187842518306
2013-10-21,-0.005742777638664033
2013-10-22,-0.009463594129138702
2013-10-23,0.009554009396371943
2013-10-24,0.020090069307228613
2013-10-25,-0.002020067839926028
2013-10-28,0.0008020602581870164
2013-10-29,-0.008012539184952977
2013-10-30,0.03957974537946652
2013-10-31,-0.01650987406053558
2013-11-01,-0.016120203362826123
2013-11-04,-0.035445349650764284
2013-11-05,0.009382618967007568
2013-11-06,0.014717420030939784
2013-11-07,0.05114502389491638
2013-11-08,0.0564255833884991
2013-11-11,-0.003077093777564396
2013-11-12,-0.004629595602496666
2013-11-13,-0.02713179748304834
2013-11-14,0.0015934731993144445
2013-11-15,-0.011933088102052907
2013-11-18,0.020933925996912024
2013-11-19,-0.01710840049699013
2013-11-20,0.004655206571785861
2013-11-21,-0.05482657285831374
2013-11-22,-0.013072066990212888
2013-11-25,-0.00331081730576672
2013-11-26,-0.024086551043586455
2013-11-27,-0.01872360806000325
2013-11-29,0.0
2013-12-02,0.027753725672240503
2013-12-03,0.016877684506930474
2013-12-04,0.00746895047540835
2013-12-05,-0.004118502680137243
2013-12-06,-0.022332526219223683
2013-12-09,0.0016921413125073593
2013-12-10,0.02702654556255665
2013-12-11,0.048520179444682385
2013-12-12,-0.003921637918858975
2013-12-13,-0.012598529625884756
2013-12-16,-0.03508786313837986
2013-12-17,0.003305969563637509
2013-12-18,-0.0403623475309596
2013-12-19,0.02060063929773937
2013-12-20,-0.047939223579125126
2013-12-23,-0.036219321561729925
2013-12-24,-0.009165790168983948
2013-12-26,-0.0037002036405779813
2013-12-27,0.0027854244009831884
2013-12-30,0.0018518849067810164
2013-12-31,-0.006469406581309226
2014-01-02,0.028837087428782642
2014-01-03,-0.012658180260476024
2014-01-06,0.02380946282167206
2014-01-07,-0.025044561230782546
2014-01-08,-0.0027524116112444875
2014-01-09,-0.002759869194315433
2014-01-10,-0.014760200871796485
2014-01-13,0.038389490043782046
2014-01-14,0.03199739935785004
2014-01-15,-0.023386403899556176
2014-01-16,-0.0028734695816430463
2014-01-17,0.010566586860927122
2014-01-21,0.01762415079192639
2014-01-22,-0.01453499381549631
2014-01-23,0.021632264365715064
2014-01-24,-0.07418433550638293
2014-01-27,-0.04488620761893552
2014-01-28,0.031039678702764393
2014-01-29,-0.042800135326825715
2014-01-30,0.04244004617967209
2014-01-31,-0.020356012593472445
2014-02-03,-0.09412501463381837
2014-02-04,0.01897873930666359
2014-02-05,-0.020635118399180464
2014-02-06,0.025584891972435967
2014-02-07,0.03375114262674702
2014-02-10,0.008130505708286353
2014-02-11,0.024321252870977847
2014-02-12,0.012372040556910165
2014-02-13,-0.03965424956439545
2014-02-14,0.0022536011660465216
2014-02-18,0.031838223702453455
2014-02-19,-0.02890566658304357
2014-02-20,0.030710993812404573
2014-02-21,-0.006468730520781745
2014-02-24,-0.027248591810211595
2014-02-25,-0.00024774742865529966
2014-02-26,-0.018100541250459064
2014-02-27,0.016546696863724442
2014-02-28,-0.011244339468566854
2014-03-03,0.01675984603231902
2014-03-04,0.07483738743209092
2014-03-05,0.001082856356992233
2014-03-06,0.0018927852882983398
2014-03-07,0.0010797231357758577
2014-03-10,0.010245450551973496
2014-03-11,0.030958084542715265
2014-03-12,-0.010872493896927947
2014-03-13,0.03637816648399815
2014-03-14,0.012211464651851644
2014-03-17,0.012824576808313008
2014-03-18,-0.0435911410258744
2014-03-19,0.0179055793216803
2014-03-20,-0.0026651314838765107
2014-03-21,0.01549968382752539
2014-03-24,0.0344735797756187
2014-03-25,-0.0015262025672358002
2014-03-26,0.0598725167559147
2014-03-27,-0.006992194189212305
2014-03-28,-0.0026990373318487803
2014-03-31,0.05554233822549114
2014-04-01,-0.039151160398891584
2014-04-02,-0.011829783208614261
2014-04-03,0.02926298093178463
2014-04-04,0.07081959018029
2014-04-07,-0.04641595617833481
2014-04-08,0.02353664149797769
2014-04-09,0.04033254763580312
2014-04-10,-0.08262932439422244
2014-04-11,-0.044279226053687476
2014-04-14,0.011351767152770354
2014-04-15,0.011224143489140026
2014-04-16,0.03020153744292542
2014-04-17,0.016411600887278246
2014-04-21,0.014544721828680827
2014-04-22,0.031587909469324514
2014-04-23,0.0203931868417631
2014-04-24,-0.005173159728214544
2014-04-25,-0.05466214455737544
2014-04-28,-0.017141911358191222
2014-04-29,0.006508186797932375
2014-04-30,0.021983294886949546
2014-05-01,-0.0031635077678852726
2014-05-02,0.003427459340280657
2014-05-05,-0.00392143931279606
2014-05-06,-0.04826010723615976
2014-05-07,0.002134957026195325
2014-05-08,-0.03155781638399844
2014-05-09,0.027361293865759636
2014-05-12,0.06785333440260778
2014-05-13,-0.029577572527094698
2014-05-14,-0.047785007801487304
2014-05-15,-0.020480317639211834
2014-05-16,0.01855462248494873
2014-05-19,0.03371372225288684
2014-05-20,-0.047211836738063916
2014-05-21,0.01545876592915544
2014-05-22,0.031127080234655664
2014-05-23,0.033350716811821154
2014-05-27,0.042352498679516334
2014-05-28,-0.014930992522832367
2014-05-29,0.00956669559292393
2014-05-30,-0.013783057023778612
2014-06-02,-0.014848848881011074
2014-06-03,-0.00696658579516297
2014-06-04,-0.011432701454603515
2014-06-05,-0.06254436084730619
2014-06-06,-0.03172193431832249
2014-06-09,-0.023921222767124134
2014-06-10,0.006127069244187428
2014-06-11,0.01429675369354087
2014-06-12,0.017749938451587982
2014-06-13,-0.0064117056303432335
2014-06-16,-0.01264849439040706
2014-06-17,-0.022483666558648006
2014-06-18,-0.019523881464678504
2014-06-19,-0.0030006815006475987
2014-06-20,-0.010123135290300183
2014-06-23,0.0069100191391023
2014-06-24,0.030194935149170935
2014-06-25,-0.024513675423718573
2014-06-26,0.004370468216308441
2014-06-27,0.02059338165846925
2014-06-30,-0.013051827574965818
2014-07-01,-0.03010677648155527
2014-07-02,0.01276468484856779
2014-07-03,-0.017473725442163836
2014-07-07,0.049562775774991144
2014-07-08,0.03638894890108247
2014-07-09,0.0039621918928676135
2014-07-10,-0.03100710940818254
2014-07-11,-0.004654134869021831
2014-07-14,0.015431417450241075
2014-07-15,-0.030624290458417844
2014-07-16,-0.005938150697492497
2014-07-17,-0.04731167501759168
2014-07-18,0.04627533541525434
2014-07-21,-0.013064876966018461
2014-07-22,0.02477521366754179
2014-07-23,0.004977428368233632
2014-07-24,-0.004716889625007697
2014-07-25,-0.02950240902865976
2014-07-28,-0.012330679824669916
2014-07-29,0.006304249206406276
2014-07-30,0.012283604832066017
2014-07-31,0.07123008324282765
2014-08-01,-0.011497322455294218
2014-08-04,0.026037641274523664
2014-08-05,-0.0073423094169026365
2014-08-06,0.009602680731182383
2014-08-07,-0.014781546607098513
2014-08-08,0.029745773554552234
2014-08-11,0.028506125802476096
2014-08-12,-0.020817971750219974
2014-08-13,0.022015106041926878
2014-08-14,0.004185602571914701
2014-08-15,-0.0034325649450912352
2014-08-18,0.04305045154562465
2014-08-19,0.009787843524583334
2014-08-20,-0.010977353772717666
2014-08-21,-0.005783488432267945
2014-08-22,0.00129405517281233
2014-08-25,0.01316112396116296
2014-08-26,-0.027614266910484502
2014-08-27,-0.0075586567851061845
2014-08-28,0.015603557473689718
2014-08-29,0.017902384160463226
2014-09-02,-0.014560533476666004
2014-09-03,0.017842444054103544
2014-09-04,0.012873082300015
2014-09-05,-0.010005341371885412
2014-09-08,-0.0060093111986144546
2014-09-09,0.03627351564019788
2014-09-10,-0.018032114740154603
2014-09-11,-0.01863362558514876
2014-09-12,0.031370450106445444
2014-09-15,0.03281711699849352
2014-09-16,-0.0087829506142605
2014-09-17,-0.008600385869889452
2014-09-18,-0.016298603970474432
2014-09-19,0.03607695617829299
2014-09-22,0.04204278102227812
2014-09-23,-0.028484119884373015
2014-09-24,0.025915986106906916
2014-09-25,-0.04784370696790313
2014-09-26,0.023984819006910036
2014-09-29,-0.0023553638735081517
2014-09-30,-0.04446469010843534
2014-10-01,-0.0429649101046362
2014-10-02,0.0286860645084514
2014-10-03,0.02286679908360828
2014-10-06,-0.024945598402407048
2014-10-07,-0.0499091340071464
2014-10-08,0.05679804158475029
2014-10-09,-0.08047890768583353
2014-10-10,-0.03513022348704582
2014-10-13,-0.014281135237035702
2014-10-14,0.03231958780170081
2014-10-15,0.03377531135191271
2014-10-16,0.0338655557532912
2014-10-17,-0.008658011636675896
2014-10-20,0.03216917357335597
2014-10-21,0.05105022580289052
2014-10-22,-0.04427717067817318
2014-10-23,0.053348090511186705
2014-10-24,0.005730947348708646
2014-10-27,-0.0023852232429094162
2014-10-28,0.08501596202895123
2014-10-29,0.00566642484372148
2014-10-30,-0.026294429324278976
2014-10-31,-0.04326262468866893
2014-11-03,0.00489613907348215
2014-11-04,0.014044044002400434
2014-11-05,-0.005087455464572299
2014-11-06,-0.012783975714990646
2014-11-07,-0.004316623390207526
2014-11-10,-0.0153179299871631
2014-11-11,-0.0017610227902496798
2014-11-12,-0.01411365809284277
2014-11-13,0.02385929799790263
2014-11-14,0.006699887463171847
2014-11-17,0.024016190690353045
2014-11-18,-0.017236641464015257
2014-11-19,0.031627414100423586
2014-11-20,-0.03288756589063661
2014-11-21,-0.005187151571178041
2014-11-24,-0.034762549120450584
2014-11-25,-0.0015004455596367892
2014-11-26,-0.010820569061043643
2014-11-28,0.04254000498385393
2014-12-01,0.04838238434607517
2014-12-02,0.03624493108269596
2014-12-03,-0.029428654486673013
2014-12-04,0.014863434014268803
2014-12-05,0.023108462074583735
2014-12-08,0.038057902375511814
2014-12-09,0.0501514506758531
2014-12-10,-0.06274987360685093
2014-12-11,0.011376155981628413
2014-12-12,-0.03737572849615302
2014-12-15,-0.029332794231872312
2014-12-16,-0.005517620331039283
2014-12-17,0.09204391811152642
2014-12-18,0.04352856067443485
2014-12-19,-0.007181178710652519
2014-12-22,-0.018553320637207688
2014-12-23,-0.0038447001204635887
2014-12-24,-0.010614339848734788
2014-12-26,-0.01983081061222941
2014-12-29,-0.011940308686817789
2014-12-30,0.016448458637110603
2014-12-31,0.020475523894485988
2015-01-02,0.013915810510968935
2015-01-05,-0.04121020996692172
2015-01-06,-0.05203023885654773
2015-01-07,0.036749666455208274
2015-01-08,0.04971808770675817
2015-01-09,-0.026532308101690074
2015-01-12,-0.010586585330815352
2015-01-13,0.002390411648534584
2015-01-14,-0.012945884545647266
2015-01-15,-0.0538425085390247
2015-01-16,0.05301559992331075
2015-01-20,-0.013625833094350445
2015-01-21,-0.010770165148362602
2015-01-22,0.062129854182886385
2015-01-23,-0.0025624183250189184
2015-01-26,0.02814999600507799
2015-01-27,-0.014559046884700368
2015-01-28,-0.04895250726028444
2015-01-29,0.040806821980134314
2015-01-30,-0.0635999091087175
2015-02-02,0.02343275867219283
2015-02-03,0.05509084822962519
2015-02-04,-0.011896862112447653
2015-02-05,0.04002224516317431
2015-02-06,0.003016240923105111
2015-02-09,0.024724187779030148
2015-02-10,-0.018910931035176333
2015-02-11,0.003655664098576707
2015-02-12,-0.03509936254889125
2015-02-13,-0.01818765587988742
2015-02-17,-0.008738672902969001
2015-02-18,-0.0021154804977009077
2015-02-19,-0.0028269052653354483
2015-02-20,-0.006732719057952969
2015-02-23,-0.0035675613745376296
2015-02-24,-0.0028645707019963
2015-02-25,-0.004667947182521284
2015-02-26,-0.009379350940929584
2015-02-27,0.014930744444909402
2015-03-02,-0.02332276960615179
2015-03-03,0.018368956876144184
2015-03-04,0.008658055410376467
2015-03-05,-0.008225968575651462
2015-03-06,0.039307766822058575
2015-03-09,-0.012838324534486531
2015-03-10,0.031985763980711394
2015-03-11,-0.01839218520867575
2015-03-12,-0.04857739881151302
2015-03-13,0.010211485180311113
2015-03-16,-0.018050644378136044
2015-03-17,-0.007352739264196884
2015-03-18,-0.024444541011488515
2015-03-19,0.008274895207473413
2015-03-20,-0.026365849986301548
2015-03-23,0.002354948667744431
2015-03-24,0.001565606341232563
2015-03-25,-0.06958720930448348
2015-03-26,-0.0044171333136693615
2015-03-27,0.018150736499420565
2015-03-30,0.041794476716820995
2015-03-31,0.010457197446724088
2015-04-01,0.001730572567448701
2015-04-02,0.006718343888072097
2015-04-06,0.0118220492572379
2015-04-07,-0.018468085456894708
2015-04-08,0.024767339151488446
2015-04-09,0.009846573297212755
2015-04-10,-0.013650435305024876
2015-04-13,-0.002372760366627587
2015-04-14,0.0003965404556961176
2015-04-15,-0.02258312382487515
2015-04-16,0.004053394215861552
2015-04-17,0.0480423542412657
2015-04-20,0.028511243691306472
2015-04-21,-0.0034534188267811195
2015-04-22,-0.005144353506757143
2015-04-23,-0.013523905900038954
2015-04-24,0.009677285031712677
2015-04-27,0.03434529533616059
2015-04-28,0.01722331328134636
2015-04-29,0.030255110255086492
2015-04-30,0.06559916003107903
2015-05-01,0.02005008017774712
2015-05-04,-0.011322004187133687
2015-05-05,0.03767986425213
2015-05-06,-0.008899909098699177
2015-05-07,-0.013290033599003662
2015-05-08,-0.02147791630449811
2015-05-11,-0.001860376897037133
2015-05-12,0.0041000743644253575
2015-05-13,0.0003713140791792477
2015-05-14,-0.03116915583657832
2015-05-15,0.0019151252973273719
2015-05-18,-0.032109854191871005
2015-05-19,0.003949277556177303
2015-05-20,-0.006294308576540417
2015-05-21,0.004354848277038143
2015-05-22,0.011430548680401506
2015-05-26,0.028448868142655626
2015-05-27,0.036616737220434334
2015-05-28,0.003149543116834537
2015-05-29,-0.019045458927149414
2015-06-01,0.008530843876260097
2015-06-02,-0.006995732280112764
2015-06-03,-0.030528329550347403
2015-06-04,0.029471293481993625
2015-06-05,-0.02078432521205246
2015-06-08,0.013215729391930883
2015-06-09,0.011066793154319916
2015-06-10,-0.0387017516649423
2015-06-11,-0.008133409610308607
2015-06-12,0.009020189249964262
2015-06-15,0.009345653144221226
2015-06-16,-0.020128454267308023
2015-06-17,0.0032864556111076807
2015-06-18,-0.03931212115583459
2015-06-19,0.0017051892845178376
2015-06-22,-0.02170212700249327
2015-06-23,-0.006524625992646256
2015-06-24,0.024956198178657147
2015-06-25,0.0017087665530503005
2015-06-26,0.006822955268542521
2015-06-29,0.07539158839338866
2015-06-30,0.013256438563263771
2015-07-01,0.009427812168220194
2015-07-02,0.020933925996912024
2015-07-06,-0.0013662819753211635
2015-07-07,0.004397107687868637
2015-07-08,-0.04640093226902276
2015-07-09,0.010813036056181415
2015-07-10,0.040266380270074384
2015-07-13,-0.03192352780403985
2015-07-14,-0.018136738929468155
2015-07-15,0.015113428310347394
2015-07-16,-0.018196741208260016
2015-07-17,0.014742671972364178
2015-07-20,0.014944102871804399
2015-07-21,0.01513325568788757
2015-07-22,0.010587971245845087
2015-07-23,-0.03190777424710392
2015-07-24,-0.04742216516436284
2015-07-27,-0.02675078376518876
2015-07-28,0.02621245906517161
2015-07-29,0.008583422565062731
2015-07-30,0.009227931296414872
2015-07-31,0.015340829497850098
2015-08-03,-0.015709579491720693
2015-08-04,-0.007522524229285226
2015-08-05,0.006760153620984665
2015-08-06,-0.03967851426123603
2015-08-07,-0.019387577260086435
2015-08-10,0.03457217771508829
2015-08-11,-0.027151217671006162
2015-08-12,-0.00493775976086645
2015-08-13,-0.009385364301306244
2015-08-14,0.01981944901078437
2015-08-17,0.030539437622751436
2015-08-18,-0.023728303012915508
2015-08-19,-0.030991508809392006
2015-08-20,-0.0744793408025732
2015-08-21,-0.03952698832669308
2015-08-24,-0.11360285254394724
2015-08-25,-0.023213570616220026
2015-08-26,0.07314689058705817
2015-08-27,0.05476696258268001
2015-08-28,0.028413403145880967
2015-08-31,-0.010758006593287872
2015-09-01,-0.0789670287083459
2015-09-02,0.047229579192216424
2015-09-03,-0.0029469414104223283
2015-09-04,-0.026214531568752242
2015-09-08,0.07046725814027802
2015-09-09,-0.03365386782003436
2015-09-10,0.011991309646069825
2015-09-11,0.014117985311693242
2015-09-14,-0.013548233693571788
2015-09-15,0.03364404576547577
2015-09-16,-0.025187339295172376
2015-09-17,-0.010474836077283275
2015-09-18,-0.04163707797141931
2015-09-21,-0.005154484827056486
2015-09-22,-0.04564550326487498
2015-09-23,-0.009436005245010275
2015-09-24,-0.006394705358194764
2015-09-25,-0.03782482517964256
2015-09-28,-0.08544923230997806
2015-09-29,-0.019253833086988872
2015-09-30,0.044742226184618324
2015-10-01,-0.0030590768221302822
2015-10-02,0.0416426202088715
2015-10-05,0.07252035021771557
2015-10-06,-0.02079522642131896
2015-10-07,0.05195709788716308
2015-10-08,0.02856765186365393
2015-10-09,-0.004505936518168549
2015-10-12,0.00278524872135257
2015-10-13,-0.040232149862691254
2015-10-14,-0.029188232369108974
2015-10-15,0.07125793525858451
2015-10-16,-0.00321436555019222
2015-10-19,0.004465315486003526
2015-10-20,-0.00395124100685888
2015-10-21,0.045280468360454025
2015-10-22,0.025847447610870294
2015-10-23,0.028614567244077058
2015-10-26,0.018309867253169604
2015-10-27,0.032849199256394485
2015-10-28,0.08595210134819238
2015-10-29,0.03075829438987162
2015-10-30,0.01278842793795838
2015-11-02,-0.060680483605956625
2015-11-03,-0.016803658722211456
2015-11-04,0.0011396348413808153
2015-11-05,-0.00037948408977391327
2015-11-06,-0.02314985786896402
2015-11-09,0.036130589667586026
2015-11-10,-0.008624187932055521
2015-11-11,0.02571884123510002
2015-11-12,0.05678455247158782
2015-11-13,0.02267978082852019
2015-11-16,-0.025929970611737043
2015-11-17,0.01155866529185818
2015-11-18,-0.05159267987959513
2015-11-19,0.013143828501483433
2015-11-20,-0.020541009881043033
2015-11-23,-0.013244715553526243
2015-11-24,-0.02237176066387822
2015-11-25,-0.02593394817108508
2015-11-27,-0.009788621239889656
2015-11-30,0.011862486555772843
2015-12-01,-0.01836675464734621
2015-12-02,-0.02879327480573706
2015-12-03,-0.051766259868351115
2015-12-04,-0.031249892299829714
2015-12-07,0.047438026392648894
2015-12-08,-0.013669692052936638
2015-12-09,-0.03590802799524107
2015-12-10,0.010193583471083994
2015-12-11,-0.06597672766707
2015-12-14,-0.020775958059748217
2015-12-15,0.04186742708327713
2015-12-16,0.04710822606476293
2015-12-17,0.031918663474644754
2015-12-18,-0.04390451114277105
2015-12-21,0.022609158949242054
2015-12-22,0.02705322540141878
2015-12-23,0.037839088266872274
2015-12-24,-0.005332479935879092
2015-12-28,0.015368069910787208
2015-12-29,0.03319917914106139
2015-12-30,0.029508169271149475
2015-12-31,0.037508763654822856
2016-01-04,-0.06921222574300781
2016-01-05,0.005653145349019377
2016-01-06,-0.04540226020760627
2016-01-07,-0.08062806304629357
2016-01-08,-0.050254470693908704
2016-01-11,-0.012623429122930891
2016-01-12,0.007881053703052775
2016-01-13,-0.09800167478789656
2016-01-14,0.039298843119623304
2016-01-15,-0.045968661537326136
2016-01-19,-0.03982888820178593
2016-01-20,0.013759389899553222
2016-01-21,-0.00918151419398231
2016-01-22,0.07373100024510906
2016-01-25,-0.06660414247612942
2016-01-26,0.05949721415562614
2016-01-27,-0.0426863431202974
2016-01-28,0.00039641672043832946
2016-01-29,0.09766249321462442
2016-02-01,-0.01227217143189891
2016-02-02,-0.06504657146879404
2016-02-03,0.006253806075401023
2016-02-04,0.00912774075509198
2016-02-05,-0.08256336221215749
2016-02-08,-0.05013641748861284
2016-02-09,-0.017005288472887747
2016-02-10,-0.0024713019811928583
2016-02-11,-0.030405413568879283
2016-02-12,0.055517003939464425
2016-02-16,0.07284317886106416
2016-02-17,0.04410241186682362
2016-02-18,-0.01434186796990887
2016-02-19,0.0151486914429108
2016-02-22,0.033968214660466484
2016-02-23,-0.026965504319854807
2016-02-24,0.02888370774688437
2016-02-25,0.026745104884774176
2016-02-26,0.018473827539192383
2016-02-29,-0.010701736556338074
2016-03-01,0.06215612449031127
2016-03-02,-0.030882368636379807
2016-03-03,-0.030955994431540557
2016-03-04,-0.017851583989980928
2016-03-07,-0.03252570471797733
2016-03-08,0.07218214384421728
2016-03-09,-0.015677650869687962
2016-03-10,0.025608785562366822
2016-03-11,-0.06577342492086091
2016-03-14,0.008800579950412465
2016-03-15,0.04264931363344717
2016-03-16,-0.017353421234769476
2016-03-17,-0.04635777062114599
2016-03-18,-0.02711628750216621
2016-03-21,0.006797806274649834
2016-03-22,0.0020261033079918985
2016-03-23,0.05795148508869534
2016-03-24,-0.011465170207006166
2016-03-28,-0.001932731889589074
2016-03-29,-0.08295703249985896
2016-03-30,-0.0005953628818305128
2016-03-31,-0.00951380379537778
2016-04-01,0.01297895402010931
2016-04-04,0.025188708019409378
2016-04-05,-0.03409626931648921
2016-04-06,0.03468059625060037
2016-04-07,-0.04070034590620576
2016-04-08,0.011698647743052586
2016-04-11,-0.00971312214350344
2016-04-12,0.03316197228713452
2016-04-13,-0.06313570014029354
2016-04-14,0.0022463896096838617
2016-04-15,-0.007097623070612951
2016-04-18,-0.021820738900065292
2016-04-19,-0.0015382561251111881
2016-04-20,-0.008860172057149234
2016-04-21,0.019432798602005297
2016-04-22,-0.031261888830528745
2016-04-25,0.022431794399554728
2016-04-26,-0.0304077364518511
2016-04-27,-0.010718788271954553
2016-04-28,0.03491191765361936
2016-04-29,0.027529717062655754
2016-05-02,-0.02905644298463426
2016-05-03,0.049358901809300276
2016-05-04,-0.024185483461641913
2016-05-05,-0.013950473331004284
2016-05-06,0.018362363136328753
2016-05-09,0.008867753172080243
2016-05-10,0.03047180554357339
2016-05-11,-0.03710534997649951
2016-05-12,-0.015650753625858247
2016-05-13,-0.019648812587598978
2016-05-16,0.038709017294167924
2016-05-17,-0.049492080805853114
2016-05-18,0.012707197017466422
2016-05-19,0.02628777765615169
2016-05-20,-0.050882820419824455
2016-05-23,0.0029177404952317764
2016-05-24,-0.061818389745428075
2016-05-25,-0.016666494762953375
2016-05-26,0.0019707472641191095
2016-05-27,-0.028324239895458674
2016-05-31,-0.009311723121450654
2016-06-01,-0.02411140021391273
2016-06-02,-0.020519126726207197
2016-06-03,0.01752891378718204
2016-06-06,0.03343275558151677
2016-06-07,-0.007822826117168525
2016-06-08,-0.02321495780420119
2016-06-09,-0.019548053515696
2016-06-10,-0.04299051630271974
2016-06-13,-0.03151066827832653
2016-06-14,-0.00847003258387013
2016-06-15,0.0029832028352711473
2016-06-16,0.00040536578379725137
2016-06-17,-0.013107995604535336
2016-06-20,0.03299989705487715
2016-06-21,-0.007687980439520848
2016-06-22,0.010739178322145623
2016-06-23,0.05827461468658346
2016-06-24,0.11843791407018694
2016-06-27,-0.09939407502316988
2016-06-28,0.04837443880541232
2016-06-29,0.06906022623199541
2016-06-30,0.0557380732169867
2016-07-01,0.009070087667006739
2016-07-05,-0.04480825249808996
2016-07-06,0.02275274963659826
2016-07-07,0.005492998587679911
2016-07-08,0.07047248918923349
2016-07-11,0.0330444932553454
2016-07-12,0.04137310724473016
2016-07-13,0.011718661465624105
2016-07-14,-0.00337851125568403
2016-07-15,-0.007748029568156082
2016-07-18,-0.005856619090860389
2016-07-19,0.014727431731564156
2016-07-20,-0.019351698532056393
2016-07-21,0.014306889771091852
2016-07-22,-0.02188710942179523
2016-07-25,0.004475465126656355
2016-07-26,-0.015346732042703756
2016-07-27,-0.007038611145107453
2016-07-28,0.0060760577464339105
2016-07-29,-0.005536082046693048
2016-08-01,-0.0015182456909008785
2016-08-02,0.04054750069142228
2016-08-03,-0.024354667052969292
2016-08-04,-0.003494971091380586
2016-08-05,-0.042584953337192546
2016-08-08,0.0005233746724161135
2016-08-09,-0.0031382099779973405
2016-08-10,0.02203575280743966
2016-08-11,-0.01386038311705599
2016-08-12,-0.004164493027616576
2016-08-15,-0.028750690483994406
2016-08-16,0.024757919804163097
2016-08-17,0.007352674334679099
2016-08-18,-0.021897651982306622
2016-08-19,0.001066117069938263
2016-08-22,-0.006389729029469833
2016-08-23,-0.02143636452766498
2016-08-24,0.024096568106445438
2016-08-25,-0.006417225927539713
2016-08-26,0.006458672689379492
2016-08-29,-0.016043064818849283
2016-08-30,-0.005434716066941227
2016-08-31,0.014754197641770666
2016-09-01,0.0
2016-09-02,-0.028540677361522927
2016-09-06,-0.003880251533699654
2016-09-07,-0.018363930910062023
2016-09-08,0.005668863882125208
2016-09-09,0.09413769303843697
2016-09-12,-0.04173102865609985
2016-09-13,0.05537618736476597
2016-09-14,0.0005092794066109273
2016-09-15,-0.038187213801252104
2016-09-16,0.006352680883679618
2016-09-19,-0.019989436085653765
2016-09-20,0.012882188639456489
2016-09-21,-0.042395456425494256
2016-09-22,-0.045932227187008054
2016-09-23,0.022621773982570058
2016-09-26,0.030629640435550658
2016-09-27,0.011595031892814066
2016-09-28,0.023680652607938793
2016-09-29,-0.04394222688555372
2016-09-30,0.032593315455643576
2016-10-03,-0.009522987533237472
2016-10-04,0.01623726602437524
2016-10-05,-0.020936595836989
2016-10-06,0.00450196458413686
2016-10-07,0.023529491486373625
2016-10-10,-0.03503022783675412
2016-10-11,0.05501997637448314
2016-10-12,0.0005373187809090393
2016-10-13,0.026867516512257612
2016-10-14,0.010465752822049684
2016-10-17,0.004143083060464677
2016-10-18,-0.015987748278271284
2016-10-19,0.013843308437369556
2016-10-20,-0.00894978050039581
2016-10-21,0.004221950696807371
2016-10-24,0.02030158551914518
2016-10-25,0.022532268301931942
2016-10-26,0.02938103018556394
2016-10-27,0.03465850952318348
2016-10-28,0.008374234760112741
2016-10-31,-0.011724315099859543
2016-11-01,0.03559066464323124
2016-11-02,-0.039217976509415234
2016-11-03,-0.013516997528401893
2016-11-04,0.01817933445729546
2016-11-07,0.07208536969032478
2016-11-08,-0.00746995220272706
2016-11-09,-0.09332693445070003
2016-11-10,-0.048145880918883846
2016-11-11,-0.07093035552335877
2016-11-14,-0.04067562987617918
2016-11-15,-0.007175501687430874
2016-11-16,-0.003285408215845121
2016-11-17,-0.016479693483382317
2016-11-18,-0.013404862143075454
2016-11-21,-0.015624765680386095
2016-11-22,-0.028295770748880605
2016-11-23,-0.0170454399021342
2016-11-25,-0.010115461537528741
2016-11-28,0.0364963406981423
2016-11-29,0.0021127138481248147
2016-11-30,0.014757392881133126
2016-12-01,0.016620588529706052
2016-12-02,0.0006814171086367971
2016-12-05,-0.05241681740061595
2016-12-06,-0.03376442985044408
2016-12-07,-0.027509113984668945
2016-12-08,-0.048929841065001124
2016-12-09,-0.0032150665291793496
2016-12-12,0.031451008694991615
2016-12-13,-0.002344797681848015
2016-12-14,0.0391845690830194
2016-12-15,-0.024887092463313602
2016-12-16,0.0077340913226161484
2016-12-19,-0.019953728802230893
2016-12-20,-0.025842154249698285
2016-12-21,0.01929264768583273
2016-12-22,0.026025286292338853
2016-12-23,-0.016141486124960195
2016-12-27,-0.014062339057720457
2016-12-28,0.03248803317279322
2016-12-29,-0.005372197921346854
2016-12-30,0.01234566604962836
2017-01-03,-0.014481850754366537
2017-01-04,-0.05181730097753114
2017-01-05,0.03670482996519938
2017-01-06,-0.011598307790129743
2017-01-09,0.020233116546860105
2017-01-10,0.030112954327965926
2017-01-11,0.0032938434144329553
2017-01-12,-0.02306298154388927
2017-01-13,0.02369141110502647
2017-01-17,-0.04259326915785216
2017-01-18,0.01045769991488774
2017-01-19,0.02374121953752844
2017-01-20,-0.014400683715208546
2017-01-23,0.010246632062512409
2017-01-24,0.045032658313280585
2017-01-25,-0.030832225781432798
2017-01-26,0.0113474721867812
2017-01-27,0.011420394831949163
2017-01-30,0.04160083491484289
2017-01-31,-0.01939935242323685
2017-02-01,0.0010133567682850803
2017-02-02,0.009510863185376138
2017-02-03,-0.045376001488424016
2017-02-06,0.022155240039564015
2017-02-07,-0.01135610188461189
2017-02-08,-0.005743272125716634
2017-02-09,0.042048890241146754
2017-02-10,-0.02404010420691591
2017-02-13,-0.007038005026842417
2017-02-14,-0.010006054189153445
2017-02-15,-0.01684588516559346
2017-02-16,0.007924750780548348
2017-02-17,0.0004248683981060585
2017-02-21,-0.022089811612479558
2017-02-22,0.011945949993300562
2017-02-23,0.018244323260296805
2017-02-24,-0.0006282592508367172
2017-02-27,0.028836312365603314
2017-02-28,0.046330146006193354
2017-03-01,0.056776342759378505
2017-03-02,0.032653872975729664
2017-03-03,0.004456657442101317
2017-03-06,0.020072386789184164
2017-03-07,0.019883352784139767
2017-03-08,0.019496511011998435
2017-03-09,0.012151791800465085
2017-03-10,-0.012793158952908048
2017-03-13,-0.007974623960429274
2017-03-14,0.016479396105919683
2017-03-15,-0.04705434666287229
2017-03-16,0.0012114892558934172
2017-03-17,-0.011053063736773797
2017-03-20,0.012652923690914027
2017-03-21,-0.08370210340098905
2017-03-22,0.00035151774082890774
2017-03-23,0.016858202212199972
2017-03-24,0.003885708122932943
2017-03-27,0.004730732718556086
2017-03-28,0.02217259880395923
2017-03-29,0.009966649848966763
2017-03-30,0.022555681581963413
2017-03-31,0.006893198528653726
2017-04-03,-0.033666267398344316
2017-04-04,-0.003833832048038722
2017-04-05,-0.03514057506373096
2017-04-06,0.028442556713179624
2017-04-07,-0.0016020493154377756
2017-04-10,0.006925149113778589
2017-04-11,0.024490578168389752
2017-04-12,-0.04068781327363057
2017-04-13,-0.03140474551558378
2017-04-17,0.03515412203842876
2017-04-18,0.0013619005826775903
2017-04-19,0.011474745133601331
2017-04-20,0.037394954757060186
2017-04-21,-0.007776383378674009
2017-04-24,0.038043733136421724
2017-04-25,-0.027656828842725467
2017-04-26,-0.01702104027702433
2017-04-27,0.0020504795108447845
2017-04-28,0.0397909037909775
2017-05-01,-0.017056608424863298
2017-05-02,0.014682837234140314
2017-05-03,0.017539994475884637
2017-05-04,0.005602145442066086
2017-05-05,-0.01821259893742777
2017-05-08,0.011348559252100392
2017-05-09,0.00043140447050142236
2017-05-10,-0.017040531728669348
2017-05-11,0.019749923837382874
2017-05-12,0.016139472277434862
2017-05-15,0.02196014301088763
2017-05-16,-0.0021658816881970026
2017-05-17,-0.08125493778618177
2017-05-18,0.010287973410188155
2017-05-19,0.013349144085850728
2017-05-22,0.02068908834427244
2017-05-23,0.010838085077501992
2017-05-24,0.0001637434643239863
2017-05-25,0.0023731763196534563
2017-05-26,-0.00040832262040506513
2017-05-30,-0.02278657138578039
2017-05-31,-0.0033431202078983164
2017-06-01,0.05786164779124975
2017-06-02,-0.02046227663411321
2017-06-05,0.019766481220341737
2017-06-06,0.002423017507363867
2017-06-07,0.0032626418123092916
2017-06-08,0.039026080787974676
2017-06-09,-0.018344534031694604
2017-06-12,0.006307050342678195
2017-06-13,-0.014391944352159293
2017-06-14,0.016485971960800413
2017-06-15,-0.015665527889772136
2017-06-16,-0.007534471835020936
2017-06-19,0.022852194728132377
2017-06-20,-0.03105092456088623
2017-06-21,-0.005940441941506113
2017-06-22,0.008885103326872208
2017-06-23,0.020185716468037105
2017-06-26,0.0030555576630971657
2017-06-27,-0.025513982395519767
2017-06-28,-0.04743694352284144
2017-06-29,0.017228905576279388
2017-06-30,0.00464066505979058
2017-07-03,-0.02471133399357234
2017-07-05,0.011366241863533204
2017-07-06,0.03956918271989995
2017-07-07,-0.02837826986765961
2017-07-10,0.011589885593488248
2017-07-11,-0.008020308923077861
2017-07-12,-0.022868877789376508
2017-07-13,-0.0030731982214640043
2017-07-14,-0.004031373853831057
2017-07-17,-0.007142913198942109
2017-07-18,0.007674071435543384
2017-07-19,0.031474108732337816
2017-07-20,-0.0012276181490591999
2017-07-21,0.013520174520430455
2017-07-24,0.003660172141162314
2017-07-25,0.025528812101280735
2017-07-26,0.015503696597342848
2017-07-27,0.018714489987592228
2017-07-28,0.008218663613046974
2017-07-31,0.00959005241041434
2017-08-01,0.005856053638409222
2017-08-02,-0.030004664684166012
2017-08-03,-0.016312796919565446
2017-08-04,0.012985014498990248
2017-08-07,0.006331977341454233
2017-08-08,-0.008440564238221152
2017-08-09,-0.026466484384285397
2017-08-10,-0.05437213089449523
2017-08-11,0.004371298198556815
2017-08-14,0.045363215541755895
2017-08-15,-0.025140114004682936
2017-08-16,0.00016411251475707562
2017-08-17,-0.05567388058235964
2017-08-18,0.0
2017-08-21,-0.0012175597499328626
2017-08-22,0.03116811158510308
2017-08-23,-0.004559136657308864
2017-08-24,0.009669233007611147
2017-08-25,0.00856859212089191
2017-08-28,0.011827498941657098
2017-08-29,0.0013170380855340269
2017-08-30,0.01611326326207329
2017-08-31,0.03203888962241871
2017-09-01,0.01536507755382813
2017-09-05,0.025970886236708783
2017-09-06,0.0039696677092986845
2017-09-07,-0.006009838530708042
2017-09-08,0.0007955377072610862
2017-09-11,0.03259149748138926
2017-09-12,-0.018335725569900128
2017-09-13,-0.011733780668288415
2017-09-14,0.005088386396433989
2017-09-15,-0.011812915035805439
2017-09-18,-0.02146844557234704
2017-09-19,0.0009971998188801055
2017-09-20,-0.00971359611983368
2017-09-21,0.0037727029559038294
2017-09-22,-0.014282312255876893
2017-09-25,-0.002796186326843335
2017-09-26,-0.009431418544548393
2017-09-27,-0.06073089922294947
2017-09-28,-0.00575327907247637
2017-09-29,-0.007715761081053155
2017-10-02,-0.03582326737986147
2017-10-03,-0.0072003274776383285
2017-10-04,0.009573360114564155
2017-10-05,-0.0071838622263951084
2017-10-06,0.0028944949543485343
2017-10-09,0.013852708976430095
2017-10-10,-0.009393761106833482
2017-10-11,0.0022988046302817437
2017-10-12,0.0025804947024650163
2017-10-13,0.005718856401664595
2017-10-16,0.002274792764891651
2017-10-17,0.00879439737626434
2017-10-18,-0.015466836424696562
2017-10-19,0.004855755523100165
2017-10-20,-0.013644272787809403
2017-10-23,0.022190338650244303
2017-10-24,-0.005638497764652524
2017-10-25,0.015026944552711165
2017-10-26,-0.008100448945632388
2017-10-27,-0.018868086809532527
2017-10-30,0.03128574060943899
2017-10-31,-0.021708762566868864
2017-11-01,0.018492247609192717
2017-11-02,-0.007541948753468453
2017-11-03,0.00337740249381211
2017-11-06,0.005630765831177525
2017-11-07,0.03351151116201636
2017-11-08,0.003917889620705349
2017-11-09,0.012305222573182598
2017-11-10,-0.001498151010678384
2017-11-13,0.0
2017-11-14,0.007829597190149064
2017-11-15,-0.011546136711431005
2017-11-16,0.042831059561855886
2017-11-17,-0.012731862473454711
2017-11-20,-0.021586816455981112
2017-11-21,-0.03180469104571422
2017-11-22,0.004142862857573954
2017-11-24,-0.0014733811923764199
2017-11-27,0.011215897867156828
2017-11-28,-0.0493289248145121
2017-11-29,-0.010438500584548606
2017-11-30,-0.002792384583094786
2017-12-01,0.01088929475734703
2017-12-04,0.01231170275372434
2017-12-05,0.02797215913275274
2017-12-06,0.014196787358722821
2017-12-07,0.021141165572067716
2017-12-08,-0.0029754479434266315
2017-12-11,0.0023875704120305107
2017-12-12,0.008633584971429641
2017-12-13,-0.016529128470950966
2017-12-14,0.03151271467203062
2017-12-15,0.04312792507576167
2017-12-18,0.03999496244349564
2017-12-19,0.02407353554766029
2017-12-20,-0.00618622174582419
2017-12-21,-0.012449082139716698
2017-12-22,0.006618172412711915
2017-12-26,-0.0021299195038689705
2017-12-27,0.003766648443804926
2017-12-28,-0.012195198029712728
2017-12-29,0.024374688652869504
2018-01-02,-0.028121068821814425
2018-01-03,-0.0015898327595127333
2018-01-04,-0.008917182613510712
2018-01-05,-0.005141296284658218
2018-01-08,-0.0041992204948595215
2018-01-09,0.0029193666518614824
2018-01-10,-0.0006466967871927641
2018-01-11,-0.051132867488596
2018-01-12,-0.011937302536858497
2018-01-16,0.03693479669041784
2018-01-17,-0.027629499695304306
2018-01-18,0.0205405906609896
2018-01-19,-0.03924872557418115
2018-01-22,-0.015013767809785219
2018-01-23,-0.010280113758677174
2018-01-24,0.018624473539560496
2018-01-25,-0.001054793907576713
2018-01-26,-0.009503381851815637
2018-01-29,0.015991116774307135
2018-01-30,0.028331812237896506
2018-01-31,0.01734700203916056
2018-02-01,-0.011367409014390316
2018-02-02,0.059858002733712654
2018-02-05,0.11550726524785757
2018-02-06,0.037766585392200736
2018-02-07,-0.0017810241166815743
2018-02-08,0.08831394545627613
2018-02-09,0.02722340292649826
2018-02-12,-0.026973727404012306
2018-02-13,-0.006930544332902157
2018-02-14,-0.05379461529097039
2018-02-15,-0.03165335046566449
2018-02-16,-0.010790679166304124
2018-02-20,0.023420309115767222
2018-02-21,-0.0037619252794461383
2018-02-22,0.006922684530333506
2018-02-23,-0.03874992584677317
2018-02-26,-0.02048108613485058
2018-02-27,0.04248231688420405
2018-02-28,0.046482130119476425
2018-03-01,-0.01045975822761537
2018-03-02,0.048675340133585765
2018-03-05,-0.026274205176108366
2018-03-06,-0.03218453584885339
2018-03-07,-0.024857579328352183
2018-03-08,0.005856103134056447
2018-03-09,-0.04760247936416707
2018-03-12,-0.00719180014132515
2018-03-13,0.01629841198104292
2018-03-14,0.012829583947195038
2018-03-15,0.015130307222253303
2018-03-16,0.015092365725193287
2018-03-19,0.026770530280670685
2018-03-20,0.001714858899269435
2018-03-21,-0.01626415025586197
2018-03-22,0.0645274975149393
2018-03-23,-0.06490504043503521
2018-03-26,0.06459183383127046
2018-03-27,-0.05663579303512721
2018-03-28,-0.002334126932369352
2018-03-29,0.029892943410290036
2018-04-02,-0.07180690554406981
2018-04-03,0.04065285771353966
2018-04-04,0.036973915682842626
2018-04-05,0.0230563832498565
2018-04-06,0.057124091189649784
2018-04-09,-0.0014329631201415987
2018-04-10,0.05740388769614904
2018-04-11,0.006785676684528234
2018-04-12,0.01936288511291868
2018-04-13,0.014359111251755926
2018-04-16,-0.025614889852709526
2018-04-17,-0.03216897588041666
2018-04-18,-0.00786287896465031
2018-04-19,0.019092477766125868
2018-04-20,0.01590675148845517
2018-04-23,0.004523203937522091
2018-04-24,0.01662615597593039
2018-04-25,0.006473669884261963
2018-04-26,-0.014218039489322657
2018-04-27,0.0034341275569206692
2018-04-30,0.02737848122804873
2018-05-01,-0.012658173145581956
2018-05-02,-0.011808577894463513
2018-05-03,0.015705240718033912
2018-05-04,-0.03663886319501369
2018-05-07,-0.025470889329427992
2018-05-08,-0.015037733680496445
2018-05-09,-0.016357544717765373
2018-05-10,-0.014781896204845343
2018-05-11,-0.005251474384959044
2018-05-14,0.010181155953798798
2018-05-15,0.0
2018-05-16,-0.02986197098873774
2018-05-17,-0.015005761802989868
2018-05-18,-0.0035157586882797673
2018-05-21,-0.019991976717342024
2018-05-22,0.02120004074169188
2018-05-23,-0.003133884178759618
2018-05-24,0.0
2018-05-25,0.004322326205997887
2018-05-29,-0.00530772427431342
2018-05-30,0.04653152311317347
2018-05-31,0.02611203164180126
2018-06-01,0.023874480458725474
2018-06-04,-0.014256629156206983
2018-06-05,-0.017768377950996787
2018-06-06,-0.021876613733203133
2018-06-07,0.01634408236579238
2018-06-08,-0.008886964085774237
2018-06-11,-0.005550743698659228
2018-06-12,-0.011593075516560842
2018-06-13,0.010860121035563036
2018-06-14,-0.01590017289138311
2018-06-15,0.0004367417458444978
2018-06-18,-0.015277180967742233
2018-06-19,-0.0013298377394684179
2018-06-20,-0.02240601473553965
2018-06-21,0.029558967771293375
2018-06-22,0.010158951481680067
2018-06-25,0.04722353126499015
2018-06-26,0.01782100581503391
2018-06-27,-0.047680315037740596
2018-06-28,0.00716741013398918
2018-06-29,-0.003197362722728202
2018-07-02,0.022555924316016572
2018-07-03,0.009713513066353282
2018-07-05,0.03547462427790767
2018-07-06,0.025549102084453396
2018-07-09,0.017835271127191413
2018-07-10,0.014136067296671573
2018-07-11,0.023830962047508064
2018-07-12,0.012721687875478048
2018-07-13,-0.006947191139775626
2018-07-16,-0.01360798848206917
2018-07-17,0.01340706406779156
2018-07-18,-0.008399439695563839
2018-07-19,-0.01961669198198569
2018-07-20,0.011368854832025278
2018-07-23,-0.0031475609399328436
2018-07-24,0.03202512358363779
2018-07-25,-0.008741009592861428
2018-07-26,-0.01719570439089546
2018-07-27,0.0547329057981042
2018-07-30,0.019566029584279526
2018-07-31,-0.030454650784626853
2018-08-01,0.0017212507063867734
2018-08-02,-0.02061854669668504
2018-08-03,0.011841996182579577
2018-08-06,-0.01863881578023948
2018-08-07,-0.006183833967746699
2018-08-08,0.00177759297070285
2018-08-09,-0.006654746647018391
2018-08-10,-0.007178342826763649
2018-08-13,-0.01715994759633738
2018-08-14,0.029426235020994746
2018-08-15,-0.038208656787083656
2018-08-16,0.026352080188759442
2018-08-17,0.013031078871944102
2018-08-20,0.008099096935020762
2018-08-21,0.03374288990875638
2018-08-22,0.008777493595733604
2018-08-23,-0.009426224874532442
2018-08-24,0.01509745579978836
2018-08-27,0.005768874746786784
2018-08-28,0.0
2018-08-29,-0.01006218286410951
2018-08-30,0.002420175364482463
2018-08-31,-0.011105826570090467
2018-09-04,0.012695242551047257
2018-09-05,0.008196813571871384
2018-09-06,0.0215207259388834
2018-09-07,-0.003032736793609327
2018-09-10,-0.006069025239241868
2018-09-11,-0.0028184262441529203
2018-09-12,0.006594465886997376
2018-09-13,0.0009359351013579657
2018-09-14,-0.014025195077585331
2018-09-17,0.03366516918958277
2018-09-18,-0.013761280594699998
2018-09-19,0.011627816562228969
2018-09-20,-0.027586382637386258
2018-09-21,0.01513008953108408
2018-09-24,0.010712771252187326
2018-09-25,-0.00506929074071375
2018-09-26,0.028762496171109063
2018-09-27,0.00045194394891467
2018-09-28,-0.009932649765973035
2018-10-01,0.03967195805010597
2018-10-02,0.031140385503921075
2018-10-03,0.0269801250618123
2018-10-04,0.04279449833721689
2018-10-05,0.02763834591263965
2018-10-08,0.006520294025917712
2018-10-09,0.01214523665922449
2018-10-10,-0.084541013668121
2018-10-11,-0.05997866890567515
2018-10-12,0.000886260785178171
2018-10-15,0.01163701010393364
2018-10-16,0.08389584135301933
2018-10-17,-0.01026652058647397
2018-10-18,-0.056876427520063416
2018-10-19,-0.033119145681804726
2018-10-22,-0.008307797763363333
2018-10-23,-0.02500326402005414
2018-10-24,-0.11500343332079316
2018-10-25,0.06527258790556016
2018-10-26,-0.03224862400508711
2018-10-29,-0.014778626804821999
2018-10-30,0.058970812366011274
2018-10-31,0.013470206805254754
2018-11-01,0.0612496318864452
2018-11-02,0.009683683041264907
2018-11-05,0.002151100230548078
2018-11-06,-0.01502677705496655
2018-11-07,-0.05121675205009665
2018-11-08,0.005743031745998902
2018-11-09,0.05519568765045665
2018-11-12,-0.06005619147905378
2018-11-13,-0.009652049043322538
2018-11-14,-0.022923916425627574
2018-11-15,0.04355150927680668
2018-11-16,0.006327760629708343
2018-11-19,-0.06006693578877227
2018-11-20,-0.057500991744434356
2018-11-21,0.038961740159679216
2018-11-23,-0.0014539365418483126
2018-11-26,0.038428017292226134
2018-11-27,-0.02396966054099518
2018-11-28,0.07353151267408148
2018-11-29,-0.010167386240036666
2018-11-30,0.014731652682721492
2018-12-03,0.029968402014338515
2018-12-04,-0.12672986436441394
2018-12-06,-0.011402449254665211
2018-12-07,-0.062462511103854
2018-12-10,-0.008308000580122429
2018-12-11,-0.005155461969739638
2018-12-12,0.02947378091488151
2018-12-13,-0.04200097675382148
2018-12-14,-0.046141178088343254
2018-12-17,-0.0669650779717104
2018-12-18,-0.0053506665190000665
2018-12-19,-0.06065652268556749
2018-12-20,-0.051935261785789145
2018-12-21,-0.07956675222044576
2018-12-24,-0.05159558405830051
2018-12-26,0.1392256711531859
2018-12-27,0.007984797391746566
2018-12-28,0.011673847772767499
2018-12-31,0.021636278052009607
2019-01-02,0.01895915525106497
2019-01-03,-0.055225533589216835
2019-01-04,0.11229834193641518
2019-01-07,0.05236389575820716
2019-01-08,0.04456774189890365
2019-01-09,0.025016998184123732
2019-01-10,0.014543675243502238
2019-01-11,0.0032953474837473804
2019-01-14,-0.030218373655084483
2019-01-15,0.026418413808841135
2019-01-16,0.018808670113816574
2019-01-17,0.02655880096860076
2019-01-18,-0.030112350641047878
2019-01-22,0.05015325266413957
2019-01-23,0.006172789647237883
2019-01-24,-0.01840495366433589
2019-01-25,0.03721948711559981
2019-01-28,0.015022293371752444
2019-01-29,0.006727311306126668
2019-01-30,0.03185795294209911
2019-01-31,0.023574523235099627
2019-02-01,0.0050516395970691096
2019-02-04,-0.03303724170102637
2019-02-05,-0.0051431658277577555
2019-02-06,0.005539086135405364
2019-02-07,0.02387055924392497
2019-02-08,0.002347494481865884
2019-02-11,0.02502924887678865
2019-02-12,-0.03830570268475531
2019-02-13,-0.007277076229016873
2019-02-14,-0.006172492821312151
2019-02-15,-0.04736034820550143
2019-02-19,-0.007742520427684173
2019-02-20,-0.014373713980221298
2019-02-21,0.011666789289078936
2019-02-22,-0.026359196881819317
2019-02-25,0.0
2019-02-26,0.022419622068123833
2019-02-27,-0.0062064107939906734
2019-02-28,0.012489905320762641
2019-03-01,-0.02878270467279947
2019-03-04,0.027518914367310292
2019-03-05,0.014008999521940122
2019-03-06,0.05891955380018379
2019-03-07,-0.02645845860077624
2019-03-08,-0.001138116012334473
2019-03-11,0.051567002831045955
2019-03-12,0.0018965133249425295
2019-03-13,0.011898497846770219
2019-03-14,-0.013228306028900816
2019-03-15,0.008530842280060118
2019-03-18,0.018797072428805475
2019-03-19,-0.015814539699477197
2019-03-20,-0.02428888504768338
2019-03-21,0.03899501655713352
2019-03-22,0.1106140677497921
2019-03-25,0.012616718332603305
2019-03-26,0.03122236313405976
2019-03-27,-0.011513622581858528
2019-03-28,0.02588435067899751
2019-03-29,0.009671981466899066
2019-04-01,0.03234763045917158
2019-04-02,-0.008203502644941676
2019-04-03,0.015728940346522245
2019-04-04,-0.013072014546336733
2019-04-05,-0.028559787220743902
2019-04-08,0.005965233228380409
2019-04-09,0.0364253001302452
2019-04-10,0.03927326588366857
2019-04-11,-0.003342034343350483
2019-04-12,-0.010615467220334941
2019-04-15,0.012016995760025894
2019-04-16,-0.006785442174460018
2019-04-17,0.02860803864433397
2019-04-18,0.007056925481510599
2019-04-22,0.009068481625954472
2019-04-23,-0.046977279882576
2019-04-24,-0.00728668493060265
2019-04-25,0.025043146679769007
2019-04-26,-0.02948612424522701
2019-04-29,0.01317488311164287
2019-04-30,0.015411395106076663
2019-05-01,0.029054785874402755
2019-05-02,0.014101147813030733
2019-05-03,-0.05897466064819996
2019-05-06,-0.0027248251835919578
2019-05-07,0.05965386261865772
2019-05-08,-0.016130926965201776
2019-05-09,-0.011149266507919451
2019-05-10,0.00742827882299542
2019-05-13,-0.09506267204222854
2019-05-14,0.039575261672397666
2019-05-15,0.008257661002952742
2019-05-16,0.019155780120238674
2019-05-17,-0.04222274762616783
2019-05-20,-0.021331259138856588
2019-05-21,0.0412674189477481
2019-05-22,-0.027490931793433777
2019-05-23,-0.06041027552704789
2019-05-24,0.025656653914900275
2019-05-28,-0.022036975880181383
2019-05-29,-0.026035409825317827
2019-05-30,-0.008910416104429433
2019-05-31,-0.03943221229975293
2019-06-03,0.006239643324175635
2019-06-04,0.07898191808920892
2019-06-05,-0.0009077391632314939
2019-06-06,-0.006509127936821228
2019-06-07,0.019655925865599166
2019-06-10,0.018380130769916816
2019-06-11,-0.009244417993437115
2019-06-12,0.0023693918326497293
2019-06-13,0.03132423761275696
2019-06-14,-0.025071790020455703
2019-06-17,0.020132388150135752
2019-06-18,0.03298753225601024
2019-06-19,0.011434785670621391
2019-06-20,0.013925294495254047
2019-06-21,0.02783634028071779
2019-06-24,-0.0361934391786756
2019-06-25,0.016942563802172902
2019-06-26,-0.005468824215662555
2019-06-27,0.05647232589003289
2019-06-28,0.03601049677053279
2019-07-01,0.010862317641217223
2019-07-02,-0.01813327226286499
2019-07-03,-0.020364957098136405
2019-07-05,-0.008228472817222287
2019-07-08,0.02925752773118513
2019-07-09,-0.002969755610932322
2019-07-10,-0.00510656212296811
2019-07-11,0.014970148172346162
2019-07-12,-0.022755960171637616
2019-07-15,0.01595506748303513
2019-07-16,0.00042445790796617305
2019-07-17,0.021637790557807443
2019-07-18,0.00993832203948338
2019-07-19,-0.016354867963245485
2019-07-22,-0.004368000135625161
2019-07-23,0.020379142406649696
2019-07-24,-0.04907706337422746
2019-07-25,0.03749442616851858
2019-07-26,-0.03528916681623773
2019-07-29,0.020273452181035267
2019-07-30,-0.032397440369919754
2019-07-31,0.023660657189693884
2019-08-01,-0.044289410043951476
2019-08-02,-0.03510735135374275
2019-08-05,-0.0887790088307255
2019-08-06,0.02747157649576048
2019-08-07,-0.000932628295298948
2019-08-08,0.06394895468629197
2019-08-09,-0.03846159188848578
2019-08-12,-0.035437204607445164
2019-08-13,0.029485829440560236
2019-08-14,-0.08408611871653975
2019-08-15,-0.012040250740495077
2019-08-16,0.06364253403971337
2019-08-19,0.029599135687577813
2019-08-20,-0.019474655384245535
2019-08-21,0.024432298271803096
2019-08-22,-0.007847049313365677
2019-08-23,-0.09181150440582159
2019-08-26,0.033128354709463126
2019-08-27,-0.04528929404337857
2019-08-28,0.03514543811782918
2019-08-29,0.05234992410118888
2019-08-30,-0.0046088755402947474
2019-09-03,-0.045185978000109074
2019-09-04,0.024916201649745066
2019-09-05,0.05367934316232442
2019-09-06,-0.012697434669223635
2019-09-09,0.03873899553111146
2019-09-10,-0.038145981280113005
2019-09-11,-0.0618337091005798
2019-09-12,-0.00045435323691390744
2019-09-13,-0.00454755727676061
2019-09-16,-0.012334340349866121
2019-09-17,0.00878801478770001
2019-09-18,0.019715699803683047
2019-09-19,0.01483820129619625
2019-09-20,0.0053165841346888175
2019-09-23,0.0022035990917889494
2019-09-24,0.045734525866609234
2019-09-25,0.032052318099532844
2019-09-26,0.03273674096506067
2019-09-27,-0.024379551857314285
2019-09-30,0.003047423822093262
2019-10-01,-0.05818013697415359
2019-10-02,-0.02548375711466663
2019-10-03,0.01108892038779419
2019-10-04,0.027827677425641174
2019-10-07,-0.005255482586904118
2019-10-08,-0.04851111846990206
2019-10-09,0.012619942093751224
2019-10-10,0.01312722629191272
2019-10-11,0.04986068577405812
2019-10-14,0.010175195043038364
2019-10-15,-0.0342467978628515
2019-10-16,-0.0016687928817922327
2019-10-17,-0.03510230311855597
2019-10-18,0.014291604818739785
2019-10-21,-0.028607777326852817
2019-10-22,-0.002197790191354856
2019-10-23,-0.003083774806811901
2019-10-24,0.003977117858900873
2019-10-25,-0.01540484490896699
2019-10-28,-0.026374845233182006
2019-10-29,-0.010100711614799387
2019-10-30,0.01113164889921154
2019-10-31,0.018348725345395556
2019-11-01,-0.051801974871607884
2019-11-04,-0.01472670388699176
2019-11-05,-0.0038573730741491372
2019-11-06,0.016456887895078102
2019-11-07,-0.008095080881058857
2019-11-08,-0.00912160674382363
2019-11-11,0.007751837961210703
2019-11-12,-0.0004805674622538301
2019-11-13,0.01058190853953963
2019-11-14,0.00095180973776853
2019-11-15,-0.01474085139455346
2019-11-18,0.009652671902626541
2019-11-19,-0.011950361993305557
2019-11-20,0.009192215949647099
2019-11-21,-0.017123654672858205
2019-11-22,-0.008953893712089288
2019-11-25,-0.06419408473421631
2019-11-26,-0.002032344140901375
2019-11-27,-0.01934820792812849
2019-11-29,0.018172354014255095
2019-12-02,0.030596616287211182
2019-12-03,0.008906476832061824
2019-12-04,0.020775710053080553
2019-12-05,-0.0030059361902723806
2019-12-06,-0.03517598064607314
2019-12-09,0.006770765464688321
2019-12-10,-0.0020692958064287247
2019-12-11,0.0015552475280331123
2019-12-12,-0.026915073916342788
2019-12-13,0.012765950079226457
2019-12-16,-0.01943269727945657
2019-12-17,-0.015532917285785042
2019-12-18,-0.007073074998567144
2019-12-19,-0.010410886140169861
2019-12-20,-0.006090791269540883
2019-12-23,-0.005570917448592838
2019-12-24,-0.0072598790868368965
2019-12-26,0.0
2019-12-27,0.015872920451544422
2019-12-30,0.0066963654618605924
2019-12-31,-0.004434412214435977
2020-01-02,-0.0005569037365936352
2020-01-03,0.012813461621933508
2020-01-06,-0.004950508685486707
2020-01-07,0.009950276300220648
2020-01-08,-0.00985224375270412
2020-01-09,-0.0033166773499115365
2020-01-10,0.014420258695335367
2020-01-13,-0.02132326858864745
2020-01-14,-0.01117319033326046
2020-01-15,-0.013559196230485201
2020-01-16,-0.03894616188449432
2020-01-17,0.009535129730217463
2020-01-21,0.02420293693207121
2020-01-22,0.0028819945881319886
2020-01-23,-0.001479376450428608
2020-01-24,0.04025307615346809
2020-01-27,-0.033187255617140095
2020-01-28,0.02390567933470141
2020-01-29,-0.01604386840878114
2020-01-30,-0.0002433566285584294
2020-01-31,-0.06097856064254092
2020-02-03,0.03058963477234491
2020-02-04,0.04578051602759976
2020-02-05,0.04521942059759429
2020-02-06,0.006347364147531556
2020-02-07,0.03841748411999008
2020-02-10,0.018520719127032896
2020-02-11,0.01948291898435615
2020-02-12,0.019921023799337353
2020-02-13,-0.008196716363777784
2020-02-14,0.010625681749298493
2020-02-18,-0.006837641946785771
2020-02-19,0.014572609031529163
2020-02-20,0.00769055957528486
2020-02-21,-0.03142546731695684
2020-02-24,-0.0918885221371842
2020-02-25,-0.10297330778902912
2020-02-26,-0.035135154584785167
2020-02-27,-0.10688468415092027
2020-02-28,-0.0396171057584846
2020-03-02,0.08164323407770525
2020-03-03,-0.06292720634933395
2020-03-04,0.08580649295132921
2020-03-05,-0.0991721727682488
2020-03-06,-0.05842588902526399
2020-03-09,-0.2868717635377238
2020-03-10,0.0883036343439817
2020-03-11,-0.18861205859914468
2020-03-12,-0.3423977503322254
2020-03-13,0.22676760793636191
2020-03-16,-0.43312793317309406
2020-03-17,0.1847825482650461
2020-03-18,-0.23799234799301455
2020-03-19,0.08498571040691051
2020-03-20,-0.08420352804230183
2020-03-23,-0.03991454067726851
2020-03-24,0.2672607855702579
2020-03-25,0.0398356902519058
2020-03-26,0.18309881421868762
2020-03-27,-0.10523816577151511
2020-03-30,0.06173497548219472
2020-03-31,-0.018045344411887654
2020-04-01,-0.2031648009196804
2020-04-02,0.027546594460373608
2020-04-03,-0.08541153676416777
2020-04-06,0.22767583062819494
2020-04-07,0.008883639042979669
2020-04-08,0.137589651851072
2020-04-09,0.14126750391366028
2020-04-13,-0.08011873562675315
2020-04-14,0.05852538658204807
2020-04-15,-0.12276892430450266
2020-04-16,-0.02233232879420783
2020-04-17,0.129441575735993
2020-04-20,-0.03640444883558415
2020-04-21,-0.07182834574151706
2020-04-22,0.03869341044779084
2020-04-23,0.030962612235095346
2020-04-24,0.05114986295566915
2020-04-27,0.12053570640867971
2020-04-28,-0.04530925407469764
2020-04-29,0.14252955413002685
2020-04-30,0.11277727319993293
2020-05-01,0.11775020605232199
2020-05-04,0.01025651376496996
2020-05-05,0.02326554598947871
2020-05-06,-0.02439030965657091
2020-05-07,-0.04600746579345261
2020-05-08,0.11647743677793647
2020-05-11,0.014990345931554874
2020-05-12,0.10584614888650345
2020-05-13,-0.10302026809307767
2020-05-14,0.014298575930602903
2020-05-15,0.045930039603802014
2020-05-18,0.18260897060046644
2020-05-19,0.058398804472394844
2020-05-20,-0.08989453183586202
2020-05-21,-0.007492852124404862
2020-05-22,-0.013040520368452924
2020-05-26,-0.0841446335278107
2020-05-27,-0.09567209592779717
2020-05-28,0.0713684228083956
2020-05-29,0.018809118338218623
2020-06-01,-0.02923094024113995
2020-06-02,-0.025356643756190872
2020-06-03,-0.0723578371830074
2020-06-04,0.004382270373165873
2020-06-05,-0.11605578031486792
2020-06-08,-0.05922998262568776
2020-06-09,0.05351511173825503
2020-06-10,0.08266938810925402
2020-06-11,0.2263107100644344
2020-06-12,0.06823963342553167
2020-06-15,0.07067625480735462
2020-06-16,-0.06857659241361
2020-06-17,0.05591831702449562
2020-06-18,-0.0035305564540633154
2020-06-19,-0.01942965071156486
2020-06-22,0.032917752260982466
2020-06-23,-0.010791429264089063
2020-06-24,0.09909072429892007
2020-06-25,0.04616417448193251
2020-06-26,-0.07852030629033975
2020-06-29,0.10035199849920855
2020-06-30,0.0425599391295313
2020-07-01,-0.030079650559963197
2020-07-02,0.011075985088766914
2020-07-06,0.02034430866424988
2020-07-07,0.05337083702449008
2020-07-08,0.025616082551966957
2020-07-09,-0.060069509677929664
2020-07-10,0.047090433350066366
2020-07-13,-0.03854790554583331
2020-07-14,0.05078512135314304
2020-07-15,0.10969786090107499
2020-07-16,0.018461759277440214
2020-07-17,0.009351389085237452
2020-07-20,-0.012449426635909654
2020-07-21,0.040750310449036126
2020-07-22,0.0030986672568890012
2020-07-23,0.0028082885245086496
2020-07-24,-0.045365609082839514
2020-07-27,0.03402758365942318
2020-07-28,0.0313479527420425
2020-07-29,0.06496955208301645
2020-07-30,-0.011266838620769952
2020-07-31,-0.02918291934209441
2020-08-03,0.05124528865509278
2020-08-04,0.018518608214904503
2020-08-05,0.059625791929322124
2020-08-06,0.0023837306480832374
2020-08-07,0.04771514757767736
2020-08-10,-0.03249993171201249
2020-08-11,0.01937993449429855
2020-08-12,-0.01394172423613563
2020-08-13,0.006426764513652796
2020-08-14,0.0038315101515520836
2020-08-17,-0.017811727700798845
2020-08-18,0.03108806907477083
2020-08-19,-0.0012563424868001773
2020-08-20,0.012578673394838777
2020-08-21,0.019875646054465814
2020-08-24,-0.030450541327821476
2020-08-25,-0.0037690274604005322
2020-08-26,0.020176601629440905
2020-08-27,-0.009888778863000065
2020-08-28,-0.02496853718509284
2020-08-31,0.032010100579029144
2020-09-01,-0.03225808218432791
2020-09-02,-0.0256411417377055
2020-09-03,0.08815803332928018
2020-09-04,-0.019836995417971393
2020-09-08,0.05687183051099233
2020-09-09,0.04566724359480378
2020-09-10,-0.03788473458475092
2020-09-11,-0.02187578693671543
2020-09-14,0.07967555781111244
2020-09-15,0.005178827352362894
2020-09-16,0.02859336781943423
2020-09-17,0.021196937245682532
2020-09-18,0.008547065366813203
2020-09-21,0.10653754536386671
2020-09-22,0.021564234281041428
2020-09-23,-0.08865727587558662
2020-09-24,-0.0009266368264748496
2020-09-25,0.04884062354286474
2020-09-28,0.07486042604187731
2020-09-29,-0.014806851371195414
2020-09-30,0.010576057655266546
2020-10-01,-0.04772967919884594
2020-10-02,-0.01344727640101618
2020-10-05,-0.08302364295806436
2020-10-06,0.006756488034113931
2020-10-07,-0.06442951323316293
2020-10-08,-0.03443327581645917
2020-10-09,-0.01634497543995443
2020-10-12,-0.01812633183376247
2020-10-13,0.021538259878574276
2020-10-14,0.02861429846191248
2020-10-15,-0.032210682823428885
2020-10-16,0.006051397642999262
2020-10-19,0.039097545539839615
2020-10-20,-0.008682853520476196
2020-10-21,0.027737179549835678
2020-10-22,-0.053977184248574096
2020-10-23,-0.018018231005613006
2020-10-26,0.06574929568147725
2020-10-27,0.025825062423718712
2020-10-28,0.0937062240482858
2020-10-29,0.03514718275728299
2020-10-30,0.039787776407411844
2020-11-02,-0.05612245041602964
2020-11-03,-0.08648660633678519
2020-11-04,-0.0014794707515282586
2020-11-05,-0.0844442080314344
2020-11-06,0.025890034678469346
2020-11-09,-0.11041022826047853
2020-11-10,-0.05851068062615493
2020-11-11,0.0037665232252651224
2020-11-12,0.04690425083793087
2020-11-13,-0.06272397168421037
2020-11-16,-0.07074562446277365
2020-11-17,-0.014403462262869829
2020-11-18,0.04175369288785431
2020-11-19,-0.022043982835642913
2020-11-20,-0.006147538357471651
2020-11-23,-0.05360835080011156
2020-11-24,-0.06100218580846701
2020-11-25,0.016241493383299194
2020-11-27,-0.015981923085257584
2020-11-30,0.05336439469899152
2020-12-01,-0.026431787669914178
2020-12-02,-0.004524857502153812
2020-12-03,-0.013636358315765606
2020-12-04,-0.07373266147236288
2020-12-07,0.0
2020-12-08,-0.03980100731763542
2020-12-09,0.023315956500034214
2020-12-10,-0.03291131907636258
2020-12-11,0.01832453547998836
2020-12-14,-0.005141449439340287
2020-12-15,-0.0749351573405883
2020-12-16,0.011173109727274595
2020-12-17,-0.03867408255785239
2020-12-18,0.017241477732819203
2020-12-21,0.0
2020-12-22,-0.03389828747097089
2020-12-23,-0.02631588288767885
2020-12-24,0.0030030385009355014
2020-12-28,0.011975968758725478
2020-12-29,0.05621314043870395
2020-12-30,-0.03361342805916232
2020-12-31,0.008695540905467836
2021-01-04,0.040229938521531415
2021-01-05,-0.04972373332466136
2021-01-06,-0.11918616526725614
2021-01-07,-0.05280524105881355
2021-01-08,0.006968851922439589
2021-01-11,0.0
2021-01-12,-0.05190320954765179
2021-01-13,0.02189766468545578
2021-01-14,-0.06071428501043108
2021-01-15,0.038022916071015926
2021-01-19,-0.03296708479590302
2021-01-20,-0.018939478921165678
2021-01-21,0.029343652760892874
2021-01-22,-0.03600897569809663
2021-01-25,0.0031127486205164995
2021-01-26,0.021722482582892645
2021-01-27,0.05466955068479835
2021-01-28,0.007919381275990808
2021-01-29,0.04642879501972731
2021-02-01,-0.07508551042460028
2021-02-02,-0.04132848336297312
2021-02-03,-0.010007350547481973
2021-02-04,-0.05987589157029153
2021-02-05,-0.043010626720450175
2021-02-08,-0.07605898628823327
2021-02-09,-0.014031544023901624
2021-02-10,0.019924053800721767
2021-02-11,0.0009301408763035832
2021-02-12,-0.007435066888763071
2021-02-16,0.018726816883758605
2021-02-17,0.022058678085414403
2021-02-18,0.04856133404637919
2021-02-19,-0.06260734144070966
2021-02-22,0.018298395542476076
2021-02-23,0.025157066399355003
2021-02-24,-0.07099038518969548
2021-02-25,0.11226421102370458
2021-02-26,0.001696185844056056
2021-03-01,-0.10414868078997007
2021-03-02,0.058600915826205996
2021-03-03,0.033035828442139856
2021-03-04,0.08210883754589772
2021-03-05,-0.061501562650934746
2021-03-08,-0.017872457734544503
2021-03-09,-0.0597919605327681
2021-03-10,-0.055299602060881484
2021-03-11,-0.06341458337389749
2021-03-12,-0.023958368860069815
2021-03-15,-0.007470798925841379
2021-03-16,0.05053780901297613
2021-03-17,-0.024564929459596593
2021-03-18,0.0912904480074719
2021-03-19,-0.022115332235820472
2021-03-22,0.022615481114336956
2021-03-23,0.10769259475952937
2021-03-24,0.06944422378839671
2021-03-25,0.07063427422966398
2021-03-26,-0.05322874825418896
2021-03-29,0.0838709289139651
2021-03-30,-0.05272105904159554
2021-03-31,-0.038599554298866114
2021-04-01,-0.0401497287261723
2021-04-05,-0.015564015397341483
2021-04-06,0.009881450045153622
2021-04-07,0.04990227926263184
2021-04-08,-0.027959066088867852
2021-04-09,0.0011954108146115911
2021-04-12,0.011516416087218241
2021-04-13,0.007589820717197526
2021-04-14,0.029050903043483317
2021-04-15,-0.012609302866619994
2021-04-16,0.0062976877069144495
2021-04-19,-0.03960664936423272
2021-04-20,-0.05939293213092013
2021-04-21,0.07086295520215104
2021-04-22,-0.01118292260905006
2021-04-23,0.05364975238234837
2021-04-26,0.032200908821016276
2021-04-27,-0.006263102531651282
2021-04-28,-0.004201653070128152
2021-04-29,0.00949351124094752
2021-04-30,0.043887345264939946
2021-05-03,-0.017017180407024397
2021-05-04,0.03665973455036383
2021-05-05,-0.011649193866764829
2021-05-06,0.004268999571654864
2021-05-07,0.03659555152463264
2021-05-10,-0.07720418721914278
2021-05-11,-0.008598085165280973
2021-05-12,-0.09754445434835053
2021-05-13,0.05388199783580932
2021-05-14,0.07366801625728653
2021-05-17,0.0047713444760753895
2021-05-18,0.02339183697909925
2021-05-19,-0.02333247674690607
2021-05-20,-0.018621852734764566
2021-05-21,0.007325162372013658
2021-05-24,0.020360323808760347
2021-05-25,-0.028411173903053984
2021-05-26,0.056136801342576884
2021-05-27,0.03055858079968578
2021-05-28,0.0031186743497280517
2021-06-01,-0.03626966807001639
2021-06-02,-0.0021505240233489985
2021-06-03,0.024784721979963148
2021-06-04,-0.012618310258386346
2021-06-07,0.04009143997035026
2021-06-08,-0.03218655544754797
2021-06-09,-0.020398150249641183
2021-06-10,-0.021324612462605315
2021-06-11,0.03076130027176969
2021-06-14,-0.009864760403142941
2021-06-15,-0.008205053948451412
2021-06-16,-0.006668952730067492
2021-06-17,0.03440629677306611
2021-06-18,-0.07022782091701846
2021-06-21,0.06777087295542523
2021-06-22,0.01444889864371921
2021-06-23,0.010922796325375128
2021-06-24,-0.03964762394421492
2021-06-25,0.0
2021-06-28,0.017201935132007504
2021-06-29,0.01465615225559583
2021-06-30,0.001030486306038548
2021-07-01,0.025223298191133933
2021-07-02,0.02971430229146987
2021-07-06,0.041065316597930494
2021-07-07,0.0287848569346282
2021-07-08,0.026943018613079763
2021-07-09,0.06179182551678012
2021-07-12,0.0034075972066435244
2021-07-13,0.0550159201939572
2021-07-14,-0.048164301646422686
2021-07-15,-0.0162042786914965
2021-07-16,-0.037590952100171396
2021-07-19,-0.044204184255435486
2021-07-20,0.09040982102626796
2021-07-21,0.054201269285854496
2021-07-22,-0.049407523822365546
2021-07-23,0.013571652438043666
2021-07-26,0.010513915926619056
2021-07-27,-0.03455039226349033
2021-07-28,0.044631792931882394
2021-07-29,0.022579009300424894
2021-07-30,-0.020176821781939865
2021-08-02,-0.01554166525903927
2021-08-03,0.01282707713022314
2021-08-04,-0.03750629123182473
2021-08-05,0.05516207000751004
2021-08-06,0.017362077844562
2021-08-09,0.01800864930356339
2021-08-10,-0.006243645937041195
2021-08-11,-0.014659686166400048
2021-08-12,0.007438943816974146
2021-08-13,0.028480921783308587
2021-08-16,-0.02727988724889317
2021-08-17,-0.03655840510876957
2021-08-18,-0.025366529742995088
2021-08-19,-0.036906574662869146
2021-08-20,0.05061468201698134
2021-08-23,0.05766386729960183
2021-08-24,0.028705123943684387
2021-08-25,-0.010449253512171608
2021-08-26,0.03062330639097708
2021-08-27,-0.08504116048442724
2021-08-30,0.014557574817555272
2021-08-31,-0.007726320632154983
2021-09-01,-0.020022424804780413
2021-09-02,-0.02043088688345017
2021-09-03,0.012746255060232567
2021-09-07,0.022883141083098864
2021-09-08,0.031319807179158825
2021-09-09,0.0
2021-09-10,-0.0301426658291401
2021-09-13,-0.017894525692449603
2021-09-14,0.039656857023891386
2021-09-15,0.032200207229290484
2021-09-16,-0.002317977183006142
2021-09-17,-0.002125384594333611
2021-09-20,0.06815765693674733
2021-09-21,0.00602486898549706
2021-09-22,0.044811518633977344
2021-09-23,0.053463858480411075
2021-09-24,0.015538291354471948
2021-09-27,-0.04371586292298816
2021-09-28,0.06628580786271761
2021-09-29,0.005358824262344725
2021-09-30,0.0287848569346282
2021-10-01,-0.049741082070512366
2021-10-04,0.027262839115580247
2021-10-05,-0.011677109498993988
2021-10-06,0.016111403629222264
2021-10-07,-0.04651143120554179
2021-10-08,0.022172906272846012
2021-10-11,0.018438257826381744
2021-10-12,-0.0181044434306051
2021-10-13,-0.011930508327655012
2021-10-14,-0.043907909327548456
2021-10-15,0.008036898797986662
2021-10-18,0.0011388398979862583
2021-10-19,-0.012514139524342792
2021-10-20,-0.018433270543449308
2021-10-21,-0.008215909228295432
2021-10-22,0.005917121121668048
2021-10-25,-0.02823532721424004
2021-10-26,0.023002495447133977
2021-10-27,0.05562137390621964
2021-10-28,0.06059457022693565
2021-10-29,0.0
2021-11-01,-0.0786651081769518
2021-11-02,-0.00646838195506327
2021-11-03,-0.05468738586037417
2021-11-04,0.0013774013947566778
2021-11-05,-0.041265392854373265
2021-11-08,0.008165578562339655
2021-11-09,0.018840455402420513
2021-11-10,-0.0468844950495671
2021-11-11,-0.024456300343139337
2021-11-12,-0.0027858168190784357
2021-11-15,0.011173433723162578
2021-11-16,-0.00414380932062068
2021-11-17,0.03744812796352413
2021-11-18,0.012031821241161688
2021-11-19,0.02774108851951852
2021-11-22,-0.012673235907412095
2021-11-23,0.00507610836205169
2021-11-24,-0.003787853715618687
2021-11-26,0.11153331202512597
2021-11-29,-0.008806053717333073
2021-11-30,-0.05935759659707344
2021-12-01,-0.06746223821729666
2021-12-02,0.08135777369382748
2021-12-03,-0.06123912210295284
2021-12-06,0.05942337515799618
2021-12-07,0.07026786840515303
2021-12-08,0.020885771193863527
2021-12-09,-0.06810015180050856
2021-12-10,-0.008740627553246103
2021-12-13,-0.042653570196664256
2021-12-14,-0.027310837755910002
2021-12-15,0.04844764046555424
2021-12-16,-0.06101656335461557
2021-12-17,0.026730643845880125
2021-12-20,-0.04204772576901524
2021-12-21,0.08596750395830066
2021-12-22,0.028481910024140494
2021-12-23,0.024333073714019268
2021-12-27,-0.028335225041210204
2021-12-28,0.01822610576163391
2021-12-29,-0.002386838366550021
2021-12-30,0.0023925489942834273
2021-12-31,0.003579599051103342
2022-01-03,-0.03804980856277895
2022-01-04,0.004944457417049914
2022-01-05,0.10086113871038134
2022-01-06,-0.016759972871323758
2022-01-07,0.036363609760645094
2022-01-10,0.009868357361257896
2022-01-11,-0.032573081726689886
2022-01-12,0.02356886786795125
2022-01-13,0.025657910659685527
2022-01-14,-0.002565612688249643
2022-01-18,0.09067525345563975
2022-01-19,0.04638337708612041
2022-01-20,0.055785270301971626
2022-01-21,-0.05463958475862889
2022-01-24,0.07120183436485596
2022-01-25,-0.0417112790869701
2022-01-26,-0.04408898639925701
2022-01-27,-0.06918325525232646
2022-01-28,0.05744054653962805
2022-01-31,0.08968780245556318
2022-02-01,0.03396356193436281
2022-02-02,0.0267069500409992
2022-02-03,-0.057010284326953084
2022-02-04,0.014897419683727507
2022-02-07,-0.014074584481041109
2022-02-08,-0.05014270664892687
2022-02-09,-0.056359256883866164
2022-02-10,0.042404862288472116
2022-02-11,0.03399539041683416
2022-02-14,0.009974297906460008
2022-02-15,-0.08302879093577542
2022-02-16,-0.004586870305010871
2022-02-17,0.07613709863177777
2022-02-18,0.02625195486176454
2022-02-22,-0.04333644056630524
2022-02-23,-0.055662489175969485
2022-02-24,0.08042006069426853
2022-02-25,0.06746943125790576
2022-02-28,-0.009406963508312377
2022-03-01,-0.057446645376109835
2022-03-02,0.07293728177670249
2022-03-03,0.03670629390089739
2022-03-04,-0.044631793438341054
2022-03-07,-0.07434173347947187
2022-03-08,0.014531189452476707
2022-03-09,0.08332048994307761
2022-03-10,0.006052699513202537
2022-03-11,0.04869344284702397
2022-03-14,0.056830260249815356
2022-03-15,-0.0422391930948137
2022-03-16,-0.09670560962890065
2022-03-17,-0.04705878852339996
2022-03-18,-0.02962968219612296
2022-03-21,0.02480917519218993
2022-03-22,-0.02813991746837033
2022-03-23,0.05067082350955467
2022-03-24,-0.03546103784648913
2022-03-25,-0.005672115715681831
2022-03-28,0.0006335711484077019
2022-03-29,-0.08171436916228143
2022-03-30,0.06093335608800645
2022-03-31,0.032293172118793234
2022-04-01,-0.03212270923781446
2022-04-04,-0.008893591811886538
2022-04-05,0.07244480144704817
2022-04-06,0.04142840800025451
2022-04-07,0.012541704754846691
2022-04-08,0.022450052651102257
2022-04-11,0.021957288366804818
2022-04-12,-0.010742677081227064
2022-04-13,-0.05804152785090164
2022-04-14,0.030212645965878113
2022-04-18,0.019872636262217833
2022-04-19,-0.06186144580461907
2022-04-20,-0.010082611015129667
2022-04-21,0.06864922128267029
2022-04-22,0.07720169992599947
2022-04-25,-0.018757814569347806
2022-04-26,0.09540127555981452
2022-04-27,-0.011465871005047064
2022-04-28,0.05460380968850274
2022-04-29,0.08287343551219062
2022-05-02,0.029205109325292303
2022-05-03,-0.027973319425697696
2022-05-04,-0.08044433657989797
2022-05-05,0.12188891011598128
2022-05-06,0.050244685356049354
2022-05-09,0.12597064920515944
2022-05-10,-0.00022200604663741568
2022-05-11,-0.07550522418110729
2022-05-12,0.03723274120708615
2022-05-13,0.0928671600826912
2022-05-16,-0.015045791557730377
2022-05-17,0.09487965368627946
2022-05-18,0.1059951287327574
2022-05-19,0.006606611154352728
2022-05-20,-0.007219419708997648
2022-05-23,0.033274534637088606
2022-05-24,-0.04542540501759246
2022-05-25,0.0560768640596699
2022-05-26,0.06494606124833564
2022-05-27,0.08065155485537878
2022-05-31,-0.03860315272012489
2022-06-01,0.015473488078379177
2022-06-02,-0.07133299083161082
2022-06-03,0.02524350542340645
2022-06-06,-0.011079870238682924
2022-06-07,-0.04801725241262674
2022-06-08,0.04558211112091388
2022-06-09,0.06164009394219113
2022-06-10,0.08179061407155609
2022-06-13,0.14141278362115084
2022-06-14,0.011312338433777944
2022-06-15,-0.04218321745626993
2022-06-16,0.13944008475713526
2022-06-17,0.022184558299933762
2022-06-21,0.05604408955892526
2022-06-22,0.006551734272474477
2022-06-23,0.034239616784044045
2022-06-24,0.09097788976273512
2022-06-27,0.012277377829310529
2022-06-28,0.05586313375831518
2022-06-29,-0.031938120626413234
2022-06-30,-0.02224452700572901
2022-07-01,0.03681013081268623
2022-07-05,0.02095638385497254
2022-07-06,-0.022699813764940298
2022-07-07,0.0721522407856654
2022-07-08,-0.00046116982836248184
2022-07-11,0.059567895539864454
2022-07-12,-0.007380225918060708
2022-07-13,-0.0032215365152201683
2022-07-14,-0.031079079654310254
2022-07-15,0.0603027490082145
2022-07-18,-0.009196595607759732
2022-07-19,0.10625302523541086
2022-07-20,-0.04790117647842497
2022-07-21,-0.015387300176419566
2022-07-22,0.04863906119531228
2022-07-25,0.015956053578296388
2022-07-26,-0.017211353151477815
2022-07-27,0.0654549714475366
2022-07-28,0.041504067707863024
2022-07-29,0.022095166126395407
2022-08-01,-0.0007719862955650227
2022-08-02,-0.0038630662785125586
2022-08-03,-0.04313954077753561
2022-08-04,0.0033765079436984427
2022-08-05,-0.021377821825148604
2022-08-08,-0.03155332400980273
2022-08-09,0.0415622164043921
2022-08-10,-0.08622408101356585
2022-08-11,-0.011191640367566464
2022-08-12,-0.05969825729894603
2022-08-15,-0.009676530089517509
2022-08-16,0.0
2022-08-17,0.05195413933329403
2022-08-18,-0.019710280935626285
2022-08-19,0.06378581426769157
2022-08-22,0.06256770274659235
2022-08-23,-0.005929276659086148
2022-08-24,-0.02241848365814267
2022-08-25,-0.04565563545151472
2022-08-26,0.0994270303631937
2022-08-29,0.026669369036831567
2022-08-30,0.04238269628458711
2022-08-31,0.019673933507181468
2022-09-01,0.03307611661711698
2022-09-02,0.021522565615982096
2022-09-06,0.029078996170010783
2022-09-07,-0.06260581062669769
2022-09-08,-0.027075719979195445
2022-09-09,-0.05899811546133061
2022-09-12,-0.037066382196923126
2022-09-13,0.11855031840776814
2022-09-14,-0.011898063925704526
2022-09-15,0.022415510989074648
2022-09-16,0.04620422750321746
2022-09-19,-0.026151813327941052
2022-09-20,0.040725540170373296
2022-09-21,0.0442584501880858
2022-09-22,0.06823752186665927
2022-09-23,0.07337635990160525
2022-09-26,0.04110169619443371
2022-09-27,-0.010417800011472654
2022-09-28,-0.09655099224488589
2022-09-29,0.06899714119195077
2022-09-30,-0.021452855415934807
2022-10-03,0.08067801427124846
2022-10-04,0.11685121650663344
2022-10-05,0.02281762434515853
2022-10-06,0.017069379467611934
2022-10-07,0.08906627335516291
2022-10-10,0.017241278903944963
2022-10-11,0.0007499575980471443
2022-10-12,0.0067446980934488645
2022-10-13,-0.07190711777357048
2022-10-14,0.07715733786467438
2022-10-17,-0.09426659059767234
2022-10-18,-0.03584325784919736
2022-10-19,0.05150063845192484
2022-10-20,0.03940949558614008
2022-10-21,-0.06537672360988128
2022-10-24,-0.012520863179230304
2022-10-25,-0.07945887235038164
2022-10-26,-0.016712755988289956
2022-10-27,0.00018689527440108483
2022-10-28,-0.06834752246875499
2022-10-31,-0.0018040124621756047
2022-11-01,-0.005019863656724542
2022-11-02,0.10090806549178513
2022-11-03,0.0175986215407856
2022-11-04,-0.03855173981491944
2022-11-07,-0.013865515989045242
2022-11-08,0.0020901716584710885
2022-11-09,0.08229060900704208
2022-11-10,0.18429157423484305
2022-11-11,0.025791110642850473
2022-11-14,-0.03190362060692884
2022-11-15,0.04190290650474527
2022-11-16,-0.05467097565633873
2022-11-17,-0.027697776108803866
2022-11-18,0.01823125467571417
2022-11-21,-0.015219023518451488
2022-11-22,0.0315907426112318
2022-11-23,0.006829816129243199
2022-11-25,0.004814028371850029
2022-11-28,-0.05923367289378733
2022-11-29,0.007175959068754703
2022-11-30,0.08182042957365099
2022-12-01,-0.005311207988097117
2022-12-02,0.01516443934962877
2022-12-05,-0.08205338218260103
2022-12-06,-0.04744455889385286
2022-12-07,-0.008662106888917397
2022-12-08,0.021359234663317628
2022-12-09,-0.03683467010821589
2022-12-12,0.03700950925303553
2022-12-13,0.02093772244837317
2022-12-14,-0.018876865682639424
2022-12-15,-0.07434668678394507
2022-12-16,-0.024377888302392424
2022-12-19,-0.0399791057576112
2022-12-20,0.013698879330255355
2022-12-21,0.05054063355805522
2022-12-22,-0.03908166237838646
2022-12-23,0.012080529669134558
2022-12-27,0.021915414775951523
2022-12-28,0.04739587551814148
2022-12-29,-0.07450106531762768
2022-12-30,0.006692649112797471
2023-01-03,0.0175439340171197
2023-01-04,0.036625268896944285
2023-01-05,-0.03166707877142648
2023-01-06,0.06540524751277065
2023-01-09,0.007103103742070514
2023-01-10,0.042317238804784676
2023-01-11,0.03673278921159881
2023-01-12,0.050582868224895924
2023-01-13,0.019303224975919506
2023-01-17,0.0034253378973753126
2023-01-18,0.05006815170446128
2023-01-19,-0.0296756579576711
2023-01-20,0.049549622370180665
2023-01-23,-0.037397584231829546
2023-01-24,0.006666701141718742
2023-01-25,-0.008449439389614075
2023-01-26,-0.01566119776591836
2023-01-27,-0.014974058263347806
2023-01-30,0.04061765920134728
2023-01-31,-0.07167311922965766
2023-02-01,-0.04720926271274544
2023-02-02,-0.05909687687482762
2023-02-03,0.022216136397189484
2023-02-06,0.041588161793616275
2023-02-07,-0.020092369685458446
2023-02-08,0.044952706752539595
2023-02-09,0.041760778268734575
2023-02-10,-0.003139178951049052
2023-02-13,-0.03803321597926662
2023-02-14,0.0027703252077165863
2023-02-15,-0.029884538007920357
2023-02-16,0.02976943981890601
2023-02-17,-0.007038782430971936
2023-02-21,0.08962043052980408
2023-02-22,-0.008596677421935416
2023-02-23,-0.02038903223293734
2023-02-24,0.029904521015316064
2023-02-27,-0.013008361566015422
2023-02-28,0.004471746091084762
2023-03-01,-0.005154658581045825
2023-03-02,-0.007772266378171441
2023-03-03,-0.03892688110505517
2023-03-06,0.04322062887416972
2023-03-07,0.03432739303053258
2023-03-08,-0.0004577151481858046
2023-03-09,0.08426845575496611
2023-03-10,-0.08962600183308325
2023-03-13,-0.046777618426552016
2023-03-14,0.05506465056756204
2023-03-15,-0.04921574943205546
2023-03-16,0.038111137567525516
2023-03-17,-0.07753434663427605
2023-03-20,0.03712510850408643
2023-03-21,0.053837607550545806
2023-03-22,-0.08719893406566336
2023-03-23,-0.015201204841189891
2023-03-24,0.028147555219180016
2023-03-27,0.03620848882213186
2023-03-28,-0.006250018872856001
2023-03-29,0.034019358892419346
2023-03-30,-0.00552928342328405
2023-03-31,0.051987811763742765
2023-04-03,0.0034351780374988817
2023-04-04,-0.0539898283459507
2023-04-05,-0.030066837967384914
2023-04-06,0.004018433517145715
2023-04-10,0.03058883719810042
2023-04-11,0.021914145907424732
2023-04-12,-0.0217154260065343
2023-04-13,0.03829056027397245
2023-04-14,-0.02565476152277075
2023-04-17,0.03675268105271364
2023-04-18,0.01273471829515161
2023-04-19,-0.0049473265913227565
2023-04-20,0.01843791923978546
2023-04-21,0.004341949893708067
2023-04-24,0.003064044460351977
2023-04-25,-0.07560969833063096
2023-04-26,-0.026678526508176897
2023-04-27,0.03674720103227924
2023-04-28,0.024694851360130294
2023-05-01,0.004536457185769166
2023-05-02,0.06263561755991993
2023-05-03,0.012352984644347887
2023-05-04,-0.03720230022719436
2023-05-05,0.07264323218044695
2023-05-08,-0.007781126462875259
2023-05-09,-0.00958457978606692
2023-05-10,0.013489619133885338
2023-05-11,-0.022858598304719268
2023-05-12,-0.006218459906770314
2023-05-15,0.03694855472709942
2023-05-16,-0.04454011773561546
2023-05-17,0.06827048761082063
2023-05-18,-0.017491044085332752
2023-05-19,0.022099390734060257
2023-05-22,-0.037237052224378446
2023-05-23,0.013308090925835554
2023-05-24,0.03180804721725733
2023-05-25,0.025656395560336522
2023-05-26,-0.031801499444120744
2023-05-30,0.010815296560843415
2023-05-31,0.030513123947138183
2023-06-01,0.03226761707775162
2023-06-02,0.10553483697083642
2023-06-05,0.03910248828206549
2023-06-06,-0.07975194263409831
2023-06-07,-0.054600523651241614
2023-06-08,0.014008151654024081
2023-06-09,0.02350971029194561
2023-06-12,-0.013023864597391011
2023-06-13,-0.03382913926161392
2023-06-14,0.03153690691141831
2023-06-15,-0.02118438443719619
2023-06-16,0.024594396108358674
2023-06-20,0.013682097362646107
2023-06-21,0.006328184651087057
2023-06-22,0.02349331107775257
2023-06-23,0.050081065094037085
2023-06-26,-0.005961583792361423
2023-06-27,0.045006604156041165
2023-06-28,-0.01626008137455009
2023-06-29,-0.03589133348435586
2023-06-30,-0.008082468008052528
2023-07-03,-0.01086402556846288
2023-07-05,0.03494751255959961
2023-07-06,0.04848049699506467
2023-07-07,-0.03404652158770312
2023-07-10,-0.05048833909932376
2023-07-11,-0.027589514894204612
2023-07-12,-0.03275735103495341
2023-07-13,-0.023999992273119625
2023-07-14,0.02896176107160984
2023-07-17,-0.02947399070714772
2023-07-18,-0.037756727083070235
2023-07-19,-0.011941987381145094
2023-07-20,0.027050420562759803
2023-07-21,0.010367065552834155
2023-07-24,-0.00610103360873131
2023-07-25,-0.00139493790078805
2023-07-26,-0.02207320975415747
2023-07-27,0.03942862058393991
2023-07-28,-0.03848285520198039
2023-07-31,-0.032875855784459354
2023-08-01,0.012415006249191165
2023-08-02,0.04116790708286417
2023-08-03,0.009534282082988394
2023-08-04,0.0063890766251539655
2023-08-07,-0.0011043124105682835
2023-08-08,0.01796100608906505
2023-08-09,0.025244385290766034
2023-08-10,0.01482652916524971
2023-08-11,-0.004435336223290535
2023-08-14,0.0070757129043548415
2023-08-15,0.03877164360638572
2023-08-16,0.03857716357034458
2023-08-17,0.03497354881579831
2023-08-18,-0.015614120847635762
2023-08-21,0.007102251868947365
2023-08-22,0.006817171473031176
2023-08-23,-0.028484678647526917
2023-08-24,-0.04142460069347455
2023-08-25,0.011594174693763977
2023-08-28,0.027350858015770863
2023-08-29,0.03930045751391806
2023-08-30,0.014637486256511385
2023-08-31,-0.007694327631872263
2023-09-01,0.03295402645254748
2023-09-05,0.06141016198038969
2023-09-06,0.0117674232908139
2023-09-07,0.03101541588598807
2023-09-08,-0.006779441209570075
2023-09-11,0.008138444628738965
2023-09-12,-0.003124890662075787
2023-09-13,-0.022465986679046
2023-09-14,0.04142175708356832
2023-09-15,0.03300644815052203
2023-09-18,0.01829122493971674
2023-09-19,-0.013772532338186006
2023-09-20,0.03133609711510625
2023-09-21,0.04632276904286653
2023-09-22,0.008812457051835462
2023-09-25,0.012249652231667348
2023-09-26,0.0389964297317127
2023-09-27,-0.027997458436362723
2023-09-28,-0.027760478619958878
2023-09-29,0.018033467718112144
2023-10-02,0.04597210366904311
2023-10-03,0.0489920545743628
2023-10-04,0.001729944670072311
2023-10-05,0.00457228537376171
2023-10-06,0.025357460053084806
2023-10-09,-0.019181508253329003
2023-10-10,0.03173610342092273
2023-10-11,-0.004523463075760818
2023-10-12,-0.06694951914246984
2023-10-13,-0.028246639781606984
2023-10-16,0.047109893432269664
2023-10-17,0.03509899698638272
2023-10-18,0.06366787169112721
2023-10-19,0.049044428848723745
2023-10-20,0.037732298955328675
2023-10-23,-0.02410938063826412
2023-10-24,0.022123964231242434
2023-10-25,-0.047258355961330246
2023-10-26,0.006815584651773779
2023-10-27,-0.036103839852009434
2023-10-30,0.014436349951557568
2023-10-31,0.026538336124587773
2023-11-01,0.016860319886920574
2023-11-02,0.07737655625837518
2023-11-03,0.08139523648161258
2023-11-06,-0.03573663502270526
2023-11-07,-0.00918355947743441
2023-11-08,-0.035418638882625135
2023-11-09,-0.048387197771487964
2023-11-10,0.034980296806635024
2023-11-13,-0.0010453506915373218
2023-11-14,0.16358561697458915
2023-11-15,0.005095895335236089
2023-11-16,0.04862677037483085
2023-11-17,0.03877411100009786
2023-11-20,0.01655650808193181
2023-11-21,-0.04056869082794513
2023-11-22,0.01882717550219921
2023-11-24,-0.019102707931331928
2023-11-27,0.008605393706979257
2023-11-28,-0.012897211771539343
2023-11-29,-0.016168488366404464
2023-11-30,-0.008104360660877274
2023-12-01,0.08775563244723314
2023-12-04,-0.029903010852098486
2023-12-05,0.0390445090012186
2023-12-06,-0.007423818386992118
2023-12-07,0.022991750514478666
2023-12-08,0.020037787217439287
2023-12-11,0.0069024053571690855
2023-12-12,-0.005009436209013116
2023-12-13,0.10810803223320066
2023-12-14,0.07843143694398284
2023-12-15,-0.027272802416399008
2023-12-18,-0.0006078698132751073
2023-12-19,0.05759163753455121
2023-12-20,-0.058328947669593005
2023-12-21,0.05198080744525462
2023-12-22,0.02568580966871308
2023-12-26,0.03565345224800009
2023-12-27,0.01065582198254201
2023-12-28,0.011583154409332101
2023-12-29,-0.04940533015163264
2024-01-02,0.01919265968921477
2024-01-03,0.08279221198451556
2024-01-04,-0.004303161294901809
2024-01-05,0.009251161620450638
2024-01-08,-0.05558848881045301
2024-01-09,0.030369479912989328
2024-01-10,-0.0009115698067241062
2024-01-11,0.022810172504231063
2024-01-12,-0.005578380140780497
2024-01-16,-0.03536590317321641
2024-01-17,-0.025031533294563754
2024-01-18,-0.015316069438278915
2024-01-19,-0.02941184372993283
2024-01-22,-0.06410264003511412
2024-01-23,0.010896690484174685
2024-01-24,0.025562129436663774
2024-01-25,-0.02252267644145494
2024-01-26,-0.0012288691390123596
2024-01-29,-0.05013837030230785
2024-01-30,0.02461135012120792
2024-01-31,0.07458917800686085
2024-02-01,0.042474171158149186
2024-02-02,-0.016678704195135445
2024-02-05,-0.039980687877163204
2024-02-06,-0.025804573199929917
2024-02-07,0.007142867476119315
2024-02-08,-0.046099259060872075
2024-02-09,-0.04801738420738284
2024-02-12,-0.05174092745834815
2024-02-13,0.1231983763275496
2024-02-14,-0.06904986825046035
2024-02-15,-0.07614038285878245
2024-02-16,0.04014209479945906
2024-02-20,0.04098358676485591
2024-02-21,0.015091890343388021
2024-02-22,-0.023917285569077677
2024-02-23,-0.004635725299988068
2024-02-26,-0.017964077577919662
2024-02-27,-0.04098913714891193
2024-02-28,0.022253523259243374
2024-02-29,-0.014858211868887873
2024-03-01,-0.03297101426812468
2024-03-04,0.0029017623343731936
2024-03-05,0.02748638218359393
2024-03-06,0.02164018611261895
2024-03-07,0.024571285392963844
2024-03-08,-0.0037215833289132886
2024-03-11,-0.02241112332213858
2024-03-12,-0.0025471921895418286
2024-03-13,-0.010003573465984938
2024-03-14,0.05665828180101429
2024-03-15,-0.007855205070360978
2024-03-18,0.018244415385819418
2024-03-19,-0.012508502942146829
2024-03-20,-0.058468600660986164
2024-03-21,-0.03241237119365222
2024-03-22,0.038827536155233426
2024-03-25,-0.0036643155433892143
2024-03-26,0.005148925031744592
2024-03-27,-0.06220283032307272
2024-03-28,-0.009754072146620937
2024-04-01,0.02797474919571178
2024-04-02,0.0555767669842306
2024-04-03,-0.017429083124227262
2024-04-04,0.03215067891710833
2024-04-05,-0.011815069723389892
2024-04-08,-0.016666827355218693
2024-04-09,-0.008843059917007005
2024-04-10,0.07918231040374464
2024-04-11,-0.02066832738582493
2024-04-12,0.056278496686846584
2024-04-15,0.0442890370088772
2024-04-16,0.010841970471430935
2024-04-17,0.030599258821959015
2024-04-18,-0.006212898806931589
2024-04-19,0.004167690785258937
2024-04-22,0.03242545513550707
2024-04-23,-0.050441294368129025
2024-04-24,0.012948151345151033
2024-04-25,0.019993517316300488
2024-04-26,-0.029241635514726125
2024-04-29,-0.022178055322651692
2024-04-30,0.06059579500323259
2024-05-01,-0.004787738554985859
2024-05-02,0.05446413394423114
2024-05-03,0.029952661835266365
2024-05-06,0.0373254738156347
2024-05-07,0.005297934910418364
2024-05-08,-0.015810216166762696
2024-05-09,0.029005004494125738
2024-05-10,-0.0232003418202096
2024-05-13,-0.003979730457540374
2024-05-14,-0.0326916569552812
2024-05-15,0.03725116117169643
2024-05-16,0.02181540658178734
2024-05-17,0.0010545316108325612
2024-05-20,-0.006488421756488422
2024-05-21,0.003841605460264907
2024-05-22,0.02487579423533665
2024-05-23,-0.050237108592627575
2024-05-24,0.03132810741756432
2024-05-28,0.0036630537075036276
2024-05-29,0.044160564156813215
2024-05-30,-0.027263154636594192
2024-05-31,-0.02191887110015616
2024-06-03,0.013960562211054713
2024-06-04,-0.0404469417700583
2024-06-05,0.04704232808866102
2024-06-06,-0.023131593384023656
2024-06-07,-0.033242390801629045
2024-06-10,0.008243208126199183
2024-06-11,-0.01121225887055786
2024-06-12,0.045830252771118005
2024-06-13,-0.026428784659544458
2024-06-14,0.04590051954013045
2024-06-17,-0.022780630687704497
2024-06-18,0.006189097919864515
2024-06-20,0.013783559135955007
2024-06-21,0.007450022074348666
2024-06-24,0.01240477193150316
2024-06-25,-0.011781440177763126
2024-06-26,0.006823595504024416
2024-06-27,0.030303030303030304
2024-06-28,0.009103569852633605
2024-07-01,0.024829033200843516
2024-07-02,-0.008778115766963378
2024-07-03,0.002479529601805592
2024-07-05,-0.015760803730089944
2024-07-08,0.021510566609675784
2024-07-09,-0.014506397199858304
2024-07-10,0.03086385881146443
2024-07-11,0.10686341743291465
2024-07-12,-0.033980488629932325
2024-07-15,-0.05443887841767133
2024-07-16,-0.1031887457150725
2024-07-17,0.029629593551062858
2024-07-18,0.05995232739453343
2024-07-19,0.017194428689598005
2024-07-22,-0.04670817126412125
2024-07-23,-0.03033132091034584
2024-07-24,0.06256017455121174
2024-07-25,-0.03442030199346372
2024-07-26,-0.051594778793030344
2024-07-29,0.0351138199812564
2024-07-30,0.008690827552749456
2024-07-31,0.019565670620413977
2024-08-01,-0.09894369829935556
2024-08-02,-0.1070731708991554
2024-08-05,-0.09474835074918728
2024-08-06,0.03142377740637737
2024-08-07,-0.03609072060209819
2024-08-08,0.07050819554024329
2024-08-09,-0.007495034300369033
2024-08-12,-0.025858146528037793
2024-08-13,0.04627665330753217
2024-08-14,-0.016614196998447472
2024-08-15,0.07557077741568219
2024-08-16,0.006792699757963559
2024-08-19,0.036896324426623855
2024-08-20,-0.03416022941357093
2024-08-21,0.03873680493729099
2024-08-22,-0.027563762218141045
2024-08-23,0.09316390580017934
2024-08-26,0.0011438401931613883
2024-08-27,-0.022281593012784595
2024-08-28,-0.018893557156708048
2024-08-29,0.018265055366326933
2024-08-30,0.017547168791622908
2024-09-03,0.09325685302444252
2024-09-04,-0.005493465796374369
2024-09-05,-0.013809277825497415
2024-09-06,-0.0588107357082062
2024-09-09,0.00846866947052296
2024-09-10,-0.00317742628205327
2024-09-11,0.007741191090598941
2024-09-12,0.03908739133594948
2024-09-13,0.07262446433123675
2024-09-16,0.011149460128321914
2024-09-17,0.023055131506115076
2024-09-18,0.000979967097771093
2024-09-19,0.062450969362080444
2024-09-20,0.032405062741451586
2024-09-23,0.012260843001964835
2024-09-24,-0.005329253123369701
2024-09-25,0.03769336420957032
2024-09-26,-0.014875227897984232
2024-09-27,-0.0204578695225925
2024-09-30,-0.005967330394064501
2024-10-01,0.04052039219117925
2024-10-02,-0.0038030967172274603
2024-10-03,0.022020122183740682
2024-10-04,-0.04168622886827862
2024-10-07,0.021994225987729866
2024-10-08,0.0004781684553263071
2024-10-09,-0.008126081493217856
2024-10-10,0.01927705095124263
2024-10-11,-0.05957457147489789
2024-10-14,-0.023127218843186668
2024-10-15,-0.0015438810570371322
2024-10-16,-0.047422823080287134
2024-10-17,0.00865807547929605
2024-10-18,0.007510730821069565
2024-10-21,0.04739100843153596
2024-10-22,0.01118436219555914
2024-10-23,0.02765227224938316
2024-10-24,-0.006849520297565737
2024-10-25,0.012807825378794845
2024-10-28,-0.0486378973024819
2024-10-29,0.010736196483483349
2024-10-30,0.005058153863487666
2024-10-31,0.051836881355130676
2024-11-01,-0.01818180540923087
2024-11-04,-0.013645225167782524
2024-11-05,-0.05484207894151341
2024-11-06,-0.1756401829477882
2024-11-07,0.013316424348140666
2024-11-08,-0.02127662506741541
2024-11-11,-0.04475717121417377
2024-11-12,0.05287820160808068
2024-11-13,0.027972043357437245
2024-11-14,0.043290116568847674
2024-11-15,0.0444575515536048
2024-11-18,-0.005107900985999876
2024-11-19,-0.019965598606619134
2024-11-20,-0.004656734749065506
2024-11-21,-0.04736826579418001
2024-11-22,-0.050337624954838706
2024-11-25,-0.04654170643997851
2024-11-26,0.023728886587154444
2024-11-27,-0.004635900538785403
2024-11-29,-0.011310763440074681
2024-12-02,-0.0010661849915089112
2024-12-03,-0.022259578921047754
2024-12-04,-0.010512357989457531
2024-12-05,-0.03581362851749466
2024-12-06,0.010406655645837391
2024-12-09,0.015523913950100436
2024-12-10,-0.012083222063863213
2024-12-11,0.012883353890695733
2024-12-12,0.04017857680307393
2024-12-13,0.021459230227435434
2024-12-16,-0.01800708824399211
2024-12-17,0.036063423491892066
2024-12-18,0.13097358591147967
2024-12-19,0.014606155907825501
2024-12-20,-0.02673541960254514
2024-12-23,0.00865812377476114
2024-12-24,-0.02628769420030246
2024-12-26,-0.03140494003067424
2024-12-27,0.047212947797848015
2024-12-30,0.02335677430204282
2024-12-31,0.003875947566599538
2025-01-02,0.0022353926604043893
2025-01-03,0.04359280967134916
2025-01-06,-0.0016732384175175226
2025-01-07,0.02458116087586164
2025-01-08,0.014721819770637393
2025-01-10,0.0671683773306644
2025-01-13,-0.0050353383029964486
2025-01-14,-0.033906849553542284
2025-01-15,-0.05919344173322557
2025-01-16,-0.00501110265805968
2025-01-17,0.012121196067799022
2025-01-21,0.05852802246331362
2025-01-22,0.019796072180994904
2025-01-23,-0.01235281803818089
2025-01-24,0.008933685808359815
2025-01-27,0.028925716482832556
2025-01-28,0.0024838630993824808
2025-01-29,-0.007051702104208077
2025-01-30,0.028790665728698296
2025-01-31,-0.027425246450946045
2025-02-03,-0.03433733141471368
2025-02-04,0.039729878413296366
2025-02-05,0.03286207681544847
2025-02-06,-0.0096189112392105
2025-02-07,-0.036794943021652725
2025-02-10,0.013573751373859196
2025-02-11,-0.01760095375837484
2025-02-12,-0.027653330774242754
2025-02-13,-0.03256083842356572
2025-02-14,-0.0017461790644328734
2025-02-18,0.01613201269674645
2025-02-19,0.01154731762725061
2025-02-20,-0.02883124573935253
2025-02-21,-0.08946008817729617
2025-02-24,-0.021006427724794816
2025-02-25,-0.011175605559085705
2025-02-26,0.0031643916513051104
2025-02-27,-0.045966600622700256
2025-02-28,0.031648542179785924
2025-03-03,-0.08218859039490042
2025-03-04,-0.0346720276236052
2025-03-05,0.028940560256165575
2025-03-06,-0.04620792990033355
2025-03-07,0.008688869392071663
2025-03-10,-0.07700350132576678
2025-03-11,0.0
2025-03-12,0.005656158009841623
2025-03-13,-0.046119287382560784
2025-03-14,0.0725236711035019
2025-03-17,0.035458956854910274
2025-03-18,-0.024157026374737108
2025-03-19,0.045157663717500046
2025-03-20,-0.019521101966034696
2025-03-21,-0.01990976246931778
2025-03-24,0.07638144747133933
2025-03-25,-0.01786625585856928
2025-03-26,-0.030898094932710844
2025-03-27,-0.013793061099171016
2025-03-28,-0.0623991047119267
2025-03-31,-0.015490535848842758
2025-04-01,0.0005825757899399436
2025-04-02,0.04892270500244827
2025-04-03,-0.1965574829721382
2025-04-04,-0.13441605065512396
2025-04-07,-0.025548941670586633
2025-04-08,-0.08070461396835674
2025-04-09,0.2566845508247323
2025-04-10,-0.1262412413946343
2025-04-11,0.03896110302023672
2025-04-14,-0.035563432782289885
2025-04-15,0.001884602715101909
2025-04-16,-0.03047397616194704
2025-04-17,0.02677530053106673
2025-04-21,-0.06387001451258176
2025-04-22,0.0795317541019765
2025-04-23,0.0426327437219646
2025-04-24,0.05989945854308302
2025-04-25,0.0006768771884422698
2025-04-28,0.01149815008967384
2025-04-29,0.017385501080978336
2025-04-30,-0.018731476909835676
2025-05-01,0.019089042875692575
2025-05-02,0.06506725560171721
2025-05-05,0.0214219589307129
2025-05-06,0.033913453582118766
2025-05-07,-0.008200373475946496
2025-05-08,0.0569209232277595
2025-05-09,0.006928266997909199
2025-05-12,-0.10458696197744759
2025-05-13,-0.011782798003821678
2025-05-14,0.027993760202851204
2025-05-15,-0.019667101207811764
2025-05-16,-0.023148305038353717
2025-05-19,0.014218108127004424
2025-05-20,-0.0005192845156072151
2025-05-21,0.08467524327914798
2025-05-22,0.0
2025-05-23,0.01101553210608027
2025-05-27,-0.07484610429840191
2025-05-28,0.031746076227947756
2025-05-29,-0.009429411648131063
2025-05-30,0.01703415249422024
2025-06-02,0.00850445125345668
2025-06-03,-0.04726373678238213
2025-06-04,0.009399542809624963
2025-06-05,0.0005603211138357802
2025-06-06,-0.04609014653375464
2025-06-09,-0.020086854638595192
2025-06-10,-0.015512423066492
2025-06-11,0.011255039512469839
2025-06-12,0.01224255905716097
2025-06-13,0.05552498464396737
2025-06-16,-0.03333331573749186
2025-06-17,0.03178871943001707
2025-06-18,0.014257689233934508
2025-06-20,-0.005237070384273389
2025-06-23,0.034912836311274134
2025-06-24,0.038286464204370776
2025-06-25,-0.03407332588326313
2025-06-26,0.04676629952235394
2025-06-27,0.0017872619968842226
2025-06-30,0.003312956411854467
2025-07-01,0.030226065002780887
2025-07-02,0.04166660727353899
2025-07-03,-0.026993110256377458
2025-07-07,0.04451614169217694
2025-07-08,-0.019765330336079932
2025-07-09,-0.03150598510110022
2025-07-10,-0.014313605269083892
2025-07-11,0.04290431579518583
2025-07-14,-0.020253145738532548
2025-07-15,0.057493564557296595
2025-07-16,-0.027489380734849286
2025-07-17,-0.03831661745137068
2025-07-18,0.02155465000616645
2025-07-21,0.012148287694619833
2025-07-22,-0.023373373722487954
2025-07-23,-0.04592497757009564
2025-07-24,0.04135590225921326
2025-07-25,-0.010416625140760569
2025-07-28,0.003947418559438225
2025-07-29,0.020969770308972315
2025-07-30,-0.014550475736467732
2025-07-31,0.02909538909460687
2025-08-01,-0.06303640547096474
2025-08-04,0.06518304805064933
2025-08-05,0.016465927745355376
2025-08-06,-0.0041101859736839995
2025-08-07,-0.009468347745058673
2025-08-08,0.00441184431076517
2025-08-11,-0.0007321246003835566
2025-08-12,0.08766782068931503
2025-08-13,-0.058662993058507494
2025-08-14,0.04057961463430353
2025-08-15,0.014623896140572605
2025-08-18,-0.01098142489003556
2025-08-19,0.02428872959812752
2025-08-20,0.010162560157214662
2025-08-21,0.006883927452457749
2025-08-22,-0.11478738129653807
2025-08-25,0.03051116848289242
2025-08-26,-0.023686210208595664
2025-08-27,-0.021986416823649987
2025-08-28,-0.003100685073438855
2025-08-29,-0.014044887556836395
2025-09-02,-0.017501174980845774
2025-09-03,0.004521382901243515
2025-09-04,0.03615193723060207
2025-09-05,0.013836108363719948
2025-09-08,0.006329075324702254
2025-09-09,-0.017688695146530705
2025-09-10,-0.0056021877559607304
2025-09-11,0.054326002546990625
2025-09-12,-0.03091614407011552
2025-09-15,0.011618691769250802
2025-09-16,0.005631513410882192
2025-09-17,-0.008800044264022689
2025-09-18,0.07392310975332964
2025-09-19,0.024369093331134094
2025-09-22,-0.018691512267211084
2025-09-23,0.006926204211692556
2025-09-24,0.028591423401576336
2025-09-25,0.02796618105667919
2025-09-26,-0.023907658731350787
2025-09-29,-0.001689315481004149
2025-09-30,-0.005076019664738426
2025-10-01,-0.005952489207450682
2025-10-02,-0.018819388352514514
2025-10-03,-0.020924246669971273
2025-10-06,-0.01068566976130303
2025-10-07,0.03240334894200313
2025-10-08,-0.030514422081670024
2025-10-09,0.018884790870461854
2025-10-10,0.09179176160195861
2025-10-13,0.083583918348275
2025-10-14,0.04180540235232049
2025-10-15,0.030717334438563285
2025-10-16,-0.06373819415509091
2025-10-17,-0.02115908665511951
2025-10-20,0.05714281175164462
2025-10-21,-0.01351353751428018
2025-10-22,-0.04416015267276005
2025-10-23,0.03714889717641316
2025-10-24,0.0358182174543576
2025-10-27,0.010356263558562537
2025-10-28,-0.016504497000386777
2025-10-29,0.025280936117796478
2025-10-30,0.025570699124569468
2025-10-31,-0.01602846055588478
2025-11-03,0.010859734588807101
2025-11-04,0.05192487165867555
2025-11-05,0.04327484915899809
2025-11-06,0.053380903929419334
2025-11-07,0.014807451852059735
2025-11-10,0.02957196355452232
2025-11-11,-0.002650199937108266
2025-11-12,-0.007541529476066508
2025-11-13,-0.08358654273236113
2025-11-14,0.007255279555191945
2025-11-17,-0.06009468773052264
2025-11-18,0.008539665686363496
2025-11-19,-0.0006514121673283519
2025-11-20,-0.055615865991037704
2025-11-21,0.08419595155668977
2025-11-24,0.05325698746846943
2025-11-25,0.06547137557769385
2025-11-26,0.02665899527811556
2025-11-28,0.015837976447468663
2025-12-01,-0.03643935189244723
2025-12-02,0.006155959523279316
2025-12-03,-0.05370511843842645
2025-12-04,-0.025622438614478344
2025-12-05,0.01327099534265827
2025-12-08,-0.0014552638687636145
2025-12-09,-0.005100894720138163
2025-12-10,-0.0400388720341339
2025-12-11,-0.03484230462315103
2025-12-12,0.04611320440437298
2025-12-15,0.024181373771636653
2025-12-16,0.014018668829429367
2025-12-17,0.032015516922713955
2025-12-18,-0.017391209645733516
2025-12-19,0.02425774090516406
2025-12-22,-0.03308818782690881
2025-12-23,0.018250809708063347
2025-12-24,-0.006590604668727042
2025-12-26,0.016075615250807865
2025-12-29,-0.018345368929520846
2025-12-30,-0.021922662814303967
2025-12-31,-0.022965325327981363
2026-01-02,-0.029924583410549963
2026-01-05,-0.047364512106968404
2026-01-06,-0.03926575289426716
2026-01-07,0.006900297900779158
2026-01-08,-0.03241964649852029
2026-01-09,-0.020975250224047236
2026-01-12,-0.01446852160921961
2026-01-13,0.0016940298351752678
2026-01-14,-0.02113868484462518
2026-01-15,-0.025050438439791836
2026-01-16,-0.0011812699726296428
2026-01-20,0.03577754634834449
2026-01-21,-0.059092152729475746
2026-01-22,-0.02245140174408738
2026-01-23,0.056486683477371194
2026-01-26,0.009988098931417735
2026-01-27,-0.008144275123875347
2026-01-28,0.016715565502748515
2026-01-29,-0.0002884460041645724
2026-01-30,0.04356611802719627
2026-02-02,-0.028753035031832748
2026-02-03,-0.0074011724686659265
2026-02-04,0.02667039090441195
2026-02-05,0.05502809168831536
2026-02-06,0.10591844893821245
2026-02-09,0.02159168654403931
2026-02-10,-0.007850262139750758
2026-02-11,-0.014759531036787435
2026-02-12,-0.06162172652594777
2026-02-13,0.03801849220247164
2026-02-17,0.0014269336225446406
2026-02-18,0.010766318155613307
2026-02-19,0.006892258309448112
2026-02-20,0.0
2026-02-23,-0.04744869197841749
2026-02-24,0.03168382335469008
2026-02-25,0.01408897607794938
2026-02-26,0.01514205799085276
2026-02-27,-0.05212976226854346
2026-03-02,0.027417271847653222
2026-03-03,-0.0521080312311313
2026-03-04,0.028319136208272155
2026-03-05,-0.05702249936858067
2026-03-06,-0.06906027125577548
2026-03-09,0.031924647110111254
2026-03-10,-0.0026823738268893873
2026-03-11,-0.006096404742122608
2026-03-12,0.06476685974098213
2026-03-13,0.011922172274414574
2026-03-16,-0.028372188418677786
2026-03-17,0.019942943491308842
2026-03-18,-0.04860328539497188
2026-03-19,0.01839885415319256
2026-03-20,0.06570238815654089
2026-03-23,-0.06441236382801381
2026-03-24,-0.015982208558798006
2026-03-25,-0.036381053518192326
2026-03-26,0.0524804695557257
2026-03-27,0.05383276288117393
2026-03-30,0.04378528530248988
2026-03-31,0.1050373920247773
2026-04-01,0.019010664204253357
2026-04-02,-0.018993794992107776
2026-04-06,0.013642398932301696
2026-04-07,-0.006095931520137215
2026-04-08,-0.08933335146401102
2026-04-09,-0.016690953672790342
2026-04-10,0.00923156425120862
2026-04-13,-0.043375705902347864
2026-04-14,-0.040098604826074226
2026-04-15,-0.008676081535615226
2026-04-16,-0.0055105417057904294
2026-04-17,-0.06323341520742787
2026-04-20,-0.01704939495025154
2026-04-21,0.03079653576235921
2026-04-22,-0.02094787037302972
2026-04-23,0.010522633074889709
2026-04-24,-0.010760146627731134
2026-04-27,-0.00456140526849628
2026-04-28,0.03489604091777406
2026-04-29,0.020435919081831306
2026-04-30,-0.06408538933427597
2026-05-01,-0.013195471500556246
2026-05-04,0.014817465378957867
2026-05-05,-0.049501370853544634
2026-05-06,-0.04533535330377194
2026-05-07,0.04866559189009898
2026-05-08,-0.019835320711125953
2026-05-11,-0.011454763944851459
2026-05-12,0.028968702637191045
2026-05-13,-0.0007507176009055015
2026-05-14,-0.018407269944679873
2026-05-15,0.073478769890638
2026-05-18,0.017825351467133668
2026-05-19,0.031873850381314156
2026-05-20,-0.07399858970378863
2026-05-21,-0.028592386578945132
2026-05-22,-0.02566041014439429
2026-05-26,-0.0569325662250318
2026-05-27,0.00205337668856639
2026-05-28,-0.016393430943417258
2026-05-29,0.01791667984537094
2026-06-01,0.014736040645257697
2026-06-02,-0.02702707756706981
2026-06-03,0.04145937898098863
2026-06-04,-0.044586015177468644
2026-06-05,0.10666662159751006
2026-06-08,-0.026355349127561985
2026-06-09,-0.008120664035815114
2026-06-10,0.031578906942321724
2026-06-11,-0.08843533740221055
2026-06-12,-0.02446098795304992
2026-06-15,-0.025499383517676052
2026-06-16,0.027038713087081827
2026-06-17,-0.023838938509867333
2026-06-18,-0.05804319463757127
2026-06-22,-0.02684851210988532
2026-06-23,0.02939847309998652
2026-06-24,-0.013570647385939492
2026-06-25,0.019308279059073855
2026-06-26,0.010133635650886482
2026-06-29,0.015081875078040154
2026-06-30,0.013813056191928817
2026-07-01,0.01075275624814972
2026-07-02,0.01988891679628609
2026-07-06,-0.01405893318224479
2026-07-07,0.0275989138816291
2026-07-08,0.02775286157788787
2026-07-09,-0.03702084094140618
2026-07-10,0.014473074897808904
2026-07-13,0.02541238016357449
2026-07-14,-0.010434772657311481
2026-07-15,-0.013620363041517097
2026-07-16,0.0026725819110630126
2026-07-17,0.015992919000047706
2026-07-20,0.01836467253527323
2026-07-21,-0.04250758435165054
2026-07-22,0.028699610712696666
2026-07-23,0.017436774595380608
2026-07-24,0.009425848839598192
2026-07-27,-0.01655345494435213
2026-07-28,-0.00431594221581555
2026-07-29,0.04941479864450096
2026-07-30,-0.04006606154630595
2026-07-31,0.01419965262289575
2026-08-03,-0.05091212860110178
2026-08-04,-0.05543145426673532
2026-08-05,0.019403775250593395
2026-08-06,0.015784504679113843
2026-08-07,-0.031078538569894697
2026-08-10,0.015094324684347307
2026-08-11,-0.01022310483379921
2026-08-12,-0.015962449050059755
2026-08-13,-0.007633580839735752
2026-08-14,-0.01490382102466807
2026-08-17,0.010736911459832904
2026-08-18,0.038145869167113954
2026-08-19,-0.014418579811273619
2026-08-20,-0.03978776363359443
2026-08-21,-0.021334598549878292
2026-08-24,0.01948052350174709
2026-08-25,-0.012283915531701646
2026-08-26,-0.003315949445775643
2026-08-27,0.00796100451272865
2026-08-28,0.04212962182133954
2026-08-31,0.019102634420414714
2026-09-01,0.03400168967471725
2026-09-02,-0.034569971271565525
2026-09-03,-0.01179041319918592
2026-09-04,-0.005744549959682711
2026-09-08,0.01244447496202257
2026-09-09,0.0412642053720414
2026-09-10,0.030775778698019018
2026-09-11,-0.010224948556195637
2026-09-14,0.01033057818671051
2026-09-15,0.020449897112391275
