date,returns
2009-01-02,0.0
2009-01-05,-0.000752888020521791
2009-01-06,0.008335504965092968
2009-01-07,-0.029181634623987276
2009-01-08,0.007296460473574532
2009-01-09,-0.021925469319624344
2009-01-12,-0.021155679602052065
2009-01-13,0.0010895880273465658
2009-01-14,-0.0309662705867383
2009-01-15,0.008386106592090423
2009-01-16,0.009408339227172406
2009-01-20,-0.05120605716162948
2009-01-21,0.04287635769321173
2009-01-22,-0.014422780668362691
2009-01-23,0.004608846678123979
2009-01-26,0.007062809213899632
2009-01-27,0.008685607079053578
2009-01-28,0.03448197068211493
2009-01-29,-0.028934326483514673
2009-01-30,-0.01896134543260855
2009-02-02,0.004513099998049761
2009-02-03,0.014843703956717243
2009-02-04,-0.0017784531344859343
2009-02-05,0.018473248302203742
2009-02-06,0.027333419075581816
2009-02-09,0.0027618626893275234
2009-02-10,-0.04131721096151673
2009-02-11,0.0006407004465478557
2009-02-12,0.006484723089974561
2009-02-13,-0.007668984357744452
2009-02-17,-0.04126876182579427
2009-02-18,-0.0008570950076912688
2009-02-19,-0.013072493894290478
2009-02-20,-0.0034715014086618545
2009-02-23,-0.035381228142386006
2009-02-24,0.03546606465735405
2009-02-25,-0.007237158130253252
2009-02-26,-0.022121949114942842
2009-02-27,-0.015852136142968678
2009-03-02,-0.03868541411308664
2009-03-03,-0.004128874927363732
2009-03-04,0.025180960363371935
2009-03-05,-0.03542535524932696
2009-03-06,-0.003088701771469863
2009-03-09,-0.016523108304556697
2009-03-10,0.06069070957588872
2009-03-11,0.010940001407973634
2009-03-12,0.036262774888070046
2009-03-13,0.005127868572045756
2009-03-16,-0.009861832318150226
2009-03-17,0.03422263438159884
2009-03-18,0.017499619277821638
2009-03-19,-0.006529447628661341
2009-03-20,-0.018257591884409223
2009-03-23,0.06538686512025836
2009-03-24,-0.01907510923738715
2009-03-25,0.007581098550730827
2009-03-26,0.025615475053217884
2009-03-27,-0.018416324434455785
2009-03-30,-0.029606825531330816
2009-03-31,0.008957363936447325
2009-04-01,0.0171038072543989
2009-04-02,0.030705832124072144
2009-04-03,0.01426232079099446
2009-04-06,-0.005152590689802309
2009-04-07,-0.024832706575029274
2009-04-08,0.01382249285952673
2009-04-09,0.035364500567657664
2009-04-13,-0.0006419087527660545
2009-04-14,-0.0147026944176346
2009-04-15,0.00395008147481171
2009-04-16,0.020294312044933285
2009-04-17,0.0044051853595066205
2009-04-20,-0.03701893517969926
2009-04-21,0.016747775237777207
2009-04-22,-0.001527182085298151
2009-04-23,0.00978827728789533
2009-04-24,0.01631428360997384
2009-04-27,-0.004137839752499178
2009-04-28,-0.005278321033980461
2009-04-29,0.01750432513025985
2009-04-30,0.005180076434265034
2009-05-01,0.004001502565815629
2009-05-04,0.026902145480746077
2009-05-05,-0.0021334073344726765
2009-05-06,0.008809875030671132
2009-05-07,-0.018649975634465923
2009-05-08,0.011958442506762722
2009-05-11,-0.007604017796541669
2009-05-12,-0.00759309184510248
2009-05-13,-0.025996461388719534
2009-05-14,0.00988777024347857
2009-05-15,-0.004380626970067882
2009-05-18,0.027239118333376652
2009-05-19,0.0017337753800044675
2009-05-20,-0.005091849458296547
2009-05-21,-0.016370208582850067
2009-05-22,-0.0026992967695591025
2009-05-26,0.03144071310013143
2009-05-27,-0.012376203249538299
2009-05-28,0.012759143343014645
2009-05-29,0.015005229028504506
2009-06-01,0.02637813333909935
2009-06-02,0.0011084862683612873
2009-06-03,-0.007834584183648897
2009-06-04,0.010340528221458131
2009-06-05,0.0006505052956488614
2009-06-08,-0.0035580996246793095
2009-06-09,0.00636676894812253
2009-06-10,-0.003027137913952834
2009-06-11,0.0022246980302180427
2009-06-12,-0.000937382564954035
2009-06-15,-0.021695884750501583
2009-06-16,-0.011656287691636942
2009-06-17,0.004290825328397711
2009-06-18,0.0026839480559775657
2009-06-19,0.0072100783972094094
2009-06-22,-0.02992756940241225
2009-06-23,-0.0007479610011201744
2009-06-24,0.012737459808637048
2009-06-25,0.020708993284772933
2009-06-26,-0.00020134848500319696
2009-06-29,0.0057819366928177456
2009-06-30,-0.0050056784768583345
2009-07-01,0.0023415379249444876
2009-07-02,-0.0246357014809655
2009-07-06,-0.002724694502179997
2009-07-07,-0.022114015928506883
2009-07-08,0.0022661649474513515
2009-07-09,0.0018301196894267018
2009-07-10,0.0009657960191517755
2009-07-13,0.02175841794457577
2009-07-14,0.004656117347652161
2009-07-15,0.03142065157837422
2009-07-16,0.005154893348327654
2009-07-17,0.008153770657902334
2009-07-20,0.010104508884841728
2009-07-21,0.005740495835696945
2009-07-22,0.004085920135005679
2009-07-23,0.02208056353729735
2009-07-24,-0.001764174866220739
2009-07-27,0.005320168333449329
2009-07-28,-0.005769496517567791
2009-07-29,0.0021003397934316144
2009-07-30,0.00814616982787288
2009-07-31,-0.0008067775346809354
2009-08-03,0.015725983862805666
2009-08-04,0.0012943276958400519
2009-08-05,-0.005310934007103975
2009-08-06,-0.006994133114826464
2009-08-07,0.012905588821154031
2009-08-10,-0.004547977438184341
2009-08-11,-0.010531479473698372
2009-08-12,0.013133207656015937
2009-08-13,0.006578675826600582
2009-08-14,-0.009576789710664309
2009-08-17,-0.026812021790188482
2009-08-18,0.011113454760916684
2009-08-19,0.007848655806669574
2009-08-20,0.011004694710907016
2009-08-21,0.016468215721713635
2009-08-24,-0.0005456572115425476
2009-08-25,0.002462173295447758
2009-08-26,-0.0008185425548797076
2009-08-27,0.00235543906220426
2009-08-28,0.0003984428152111455
2009-08-31,-0.009518879790080977
2009-09-01,-0.02039646700111407
2009-09-02,-0.002278278325773779
2009-09-03,0.007469396747824642
2009-09-04,0.017761554513150403
2009-09-08,0.009019005894876427
2009-09-09,0.008132543501353125
2009-09-10,0.009854975302043247
2009-09-11,0.00038678085308313753
2009-09-14,0.0043607068434744845
2009-09-15,0.0036493729937997683
2009-09-16,0.014862027821116654
2009-09-17,-0.0008636488391025335
2009-09-18,0.0011570849878836903
2009-09-21,0.00026643135846457933
2009-09-22,0.003851588652449438
2009-09-23,-0.006500884179585473
2009-09-24,-0.009985466911436215
2009-09-25,-0.007063534691683941
2009-09-28,0.017464470358538778
2009-09-29,-0.003744715703268127
2009-09-30,-0.0015786212196581052
2009-10-01,-0.027199281686096203
2009-10-02,-0.0037941284353496226
2009-10-05,0.01150036372277053
2009-10-06,0.01601907386281532
2009-10-07,0.0028050640667279737
2009-10-08,0.0059674543414376694
2009-10-09,0.0058893402170628285
2009-10-12,0.0030173427468579853
2009-10-13,-0.0009040781429978226
2009-10-14,0.015418291151488784
2009-10-15,0.0006715105578955747
2009-10-16,-0.006988438801846103
2009-10-19,0.00915824654764073
2009-10-20,-0.0025254957182600335
2009-10-21,-0.005412372144919051
2009-10-22,0.007051929804513841
2009-10-23,-0.007794527434066818
2009-10-26,-0.007035744081198177
2009-10-27,-0.009851594680074901
2009-10-28,-0.020662334940966184
2009-10-29,0.019183308098345273
2009-10-30,-0.027910514865391263
2009-11-02,0.0057447383920534835
2009-11-03,0.0031621402206702684
2009-11-04,0.0021381815094660595
2009-11-05,0.021537002423219452
2009-11-06,0.004261865553765439
2009-11-09,0.022068852163862326
2009-11-10,0.0013552726746381824
2009-11-11,0.005764711463073255
2009-11-12,-0.007931524664580624
2009-11-13,0.006829333968693419
2009-11-16,0.012364871355268488
2009-11-17,0.002158810488419795
2009-11-18,-0.003116867590104837
2009-11-19,-0.014295148960596204
2009-11-20,-0.004294672881221141
2009-11-23,0.014408254354268943
2009-11-24,-0.0009322910104602463
2009-11-25,0.003916521768676864
2009-11-27,-0.015707908297874988
2009-11-30,0.002263133058086535
2009-12-01,0.011350308540783494
2009-12-02,0.00045695248026279367
2009-12-03,-0.005952406808143356
2009-12-04,0.005474085087451341
2009-12-07,-0.0031457171713255815
2009-12-08,-0.008622892410733458
2009-12-09,0.0069115255692562974
2009-12-10,0.005313413581077123
2009-12-11,0.00020501253616592185
2009-12-14,0.008178632022268751
2009-12-15,-0.005129625774124501
2009-12-16,0.0014405438630974666
2009-12-17,-0.01209455048543391
2009-12-18,0.01097753062502842
2009-12-21,0.010704354242084418
2009-12-22,0.0047994726345470026
2009-12-23,0.004632310409125155
2009-12-24,0.006976313542433894
2009-12-28,0.0036766733160609804
2009-12-29,-0.002764877923937417
2009-12-30,0.0013430462460353274
2009-12-31,-0.009347507094796374
2010-01-04,0.015802084321192515
2010-01-05,0.0013236078854367052
2010-01-06,-0.0026642241949657967
2010-01-07,0.002436173342487931
2010-01-08,0.005779150299725179
2010-01-11,-0.00134240128568351
2010-01-12,-0.010918959122606747
2010-01-13,0.010448398997240406
2010-01-14,0.0017840778806491615
2010-01-15,-0.011432675866156315
2010-01-19,0.014317951810115572
2010-01-20,-0.012274731668573045
2010-01-21,-0.01429644960510483
2010-01-22,-0.025764565087365673
2010-01-25,0.00426215359594166
2010-01-26,-0.001644033044549782
2010-01-27,0.006324650036567533
2010-01-28,-0.018599850064043914
2010-01-29,-0.014159984175553739
2010-02-01,0.013267654077771583
2010-02-02,0.010559376447487265
2010-02-03,0.000257443532031379
2010-02-04,-0.029900743379804355
2010-02-05,0.0052570135936066496
2010-02-08,-0.0072159639338609215
2010-02-09,0.011435792523238425
2010-02-10,-0.0020230786009722123
2010-02-11,0.012787446812703659
2010-02-12,0.0006142960837366954
2010-02-16,0.014266155414653082
2010-02-17,0.005189849601760511
2010-02-18,0.006088491728820375
2010-02-19,0.000813728169524949
2010-02-22,-0.0009135170532370503
2010-02-23,-0.012554361258339327
2010-02-24,0.00969410498191562
2010-02-25,-0.0007888506171581566
2010-02-26,0.0021098996807099716
2010-03-01,0.012453445224894766
2010-03-02,0.0029265659759725015
2010-03-03,0.0009945388447258822
2010-03-04,0.003158584864124499
2010-03-05,0.014687691113633473
2010-03-08,0.0010565394119209136
2010-03-09,0.003625258015191202
2010-03-10,0.006288437783485276
2010-03-11,0.003995360568322205
2010-03-12,0.00014934293758928118
2010-03-15,-0.0011372867745025866
2010-03-16,0.00715842107628673
2010-03-17,0.0043309817737313076
2010-03-18,0.0014220312198314653
2010-03-19,-0.00555532908216638
2010-03-22,0.007200216825859087
2010-03-23,0.006959860684072844
2010-03-24,-0.004810451637034854
2010-03-25,-0.0015421634958833353
2010-03-26,0.00022116120728421306
2010-03-29,0.005569740414811778
2010-03-30,0.001999519734601642
2010-03-31,-0.004079939175390491
2010-04-01,0.003419016655428127
2010-04-05,0.008746410992559638
2010-04-06,0.0026191811846572486
2010-04-07,-0.004087343104459943
2010-04-08,0.0028629052889921677
2010-04-09,0.006258763919702136
2010-04-12,0.0012024195595548974
2010-04-13,0.002923110945420546
2010-04-14,0.011656159571072737
2010-04-15,0.0026166334735223656
2010-04-16,-0.013940305596102584
2010-04-19,0.001581902955968792
2010-04-20,0.006990868250955635
2010-04-21,0.0019039434436747972
2010-04-22,0.004290345765217826
2010-04-23,0.005350784929042961
2010-04-26,-0.00297674168807297
2010-04-27,-0.022438337524518594
2010-04-28,0.004102016454384459
2010-04-29,0.014908660244942813
2010-04-30,-0.018335556189090777
2010-05-03,0.01348741631108942
2010-05-04,-0.026778802042947893
2010-05-05,-0.005559001509393277
2010-05-06,-0.03331477501982892
2010-05-07,-0.01989206681817094
2010-05-10,0.04800573340451277
2010-05-11,-0.0019436442444932442
2010-05-12,0.01642296809732768
2010-05-13,-0.014133783803156021
2010-05-14,-0.018665973634180433
2010-05-17,0.0018616787196886354
2010-05-18,-0.013704607692506119
2010-05-19,-0.006831200314949798
2010-05-20,-0.03744258183931651
2010-05-21,0.012824061878803394
2010-05-24,-0.008423105473253104
2010-05-25,0.0009588404223727395
2010-05-26,-0.008607229611832766
2010-05-27,0.03564040742096218
2010-05-28,-0.009218007281615762
2010-06-01,-0.01301694934697984
2010-06-02,0.024861094548855822
2010-06-03,0.006478616230144752
2010-06-04,-0.03470248229883335
2010-06-07,-0.015318679770296667
2010-06-08,0.004452897910976979
2010-06-09,-0.006859406631613226
2010-06-10,0.028878118296110714
2010-06-11,0.007198443524432961
2010-06-14,-0.000884853396521658
2010-06-15,0.024778235178045102
2010-06-16,0.0018556074336545704
2010-06-17,0.0024027642903819042
2010-06-18,0.0009574552661473781
2010-06-21,-0.0056875477051072714
2010-06-22,-0.01212034485838877
2010-06-23,-0.003606313017576752
2010-06-24,-0.01588561515678804
2010-06-25,0.002194160231786113
2010-06-28,-0.0033430588818287215
2010-06-29,-0.03472385385347434
2010-06-30,-0.012358977340400402
2010-07-01,-0.0036331454099452183
2010-07-02,-0.004133521440817848
2010-07-06,0.004808390386939431
2010-07-07,0.03171062488945316
2010-07-08,0.007677296515401073
2010-07-09,0.008483943313962093
2010-07-12,0.0017811444235745007
2010-07-13,0.014024382038963782
2010-07-14,0.0024915689280146074
2010-07-15,0.0005755399707989479
2010-07-16,-0.027582989018958774
2010-07-19,0.0072384626633204795
2010-07-20,0.01158294698392925
2010-07-21,-0.013348205960292937
2010-07-22,0.02381789521475573
2010-07-23,0.007507604840977603
2010-07-26,0.00933283469621516
2010-07-27,-0.00026011369826069977
2010-07-28,-0.007212672456343954
2010-07-29,-0.006127864956850824
2010-07-30,0.001003149797570114
2010-08-02,0.020677045257287897
2010-08-03,-0.004536874941899799
2010-08-04,0.008398511078194582
2010-08-05,-0.0017026999095030048
2010-08-06,-0.0027855733227685913
2010-08-09,0.006091054656337578
2010-08-10,-0.007053857831409592
2010-08-11,-0.027309631448222745
2010-08-12,-0.007029778130191039
2010-08-13,-0.00502512438407741
2010-08-16,0.0006638761628866342
2010-08-17,0.012504067022200955
2010-08-18,0.0028961443051224315
2010-08-19,-0.016272837748837036
2010-08-20,-0.0009531472966555097
2010-08-23,-0.006803928755198
2010-08-24,-0.016751713427792417
2010-08-25,0.006753577443719966
2010-08-26,-0.009364038515621835
2010-08-27,0.013831391841910887
2010-08-30,-0.012471501741630218
2010-08-31,-0.001719797738720991
2010-09-01,0.029911973232949744
2010-09-02,0.010241421961223036
2010-09-03,0.014771350117182185
2010-09-07,-0.009005205475413162
2010-09-08,0.009528960995163907
2010-09-09,0.004255675371248378
2010-09-10,0.004354895920193035
2010-09-13,0.0125359506480455
2010-09-14,0.0018059939546427094
2010-09-15,0.0050696908456931335
2010-09-16,0.001856873500864873
2010-09-17,0.0018804031454036014
2010-09-20,0.0163966795543799
2010-09-21,-0.0011091525017989665
2010-09-22,-0.0037879780957352184
2010-09-23,-0.004261130736560345
2010-09-24,0.020481643587800587
2010-09-27,-0.0051135562781563365
2010-09-28,0.0015476892030609549
2010-09-29,-0.0016823033941692211
2010-09-30,-0.0037165094621516605
2010-10-01,0.0014912439780220103
2010-10-04,-0.009158962993315405
2010-10-05,0.022235953050364108
2010-10-06,-0.004372499145425566
2010-10-07,0.0012249053222162126
2010-10-08,0.006244949162693251
2010-10-11,0.0006729064489980536
2010-10-12,0.0049589251727694215
2010-10-13,0.00797944521685361
2010-10-14,-0.002940175862248878
2010-10-15,0.011632446630437228
2010-10-18,0.0006187529525350844
2010-10-19,-0.011230329442072612
2010-10-20,0.00852331265800808
2010-10-21,0.0020795465061280915
2010-10-22,0.004343456724918683
2010-10-25,0.003898877265315245
2010-10-26,0.0014334913392928378
2010-10-27,0.00010565681421620355
2010-10-28,0.0011381670869302762
2010-10-29,-0.0007671378174601265
2010-11-01,0.0005522131243471921
2010-11-02,0.009327269744818413
2010-11-03,0.004282351003996213
2010-11-04,0.015758547661834682
2010-11-05,0.0018812716285495118
2010-11-08,-0.0002847319235409429
2010-11-09,-0.006290328820039052
2010-11-10,0.004540142858673775
2010-11-11,-0.005048048784101197
2010-11-12,-0.01406852569494342
2010-11-15,-0.002611211043130873
2010-11-16,-0.016009957044645615
2010-11-17,0.0017116062743280308
2010-11-18,0.015401527128011119
2010-11-19,0.001757137320568237
2010-11-22,0.003777054828910399
2010-11-23,-0.015176454915821667
2010-11-24,0.01746979098396277
2010-11-26,-0.009118096857452187
2010-11-29,0.001136020826161904
2010-11-30,-0.008880033400504254
2010-12-01,0.02119235462117563
2010-12-02,0.011480754081918464
2010-12-03,0.002648935032957201
2010-12-06,-0.0007143403722663131
2010-12-07,0.0005634554073385271
2010-12-08,0.003688086929514326
2010-12-09,0.0024091217800591594
2010-12-10,0.006233863946098853
2010-12-13,-0.0014220944732232102
2010-12-14,0.0013624082293517167
2010-12-15,-0.004491874796262571
2010-12-16,0.006778335267563105
2010-12-17,0.000976366268962201
2010-12-20,0.0015735596289270602
2010-12-21,0.006194227081942696
2010-12-22,0.0014641138315497988
2010-12-23,-0.0019910796905278564
2010-12-27,0.0004730183194621496
2010-12-28,-0.00019668706462002187
2010-12-29,0.0014550905017721234
2010-12-30,-0.0019804455231275525
2010-12-31,-0.0017103429990369986
2011-01-03,0.012973015464591776
2011-01-04,-0.0006371351655081888
2011-01-05,0.006850683538772888
2011-01-06,0.0006353842501041103
2011-01-07,-0.0014282360020254688
2011-01-10,0.0012500031342300446
2011-01-11,0.0024852789742615005
2011-01-12,0.008073778836151289
2011-01-13,-0.0006401816860568409
2011-01-14,0.0073340380910768155
2011-01-18,0.002254285624206927
2011-01-19,-0.010588695412482224
2011-01-20,-0.004201923023897517
2011-01-21,-0.002699498055413832
2011-01-24,0.009757751263624215
2011-01-25,0.00097955458363493
2011-01-26,0.004589114286410922
2011-01-27,0.0043132510609237866
2011-01-28,-0.02141076227838886
2011-01-31,0.006180683696317895
2011-02-01,0.017379520251418847
2011-02-02,-0.0017447646701157227
2011-02-03,0.001988612809455728
2011-02-04,0.004218566578490641
2011-02-07,0.00547903271825055
2011-02-08,0.005569191758526761
2011-02-09,-0.001993285161979072
2011-02-10,0.0009657911754843823
2011-02-11,0.006604797469732635
2011-02-14,0.0024000089131842634
2011-02-15,-0.0022568669542948937
2011-02-16,0.0064056315875832895
2011-02-17,0.0013244096095295704
2011-02-18,-6.17829879307585e-05
2011-02-22,-0.02450803890947395
2011-02-23,-0.007192241541455185
2011-02-24,0.0023082205377034453
2011-02-25,0.012293150768409306
2011-02-28,0.004139028394083021
2011-03-01,-0.01638558350609433
2011-03-02,0.0037083026284578536
2011-03-03,0.01850016443474551
2011-03-04,-0.006320399900033453
2011-03-07,-0.010653154546024226
2011-03-08,0.006386148737304457
2011-03-09,-0.004112980504999432
2011-03-10,-0.0170556014999832
2011-03-11,0.006580150116360196
2011-03-14,-0.004789033579798678
2011-03-15,-0.012834756045751034
2011-03-16,-0.021330440846234137
2011-03-17,0.01123444266872823
2011-03-18,0.0006913910914514033
2011-03-21,0.017390834616788364
2011-03-22,-0.0026352985072971005
2011-03-23,0.004228922932764133
2011-03-24,0.013667284109788094
2011-03-25,0.002762157593877771
2011-03-28,-0.0039457392207756965
2011-03-29,0.008223930420598317
2011-03-30,0.0058160273264120065
2011-03-31,1.9771435873993824e-05
2011-04-01,0.0023728010531391163
2011-04-04,-0.001240336136186011
2011-04-05,-0.0013845548225089096
2011-04-06,0.0028014737539968403
2011-04-07,-0.0016211472940214073
2011-04-08,-0.004084522002640395
2011-04-11,-0.0031734195399802274
2011-04-12,-0.007172362950096892
2011-04-13,0.004219529629954666
2011-04-14,-0.0004991565810143633
2011-04-15,0.0009431576640619252
2011-04-18,-0.009134722764564666
2011-04-19,0.005983107425012171
2011-04-20,0.018123641754481935
2011-04-21,0.006527941052468711
2011-04-25,0.000762469349819636
2011-04-26,0.007123456525861465
2011-04-27,0.006664673024873295
2011-04-28,0.0008617394966866464
2011-04-29,0.0007526816433925739
2011-05-02,-0.0017006531849499402
2011-05-03,-0.004172480786217543
2011-05-04,-0.004082470064803731
2011-05-05,-0.007254229705900046
2011-05-06,0.0038378604791539754
2011-05-09,0.003818797374671373
2011-05-10,0.008527749577588263
2011-05-11,-0.008894774667321432
2011-05-12,0.00535832332693306
2011-05-13,-0.009770572209744085
2011-05-16,-0.011816495333522938
2011-05-17,0.0013185436041004183
2011-05-18,0.008637674722577707
2011-05-19,0.00265526618529773
2011-05-20,-0.007751939769487664
2011-05-23,-0.013157165875529007
2011-05-24,-0.0034908337381464923
2011-05-25,0.0036118010811599247
2011-05-26,0.005385175086182786
2011-05-27,0.004455003375532677
2011-05-31,0.01330257763424144
2011-06-01,-0.02211163346436175
2011-06-02,0.000520156207153758
2011-06-03,-0.012488372441888291
2011-06-06,-0.009372138596395591
2011-06-07,-0.0012045714922623567
2011-06-08,-0.00567858203595663
2011-06-09,0.004718218666732478
2011-06-10,-0.014614147401033839
2011-06-13,0.00039175232343636513
2011-06-14,0.0127486428633489
2011-06-15,-0.018379343617771014
2011-06-16,-0.0008318639967940598
2011-06-17,-7.393529899669938e-05
2011-06-20,0.005160614897916635
2011-06-21,0.017578747857213514
2011-06-22,-0.006633878328052087
2011-06-23,0.003212910620603414
2011-06-24,-0.014480176358514943
2011-06-27,0.012454622391302256
2011-06-28,0.01394740811713328
2011-06-29,0.006333106950144659
2011-06-30,0.011441779456415075
2011-07-01,0.014925336796438267
2011-07-05,0.00209310931435389
2011-07-06,0.0022302560480430152
2011-07-07,0.012038252485227432
2011-07-08,-0.004897569203002151
2011-07-11,-0.018103487658299243
2011-07-12,-0.005955278327083188
2011-07-13,0.003760667432836772
2011-07-14,-0.009251106893713432
2011-07-15,0.009558521026885924
2011-07-18,-0.006779915592535544
2011-07-19,0.019499174757282377
2011-07-20,-0.002425651660657542
2011-07-21,0.010263311036419073
2011-07-22,0.005504948642887734
2011-07-25,-0.0037931156167483847
2011-07-26,-0.000607061870833938
2011-07-27,-0.023150878758881235
2011-07-28,-0.0005940334851308254
2011-07-29,-0.00504978544861873
2011-08-01,-0.004454020313263357
2011-08-02,-0.025418767389239323
2011-08-03,0.007507748746707994
2011-08-04,-0.046656036881026874
2011-08-05,-0.003886789476324337
2011-08-08,-0.06265642863905864
2011-08-09,0.047365086999174806
2011-08-10,-0.04254895297384671
2011-08-11,0.04446312154647708
2011-08-12,0.007792025269284873
2011-08-15,0.017956088768174262
2011-08-16,-0.00850074796125446
2011-08-17,-0.0026339625257219765
2011-08-18,-0.04610186224411804
2011-08-19,-0.017193740858255032
2011-08-22,0.002198500420468776
2011-08-23,0.03706854674232335
2011-08-24,0.01096330295535861
2011-08-25,-0.015782948159111018
2011-08-26,0.019808339036759746
2011-08-29,0.02829613732341972
2011-08-30,0.004614198259849752
2011-08-31,0.0030375547633463293
2011-09-01,-0.009776820135980253
2011-09-02,-0.024505050895440313
2011-09-06,-0.0035549665683552068
2011-09-07,0.026770360011457432
2011-09-08,-0.0074837129563708055
2011-09-09,-0.024228074478000707
2011-09-12,0.009628190820812973
2011-09-13,0.011269986244769423
2011-09-14,0.014067207997623125
2011-09-15,0.01603473741115087
2011-09-16,0.0075423932859554794
2011-09-19,-0.004801941627527446
2011-09-20,-0.0027900431216064552
2011-09-21,-0.023422920566009392
2011-09-22,-0.03241375444294074
2011-09-23,0.008331800497810129
2011-09-26,0.017707293618852947
2011-09-27,0.01079431050778001
2011-09-28,-0.017616664023652955
2011-09-29,-0.0020081716631765974
2011-09-30,-0.02539348488573786
2011-10-03,-0.027088491654943796
2011-10-04,0.021227342696082632
2011-10-05,0.02209560234385078
2011-10-06,0.017451855583753943
2011-10-07,-0.0066550758664978334
2011-10-10,0.034015411616397595
2011-10-11,0.0038984710278565523
2011-10-12,0.006871732521484331
2011-10-13,0.003599743057461777
2011-10-14,0.017825455214951817
2011-10-17,-0.01728010834085139
2011-10-18,0.0159707089155276
2011-10-19,-0.01557154700018604
2011-10-20,-0.0002737837198926855
2011-10-21,0.015766640875574185
2011-10-24,0.01651467984532894
2011-10-25,-0.019552688562389363
2011-10-26,0.004468858073224045
2011-10-27,0.031211838909561626
2011-10-28,0.0006480711383305406
2011-10-31,-0.02045137591347164
2011-11-01,-0.02697262398681711
2011-11-02,0.012407857232275058
2011-11-03,0.019479277234923126
2011-11-04,-0.005631536438088219
2011-11-07,0.00665508086377461
2011-11-08,0.012170232581853634
2011-11-09,-0.03603269003919532
2011-11-10,0.004444982540695316
2011-11-11,0.0188336855515248
2011-11-14,-0.00784846658896816
2011-11-15,0.008036935460580418
2011-11-16,-0.01618887620412111
2011-11-17,-0.019657749943152426
2011-11-18,-0.004383369213648525
2011-11-21,-0.019076417161029393
2011-11-22,-0.00030772544678343275
2011-11-23,-0.022313049108404585
2011-11-25,-0.004790968592659216
2011-11-28,0.03188157022288707
2011-11-29,-0.0016866088235221845
2011-11-30,0.03905590503745826
2011-12-01,0.0033779693916374245
2011-12-02,-0.0018489646237544676
2011-12-05,0.01092115147022369
2011-12-06,-0.0012391577311313964
2011-12-07,0.0018610156070145176
2011-12-08,-0.01937731531742818
2011-12-09,0.01648982742259139
2011-12-12,-0.01291100856465828
2011-12-13,-0.010167711566436399
2011-12-14,-0.013124351080848563
2011-12-15,0.0004407645261338825
2011-12-16,0.0033153909615975564
2011-12-19,-0.010267273192847138
2011-12-20,0.029950097050130797
2011-12-21,-0.00618406152863008
2011-12-22,0.008692114392399931
2011-12-23,0.008786803056759428
2011-12-27,0.0022608113207083784
2011-12-28,-0.012340653924854858
2011-12-29,0.008764958948277989
2011-12-30,-0.0038868235166975252
2012-01-03,0.01755046136026919
2012-01-04,0.002893361009141554
2012-01-05,0.005444028134687184
2012-01-06,0.00044732128848127607
2012-01-09,-0.00042939629433437357
2012-01-10,0.007979389679401658
2012-01-11,0.0013047585764532292
2012-01-12,0.0031771162528773512
2012-01-13,-0.004384905007956091
2012-01-17,0.006495302358330397
2012-01-18,0.012170813797706716
2012-01-19,0.005748212616544235
2012-01-20,0.001111589592821603
2012-01-23,-0.001120978662565238
2012-01-24,-0.0014895309476022289
2012-01-25,0.01046715976096221
2012-01-26,-0.004302415522373902
2012-01-27,0.0012669626185639476
2012-01-30,-0.001293110955232634
2012-01-31,0.0004718066007279886
2012-02-01,0.008425838438110705
2012-02-02,0.0023496165974348543
2012-02-03,0.013870854881758186
2012-02-06,-0.0007373015519777724
2012-02-07,0.002312751671477737
2012-02-08,0.00413970208500752
2012-02-09,0.0042309640866921225
2012-02-10,-0.00719102949601047
2012-02-13,0.008363625283564923
2012-02-14,0.0006409049243088505
2012-02-15,-0.005810435159790756
2012-02-16,0.01238676466057556
2012-02-17,-0.0002485421766824547
2012-02-21,0.0016388606127738681
2012-02-22,-0.0038915226844603366
2012-02-23,0.005522068769841543
2012-02-24,0.0028234167649420364
2012-02-27,0.0015434946963580932
2012-02-28,0.006532151709320401
2012-02-29,-0.004203722572600408
2012-03-01,0.00654993483128092
2012-03-02,-0.0019099419471499456
2012-03-05,-0.007203720450741103
2012-03-06,-0.012218833012644325
2012-03-07,0.0073419417668422575
2012-03-08,0.010359981823871153
2012-03-09,0.0040189226185824035
2012-03-12,0.0002670126980681707
2012-03-13,0.018313518298980515
2012-03-14,0.0012001172726302113
2012-03-15,0.004323453875551474
2012-03-16,0.00033945146466915797
2012-03-19,0.005492553946519989
2012-03-20,-0.0005595570285122847
2012-03-21,-0.0007443800159087054
2012-03-22,-0.004644749854814132
2012-03-23,0.0013178362259599953
2012-03-26,0.01575681216224857
2012-03-27,-0.0008196317350384518
2012-03-28,-0.0044581752808182185
2012-03-29,-0.002767829388393801
2012-03-30,0.0011077338403666585
2012-04-02,0.008838553001440083
2012-04-03,-0.0021911008540240603
2012-04-04,-0.011770388064785267
2012-04-05,0.002870161726438764
2012-04-09,-0.009381486066282882
2012-04-10,-0.016426641495847348
2012-04-11,0.006466303685571078
2012-04-12,0.012251637143067536
2012-04-13,-0.013532479805431673
2012-04-16,-0.005918090385263436
2012-04-17,0.017566467314160724
2012-04-18,-0.0029622944943826657
2012-04-19,-0.008840373261974503
2012-04-20,-0.0005314856704453652
2012-04-23,-0.008772117658633567
2012-04-24,-0.000788227669664408
2012-04-25,0.020131591246692365
2012-04-26,0.006418968632920355
2012-04-27,0.0038129579992956988
2012-04-30,-0.005421435625263451
2012-05-01,0.003934011151717149
2012-05-02,-7.154829672274018e-05
2012-05-03,-0.009106416379746709
2012-05-04,-0.02051306144553531
2012-05-07,0.0008288492947859532
2012-05-08,-0.0038590404938645094
2012-05-09,-0.004515799078694425
2012-05-10,2.0967504047531352e-05
2012-05-11,-0.00158520164882049
2012-05-14,-0.010204924538824916
2012-05-15,-0.0045221046499458895
2012-05-16,-0.0053052725624367835
2012-05-17,-0.017981103814405708
2012-05-18,-0.010771847529289131
2012-05-21,0.022572060641587788
2012-05-22,0.00031130338649052705
2012-05-23,0.0012258553710474697
2012-05-24,-0.002294190698753092
2012-05-25,-0.0022655500349268378
2012-05-29,0.012419403634907823
2012-05-30,-0.011470605625612754
2012-05-31,-0.0032665117770375035
2012-06-01,-0.025881831883639822
2012-06-04,0.003573203348190444
2012-06-05,0.005839573599266153
2012-06-06,0.022687435563705644
2012-06-07,-0.001696471871964189
2012-06-08,0.008793678447739949
2012-06-11,-0.014778659750142769
2012-06-12,0.01181217686924106
2012-06-13,-0.006633972797331266
2012-06-14,0.0071510162462136585
2012-06-15,0.011325640619727163
2012-06-18,0.005652369038264936
2012-06-19,0.0100268673152862
2012-06-20,-0.0004215609277861082
2012-06-21,-0.023663060795746052
2012-06-22,0.009114869707655238
2012-06-25,-0.017646183253895588
2012-06-26,0.005651263104525694
2012-06-27,0.00754728387777617
2012-06-28,-0.006991115985366204
2012-06-29,0.0282189427537713
2012-07-02,0.002987006579636411
2012-07-03,0.007491991787022608
2012-07-05,-0.0019478993462856804
2012-07-06,-0.010988996146911382
2012-07-09,-0.0015630944398482747
2012-07-10,-0.009282124717332509
2012-07-11,-0.0026869182331572907
2012-07-12,-0.00710347955218617
2012-07-13,0.015997563420720513
2012-07-16,-0.0025988707464957538
2012-07-17,0.006044406641503175
2012-07-18,0.010471898926668947
2012-07-19,0.0068237903753433846
2012-07-20,-0.011179565091531878
2012-07-23,-0.011127052829635548
2012-07-24,-0.008232940353230259
2012-07-25,-0.003223532377852898
2012-07-26,0.014884585335471524
2012-07-27,0.021051781379382024
2012-07-30,-0.0003854115041151938
2012-07-31,-0.003651477346345461
2012-08-01,-0.0019020538499880024
2012-08-02,-0.005232104141920577
2012-08-03,0.019391610739797758
2012-08-06,0.004779695379961259
2012-08-07,0.006667320734990029
2012-08-08,0.0003804581754491116
2012-08-09,0.0019283892587890034
2012-08-10,0.0011169638201210968
2012-08-13,0.0009478857285290199
2012-08-14,0.000295144117677956
2012-08-15,0.0018357872352087036
2012-08-16,0.009640080006851601
2012-08-17,0.002873799670121944
2012-08-20,0.0007673184235972501
2012-08-21,-0.003485087151648739
2012-08-22,0.002265888866486373
2012-08-23,-0.008181200851469613
2012-08-24,0.006115350672761586
2012-08-27,0.0009113505256652693
2012-08-28,-0.0004947141164168892
2012-08-29,0.00038907414696769045
2012-08-30,-0.008647986816458668
2012-08-31,0.005707709811151809
2012-09-04,-0.0009739742723714985
2012-09-05,-0.0009393593937875948
2012-09-06,0.02124795108442892
2012-09-07,0.001228348369832365
2012-09-10,-0.009249804805806772
2012-09-11,0.0005909947396463371
2012-09-12,0.0031291309151046335
2012-09-13,0.014393681336699635
2012-09-14,0.006673664951417179
2012-09-17,-0.0014842587190335825
2012-09-18,1.8344324894295873e-05
2012-09-19,0.0011979188256663158
2012-09-20,-0.00046309139572143425
2012-09-21,-6.637410214820771e-05
2012-09-24,-0.0036765601617015403
2012-09-25,-0.012347006665893728
2012-09-26,-0.00688275755844871
2012-09-27,0.011602343480666587
2012-09-28,-0.006438135276721489
2012-10-01,0.0005908745196499682
2012-10-02,0.0019799220264168447
2012-10-03,0.005244889539612855
2012-10-04,0.0053206720812195435
2012-10-05,-0.002633543989833626
2012-10-08,-0.0062772452713751765
2012-10-09,-0.01291725140800362
2012-10-10,-0.005717696232557572
2012-10-11,-0.001289844436561602
2012-10-12,-0.0018641870661385961
2012-10-15,0.007838608130287245
2012-10-16,0.012138219094978324
2012-10-17,0.001973885637421714
2012-10-18,-0.007101841773612561
2012-10-19,-0.020295214105858998
2012-10-22,0.002657828862462302
2012-10-23,-0.011708999248588271
2012-10-24,-0.003173233243656047
2012-10-25,0.001453885051020268
2012-10-26,0.0011750860941325961
2012-10-31,-0.0030603857243106714
2012-11-01,0.012317532932211517
2012-11-02,-0.009759390013504936
2012-11-05,0.00432317237231462
2012-11-06,0.004827261210052813
2012-11-07,-0.023124306682671066
2012-11-08,-0.013881555759720589
2012-11-09,0.0025720659527589014
2012-11-12,0.0003192218428142817
2012-11-13,-0.005204643295791714
2012-11-14,-0.012624130364164531
2012-11-15,-0.0025332995499582575
2012-11-16,0.0046448588164161855
2012-11-19,0.021997687008978493
2012-11-20,0.00037258932324734794
2012-11-21,0.001952764099774791
2012-11-23,0.014399090901384259
2012-11-26,0.0010958670558776748
2012-11-27,-0.00424002716991819
2012-11-28,0.008336438136668683
2012-11-29,0.005309079120150451
2012-11-30,-0.0007292753777854111
2012-12-03,-0.0034496907908064135
2012-12-04,-0.0010113949542124364
2012-12-05,-0.004676549644365088
2012-12-06,0.004931759714111693
2012-12-07,-0.001471232391010614
2012-12-10,0.0016741247671696615
2012-12-11,0.009930670709609898
2012-12-12,-0.0008170134215440306
2012-12-13,-0.007015479779342076
2012-12-14,-0.006604696614023953
2012-12-17,0.01252306730560639
2012-12-18,0.013192281932400102
2012-12-19,-0.005893655090833973
2012-12-20,0.0028761202931019093
2012-12-21,-0.009797022321546795
2012-12-24,-0.002537553226886172
2012-12-26,-0.006487370341383634
2012-12-27,-0.0014455057980551937
2012-12-28,-0.010217674771062422
2012-12-31,0.019081347933960865
2013-01-02,0.028706433546102493
2013-01-03,-0.003733771935706908
2013-01-04,0.0005504581504037146
2013-01-07,-0.0012162451984763201
2013-01-08,-0.0024139095464915626
2013-01-09,0.003149946942518061
2013-01-10,0.00697052219178757
2013-01-11,0.0006357747564218788
2013-01-14,-0.0025700759717984948
2013-01-15,-0.002124130487594548
2013-01-16,0.0019581855749505593
2013-01-17,0.005621602992414673
2013-01-18,-5.888002393462932e-07
2013-01-22,0.003516754855810111
2013-01-23,0.003856068528353628
2013-01-24,-0.006745728472799761
2013-01-25,0.005361059342434031
2013-01-28,0.0005204084602342599
2013-01-29,0.002040563211739327
2013-01-30,-0.0030008511932606416
2013-01-31,-0.0023516165553950875
2013-02-01,0.011050787635833685
2013-02-04,-0.014340141636154347
2013-02-05,0.01241902333569923
2013-02-06,-0.0012664498130638088
2013-02-07,-0.00021495999492619224
2013-02-08,0.007908262954339575
2013-02-11,4.799022452440702e-05
2013-02-12,-0.0012347675392569756
2013-02-13,0.002199430027518568
2013-02-14,0.00031276420075033
2013-02-15,-0.002062532155363405
2013-02-19,0.007363710048238048
2013-02-20,-0.013925076716443104
2013-02-21,-0.008397441537567597
2013-02-22,0.009925993689729077
2013-02-25,-0.015694406678780325
2013-02-26,0.0053078042568994194
2013-02-27,0.011407319898514356
2013-02-28,-0.002028616996674182
2013-03-01,0.0037356692815998854
2013-03-04,0.004888584631759001
2013-03-05,0.011867064707028169
2013-03-06,-0.0005568234001655665
2013-03-07,0.0022198189974215144
2013-03-08,0.002714163121224153
2013-03-11,0.0033520252516456217
2013-03-12,-0.0029337956047806725
2013-03-13,5.160484707977938e-05
2013-03-14,0.004337824764977944
2013-03-15,-0.0020504215882170005
2013-03-18,-0.0038540899220124636
2013-03-19,-0.0021123851830796136
2013-03-20,0.007010257553037121
2013-03-21,-0.009947349078567203
2013-03-22,0.008874243857825152
2013-03-25,-0.003910964378379652
2013-03-26,0.006708391707474448
2013-03-27,0.000654884775745677
2013-03-28,0.002772034574583958
2013-04-01,-0.0053860006944015555
2013-04-02,0.006408930484219852
2013-04-03,-0.009632165401366171
2013-04-04,0.002175305610366863
2013-04-05,-0.006410143047955246
2013-04-08,0.00603580034179836
2013-04-09,0.005100047667371875
2013-04-10,0.015879672641639385
2013-04-11,0.001424421128265356
2013-04-12,-0.0015820528818670378
2013-04-15,-0.02145257146581528
2013-04-16,0.014017860029287402
2013-04-17,-0.017094126165377737
2013-04-18,-0.010027388178280316
2013-04-19,0.011194826682184088
2013-04-22,0.00735934010535262
2013-04-23,0.00995197523818887
2013-04-24,0.00010120105619558351
2013-04-25,0.004691518331305105
2013-04-26,-0.0024592002643682867
2013-04-29,0.007948763447441515
2013-04-30,0.004824769098846542
2013-05-01,-0.006716897720598897
2013-05-02,0.010965629299088444
2013-05-03,0.010962752318511886
2013-05-06,0.0032117598387250527
2013-05-07,0.0022578211084260547
2013-05-08,0.004693754720692734
2013-05-09,-0.0020956535176361313
2013-05-10,0.004656868057809534
2013-05-13,0.0010138594080561455
2013-05-14,0.007764656086740908
2013-05-15,0.0037132075963776726
2013-05-16,-0.002890733129664657
2013-05-17,0.009662765622917728
2013-05-20,-0.0007701697548467397
2013-05-21,0.0012580578412045196
2013-05-22,-0.008084989250815869
2013-05-23,-0.0026008365713785647
2013-05-24,-0.0006954918978224316
2013-05-28,0.006264038788619665
2013-05-29,-0.005615589036248949
2013-05-30,0.004497390732099427
2013-05-31,-0.011775086007403988
2013-06-03,0.003640822761284637
2013-06-04,-0.004992774916987044
2013-06-05,-0.01350723560175349
2013-06-06,0.00695568409338745
2013-06-07,0.013196774929208198
2013-06-10,0.00020451001768201856
2013-06-11,-0.010129275258805838
2013-06-12,-0.009916436624136164
2013-06-13,0.013936950703348898
2013-06-14,-0.006434698603327065
2013-06-17,0.008703136781455123
2013-06-18,0.008063404123129142
2013-06-19,-0.012480602901571203
2013-06-20,-0.02427760951569294
2013-06-21,-0.0010500330032616422
2013-06-24,-0.011287247071924616
2013-06-25,0.008464115478347266
2013-06-26,0.009434799717241808
2013-06-27,0.005051695867948427
2013-06-28,-0.0013462608076898453
2013-07-01,0.006016617431672101
2013-07-02,-0.00025547962271871717
2013-07-03,0.0022383808906752396
2013-07-05,0.009212081970109184
2013-07-08,0.0033347060426612072
2013-07-09,0.006626625309207601
2013-07-10,0.0030552064601700284
2013-07-11,0.01674096265876461
2013-07-12,0.0024099132384202467
2013-07-15,0.0030390641673672192
2013-07-16,-0.002535958034747177
2013-07-17,0.0025436256834926985
2013-07-18,0.0014818202141529525
2013-07-19,-0.00428611227826931
2013-07-22,0.0024499582619130745
2013-07-23,-0.004737747388992027
2013-07-24,-0.00021691238244419013
2013-07-25,0.004370973185578934
2013-07-26,0.0032001656067824217
2013-07-29,-0.002465943065631022
2013-07-30,0.0026583034074267433
2013-07-31,0.0012817017054110884
2013-08-01,0.01086029195973618
2013-08-02,0.003658217125668996
2013-08-05,-0.00040623713388682463
2013-08-06,-0.005827197628362367
2013-08-07,-0.0025345629462997918
2013-08-08,0.004318663330789448
2013-08-09,-0.00346121426923777
2013-08-12,0.0005858468251330696
2013-08-13,0.004282482950678211
2013-08-14,-0.004445328820571484
2013-08-15,-0.015455053484291997
2013-08-16,-0.0018518523037717677
2013-08-19,-0.004056979783021011
2013-08-20,0.0046474123082186555
2013-08-21,-0.004797478062217854
2013-08-22,0.009463467380160726
2013-08-23,0.005034162766922045
2013-08-26,-0.00159973166412537
2013-08-27,-0.018275429789408125
2013-08-28,0.0037052592676493634
2013-08-29,0.004306588499707657
2013-08-30,-0.0048094608649693485
2013-09-03,0.005109919188267759
2013-09-04,0.009472286391807715
2013-09-05,0.0014811094559645866
2013-09-06,0.0008265413605778058
2013-09-09,0.010637613988587698
2013-09-10,0.0061395862244644096
2013-09-11,0.0006102914619729201
2013-09-12,-0.0016482533983535569
2013-09-13,0.0014446985315283362
2013-09-16,0.0015487852658016984
2013-09-17,0.005571126671703144
2013-09-18,0.01178430713924953
2013-09-19,0.00035960694080563733
2013-09-20,-0.005211516428862974
2013-09-23,-0.0033262917865490163
2013-09-24,-0.0011769311003498677
2013-09-25,-0.0031575439855042907
2013-09-26,0.0058046314258952255
2013-09-27,-0.0029300228831407255
2013-09-30,-0.0038653611459777363
2013-10-01,0.009028877299997469
2013-10-02,-0.0006603296059535147
2013-10-03,-0.01044861155999597
2013-10-04,0.008107024599948016
2013-10-07,-0.008478201141677678
2013-10-08,-0.015475484261979358
2013-10-09,-0.0011910436334474877
2013-10-10,0.021365940895075198
2013-10-11,0.007165240448736643
2013-10-14,0.0055308131457927085
2013-10-15,-0.005569611116175706
2013-10-16,0.012644635291103119
2013-10-17,0.006203242620917116
2013-10-18,0.011479525704184455
2013-10-21,0.0011244100823208493
2013-10-22,0.0036243785667446782
2013-10-23,-0.0054266463499698745
2013-10-24,0.0038578326835875887
2013-10-25,0.0058676738912967485
2013-10-28,0.000916269486404144
2013-10-29,0.0035109456498458825
2013-10-30,-0.0029648555486823775
2013-10-31,-0.002563029521679901
2013-11-01,0.0013154673852892305
2013-11-04,0.002483856571752356
2013-11-05,-0.001040869383553035
2013-11-06,0.002432398802418107
2013-11-07,-0.01571924625964132
2013-11-08,0.0134991418989803
2013-11-11,-0.0007024588998866447
2013-11-12,-0.00022654136307624151
2013-11-13,0.01006937957938783
2013-11-14,0.004050982918304483
2013-11-15,0.0031299697047496287
2013-11-18,-0.006632355062633934
2013-11-19,-0.0025303000825351784
2013-11-20,-0.0027703217005540038
2013-11-21,0.009112784587383273
2013-11-22,0.005194556151708459
2013-11-25,0.0006929374919904573
2013-11-26,0.002751619693433462
2013-11-27,0.004703205198529776
2013-11-29,0.0026611676203977808
2013-12-02,-0.0027565099939401
2013-12-03,-0.0025699463581323762
2013-12-04,0.00041282765664219786
2013-12-05,-0.0028412070833196915
2013-12-06,0.009219572531852474
2013-12-09,0.0033060251556886085
2013-12-10,-0.002139063166066005
2013-12-11,-0.012047149002608039
2013-12-12,-0.0029419673644892922
2013-12-13,-0.0007039543597730714
2013-12-16,0.005885614487584917
2013-12-17,-0.002586389999348046
2013-12-18,0.014349599338709072
2013-12-19,-0.0019710866890336504
2013-12-20,0.008000153782641309
2013-12-23,0.007931511740666902
2013-12-24,0.0013244496211330115
2013-12-26,0.004200329100545677
2013-12-27,-0.0012810138283878868
2013-12-30,-0.0008245269998482118
2013-12-31,0.005628242858394033
2014-01-02,-0.008714071171914103
2014-01-03,-0.0036915516745203766
2014-01-06,-0.0032958196421078514
2014-01-07,0.007704784538358603
2014-01-08,0.0011993830904317591
2014-01-09,-0.001333738992355234
2014-01-10,0.0029703911644749564
2014-01-13,-0.014041049320269536
2014-01-14,0.014982367009669354
2014-01-15,0.006802491515962848
2014-01-16,-0.0005933829732798053
2014-01-17,-0.004943238410570159
2014-01-21,0.005282076892521133
2014-01-22,0.0016244264429263323
2014-01-23,-0.005786300874144432
2014-01-24,-0.020500337769346195
2014-01-27,-0.007301692933590204
2014-01-28,0.0026864073772129545
2014-01-29,-0.010160866151989335
2014-01-30,0.014542949911410773
2014-01-31,-0.00425853034453418
2014-02-03,-0.022728539289446882
2014-02-04,0.007180485242944331
2014-02-05,-0.0019226016523325928
2014-02-06,0.01296972046220336
2014-02-07,0.015117168629243602
2014-02-10,0.0037817463881396826
2014-02-11,0.011166917956927605
2014-02-12,0.0012043164235763244
2014-02-13,0.006290539555091058
2014-02-14,0.003763608084691901
2014-02-18,0.0030475261131288804
2014-02-19,-0.0067460498956180386
2014-02-20,0.005293541879494239
2014-02-21,-0.0012368653768457258
2014-02-24,0.005442270283137146
2014-02-25,-0.0007419198064711763
2014-02-26,-0.0004161507020558455
2014-02-27,0.00586798404843874
2014-02-28,0.0007114138699603084
2014-03-03,-0.007224166703193912
2014-03-04,0.013384467226397582
2014-03-05,0.0018296992181838342
2014-03-06,0.0007060073237926429
2014-03-07,-0.002260635384256485
2014-03-10,0.00017639714605642884
2014-03-11,-0.004623506348058406
2014-03-12,0.0020177227045282487
2014-03-13,-0.012673839250924671
2014-03-14,-0.004820055877137044
2014-03-17,0.008920176611969938
2014-03-18,0.009605731432305992
2014-03-19,-0.005370706254732108
2014-03-20,0.004308105269516976
2014-03-21,-0.007955808647235519
2014-03-24,-0.0064497104346401685
2014-03-25,0.004016504720219277
2014-03-26,-0.010036084692331778
2014-03-27,-0.0038583776189270026
2014-03-28,0.003443318299986093
2014-03-31,0.007658583146418702
2014-04-01,0.012098162685318038
2014-04-02,0.0029621491504217383
2014-04-03,-0.004630573687199668
2014-04-04,-0.019209842953443773
2014-04-07,-0.010273141594699057
2014-04-08,0.0066787017836733645
2014-04-09,0.013946627801664026
2014-04-10,-0.025989378572348537
2014-04-11,-0.010320955395935513
2014-04-14,0.007862551513385172
2014-04-15,0.005095409973890107
2014-04-16,0.011882073049164615
2014-04-17,0.0008144181422665454
2014-04-21,0.005455653211287224
2014-04-22,0.006245167041098218
2014-04-23,-0.005569306660382451
2014-04-24,0.005796693599651719
2014-04-25,-0.012091100926333602
2014-04-28,0.0032078941996704956
2014-04-29,0.006317678395109486
2014-04-30,0.002810789490567711
2014-05-01,0.0015408899702526605
2014-05-02,-0.0016301891587922075
2014-05-05,0.0035863745777322464
2014-05-06,-0.010833050316900496
2014-05-07,0.0015047355015030987
2014-05-08,-0.0009942267122325572
2014-05-09,0.0025958932321285396
2014-05-12,0.013105624396690694
2014-05-13,0.0007877266219125318
2014-05-14,-0.004973694112795853
2014-05-15,-0.008318341178982645
2014-05-16,0.005004600006910654
2014-05-19,0.00531242710965124
2014-05-20,-0.004963960980369657
2014-05-21,0.008984509260542077
2014-05-22,0.0034111701909685394
2014-05-23,0.005646202948604526
2014-05-27,0.009304106112655947
2014-05-28,-0.001903904950835768
2014-05-29,0.005783089333500527
2014-05-30,0.0008605684698639526
2014-06-02,7.78147780954874e-05
2014-06-03,-0.0004782160800326881
2014-06-04,0.0028755442657425116
2014-06-05,0.00746795069932224
2014-06-06,0.0052628495137352115
2014-06-09,0.00013457292630064438
2014-06-10,0.0009136558624729847
2014-06-11,-0.001845581433980416
2014-06-12,-0.00806133384057191
2014-06-13,0.002990631016666695
2014-06-16,0.0008450898392830762
2014-06-17,0.00166055445110393
2014-06-18,0.006482303073009213
2014-06-19,0.00023752550868798587
2014-06-20,0.0016035383517212162
2014-06-23,-4.53928877703715e-05
2014-06-24,-0.0034970142679665093
2014-06-25,0.005441932724559679
2014-06-26,-8.974016060752407e-05
2014-06-27,0.0031685497188230806
2014-06-30,0.0005978895565711821
2014-07-01,0.008830632155376106
2014-07-02,0.0013502590235051279
2014-07-03,0.0056134035749893785
2014-07-07,-0.0032555727778941267
2014-07-08,-0.009241699333264115
2014-07-09,0.005955192698571131
2014-07-10,-0.0035580146625008822
2014-07-11,0.003909444200752503
2014-07-14,0.005509475742440548
2014-07-15,-0.0026579354248771427
2014-07-16,0.0038395099745296805
2014-07-17,-0.012304938629167726
2014-07-18,0.013036321652654698
2014-07-21,-0.0015599666849486996
2014-07-22,0.005355895777902126
2014-07-23,0.0043187426859473245
2014-07-24,-0.0005404803048628848
2014-07-25,-0.004297150955613647
2014-07-28,0.00035755939966088725
2014-07-29,-0.003027277440280128
2014-07-30,0.002043244666911879
2014-07-31,-0.019979446609036083
2014-08-01,-0.003369355993328947
2014-08-04,0.0070431855605881544
2014-08-05,-0.008677012389773482
2014-08-06,-0.00021391404334175274
2014-08-07,-0.004294377068893655
2014-08-08,0.00939306827306752
2014-08-11,0.004399437729350625
2014-08-12,-0.0009061416362768143
2014-08-13,0.00867687655098484
2014-08-14,0.004953265121443335
2014-08-15,0.002322558260186567
2014-08-18,0.008039785176724292
2014-08-19,0.005411114975437056
2014-08-20,0.001335790006323679
2014-08-21,0.002471206042186945
2014-08-22,-1.8795885176659238e-05
2014-08-25,0.004302155514538487
2014-08-26,0.0008274989052638155
2014-08-27,-9.910685172742574e-05
2014-08-28,-0.0008270844503078295
2014-08-29,0.003284906535940402
2014-09-02,0.0012041527865266802
2014-09-03,-0.0032221622004388237
2014-09-04,-0.0011754670643916044
2014-09-05,0.004762702260524859
2014-09-08,-0.0003417165653349046
2014-09-09,-0.007312037371199959
2014-09-10,0.006012120692958188
2014-09-11,0.00017505763414037351
2014-09-12,-0.0054707669487906885
2014-09-15,-0.005201856239716595
2014-09-16,0.008133988703807373
2014-09-17,0.0014280471972678167
2014-09-18,0.0064325717134936945
2014-09-19,-0.0007603131524852329
2014-09-22,-0.00851228207128839
2014-09-23,-0.0042253275782022145
2014-09-24,0.009279396047674101
2014-09-25,-0.01858439584961013
2014-09-26,0.009292727570951061
2014-09-29,-0.0015674796765349991
2014-09-30,-0.0006064714312388631
2014-10-01,-0.014772859449355209
2014-10-02,7.722381348628631e-05
2014-10-03,0.010442409495741238
2014-10-06,-0.0016545533189596337
2014-10-07,-0.014813162639254814
2014-10-08,0.018478681794389523
2014-10-09,-0.017991638059907812
2014-10-10,-0.018199562212311803
2014-10-13,-0.016049271496254472
2014-10-14,0.0008277514849434597
2014-10-15,-0.006610195462518261
2014-10-16,-0.003568571309059106
2014-10-17,0.012496405948710971
2014-10-20,0.01232821007983138
2014-10-21,0.023042210766858737
2014-10-22,-0.006136185241336321
2014-10-23,0.01333554654382331
2014-10-24,0.007936777895485215
2014-10-27,-0.00033238661645998484
2014-10-28,0.01328387699807147
2014-10-29,-0.002602490796451392
2014-10-30,0.004257172215442183
2014-10-31,0.012616333256279508
2014-11-03,0.0017519971515147063
2014-11-04,-0.0034061179635442693
2014-11-05,0.0032073103793401497
2014-11-06,0.003579957942189794
2014-11-07,2.52726286650437e-05
2014-11-10,0.0033452487223007985
2014-11-11,0.002059724539261767
2014-11-12,0.0003410231673534397
2014-11-13,0.002711034212234921
2014-11-14,0.0016773778789700559
2014-11-17,-0.0011833813056435394
2014-11-18,0.006628068812946886
2014-11-19,-0.0030694566331652766
2014-11-20,0.0031055844379925725
2014-11-21,0.0036399316580191855
2014-11-24,0.005302344477752417
2014-11-25,0.0004021994106025946
2014-11-26,0.004522670196944523
2014-11-28,0.0012624214468603284
2014-12-01,-0.009135019925248752
2014-12-02,0.005235766097740161
2014-12-03,0.002834087467009086
2014-12-04,-0.0007900110546125803
2014-12-05,0.0008659139118077304
2014-12-08,-0.006899723970570624
2014-12-09,0.0012380464522437444
2014-12-10,-0.015875864877518756
2014-12-11,0.004906395653243779
2014-12-12,-0.013523882168738992
2014-12-15,-0.008596463993986957
2014-12-16,-0.01203102955966227
2014-12-17,0.0189039813869638
2014-12-18,0.024398112505651975
2014-12-19,0.004327473986091784
2014-12-22,0.003546135407317889
2014-12-23,-0.0010940343301830942
2014-12-24,0.0004797013767948664
2014-12-26,0.005159970279690875
2014-12-29,0.0005762799265855473
2014-12-30,-0.006015473974350214
2014-12-31,-0.010090106253563633
2015-01-02,-0.001768592603458834
2015-01-05,-0.01636429136472064
2015-01-06,-0.011413521719628502
2015-01-07,0.012676014341453996
2015-01-08,0.018442404385133063
2015-01-09,-0.007298183209436522
2015-01-12,-0.009130315713378644
2015-01-13,-0.0015540659494757384
2015-01-14,-0.005776505757105398
2015-01-15,-0.011068250747521165
2015-01-16,0.01242782138180593
2015-01-20,0.005033805720497682
2015-01-21,0.005082294196634158
2015-01-22,0.0166876561481981
2015-01-23,-0.001635929818486514
2015-01-26,0.0005954945584275574
2015-01-27,-0.019558673787441735
2015-01-28,-0.008975140135469293
2015-01-29,0.009427499994263618
2015-01-30,-0.010164407036838175
2015-02-02,0.010544434938620128
2015-02-03,0.012035254463126463
2015-02-04,-0.0023410953804179047
2015-02-05,0.009373506072623772
2015-02-06,-0.004418424595628238
2015-02-09,-0.0038378708939897773
2015-02-10,0.013108598468419282
2015-02-11,0.0021101019906380808
2015-02-12,0.010630156169252997
2015-02-13,0.006350706735605501
2015-02-17,0.0012540421969596124
2015-02-18,0.0007488355764565713
2015-02-19,0.0021159755820209735
2015-02-20,0.006343059422746744
2015-02-23,0.00043641616146135244
2015-02-24,0.001788987034171681
2015-02-25,-0.0016681085648625788
2015-02-26,0.0019478691513996906
2015-02-27,-0.0039072291605991806
2015-03-02,0.007677058538909275
2015-03-03,-0.004383294871663417
2015-03-04,-0.004036778762100925
2015-03-05,0.001423170715702778
2015-03-06,-0.01269317354368327
2015-03-09,0.0035152358711174007
2015-03-10,-0.017394424391792857
2015-03-11,-0.004055792390273123
2015-03-12,0.009639272406891488
2015-03-13,-0.0052399250865494285
2015-03-16,0.013135362924964495
2015-03-17,-0.0006895657047765419
2015-03-18,0.010923476511542522
2015-03-19,-0.001539676982652874
2015-03-20,0.007650346479323693
2015-03-23,-0.0019420563324929765
2015-03-24,-0.004609659048249456
2015-03-25,-0.01876963961182913
2015-03-26,-0.0028975016991827493
2015-03-27,0.00314309961810284
2015-03-30,0.011833280541970935
2015-03-31,-0.00966337363449923
2015-04-01,-0.004372336953155191
2015-04-02,0.0021317939243430777
2015-04-06,0.00745730286647324
2015-04-07,-0.0021723966642864887
2015-04-08,0.005658284436841217
2015-04-09,0.005353163936586507
2015-04-10,0.00477873553576063
2015-04-13,-0.003514361286361144
2015-04-14,-0.0004856534788027213
2015-04-15,0.005369434704186871
2015-04-16,-0.0008382657789796011
2015-04-17,-0.01355173628233638
2015-04-20,0.012067536231425478
2015-04-21,0.0015419174459946354
2015-04-22,0.005187154821907884
2015-04-23,0.0031447281294860337
2015-04-24,0.007945787734010444
2015-04-27,-0.003345485759395346
2015-04-28,0.0005915995776676129
2015-04-29,-0.0051923650223636
2015-04-30,-0.012875100155688091
2015-05-01,0.012017508167391427
2015-05-04,0.002249035767111167
2015-05-05,-0.013873921584965681
2015-05-06,-0.005501749125346428
2015-05-07,0.004993507246854495
2015-05-08,0.01282446311993013
2015-05-11,-0.004318528604017567
2015-05-12,-0.0037584748718867828
2015-05-13,0.0011158274421448396
2015-05-14,0.012528464465504093
2015-05-15,0.0005421627188393921
2015-05-18,0.0037433619866065588
2015-05-19,-0.0007093157455224934
2015-05-20,-3.377848581422038e-05
2015-05-21,0.004046931174674532
2015-05-22,-0.0016917443553682134
2015-05-26,-0.011124036819349942
2015-05-27,0.012804815129471122
2015-05-28,-0.0016906880824806472
2015-05-29,-0.00608736452175152
2015-06-01,0.002699465819062871
2015-06-02,-0.002081450968889119
2015-06-03,0.002824056495263032
2015-06-04,-0.008027618995211755
2015-06-05,-0.002043137117867488
2015-06-08,-0.008152645863722462
2015-06-09,-0.0009039370029844111
2015-06-10,0.012847795336106495
2015-06-11,0.002342684813476819
2015-06-12,-0.007931560274230937
2015-06-15,-0.004625298085361178
2015-06-16,0.005451943895514556
2015-06-17,0.00218724364844353
2015-06-18,0.012486309883202438
2015-06-19,-0.004691551136081336
2015-06-22,0.006246864594407127
2015-06-23,0.0007607232279418488
2015-06-24,-0.0062037053425413515
2015-06-25,-0.002518152149733542
2015-06-26,-0.0034135460590556327
2015-06-29,-0.02229072866737256
2015-06-30,0.002827279363828719
2015-07-01,0.00797721379687872
2015-07-02,-0.00031880689316266333
2015-07-06,-0.0025810292074920148
2015-07-07,0.004397842599374776
2015-07-08,-0.01709467249552904
2015-07-09,0.0006216696474177507
2015-07-10,0.013934967287392748
2015-07-13,0.014297341029194624
2015-07-14,0.005455365410500408
2015-07-15,0.00037812082638405864
2015-07-16,0.011078475770856293
2015-07-17,0.007794057701471515
2015-07-20,0.001975634295673059
2015-07-21,-0.0022828262628936087
2015-07-22,-0.006559557375510899
2015-07-23,-0.004679659706508438
2015-07-24,-0.010087914199316771
2015-07-27,-0.0070490715642109805
2015-07-28,0.010452591839812593
2015-07-29,0.005329175749251371
2015-07-30,0.0024942480609326106
2015-07-31,-0.0013389047611592048
2015-08-03,-0.003249697999177902
2015-08-04,-0.0019181459809199716
2015-08-05,0.005508121409201234
2015-08-06,-0.012111813977974482
2015-08-07,-0.0015933685206793347
2015-08-10,0.012010633212905939
2015-08-11,-0.010919979282670793
2015-08-12,0.0023239747085943094
2015-08-13,-0.00143647774816529
2015-08-14,0.0025911913194675237
2015-08-17,0.006956188252027582
2015-08-18,-0.004006066193549026
2015-08-19,-0.007245263653270487
2015-08-20,-0.02428800489809682
2015-08-21,-0.03690404193222547
2015-08-24,-0.040291738121452994
2015-08-25,-0.007762500425973384
2015-08-26,0.04437772763227109
2015-08-27,0.02503375564667538
2015-08-28,-6.967780411191909e-05
2015-08-31,-0.010240948179180098
2015-09-01,-0.030550237878619158
2015-09-02,0.0235922990059199
2015-09-03,-0.0020957330200434745
2015-09-04,-0.013516863727175954
2015-09-08,0.026660844719276648
2015-09-09,-0.012302790345817249
2015-09-10,0.008160808779295767
2015-09-11,0.005034473223576432
2015-09-14,-0.0033708444235015277
2015-09-15,0.012140322619979738
2015-09-16,0.00715056668272516
2015-09-17,-0.0009372132739974748
2015-09-18,-0.01528211177739216
2015-09-21,0.004149704159174517
2015-09-22,-0.013965047829693808
2015-09-23,-0.00041517419837853694
2015-09-24,-0.0036315507347093384
2015-09-25,-0.004368426543686234
2015-09-28,-0.026782880820966623
2015-09-29,-0.0023078732177110378
2015-09-30,0.02084029076248821
2015-10-01,0.0035647603761411214
2015-10-02,0.016224475260211122
2015-10-05,0.01606015889370898
2015-10-06,-0.004082699924649457
2015-10-07,0.007095319847326552
2015-10-08,0.00650125629378244
2015-10-09,0.0025614142418627665
2015-10-12,0.0016920263855189246
2015-10-13,-0.00638180104983747
2015-10-14,-0.003198070464514821
2015-10-15,0.015890204462905844
2015-10-16,0.004363201332975112
2015-10-19,0.0031129220733414806
2015-10-20,-0.0032139652673189665
2015-10-21,-0.006152512196603021
2015-10-22,0.018631117672202543
2015-10-23,0.019472482282446923
2015-10-26,-0.0009186975719675905
2015-10-27,5.2866733783601527e-05
2015-10-28,0.009843701533159437
2015-10-29,-0.001076539640312909
2015-10-30,-0.004394655240287393
2015-11-02,0.011562664882573865
2015-11-03,0.003194709254741937
2015-11-04,-0.0014732308922013328
2015-11-05,-0.0018467171759465942
2015-11-06,8.69191508694386e-05
2015-11-09,-0.009979833572623952
2015-11-10,-0.00012324995291504914
2015-11-11,-0.0025837132274052405
2015-11-12,-0.011841157013381298
2015-11-13,-0.015431946527142507
2015-11-16,0.014795664039891646
2015-11-17,-5.068380022275041e-05
2015-11-18,0.017530372326358692
2015-11-19,-7.930206759973062e-05
2015-11-20,0.005207833264433647
2015-11-23,-0.0020142851638644686
2015-11-24,0.00023150000434798203
2015-11-25,0.00036673799894793827
2015-11-27,0.001273906482691628
2015-11-30,-0.0033442116031062266
2015-12-01,0.009767142655360895
2015-12-02,-0.008185158049754407
2015-12-03,-0.015476786616627602
2015-12-04,0.021439320059098144
2015-12-07,-0.0052873180352997345
2015-12-08,-0.003316068163083606
2015-12-09,-0.011479559240985612
2015-12-10,0.003549377858330597
2015-12-11,-0.021198406431604186
2015-12-14,0.0063171666662818985
2015-12-15,0.008294440889983545
2015-12-16,0.014750884256466687
2015-12-17,-0.014901120998915178
2015-12-18,-0.01849850935141397
2015-12-21,0.009678570194512029
2015-12-22,0.007823682597881788
2015-12-23,0.00990432477412565
2015-12-24,-0.0009137911006535702
2015-12-28,-0.0014089776036959318
2015-12-29,0.013200329187388856
2015-12-30,-0.008049375812461445
2015-12-31,-0.011225823848496772
2016-01-04,-0.0175385861346494
2016-01-05,-2.1886668204353652e-05
2016-01-06,-0.011110015758194265
2016-01-07,-0.027652436763167025
2016-01-08,-0.009588557967512533
2016-01-11,0.0020331934344262194
2016-01-12,0.009833164927761108
2016-01-13,-0.029715017006929453
2016-01-14,0.018856012225506095
2016-01-15,-0.026251416025504182
2016-01-19,0.0017561926323924164
2016-01-20,-0.007941054618393738
2016-01-21,0.0032971007812485943
2016-01-22,0.024734911005579705
2016-01-25,-0.014978616938237219
2016-01-26,0.011321176429147484
2016-01-27,-0.017899404941829188
2016-01-28,0.009663963116441028
2016-01-29,0.022629725220224932
2016-02-01,0.0011637583954247572
2016-02-02,-0.019833690898621074
2016-02-03,0.0005989496264677176
2016-02-04,0.0007349446866952929
2016-02-05,-0.026888846430373245
2016-02-08,-0.014373934803895975
2016-02-09,-0.0015255977722299346
2016-02-10,0.0014894075228402731
2016-02-11,-0.007228094301624344
2016-02-12,0.01792118083324995
2016-02-16,0.01971221419844492
2016-02-17,0.019491297811681966
2016-02-18,-0.0077550962423152785
2016-02-19,0.0012460277320359542
2016-02-22,0.015357020859699581
2016-02-23,-0.0145446546767109
2016-02-24,0.007062674302782004
2016-02-25,0.01097993842584484
2016-02-26,-0.0017781284802005032
2016-02-29,-0.008417223768302003
2016-03-01,0.027802291950517685
2016-03-02,0.0024352673374588105
2016-03-03,0.0010149113506643644
2016-03-04,0.0018160856497211905
2016-03-07,-0.002676508252192663
2016-03-08,-0.009600857126531671
2016-03-09,0.005686286713205634
2016-03-10,-0.00036203798938724905
2016-03-11,0.01681103583504894
2016-03-14,0.0002041427412519044
2016-03-15,-0.001002341543277197
2016-03-16,0.0073483821243135496
2016-03-17,0.0028930616219101303
2016-03-18,0.0027483390876367167
2016-03-21,0.0026652092174846197
2016-03-22,0.0012621131477032017
2016-03-23,-0.007415457296987272
2016-03-24,-8.165029123741903e-05
2016-03-28,-0.00040367097383423603
2016-03-29,0.012654148236702441
2016-03-30,0.004628535573968756
2016-03-31,-0.0019447774816698004
2016-04-01,0.008717399287679513
2016-04-04,-0.0035218369896354443
2016-04-05,-0.009814728691438273
2016-04-06,0.013680523728428285
2016-04-07,-0.01316639383225991
2016-04-08,0.0009815993890804607
2016-04-11,-0.0030081460440367675
2016-04-12,0.0088458319768886
2016-04-13,0.011442622537700262
2016-04-14,6.906311184372505e-05
2016-04-15,-0.0018147430517089585
2016-04-18,0.006179517060024384
2016-04-19,-0.0014795489624023841
2016-04-20,0.0008835674764537611
2016-04-21,-0.0026440696078436758
2016-04-22,-0.007546358330778956
2016-04-25,-0.0008614408370034729
2016-04-26,-0.0016886770821322734
2016-04-27,-0.002981942441423198
2016-04-28,-0.010579902321465084
2016-04-29,-0.005334105823719418
2016-05-02,0.008703647350401243
2016-05-03,-0.00898959998906038
2016-05-04,-0.006005082573747926
2016-05-05,-0.00024028294691239493
2016-05-06,0.004495828587992955
2016-05-09,0.0018338047787083017
2016-05-10,0.013064304615760755
2016-05-11,-0.009196087028800388
2016-05-12,-0.002064259947161151
2016-05-13,-0.006198869016168671
2016-05-16,0.011188949945302597
2016-05-17,-0.010939173467176194
2016-05-18,0.0019475241492360317
2016-05-19,-0.004330215264163266
2016-05-20,0.008666471989453592
2016-05-23,-0.0013388610442106874
2016-05-24,0.016497177132549137
2016-05-25,0.006987272758177802
2016-05-26,0.0016081914487828437
2016-05-27,0.004750796436783742
2016-05-31,2.0989306270156275e-06
2016-06-01,0.0010697651327772743
2016-06-02,0.0025641709299916837
2016-06-03,-0.0038447795406102965
2016-06-06,0.004361488497786081
2016-06-07,-0.0004866992676986093
2016-06-08,0.002491932175550854
2016-06-09,-0.0014983142006918856
2016-06-10,-0.010410743643664771
2016-06-13,-0.008032308366411363
2016-06-14,-0.0009836567837116343
2016-06-15,-0.0021318523454339293
2016-06-16,0.0029775310667890455
2016-06-17,-0.0077224808262239845
2016-06-20,0.00636586045437325
2016-06-21,0.0030056518810191034
2016-06-22,-0.002024785945862443
2016-06-23,0.01364459002776432
2016-06-24,-0.038548322657272496
2016-06-27,-0.01887923358966523
2016-06-28,0.019974702643808948
2016-06-29,0.017368829984303648
2016-06-30,0.012607966858861723
2016-07-01,0.003560807951049738
2016-07-05,-0.006649682695837381
2016-07-06,0.007094776528765757
2016-07-07,0.001167227892887918
2016-07-08,0.015178649465628349
2016-07-11,0.004619441019711847
2016-07-12,0.006155650018945021
2016-07-13,-0.0012806006292171664
2016-07-14,0.006208358236266234
2016-07-15,-0.0014745364985990122
2016-07-18,0.0046530411767938306
2016-07-19,-0.0023298047683464685
2016-07-20,0.007922843267989185
2016-07-21,-0.0030344526565055426
2016-07-22,0.004318955598428769
2016-07-25,-0.0013141463896127624
2016-07-26,0.0008027794759520326
2016-07-27,0.002940931281225995
2016-07-28,0.0023225295133354833
2016-07-29,0.0018944223489757539
2016-08-01,0.002232320453365847
2016-08-02,-0.007001854633857888
2016-08-03,0.0031141678054096436
2016-08-04,0.0019626852138975802
2016-08-05,0.008887399601771467
2016-08-08,-0.0008547180581053382
2016-08-09,0.001455556389468904
2016-08-10,-0.0025205389514633613
2016-08-11,0.004464199395213191
2016-08-12,-9.302515385929867e-05
2016-08-15,0.0035752558656636756
2016-08-16,-0.005340307070985227
2016-08-17,0.0018376626030244111
2016-08-18,0.0012497352536294656
2016-08-19,-0.0008588412568817635
2016-08-22,0.0003607636891566911
2016-08-23,0.0019014502991892208
2016-08-24,-0.0057897525015958755
2016-08-25,-0.0011576559489394947
2016-08-26,-0.00021267941921971852
2016-08-29,0.0031471850921432586
2016-08-30,-0.002449124639483719
2016-08-31,-0.001936628026643287
2016-09-01,0.0013111271197327105
2016-09-02,0.0038816440262990633
2016-09-06,0.00462747818026453
2016-09-07,0.00025159444807941407
2016-09-08,-0.004067155331787696
2016-09-09,-0.024549662139601067
2016-09-12,0.016142705435338824
2016-09-13,-0.011657918044770387
2016-09-14,0.002197763688889663
2016-09-15,0.012765934156273332
2016-09-16,-0.00217134203729388
2016-09-19,-0.002080432248947518
2016-09-20,0.0009653809074000735
2016-09-21,0.010537422104006131
2016-09-22,0.007128610665533681
2016-09-23,-0.005930460554144106
2016-09-26,-0.00823440381623073
2016-09-27,0.008047028190195291
2016-09-28,0.0033255711617857656
2016-09-29,-0.008146364694648769
2016-09-30,0.007506957165416796
2016-10-03,-0.0019179478880036634
2016-10-04,-0.003308008745811099
2016-10-05,0.003986715499308499
2016-10-06,9.513659156538799e-05
2016-10-07,-0.0028096145401113777
2016-10-10,0.005769615312556051
2016-10-11,-0.013444414437958636
2016-10-12,0.0002304177821951221
2016-10-13,-0.0034261665247058036
2016-10-14,0.000856450070231176
2016-10-17,-0.003101911205400508
2016-10-18,0.007582472769078492
2016-10-19,0.001291109083351419
2016-10-20,-0.0015273571429436409
2016-10-21,0.0021028346647457515
2016-10-24,0.008135592914472805
2016-10-25,-0.003264245512646921
2016-10-26,-0.004401756770108738
2016-10-27,-0.003614350349019969
2016-10-28,-0.004617201099419935
2016-10-31,-0.0004463289085034892
2016-11-01,-0.00738369968522426
2016-11-02,-0.007014068168672824
2016-11-03,-0.007194080436250355
2016-11-04,-0.0023043085172388122
2016-11-07,0.022906993711458046
2016-11-08,0.0055181068138841615
2016-11-09,0.007606355288801558
2016-11-10,-0.006826932938198153
2016-11-11,-0.0009365335481949659
2016-11-14,-0.004658949837490662
2016-11-15,0.010836655660814116
2016-11-16,0.0020294342506771324
2016-11-17,0.006205621932982107
2016-11-18,-0.00298707911413366
2016-11-21,0.00897532616143726
2016-11-22,0.0024948810971688246
2016-11-23,-0.0017466095838176285
2016-11-25,0.0034622814340548474
2016-11-28,-0.0034836335218519886
2016-11-29,0.0027046253838458687
2016-11-30,-0.007253090182159764
2016-12-01,-0.010476064208675737
2016-12-02,0.0012465143803901436
2016-12-05,0.006893842230114842
2016-12-06,0.0027842198923163073
2016-12-07,0.012871826587818387
2016-12-08,0.0021111895521513605
2016-12-09,0.006942155180202911
2016-12-12,-0.0028334853765604917
2016-12-13,0.00964172703012553
2016-12-14,-0.005164868839707743
2016-12-15,0.002848972168757144
2016-12-16,-0.0028314438141749413
2016-12-19,0.0031372350294837197
2016-12-20,0.0038440474153290027
2016-12-21,-0.0017645661921342056
2016-12-22,-0.002274940399293499
2016-12-23,0.0010651682556527314
2016-12-27,0.0038195188269801944
2016-12-28,-0.008022562686035708
2016-12-29,-0.0008202575762281057
2016-12-30,-0.006965013284725088
2017-01-03,0.008298295634484424
2017-01-04,0.005693426076269471
2017-01-05,0.00243171345091222
2017-01-06,0.006173632551650502
2017-01-09,-1.0259033852411418e-05
2017-01-10,0.001103630398700996
2017-01-11,0.0027589659793376764
2017-01-12,-0.002027628533874855
2017-01-13,0.002858473952778176
2017-01-17,-0.0032637718327589212
2017-01-18,0.002123092616469908
2017-01-19,-0.002096251128965446
2017-01-20,0.002934833331586759
2017-01-23,-0.0008952576387342688
2017-01-24,0.006570045639599356
2017-01-25,0.009360908826241719
2017-01-26,-4.381723808028729e-06
2017-01-27,0.00017072809362992302
2017-01-30,-0.006996044922816634
2017-01-31,-0.0010452838744784208
2017-02-01,0.0036497629768476054
2017-02-02,-0.00010925878527752708
2017-02-03,0.004882976907491176
2017-02-06,-0.00029724834890700145
2017-02-07,0.0018498414720858022
2017-02-08,0.0014866474036643634
2017-02-09,0.004784426639366495
2017-02-10,0.0036270526680183953
2017-02-13,0.005547502494223041
2017-02-14,0.0036762878479684336
2017-02-15,0.005566539353468861
2017-02-16,-0.0005804584870154672
2017-02-17,0.0029544322523630054
2017-02-21,0.005442916272372927
2017-02-22,-0.00025226592181878135
2017-02-23,-0.0015389755459513381
2017-02-24,0.0015958840714753288
2017-02-27,0.0013957397431437729
2017-02-28,-0.0028831293608883386
2017-03-01,0.012459305727849514
2017-03-02,-0.005659391467650184
2017-03-03,0.0012325736089540847
2017-03-06,-0.002595658746319898
2017-03-07,-0.0023351153602859717
2017-03-08,-4.7027542247485895e-05
2017-03-09,0.0010164484256380204
2017-03-10,0.0038541392009230034
2017-03-13,0.0010896061247100577
2017-03-14,-0.003129023819035454
2017-03-15,0.00741151282147154
2017-03-16,-0.0013241043010278884
2017-03-17,-0.0010528570945576212
2017-03-20,-9.253473369257042e-05
2017-03-21,-0.014006817359440711
2017-03-22,0.004566331320513587
2017-03-23,-0.0017959906350809329
2017-03-24,0.0006723226183044542
2017-03-27,0.0002905311247809098
2017-03-28,0.006695749392501256
2017-03-29,0.002784200260010661
2017-03-30,0.0024239550267351907
2017-03-31,-0.0015035396527967521
2017-04-03,-0.0011715858968498565
2017-04-04,0.001112193585444675
2017-04-05,-0.0035239089167790217
2017-04-06,0.0016708460383472628
2017-04-07,-0.0007748834536749976
2017-04-10,0.0004873257143955484
2017-04-11,-0.0027538220633570197
2017-04-12,-0.004206876599478608
2017-04-13,-0.005233616109779516
2017-04-17,0.008571160803296368
2017-04-18,-0.0022526893509337634
2017-04-19,-0.00011932844679280266
2017-04-20,0.00825234174573476
2017-04-21,-0.0017064006437409742
2017-04-24,0.011533654736264609
2017-04-25,0.006524502122248629
2017-04-26,-0.0010174684798452552
2017-04-27,0.003420943117801277
2017-04-28,-0.0002058945757923555
2017-05-01,0.005708989046020949
2017-05-02,0.0010267052821824401
2017-05-03,-0.002207980587358606
2017-05-04,0.0007692642268003612
2017-05-05,0.0037927689562572567
2017-05-08,0.0010073974639828631
2017-05-09,0.0012821327242668273
2017-05-10,0.00118711133440397
2017-05-11,-0.0014190021216161023
2017-05-12,0.00028530311838834827
2017-05-15,0.004349377954554395
2017-05-16,0.0016279016403615656
2017-05-17,-0.021585219362071802
2017-05-18,0.006387217416345115
2017-05-19,0.0053647451711949295
2017-05-22,0.0067463990486189215
2017-05-23,0.0016101187640556183
2017-05-24,0.0034662284409897
2017-05-25,0.006646339141410988
2017-05-26,0.0007830011284243118
2017-05-30,-9.180043012492294e-06
2017-05-31,-0.0003012927701721533
2017-06-01,0.005922578431046825
2017-06-02,0.007375156081742645
2017-06-05,-0.00047329057008766877
2017-06-06,-0.0035854500390067427
2017-06-07,0.00288503383715015
2017-06-08,0.0007692472427749108
2017-06-09,-0.013261630074434446
2017-06-12,-0.0027817821305152106
2017-06-13,0.006503168159499641
2017-06-14,-0.0028068753931129982
2017-06-15,-0.003180584490182173
2017-06-16,-0.002060086890840931
2017-06-19,0.012523252563252239
2017-06-20,-0.007287744817014882
2017-06-21,0.004827794286926371
2017-06-22,-0.0003685961727772565
2017-06-23,0.0025162907802316866
2017-06-26,-0.0020075561757332498
2017-06-27,-0.013097624778587846
2017-06-28,0.011683686945220335
2017-06-29,-0.013071690772757941
2017-06-30,0.0011140251948848425
2017-07-03,-0.004419641449114823
2017-07-05,0.006075905841799344
2017-07-06,-0.00908056237740478
2017-07-07,0.008635634578254673
2017-07-10,0.00380325856071906
2017-07-11,0.0010348517853717267
2017-07-12,0.009690605568682
2017-07-13,0.0019418908134934175
2017-07-14,0.006268021281763803
2017-07-17,0.00018496092520165652
2017-07-18,0.0036055656269733055
2017-07-19,0.00564097720595099
2017-07-20,0.0008824658631940809
2017-07-21,-0.0006532214153994109
2017-07-24,0.0021684903766197817
2017-07-25,-6.236247969929076e-05
2017-07-26,0.001647476122814778
2017-07-27,-0.0036051431175613143
2017-07-28,-0.0010037512033073189
2017-07-31,-0.002404029222098175
2017-08-01,0.002266659555157333
2017-08-02,0.001600917230828194
2017-08-03,-0.0029149207078157696
2017-08-04,0.0018175336582537454
2017-08-07,0.004096832305961375
2017-08-08,-0.002094924250184386
2017-08-09,-0.000678587575226721
2017-08-10,-0.017777817325724737
2017-08-11,0.00453188103869075
2017-08-14,0.011395612329458538
2017-08-15,0.0002864557726939647
2017-08-16,0.00174026483580903
2017-08-17,-0.018018749390530928
2017-08-18,-0.0011354279956785718
2017-08-21,-0.0002458676098504011
2017-08-22,0.012850045706781029
2017-08-23,-0.0035734413876727616
2017-08-24,-0.0026368066489245346
2017-08-25,0.00011360920523833
2017-08-28,0.0015700159920210683
2017-08-29,0.0025385239219312523
2017-08-30,0.008244333613638372
2017-08-31,0.008365572655512247
2017-09-01,2.311810138732088e-05
2017-09-05,-0.008077246632760262
2017-09-06,0.0032272528365096687
2017-09-07,0.001110605205892692
2017-09-08,-0.004917831529861351
2017-09-11,0.011088289426417718
2017-09-12,0.0028851215276267314
2017-09-13,0.0009238068654294123
2017-09-14,-0.003096787861115403
2017-09-15,0.002390975250171127
2017-09-18,0.00040804647820799774
2017-09-19,0.0013592241023106983
2017-09-20,-0.0013631293174333414
2017-09-21,-0.004401252962155853
2017-09-22,-0.0003845517501829131
2017-09-25,-0.006288213524155524
2017-09-26,0.001596721764379413
2017-09-27,0.006452432227569447
2017-09-28,0.0004268227044375949
2017-09-29,0.005358236041270706
2017-10-02,0.002616229668057566
2017-10-03,0.0021349398526976354
2017-10-04,0.0010730020365883372
2017-10-05,0.007858759821157383
2017-10-06,0.00010866554889251681
2017-10-09,-0.001401196700996499
2017-10-10,0.0016920213930318735
2017-10-11,0.0022760966408844957
2017-10-12,-0.0016568739443685102
2017-10-13,0.0025371960290031985
2017-10-16,0.0023859662107151352
2017-10-17,0.000990681482269597
2017-10-18,-0.00011443185857233499
2017-10-19,-0.0017103796702472155
2017-10-20,0.003928372656370937
2017-10-23,-0.0052059307521008374
2017-10-24,0.0017247529814054803
2017-10-25,-0.004367296009503376
2017-10-26,-0.0009476649070667471
2017-10-27,0.0186499797769078
2017-10-30,-0.0007385584011022029
2017-10-31,0.0026591618715611277
2017-11-01,0.0004967838681437966
2017-11-02,-0.0007590370691798342
2017-11-03,0.006477993988818593
2017-11-06,0.002470216231559453
2017-11-07,-5.499656925030225e-05
2017-11-08,0.0028647453589958167
2017-11-09,-0.004435129027648429
2017-11-10,-0.0001874560952560464
2017-11-13,0.0010830449621366937
2017-11-14,-0.0029808748223610036
2017-11-15,-0.00485084440538445
2017-11-16,0.010640072942287353
2017-11-17,-0.0033782005172258607
2017-11-20,0.00046357402642208817
2017-11-21,0.008699480808627157
2017-11-22,0.00016849734298115312
2017-11-24,0.0029854222025535847
2017-11-27,-0.00047365025098345336
2017-11-28,0.006352946500542753
2017-11-29,-0.009021087797383346
2017-11-30,0.008569380809492112
2017-12-01,-0.0031645814889433035
2017-12-04,-0.0063659502913658746
2017-12-05,-0.0014708596216896196
2017-12-06,0.002352746000423672
2017-12-07,0.0032701142823919546
2017-12-08,0.004934047813753702
2017-12-11,0.005385057637413778
2017-12-12,0.0002089847449869292
2017-12-13,0.0009072132246527523
2017-12-14,-0.002395587858294394
2017-12-15,0.009840968508483362
2017-12-18,0.007362663011409436
2017-12-19,-0.0048826510350238285
2017-12-20,-0.0008010922882459537
2017-12-21,0.0010932937418849634
2017-12-22,-0.0007021599937771261
2017-12-26,-0.003298674805404204
2017-12-27,0.0003069878729717412
2017-12-28,0.0016357342818744576
2017-12-29,-0.004979945199354139
2018-01-02,0.0123422175582104
2018-01-03,0.008020800344316402
2018-01-04,0.0029823583592950686
2018-01-05,0.00835376736323049
2018-01-08,0.0028597378937609756
2018-01-09,0.0011622924098651788
2018-01-10,-0.0019336572813030868
2018-01-11,0.007070267964497234
2018-01-12,0.006933835716900826
2018-01-16,-0.003137787456275619
2018-01-17,0.010161521177342772
2018-01-18,-0.0007497797581954379
2018-01-19,0.003842544576713155
2018-01-22,0.009416061881469588
2018-01-23,0.005195321488214522
2018-01-24,-0.0034389041219598107
2018-01-25,3.3653087771808374e-05
2018-01-26,0.01345163207023626
2018-01-29,-0.005742865759056796
2018-01-30,-0.009243666216949015
2018-01-31,0.0023228418991431818
2018-02-01,-0.0048177375607045166
2018-02-02,-0.02085770842462322
2018-02-05,-0.04062436495353783
2018-02-06,0.023100524264256544
2018-02-07,-0.009181596004933987
2018-02-08,-0.03985187292966516
2018-02-09,0.016145610057769343
2018-02-12,0.016214590055586266
2018-02-13,0.003824746683984255
2018-02-14,0.016109632320360837
2018-02-15,0.01566237068934311
2018-02-16,-0.0020867078409360085
2018-02-20,-0.0021301967233927424
2018-02-21,-0.003908542369415017
2018-02-22,0.0005870291054511069
2018-02-23,0.018194528042956598
2018-02-26,0.012435951924231312
2018-02-27,-0.012434540618005106
2018-02-28,-0.008273614917382491
2018-03-01,-0.015433787907776502
2018-03-02,0.007167573296241898
2018-03-05,0.011321515352678637
2018-03-06,0.003382547316438271
2018-03-07,0.0009739014924846749
2018-03-08,0.005172391343084488
2018-03-09,0.018414846688346136
2018-03-12,0.0020291596021000296
2018-03-13,-0.010038827304672107
2018-03-14,-0.0026527292943018463
2018-03-15,-0.0009820800784577192
2018-03-16,-0.0009443336736994998
2018-03-19,-0.017433279430426368
2018-03-20,0.0024961713130642496
2018-03-21,-0.003137162160298751
2018-03-22,-0.024839691090398495
2018-03-23,-0.023832798487397867
2018-03-26,0.03225878857171017
2018-03-27,-0.02468613017304503
2018-03-28,-0.0072290490964089064
2018-03-29,0.015546126128399623
2018-04-02,-0.02521809872645068
2018-04-03,0.012035157940192723
2018-04-04,0.013234755520555551
2018-04-05,0.006794341931227672
2018-04-06,-0.023654622757375315
2018-04-09,0.005975568268491618
2018-04-10,0.018981816268305467
2018-04-11,-0.005505670017163854
2018-04-12,0.010134381435922562
2018-04-13,-0.004055869653610858
2018-04-16,0.007921897173217271
2018-04-17,0.016111828099562114
2018-04-18,0.0013936638745503025
2018-04-19,-0.0073700035573338474
2018-04-20,-0.012152954811966401
2018-04-23,-0.0013381203251304013
2018-04-24,-0.017327462162327723
2018-04-25,0.0018354266960525418
2018-04-26,0.015609133745424799
2018-04-27,0.0007780672413573081
2018-04-30,-0.007392551451987121
2018-05-01,0.006604806694995661
2018-05-02,-0.006307657396583666
2018-05-03,-0.0011635342585345019
2018-05-04,0.01596019890556509
2018-05-07,0.0058464501145085186
2018-05-08,-0.0005113355163233993
2018-05-09,0.010282590040511144
2018-05-10,0.009857244611781342
2018-05-11,0.0010542003935844224
2018-05-14,0.0010938597730746683
2018-05-15,-0.008981047591191827
2018-05-16,0.005408763516839686
2018-05-17,-0.0023457618505454457
2018-05-18,-0.003834222025942134
2018-05-21,0.006566026653494751
2018-05-22,-0.002043263316319556
2018-05-23,0.005597073008603445
2018-05-24,-0.0011716326957919444
2018-05-25,-0.0006901517770626347
2018-05-29,-0.007960013614359803
2018-05-30,0.010253027691153434
2018-05-31,-0.0033862280943337095
2018-06-01,0.01275849592676995
2018-06-04,0.006890996293626056
2018-06-05,0.00191309823252852
2018-06-06,0.0070970997701752525
2018-06-07,-0.004119808704967046
2018-06-08,0.0015071274835605933
2018-06-11,0.002011904397247346
2018-06-12,0.00327628606025296
2018-06-13,-0.0016239345847352835
2018-06-14,0.006320879208426159
2018-06-15,-0.00238354704348674
2018-06-18,-0.0013170872607367338
2018-06-19,-0.003332815841610967
2018-06-20,0.0044042342307153174
2018-06-21,-0.0074787952150733375
2018-06-22,-0.00019798029161849167
2018-06-25,-0.018071528089104377
2018-06-26,0.0031495174274425095
2018-06-27,-0.010941856116891167
2018-06-28,0.007159808130732821
2018-06-29,0.002063110049828123
2018-07-02,0.004418988738523273
2018-07-03,-0.007552531223741766
2018-07-05,0.01028484315336841
2018-07-06,0.012007453566542432
2018-07-09,0.009000702174167662
2018-07-10,0.0021659990818538918
2018-07-11,-0.006195018840832369
2018-07-12,0.013149013808460334
2018-07-13,0.0008114600271312566
2018-07-16,-0.0016442384498680967
2018-07-17,0.005064578649231362
2018-07-18,0.00010856720171600952
2018-07-19,-0.004386498029537697
2018-07-20,-0.0006832243656371152
2018-07-23,0.002521657017065178
2018-07-24,0.00457675142780657
2018-07-25,0.01124971654325864
2018-07-26,-0.008755395403265599
2018-07-27,-0.0101362184377292
2018-07-30,-0.009677536126109604
2018-07-31,0.006291202440465377
2018-08-01,0.001062911013531047
2018-08-02,0.009527220660000333
2018-08-03,0.003674127425420232
2018-08-06,0.004777036839951422
2018-08-07,0.0034727696392368884
2018-08-08,0.00039493779911942806
2018-08-09,-0.0009851747907762226
2018-08-10,-0.007170596100780366
2018-08-13,-0.002425655268934056
2018-08-14,0.00632364614190509
2018-08-15,-0.009851246557947009
2018-08-16,0.005691785667236476
2018-08-17,0.0018713510109397524
2018-08-20,0.0006252591673535678
2018-08-21,0.0030089378139928884
2018-08-22,0.0016436946751391536
2018-08-23,-0.0013818005977865224
2018-08-24,0.007655150553544682
2018-08-27,0.009044151286569123
2018-08-28,0.0009739664780562278
2018-08-29,0.008459251505050055
2018-08-30,-0.002907803484995185
2018-08-31,0.0006610809862298498
2018-09-04,-0.0030042367102316283
2018-09-05,-0.00780249394075089
2018-09-06,-0.005974992864432645
2018-09-07,-0.0028967592253622606
2018-09-10,0.0025536005507793766
2018-09-11,0.005500636100862493
2018-09-12,-0.001353671337869761
2018-09-13,0.008297499665845427
2018-09-14,-0.001377084892698051
2018-09-17,-0.009848618568511542
2018-09-18,0.006849022242677304
2018-09-19,0.0001500318269976446
2018-09-20,0.00957986940082713
2018-09-21,-0.003190755700432273
2018-09-24,-0.00027046622445646234
2018-09-25,0.00021575903454884154
2018-09-26,-0.0011428871827224205
2018-09-27,0.005630145463836115
2018-09-28,-5.625540721156281e-05
2018-10-01,0.0027597435693920997
2018-10-02,-0.0014193803313356595
2018-10-03,0.0008125725877212706
2018-10-04,-0.013506915224365142
2018-10-05,-0.008912009872160627
2018-10-08,-0.003053151898648502
2018-10-09,0.0008899129764322489
2018-10-10,-0.03782135299195949
2018-10-11,-0.01721463083717697
2018-10-12,0.020859370411178343
2018-10-15,-0.008860606170836009
2018-10-16,0.025478921007611045
2018-10-17,0.0002868905884810312
2018-10-18,-0.01881164440449672
2018-10-19,-0.0007334156651090033
2018-10-22,0.0003275434040484631
2018-10-23,-0.00438540682458497
2018-10-24,-0.03803263906723478
2018-10-25,0.026268133439169436
2018-10-26,-0.021654715735232033
2018-10-29,-0.013060803905665263
2018-10-30,0.015649360750654612
2018-10-31,0.01709300747250508
2018-11-01,0.011916279370610313
2018-11-02,-0.01074958303025063
2018-11-05,0.0015185317261459611
2018-11-06,0.006952103410649854
2018-11-07,0.02638792125364763
2018-11-08,-0.004096648051800591
2018-11-09,-0.013310075600175211
2018-11-12,-0.02447217627504248
2018-11-13,-0.0005146149501114165
2018-11-14,-0.007233000342530306
2018-11-15,0.01396510655135863
2018-11-16,-0.0004544315517884636
2018-11-19,-0.024696105484155996
2018-11-20,-0.018200363689718273
2018-11-21,0.005504965052577788
2018-11-23,-0.006955957715316747
2018-11-26,0.01962905003804248
2018-11-27,0.0033706567735070254
2018-11-28,0.027604106817427657
2018-11-29,-0.0027226098791653564
2018-11-30,0.0066753027850435034
2018-12-03,0.015359125257231477
2018-12-04,-0.03537972233802422
2018-12-06,0.0027714147218278924
2018-12-07,-0.028125936307415687
2018-12-10,0.006184739830903842
2018-12-11,0.0017694760824547209
2018-12-12,0.006918330515013567
2018-12-13,-1.7948136221935992e-05
2018-12-14,-0.02140686670623284
2018-12-17,-0.021138857456690308
2018-12-18,0.0025958740321333417
2018-12-19,-0.019765311883324723
2018-12-20,-0.015386838034641971
2018-12-21,-0.025741456756545475
2018-12-24,-0.025610400131381387
2018-12-26,0.05648189987304526
2018-12-27,0.005773513291034416
2018-12-28,-0.000906567753417235
2018-12-31,0.00859618482426366
2019-01-02,0.0025296439045634856
2019-01-03,-0.028266422449363077
2019-01-04,0.038139878149923714
2019-01-07,0.00989507844907607
2019-01-08,0.009220559500215861
2019-01-09,0.006411520034612182
2019-01-10,0.003193967196605585
2019-01-11,-0.0016359265429029114
2019-01-14,-0.007468777192238654
2019-01-15,0.015493525318878001
2019-01-16,0.0011176893744027376
2019-01-17,0.007735411805767587
2019-01-18,0.011605091626196367
2019-01-22,-0.016770456324753248
2019-01-23,0.0016948131772053952
2019-01-24,0.003503361793277333
2019-01-25,0.010204955662729321
2019-01-28,-0.009976207552272203
2019-01-29,-0.005384235918704537
2019-01-30,0.02063443715012446
2019-01-31,0.01187530564657387
2019-02-01,-0.0018701848877834908
2019-02-04,0.009728268430027224
2019-02-05,0.0065203704192293484
2019-02-06,-0.0021504480335073884
2019-02-07,-0.011481006639736398
2019-02-08,0.0015913062173396495
2019-02-11,-0.00019699179469832617
2019-02-12,0.013822671239812954
2019-02-13,0.0019746165574849026
2019-02-14,-0.000495073061243183
2019-02-15,0.00755133315283452
2019-02-19,0.0018538010966211442
2019-02-20,0.0009208854185524368
2019-02-21,-0.0036068793615603046
2019-02-22,0.006800351221544569
2019-02-25,0.0025022643260072426
2019-02-26,0.00016086058344884992
2019-02-27,-0.0005313171021715255
2019-02-28,-0.0020834328168107532
2019-03-01,0.006586284579715112
2019-03-04,-0.0017328783527329708
2019-03-05,-0.00030724107694204934
2019-03-06,-0.0058643470863234005
2019-03-07,-0.01031888011409451
2019-03-08,-0.0017581735986479138
2019-03-11,0.01764934155091449
2019-03-12,0.004632866085746686
2019-03-13,0.0070663895703969425
2019-03-14,-0.001167552049489653
2019-03-15,0.007110570020527304
2019-03-18,0.00300384743327415
2019-03-19,0.0018049761909222268
2019-03-20,0.00047791500618885496
2019-03-21,0.013463232880996222
2019-03-22,-0.020605364073596262
2019-03-25,-0.0013278433257670023
2019-03-26,0.006055280608744805
2019-03-27,-0.00582574048210719
2019-03-28,0.0030477265875183935
2019-03-29,0.006938231828088063
2019-04-01,0.012553116748294773
2019-04-02,0.00214034725257001
2019-04-03,0.003659698443518042
2019-04-04,0.001136272005714419
2019-04-05,0.00500589473712581
2019-04-08,0.0016535286763241022
2019-04-09,-0.004317970906621149
2019-04-10,0.0043888600486017984
2019-04-11,-0.0013250072922139726
2019-04-12,0.0055448202553531395
2019-04-15,-0.00024671138400829434
2019-04-16,0.0020492549482589136
2019-04-17,0.0005191422738292991
2019-04-18,0.0016259795500245472
2019-04-22,0.0018451467890283082
2019-04-23,0.010854909612686637
2019-04-24,-0.0026863079618942628
2019-04-25,0.0017216165509110534
2019-04-26,0.0027749275873044385
2019-04-29,0.0017539493715732699
2019-04-30,-0.0036186572305240577
2019-05-01,-0.005367520785703368
2019-05-02,-0.003249572149881425
2019-05-03,0.012867895377011981
2019-05-06,-0.005118650598176116
2019-05-07,-0.01808958053069136
2019-05-08,-0.0019564931151336514
2019-05-09,-0.004204389329802219
2019-05-10,0.0031340187167638953
2019-05-13,-0.02991641175296336
2019-05-14,0.010009488872777236
2019-05-15,0.009990851180822652
2019-05-16,0.009655516834552761
2019-05-17,-0.00834253613560225
2019-05-20,-0.011746974851737098
2019-05-21,0.009731597163105798
2019-05-22,-0.003763242768095765
2019-05-23,-0.013760210093927944
2019-05-24,0.0008818308505094951
2019-05-28,-0.006530723760897998
2019-05-29,-0.007468254435148307
2019-05-30,0.003467572016480117
2019-05-31,-0.014714228122756544
2019-06-03,-0.012280411649142396
2019-06-04,0.024931827488274903
2019-06-05,0.00804728725798436
2019-06-06,0.007223698820601714
2019-06-07,0.014659647803589351
2019-06-10,0.00812205422533556
2019-06-11,0.0005612632587370178
2019-06-12,-0.003772526526234519
2019-06-13,0.005024718569743942
2019-06-14,-0.002678971995550967
2019-06-17,0.0032016010487397628
2019-06-18,0.012501234927481147
2019-06-19,0.003006154124401167
2019-06-20,0.009426762955657086
2019-06-21,-0.0014679452277029936
2019-06-24,-0.0005964352105524484
2019-06-25,-0.01348709302869926
2019-06-26,0.0018265241479197153
2019-06-27,0.0036838545093396003
2019-06-28,0.0032163554417487055
2019-07-01,0.011286440374466078
2019-07-02,0.003283492287955234
2019-07-03,0.0077606474189307485
2019-07-05,-0.0015875138728944607
2019-07-08,-0.0062546156509912035
2019-07-09,0.0031273959826234043
2019-07-10,0.007371636262210533
2019-07-11,0.0008085920057093166
2019-07-12,0.005122729149258499
2019-07-15,0.0017681486159751532
2019-07-16,-0.004188005516092171
2019-07-17,-0.005861497158992681
2019-07-18,0.0024025244700828755
2019-07-19,-0.006441020647678895
2019-07-22,0.005206941909722386
2019-07-23,0.006847120586226822
2019-07-24,0.0058588066123633886
2019-07-25,-0.007128505200219135
2019-07-26,0.008497647697322164
2019-07-29,-0.002626100396920669
2019-07-30,-0.0033854187668823166
2019-07-31,-0.012385392535828824
2019-08-01,-0.006839577902157612
2019-08-02,-0.011127284271514108
2019-08-05,-0.03270415345589182
2019-08-06,0.01401088979053424
2019-08-07,0.0029965712258421227
2019-08-08,0.020691976591879987
2019-08-09,-0.008106913671827176
2019-08-12,-0.011823931207641433
2019-08-13,0.01873316978646078
2019-08-14,-0.02972639358687313
2019-08-15,0.0007466593994100251
2019-08-16,0.015402560323933064
2019-08-19,0.013976080470675088
2019-08-20,-0.007705181805080145
2019-08-21,0.008506748532793589
2019-08-22,-0.0017705824587234825
2019-08-23,-0.02866669146775056
2019-08-26,0.013081308633047416
2019-08-27,-0.003016744946883464
2019-08-28,0.005310003969202222
2019-08-29,0.014031295021504329
2019-08-30,-0.0014193501014320867
2019-09-03,-0.0077777406815989734
2019-09-04,0.012892997313979622
2019-09-05,0.015587295814043986
2019-09-06,-0.00010937635574807158
2019-09-09,-0.0007921120380298885
2019-09-10,-0.0015556975565858655
2019-09-11,0.00825017500986649
2019-09-12,0.0038105588856183247
2019-09-13,-0.002117491722277006
2019-09-16,-0.0037777084343099945
2019-09-17,0.003665964057276245
2019-09-18,9.138768066458466e-05
2019-09-19,0.0007979309692976805
2019-09-20,-0.00765179720584825
2019-09-23,0.00010299480358503521
2019-09-24,-0.01056374897915752
2019-09-25,0.008569937161161756
2019-09-26,-0.0028827708295568193
2019-09-27,-0.008898143666387755
2019-09-30,0.007077536085845729
2019-10-01,-0.010025393177387258
2019-10-02,-0.017429617396395997
2019-10-03,0.00958386718016711
2019-10-04,0.01412888726348198
2019-10-07,-0.0036668035434414365
2019-10-08,-0.015252668996666354
2019-10-09,0.009628882190125202
2019-10-10,0.007254092130720571
2019-10-11,0.011622842791614196
2019-10-14,-0.000609177527074789
2019-10-15,0.011308375212174256
2019-10-16,-0.0020430249637203644
2019-10-17,0.0027953600253484857
2019-10-18,-0.006993383624276777
2019-10-21,0.007823580415360541
2019-10-22,-0.005614747275350536
2019-10-23,0.0024190421522537354
2019-10-24,0.005681282773537288
2019-10-25,0.006040455921014981
2019-10-28,0.007750788850007854
2019-10-29,-0.004020500384723244
2019-10-30,0.003956721153333937
2019-10-31,-0.0011033657960230097
2019-11-01,0.009173298115757757
2019-11-04,0.0051014300993762664
2019-11-05,-0.00027842409885615464
2019-11-06,-0.0010095680129579307
2019-11-07,0.0034351365923478987
2019-11-08,0.003228951741172587
2019-11-11,-0.0016258744474856347
2019-11-12,0.0024971041161184135
2019-11-13,0.00028595852735079997
2019-11-14,0.00033103115843326414
2019-11-15,0.007291839210560626
2019-11-18,0.0007631995400908015
2019-11-19,0.0005942867483488298
2019-11-20,-0.00485900897583698
2019-11-21,-0.001917178071100329
2019-11-22,0.0014340489039626864
2019-11-25,0.009795949728810021
2019-11-26,0.002087663039423874
2019-11-27,0.005723223380436786
2019-11-29,-0.004135348514014061
2019-12-02,-0.009366960877863768
2019-12-03,-0.0072693206030733405
2019-12-04,0.005617151339647395
2019-12-05,0.0018870048171426052
2019-12-06,0.009916430116752348
2019-12-09,-0.0038404054910228793
2019-12-10,-0.0009740099318158813
2019-12-11,0.004067614127617025
2019-12-12,0.008041484353669463
2019-12-13,0.0019458588378658557
2019-12-16,0.00845459154768971
2019-12-17,0.00039641461034816284
2019-12-18,0.000413291128638856
2019-12-19,0.0051754422783600075
2019-12-20,0.004207656150754599
2019-12-23,0.002084251770273749
2019-12-24,0.0002753037731368594
2019-12-26,0.007073783185462203
2019-12-27,-0.0005448136562382356
2019-12-30,-0.006033569434633351
2019-12-31,0.0021569146442219083
2020-01-02,0.013024667852298569
2020-01-03,-0.008366210278863999
2020-01-06,0.00512938894135429
2020-01-07,-0.0014756642150363798
2020-01-08,0.0064231907710194285
2020-01-09,0.007626705695692099
2020-01-10,-0.0027173934538204333
2020-01-13,0.009207329671300182
2020-01-14,-0.0027313111413562064
2020-01-15,0.0013345161389795247
2020-01-16,0.008950825347552338
2020-01-17,0.004030763253360692
2020-01-21,-0.0012029082709528371
2020-01-22,0.0013814115006188952
2020-01-23,0.002181595470945541
2020-01-24,-0.008654202450512844
2020-01-27,-0.01834251292948058
2020-01-28,0.012919561737448383
2020-01-29,0.00039994875199557265
2020-01-30,0.003403430595043635
2020-01-31,-0.01700800386643027
2020-02-03,0.011268849022769145
2020-02-04,0.0190650547240423
2020-02-05,0.00742257058646172
2020-02-06,0.00599843256868496
2020-02-07,-0.004815161404026108
2020-02-10,0.009775236713512266
2020-02-11,0.0009528565510846744
2020-02-12,0.008091778057298986
2020-02-13,-0.0011737090013917166
2020-02-14,0.0022328090063058648
2020-02-18,-0.0010966772173697018
2020-02-19,0.0071835295979019295
2020-02-20,-0.006695916247260953
2020-02-21,-0.014753886061999432
2020-02-24,-0.03586451283817888
2020-02-25,-0.02874693647621641
2020-02-26,0.0007379496905901247
2020-02-27,-0.047492848872625386
2020-02-28,-0.0017118581227972872
2020-03-02,0.047455045119583164
2020-03-03,-0.030349964886405928
2020-03-04,0.04187769245974402
2020-03-05,-0.03181182582265415
2020-03-06,-0.016701729124019134
2020-03-09,-0.07377928096847469
2020-03-10,0.05309780621042319
2020-03-11,-0.046151933511174865
2020-03-12,-0.0936841505257058
2020-03-13,0.0850956486468214
2020-03-16,-0.11460553923200197
2020-03-17,0.06491675067220258
2020-03-18,-0.04052438650590798
2020-03-19,0.004063465722905519
2020-03-20,-0.04113495419220266
2020-03-23,-0.012423191285794727
2020-03-24,0.08402037405440646
2020-03-25,0.0037826303128438614
2020-03-26,0.05552514587419941
2020-03-27,-0.032089260975346895
2020-03-30,0.03442437548614513
2020-03-31,-0.011722563926435005
2020-04-01,-0.043747083830250305
2020-04-02,0.021685273221875655
2020-04-03,-0.014323494956136835
2020-04-06,0.06933046849314922
2020-04-07,0.00030631406387780357
2020-04-08,0.027400209250930313
2020-04-09,0.008331398193402586
2020-04-13,0.0008367704596547627
2020-04-14,0.03649208828765996
2020-04-15,-0.01635897900344671
2020-04-16,0.011532000054963562
2020-04-17,0.01829088443122615
2020-04-20,-0.014731293453140237
2020-04-21,-0.033631321365482934
2020-04-22,0.025934506232717987
2020-04-23,-0.0011020864552395082
2020-04-24,0.014854277355432693
2020-04-27,0.011231052563537382
2020-04-28,-0.011716557750033059
2020-04-29,0.03081975275091337
2020-04-30,-0.004860888080247896
2020-05-01,-0.027329130469827895
2020-05-04,0.007207704709409125
2020-05-05,0.010288167498104836
2020-05-06,-0.00031100428928652196
2020-05-07,0.012471851242472989
2020-05-08,0.015125312066441566
2020-05-11,0.0045720645700377495
2020-05-12,-0.02043414670149951
2020-05-13,-0.015101042091660489
2020-05-14,0.011659857894830416
2020-05-15,0.0055443745085189695
2020-05-18,0.024545823545903667
2020-05-19,-0.006388858519003893
2020-05-20,0.01847810021294818
2020-05-21,-0.008897087817660857
2020-05-22,0.0026754058560406906
2020-05-26,0.0048102802562894655
2020-05-27,0.0101684450103536
2020-05-28,-0.0015739173993001732
2020-05-29,0.00955431887448839
2020-06-01,0.00352065139136914
2020-06-02,0.007493824367554318
2020-06-03,0.008903593392724625
2020-06-04,-0.004820011026298927
2020-06-05,0.022728204455792447
2020-06-08,0.009923921176658232
2020-06-09,-0.00010583891950833278
2020-06-10,0.003210695938139504
2020-06-11,-0.05359904377049239
2020-06-12,0.009961795149803035
2020-06-15,0.010751461315199808
2020-06-16,0.018210157936545245
2020-06-17,-0.0004915606405460533
2020-06-18,0.0015470763303468901
2020-06-19,-0.002939234966496788
2020-06-22,0.009203843584129701
2020-06-23,0.006557270428066317
2020-06-24,-0.023061983150736348
2020-06-25,0.010119888536306857
2020-06-26,-0.02368322697915985
2020-06-29,0.012802220168784297
2020-06-30,0.016205304681945688
2020-07-01,0.009338417833453318
2020-07-02,0.00614672049987674
2020-07-06,0.020011201454826606
2020-07-07,-0.00860144100129762
2020-07-08,0.010410111583575596
2020-07-09,0.001365375312601834
2020-07-10,0.008519058208696202
2020-07-13,-0.014614854385446421
2020-07-14,0.010018707205373043
2020-07-15,0.005611235684202412
2020-07-16,-0.005057646642151677
2020-07-17,0.002028375812449159
2020-07-20,0.018226146099762433
2020-07-21,-0.004146694316022636
2020-07-22,0.00460758734083315
2020-07-23,-0.01902606446430899
2020-07-24,-0.0079681432345295
2020-07-27,0.012567764375451354
2020-07-28,-0.009533462392539984
2020-07-29,0.011912306290130136
2020-07-30,0.0008338876615709035
2020-07-31,0.012873826567011585
2020-08-03,0.010229480867665048
2020-08-04,0.00378749270433584
2020-08-05,0.004344317989763135
2020-08-06,0.009964721166189997
2020-08-07,-0.005412234824067597
2020-08-10,-0.0006420591301764659
2020-08-11,-0.013597756722664582
2020-08-12,0.01954669724763887
2020-08-13,0.00023665249118888596
2020-08-14,-0.0005723504203369897
2020-08-17,0.007393828760881224
2020-08-18,0.005892591912158532
2020-08-19,-0.005445486552473563
2020-08-20,0.008492577384493188
2020-08-21,0.0052389073458993796
2020-08-24,0.008188716934530545
2020-08-25,0.005680832530742809
2020-08-26,0.015682252886301203
2020-08-27,-0.0004652569650163943
2020-08-28,0.005772527499700166
2020-08-31,0.0022052403802114194
2020-09-01,0.013255055717382697
2020-09-02,0.011966641221311998
2020-09-03,-0.04255725527120251
2020-09-04,-0.010745276025916208
2020-09-08,-0.037693572561240354
2020-09-09,0.024561781859859487
2020-09-10,-0.018650371805355836
2020-09-11,-0.003215209845889751
2020-09-14,0.015293382135991438
2020-09-15,0.009612787299471579
2020-09-16,-0.009957476646659087
2020-09-17,-0.012208691494401624
2020-09-18,-0.012137870213325403
2020-09-21,-0.0043653938593295515
2020-09-22,0.014381521917392502
2020-09-23,-0.026862851713825797
2020-09-24,0.0036607939880647948
2020-09-25,0.019707903100956842
2020-09-28,0.01868910622540189
2020-09-29,-0.004977296978013074
2020-09-30,0.007215341463920964
2020-10-01,0.011146140862128423
2020-10-02,-0.01881270471624583
2020-10-05,0.0195295949952887
2020-10-06,-0.016031364204994698
2020-10-07,0.017352953148080122
2020-10-08,0.007092493992110091
2020-10-09,0.012105156579876554
2020-10-12,0.02347912756573805
2020-10-13,-0.003280101443883102
2020-10-14,-0.00731793427245179
2020-10-15,-0.003973478663521317
2020-10-16,-0.0030423231658500633
2020-10-19,-0.01576448347048091
2020-10-20,0.0030775318933143597
2020-10-21,-0.0013332300788351731
2020-10-22,0.00272534473073958
2020-10-23,0.002682610536772179
2020-10-26,-0.01673798864443535
2020-10-27,0.002180344655381441
2020-10-28,-0.036582818947828916
2020-10-29,0.013825037693053207
2020-10-30,-0.017893704791799976
2020-11-02,0.006717951804777263
2020-11-03,0.01747633322931203
2020-11-04,0.033494208194127656
2020-11-05,0.022787002173812604
2020-11-06,0.0002592998334863518
2020-11-09,-0.003934155058257635
2020-11-10,-0.00969054889314031
2020-11-11,0.014899060366532506
2020-11-12,-0.007197437602739418
2020-11-13,0.011308793289862545
2020-11-16,0.010142555700308913
2020-11-17,-0.004275145116682203
2020-11-18,-0.009712645865074108
2020-11-19,0.0060176414685499564
2020-11-20,-0.006844426174789862
2020-11-23,0.003014736459339078
2020-11-24,0.015081617791044435
2020-11-25,0.0023022192851002345
2020-11-27,0.005999935886457788
2020-11-30,-0.0011935954020720996
2020-12-01,0.011876843812508848
2020-12-02,0.0016943707046470561
2020-12-03,0.0005712975697867662
2020-12-04,0.006346421333862656
2020-12-07,0.0018038630690338884
2020-12-08,0.0031555298880682086
2020-12-09,-0.015804971492385602
2020-12-10,0.0018439570600317016
2020-12-11,-0.0016933690978932219
2020-12-14,0.0013891028316021497
2020-12-15,0.012104491044200688
2020-12-16,0.0035344448503487965
2020-12-17,0.006064586659639377
2020-12-18,-0.0035075292983755535
2020-12-21,-0.0027229562771435762
2020-12-22,0.0005166703713527409
2020-12-23,-0.0020687215285105243
2020-12-24,0.004151470499345621
2020-12-28,0.009334948223006033
2020-12-29,-0.0005060854544924737
2020-12-30,0.0007291891230733162
2020-12-31,0.0037705548209214512
2021-01-04,-0.013866962704029035
2021-01-05,0.007565817961151588
2021-01-06,-0.0039370641001423064
2021-01-07,0.019524938259707494
2021-01-08,0.009277847289298032
2021-01-11,-0.010595487674939948
2021-01-12,-0.0006893276285745624
2021-01-13,0.004723062072009145
2021-01-14,-0.0044248304284415264
2021-01-15,-0.007606916469906747
2021-01-19,0.011220898401359716
2021-01-20,0.018549853230666193
2021-01-21,0.004455594583315686
2021-01-22,-0.003209864824626328
2021-01-25,0.00610505733744152
2021-01-26,-4.908172498205342e-05
2021-01-27,-0.026158417178819948
2021-01-28,0.007258509947895887
2021-01-29,-0.020529102402705023
2021-02-01,0.020816471683417374
2021-02-02,0.015227260707105752
2021-02-03,-0.001590510286859353
2021-02-04,0.011596162735545455
2021-02-05,0.003663647499712098
2021-02-08,0.006960853664250696
2021-02-09,-0.00043782266548400887
2021-02-10,-0.0013572611472248606
2021-02-11,0.003557263960359454
2021-02-12,0.005264593916302924
2021-02-16,-0.0017854806145108522
2021-02-17,-0.002284206183040816
2021-02-18,-0.004314139365551928
2021-02-19,-0.0030637209601975025
2021-02-22,-0.016805825409107533
2021-02-23,-0.0008814288615399377
2021-02-24,0.009631219502975073
2021-02-25,-0.02947915542373762
2021-02-26,-0.0004826427412726081
2021-03-01,0.027161283512699787
2021-03-02,-0.011920919186019644
2021-03-03,-0.02113286551322783
2021-03-04,-0.014370969289124626
2021-03-05,0.016728662319871468
2021-03-08,-0.01664640264016662
2021-03-09,0.026859311932824478
2021-03-10,0.0016850490036381272
2021-03-11,0.0165853193624644
2021-03-12,-0.0033826313695355264
2021-03-15,0.008322963520666693
2021-03-16,0.0021138455633426386
2021-03-17,0.003763874665443575
2021-03-18,-0.022590460823262087
2021-03-19,0.0008374526950093547
2021-03-22,0.013369430385334443
2021-03-23,-0.006117007339212046
2021-03-24,-0.01097419889755194
2021-03-25,0.0019467886128031382
2021-03-26,0.015557845326187278
2021-03-29,-0.00039495741660853145
2021-03-30,-0.0038430448943982875
2021-03-31,0.009678145930225404
2021-04-01,0.013922669196464248
2021-04-05,0.017158909945817594
2021-04-06,-0.0006427935459019517
2021-04-07,0.0017879021095946765
2021-04-08,0.007590263465183079
2021-04-09,0.006663974990812976
2021-04-12,-0.0004700262591051152
2021-04-13,0.007318647553425668
2021-04-14,-0.007712050667996977
2021-04-15,0.012949086365190422
2021-04-16,0.0022567296454476973
2021-04-19,-0.0070325409312840025
2021-04-20,-0.007305028040661539
2021-04-21,0.009011547046285588
2021-04-22,-0.010593822045242481
2021-04-23,0.011715948699274326
2021-04-26,0.004299465041922067
2021-04-27,-0.0022740371795352994
2021-04-28,-0.0018341319677526414
2021-04-29,0.004985786047250997
2021-04-30,-0.006562670805967197
2021-05-03,-0.0015843882145392817
2021-05-04,-0.012082431042255308
2021-05-05,-0.001524631403436841
2021-05-06,0.007761311324374926
2021-05-07,0.007696316307545968
2021-05-10,-0.01757840305928931
2021-05-11,-0.0051530629761107885
2021-05-12,-0.023564091555894916
2021-05-13,0.00987187414557846
2021-05-14,0.01871611277728253
2021-05-17,-0.004305367866473458
2021-05-18,-0.007683403419013697
2021-05-19,-0.0007366647167246507
2021-05-20,0.015050697179862717
2021-05-21,-0.0031766201276802373
2021-05-24,0.013506483371170849
2021-05-25,-0.00041746897377354796
2021-05-26,0.0027341212819325515
2021-05-27,-0.001608062398672827
2021-05-28,0.00247153603741487
2021-06-01,-0.002102589332023536
2021-06-02,0.0017628691400540849
2021-06-03,-0.007058511869696837
2021-06-04,0.013057853860267737
2021-06-07,0.0010048081494755316
2021-06-08,0.0003441831917095034
2021-06-09,-0.000627193603413955
2021-06-10,0.007534270620261614
2021-06-11,0.0021338353131657543
2021-06-14,0.005910854602665379
2021-06-15,-0.004182690117386213
2021-06-16,-0.004617813432264506
2021-06-17,0.006182922382644826
2021-06-18,-0.010668867523592813
2021-06-21,0.010265464275954869
2021-06-22,0.0073340158777612345
2021-06-23,-0.0003580053742003584
2021-06-24,0.006049259617763361
2021-06-25,0.001161466387825375
2021-06-28,0.00708890281201844
2021-06-29,0.0020784006203278796
2021-06-30,-0.0003679439156658218
2021-07-01,0.002965878434568072
2021-07-02,0.009561018877276886
2021-07-06,0.001250057994102969
2021-07-07,0.0028221455008315306
2021-07-08,-0.007093909259398786
2021-07-09,0.008459303023760483
2021-07-12,0.0037438971309718535
2021-07-13,-0.0017045803041104268
2021-07-14,0.001642874365925606
2021-07-15,-0.005219513389815419
2021-07-16,-0.007971562539675302
2021-07-19,-0.011480679397091915
2021-07-20,0.012973337846341793
2021-07-21,0.007908616070039483
2021-07-22,0.004352011024687379
2021-07-23,0.010982754860997536
2021-07-26,0.001621165392658205
2021-07-27,-0.00778771761655239
2021-07-28,0.0017159116189427045
2021-07-29,0.0029619665667393194
2021-07-30,-0.005034033512259878
2021-08-02,-0.001007854131740853
2021-08-03,0.007098274226774162
2021-08-04,-0.0017370076879508634
2021-08-05,0.006337977724685823
2021-08-06,-0.0013650474374509714
2021-08-09,0.0005169504385745701
2021-08-10,-0.0019407901237406856
2021-08-11,0.00038373289163430926
2021-08-12,0.0033007213908953347
2021-08-13,0.0026650018890435664
2021-08-16,0.0013942748033909666
2021-08-17,-0.007681635203900485
2021-08-18,-0.010284844545226553
2021-08-19,0.0031897893280390262
2021-08-20,0.009157704070740035
2021-08-23,0.011876536375005162
2021-08-24,0.002321024543336415
2021-08-25,0.0016235729837237865
2021-08-26,-0.00612664431809108
2021-08-27,0.009330571354120791
2021-08-30,0.007809739027022609
2021-08-31,-0.0011482837993757383
2021-09-01,0.0010947325480819823
2021-09-02,0.0013019041324640944
2021-09-03,0.001416462607134136
2021-09-07,-0.0010802692354025213
2021-09-08,-0.002349351684471898
2021-09-09,-0.003860246104753216
2021-09-10,-0.007737122463812286
2021-09-13,0.0009344528354700691
2021-09-14,-0.0041198903643395735
2021-09-15,0.007893825201335981
2021-09-16,-0.00044892053243542003
2021-09-17,-0.010791464340547823
2021-09-20,-0.01866866037339535
2021-09-21,0.0001427932885878729
2021-09-22,0.009547592857822605
2021-09-23,0.010688546065552623
2021-09-24,0.0012927821976392389
2021-09-27,-0.005421483577747571
2021-09-28,-0.024224862075170495
2021-09-29,2.197646515909727e-05
2021-09-30,-0.007948189895850508
2021-10-01,0.009042990837358007
2021-10-04,-0.01694266754755945
2021-10-05,0.0119518161803003
2021-10-06,0.005281894786878459
2021-10-07,0.008910555536763558
2021-10-08,-0.003405379734700504
2021-10-11,-0.0074549236930261265
2021-10-12,-0.0029743264754410505
2021-10-13,0.005802711873938506
2021-10-14,0.017618657593612613
2021-10-15,0.006958251354571982
2021-10-18,0.006508060991498141
2021-10-19,0.007641115599221694
2021-10-20,0.0013115493970322935
2021-10-21,0.004357474495834503
2021-10-22,-0.004719196309686211
2021-10-25,0.0078001855418663845
2021-10-26,0.0020244726468805754
2021-10-27,-0.0010545097514769175
2021-10-28,0.01037715796684275
2021-10-29,0.003473921528820235
2021-11-01,0.0025694950555475472
2021-11-02,0.0041120954630811495
2021-11-03,0.008360673407422463
2021-11-04,0.008765474123389785
2021-11-05,0.0022118951424557444
2021-11-08,-0.0002504443618022058
2021-11-09,-0.005094509653767819
2021-11-10,-0.011370802740459901
2021-11-11,0.0015480304341984907
2021-11-12,0.009034774176180206
2021-11-15,5.710929699643645e-05
2021-11-16,0.005539436489285089
2021-11-17,-0.0009503841674068792
2021-11-18,0.0068788323829724884
2021-11-19,0.0018938714833301186
2021-11-22,-0.007212293683816566
2021-11-23,-0.001615951117050085
2021-11-24,0.002945103080141787
2021-11-26,-0.02063103659285914
2021-11-29,0.016984492212509764
2021-11-30,-0.017072051211863667
2021-12-01,-0.014059974090541346
2021-12-02,0.011261744220058052
2021-12-03,-0.013044870955662966
2021-12-06,0.009928044385916376
2021-12-07,0.025399403619977994
2021-12-08,0.003560972734009895
2021-12-09,-0.010732837222895399
2021-12-10,0.010141935015243063
2021-12-13,-0.011652681912151228
2021-12-14,-0.00861509516559569
2021-12-15,0.019211260186709694
2021-12-16,-0.017266634451390137
2021-12-17,-0.007815894887962426
2021-12-20,-0.010166994373599539
2021-12-21,0.020069708053863308
2021-12-22,0.011088648435023047
2021-12-23,0.006880519337005047
2021-12-27,0.015339707426865058
2021-12-28,-0.0027259839174815542
2021-12-29,0.0005650210949059184
2021-12-30,-0.0028766410477191378
2021-12-31,-0.004382269892980143
2022-01-03,0.0077084439138329144
2022-01-04,-0.006652887739707007
2022-01-05,-0.02496149482050384
2022-01-06,-0.0008210675868815423
2022-01-07,-0.0073931440225776975
2022-01-10,-0.00029302686118942603
2022-01-11,0.012065027968915648
2022-01-12,0.003334540316248382
2022-01-13,-0.01939729884838476
2022-01-14,0.0033159211919959824
2022-01-18,-0.021301992340594277
2022-01-19,-0.010683667461088066
2022-01-20,-0.012028317109876303
2022-01-21,-0.023679471332983662
2022-01-24,0.004412264301756173
2022-01-25,-0.017695160179541668
2022-01-26,-0.0020367078496018693
2022-01-27,-0.007504307270997702
2022-01-28,0.028102216971142728
2022-01-31,0.024994649970304084
2022-02-01,0.006780303230518272
2022-02-02,0.008919653173138458
2022-02-03,-0.03202439413421107
2022-02-04,0.00865867797189492
2022-02-07,-0.00562685825844143
2022-02-08,0.009731538180872051
2022-02-09,0.017913349376390626
2022-02-10,-0.020299143629924812
2022-02-11,-0.02572012250549871
2022-02-14,-0.0010151961327619086
2022-02-15,0.02049557925179806
2022-02-16,0.000433896244829249
2022-02-17,-0.025552442793269178
2022-02-18,-0.008940341928721085
2022-02-22,-0.010387619995559778
2022-02-23,-0.021676876281570487
2022-02-24,0.024326821166973045
2022-02-25,0.018785436546063006
2022-02-28,0.00021017120454829442
2022-03-01,-0.015270964332894751
2022-03-02,0.017587907682584236
2022-03-03,-0.00963173679682592
2022-03-04,-0.011308254554918492
2022-03-07,-0.03317998291422636
2022-03-08,-0.006114973169851466
2022-03-09,0.03140432921419162
2022-03-10,-0.007810159695630989
2022-03-11,-0.01672676259625041
2022-03-14,-0.013256383142465786
2022-03-15,0.026678544244065024
2022-03-16,0.029630475453013713
2022-03-17,0.012308733445256848
2022-03-18,0.015710382871536352
2022-03-21,-0.00153634150484235
2022-03-22,0.015676953847478664
2022-03-23,-0.013624884830177535
2022-03-24,0.018650560651042696
2022-03-25,0.0020248096691386185
2022-03-28,0.011292752959651549
2022-03-29,0.014790224361867457
2022-03-30,-0.008610334054483682
2022-03-31,-0.013892986743639708
2022-04-01,0.00046547697255721774
2022-04-04,0.014577557306592995
2022-04-05,-0.017417718478884972
2022-04-06,-0.01585532967715575
2022-04-07,0.0037084024786035816
2022-04-08,-0.008326595486912983
2022-04-11,-0.020374822648307866
2022-04-12,-0.003964817806453114
2022-04-13,0.0158904119425363
2022-04-14,-0.01765948159152117
2022-04-18,0.0005897426169394707
2022-04-19,0.01924675351127579
2022-04-20,-0.007662879130119813
2022-04-21,-0.017822465701552114
2022-04-22,-0.026812469313923348
2022-04-25,0.00932169320181913
2022-04-26,-0.03335280888025543
2022-04-27,0.0008066235951006566
2022-04-28,0.03038768103667467
2022-04-29,-0.04097716846936793
2022-05-02,0.011357743214112887
2022-05-03,0.0028258782153508305
2022-05-04,0.032132401168795795
2022-05-05,-0.04295342909810894
2022-05-06,-0.008974676635132347
2022-05-09,-0.03557237510193943
2022-05-10,0.007229789013371518
2022-05-11,-0.02277214017955938
2022-05-12,-0.0017042994901157217
2022-05-13,0.03048401448437473
2022-05-16,-0.00782461818316319
2022-05-17,0.02323590570423004
2022-05-18,-0.04470089777133805
2022-05-19,-0.005741613706311785
2022-05-20,-0.0013356148059632156
2022-05-23,0.017668658341127817
2022-05-24,-0.014447985092567698
2022-05-25,0.01141533106785434
2022-05-26,0.023844080605333183
2022-05-27,0.02859444261774742
2022-05-31,-0.004131859373674798
2022-06-01,-0.007742219139069079
2022-06-02,0.023214539955814458
2022-06-03,-0.021215617078908552
2022-06-06,0.003187963340225643
2022-06-07,0.009108994328082355
2022-06-08,-0.009034288729248436
2022-06-09,-0.025283791676236168
2022-06-10,-0.0321331011337169
2022-06-13,-0.04223218529665411
2022-06-14,-0.0005988368857348052
2022-06-15,0.019614026850475055
2022-06-16,-0.03672121065909413
2022-06-17,0.007157557623353262
2022-06-21,0.025201635503668253
2022-06-22,-0.0016359082989390976
2022-06-23,0.012347798607040626
2022-06-24,0.033028699425825585
2022-06-27,-0.005575551390493986
2022-06-28,-0.025449843998992867
2022-06-29,5.119711931636045e-05
2022-06-30,-0.010263661157419873
2022-07-01,0.008588545239231964
2022-07-05,0.009504127418163193
2022-07-06,0.004894759089764529
2022-07-07,0.01818798758716774
2022-07-08,0.00021606061788772397
2022-07-11,-0.016394258497106233
2022-07-12,-0.009268071042936402
2022-07-13,-0.0036563843316595726
2022-07-14,0.0005712616872939405
2022-07-15,0.018622145140401124
2022-07-18,-0.008359929687709454
2022-07-19,0.028886257573065934
2022-07-20,0.011114783498622376
2022-07-21,0.012269236983160547
2022-07-22,-0.01340676743132584
2022-07-25,-0.0022402534737760776
2022-07-26,-0.015739944588898713
2022-07-27,0.03411292522551909
2022-07-28,0.011160270990888597
2022-07-29,0.016407921306749014
2022-08-01,-0.0017818802850185125
2022-08-02,-0.004789495390014506
2022-08-03,0.021446105743963884
2022-08-04,0.002000310039693096
2022-08-05,-0.004929308969011335
2022-08-08,-0.002196760583477485
2022-08-09,-0.007644743141025407
2022-08-10,0.024457368756917792
2022-08-11,-0.002838075448875311
2022-08-12,0.018199797798431547
2022-08-15,0.006101169392419316
2022-08-16,-0.0001917205610048483
2022-08-17,-0.009251974369268818
2022-08-18,0.002655622107756928
2022-08-19,-0.016467542966402834
2022-08-22,-0.023574831890889318
2022-08-23,-0.0016230719112876081
2022-08-24,0.0030492144983842798
2022-08-25,0.015899629036638246
2022-08-26,-0.03741870312668128
2022-08-29,-0.008233850893114153
2022-08-30,-0.01105695032636076
2022-08-31,-0.006711314936674744
2022-09-01,0.0017859247230147437
2022-09-02,-0.012336207814752293
2022-09-06,-0.005477621016106611
2022-09-07,0.019082992340265035
2022-09-08,0.0058604778848340665
2022-09-09,0.01869861708703319
2022-09-12,0.011316803973642113
2022-09-13,-0.049159659804491274
2022-09-14,0.005874426154538425
2022-09-15,-0.014003460340512898
2022-09-16,-0.006871698707734431
2022-09-19,0.007770931380061068
2022-09-20,-0.009724801895328608
2022-09-21,-0.01767484425376834
2022-09-22,-0.010353773319792944
2022-09-23,-0.016518119342319067
2022-09-26,-0.007015376842700938
2022-09-27,-0.0010759844285265832
2022-09-28,0.019784275367674787
2022-09-29,-0.024858244458210214
2022-09-30,-0.01621023879094709
2022-10-03,0.02493097948588891
2022-10-04,0.031213706376484282
2022-10-05,-0.0014301017236155369
2022-10-06,-0.009094156655235625
2022-10-07,-0.03299907399600812
2022-10-10,-0.008815953332828103
2022-10-11,-0.010035431586026974
2022-10-12,-0.0018206531843267411
2022-10-13,0.024921915969360824
2022-10-14,-0.026423088210651105
2022-10-17,0.02935932603587707
2022-10-18,0.00982878820429689
2022-10-19,-0.005366673379610671
2022-10-20,-0.00674360038630523
2022-10-21,0.023874469632479762
2022-10-24,0.011619192544824714
2022-10-25,0.018327069900174166
2022-10-26,-0.014815233496367493
2022-10-27,-0.011772913178788896
2022-10-28,0.027195503314216076
2022-10-31,-0.009425529963466992
2022-11-01,-0.007296775986825436
2022-11-02,-0.029686640773719714
2022-11-03,-0.014915778497277517
2022-11-04,0.01523895363252203
2022-11-07,0.010279916987164857
2022-11-08,0.006341685040463021
2022-11-09,-0.021839402993145126
2022-11-10,0.0643713026125769
2022-11-11,0.014052281822850125
2022-11-14,-0.00862886129019741
2022-11-15,0.011183610947267894
2022-11-16,-0.010638997949999092
2022-11-17,-0.0026334455507599423
2022-11-18,0.0022874831209960277
2022-11-21,-0.006961483725042644
2022-11-22,0.013929915947726614
2022-11-23,0.008169208926211022
2022-11-25,-0.003401246853530173
2022-11-28,-0.01531505707735931
2022-11-29,-0.004643477292680957
2022-11-30,0.03854319557406682
2022-12-01,0.00024567067218212357
2022-12-02,-0.002568590653910902
2022-12-05,-0.017386312209648522
2022-12-06,-0.01756750700943479
2022-12-07,-0.002892056558421767
2022-12-08,0.009834442065202667
2022-12-09,-0.0069233933639042755
2022-12-12,0.013484289139655393
2022-12-13,0.009159993849313715
2022-12-14,-0.00690366464988792
2022-12-15,-0.029019217043595908
2022-12-16,-0.01067040792984692
2022-12-19,-0.01126647962124259
2022-12-20,0.0002950928443996609
2022-12-21,0.014729015173111117
2022-12-22,-0.01936553925277369
2022-12-23,0.004000716555596651
2022-12-27,-0.009040863312757984
2022-12-28,-0.01281529627785142
2022-12-29,0.021187722946812197
2022-12-30,-0.0016172243032403434
2023-01-03,-0.005484813804181881
2023-01-04,0.006242035137840904
2023-01-05,-0.013533778474286821
2023-01-06,0.025266874353053775
2023-01-09,0.0029530779134598873
2023-01-10,0.007738590327445503
2023-01-11,0.014973973502589655
2023-01-12,0.004522640242628681
2023-01-13,0.005380087329893105
2023-01-17,9.853155252833288e-05
2023-01-18,-0.014394177593032836
2023-01-19,-0.008552045682006112
2023-01-20,0.022997738708822456
2023-01-23,0.01710742787775045
2023-01-24,-0.0015574838406125745
2023-01-25,-0.0009223452035417194
2023-01-26,0.015243976991473087
2023-01-27,0.0061259738546293185
2023-01-30,-0.016382836655681403
2023-01-31,0.01484467371360668
2023-02-01,0.016005605588922757
2023-02-02,0.025223500604449146
2023-02-03,-0.014200678336732794
2023-02-06,-0.0072852552990860815
2023-02-07,0.016898843849477797
2023-02-08,-0.01435813994298973
2023-02-09,-0.008753491341309282
2023-02-10,-0.0021146331377624615
2023-02-13,0.013877393436410047
2023-02-14,0.0034645591205670644
2023-02-15,0.00545408583425268
2023-02-16,-0.016266453803746337
2023-02-17,-0.004776973077031132
2023-02-21,-0.021867994252181493
2023-02-22,-0.00031508671603670547
2023-02-23,0.007026843201784326
2023-02-24,-0.013713393626456091
2023-02-27,0.00528369588276643
2023-02-28,-0.0024944022382750826
2023-03-01,-0.005937565299593045
2023-03-02,0.008026645478883118
2023-03-03,0.01835576825434934
2023-03-06,0.0009136099907903919
2023-03-07,-0.013797181632054342
2023-03-08,0.003313218314112935
2023-03-09,-0.01788800854403926
2023-03-10,-0.014236610793915517
2023-03-13,0.0029958249214686854
2023-03-14,0.019754765295509097
2023-03-15,-0.0005042117388871763
2023-03-16,0.02195303622512631
2023-03-17,-0.00820967429448843
2023-03-20,0.006582398019820171
2023-03-21,0.013706574973268961
2023-03-22,-0.015322195650655103
2023-03-23,0.007280710987626523
2023-03-24,0.005121330589971443
2023-03-27,-0.002490812739527697
2023-03-28,-0.0037781905571727397
2023-03-29,0.016384351351314004
2023-03-30,0.007660385897941813
2023-03-31,0.015362704951573242
2023-04-03,0.0006899514421378277
2023-04-04,-0.004460559969794653
2023-04-05,-0.006245457545328112
2023-04-06,0.00532145010438867
2023-04-10,0.00023022566427777723
2023-04-11,-0.003074538682795946
2023-04-12,-0.006454819061468995
2023-04-13,0.01643238632613236
2023-04-14,-0.002161280849461214
2023-04-17,0.002217916232962641
2023-04-18,0.00035739520062564624
2023-04-19,-0.00031968387564484675
2023-04-20,-0.006540847003941745
2023-04-21,0.0009102618780511373
2023-04-24,-0.0005206763830615353
2023-04-25,-0.01736889975024687
2023-04-26,0.0009146909213604577
2023-04-27,0.023549357639971843
2023-04-28,0.007716845040383586
2023-05-01,-0.0010783127492063863
2023-05-02,-0.009980429153452512
2023-05-03,-0.006704035044781835
2023-05-04,-0.005306307736101556
2023-05-05,0.0198834184354217
2023-05-08,0.001372086054668812
2023-05-09,-0.00535931411383733
2023-05-10,0.007777216413137119
2023-05-11,0.0007579651957003349
2023-05-12,-0.0024484451158019727
2023-05-15,0.004432374239111824
2023-05-16,-0.0027752297671956886
2023-05-17,0.012121545138704153
2023-05-18,0.014103350372150138
2023-05-19,-0.0018542835501615795
2023-05-22,0.0018821992071037933
2023-05-23,-0.01194975463709684
2023-05-24,-0.006186990089586076
2023-05-25,0.016496152402988365
2023-05-26,0.01925067532033784
2023-05-30,0.002457973557167607
2023-05-31,-0.005615570331793641
2023-06-01,0.010526458176820012
2023-06-02,0.01098050598581319
2023-06-05,-0.0006055972623343583
2023-06-06,0.0010041659094437445
2023-06-07,-0.010211614454853003
2023-06-08,0.009230974117323147
2023-06-09,0.0028085411548726424
2023-06-12,0.012984331240827336
2023-06-13,0.007138513855900627
2023-06-14,0.0042291267578307866
2023-06-15,0.012156932449599575
2023-06-16,-0.004849569215517361
2023-06-20,-0.0033100087038004915
2023-06-21,-0.009375710643207328
2023-06-22,0.007704393756310567
2023-06-23,-0.008736689561831915
2023-06-26,-0.008745696318631835
2023-06-27,0.014078778040656346
2023-06-28,0.0012278408212588175
2023-06-29,0.0009694233574123511
2023-06-30,0.013610440269174346
2023-07-03,0.001752897849110354
2023-07-05,-0.0007571981443239686
2023-07-06,-0.007723258027752453
2023-07-07,-0.0029223989112891835
2023-07-10,0.001429476175942745
2023-07-11,0.00565449885919506
2023-07-12,0.01033799632045554
2023-07-13,0.012457713251170063
2023-07-14,-0.00041690695677449186
2023-07-17,0.006405337884650404
2023-07-18,0.007805693163873173
2023-07-19,0.0009952879986888405
2023-07-20,-0.014843309243255132
2023-07-21,-0.0014995658424203924
2023-07-24,0.003032280537472808
2023-07-25,0.004753835346133033
2023-07-26,-0.0015864079682239014
2023-07-27,-0.004506899385735723
2023-07-28,0.014002621175981538
2023-07-31,0.001212650639269474
2023-08-01,-0.002590542039144
2023-08-02,-0.017927539555914626
2023-08-03,-0.002234222406872136
2023-08-04,-0.0046022043316290995
2023-08-07,0.008597530571646373
2023-08-08,-0.006425470630696336
2023-08-09,-0.008839999563684591
2023-08-10,0.0011037196091336693
2023-08-11,-0.0034794059211225078
2023-08-14,0.008371134421328112
2023-08-15,-0.011130276583844589
2023-08-16,-0.008963474411386464
2023-08-17,-0.00927149387490429
2023-08-18,-0.0003868255265071786
2023-08-21,0.011308914291312111
2023-08-22,-0.00206874142845626
2023-08-23,0.013453111218820282
2023-08-24,-0.01761733232801549
2023-08-25,0.007400677561187846
2023-08-28,0.006934178596324286
2023-08-29,0.018147258286849932
2023-08-30,0.004847780720851902
2023-08-31,0.0007676128329744012
2023-09-01,0.0004034588382620288
2023-09-05,-0.001525390024236004
2023-09-06,-0.007765134570912077
2023-09-07,-0.0051108775439954865
2023-09-08,0.0014518379874485753
2023-09-11,0.009179501672336783
2023-09-12,-0.008286836906757012
2023-09-13,0.002487540132969351
2023-09-14,0.008399757856079916
2023-09-15,-0.014585717490501224
2023-09-18,0.0008145740712324019
2023-09-19,-0.002102603228454185
2023-09-20,-0.011801884341878573
2023-09-21,-0.01742660882889438
2023-09-22,-0.0010543059341128148
2023-09-25,0.004477586837616938
2023-09-26,-0.01485376209667931
2023-09-27,0.0013711312726073439
2023-09-28,0.007081344936053933
2023-09-29,-0.0008502658617920195
2023-10-02,0.00397388531595233
2023-10-03,-0.015467817325639305
2023-10-04,0.010445329587999125
2023-10-05,-0.0016617154631489604
2023-10-06,0.014314176652373514
2023-10-09,0.005751135285208996
2023-10-10,0.005371397502000864
2023-10-11,0.005615872484220314
2023-10-12,-0.004785763593165085
2023-10-13,-0.00877551175076026
2023-10-16,0.010913949893840105
2023-10-17,-0.0016607669323783745
2023-10-18,-0.013221391653613473
2023-10-19,-0.00907157581168587
2023-10-20,-0.013603016071491952
2023-10-23,0.0006421659462141218
2023-10-24,0.008633670127730267
2023-10-25,-0.01941398937187981
2023-10-26,-0.015520804368252657
2023-10-27,0.00013411512874338767
2023-10-30,0.01161063022593928
2023-10-31,0.0055312769909959605
2023-11-01,0.014010694182119046
2023-11-02,0.01865888156397734
2023-11-03,0.01043629059928708
2023-11-06,0.0031896681125576027
2023-11-07,0.0061493715364620335
2023-11-08,0.000688169721654258
2023-11-09,-0.0077470303043122675
2023-11-10,0.01904357395236668
2023-11-13,-0.002035905260567626
2023-11-14,0.020463556041367504
2023-11-15,0.0014347704418692846
2023-11-16,0.0010395176043105244
2023-11-17,0.0007383919175638022
2023-11-20,0.009936213397458179
2023-11-21,-0.003994288258566979
2023-11-22,0.003976748488950415
2023-11-24,-0.00039720511897130696
2023-11-27,-0.001336957393904335
2023-11-28,0.0018055599685584615
2023-11-29,-0.0008387376384212975
2023-11-30,0.000711720567860028
2023-12-01,0.004385405070172868
2023-12-04,-0.007266501193072004
2023-12-05,0.0011569397647950706
2023-12-06,-0.004906832445103744
2023-12-07,0.010801313763874599
2023-12-08,0.004377939751702684
2023-12-11,0.006215826537460675
2023-12-12,0.006265806309057775
2023-12-13,0.013253535340180561
2023-12-14,0.0011713021214127557
2023-12-15,0.0015936948227873757
2023-12-18,0.005961891856282282
2023-12-19,0.005595347564334392
2023-12-20,-0.0143586091926623
2023-12-21,0.010558654503950151
2023-12-22,0.0017528100229631679
2023-12-26,0.005172236500259487
2023-12-27,0.0019218839098510306
2023-12-28,-5.411783295527315e-05
2023-12-29,-0.003611427058437592
2024-01-02,-0.011259254515630283
2024-01-03,-0.009374118127564793
2024-01-04,-0.0041837714099968466
2024-01-05,0.0012778239127708678
2024-01-08,0.01747196375221607
2024-01-09,0.00022931929804892448
2024-01-10,0.006216485558097298
2024-01-11,0.0008200404342202064
2024-01-12,0.0006028618302366816
2024-01-16,-0.001884529927904696
2024-01-17,-0.005599790168593726
2024-01-18,0.011543655074942873
2024-01-19,0.016148512924089795
2024-01-22,0.0017102097345110551
2024-01-23,0.0035329895253943776
2024-01-24,0.003321082416992153
2024-01-25,0.003330126616075905
2024-01-26,-0.0036139634300994703
2024-01-29,0.009079796638062344
2024-01-30,-0.003714912303362197
2024-01-31,-0.017951730766071646
2024-02-01,0.012431784641144743
2024-02-02,0.01371396773842559
2024-02-05,-0.002473324830593558
2024-02-06,0.0004480280472560956
2024-02-07,0.00931538523044377
2024-02-08,0.0011467328232435223
2024-02-09,0.0078112182013831116
2024-02-12,-0.002175689095628738
2024-02-13,-0.014685073341044979
2024-02-14,0.009992488580011488
2024-02-15,0.004938715130331404
2024-02-16,-0.0070238182853479755
2024-02-20,-0.006526840975087832
2024-02-21,-0.001547815884306995
2024-02-22,0.02498552412675887
2024-02-23,-0.001127576408869686
2024-02-26,-0.002094534803649321
2024-02-27,0.002131521245107577
2024-02-28,-0.0033230981581891324
2024-02-29,0.006082098364212529
2024-03-01,0.012222623960961326
2024-03-04,-0.002320213080885765
2024-03-05,-0.013971928722603815
2024-03-06,0.005675457070805906
2024-03-07,0.012552292673397608
2024-03-08,-0.010218598457443188
2024-03-11,-0.0022862909161466913
2024-03-12,0.01254619697418417
2024-03-13,-0.004626765192657072
2024-03-14,-0.0022489715408591003
2024-03-15,-0.009376732436098139
2024-03-18,0.007740240170986342
2024-03-19,0.004024266852538668
2024-03-20,0.010553043729592818
2024-03-21,0.004018341659866239
2024-03-22,-0.00037586227916109986
2024-03-25,-0.00319597375409913
2024-03-26,-0.0025423779192446368
2024-03-27,0.005904894184109536
2024-03-28,-0.0010172007742069254
2024-04-01,0.00018858468293233037
2024-04-02,-0.0074941009277499585
2024-04-03,0.0016714267195310243
2024-04-04,-0.013748346175296657
2024-04-05,0.011115418108713582
2024-04-08,0.0004272094225395535
2024-04-09,0.00242813505164034
2024-04-10,-0.00937082586611488
2024-04-11,0.011757555098275066
2024-04-12,-0.014872390123723862
2024-04-15,-0.014489662232866787
2024-04-16,-0.000865508414666886
2024-04-17,-0.009059745379937164
2024-04-18,-0.0038819546756302522
2024-04-19,-0.014708816668974377
2024-04-22,0.009632905963561252
2024-04-23,0.013394739521124504
2024-04-24,0.0014565655196816154
2024-04-25,-0.004314454884438374
2024-04-26,0.012452842938184404
2024-04-29,0.003800890415903848
2024-04-30,-0.017348712284053394
2024-05-01,-0.005238885499243092
2024-05-02,0.011058455849259076
2024-05-03,0.016246789276174636
2024-05-06,0.0106401252835721
2024-05-07,0.0006313448405375186
2024-05-08,-0.00024700602227862716
2024-05-09,0.003971807850743095
2024-05-10,0.0018230258286609812
2024-05-13,0.0012209078574861884
2024-05-14,0.00551011114730608
2024-05-15,0.014006661894564083
2024-05-16,-0.0020443280721706373
2024-05-17,0.0004753456776163769
2024-05-20,0.004062374166981868
2024-05-21,0.002204553627868716
2024-05-22,-0.0015384831878080903
2024-05-23,-0.0059012290241080055
2024-05-24,0.008036359933221555
2024-05-28,0.002238232355837182
2024-05-29,-0.007025401916282564
2024-05-30,-0.008673548160050037
2024-05-31,0.0036239504550709227
2024-06-03,0.003092325292039793
2024-06-04,0.0019272151446174252
2024-06-05,0.01602257128631099
2024-06-06,-0.000182146806935807
2024-06-07,-0.0010502539612552019
2024-06-10,0.0035645710622947413
2024-06-11,0.004635517414488517
2024-06-12,0.010655224710657375
2024-06-13,0.0037170578167462793
2024-06-14,0.0028946210793879
2024-06-17,0.010104614555559662
2024-06-18,0.0014248479391639065
2024-06-20,-0.005212308656116538
2024-06-21,-0.0020098876989917873
2024-06-24,-0.007317604833400785
2024-06-25,0.007643204332380837
2024-06-26,0.0016566524594292492
2024-06-27,0.002078851302497629
2024-06-28,-0.004563051604621265
2024-07-01,0.003961569046489237
2024-07-02,0.008614832564063687
2024-07-03,0.00639968595753619
2024-07-05,0.008096698962597368
2024-07-08,0.0017660858622562726
2024-07-09,0.0009185879508980485
2024-07-10,0.010160703325256759
2024-07-11,-0.015276203899087503
2024-07-12,0.006091114983441682
2024-07-15,0.0027190382511497286
2024-07-16,0.0031564738600716766
2024-07-17,-0.021687973551717393
2024-07-18,-0.00620875592396446
2024-07-19,-0.0077520219445761365
2024-07-22,0.012603860605382839
2024-07-23,-0.0025466825704336237
2024-07-24,-0.029266398004694577
2024-07-25,-0.008119094770017979
2024-07-26,0.010727927122448227
2024-07-29,0.001298339570450515
2024-07-30,-0.009398954299871837
2024-07-31,0.022924144204427795
2024-08-01,-0.01919119386289395
2024-08-02,-0.021176688258753764
2024-08-05,-0.029469974241869472
2024-08-06,0.009387391243540086
2024-08-07,-0.008756941327831086
2024-08-08,0.026854233710295168
2024-08-09,0.004815891757304012
2024-08-12,0.0013396210238433475
2024-08-13,0.020629069928536206
2024-08-14,0.0017394503951227616
2024-08-15,0.021201891933481386
2024-08-16,0.001763849113004822
2024-08-19,0.011348709104108541
2024-08-20,-0.001862426137224551
2024-08-21,0.004050309009776006
2024-08-22,-0.011851676297472392
2024-08-23,0.010735477630561197
2024-08-26,-0.006046107659910436
2024-08-27,0.0021802652534299314
2024-08-28,-0.008576418190539843
2024-08-29,-0.0006871214802524095
2024-08-30,0.010732672586028918
2024-09-03,-0.02546981085279229
2024-09-04,-0.0023227530703390886
2024-09-05,-0.0007493984207680453
2024-09-06,-0.021808698682028303
2024-09-09,0.012028029316044554
2024-09-10,0.00679863525397742
2024-09-11,0.01598718070905751
2024-09-12,0.009119536343136194
2024-09-13,0.004851509156168461
2024-09-16,-0.0014705600499514905
2024-09-17,0.0004684464218527003
2024-09-18,-0.0036475327993050976
2024-09-19,0.02117420267112436
2024-09-20,-0.0018160239544965972
2024-09-23,0.0025748034361258794
2024-09-24,0.0038424501437888093
2024-09-25,-0.0006392245297159572
2024-09-26,0.00573893370419902
2024-09-27,-0.0035036628720333768
2024-09-30,0.0033594678259002853
2024-10-01,-0.011445457811620235
2024-10-02,0.0009176961085151561
2024-10-03,-0.0012878105707347588
2024-10-04,0.010492851889566154
2024-10-07,-0.009876146532819239
2024-10-08,0.012196224123439237
2024-10-09,0.007397347331673428
2024-10-10,-0.0014426908149656964
2024-10-11,0.0037756157692262295
2024-10-14,0.008284995863641825
2024-10-15,-0.010568334273996104
2024-10-16,0.0022342710183437917
2024-10-17,0.00038929114345244653
2024-10-18,0.005200576101265313
2024-10-21,0.00013951560677239187
2024-10-22,0.0002794783519675922
2024-10-23,-0.012230570176146469
2024-10-24,0.005135604892277208
2024-10-25,0.0028742362715706926
2024-10-28,0.001626444295602669
2024-10-29,0.0056133358336896335
2024-10-30,-0.005291287253356648
2024-10-31,-0.022423082179023925
2024-11-01,0.005809801242553625
2024-11-04,-0.0025336045016425895
2024-11-05,0.012424352347753825
2024-11-06,0.026014341483291216
2024-11-07,0.011738251245869672
2024-11-08,0.0027501560442507863
2024-11-11,0.00018464338074497322
2024-11-12,-0.0024582320618978326
2024-11-13,-0.0004004398683017885
2024-11-14,-0.006689811007184137
2024-11-15,-0.018317419805774865
2024-11-18,0.005522446657833928
2024-11-19,0.005267756454531833
2024-11-20,-0.00011861061350639435
2024-11-21,0.004482698155315773
2024-11-22,0.002351744311275036
2024-11-25,0.0024868891988812977
2024-11-26,0.005295334494965759
2024-11-27,-0.00545184086261483
2024-11-29,0.007499641786063821
2024-12-02,0.006340238973764432
2024-12-03,0.0017648092345924882
2024-12-04,0.009286272863487315
2024-12-05,-0.0022084233942613715
2024-12-06,0.005422714251810017
2024-12-09,-0.006468676629054532
2024-12-10,-0.0032581976240124008
2024-12-11,0.01281648149459983
2024-12-12,-0.005803247914443753
2024-12-13,0.003728027052276491
2024-12-16,0.009335254185901946
2024-12-17,-0.00426196766096144
2024-12-18,-0.032940157760268
2024-12-19,-0.0023802372050941785
2024-12-20,0.010371788774275987
2024-12-23,0.007865451062898696
2024-12-24,0.012337423597871846
2024-12-26,-0.0003064568670480327
2024-12-27,-0.011909704140998517
2024-12-30,-0.012355778684804692
2024-12-31,-0.006066358044828517
2025-01-02,-0.002206589927792658
2025-01-03,0.014434257975039524
2025-01-06,0.008626824015681806
2025-01-07,-0.014574151874622805
2025-01-08,0.0008179517745274892
2025-01-10,-0.015474371323849892
2025-01-13,-0.0008316064586682285
2025-01-14,0.00021322407660771082
2025-01-15,0.02059815042481203
2025-01-16,-0.004464657809960264
2025-01-17,0.013459101663541917
2025-01-21,0.007509375389780975
2025-01-22,0.009203664138105343
2025-01-23,0.003792036978792458
2025-01-24,-0.004285207105709645
2025-01-27,-0.021630032187993052
2025-01-28,0.011686156078733134
2025-01-29,-0.003180304194656784
2025-01-30,0.004814571342589382
2025-01-31,-0.0033874908407509996
2025-02-03,-0.0073662898318203164
2025-02-04,0.009491733780256709
2025-02-05,0.004296387395047518
2025-02-06,0.0043475604728540045
2025-02-07,-0.010883513982271067
2025-02-10,0.009448254864358152
2025-02-11,-0.0008101869988308568
2025-02-12,-0.0013171233054810171
2025-02-13,0.012471770345607477
2025-02-14,0.0020746517647410624
2025-02-18,0.002601419374616489
2025-02-19,0.001316437666721738
2025-02-20,-0.004202455280392676
2025-02-21,-0.01892923836637675
2025-02-24,-0.008177358020685413
2025-02-25,-0.008786341471988266
2025-02-26,0.0014603234031559267
2025-02-27,-0.021866696762485698
2025-02-28,0.015698444086155353
2025-03-03,-0.019701097010865774
2025-03-04,-0.007427321727861544
2025-03-05,0.011892027274074199
2025-03-06,-0.02263034412149844
2025-03-07,0.006479179216865023
2025-03-10,-0.03269602254492422
2025-03-11,-0.00535157386237929
2025-03-12,0.00829358767995288
2025-03-13,-0.015660387270023036
2025-03-14,0.022413067428085354
2025-03-17,0.007097578001189084
2025-03-18,-0.013928056161085452
2025-03-19,0.012136273475168678
2025-03-20,-0.003140681162864124
2025-03-21,0.0018133337191646927
2025-03-24,0.01992630598486343
2025-03-25,0.004055354443458298
2025-03-26,-0.01516949649835768
2025-03-27,-0.004176851290431866
2025-03-28,-0.023233071485175602
2025-03-31,0.0033350849553653314
2025-04-01,0.00544269773669212
2025-04-02,0.00681349530978909
2025-04-03,-0.051407205537469844
2025-04-04,-0.06032587116050217
2025-04-07,0.0003159374752399603
2025-04-08,-0.01683555939537594
2025-04-09,0.11252502039336293
2025-04-10,-0.04317558704856929
2025-04-11,0.01813302884791248
2025-04-14,0.008239627140126179
2025-04-15,-0.0008430645622900568
2025-04-16,-0.026190727236683357
2025-04-17,0.0006233731356498925
2025-04-21,-0.024274678433642484
2025-04-22,0.0261349201313175
2025-04-23,0.01908671258518673
2025-04-24,0.024593091178627482
2025-04-25,0.009186593430207614
2025-04-28,3.206391984731112e-05
2025-04-29,0.006451840649785224
2025-04-30,0.00013535398190817231
2025-05-01,0.010073824560034278
2025-05-02,0.014844076597918157
2025-05-05,-0.005833508890052363
2025-05-06,-0.008830008856085987
2025-05-07,0.0040657041343347255
2025-05-08,0.008646338328801417
2025-05-09,-0.000964776449266869
2025-05-12,0.03689392556783
2025-05-13,0.010922239246664826
2025-05-14,0.0036354375831652006
2025-05-15,0.0029917176316196013
2025-05-16,0.005343409339625044
2025-05-19,0.0010262741911533672
2025-05-20,-0.0033478132386384994
2025-05-21,-0.01537373230840236
2025-05-22,0.001132909857823417
2025-05-23,-0.008043245966897854
2025-05-27,0.02215797541340539
2025-05-28,-0.005108779482424396
2025-05-29,0.0029566833765261044
2025-05-30,-0.0013478143863203517
2025-06-02,0.006765525264037274
2025-06-03,0.006759785746682131
2025-06-04,0.001259759047275716
2025-06-05,-0.006179912087567496
2025-06-06,0.01002209152384765
2025-06-09,0.0011866255569090082
2025-06-10,0.00614195579141077
2025-06-11,-0.0031107952608503183
2025-06-12,0.003160981876972095
2025-06-13,-0.011867298895835095
2025-06-16,0.011711962509894347
2025-06-17,-0.00914805632292295
2025-06-18,-0.00016054492954398127
2025-06-20,-0.003215883905777251
2025-06-23,0.010080030843276001
2025-06-24,0.013169630550685808
2025-06-25,0.0015584088019853545
2025-06-26,0.00858704771020237
2025-06-27,0.00419600621692813
2025-06-30,0.005629038182015999
2025-07-01,-0.004376535975012084
2025-07-02,0.005749339107120154
2025-07-03,0.008860800267526902
2025-07-07,-0.007492390385768167
2025-07-08,6.963318972262524e-06
2025-07-09,0.0065377787020509505
2025-07-10,0.0006909936558962682
2025-07-11,-0.002882948211883302
2025-07-14,0.002767511901251512
2025-07-15,-0.0016782172426287759
2025-07-16,0.0021835637506618316
2025-07-17,0.0071062569950985505
2025-07-18,-0.0008467503949660046
2025-07-21,0.0035403580101195206
2025-07-22,-0.0025162121013706136
2025-07-23,0.0065343629054003885
2025-07-24,0.0012296645181443047
2025-07-25,0.0033157561793828844
2025-07-28,0.0014369873624092136
2025-07-29,-0.0020932615974728706
2025-07-30,4.0231259953525016e-05
2025-07-31,-0.004525196112559796
2025-08-01,-0.01804458652115974
2025-08-04,0.016825704651602425
2025-08-05,-0.005929776348364344
2025-08-06,0.010121552883039609
2025-08-07,0.0012731823931531505
2025-08-08,0.008562993524586776
2025-08-11,-0.002468178442652446
2025-08-12,0.011607385249348776
2025-08-13,0.0019616301100260727
2025-08-14,-0.0003412346875670466
2025-08-15,-0.0033693434961618446
2025-08-18,-0.0003081099559310935
2025-08-19,-0.009496308281595428
2025-08-20,-0.004297105586521268
2025-08-21,-0.00432089968542868
2025-08-22,0.015392206155024842
2025-08-25,-0.0036428922077966367
2025-08-26,0.00410119460043366
2025-08-27,0.0019075907268598733
2025-08-28,0.0049006805630616
2025-08-29,-0.008769639314864583
2025-09-02,-0.00789515525354117
2025-09-03,0.006643533234688805
2025-09-04,0.008704431280351773
2025-09-05,-0.0007266925767845001
2025-09-08,0.0036672742963642906
2025-09-09,0.0025725565938518975
2025-09-10,0.0016090254167925077
2025-09-11,0.007065403899778855
2025-09-12,0.002041277340157511
2025-09-15,0.006940501380275464
2025-09-16,-0.0011110317039794316
2025-09-17,-0.001619211528654092
2025-09-18,0.006844722621993863
2025-09-19,0.005861063146383777
2025-09-22,0.005325591372691965
2025-09-23,-0.006042865125850474
2025-09-24,-0.003346167058054671
2025-09-25,-0.004462305251078845
2025-09-26,0.004919998229321404
2025-09-29,0.0037207509687576176
2025-09-30,0.0032529137816936387
2025-10-01,0.004102357835206607
2025-10-02,0.00263138777741576
2025-10-03,-0.002112236343684078
2025-10-06,0.005548193602464491
2025-10-07,-0.004486520565581094
2025-10-08,0.008713365751165953
2025-10-09,-0.002053615489023721
2025-10-10,-0.03087105079068912
2025-10-13,0.018282649735563837
2025-10-14,-0.003941233313699618
2025-10-15,0.005748149980585824
2025-10-16,-0.0052564960524294
2025-10-17,0.006121483679080159
2025-10-20,0.01150054547793914
2025-10-21,-0.00013819796227650105
2025-10-22,-0.007416431999253668
2025-10-23,0.007168233489689981
2025-10-24,0.009425405401167762
2025-10-27,0.014803412366052045
2025-10-28,0.005172929418476058
2025-10-29,0.0024917145314189986
2025-10-30,-0.01314339364433011
2025-10-31,0.004052128404435539
2025-11-03,0.003330709614513389
2025-11-04,-0.016075774375983412
2025-11-05,0.004986650122235674
2025-11-06,-0.01467831131208668
2025-11-07,-0.0010854235685600782
2025-11-10,0.018864269865308363
2025-11-11,-0.0001870860660804052
2025-11-12,-0.00011601875641416634
2025-11-13,-0.01850496520341352
2025-11-14,0.0002961761348445343
2025-11-17,-0.008928524616698704
2025-11-18,-0.010286577990509825
2025-11-19,0.004916628553837654
2025-11-20,-0.01945714332806793
2025-11-21,0.008737060896242545
2025-11-24,0.02014587579608212
2025-11-25,0.00778477520937398
2025-11-26,0.00786966156437368
2025-11-28,0.006782791097068412
2025-12-01,-0.003962199423819548
2025-12-02,0.004839120505023979
2025-12-03,0.0029532737801683524
2025-12-04,-9.951201700549538e-05
2025-12-05,0.0029884441385742075
2025-12-08,-0.0024613709952406816
2025-12-09,0.00018513318183043908
2025-12-10,0.005363974388459357
2025-12-11,-0.00045380123188976714
2025-12-12,-0.01493507596563999
2025-12-15,-0.0032651848056882786
2025-12-16,-0.000375201739731748
2025-12-17,-0.014770385044822707
2025-12-18,0.011020771169463569
2025-12-19,0.0110493690469647
2025-12-22,0.00551168737668092
2025-12-23,0.004626988772165982
2025-12-24,0.003221554275034188
2025-12-26,-8.278986733007118e-05
2025-12-29,-0.004202107471659406
2025-12-30,-0.001770271762091648
2025-12-31,-0.007837262255382645
2026-01-02,-5.200998018108766e-05
2026-01-05,0.00730151621305527
2026-01-06,0.0073669458620947564
2026-01-07,-0.0011305366570870706
2026-01-08,-0.002895226578903253
2026-01-09,0.008286768809697602
2026-01-12,0.0012001328539463661
2026-01-13,-0.0017411202356773408
2026-01-14,-0.007799154887226293
2026-01-15,0.003161416400281813
2026-01-16,-0.0008371370709749585
2026-01-20,-0.020801908621434283
2026-01-21,0.012529773507881141
2026-01-22,0.006246214741023609
2026-01-23,0.0017601391078640356
2026-01-26,0.004739174305387608
2026-01-27,0.0065247616641677785
2026-01-28,0.0016053266616425819
2026-01-29,-0.003984787913543108
2026-01-30,-0.007496718880530217
2026-02-02,0.00591893120800405
2026-02-03,-0.011909691149202945
2026-02-04,-0.011156539643207569
2026-02-05,-0.013442296131268591
2026-02-06,0.02016144413501953
2026-02-09,0.006240919501523588
2026-02-10,-0.0036382100390899017
2026-02-11,0.0012254713665082312
2026-02-12,-0.017893867194616685
2026-02-13,0.0014177734004410577
2026-02-17,0.0002916757606587781
2026-02-18,0.006252548389857542
2026-02-19,-0.00323368268152767
2026-02-20,0.008040305087495005
2026-02-23,-0.011183074005216391
2026-02-24,0.009004991392898544
2026-02-25,0.01146576939383916
2026-02-26,-0.008809438925588994
2026-02-27,-0.004001384613584289
2026-03-02,0.0009429732743206859
2026-03-03,-0.009760060174317093
2026-03-04,0.011149241680696182
2026-03-05,-0.004294082905753083
2026-03-06,-0.01407517667085334
2026-03-09,0.011057732036212155
2026-03-10,-0.0007952901976462142
2026-03-11,-0.000693437537056503
2026-03-12,-0.016174088206400736
2026-03-13,-0.0057936357752525515
2026-03-16,0.010697189057385374
2026-03-17,0.003755386484612277
2026-03-18,-0.013946659637187792
2026-03-19,-0.002812362392618655
2026-03-20,-0.01640876137088861
2026-03-23,0.010989549377109331
2026-03-24,-0.005096834538988684
2026-03-25,0.0060742396983684815
2026-03-26,-0.02086332417258928
2026-03-27,-0.018294286035146337
2026-03-30,-0.005493434505881604
2026-03-31,0.03146091421666934
2026-04-01,0.00994383930442699
2026-04-02,0.0010235542285892537
2026-04-06,0.005372032770183827
2026-04-07,0.00029653091947718795
2026-04-08,0.027600830508617398
2026-04-09,0.006266893524558448
2026-04-10,0.0003901844104805789
2026-04-13,0.010057397989489545
2026-04-14,0.015170945702320797
2026-04-15,0.010945251875551943
2026-04-16,0.0036368607566442434
2026-04-17,0.012584904669264874
2026-04-20,-0.002587317403114154
2026-04-21,-0.005175115071477936
2026-04-22,0.01342866649196597
2026-04-23,-0.004756738638032079
2026-04-24,0.013438378503342584
2026-04-27,0.0011250661216287304
2026-04-28,-0.007461360968010111
2026-04-29,0.002979489459260091
2026-04-30,0.009637936894377157
2026-05-01,0.006184349440196378
2026-05-04,-0.0027736081387142956
2026-05-05,0.010498135565654338
2026-05-06,0.01733690197301638
2026-05-07,-0.002129521220866404
2026-05-08,0.01584846996796805
2026-05-11,0.0025869386220548473
2026-05-12,-0.004998347273565323
2026-05-13,0.008078568201392126
2026-05-14,0.007500978863198958
2026-05-15,-0.01355847262493216
2026-05-18,-0.0025029123187058225
2026-05-19,-0.006411656594143297
2026-05-20,0.013406406324795672
2026-05-21,0.001945054545648826
2026-05-22,0.004086099700021781
2026-05-26,0.012196892034258364
2026-05-27,-0.0006549215645232201
2026-05-28,0.006973766890589453
2026-05-29,0.0030877515228218072
2026-06-01,0.004361669241500693
2026-06-02,0.0029812220434787683
2026-06-03,-0.004815209887857102
2026-06-04,-0.0005293827036543645
2026-06-05,-0.03690516315896312
2026-06-08,0.008939946226425959
2026-06-09,-0.007221363804588883
2026-06-10,-0.017871046854579523
2026-06-11,0.02538635064306357
2026-06-12,0.005646441881349943
2026-06-15,0.024523890001509695
2026-06-16,-0.012483494169625225
2026-06-17,-0.011279160222715058
2026-06-18,0.017731231198805514
2026-06-22,-0.0028285452213759935
2026-06-23,-0.023725504708175117
2026-06-24,-0.0023546461338259245
2026-06-25,0.004775591257633174
2026-06-26,-0.010497442640577184
2026-06-29,0.020664488834506736
2026-06-30,0.012400764559518343
2026-07-01,-0.008301233580851221
2026-07-02,-0.009323938005111236
2026-07-06,0.011534654739213845
2026-07-07,-0.01163830380039721
2026-07-08,-0.00012805537821539755
2026-07-09,0.012553795321123402
2026-07-10,0.003696635140049712
2026-07-13,-0.013317994961136833
2026-07-14,0.0073602575569830155
2026-07-15,0.0006270461301143113
2026-07-16,-0.010929557457448443
2026-07-17,-0.012463390540020058
2026-07-20,-0.0002822404278736112
2026-07-21,0.013444277735197914
2026-07-22,-0.003134411190058125
2026-07-23,-0.01566630876376235
2026-07-24,-0.005077622482981988
2026-07-27,-0.0014335595525252812
2026-07-28,-0.003662472076873706
2026-07-29,-0.017878958942311056
2026-07-30,0.02486997151652754
2026-07-31,0.006847719537841852
2026-08-03,0.01590070579857726
2026-08-04,0.025998449203733547
2026-08-05,-0.005522678663855075
2026-08-06,-0.0026460907585529624
2026-08-07,0.008920673563870496
2026-08-10,-0.0016424522725905512
2026-08-11,-0.003276126982395736
2026-08-12,0.004906026177617127
2026-08-13,0.009271526101615005
2026-08-14,-0.00167287239799674
2026-08-17,-0.003184423796158482
2026-08-18,-0.011845115452837356
2026-08-19,5.237916419982319e-05
2026-08-20,-0.007795890837868884
2026-08-21,0.0038109499738490865
2026-08-24,-0.0064591408399532375
2026-08-25,0.004712681169905646
2026-08-26,0.0005683074805609952
2026-08-27,0.010122365363352166
2026-08-28,-0.004379727851729381
2026-08-31,-0.0012644693318340974
2026-09-01,-0.009797188533750343
2026-09-02,0.0033489717185213896
2026-09-03,0.011177175308388642
2026-09-04,-0.001028347052911216
2026-09-08,-0.0031633517502160048
2026-09-09,-0.0037507097693109106
2026-09-10,-0.008316058574322943
2026-09-11,0.008629346401322301
2026-09-14,-0.006217527370338323
2026-09-15,-0.005564776234376638
2026-09-16,-0.0020771994855362658
2026-09-17,0.014325309042994082
2026-09-18,0.0038028594028875224
2026-09-21,0.02216276588154494
2026-09-22,0.003961741734874943
2026-09-23,-0.007781906116518492
2026-09-24,-0.00048449520847836856
2026-09-25,0.005011638409033131
