date,returns
2011-11-01,0.0
2011-11-02,0.009462501336288032
2011-11-03,0.013522800277725918
2011-11-04,-0.00520155235484669
2011-11-07,0.0018716000906889127
2011-11-08,0.012549518209046498
2011-11-09,-0.053764362820376214
2011-11-10,0.015372504738587478
2011-11-11,0.0007457458980069829
2011-11-14,-0.006153668859877434
2011-11-15,0.0030714506946183415
2011-11-16,-0.01295977598328573
2011-11-17,-0.016759111760547167
2011-11-18,0.007831826988935918
2011-11-21,-0.0009610601027530601
2011-11-22,0.004792790713203842
2011-11-23,-0.011804457437334267
2011-11-25,-0.02266916404355496
2011-11-28,0.10326462119649682
2011-11-29,0.0006353282419814813
2011-11-30,0.04270132745008997
2011-12-01,0.0038305982549441298
2011-12-02,-0.003620696502277976
2011-12-05,0.005325438807869251
2011-12-06,0.0019921358041606425
2011-12-07,-0.0034195216131856603
2011-12-08,0.09248550205406114
2011-12-09,0.017594789737287266
2011-12-12,-0.00213828533283479
2011-12-13,0.00026046932391858135
2011-12-14,-0.00035904573724630253
2011-12-15,0.016318034419985014
2011-12-16,0.0005848643699541874
2011-12-19,-0.0024698464318225564
2011-12-20,0.034035032274407614
2011-12-21,0.025194272955140717
2011-12-22,0.0014403639409779467
2011-12-23,-0.0004994324768854493
2011-12-27,0.0050941319958194
2011-12-28,-0.017043013712269364
2011-12-29,0.006648839074219147
2011-12-30,-0.00322039722709353
2012-01-03,0.012936882749857924
2012-01-04,0.0032562418831691277
2012-01-05,0.008731544512900206
2012-01-06,0.003213394390141591
2012-01-09,0.003842389378620498
2012-01-10,0.00858099552532365
2012-01-11,-0.004761941937937137
2012-01-12,0.004541263551562014
2012-01-13,-0.007602443401070186
2012-01-17,0.004152388341916273
2012-01-18,0.009725965448750377
2012-01-19,0.005940832954887881
2012-01-20,0.0046279039214104315
2012-01-23,0.0041339787810514145
2012-01-24,-0.0023816818000794134
2012-01-25,0.017455019582625693
2012-01-26,0.0
2012-01-27,0.0023992978417688234
2012-01-30,-0.009612237424823375
2012-01-31,0.0016173878030047125
2012-02-01,0.009965135503412966
2012-02-02,-0.0602782629482556
2012-02-03,-0.1052630727977801
2012-02-06,-0.023897147035751052
2012-02-07,0.015065978257515761
2012-02-08,0.04638212006117909
2012-02-09,0.09929082066026361
2012-02-10,0.17096774562941383
2012-02-13,0.0005255891894407733
2012-02-14,0.060064913620059834
2012-02-15,0.11332316951033752
2012-02-16,0.010271120739528777
2012-02-17,-0.0006117560296238205
2012-02-21,-0.004312923190719674
2012-02-22,-0.0001321701089274791
2012-02-23,0.00934354292978844
2012-02-24,-0.001428936582313759
2012-02-27,0.0012156980394570276
2012-02-28,0.0018161990142135146
2012-02-29,-0.0012580575670860274
2012-03-01,0.006403297698817851
2012-03-02,0.00012446093808520374
2012-03-05,0.00015430048470246082
2012-03-06,-0.01684267496077094
2012-03-07,0.012584822332461044
2012-03-08,0.010164972263573085
2012-03-09,0.0004469753939761187
2012-03-12,0.008649573480318815
2012-03-13,0.014346283943635704
2012-03-14,-0.010541735603208788
2012-03-15,0.00289904114751236
2012-03-16,-0.0006607767848453093
2012-03-19,0.00804520401663908
2012-03-20,-0.09656751834970459
2012-03-21,-0.09827760504766632
2012-03-22,0.020786509304178896
2012-03-23,0.01121863263395666
2012-03-26,0.02458125814912799
2012-03-27,0.19843137658045362
2012-03-28,0.01178007439708382
2012-03-29,0.0026740645702191023
2012-03-30,0.007907827722548562
2012-04-02,0.0034931080165835023
2012-04-03,-0.004911277356496849
2012-04-04,-0.002620115273795353
2012-04-05,-0.004643059467981999
2012-04-09,-0.01581443976613016
2012-04-10,-0.02232358841817282
2012-04-11,0.006794889672264394
2012-04-12,0.023676933994743916
2012-04-13,-0.01696303902959841
2012-04-16,0.002908705053284353
2012-04-17,0.015392772974484338
2012-04-18,-0.0031577796223772646
2012-04-19,-0.003203180994538374
2012-04-20,0.007956441086633952
2012-04-23,-0.010250575039773266
2012-04-24,0.005669250846150912
2012-04-25,0.002770494312096701
2012-04-26,0.009555632000189196
2012-04-27,0.0042331005868033135
2012-04-30,-0.004089875158687379
2012-05-01,0.008522438690039807
2012-05-02,-0.0026535097168780874
2012-05-03,-0.00685949289138031
2012-05-04,-0.012068997447948076
2012-05-07,0.0035409318851502385
2012-05-08,-0.0021570994411526374
2012-05-09,-0.010089817181059222
2012-05-10,0.00782454807709775
2012-05-11,-0.0039348821017361766
2012-05-14,-0.015190630600331772
2012-05-15,-0.008726915879240928
2012-05-16,-0.021704311343074052
2012-05-17,-0.061531987698541186
2012-05-18,-0.04014277862667565
2012-05-21,0.08410925227789569
2012-05-22,-0.010355746498636274
2012-05-23,0.005234219839761922
2012-05-24,-0.0027735034076835376
2012-05-25,0.0020371825012910644
2012-05-29,0.010515932927650077
2012-05-30,-0.015350446569730699
2012-05-31,-0.004739347254729345
2012-06-01,-0.022127582572585878
2012-06-04,0.02144927927116264
2012-06-05,0.005261845092003543
2012-06-06,0.0010386495086227839
2012-06-07,0.004679239578276786
2012-06-08,0.011210956576290636
2012-06-11,-0.016428832464080962
2012-06-12,0.0064917397092125965
2012-06-13,-0.009199191868200493
2012-06-14,0.00035823780908612174
2012-06-15,0.0011424249963760814
2012-06-18,0.021573277079476802
2012-06-19,0.0049678645202098255
2012-06-20,2.1108573522353593e-05
2012-06-21,-0.02808960180349756
2012-06-22,0.017153334440972612
2012-06-25,-0.015800328286915053
2012-06-26,0.0001228366357219547
2012-06-27,0.00032416600045466373
2012-06-28,0.007588219685922938
2012-06-29,0.01974179886963927
2012-07-02,0.011643588970791591
2012-07-03,0.0011902549852681403
2012-07-05,-0.008103012053860593
2012-07-06,-0.0028219045946212616
2012-07-09,1.5738128506150766e-05
2012-07-10,-0.0049954202525288776
2012-07-11,0.007314722507083333
2012-07-12,-0.002568338292518036
2012-07-13,0.017267527137880188
2012-07-16,0.00028529811269366713
2012-07-17,0.010874430312542012
2012-07-18,0.0013912560268269977
2012-07-19,0.00509848399442344
2012-07-20,-0.011484523573259603
2012-07-23,-0.017588723356277473
2012-07-24,-0.009929528405650473
2012-07-25,0.002307791584961215
2012-07-26,0.019861421664378997
2012-07-27,0.0003946404167348074
2012-07-30,0.0003730802276981947
2012-07-31,-0.012385296729355214
2012-08-01,0.00038889714965143147
2012-08-02,0.00036975999266089553
2012-08-03,0.02444086021781224
2012-08-06,0.004219799410622812
2012-08-07,-0.007366125580975775
2012-08-08,0.00781314610313062
2012-08-09,0.0004460965160417214
2012-08-10,0.005121687317162242
2012-08-13,0.0041433011290429415
2012-08-14,-0.008581936433860885
2012-08-15,-0.0001927470618305557
2012-08-16,-0.03963968485155321
2012-08-17,0.003298047259509696
2012-08-20,0.003976214535295754
2012-08-21,0.04752471023437068
2012-08-22,-0.0009575908112671444
2012-08-23,-0.00896703243167405
2012-08-24,0.01044884150898266
2012-08-27,-0.0013386963459878936
2012-08-28,-0.004619360928962181
2012-08-29,1.0169074329886884e-06
2012-08-30,-0.005970259770899819
2012-08-31,0.008460127454996259
2012-09-04,0.0023981423929641922
2012-09-05,0.006131458276091556
2012-09-06,0.0280929051344503
2012-09-07,0.007749027309365709
2012-09-10,-0.009218396757847315
2012-09-11,-0.00020501336981160688
2012-09-12,0.0026290358354517014
2012-09-13,0.020081427239052513
2012-09-14,-0.006881938962839892
2012-09-17,-0.0156058479801161
2012-09-18,0.002491100146665967
2012-09-19,0.003463731546551567
2012-09-20,0.003644032281078484
2012-09-21,0.0020860973171210446
2012-09-24,0.004803771722792077
2012-09-25,-0.013732588787797066
2012-09-26,-0.010387981691823651
2012-09-27,0.02394492487892501
2012-09-28,-0.00021148833866360263
2012-10-01,-0.002475882062948644
2012-10-02,0.005005684885815474
2012-10-03,0.006699378776910884
2012-10-04,0.008802215162402443
2012-10-05,0.002130376351739136
2012-10-08,-0.001596973098529219
2012-10-09,-0.01415217305043053
2012-10-10,-0.000507408460952547
2012-10-11,-0.0003885508728925463
2012-10-12,-0.00017920652714081232
2012-10-15,0.0199451402096216
2012-10-16,0.00930161791151823
2012-10-17,0.007916293525897464
2012-10-18,0.0020370438987657447
2012-10-19,-0.021015041286470013
2012-10-22,0.01568727436807702
2012-10-23,-0.0002821188174958216
2012-10-24,-0.009970192386828782
2012-10-25,0.0
2012-10-26,0.010459085848427552
2012-10-31,-0.005332058909563894
2012-11-01,0.04241577988158523
2012-11-02,-0.00833896441643771
2012-11-05,-0.007823004866279435
2012-11-06,0.007964067739047578
2012-11-07,-0.0275793114148776
2012-11-08,-0.003134629508506773
2012-11-09,0.01088452886837704
2012-11-12,0.0014774740955959351
2012-11-13,0.0005288805831454635
2012-11-14,-0.035768785725301525
2012-11-15,-0.008939349110137633
2012-11-16,0.0112754354408484
2012-11-19,0.07201584849972435
2012-11-20,0.0047554535622920825
2012-11-21,-0.0016461671657696584
2012-11-23,0.012898794282228038
2012-11-26,0.002728850433708573
2012-11-27,-0.005836168460485142
2012-11-28,0.011363339258664807
2012-11-29,0.006708318575681445
2012-11-30,0.00025867755681054257
2012-12-03,-0.007082423822782444
2012-12-04,-0.004782103578648807
2012-12-05,0.0038166443763297388
2012-12-06,-0.00262045881271803
2012-12-07,0.008422469743532448
2012-12-10,-0.002114306151598908
2012-12-11,0.01048345298079542
2012-12-12,-0.005244620820170978
2012-12-13,-0.008655243685368021
2012-12-14,-0.004492513160011182
2012-12-17,0.00864682237077324
2012-12-18,0.014090676922459227
2012-12-19,-0.019543483997333192
2012-12-20,-0.00011581777291489106
2012-12-21,-0.0005527981814048168
2012-12-24,0.004482343394220133
2012-12-26,-0.0005539858465828727
2012-12-27,1.4284660967701928e-05
2012-12-28,-0.0006973364484765816
2012-12-31,0.001515016440033612
2013-01-02,0.031885144244693665
2013-01-03,-0.00031372201821011625
2013-01-04,0.0069368139184348265
2013-01-07,-0.002686983831961434
2013-01-08,0.00022413037707616273
2013-01-09,0.002904634812293356
2013-01-10,0.008747123224349226
2013-01-11,0.0009425647715741042
2013-01-14,0.0031284535076008765
2013-01-15,0.002241786856204329
2013-01-16,0.0009334243321166764
2013-01-17,0.005458506595820447
2013-01-18,0.013179348881951707
2013-01-22,0.008512153414621727
2013-01-23,0.0030714703468108797
2013-01-24,0.004239866123311894
2013-01-25,0.005325554908025212
2013-01-28,0.055871224242424244
2013-01-29,0.009161052877852901
2013-01-30,0.12822969114003832
2013-01-31,-5.852132500296975e-05
2013-02-01,0.0012440378517414319
2013-02-04,0.1372180210526316
2013-02-05,0.011870807725220223
2013-02-06,-3.9963646047676114e-05
2013-02-07,-0.00048042024195918507
2013-02-08,0.006324319407690085
2013-02-11,0.0014834850434555214
2013-02-12,0.004054152579691104
2013-02-13,-0.00014345433953208767
2013-02-14,-0.0005784830601904962
2013-02-15,0.0027402680739708036
2013-02-19,0.011260130070641089
2013-02-20,-0.020163231903469307
2013-02-21,-0.0026361348068893414
2013-02-22,0.008985954190054086
2013-02-25,-0.03551514626339226
2013-02-26,0.004611483236773161
2013-02-27,0.01642189086940208
2013-02-28,-0.007488389948756989
2013-03-01,-0.0035339365046206292
2013-03-04,0.01303873073896548
2013-03-05,0.010555874646657061
2013-03-06,-0.00044695758806258896
2013-03-07,0.0010881287419767626
2013-03-08,0.005224682701091243
2013-03-11,0.007830841857303133
2013-03-12,-0.001961905907458061
2013-03-13,0.0033886310417375674
2013-03-14,0.0033341511383387533
2013-03-15,0.0006071429627163847
2013-03-18,-0.011327626970579905
2013-03-19,-0.0012667739729869173
2013-03-20,0.014379803048801215
2013-03-21,-0.008878729225170771
2013-03-22,0.0012161406070284157
2013-03-25,-0.00029836223286795966
2013-03-26,0.012066115682195412
2013-03-27,0.0019295322357937518
2013-03-28,0.007020727193876184
2013-04-01,-0.0015257979118138898
2013-04-02,0.012787737068170678
2013-04-03,-0.011378882493886178
2013-04-04,0.004519556173057481
2013-04-05,-0.0020441236834962072
2013-04-08,0.009967095511543792
2013-04-09,0.0018621048563469155
2013-04-10,0.01449687981985592
2013-04-11,0.006129699201490023
2013-04-12,0.006709312463671962
2013-04-15,-0.03886065571938794
2013-04-16,0.011658396520273034
2013-04-17,-0.02777200035299044
2013-04-18,-0.01323600784642381
2013-04-19,0.01689415451190136
2013-04-22,0.007175628651814879
2013-04-23,0.012269711692048345
2013-04-24,-9.377839078271586e-05
2013-04-25,0.0012216369630697905
2013-04-26,-0.0007010108654701718
2013-04-29,0.00549071541265807
2013-04-30,0.0014040517390528791
2013-05-01,-0.014229905469724293
2013-05-02,0.009279516355652934
2013-05-03,0.007375906348268336
2013-05-06,-0.0031621549978112155
2013-05-07,0.007457602338084563
2013-05-08,-0.00289801886685568
2013-05-09,-0.00712532604408554
2013-05-10,0.00696522287766769
2013-05-13,0.001935955021105927
2013-05-14,-0.013651877729501825
2013-05-15,0.013840831062846497
2013-05-16,0.01877135372106938
2013-05-17,0.012689815346720297
2013-05-20,0.02831858471235024
2013-05-21,0.002269558410000718
2013-05-22,0.023728769139904255
2013-05-23,-6.913716606432668e-05
2013-05-24,-0.0002487960641685432
2013-05-28,-1.579126937030617e-05
2013-05-29,-0.013872601261791455
2013-05-30,0.0008464905976927119
2013-05-31,-0.02121024359443018
2013-06-03,0.0005314710693930097
2013-06-04,-0.000713502923799093
2013-06-05,-0.0016235003898252315
2013-06-06,0.000385017266986109
2013-06-07,0.013107936458388387
2013-06-10,0.0027939951564242968
2013-06-11,-0.02448130714301707
2013-06-12,-0.0012819147805860596
2013-06-13,0.0016748129574030793
2013-06-14,4.9098456479130045e-05
2013-06-17,0.004482893565183501
2013-06-18,0.00457098054663323
2013-06-19,-0.002422770689764616
2013-06-20,-0.0478463178090474
2013-06-21,0.00021819709539197356
2013-06-24,-0.001702829380590331
2013-06-25,0.0
2013-06-26,0.0014681436937054818
2013-06-27,0.0010633529349140173
2013-06-28,0.0007354947395988672
2013-07-01,0.006290172357979096
2013-07-02,-0.003785222401925078
2013-07-03,0.0029373386915740674
2013-07-05,0.016546138423519936
2013-07-08,0.016169333769318707
2013-07-09,0.007952426267355166
2013-07-10,0.005321508408038134
2013-07-11,0.017316837384998608
2013-07-12,0.0014779207732266118
2013-07-15,0.00783323935296426
2013-07-16,-0.010281021721438261
2013-07-17,0.007929806032347287
2013-07-18,0.00790515712791056
2013-07-19,0.007777625696681042
2013-07-22,0.005745912766571066
2013-07-23,0.00014678043281559917
2013-07-24,-0.007338092095599759
2013-07-25,0.009093681520078337
2013-07-26,0.003931385275462099
2013-07-29,-0.004754497792503089
2013-07-30,0.003827395198207887
2013-07-31,0.005374511255017777
2013-08-01,0.015540970144464403
2013-08-02,0.008067854398932657
2013-08-05,0.0006301470973333941
2013-08-06,-0.011158024267576857
2013-08-07,-0.004266919163768279
2013-08-08,0.006150411742681684
2013-08-09,-0.005962657672378984
2013-08-12,0.001291680671252194
2013-08-13,0.0004695896204483828
2013-08-14,-0.009183829307945491
2013-08-15,-0.02466999953005308
2013-08-16,-6.913841405775376e-06
2013-08-19,-0.00042572925786893445
2013-08-20,0.0008477194915659157
2013-08-21,-0.0010374560485417405
2013-08-22,0.001114640454120835
2013-08-23,0.008342242454907209
2013-08-26,-0.009776358353043838
2013-08-27,-0.026918427757599468
2013-08-28,0.0001783990478386449
2013-08-29,-0.003955723853409794
2013-08-30,-0.0006974366854798862
2013-09-03,0.00025766447667965945
2013-09-04,0.00037368151994385024
2013-09-05,0.004425127862806859
2013-09-06,0.00028165684696179755
2013-09-09,0.012483273885154404
2013-09-10,0.013648302040575083
2013-09-11,0.007324290918035775
2013-09-12,-0.005144110868997985
2013-09-13,0.00699098446085508
2013-09-16,0.005709605474565151
2013-09-17,0.005274386076122909
2013-09-18,0.019785709777116533
2013-09-19,-0.001363515727060062
2013-09-20,-0.009340722046259752
2013-09-23,-0.003995014286843831
2013-09-24,-0.0008227106920711232
2013-09-25,-0.004227111993077308
2013-09-26,0.00559082903083087
2013-09-27,-0.00995075552719063
2013-09-30,-0.009682711976691741
2013-10-01,0.010722698208017715
2013-10-02,-3.611750357875888e-05
2013-10-03,-0.011808924293082647
2013-10-04,0.0019364462272272647
2013-10-07,-0.0015471321596650274
2013-10-08,-0.004277808903665131
2013-10-09,-0.00021809279467715904
2013-10-10,0.026395384513798026
2013-10-11,0.008894438287211377
2013-10-14,-0.0008297244217047445
2013-10-15,-0.020102950188128806
2013-10-16,0.03463910732784461
2013-10-17,0.018834871148225428
2013-10-18,0.002133539282713603
2013-10-21,-0.0021606781470782906
2013-10-22,0.008097969885724109
2013-10-23,-0.0030531790365308977
2013-10-24,0.004104675857369029
2013-10-25,0.006349728700216267
2013-10-28,-0.0014632928345942224
2013-10-29,0.005066799485227754
2013-10-30,-0.006833272445566004
2013-10-31,-0.0006351658387640137
2013-11-01,0.0012848463865728563
2013-11-04,0.0003765422287430936
2013-11-05,-0.0024440506561224018
2013-11-06,0.004956021577116426
2013-11-07,-0.016975412471705916
2013-11-08,0.015374358100661718
2013-11-11,0.0019148207070793935
2013-11-12,-0.002512985808845827
2013-11-13,0.0076685983664298105
2013-11-14,0.009061021794271828
2013-11-15,0.007684458566461472
2013-11-18,-0.003445689642510617
2013-11-19,-0.005999568746261244
2013-11-20,0.003327918397494729
2013-11-21,0.014049675884272006
2013-11-22,0.00872928726154127
2013-11-25,-0.0009085568310946003
2013-11-26,-0.003682711810387534
2013-11-27,1.0018120733057108e-05
2013-11-29,-0.003617071149108265
2013-12-02,-0.00253257754391962
2013-12-03,0.00010944658131828376
2013-12-04,-0.00010247845326063102
2013-12-05,-3.254772168135926e-05
2013-12-06,0.0005743113369485258
2013-12-09,0.0009092471828688829
2013-12-10,-0.004495888212976941
2013-12-11,-0.022131306849392546
2013-12-12,-0.0006904490581829438
2013-12-13,-2.7390108058592558e-05
2013-12-16,0.0008371379656873187
2013-12-17,0.0006213457962074465
2013-12-18,0.018969564097267733
2013-12-19,-0.004874297589228251
2013-12-20,0.003732609975400584
2013-12-23,0.009724622979508851
2013-12-24,0.005577506661823511
2013-12-26,0.00673527745899527
2013-12-27,-0.0038382586670108734
2013-12-30,-0.0010488220492911413
2013-12-31,0.00168780423778175
2014-01-02,-0.010978808921749829
2014-01-03,0.0005000672762543843
2014-01-06,-0.0004050448675542387
2014-01-07,0.006760231672229907
2014-01-08,-0.0006443180111231883
2014-01-09,0.002427531279114486
2014-01-10,0.010682888252080506
2014-01-13,-0.01853545160173283
2014-01-14,0.015470311692619516
2014-01-15,-0.0007985364194741202
2014-01-16,-0.00032075947362928564
2014-01-17,-0.001899529150357732
2014-01-21,0.003572881467318756
2014-01-22,0.004974082664035885
2014-01-23,-0.01106767620605239
2014-01-24,-0.024872055480259333
2014-01-27,-0.007332761212117981
2014-01-28,0.010102432574220313
2014-01-29,-0.01730094773069622
2014-01-30,0.00525287521037414
2014-01-31,-0.018799132616913152
2014-02-03,0.0
2014-02-04,0.00021875756349579178
2014-02-05,-0.0002187097190905307
2014-02-06,0.0
2014-02-07,0.016511857038275048
2014-02-10,0.004471656628409157
2014-02-11,0.014825590155098068
2014-02-12,0.00403867806617163
2014-02-13,0.007822344460890017
2014-02-14,0.007107079445767366
2014-02-18,0.005898759835803141
2014-02-19,-0.01670235941852011
2014-02-20,0.0005955559785992371
2014-02-21,-0.0010899884032125372
2014-02-24,0.002127503303656998
2014-02-25,-0.00023045518276210093
2014-02-26,-0.003033189609110721
2014-02-27,0.0018601902255967742
2014-02-28,0.028473637695182578
2014-03-03,0.11225418190144255
2014-03-04,0.015989149102530242
2014-03-05,-0.002659564455569462
2014-03-06,-0.0007060668616974525
2014-03-07,0.041924726486133476
2014-03-10,-0.008687690375859196
2014-03-11,-0.0054754329464618235
2014-03-12,0.0010161685218857876
2014-03-13,-0.012194935187260732
2014-03-14,-0.007998343231426473
2014-03-17,0.012175343225270452
2014-03-18,0.010992346500253037
2014-03-19,-0.010638990188194357
2014-03-20,0.0006487174714257135
2014-03-21,-0.005833877495705649
2014-03-24,-0.005387344308169116
2014-03-25,0.004123326911147408
2014-03-26,-0.0018962788625194868
2014-03-27,0.0022977482277867405
2014-03-28,0.002819494084282104
2014-03-31,0.014502632633047168
2014-04-01,0.011062416457881747
2014-04-02,0.00074367511888365
2014-04-03,-0.0006047183638102439
2014-04-04,-0.011754865316863296
2014-04-07,-0.013069713304228252
2014-04-08,0.005615224044885986
2014-04-09,0.008121380127970755
2014-04-10,-0.01766260903912468
2014-04-11,-0.00895228133728438
2014-04-14,0.0026713885021139518
2014-04-15,0.0030750522325842834
2014-04-16,0.009783707106765375
2014-04-17,0.0034467008675663473
2014-04-21,0.007823133239886046
2014-04-22,0.004970422003706023
2014-04-23,-0.0031595492669125123
2014-04-24,-0.00025131596723516674
2014-04-25,-0.0029739644519512394
2014-04-28,0.005630264423294707
2014-04-29,0.0005121732363169412
2014-04-30,0.0011113916314487771
2014-05-01,0.0028686679178934584
2014-05-02,-0.006325013956640905
2014-05-05,0.0071747501213617355
2014-05-06,-0.008942710691826337
2014-05-07,0.01125521137124199
2014-05-08,-0.004138717116101389
2014-05-09,0.006023599059496376
2014-05-12,0.013611241428054602
2014-05-13,-0.0006906642776639082
2014-05-14,0.0006070928307330822
2014-05-15,-0.009102924971960177
2014-05-16,0.01214268795653406
2014-05-19,0.0040637765153044205
2014-05-20,-0.00020851838216596227
2014-05-21,0.010176545760676507
2014-05-22,0.004312898274921507
2014-05-23,0.0042882224611522825
2014-05-27,0.015689374108146047
2014-05-28,0.001076483859729974
2014-05-29,0.004659792951844164
2014-05-30,0.002569674586311218
2014-06-02,0.00366326575580632
2014-06-03,-0.0008712303560472802
2014-06-04,0.005418531628952932
2014-06-05,0.015461529795563212
2014-06-06,0.016669624752654228
2014-06-09,0.02398946252536129
2014-06-10,-0.03337612323491656
2014-06-11,0.043160733067729086
2014-06-12,-0.016160385377714193
2014-06-13,0.004261427688302136
2014-06-16,0.00037579812822197004
2014-06-17,-0.0006498354543632114
2014-06-18,0.0018996125645020432
2014-06-19,0.0014332975689740034
2014-06-20,-0.0014373693964965745
2014-06-23,0.0025072779065664088
2014-06-24,-0.00614277612882124
2014-06-25,0.013089370067376628
2014-06-26,-0.0006521192117780981
2014-06-27,0.0031082475525540674
2014-06-30,0.0017014848560182182
2014-07-01,-0.04921114113485121
2014-07-02,-0.02212564147924099
2014-07-03,-0.026262703159267473
2014-07-07,0.03941911578657544
2014-07-08,0.034331389300283
2014-07-09,0.00849650649079858
2014-07-10,-0.00910510947869977
2014-07-11,0.0041050094237634685
2014-07-14,0.007504619016101601
2014-07-15,-0.006664150577100635
2014-07-16,0.0059432636926042785
2014-07-17,-0.028793504563219528
2014-07-18,0.01915693310285108
2014-07-21,-0.006781208710102349
2014-07-22,0.0056652313439548175
2014-07-23,-0.0013354659645793494
2014-07-24,0.0014301033392648587
2014-07-25,-0.011785775677710171
2014-07-28,0.0008580455253817841
2014-07-29,-2.637881660366274e-05
2014-07-30,-0.004048555689644301
2014-07-31,-0.002720022505659773
2014-08-01,-0.011736482117584528
2014-08-04,0.011342021268230454
2014-08-05,-0.018369903554622764
2014-08-06,-0.000907701063671798
2014-08-07,-0.005213767787362123
2014-08-08,-0.0002183878612259973
2014-08-11,0.011053599429156478
2014-08-12,0.0015060649390925209
2014-08-13,0.015111382141289082
2014-08-14,0.013007883434196765
2014-08-15,0.0006154211977888038
2014-08-18,0.011607176571980024
2014-08-19,0.008705993833524037
2014-08-20,0.0004160949253485921
2014-08-21,0.00023083053201421335
2014-08-22,0.0009104608346491941
2014-08-25,0.006361777987432199
2014-08-26,-0.0034335242842799198
2014-08-27,0.011749894774656624
2014-08-28,0.03649937688263786
2014-08-29,-0.0152061332640286
2014-09-02,0.01381557451613034
2014-09-03,-0.02364731963389641
2014-09-04,-0.0003855494779753612
2014-09-05,0.0016468544382292644
2014-09-08,-0.00278031584273377
2014-09-09,-0.011655015963603315
2014-09-10,0.002047800561122277
2014-09-11,-1.498099366794751e-05
2014-09-12,-0.0015151621227127673
2014-09-15,-0.0019681296549943065
2014-09-16,0.0024930218510120757
2014-09-17,0.0018884639475261005
2014-09-18,0.005764370692228346
2014-09-19,0.001653240617664086
2014-09-22,-0.015532866324343938
2014-09-23,-0.013626133611569493
2014-09-24,0.002130681118609331
2014-09-25,-0.0037806945642871923
2014-09-26,0.00149900315655667
2014-09-29,-1.2181175286812311e-05
2014-09-30,-0.0037298670492936967
2014-10-01,-0.006391779944450628
2014-10-02,0.0018068922337771255
2014-10-03,0.015756964038572
2014-10-06,-0.004010368790629223
2014-10-07,-0.02224132931520132
2014-10-08,0.023492436695537945
2014-10-09,-0.03365882761144611
2014-10-10,-0.03027000104023565
2014-10-13,0.0
2014-10-14,0.0018186561204533702
2014-10-15,-0.02135984638932227
2014-10-16,-0.015549606694297705
2014-10-17,0.039124485214469984
2014-10-20,0.0
2014-10-21,0.02407820347181443
2014-10-22,-0.013749716343273159
2014-10-23,0.0175978963758496
2014-10-24,0.008165638938633509
2014-10-27,0.0019865029592584967
2014-10-28,0.017275545421698686
2014-10-29,-0.005520093062860413
2014-10-30,0.01313630771086629
2014-10-31,0.007779667507673323
2014-11-03,-0.00012406745709915828
2014-11-04,-0.0039018136291861095
2014-11-05,-0.0269531
2014-11-06,0.0024623984127199717
2014-11-07,0.0025184666716049782
2014-11-10,0.010565200722534251
2014-11-11,0.0015511114621760847
2014-11-12,-0.005766165496380193
2014-11-13,-0.0024043618205205697
2014-11-14,-0.002528102361398895
2014-11-17,0.004138702917248299
2014-11-18,-0.03823664487307905
2014-11-19,0.050046742750233866
2014-11-20,-0.0164810410043593
2014-11-21,0.007669361031034002
2014-11-24,-0.04588460927152318
2014-11-25,-0.007436755813560918
2014-11-26,-0.03846157042957043
2014-11-28,0.054025975822162314
2014-12-01,0.08526364783483167
2014-12-02,0.013329712883676273
2014-12-03,0.004129662123247059
2014-12-04,-0.0009601086654230754
2014-12-05,0.00287834695153269
2014-12-08,-0.00867115502715448
2014-12-09,-0.0030910524801176908
2014-12-10,-0.02836241117365565
2014-12-11,-0.015456569280810024
2014-12-12,-0.015520651685923946
2014-12-15,-0.00043707995921561584
2014-12-16,-0.013954008240826798
2014-12-17,0.05370332807910353
2014-12-18,0.011259992556807963
2014-12-19,0.0031230099469461174
2014-12-22,0.009585631523121581
2014-12-23,-0.0036621637808769356
2014-12-24,0.008303318563105013
2014-12-26,0.00511371032269057
2014-12-29,0.006741321356405686
2014-12-30,-0.012970848396040516
2014-12-31,-0.022338498920393433
2015-01-02,0.00042070532340555565
2015-01-05,-0.01962397310389362
2015-01-06,-0.007995536047193379
2015-01-07,0.03846973996705078
2015-01-08,0.017709635581312142
2015-01-09,-0.014369677674560152
2015-01-12,-0.012948619171573021
2015-01-13,-0.006873290155201518
2015-01-14,-0.004823881478466661
2015-01-15,-0.007913020179677897
2015-01-16,0.0
2015-01-20,0.0029981126073627927
2015-01-21,0.012650406354874036
2015-01-22,0.020720289527893045
2015-01-23,-0.006565683501588989
2015-01-26,0.011723878344495384
2015-01-27,-0.012797093372955884
2015-01-28,-0.02589191372490584
2015-01-29,0.006695866637581607
2015-01-30,-0.026012029909339436
2015-02-02,0.01619866548622639
2015-02-03,0.012552400590009588
2015-02-04,-4.298772902698339e-05
2015-02-05,0.009370770951976255
2015-02-06,-0.023087546931124154
2015-02-09,-0.007595743600337181
2015-02-10,0.020223944004995345
2015-02-11,0.0008775047930813691
2015-02-12,0.015999521067917962
2015-02-13,0.0020542922218515476
2015-02-17,0.000575438745993517
2015-02-18,0.006348008115474071
2015-02-19,0.003849098374908125
2015-02-20,0.011777005361297702
2015-02-23,0.0013991959320393617
2015-02-24,0.010526082877269981
2015-02-25,-0.0020652901022431866
2015-02-26,0.0006881070014895616
2015-02-27,-0.0008015252995051929
2015-03-02,0.010053318397944398
2015-03-03,-0.007756024012609501
2015-03-04,-0.0006913725586207003
2015-03-05,0.00513699195131027
2015-03-06,-0.02435748563708534
2015-03-09,0.0012424822271742612
2015-03-10,-0.004084384830255193
2015-03-11,-0.001167431009145309
2015-03-12,0.016065265332885596
2015-03-13,-0.006325998818705526
2015-03-16,0.0029402368026066857
2015-03-17,0.0013007263549556164
2015-03-18,0.02276551374035483
2015-03-19,-0.0011028121357495044
2015-03-20,0.01121869283804271
2015-03-23,0.0038414500237265144
2015-03-24,-0.0046813822433593956
2015-03-25,-0.02416868823974047
2015-03-26,0.001202749932052398
2015-03-27,0.007852652456572592
2015-03-30,0.009278223459240212
2015-03-31,-0.012298365691357008
2015-04-01,-0.0006138783784762923
2015-04-02,0.009505303737099144
2015-04-06,0.010935901299102144
2015-04-07,-0.0029214569616910916
2015-04-08,0.009115760485838516
2015-04-09,0.010884967509598798
2015-04-10,0.018227698748132255
2015-04-13,-0.013810207975939978
2015-04-14,0.004391029157219363
2015-04-15,0.007120227706510425
2015-04-16,0.004433909091964741
2015-04-17,-0.016082600410604185
2015-04-20,0.010347764673317718
2015-04-21,-0.0004922101231620321
2015-04-22,0.004035735455954838
2015-04-23,0.0059554434538186835
2015-04-24,0.007611359513948356
2015-04-27,-0.017042364539626785
2015-04-28,0.010697694048178339
2015-04-29,-0.01182573080933957
2015-04-30,-0.002812831145147859
2015-05-01,0.0016532276241758622
2015-05-04,0.00020089758446475845
2015-05-05,-0.01961617897893201
2015-05-06,-0.0011225661524328467
2015-05-07,0.0003349323573292647
2015-05-08,0.02121464488290434
2015-05-11,-0.009281506044159527
2015-05-12,-0.0005480271443925027
2015-05-13,0.0004259186011690728
2015-05-14,0.012379458373882008
2015-05-15,0.007735021451158852
2015-05-18,0.012023929239166866
2015-05-19,0.00481502911524129
2015-05-20,-0.0003369969792198986
2015-05-21,0.007969074972010676
2015-05-22,-0.00189873857946088
2015-05-26,-0.015104516204519646
2015-05-27,0.011547891779357099
2015-05-28,-0.0019539400891792056
2015-05-29,-0.00477967019826611
2015-06-01,0.0025306739333506734
2015-06-02,-0.004324852835963065
2015-06-03,0.0034117344547596753
2015-06-04,-0.0014876983700719212
2015-06-05,-0.0013599732542842937
2015-06-08,-0.001782633424603018
2015-06-09,0.0024611373856235743
2015-06-10,0.012539900574552676
2015-06-11,0.009182694343707543
2015-06-12,-0.009148604872370923
2015-06-15,-0.010988549332865125
2015-06-16,0.007746222217729536
2015-06-17,0.004215419853460559
2015-06-18,0.009306078241139711
2015-06-19,-0.0032438272105207947
2015-06-22,0.011453128866791184
2015-06-23,0.00403016795923318
2015-06-24,-0.010780803996469518
2015-06-25,-0.00221610551869603
2015-06-26,0.003386464258060249
2015-06-29,-0.05082948172908336
2015-06-30,-0.000684074275468497
2015-07-01,0.0006413536753507249
2015-07-02,0.0014784142239968108
2015-07-06,-0.00033125139041757735
2015-07-07,0.013307454263941889
2015-07-08,-0.02680964211699984
2015-07-09,-0.0028254214611939618
2015-07-10,0.020450913157262843
2015-07-13,0.0266902654284077
2015-07-14,0.0038520449874766384
2015-07-15,0.0017704737543453603
2015-07-16,0.016990900396642923
2015-07-17,-0.003012657493245429
2015-07-20,0.0001564508413103169
2015-07-21,-0.0037727590663159346
2015-07-22,0.0038933650187455
2015-07-23,-0.00860146372761281
2015-07-24,-0.011954572468205171
2015-07-27,-0.013649774924883095
2015-07-28,0.019467449832427604
2015-07-29,0.004060034404802286
2015-07-30,0.00040855337211377017
2015-07-31,0.005289945236240976
2015-08-03,0.0026458000012663067
2015-08-04,-0.0039024729309191874
2015-08-05,0.0008962363652845031
2015-08-06,-0.015038410577228083
2015-08-07,0.0020757556919148348
2015-08-10,0.01074332498955143
2015-08-11,-0.013307814823556313
2015-08-12,0.0007768974710898005
2015-08-13,0.001929932627527721
2015-08-14,0.0031176442939038255
2015-08-17,0.009094790073477965
2015-08-18,-0.003849034691231229
2015-08-19,-0.004686744027282041
2015-08-20,-0.006550438976293895
2015-08-21,-0.12440448241899127
2015-08-24,-0.11847258165176602
2015-08-25,-0.013205117552048676
2015-08-26,0.1443223353363167
2015-08-27,-0.00021873125421943354
2015-08-28,0.00021877910804813392
2015-08-31,0.0
2015-09-01,0.0
2015-09-02,-0.00021873125421943354
2015-09-03,0.00021877910804813392
2015-09-04,-0.00021873125421943354
2015-09-08,0.0
2015-09-09,-0.007073154904363488
2015-09-10,0.007359471846528276
2015-09-11,0.010073115730942519
2015-09-14,-0.0017270401694930175
2015-09-15,0.026574711257050333
2015-09-16,0.017483443743072667
2015-09-17,0.0072522090205679075
2015-09-18,-0.030756067030959722
2015-09-21,0.012747514634852436
2015-09-22,-0.02057176048637108
2015-09-23,-0.00045248202955990767
2015-09-24,-0.005572432405123312
2015-09-25,-0.005943666405969591
2015-09-28,-0.0193893763352706
2015-09-29,-0.014817260551902453
2015-09-30,0.06615280929298993
2015-10-01,0.0026146892555987383
2015-10-02,0.015690262209761642
2015-10-05,0.01938431611912408
2015-10-06,-0.01140974081991058
2015-10-07,0.007104073989681028
2015-10-08,0.01723394205318298
2015-10-09,-0.0005253716486707026
2015-10-12,0.01625380812701231
2015-10-13,-0.01482319452269589
2015-10-14,-0.007439717779957949
2015-10-15,0.026645618370586106
2015-10-16,0.005034437039431423
2015-10-19,0.01705831683960749
2015-10-20,-0.010249718793198557
2015-10-21,-0.017457579504887168
2015-10-22,0.02272705653697158
2015-10-23,-0.003704532377677906
2015-10-26,-0.004812813573813964
2015-10-27,-0.04134191799390037
2015-10-28,0.007505608076731433
2015-10-29,0.02586206896551724
2015-10-30,0.030690537084398978
2015-11-02,0.013913917262545653
2015-11-03,-0.0015178731780931733
2015-11-04,-0.0066313499915574
2015-11-05,-0.0005585569251733253
2015-11-06,-0.007964217954519726
2015-11-09,-0.015465482846380801
2015-11-10,-5.249517275015468e-05
2015-11-11,-0.0004383305239608697
2015-11-12,-0.0011491092649222397
2015-11-13,-0.002343745769708741
2015-11-16,0.027139528645228735
2015-11-17,-0.00020725404817604397
2015-11-18,0.019363486968325246
2015-11-19,-0.00842281633527469
2015-11-20,0.013174834082148482
2015-11-23,0.00293774359151122
2015-11-24,-0.0010970442652206264
2015-11-25,0.003910030041372671
2015-11-27,-0.001791881886339448
2015-11-30,-0.004799179639009444
2015-12-01,0.017365427530884235
2015-12-02,-0.017647946074933092
2015-12-03,-0.02617749128533574
2015-12-04,0.0031541752614271243
2015-12-07,-0.006724745642537172
2015-12-08,-0.00010147212045720899
2015-12-09,-0.011518588084165542
2015-12-10,-0.0032592961972039633
2015-12-11,-0.03787253735935771
2015-12-14,0.015831011395499202
2015-12-15,0.001382958927905444
2015-12-16,0.0010685845302500132
2015-12-17,-0.0017759792573122483
2015-12-18,-0.020541553600442138
2015-12-21,0.010757410176901773
2015-12-22,0.014340405838072199
2015-12-23,0.01248102682770831
2015-12-24,0.0003021304678265287
2015-12-28,0.001813021588711659
2015-12-29,0.011183336480278402
2015-12-30,-0.008808506823171728
2015-12-31,-0.012260659356931651
2016-01-04,-0.0014161005332039658
2016-01-05,0.009171576683049864
2016-01-06,-0.001117079624908418
2016-01-07,-0.028501118769140164
2016-01-08,-0.02361130253756044
2016-01-11,0.008753896138226731
2016-01-12,0.03373498300905368
2016-01-13,-0.026566265673434425
2016-01-14,0.06468989485662918
2016-01-15,-0.02596955662310658
2016-01-19,0.004242804561425159
2016-01-20,-0.009052700489667083
2016-01-21,0.003654145555906287
2016-01-22,0.08616458364398429
2016-01-25,-0.014310777764784427
2016-01-26,0.016398202815169894
2016-01-27,-0.013072647838166597
2016-01-28,0.009170005637827461
2016-01-29,0.02062483742078815
2016-02-01,0.0070658188707988815
2016-02-02,-0.019612771803472488
2016-02-03,0.0029364949546989245
2016-02-04,-0.006206088124030512
2016-02-05,-0.010000222079703865
2016-02-08,-0.011664484339935692
2016-02-09,-0.011610203593294172
2016-02-10,0.01188777138582831
2016-02-11,-0.002377292643302172
2016-02-12,0.042618660306939185
2016-02-16,0.0123246366474218
2016-02-17,0.016444771816744704
2016-02-18,0.002610770256596379
2016-02-19,0.004091791851429544
2016-02-22,0.02397792642016976
2016-02-23,-0.014137476725664249
2016-02-24,0.004837210128883772
2016-02-25,0.016359954667481837
2016-02-26,-0.013166248815561915
2016-02-29,-0.008534026157446393
2016-03-01,0.00015434983868300577
2016-03-02,0.0056515539319984326
2016-03-03,0.009918833464500074
2016-03-04,-0.00015646965451477946
2016-03-07,0.001998113430183034
2016-03-08,-0.01101945351973106
2016-03-09,0.0041797909115755495
2016-03-10,-0.0003145729651618839
2016-03-11,0.0018054937454995345
2016-03-14,0.003878936078994424
2016-03-15,-0.006603282502921767
2016-03-16,0.014098254340834733
2016-03-17,0.005640022936228258
2016-03-18,0.003050365864680985
2016-03-21,0.0074071472507056405
2016-03-22,0.0037016562467073444
2016-03-23,-0.013235413645499744
2016-03-24,0.002156148966615395
2016-03-28,0.002870816149148352
2016-03-29,0.021438587895240946
2016-03-30,0.005734285459096523
2016-03-31,-0.000609778177868463
2016-04-01,0.01037195798361005
2016-04-04,-0.0068845634808655295
2016-04-05,-0.022197004885641327
2016-04-06,0.01947966919440513
2016-04-07,-0.003197943720072307
2016-04-08,0.006641608742539425
2016-04-11,-0.004461665447303826
2016-04-12,0.0094737634409884
2016-04-13,0.01344368860115826
2016-04-14,1.8017407352081432e-05
2016-04-15,0.004582035292480205
2016-04-18,0.016344752700476143
2016-04-19,-0.0017749140912820273
2016-04-20,-0.0070855335623915185
2016-04-21,-0.008229253600180128
2016-04-22,0.006331810541216801
2016-04-25,-0.0025744859543702235
2016-04-26,-0.0010451372592298067
2016-04-27,0.007884484454954212
2016-04-28,-0.015735454401205176
2016-04-29,-0.015939079654095214
2016-05-02,0.026455257467354384
2016-05-03,-0.011869270586378338
2016-05-04,-0.0040078460797834895
2016-05-05,-0.0005507583309329151
2016-05-06,0.014450604229807786
2016-05-09,0.009646369628116708
2016-05-10,0.015726719297492663
2016-05-11,-0.015411700304993215
2016-05-12,0.0022892526979873835
2016-05-13,-0.012167300577900567
2016-05-16,0.01498787159643431
2016-05-17,-0.018754820383485128
2016-05-18,0.00029596890498679283
2016-05-19,-0.0007805700003334845
2016-05-20,0.0024139516263309404
2016-05-23,-0.0031960425398443342
2016-05-24,0.003372663883891641
2016-05-25,0.006082110807753329
2016-05-26,0.005823798323514619
2016-05-27,0.008797172109514776
2016-05-31,0.002297477008138033
2016-06-01,0.002965936880521384
2016-06-02,0.011353518854832885
2016-06-03,0.002676266256478834
2016-06-06,0.004704867389175556
2016-06-07,-0.0016256105325106308
2016-06-08,0.0010507338653617145
2016-06-09,-0.003752902792616402
2016-06-10,0.18181818181818182
2016-06-13,-0.03896180007332738
2016-06-14,0.00546335043648045
2016-06-15,0.0026567534864088216
2016-06-16,0.006915518354817332
2016-06-17,-0.00153972444962439
2016-06-20,0.01736229406385319
2016-06-21,-0.002019050243928451
2016-06-22,-0.004879600632437539
2016-06-23,0.01771244313014609
2016-06-24,-0.04582483101187632
2016-06-27,-0.008796050332252814
2016-06-28,0.06266575640939258
2016-06-29,0.014281582207984094
2016-06-30,0.00880633187200939
2016-07-01,0.008658512368895109
2016-07-05,-0.0006665925472695631
2016-07-06,0.008214358049628473
2016-07-07,-0.006104185816106193
2016-07-08,0.01865821307902845
2016-07-11,0.0003357530613842582
2016-07-12,-0.0005363865667163674
2016-07-13,0.0036644958783540954
2016-07-14,-0.00011069291472521302
2016-07-15,0.00037380838335928854
2016-07-18,0.004257621090299207
2016-07-19,-0.0015501334609295462
2016-07-20,0.0051469455886610565
2016-07-21,-0.001382790486727692
2016-07-22,0.00918852206243823
2016-07-25,0.0003221235118055896
2016-07-26,-0.0006334842918049128
2016-07-27,0.0030489677686273715
2016-07-28,0.005476296366817499
2016-07-29,0.010219297172705411
2016-08-01,0.006332536781781365
2016-08-02,0.07695456406058125
2016-08-03,0.004242546962689236
2016-08-04,0.005036382873655722
2016-08-05,0.00744193471253562
2016-08-08,0.0005025432560742249
2016-08-09,0.0035238864022771217
2016-08-10,-0.005646768490907572
2016-08-11,0.006106070008241899
2016-08-12,0.0013397955791044252
2016-08-15,0.0010039376471605891
2016-08-16,-0.013862004419858338
2016-08-17,0.0005598847561250191
2016-08-18,0.005621847369023972
2016-08-19,-0.0032326270942674654
2016-08-22,0.00023322363178576933
2016-08-23,0.001288420655397553
2016-08-24,-0.011577459638325441
2016-08-25,-0.0008714427033464705
2016-08-26,-0.00015635520988393304
2016-08-29,0.0008962016792743812
2016-08-30,-0.0010757128363925732
2016-08-31,-0.0025579146721016813
2016-09-01,0.0004854878962045321
2016-09-02,0.012166747987898454
2016-09-06,0.009350456242561502
2016-09-07,0.003159058061319038
2016-09-08,-0.0032402334730522032
2016-09-09,-0.05935529629009926
2016-09-12,0.05127539636862479
2016-09-13,-0.0017465019425518624
2016-09-14,0.0013178102053572627
2016-09-15,0.00335565807890416
2016-09-16,-0.0005079527229594469
2016-09-19,-0.0009242626360977292
2016-09-20,6.542607204917989e-05
2016-09-21,0.02150659653142031
2016-09-22,0.0112601945227526
2016-09-23,-0.0031943704377014838
2016-09-26,-0.015617317431195965
2016-09-27,0.010314687956970044
2016-09-28,0.001602588771745188
2016-09-29,-0.019602844226874507
2016-09-30,0.011508299174166372
2016-10-03,-0.0002687062414259393
2016-10-04,-0.00595545263920513
2016-10-05,-7.0721156363051e-05
2016-10-06,-6.448252488662503e-05
2016-10-07,-0.0021548809397254833
2016-10-10,0.006937870799909468
2016-10-11,-0.0222178456647057
2016-10-12,-0.00011240045045460978
2016-10-13,-0.0003122254154590786
2016-10-14,0.0027878263550897495
2016-10-17,0.0002961840473936395
2016-10-18,0.011696969661517516
2016-10-19,0.004526865792138785
2016-10-20,0.0027729989397445214
2016-10-21,0.0036267057910759973
2016-10-24,0.009801678916416572
2016-10-25,-0.005478321234790663
2016-10-26,-0.00757745307187682
2016-10-27,-0.006600811436417445
2016-10-28,-0.01526707025595302
2016-10-31,0.00039578331276979637
2016-11-01,-0.0014025682847954527
2016-11-02,-0.0009312600405267221
2016-11-03,-0.028801130496669807
2016-11-04,-0.011351436527029938
2016-11-07,0.07165103762035893
2016-11-08,0.008874216689126017
2016-11-09,0.004620421983605628
2016-11-10,-0.007394746551866075
2016-11-11,0.003027363628787129
2016-11-14,4.84442438220566e-05
2016-11-15,0.014369828515802523
2016-11-16,-0.0015869861912989171
2016-11-17,0.011444816735310675
2016-11-18,-0.0031332441654647438
2016-11-21,0.01503619083498485
2016-11-22,0.0008270778642151307
2016-11-23,-0.0013384035941086448
2016-11-25,0.006065347307703996
2016-11-28,-0.0029083668362672897
2016-11-29,0.004711752575615674
2016-11-30,-0.002390325495117015
2016-12-01,-0.0032544098872255055
2016-12-02,0.0012060644045812318
2016-12-05,0.0012752632246493404
2016-12-06,0.00849730464668992
2016-12-07,0.00700422297876236
2016-12-08,-0.0001589843647594417
2016-12-09,0.008631679069059288
2016-12-12,0.012035010940919038
2016-12-13,0.004386916385261865
2016-12-14,-0.006362672322375398
2016-12-15,-8.796607654748426e-05
2016-12-16,0.004354094315648925
2016-12-19,0.01041408561818179
2016-12-20,0.007407554366883642
2016-12-21,0.0021250861414295963
2016-12-22,-0.006802589089862334
2016-12-23,0.0032588333519887255
2016-12-27,0.0052256018742087365
2016-12-28,-0.014909041200983738
2016-12-29,-0.0035969265092196854
2016-12-30,-0.006734346139650836
2017-01-03,0.01895105843628589
2017-01-04,0.01782446021287703
2017-01-05,0.002334009168314402
2017-01-06,0.0058606295933894895
2017-01-09,-0.001358990364837703
2017-01-10,0.002866441999157881
2017-01-11,0.004038263614157002
2017-01-12,0.00029041162350519856
2017-01-13,0.0004981387614147188
2017-01-17,0.0021760064836230573
2017-01-18,-0.00023375730592552874
2017-01-19,-0.007015221080980297
2017-01-20,0.001138065577306253
2017-01-23,-0.000586693460865449
2017-01-24,0.009380324388525757
2017-01-25,0.00900892733050344
2017-01-26,0.012863070539419087
2017-01-27,-0.02376075378943056
2017-01-30,0.057490558120016785
2017-01-31,0.00824529613249484
2017-02-01,0.0004093814945050323
2017-02-02,4.308588980833587e-06
2017-02-03,0.00061931808674793
2017-02-06,-0.001096777634655783
2017-02-07,-0.0015932079125165618
2017-02-08,0.0046120872493869355
2017-02-09,0.006459197529466491
2017-02-10,0.007531205556213141
2017-02-13,-0.0629849383842994
2017-02-14,-0.08670238675109596
2017-02-15,0.05653333333333333
2017-02-16,0.01514386673397274
2017-02-17,0.0069617105917454
2017-02-21,0.021728395061728394
2017-02-22,0.008699855002416627
2017-02-23,0.05270723526593196
2017-02-24,-0.024123805188893947
2017-02-27,-0.011194029850746268
2017-02-28,0.05188679245283019
2017-03-01,0.004043151167127565
2017-03-02,0.004217432052483599
2017-03-03,0.006581796753552133
2017-03-06,0.0011113041855765255
2017-03-07,-0.003466695678915245
2017-03-08,-0.0020589903579855606
2017-03-09,0.002128795000189709
2017-03-10,0.006089708765998498
2017-03-13,0.005531604042368898
2017-03-14,-0.005355220853287996
2017-03-15,0.016002881480751435
2017-03-16,0.0001618670748949229
2017-03-17,0.0030257557305830543
2017-03-20,-0.002480883491203505
2017-03-21,-0.013238885821071735
2017-03-22,5.2938483789375355e-05
2017-03-23,-0.009099837577808603
2017-03-24,0.005211971807779927
2017-03-27,0.005710148969842299
2017-03-28,0.014638203783345329
2017-03-29,0.0022421798672231374
2017-03-30,-0.0015008797544344495
2017-03-31,-0.003531586070849658
2017-04-03,-0.0020908661726657916
2017-04-04,0.002573721141236011
2017-04-05,-0.009359485193074031
2017-04-06,0.004638582128743898
2017-04-07,-0.010062658035446766
2017-04-10,-0.00836013254499667
2017-04-11,-0.012232519575038596
2017-04-12,-0.0008787506436176398
2017-04-13,-0.005278296914166567
2017-04-17,0.013863869790101414
2017-04-18,0.0021983384999155198
2017-04-19,-0.006074744407468415
2017-04-20,0.007140404020466571
2017-04-21,-0.001642854618167071
2017-04-24,0.020635041353581504
2017-04-25,0.005793394660741533
2017-04-26,0.0007724536251615113
2017-04-27,0.004444966391375295
2017-04-28,-0.0018363604317049097
2017-05-01,0.0036629824549662257
2017-05-02,0.0053435114503816794
2017-05-03,0.039483675018982534
2017-05-04,0.005647672847060183
2017-05-05,0.0026350717452476528
2017-05-08,-0.050190114068441066
2017-05-09,-0.004803843074459567
2017-05-10,0.006436041834271922
2017-05-11,-0.005595523581135092
2017-05-12,-0.002411575562700965
2017-05-15,-0.0443190975020145
2017-05-16,-0.0193929173693086
2017-05-17,0.36285468615649186
2017-05-18,0.007702465283721242
2017-05-19,0.017508682542886168
2017-05-22,0.011950714286355852
2017-05-23,0.0001041746115441023
2017-05-24,0.001426796065766566
2017-05-25,0.0053739218345082345
2017-05-26,0.0018259250716674614
2017-05-30,0.0014950343691776395
2017-05-31,0.0028707535303247335
2017-06-01,0.010440060251802148
2017-06-02,0.0029882021651682906
2017-06-05,0.006660323501427212
2017-06-06,0.04725897920604915
2017-06-07,0.0028633203550768077
2017-06-08,-0.003352649439355244
2017-06-09,-0.0008260868288251365
2017-06-12,-0.0009603614282888832
2017-06-13,0.0010397536345609078
2017-06-14,0.0035071921658610715
2017-06-15,-0.00027850293583611837
2017-06-16,0.002649989816169911
2017-06-19,0.008896332464191577
2017-06-20,-0.006900429737571887
2017-06-21,0.004009784181153296
2017-06-22,0.003351108565231806
2017-06-23,0.0005586542438406421
2017-06-26,0.007541808957633711
2017-06-27,-0.015359331578664571
2017-06-28,0.008112879231094383
2017-06-29,-0.018569334656726093
2017-06-30,-5.519176320161797e-05
2017-07-03,-0.00180288496359804
2017-07-05,0.001378556317926029
2017-07-06,-0.0007406787439022896
2017-07-07,0.0010021404516263803
2017-07-10,0.0011529210843616502
2017-07-11,0.0006471261654316556
2017-07-12,0.011348522759240674
2017-07-13,0.0012994940296945877
2017-07-14,0.007213660197023612
2017-07-17,0.006106418598456461
2017-07-18,0.004787455990628646
2017-07-19,0.0066175443430949825
2017-07-20,0.004890714499511593
2017-07-21,0.0034342304592276086
2017-07-24,-0.00037542982118105885
2017-07-25,-0.0023401880827690503
2017-07-26,0.0013662055485971875
2017-07-27,-0.0009776910856024133
2017-07-28,-0.0032697887306438367
2017-07-31,-0.0008998606374094097
2017-08-01,0.0007241683635543553
2017-08-02,4.7485209215498086e-05
2017-08-03,-0.0003822107769267123
2017-08-04,5.406400589291267e-06
2017-08-07,0.005427363722408669
2017-08-08,-0.008040900399479311
2017-08-09,-0.0004112070392772494
2017-08-10,-0.005249252491276676
2017-08-11,0.002380470391862759
2017-08-14,-0.00021834442886592444
2017-08-15,0.001016303002831953
2017-08-16,0.0008740777769078926
2017-08-17,-0.04453324351236907
2017-08-18,0.008644520653419419
2017-08-21,0.009994486819425014
2017-08-22,0.020230195403378927
2017-08-23,0.00029614428577255143
2017-08-24,-0.008185662612715191
2017-08-25,0.004427220018374798
2017-08-28,0.0028735370881838285
2017-08-29,-0.0014328379488006877
2017-08-30,0.0029304544751157413
2017-08-31,0.008212959831629603
2017-09-01,-0.00027250174585457783
2017-09-05,-0.005675041984529119
2017-09-06,0.007081167393018136
2017-09-07,0.0043583921515427245
2017-09-08,0.0002921361543659135
2017-09-11,0.015188265926304087
2017-09-12,-0.002858016790310679
2017-09-13,0.003350679111794949
2017-09-14,3.3244209480604286e-05
2017-09-15,0.0008992212051469732
2017-09-18,0.0028588018419179245
2017-09-19,-0.00304269461251294
2017-09-20,-0.0009084114993034224
2017-09-21,-0.0017626615997872888
2017-09-22,-0.0025909189570519405
2017-09-25,0.0006101211837911657
2017-09-26,0.00028218952336366704
2017-09-27,0.00023815423115724934
2017-09-28,0.003241931839564641
2017-09-29,0.006118992373259072
2017-10-02,0.007370106738667938
2017-10-03,0.0015687881649567915
2017-10-04,0.0071392146863844975
2017-10-05,-0.06784810126582279
2017-10-06,0.0005431830526887561
2017-10-09,0.04125950054288816
2017-10-10,0.006674522861077883
2017-10-11,0.006010208090719619
2017-10-12,-0.010826210826210826
2017-10-13,0.003941347876275224
2017-10-16,0.0028082701639470303
2017-10-17,0.004087575202115654
2017-10-18,0.0001741469177494586
2017-10-19,0.005055159945565186
2017-10-20,0.005934847005237192
2017-10-23,0.06422018348623854
2017-10-24,0.000597195777261779
2017-10-25,-0.0019124154953917873
2017-10-26,-0.001386831803067666
2017-10-27,0.01331775071053731
2017-10-30,0.0010733898175682246
2017-10-31,0.003459262820577569
2017-11-01,-0.0020954812696905504
2017-11-02,3.166652826606204e-05
2017-11-03,0.004612856858720051
2017-11-06,0.0017832839899252918
2017-11-07,0.0014328837018750863
2017-11-08,0.0007868639033924735
2017-11-09,0.026052104208416832
2017-11-10,-0.006500220797968564
2017-11-13,7.296348869158779e-05
2017-11-14,-0.0003086164316517489
2017-11-15,-0.0010632913098774792
2017-11-16,0.012481831642660179
2017-11-17,-0.0010489343664961503
2017-11-20,0.00492757944568652
2017-11-21,0.012014422682190391
2017-11-22,0.0018900750717555203
2017-11-24,0.0026420080719265146
2017-11-27,0.001769608811118202
2017-11-28,0.009204561000522462
2017-11-29,-0.0016891224949624549
2017-11-30,0.003645451231602948
2017-12-01,0.0550185873605948
2017-12-04,-0.015503875968992248
2017-12-05,-4.4686786728987145e-05
2017-12-06,0.0010485259549991625
2017-12-07,0.00864817070746622
2017-12-08,0.011190628534425425
2017-12-11,0.010202990104127369
2017-12-12,-0.0033795831536813665
2017-12-13,0.0024217249125969937
2017-12-14,-0.0008970046710453399
2017-12-15,0.01197898032861119
2017-12-18,0.0037581034961017695
2017-12-19,-0.006167111947899873
2017-12-20,-0.0018449556115019
2017-12-21,0.0009470987904756736
2017-12-22,-0.0025884705155049506
2017-12-26,-0.0005941749819947707
2017-12-27,0.0004416496480235663
2017-12-28,0.00027655312258498087
2017-12-29,-0.007826163986273024
2018-01-02,0.010778276806968367
2018-01-03,0.008485803808572737
2018-01-04,0.0005099827659016959
2018-01-05,0.004457546990488887
2018-01-08,-0.024471635150166853
2018-01-09,0.021664766248574687
2018-01-10,-0.020089285714285716
2018-01-11,0.00680601291326945
2018-01-12,0.0
2018-01-16,0.1245674740484429
2018-01-17,-0.04205128205128205
2018-01-18,0.009635974304068522
2018-01-19,-0.009544008483563097
2018-01-22,-0.044967880085653104
2018-01-23,0.03699551569506727
2018-01-24,0.04864864864864865
2018-01-25,0.03711340206185567
2018-01-26,-0.013916500994035786
2018-01-29,0.14213709677419356
2018-01-30,-0.0009299647871777613
2018-01-31,0.0004930110735211237
2018-02-01,-0.0015035289974825305
2018-02-02,-0.002492868995249907
2018-02-05,-0.00010909353117837176
2018-02-06,0.07710011903282828
2018-02-07,-0.0021586077603732213
2018-02-08,-0.00010918521105998536
2018-02-09,0.04707343546273966
2018-02-12,0.0
2018-02-13,0.0
2018-02-14,0.0
2018-02-15,0.015490012114345194
2018-02-16,0.002763112916458611
2018-02-20,-0.01161813308183604
2018-02-21,-0.006723034875923892
2018-02-22,0.0027344370639050633
2018-02-23,0.002226029218276801
2018-02-26,0.0074668581413182885
2018-02-27,-0.021062916939475963
2018-02-28,-0.009211420257734786
2018-03-01,-0.009756491594049987
2018-03-02,0.0005267511762207715
2018-03-05,0.0011651854849374517
2018-03-06,0.00023909122862479263
2018-03-07,0.0002514969287606499
2018-03-08,0.007664241430928103
2018-03-09,0.016365619927975045
2018-03-12,-0.004196785041362701
2018-03-13,-0.0028226344081563716
2018-03-14,-0.0011420359242560495
2018-03-15,0.0015014736478020521
2018-03-16,0.003840818940813036
2018-03-19,-0.0026451073443079873
2018-03-20,-1.106660898391262e-05
2018-03-21,0.0001445857306857994
2018-03-22,-0.002463749231530691
2018-03-23,-0.0026510883232137355
2018-03-26,0.11251977125336891
2018-03-27,-0.002340065221860241
2018-03-28,-0.000823882263250815
2018-03-29,0.0018660720449650528
2018-04-02,-0.02677687697928952
2018-04-03,0.0007191630748861616
2018-04-04,0.0003444271972791052
2018-04-05,0.009623949852842581
2018-04-06,-0.018082320959762855
2018-04-09,0.0003356156540506636
2018-04-10,0.006563109081133145
2018-04-11,-0.004259615517875737
2018-04-12,0.00018659634416324188
2018-04-13,-0.0005802795859550742
2018-04-16,0.014019712494182303
2018-04-17,0.017427300870103208
2018-04-18,-0.0007269530303210726
2018-04-19,-0.0049566451886276465
2018-04-20,-0.010125140083223922
2018-04-23,0.002899164759702039
2018-04-24,-0.009899359508386822
2018-04-25,-1.3007353324682228e-05
2018-04-26,0.0017762459109906333
2018-04-27,0.00028267501888625045
2018-04-30,-0.005152593409659947
2018-05-01,0.0024869070966628284
2018-05-02,-0.0033186666051459104
2018-05-03,-0.006927575610695529
2018-05-04,0.010966106396668257
2018-05-07,0.00017621608832331967
2018-05-08,-0.008231908200588113
2018-05-09,0.00899527236149225
2018-05-10,0.015294108844182818
2018-05-11,0.006509296225108972
2018-05-14,0.006856084510954909
2018-05-15,-0.019054596433671453
2018-05-16,0.007199291154228609
2018-05-17,0.0026290045563748562
2018-05-18,-0.00177081766152051
2018-05-21,0.007230040612283323
2018-05-22,-0.0019825698998732068
2018-05-23,0.006672253636277145
2018-05-24,0.0024427357408581506
2018-05-25,-0.0013118070361249742
2018-05-29,-0.02408638567092412
2018-05-30,0.000817118223960918
2018-05-31,-0.0005830973704548251
2018-06-01,0.003871069861491152
2018-06-04,0.0017131368675536583
2018-06-05,0.0015003469055461266
2018-06-06,0.005084651362132308
2018-06-07,0.0009378481670185636
2018-06-08,0.0026284016202867615
2018-06-11,0.003910893415607434
2018-06-12,0.00366465392445273
2018-06-13,-0.0016677289444900227
2018-06-14,0.004002786155132151
2018-06-15,0.0005101748626379043
2018-06-18,-3.2217334832903123e-05
2018-06-19,-0.004623295747594755
2018-06-20,0.0021998721169983666
2018-06-21,-0.011392242526142078
2018-06-22,-0.0009167485580181081
2018-06-25,-0.007123456419479177
2018-06-26,0.0010702348007972185
2018-06-27,-0.007950953575307212
2018-06-28,0.002859657228832454
2018-06-29,8.688520316425813e-05
2018-07-02,0.0010559906277963706
2018-07-03,-0.00014925379128506396
2018-07-05,0.0016207306959988383
2018-07-06,0.01399943907661944
2018-07-09,0.00014410370782271713
2018-07-10,0.006195424391879492
2018-07-11,-0.005539633869196032
2018-07-12,0.009557400561412913
2018-07-13,0.002217240246733153
2018-07-16,-0.000584816902123653
2018-07-17,0.002905401768787426
2018-07-18,0.0006028331474831885
2018-07-19,-0.0031660107473705334
2018-07-20,-0.003508689055805211
2018-07-23,-0.0007045147091497975
2018-07-24,0.0005200772775237511
2018-07-25,0.005627471750131284
2018-07-26,0.005470459518599562
2018-07-27,-0.008527551352627966
2018-07-30,-0.0012845137369011446
2018-07-31,0.000554187889370882
2018-08-01,0.00046884135668116736
2018-08-02,0.0016925913816940499
2018-08-03,0.00038984489562044595
2018-08-06,0.009211376712011117
2018-08-07,0.0051240660708843765
2018-08-08,0.001953488856717851
2018-08-09,-0.0009640064822023474
2018-08-10,-0.012862032615276645
2018-08-13,-0.010881657470644821
2018-08-14,0.0007757356924236478
2018-08-15,-0.00884172059847575
2018-08-16,0.007127953462803552
2018-08-17,0.0038579367655566686
2018-08-20,0.004090288619345155
2018-08-21,-0.0025562743870055794
2018-08-22,0.0004097019470184597
2018-08-23,2.8945537930197377e-05
2018-08-24,0.004465691202792051
2018-08-27,0.0011863183261336683
2018-08-28,0.0
2018-08-29,0.006368996691952964
2018-08-30,-0.003698625018208545
2018-08-31,0.00042710343827535814
2018-09-04,-0.0009678784528301518
2018-09-05,-0.0024648555138358785
2018-09-06,-0.0011355788118563711
2018-09-07,-0.0015091389296365198
2018-09-10,0.0006226129972643102
2018-09-11,0.0007079421805136045
2018-09-12,-0.0004788111711335648
2018-09-13,0.010197031496931606
2018-09-14,0.000463601229671192
2018-09-17,-0.008356269655084944
2018-09-18,0.0028234369054606057
2018-09-19,0.0036305978421244636
2018-09-20,0.008572692414140217
2018-09-21,-0.0016884656610277288
2018-09-24,-0.0017726690796730715
2018-09-25,-0.004320141301694696
2018-09-26,-0.0023780906994804413
2018-09-27,0.0012483442396961982
2018-09-28,0.00040825326280885624
2018-10-01,0.0015459276679621443
2018-10-02,-0.0017441108062377108
2018-10-03,-0.0011509332922599001
2018-10-04,-0.01667431963387289
2018-10-05,-0.0017635785714698962
2018-10-08,-0.0008442254229633866
2018-10-09,0.007705655844023946
2018-10-10,-0.004001748796239924
2018-10-11,-0.040523613330167574
2018-10-12,0.08447026710228409
2018-10-15,0.00010900761475561497
2018-10-16,0.08613893741285711
2018-10-17,3.777408753433107e-05
2018-10-18,-0.016743223845791806
2018-10-19,0.00010898378763730523
2018-10-22,8.153214493838198e-05
2018-10-23,0.0
2018-10-24,0.00010894804417269781
2018-10-25,0.10261649353016669
2018-10-26,0.00010902662665679523
2018-10-29,0.0
2018-10-30,0.0
2018-10-31,0.00010891237988801883
2018-11-01,0.010548063873250295
2018-11-02,-0.0035005830503833336
2018-11-05,0.0076188031895396
2018-11-06,0.009265669998872128
2018-11-07,0.026374605200842394
2018-11-08,0.0020020789122993203
2018-11-09,-0.009545105871273071
2018-11-12,-0.021276963941529895
2018-11-13,-0.0009485580383754461
2018-11-14,-0.0006933744501465948
2018-11-15,0.0018810103819714217
2018-11-16,0.0007285269689074805
2018-11-19,-0.007637573192557224
2018-11-20,-0.009690875929217102
2018-11-21,0.00021856153795354842
2018-11-23,-0.0006545277936127881
2018-11-26,0.000984838286015988
2018-11-27,0.0010946120974752141
2018-11-28,0.014628069895738975
2018-11-29,-0.003469286146717869
2018-11-30,0.014190261167339293
2018-12-03,0.015233742532571815
2018-12-04,-0.031961296143938944
2018-12-06,-0.0032231320894577213
2018-12-07,-0.00896286799567871
2018-12-10,0.001107015756224424
2018-12-11,0.00046115380868482647
2018-12-12,-0.0008239760218775065
2018-12-13,0.0015934689943485976
2018-12-14,-0.0007131651189837653
2018-12-17,-0.02813883933089666
2018-12-18,0.0
2018-12-19,-0.00010971778035316878
2018-12-20,0.0002193575650799905
2018-12-21,-0.09661444948367097
2018-12-24,-0.07404016603121509
2018-12-26,0.18158765533882995
2018-12-27,0.0003290454376549192
2018-12-28,0.0001087277698373867
2018-12-31,0.00010912388916725113
2019-01-02,-0.00010911198244337216
2019-01-03,-0.017628333960355954
2019-01-04,0.00010919003929923851
2019-01-07,0.007117631550839278
2019-01-08,0.010636215871393975
2019-01-09,0.00536684688618239
2019-01-10,0.005388425601699859
2019-01-11,0.00772217218999907
2019-01-14,-0.008459616303899837
2019-01-15,0.017652368204714684
2019-01-16,-0.004279928191006754
2019-01-17,0.005625449897541635
2019-01-18,0.011880128812221951
2019-01-22,-0.022682506147039712
2019-01-23,0.0002895795992914128
2019-01-24,0.0012616134483260464
2019-01-25,-0.0023726539278451334
2019-01-28,-0.012289305024851321
2019-01-29,0.0008537970843630876
2019-01-30,0.016943707900958834
2019-01-31,0.016978891428580754
2019-02-01,-0.0015769761707304384
2019-02-04,0.007168012892203745
2019-02-05,0.0029843677750311434
2019-02-06,0.0013345040643434943
2019-02-07,-0.007436429746924149
2019-02-08,0.00237377790789031
2019-02-11,0.0020392583504488314
2019-02-12,0.009748536415621987
2019-02-13,0.001649339315883447
2019-02-14,-0.003659597077052227
2019-02-15,0.01123817649758754
2019-02-19,0.0013296272461728674
2019-02-20,0.007848745329265997
2019-02-21,-0.0029404732069832425
2019-02-22,0.011398542538333929
2019-02-25,-0.005284345503510139
2019-02-26,-0.0024294311663368867
2019-02-27,-0.0010685431553664755
2019-02-28,-0.0006621736559426354
2019-03-01,0.013500514472893407
2019-03-04,-0.006876986434745347
2019-03-05,-0.0008360583688819746
2019-03-06,-0.008390234528602549
2019-03-07,-0.0023258294122117753
2019-03-08,-9.266738399622398e-05
2019-03-11,0.005153822033660881
2019-03-12,0.0014503503553026501
2019-03-13,0.004103583865310008
2019-03-14,0.001312557011722195
2019-03-15,0.0060165050794302385
2019-03-18,3.976160041055344e-05
2019-03-19,-0.002831138536116132
2019-03-20,-0.001423743928213381
2019-03-21,0.008872980749617612
2019-03-22,0.17435762978500263
2019-03-25,0.0006586418241131389
2019-03-26,0.0007007064318039633
2019-03-27,-0.0003724368486643067
2019-03-28,0.00024006636040204462
2019-03-29,0.0007836275415413862
2019-04-01,0.0030809177352285693
2019-04-02,0.00029375003085130335
2019-04-03,-0.0002313005898899683
2019-04-04,0.0014945102482641346
2019-04-05,0.008421007735939826
2019-04-08,-0.00028786952221157124
2019-04-09,-0.007399346009902399
2019-04-10,0.0019177460815157565
2019-04-11,0.0014410019843954442
2019-04-12,0.006980017215995443
2019-04-15,0.0031706630363494857
2019-04-16,-0.006008510868990482
2019-04-17,-0.007216072656623926
2019-04-18,0.0027774738799002234
2019-04-22,0.00016291508127828404
2019-04-23,0.0073727377377794424
2019-04-24,0.03414634146341464
2019-04-25,-0.0032864798558843514
2019-04-26,-0.04954128440366973
2019-04-29,0.023809523809523808
2019-04-30,-0.0009428032683846638
2019-05-01,0.056621579112928595
2019-05-02,-0.0015657960952727547
2019-05-03,0.004808161108947457
2019-05-06,-0.0009242689303159209
2019-05-07,-0.004230607163047823
2019-05-08,-0.0006362986284303942
2019-05-09,-0.00043984094383490177
2019-05-10,0.0004095215741545324
2019-05-13,-0.00508867072382585
2019-05-14,0.03137546410831194
2019-05-15,0.007128498393077529
2019-05-16,0.011208139181967298
2019-05-17,-0.0024773330016956297
2019-05-20,-0.0025426117459420162
2019-05-21,0.00999191064634702
2019-05-22,0.002706678381455554
2019-05-23,-0.008925145731354004
2019-05-24,-0.0004083724748790244
2019-05-28,0.0002200909335899153
2019-05-29,-0.0010961497410089138
2019-05-30,0.011890998476596146
2019-05-31,-0.0002528069171121906
2019-06-03,-0.06391876199242293
2019-06-04,0.08104663176860526
2019-06-05,0.011819283669668206
2019-06-06,0.006675413264676669
2019-06-07,0.0026757165017736334
2019-06-10,0.0022639099731644654
2019-06-11,-0.0020215281686260284
2019-06-12,0.004951575570919679
2019-06-13,0.002815731209220908
2019-06-14,0.0034991655497687737
2019-06-17,0.00305904575158703
2019-06-18,0.0036664492759865795
2019-06-19,0.01041701262172251
2019-06-20,0.00284024505989093
2019-06-21,-0.003433929307758672
2019-06-24,0.0006065688519189399
2019-06-25,-0.010047651548041414
2019-06-26,-0.0001558646918714458
2019-06-27,0.0015372851038123274
2019-06-28,0.00030187598022683536
2019-07-01,0.014769917977572225
2019-07-02,0.011157593429348526
2019-07-03,0.006647579999747738
2019-07-05,-0.0025603447132181018
2019-07-08,-0.0066653280057400914
2019-07-09,0.0003463637091986599
2019-07-10,0.0072339207729289375
2019-07-11,0.0040632767901592395
2019-07-12,0.0026580486466120136
2019-07-15,0.0022087812473144
2019-07-16,-0.003055197620401915
2019-07-17,-0.00581829907015627
2019-07-18,0.003920316401068401
2019-07-19,-0.00841989843913156
2019-07-22,0.0026430094920411014
2019-07-23,0.0017545436736092254
2019-07-24,0.0062371062868064155
2019-07-25,-0.00885855863573615
2019-07-26,0.007220827022371148
2019-07-29,-0.0007282153698690947
2019-07-30,-0.008300117259842293
2019-07-31,-0.004364143994918398
2019-08-01,0.0009433310305721195
2019-08-02,-0.004949852009081317
2019-08-05,-0.024148604422777314
2019-08-06,0.0410934107295301
2019-08-07,0.0008151473183260497
2019-08-08,0.010401182722644522
2019-08-09,-0.0061242772513440315
2019-08-12,-0.009974692287245698
2019-08-13,0.011153393857115739
2019-08-14,-0.03392568259541653
2019-08-15,0.0004372431812393606
2019-08-16,0.008715277188373739
2019-08-19,0.011042261875897765
2019-08-20,-0.005766599011979365
2019-08-21,0.0006973078178794902
2019-08-22,-0.003258951029888268
2019-08-23,-0.02821698077242052
2019-08-26,0.0021289713970210154
2019-08-27,-2.8305394835282885e-05
2019-08-28,0.0007884978906436409
2019-08-29,0.0070018566692432544
2019-08-30,-3.466371639716605e-05
2019-09-03,-0.0009793290030385513
2019-09-04,0.003015654432262027
2019-09-05,0.006711604634575189
2019-09-06,0.003253123744464675
2019-09-09,-0.0024078591067616013
2019-09-10,0.0008388211267713963
2019-09-11,0.007823324265470387
2019-09-12,0.0048500018654402954
2019-09-13,-0.00039862503784318437
2019-09-16,-0.004631641587119843
2019-09-17,0.004956984872069906
2019-09-18,0.005801217029234973
2019-09-19,0.0042740231397960715
2019-09-20,-0.007429759628362538
2019-09-23,0.0005890011025808431
2019-09-24,-0.00916767186975083
2019-09-25,0.0020678426687325423
2019-09-26,-0.0006210491933098195
2019-09-27,-0.0029641522183240857
2019-09-30,0.0030254074437452002
2019-10-01,-0.0013856546395584703
2019-10-02,-0.004116543498520593
2019-10-03,0.0049176817093527754
2019-10-04,0.004282149264005807
2019-10-07,-0.004466668624308623
2019-10-08,-0.003820606366190918
2019-10-09,0.0020162183049892432
2019-10-10,0.009049750121031186
2019-10-11,0.012168507743489904
2019-10-14,0.00232784781130003
2019-10-15,0.007888859613493324
2019-10-16,0.003734004825923608
2019-10-17,0.0034224241804634513
2019-10-18,3.604771987524149e-05
2019-10-21,0.005665095442402554
2019-10-22,-0.0021528586491531138
2019-10-23,0.0031624378678825815
2019-10-24,0.0017737650650364715
2019-10-25,0.0013344635058648898
2019-10-28,-0.002474879824694399
2019-10-29,0.0016803062703480828
2019-10-30,0.008681073546477576
2019-10-31,-0.003192730057729916
2019-11-01,0.009021508481621874
2019-11-04,-0.004191664405922526
2019-11-05,-0.006637973479303513
2019-11-06,0.002548108555148136
2019-11-07,-0.002091441873261048
2019-11-08,0.004035737392252738
2019-11-11,-0.0015548193029435759
2019-11-12,0.0036794601251457213
2019-11-13,0.0007534589715573004
2019-11-14,0.004245299109579687
2019-11-15,0.013949736613874783
2019-11-18,-0.0024813895781637717
2019-11-19,0.014925373134328358
2019-11-20,0.013480392156862746
2019-11-21,-0.0022453064579564586
2019-11-22,0.008390686241089126
2019-11-25,0.012142780660203606
2019-11-26,0.0052141365525337525
2019-11-27,0.003969688872927381
2019-11-29,0.02912621359223301
2019-12-02,-0.013009216834117288
2019-12-03,-0.0008720100574261557
2019-12-04,0.0010540523073063308
2019-12-05,0.00012667773756228667
2019-12-06,0.002640777278735563
2019-12-09,-0.0010261508008642718
2019-12-10,-0.0005969662759804333
2019-12-11,0.004235375447953623
2019-12-12,0.01002325779734721
2019-12-13,0.007842376854920173
2019-12-16,0.010108971040864473
2019-12-17,0.0023120214901353074
2019-12-18,0.0004847859302127653
2019-12-19,0.004775679566527932
2019-12-20,0.0024211574075943465
2019-12-23,0.00625
2019-12-24,-0.015527950310559006
2019-12-26,-0.0031545741324921135
2019-12-27,0.030854430379746837
2019-12-30,0.05448963929393707
2019-12-31,0.00042398284105153684
2020-01-02,0.0052508811333661885
2020-01-03,0.07254740313272877
2020-01-06,0.0011314056997661674
2020-01-07,-0.0005120922876651517
2020-01-08,0.00480845432299792
2020-01-09,0.008540455016220676
2020-01-10,-7.429297511627039e-05
2020-01-13,0.004186648909950301
2020-01-14,0.003394564041653516
2020-01-15,0.005438105025036735
2020-01-16,0.008388750267090829
2020-01-17,0.0015280715932364205
2020-01-21,0.011299435028248588
2020-01-22,0.008379888268156424
2020-01-23,-0.006463527239150508
2020-01-24,0.08921933085501858
2020-01-27,-0.014578466238500173
2020-01-28,0.008470808933938924
2020-01-29,0.0010459644302765738
2020-01-30,0.0005941878232061761
2020-01-31,-0.000958249679339835
2020-02-03,0.0019207491583304631
2020-02-04,0.002305130960843937
2020-02-05,-0.00011825972698065542
2020-02-06,0.0007727542438890259
2020-02-07,-0.005504133213326555
2020-02-10,0.006436612612680481
2020-02-11,0.004306488672843471
2020-02-12,0.008904739128334341
2020-02-13,0.00010015040967037512
2020-02-14,0.003761155079265535
2020-02-18,-0.0003015928610391535
2020-02-19,7.619485205568157e-05
2020-02-20,-0.004341439326310958
2020-02-21,-0.0021349860650283397
2020-02-24,-0.004057487118198404
2020-02-25,0.0
2020-02-26,0.013759404834933209
2020-02-27,-0.14952334107850385
2020-02-28,0.015563108173976511
2020-03-02,0.1364935741864055
2020-03-03,0.00021828979415471764
2020-03-04,0.0004373811938045138
2020-03-05,0.0002189436239094406
2020-03-06,0.0
2020-03-09,0.0004365963332281678
2020-03-10,0.1556428106823445
2020-03-11,0.00021844970011456163
2020-03-12,0.00010910145001401596
2020-03-13,0.26988391891406044
2020-03-16,0.00010936427907893186
2020-03-17,0.16295309361492546
2020-03-18,0.00021850563637080048
2020-03-19,-0.00021845790208788453
2020-03-20,0.0003275594512443876
2020-03-23,-0.00021843408622138473
2020-03-24,0.0
2020-03-25,-0.0061731811341029005
2020-03-26,0.05344612777962538
2020-03-27,-0.0312170257165845
2020-03-30,0.0255219686237515
2020-03-31,0.004973748290252414
2020-04-01,-0.011855572927088049
2020-04-02,0.009470083905192394
2020-04-03,0.005044063090325156
2020-04-06,0.05492082424410154
2020-04-07,-0.008051081142821033
2020-04-08,0.02714581838676619
2020-04-09,0.015595836491739422
2020-04-13,-0.00125500404114818
2020-04-14,0.03787152098124186
2020-04-15,-0.032213803576363075
2020-04-16,0.00500176508580829
2020-04-17,0.02385754958546862
2020-04-20,-0.03756367422420027
2020-04-21,-0.010478395236031822
2020-04-22,0.006547350222583815
2020-04-23,0.00015128312830414736
2020-04-24,0.00689088466896035
2020-04-27,0.00985210486923577
2020-04-28,-0.007896639195734715
2020-04-29,0.01972494580450794
2020-04-30,-0.01332972099194878
2020-05-01,-0.03555141446947721
2020-05-04,0.003383169162207482
2020-05-05,0.005359853088407591
2020-05-06,-0.002485247884940323
2020-05-07,0.0004997946442872742
2020-05-08,0.009851914539824511
2020-05-11,0.015857898197318657
2020-05-12,-0.029488776283994236
2020-05-13,-0.026943718735565475
2020-05-14,0.0002572847902443373
2020-05-15,0.0005541774577015323
2020-05-18,0.008544362367874892
2020-05-19,0.00027676975269270315
2020-05-20,0.009293610403661372
2020-05-21,-0.006914306967534138
2020-05-22,0.0034643171058707026
2020-05-26,0.005653440129791024
2020-05-27,0.00035598476813614144
2020-05-28,0.00019693116411127884
2020-05-29,-0.05115884680610514
2020-06-01,-0.0004957313506051275
2020-06-02,0.009148354673924003
2020-06-03,0.013217314255695327
2020-06-04,-0.0052821427982726165
2020-06-05,0.02035564927898923
2020-06-08,0.033393829401088926
2020-06-09,0.07446434843695118
2020-06-10,-0.002445076973709333
2020-06-11,0.5016479894528675
2020-06-12,0.005051009967191306
2020-06-15,0.00393115790841464
2020-06-16,0.0036987025263429947
2020-06-17,0.0005360273110423678
2020-06-18,7.151342735871346e-05
2020-06-19,-0.008629603476386086
2020-06-22,0.010139934239547285
2020-06-23,0.00247696883375905
2020-06-24,-0.023510983746052438
2020-06-25,0.005657873019642468
2020-06-26,-0.019397241175731567
2020-06-29,0.006320433804368423
2020-06-30,0.007233457232540978
2020-07-01,0.014213790814940381
2020-07-02,0.0058620895089741025
2020-07-06,0.004361881821634942
2020-07-07,-0.011502876390016478
2020-07-08,0.008400179550759293
2020-07-09,-0.00807729093016934
2020-07-10,0.0033065456206991654
2020-07-13,-0.0013225113736873575
2020-07-14,0.0004971062188908975
2020-07-15,0.0001982581653564057
2020-07-16,-0.000377302278691851
2020-07-17,0.013211671255001892
2020-07-20,0.009529594331747378
2020-07-21,-0.001190793783944079
2020-07-22,0.00935018642763779
2020-07-23,-0.010020164625259748
2020-07-24,-0.004623143268212793
2020-07-27,0.0060309716766466905
2020-07-28,0.00023893692103849016
2020-07-29,0.008881311948898074
2020-07-30,-0.006082854215252688
2020-07-31,0.004932567219589592
2020-08-03,-0.00030310813374911667
2020-08-04,0.008219676262191583
2020-08-05,0.005300634636355172
2020-08-06,0.0027997392258133245
2020-08-07,0.0054201235664818916
2020-08-10,0.006682595550333979
2020-08-11,-0.014780150252912868
2020-08-12,0.020316376505550526
2020-08-13,-0.0005069099896910096
2020-08-14,-0.001606449125901173
2020-08-17,0.01057094173931876
2020-08-18,0.002727992780183119
2020-08-19,-0.0063562984091754295
2020-08-20,-5.444768063149637e-05
2020-08-21,0.0006769897550399155
2020-08-24,0.004372217719433396
2020-08-25,0.0022134599543031258
2020-08-26,0.03306205493387589
2020-08-27,0.04529788281634663
2020-08-28,-0.005652378709373528
2020-08-31,0.0729512079583136
2020-09-01,0.026048565121412803
2020-09-02,0.03614457831325301
2020-09-03,0.20016611295681064
2020-09-04,0.0001091938863368288
2020-09-08,-0.0015525311822266376
2020-09-09,0.0009275669781378967
2020-09-10,-0.0020673074107462907
2020-09-11,0.012539923139277877
2020-09-14,0.011794637510535453
2020-09-15,0.003540603608415383
2020-09-16,-0.0011750746876011753
2020-09-17,-0.0017986414596547603
2020-09-18,-0.006990294288899433
2020-09-21,-0.014635397787817354
2020-09-22,-0.0004032109188027361
2020-09-23,-0.007046422962761941
2020-09-24,0.0024084568900887096
2020-09-25,0.0037071867274412933
2020-09-28,0.0008767334448396408
2020-09-29,0.0025444293516489564
2020-09-30,0.007066198877360633
2020-10-01,0.0025279691963141235
2020-10-02,-0.004694872990991466
2020-10-05,0.00019153659713260147
2020-10-06,-0.0067061834865147114
2020-10-07,0.0003457178690881364
2020-10-08,0.014925707083916658
2020-10-09,0.01511195609797228
2020-10-12,0.008622000596924948
2020-10-13,-0.005177842931283669
2020-10-14,-0.001478358458166407
2020-10-15,-0.002891118804625125
2020-10-16,0.0013802386002371883
2020-10-19,-0.0004644469585562336
2020-10-20,-5.048609206113808e-05
2020-10-21,-2.4017743124847754e-05
2020-10-22,-0.0003384695693935401
2020-10-23,0.00017316247491704913
2020-10-26,-0.02754121072047031
2020-10-27,0.0002574805174335293
2020-10-28,-0.018936063319881322
2020-10-29,0.010020254677720823
2020-10-30,-0.0007876344811531748
2020-11-02,2.283185126932505e-05
2020-11-03,0.0002133522194262703
2020-11-04,0.0014816719644375322
2020-11-05,0.009800347738769477
2020-11-06,0.010415004729335726
2020-11-09,0.009454307264987484
2020-11-10,0.008730821952404403
2020-11-11,0.0063433366201051285
2020-11-12,-0.019576756984435867
2020-11-13,0.01927161109824207
2020-11-16,0.008397761411412413
2020-11-17,-0.004090955494460034
2020-11-18,-0.016358861824997448
2020-11-19,0.00044775710108415
2020-11-20,-0.0013759557810123777
2020-11-23,0.0038474054378230867
2020-11-24,0.009408824788528676
2020-11-25,0.006617452131444467
2020-11-27,-0.0012194127325832072
2020-11-30,4.0873247017055546e-05
2020-12-01,0.00264130280152051
2020-12-02,0.002952857481407241
2020-12-03,-0.003858973097281104
2020-12-04,0.00011954967640707899
2020-12-07,-0.001800105375181933
2020-12-08,0.00421068624423812
2020-12-09,-0.008524798562397417
2020-12-10,-0.0007463542259676291
2020-12-11,-0.00426360518859653
2020-12-14,-0.0025101851958798985
2020-12-15,0.005683499708032138
2020-12-16,0.004950699748064855
2020-12-17,0.007898410904504436
2020-12-18,-0.006644466321813558
2020-12-21,-0.021636920349378478
2020-12-22,0.00022263179924883025
2020-12-23,-0.00021192695863629467
2020-12-24,0.004035665859570672
2020-12-28,0.0010265861530499476
2020-12-29,-0.005899811352692327
2020-12-30,0.007889685232779914
2020-12-31,0.005865555815106068
2021-01-04,-0.020394606264390113
2021-01-05,0.004409289080833196
2021-01-06,-0.000431501012010076
2021-01-07,0.0020375876053497772
2021-01-08,0.00985664444930931
2021-01-11,-0.011604253863401866
2021-01-12,0.0017979782117678949
2021-01-13,0.006967975188637952
2021-01-14,-0.004854236669672986
2021-01-15,-0.0003165352525458797
2021-01-19,0.0011252276664260523
2021-01-20,0.01002576058683245
2021-01-21,-0.0005091522957430648
2021-01-22,-0.0032210522493481696
2021-01-25,-0.0007752118222516057
2021-01-26,0.00043887451001488656
2021-01-27,-0.027328184927554813
2021-01-28,0.0025344326158749228
2021-01-29,-0.0005558985870181379
2021-02-01,0.0
2021-02-02,0.0002958734816744747
2021-02-03,0.006433605484233921
2021-02-04,0.011419308740530884
2021-02-05,0.003966581873704243
2021-02-08,0.0005554843967183307
2021-02-09,-0.0009286743500324604
2021-02-10,-0.0036690649961086536
2021-02-11,0.002570663880572856
2021-02-12,0.005111456077765783
2021-02-16,-0.008228596056147999
2021-02-17,0.004987407969376448
2021-02-18,-0.0008218473592483209
2021-02-19,-0.0020256643350359546
2021-02-22,-0.016983762176624975
2021-02-23,-1.6790889204029344e-05
2021-02-24,0.0059184354617120676
2021-02-25,-0.03386488772747359
2021-02-26,0.015016966053865467
2021-03-01,0.0028106835670624404
2021-03-02,-0.004552516454593808
2021-03-03,-0.008241659599946261
2021-03-04,-0.0015878508458326427
2021-03-05,0.044780036510783466
2021-03-08,0.002934676889549421
2021-03-09,0.11775459113154679
2021-03-10,0.004836147445108238
2021-03-11,0.007630116349239958
2021-03-12,0.004427577659844445
2021-03-15,0.018837967355318973
2021-03-16,0.00020354306830105127
2021-03-17,0.0016665345069289163
2021-03-18,-0.015256306006769402
2021-03-19,0.00767624295618022
2021-03-22,0.015585906658185517
2021-03-23,-0.008021385480774008
2021-03-24,-0.004061643191928368
2021-03-25,0.0038431736189445016
2021-03-26,0.016736652821386037
2021-03-29,-0.003371263864178966
2021-03-30,-0.00017070241079977617
2021-03-31,0.005125709897222013
2021-04-01,0.007324471785199751
2021-04-05,0.010277566153599125
2021-04-06,0.00021888361306463845
2021-04-07,0.003195998468364903
2021-04-08,0.0033552514403032267
2021-04-09,0.0048876511983407915
2021-04-12,0.004652064865102715
2021-04-13,0.005463395990517048
2021-04-14,-0.002228988947060937
2021-04-15,0.01257412927206239
2021-04-16,0.007770861760888233
2021-04-19,0.05803571428571429
2021-04-20,-0.0032645884787103657
2021-04-21,0.007532220808889805
2021-04-22,-0.01561500759019939
2021-04-23,0.005273234784299778
2021-04-26,0.00019482287054621027
2021-04-27,-8.985574497680427e-05
2021-04-28,-0.002301815884563737
2021-04-29,0.002436058661683008
2021-04-30,-0.005554071942071635
2021-05-03,-0.00046483320159073824
2021-05-04,-0.009697873420042205
2021-05-05,0.003356379046334993
2021-05-06,0.0011787486551857777
2021-05-07,0.007803860598701332
2021-05-10,-0.007834412967933801
2021-05-11,-0.019852391212726733
2021-05-12,-0.0015263547776483855
2021-05-13,0.021076328136722968
2021-05-14,0.016137475064828297
2021-05-17,-0.004001304333302633
2021-05-18,-0.00021088106681258243
2021-05-19,-0.00028305604021067226
2021-05-20,0.013700245196968018
2021-05-21,0.0023927912056277293
2021-05-24,0.001132847002476714
2021-05-25,-0.003498334755175252
2021-05-26,0.004833918705794969
2021-05-27,0.003529791710512995
2021-05-28,0.0003963617986925239
2021-06-01,-0.010517329833610246
2021-06-02,0.002445274366386118
2021-06-03,-0.00214993222398625
2021-06-04,0.00821724485219398
2021-06-07,0.003541033008881968
2021-06-08,-0.003040799653129318
2021-06-09,0.00322954650963564
2021-06-10,0.014597618599940902
2021-06-11,0.0034057668164683844
2021-06-14,-0.000306197670203636
2021-06-15,-0.005255697766963089
2021-06-16,-0.00518157944063563
2021-06-17,0.005692929556977227
2021-06-18,-0.012568300720779062
2021-06-21,0.009852745237046111
2021-06-22,0.006505267298666117
2021-06-23,0.0019376805265212626
2021-06-24,0.00521581498101975
2021-06-25,0.006906970714838192
2021-06-28,0.0007477107741787573
2021-06-29,-0.00431340958889572
2021-06-30,0.0007997504506223267
2021-07-01,0.008288627504694687
2021-07-02,0.005725164029086224
2021-07-06,0.033542204201990417
2021-07-07,0.0042796005706134095
2021-07-08,0.09694602272727272
2021-07-09,0.010554676299865508
2021-07-12,0.001873808007449363
2021-07-13,-0.0027560876694054924
2021-07-14,0.0009639659258468688
2021-07-15,-0.0023789499944425444
2021-07-16,-0.00652159867276398
2021-07-19,-0.01864924826780518
2021-07-20,0.012030180240621696
2021-07-21,0.008876066825821679
2021-07-22,-0.0012257744108629433
2021-07-23,0.001935860394369322
2021-07-26,0.0022036635703718923
2021-07-27,-0.0008472220805913972
2021-07-28,0.0017839141625292855
2021-07-29,0.0024674827950477126
2021-07-30,-0.009025671831165576
2021-08-02,-0.0015275181162796572
2021-08-03,0.006745253869983275
2021-08-04,-0.003558962495899594
2021-08-05,0.006021408089965116
2021-08-06,0.0013833537716299471
2021-08-09,0.002283205805083807
2021-08-10,0.0014467577595598379
2021-08-11,0.003546385430232473
2021-08-12,0.005422066244522566
2021-08-13,0.002795722638101253
2021-08-16,0.00346265428046437
2021-08-17,-0.00667942402553536
2021-08-18,-0.016496076648668766
2021-08-19,-0.003933937498421028
2021-08-20,0.010763230493374826
2021-08-23,0.0019624904535061544
2021-08-24,0.0005336892459021396
2021-08-25,0.004292881460014737
2021-08-26,-0.010219822866600867
2021-08-27,0.009192009116098274
2021-08-30,0.004425041461772654
2021-08-31,0.0007448449053980976
2021-09-01,0.007224810942367406
2021-09-02,0.0048799625365165775
2021-09-03,-0.002873679543156013
2021-09-07,-0.008252935643552457
2021-09-08,-0.00014898460231753597
2021-09-09,-0.003068041510537972
2021-09-10,-0.005559556082989001
2021-09-13,0.0001487350008294529
2021-09-14,-0.0001792023650156892
2021-09-15,0.005432755166363941
2021-09-16,0.0011948336192653406
2021-09-17,-0.012799837515248593
2021-09-20,-0.025037375029445176
2021-09-21,0.0012734720120144074
2021-09-22,0.029253382601313913
2021-09-23,0.008161242555075205
2021-09-24,-0.00022085887915793527
2021-09-27,-0.007397386175715701
2021-09-28,-0.025522934130178886
2021-09-29,-0.006623127326845337
2021-09-30,-0.011270775613367081
2021-10-01,0.018222623100349274
2021-10-04,-0.0024492489963209444
2021-10-05,0.0384745887991247
2021-10-06,0.00544074683312685
2021-10-07,0.010711816198923533
2021-10-08,-0.0017636268958493766
2021-10-11,-0.008221156321854578
2021-10-12,0.004758999755947032
2021-10-13,0.007178234792473891
2021-10-14,0.016322343479109245
2021-10-15,0.004170084079839166
2021-10-18,0.0011054034631979139
2021-10-19,0.006451593230599136
2021-10-20,0.00849757224249526
2021-10-21,0.009880072194600001
2021-10-22,-0.0031692944574432946
2021-10-25,0.010459879532374162
2021-10-26,-0.001208340896235203
2021-10-27,-0.0077137970213144655
2021-10-28,0.004943095472035186
2021-10-29,0.008588957055214725
2021-11-01,0.007100897476307011
2021-11-02,-0.03905765654060756
2021-11-03,0.011308057711319852
2021-11-04,0.021189336978810664
2021-11-05,0.05421686746987952
2021-11-08,0.0012698412698412698
2021-11-09,0.02663284717818643
2021-11-10,0.026559604694255712
2021-11-11,0.002093443373933311
2021-11-12,0.0035140557569001427
2021-11-15,0.004101944851973531
2021-11-16,0.0013182793003846049
2021-11-17,-0.002413056460403494
2021-11-18,-0.0011986860173786847
2021-11-19,-0.001904155389045258
2021-11-22,-0.005862650160670129
2021-11-23,-0.0011920314994151927
2021-11-24,0.0006279905366379439
2021-11-26,-0.003138878601999141
2021-11-29,0.00010940935390189329
2021-11-30,-0.023155806241613203
2021-12-01,-0.011916083135569824
2021-12-02,0.0
2021-12-03,-0.013132258806165418
2021-12-06,0.0
2021-12-07,0.01742169784614587
2021-12-08,0.008374393972687402
2021-12-09,-0.005248830409211644
2021-12-10,0.009213291352931467
2021-12-13,-0.0013615675966461393
2021-12-14,-0.005556122030528696
2021-12-15,0.02061964767422487
2021-12-16,-0.004989225100036024
2021-12-17,-0.01096665386069518
2021-12-20,-0.00505676691898368
2021-12-21,0.007441717256842124
2021-12-22,0.008877483174844
2021-12-23,0.0019519292684548905
2021-12-27,0.009157605207874116
2021-12-28,0.004658436700109413
2021-12-29,0.006399062253643629
2021-12-30,0.0015625300955520887
2021-12-31,0.00037003396017299593
2022-01-03,0.002221484600342457
2022-01-04,-0.005371134116702062
2022-01-05,-0.017644887672060454
2022-01-06,-0.0008359769115992083
2022-01-07,-0.0014633871222759702
2022-01-10,-0.00042826999715047114
2022-01-11,0.0020285732600250493
2022-01-12,0.0013548263644940063
2022-01-13,-0.015575277396385303
2022-01-14,-0.0012030881095244817
2022-01-18,-0.021756275209482943
2022-01-19,-0.0009639794159468063
2022-01-20,-0.03868277808540584
2022-01-21,-0.08419515223310849
2022-01-24,0.014469874824418298
2022-01-25,-0.07375207832017
2022-01-26,-0.0018779631425771028
2022-01-27,-0.02991535035595239
2022-01-28,0.09328940477895777
2022-01-31,0.02294190340273412
2022-02-01,0.010128751418518206
2022-02-02,0.010434238917360462
2022-02-03,-0.02641918018970549
2022-02-04,0.005599679954751013
2022-02-07,0.0034064527884656577
2022-02-08,0.011558619121936824
2022-02-09,0.010604347827127075
2022-02-10,-0.02816995235125453
2022-02-11,-0.0275839741795343
2022-02-14,-0.0012776521248632582
2022-02-15,0.014226392743325598
2022-02-16,0.001092349285304568
2022-02-17,-0.005562118092747745
2022-02-18,-0.0026862011583280295
2022-02-22,-0.0011206063444881222
2022-02-23,-0.008374615444564495
2022-02-24,0.09791757011417802
2022-02-25,0.009918912839452025
2022-02-28,-0.004211009672295041
2022-03-01,-0.011927081439169224
2022-03-02,0.0
2022-03-03,-0.003204427132982186
2022-03-04,0.0060935537741662205
2022-03-07,0.0015052648638939807
2022-03-08,0.0
2022-03-09,0.0
2022-03-10,0.0022345330680998837
2022-03-11,-0.0006691463666740258
2022-03-14,-0.00625887490432547
2022-03-15,0.019086379069074885
2022-03-16,0.0245918356850723
2022-03-17,0.010153138324160907
2022-03-18,0.011729420898314979
2022-03-21,0.0008054790387278948
2022-03-22,0.006381497350976361
2022-03-23,-0.0050846898157965075
2022-03-24,0.011100094643858653
2022-03-25,0.009932492789184172
2022-03-28,0.0095305931581039
2022-03-29,0.014526588078676116
2022-03-30,-0.0018799424570354092
2022-03-31,-0.014857076842388319
2022-04-01,0.013444386164844103
2022-04-04,0.008066001266397817
2022-04-05,-0.01746128955854603
2022-04-06,-0.0029776532495365154
2022-04-07,0.001063632737685442
2022-04-08,0.0017322351074047216
2022-04-11,-0.0042030372999056235
2022-04-12,0.0015420492535985059
2022-04-13,0.004528974234203639
2022-04-14,-0.007544372443222961
2022-04-18,0.0002435019828094473
2022-04-19,0.003016261710121928
2022-04-20,0.007806932233343642
2022-04-21,-0.021773119563464293
2022-04-22,-0.005819782117698192
2022-04-25,0.00032775937011620467
2022-04-26,5.313056072475913e-05
2022-04-27,-0.004449301389802971
2022-04-28,0.10567858881098643
2022-04-29,-0.007646889195833552
2022-05-02,8.927978494570809e-05
2022-05-03,0.000510987122243541
2022-05-04,0.031295302726867584
2022-05-05,-0.04662479225527058
2022-05-06,0.002159072977583997
2022-05-09,-0.0020845955193468275
2022-05-10,0.034403538260656855
2022-05-11,0.001325386128807924
2022-05-12,-0.007997367639574293
2022-05-13,0.10865753609177532
2022-05-16,0.006374104831869048
2022-05-17,0.013883814301481782
2022-05-18,-0.041180365888843495
2022-05-19,0.006028972030532876
2022-05-20,0.00124736723032226
2022-05-23,0.0010210071296537647
2022-05-24,0.0035684294619747346
2022-05-25,0.0039063417193193825
2022-05-26,0.009020082699923614
2022-05-27,0.019491544817237444
2022-05-31,-0.004591660326789273
2022-06-01,-0.0042946983015565545
2022-06-02,0.010707029400491501
2022-06-03,-0.009153200965054984
2022-06-06,0.004757040008074451
2022-06-07,0.009208052114078227
2022-06-08,-0.007260227320560468
2022-06-09,-0.02360120134914323
2022-06-10,-0.00341879590068537
2022-06-13,-0.009333646044298916
2022-06-14,0.0064990601031024746
2022-06-15,0.07189001406428558
2022-06-16,-0.006484224169827866
2022-06-17,-0.0021400336260182563
2022-06-21,0.005555178402382355
2022-06-22,0.014137565841184634
2022-06-23,0.011862114218909644
2022-06-24,0.016175806876027807
2022-06-27,0.008213200569314993
2022-06-28,-0.016287437713597547
2022-06-29,0.0012894526672933885
2022-06-30,-0.001859096787139684
2022-07-01,0.014962248462961812
2022-07-05,-0.0047811450503202815
2022-07-06,0.0018747412942126548
2022-07-07,0.006860373649422316
2022-07-08,0.00542447268960624
2022-07-11,-0.010020914793850023
2022-07-12,-0.006893438237704178
2022-07-13,0.0019950373153846575
2022-07-14,-0.0014294458752247242
2022-07-15,0.0004985112682971636
2022-07-18,-0.01406225290474943
2022-07-19,0.011339774239812743
2022-07-20,0.005465923553118145
2022-07-21,0.011786089057475056
2022-07-22,0.00333786519400164
2022-07-25,0.004651197223768223
2022-07-26,-0.009035597185294977
2022-07-27,0.015074161077844579
2022-07-28,0.022037642632458252
2022-07-29,0.008868447615270312
2022-08-01,-0.010953096621680466
2022-08-02,-0.004899856937955785
2022-08-03,0.01875142194332137
2022-08-04,-0.000625546760005928
2022-08-05,0.002511220173122668
2022-08-08,0.0005626437624553376
2022-08-09,-0.0015431008317287281
2022-08-10,0.01942067007878036
2022-08-11,-0.0034655355979622314
2022-08-12,0.011118474841402121
2022-08-15,0.007423489334219202
2022-08-16,-0.0006889891762419426
2022-08-17,-0.002219929841181548
2022-08-18,0.0030723788522721163
2022-08-19,-0.011745365958887822
2022-08-22,-0.007507670835572241
2022-08-23,0.00017225933621538118
2022-08-24,0.0005955348942204597
2022-08-25,0.001496541832047876
2022-08-26,-0.01050426957511003
2022-08-29,0.00046872648368414475
2022-08-30,-0.004550902041791768
2022-08-31,-0.0017172570084915584
2022-09-01,0.0017908341035765061
2022-09-02,7.993086685133678e-05
2022-09-06,-0.022863455741093393
2022-09-07,0.059071805114114556
2022-09-08,0.008361274670863093
2022-09-09,0.007912287655809862
2022-09-12,0.005875825816820678
2022-09-13,-0.038610852733755405
2022-09-14,0.0009185820086036469
2022-09-15,-0.0040496104849964435
2022-09-16,-0.0006274654255567358
2022-09-19,0.00047313255588901036
2022-09-20,-0.001118558689312664
2022-09-21,-0.016975799543573634
2022-09-22,-0.001506303453356838
2022-09-23,-0.04781017843864974
2022-09-26,-0.013608859274401435
2022-09-27,0.0009514513203434327
2022-09-28,0.05846025287858656
2022-09-29,-0.005879251975570491
2022-09-30,-0.05247678558018748
2022-10-03,0.06935823628861677
2022-10-04,0.021860048305690855
2022-10-05,-0.004537851385419005
2022-10-06,-0.016701044925421953
2022-10-07,-0.022220086087798557
2022-10-10,-0.008078419796860449
2022-10-11,0.0
2022-10-12,-0.0022051275034845096
2022-10-13,0.0668510600981999
2022-10-14,-0.003162184428312161
2022-10-17,0.0018624470429455396
2022-10-18,0.01076145460575682
2022-10-19,-0.007834787244545068
2022-10-20,-0.0041189867242068376
2022-10-21,0.011272854023897917
2022-10-24,0.010146994429818245
2022-10-25,0.018504592552896694
2022-10-26,0.007626033951669839
2022-10-27,0.005552352574516632
2022-10-28,0.013183989097066836
2022-10-31,0.0027638007840737134
2022-11-01,0.002694728610890598
2022-11-02,-0.01618566690979994
2022-11-03,0.005488031797067439
2022-11-04,0.006747330989917677
2022-11-07,0.0017979268547901187
2022-11-08,-0.008129730902334476
2022-11-09,-0.0021451746657400062
2022-11-10,0.00689009853293452
2022-11-11,0.00172123892682349
2022-11-14,-0.0028237147083229374
2022-11-15,-0.0005803987364212135
2022-11-16,0.006904565683947019
2022-11-17,-0.00030495172492464064
2022-11-18,0.008636570812341428
2022-11-21,0.006837430307209012
2022-11-22,0.01418979218833848
2022-11-23,0.009690585830374856
2022-11-25,0.0008149608632678595
2022-11-28,-0.014099829510711032
2022-11-29,0.002274789001179601
2022-11-30,0.02227455285217099
2022-12-01,0.00529608453257361
2022-12-02,0.005208583660000816
2022-12-05,-0.01109152477450899
2022-12-06,-0.009483728129694224
2022-12-07,-0.003434453372253032
2022-12-08,-0.00017153134797142505
2022-12-09,-0.002838321609971124
2022-12-12,0.0038994823952314688
2022-12-13,0.0015939974908618232
2022-12-14,0.007638305515485744
2022-12-15,-0.023836701267104073
2022-12-16,-0.0016279400797700226
2022-12-19,0.001847252813882943
2022-12-20,0.00023586702794907953
2022-12-21,0.004128761129595016
2022-12-22,-0.0021384107751721464
2022-12-23,0.009679906387480283
2022-12-27,-0.0018550737411261787
2022-12-28,-0.004057113745856749
2022-12-29,0.07054472670264945
2022-12-30,-0.0023312004686874455
2023-01-03,-0.0001807616345385983
2023-01-04,0.011153579143635768
2023-01-05,-0.00987479831006011
2023-01-06,0.014706574406671207
2023-01-09,-0.00377365722343605
2023-01-10,0.014127736498409163
2023-01-11,0.00534341696010102
2023-01-12,0.008798974922387943
2023-01-13,0.007145537333249172
2023-01-17,-0.0032682752528693485
2023-01-18,-0.016844787478031448
2023-01-19,-0.004755535216594015
2023-01-20,0.01291902486389291
2023-01-23,0.005828306479251554
2023-01-24,-0.00019661802023325913
2023-01-25,-0.001628759947383924
2023-01-26,0.006649177905063922
2023-01-27,0.00586202933724309
2023-01-30,-0.011499679839765428
2023-01-31,0.012364731253999867
2023-02-01,0.01162524877068989
2023-02-02,-0.002514374516121547
2023-02-03,-0.01087408606659711
2023-02-06,-0.004601534545288892
2023-02-07,0.005780253847661626
2023-02-08,-0.013476744941790218
2023-02-09,-0.0027879140146761803
2023-02-10,-0.001987577029732388
2023-02-13,0.0037773369874463825
2023-02-14,-0.00028752456739093604
2023-02-15,0.001830897770123146
2023-02-16,-0.017950899492417564
2023-02-17,0.004147263220936481
2023-02-21,-0.026519294177873163
2023-02-22,0.0005548022242034552
2023-02-23,0.0023900805461448565
2023-02-24,-0.005474891333456502
2023-02-27,-0.0009734850655962586
2023-02-28,-0.0005663938622412249
2023-03-01,-0.0078123794320932435
2023-03-02,0.011964966329670593
2023-03-03,0.015465851907506083
2023-03-06,0.0025172957569003507
2023-03-07,-0.013895585402645586
2023-03-08,0.0027867223321664763
2023-03-09,-0.028170898015775395
2023-03-10,-1.3098701483812785e-05
2023-03-13,0.004061215554794338
2023-03-14,0.002093058565380001
2023-03-15,0.0025851274683022954
2023-03-16,-0.0002715419721052673
2023-03-17,-0.0029145210768654855
2023-03-20,0.0031862646557516377
2023-03-21,0.015116917702986711
2023-03-22,-0.018819942701797585
2023-03-23,-0.006243369659266617
2023-03-24,0.008564535045701925
2023-03-27,0.007303862917289479
2023-03-28,0.001983313924477699
2023-03-29,0.0127715939568115
2023-03-30,0.004395505176383236
2023-03-31,0.010901542914208464
2023-04-03,0.0035527298489936897
2023-04-04,-0.0016600936399441338
2023-04-05,0.008052787541910637
2023-04-06,0.004783250794968492
2023-04-10,0.0019396939535217162
2023-04-11,0.003365959821711978
2023-04-12,-0.004338585939065061
2023-04-13,0.013704935947080898
2023-04-14,-0.00106768208833508
2023-04-17,0.007123047293842777
2023-04-18,-0.0003944772674708335
2023-04-19,0.0017763339204322512
2023-04-20,-0.00801678209894018
2023-04-21,0.008006826183604134
2023-04-24,0.0031909774749361627
2023-04-25,-0.025615944427784327
2023-04-26,0.001366426900026081
2023-04-27,0.009369375972913232
2023-04-28,0.011666742941720078
2023-05-01,0.0030074434589170964
2023-05-02,-0.012331672977967613
2023-05-03,-0.008278167163398499
2023-05-04,-0.010615320196910442
2023-05-05,0.007321074400801904
2023-05-08,-0.0001253893471147386
2023-05-09,-0.0027221721313296253
2023-05-10,0.006172742357575391
2023-05-11,-0.0003010678608091243
2023-05-12,-0.0008453090458415548
2023-05-15,0.0008600772231602521
2023-05-16,-0.01262562014054042
2023-05-17,0.008694860694534304
2023-05-18,0.007901743025737245
2023-05-19,-0.004722059041249195
2023-05-22,-0.00011466887838627377
2023-05-23,-0.008758210344098013
2023-05-24,-0.010169722452937912
2023-05-25,0.007325034037787473
2023-05-26,0.009618613427850463
2023-05-30,0.0023423581507740886
2023-05-31,0.004378848791013541
2023-06-01,0.011626993314624126
2023-06-02,0.01582299245070826
2023-06-05,0.006725200333964741
2023-06-06,0.010149258694027698
2023-06-07,0.0008455265497276467
2023-06-08,0.009684907411691878
2023-06-09,-0.00102331949293467
2023-06-12,0.002711563706760175
2023-06-13,0.003512322165001828
2023-06-14,0.0029380728977276794
2023-06-15,0.002291787348774518
2023-06-16,-0.057777777777777775
2023-06-20,-0.001849369157781131
2023-06-21,0.0037910027513124943
2023-06-22,0.006677545920576311
2023-06-23,-0.008615950328435634
2023-06-26,-0.0008334929603922591
2023-06-27,0.008670578044346238
2023-06-28,0.004284468131030526
2023-06-29,-0.0028742838002072417
2023-06-30,0.01056447702117513
2023-07-03,0.001659488512934676
2023-07-05,-0.0005605553554660699
2023-07-06,-0.017616491533424244
2023-07-07,-8.364259441536647e-05
2023-07-10,0.0013253049628398684
2023-07-11,0.0014390090479871644
2023-07-12,0.006297945656185499
2023-07-13,0.0009545450409867435
2023-07-14,0.005857111621817974
2023-07-17,-0.0017359071263106252
2023-07-18,0.0033275064652723454
2023-07-19,0.00013609804938490586
2023-07-20,0.0013833527275766665
2023-07-21,0.007287700554360882
2023-07-24,0.004141687301562834
2023-07-25,0.00033905727562071205
2023-07-26,0.005835796873582887
2023-07-27,-0.017527487859422295
2023-07-28,0.011870376994198174
2023-07-31,0.002438793046262835
2023-08-01,-0.008784142650783689
2023-08-02,-0.022258769343363217
2023-08-03,-0.00031249753419691393
2023-08-04,0.00010003347911264617
2023-08-07,0.0030212982151141925
2023-08-08,-0.00231711833901733
2023-08-09,-0.0039674237485734926
2023-08-10,-0.0010913971760803437
2023-08-11,0.00945077831346496
2023-08-14,0.003075879881892787
2023-08-15,-0.016526683128115928
2023-08-16,-0.006188016847815539
2023-08-17,-0.0016507156965832378
2023-08-18,-0.0046486076949394375
2023-08-21,0.048351650496427326
2023-08-22,-0.0007709664559519627
2023-08-23,0.005366567651635148
2023-08-24,-0.012920687785737952
2023-08-25,0.012132193259473869
2023-08-28,0.007062147515505616
2023-08-29,0.011687093912629577
2023-08-30,0.004083826579529091
2023-08-31,-0.001847271137020101
2023-09-01,0.0005957001027215797
2023-09-05,-0.008003413322443592
2023-09-06,-0.0051059838699989216
2023-09-07,0.005068170491932696
2023-09-08,0.005447964122786416
2023-09-11,0.01139202251763475
2023-09-12,-0.0024150332938166555
2023-09-13,0.006951710541530913
2023-09-14,0.01148800383135914
2023-09-15,-0.0125196584307466
2023-09-18,-0.0007604458240826163
2023-09-19,-0.000138937642513857
2023-09-20,-0.008890302531618995
2023-09-21,-0.003961172744634551
2023-09-22,0.0008430575136244215
2023-09-25,0.013190888210095187
2023-09-26,-0.003501316008881484
2023-09-27,0.006088590572189305
2023-09-28,0.024207655983749278
2023-09-29,0.00029256846378653966
2023-10-02,0.001155862830263498
2023-10-03,-0.004896718147175971
2023-10-04,0.00030003158379599145
2023-10-05,8.900832979894636e-05
2023-10-06,0.002972619244617741
2023-10-09,0.003667622180792394
2023-10-10,0.0008814293075920846
2023-10-11,0.0038333466586759238
2023-10-12,-0.010257071245247799
2023-10-13,-0.017465247358808392
2023-10-16,0.002638465390894746
2023-10-17,-0.002746850980289702
2023-10-18,-0.004007780871754196
2023-10-19,-0.0015140394849892692
2023-10-20,-0.003390281241787517
2023-10-23,-0.0020334129693532505
2023-10-24,0.0023812036604465535
2023-10-25,0.00036340302805336377
2023-10-26,0.0010321170454004247
2023-10-27,0.01425794630694485
2023-10-30,0.0009322483321870564
2023-10-31,0.014066307254566326
2023-11-01,0.01171813870703612
2023-11-02,0.018736124198467492
2023-11-03,0.008623134357117103
2023-11-06,0.00692811965811268
2023-11-07,0.0015253618441424654
2023-11-08,0.0003458557934058453
2023-11-09,-0.018322981070580953
2023-11-10,0.011962805784413838
2023-11-13,0.001701881142103314
2023-11-14,0.016753952931356394
2023-11-15,0.004144646118381312
2023-11-16,0.0033053197266477716
2023-11-17,0.004585314061325943
2023-11-20,0.003444694369710954
2023-11-21,0.0056734622249318325
2023-11-22,0.0010581121320442312
2023-11-24,0.01088638262158289
2023-11-27,-0.0017437965487942133
2023-11-28,0.0029160806924129453
2023-11-29,-0.004793698484826861
2023-11-30,0.006591633361151574
2023-12-01,0.0055620900346062515
2023-12-04,-0.001274396927130043
2023-12-05,0.0007540147022385175
2023-12-06,0.0012752165265891994
2023-12-07,0.0005792919641296546
2023-12-08,0.007389463837037975
2023-12-11,0.0093203544654445
2023-12-12,0.00822747838439201
2023-12-13,0.014529024157251115
2023-12-14,-0.00580046403712297
2023-12-15,0.047841306884480746
2023-12-18,0.0033407572383073497
2023-12-19,0.023307436182019976
2023-12-20,0.0878524945770065
2023-12-21,0.006329087634522898
2023-12-22,0.000933291745631682
2023-12-26,0.00249670794566482
2023-12-27,0.001774136821779038
2023-12-28,0.001036161667980356
2023-12-29,-0.00166490723475375
2024-01-02,0.004412964921524795
2024-01-03,-0.011545237468804974
2024-01-04,2.5298786668300367e-05
2024-01-05,0.0002825239618707509
2024-01-08,0.008532290347213596
2024-01-09,0.003037414004252811
2024-01-10,0.0046617880563166285
2024-01-11,-0.002789245915107418
2024-01-12,-0.004944168458184917
2024-01-16,-0.010384382981598614
2024-01-17,-0.0032951969995927625
2024-01-18,0.004816073891312565
2024-01-19,0.005174792096192593
2024-01-22,0.0007650805037922766
2024-01-23,0.0050559458718307726
2024-01-24,-0.010056040047912617
2024-01-25,-0.0021505281886324357
2024-01-26,0.004543575603896114
2024-01-29,0.0040868874815052315
2024-01-30,-0.02349869451697128
2024-01-31,0.07352941176470588
2024-02-01,0.004704640605850824
2024-02-02,0.0025716766607428642
2024-02-05,-0.002090955538442791
2024-02-06,0.009713731417839185
2024-02-07,0.003355013662001304
2024-02-08,0.0007176811108873417
2024-02-09,-7.531575773166415e-06
2024-02-12,-0.0021489000094171103
2024-02-13,-0.022963751777823425
2024-02-14,0.004834813946403034
2024-02-15,0.0017092202351873002
2024-02-16,-0.00413436243604404
2024-02-20,-0.0023295888713674106
2024-02-21,-0.0021501140653393284
2024-02-22,0.0095717496556795
2024-02-23,0.008339071517168296
2024-02-26,-0.0025086946410836906
2024-02-27,0.006343461544546592
2024-02-28,-0.00341477477496835
2024-02-29,0.001218788957071947
2024-03-01,0.0024388250714047137
2024-03-04,-0.00013070001492098337
2024-03-05,-0.012618823990682319
2024-03-06,0.0018767615467169207
2024-03-07,0.004922019743883331
2024-03-08,-0.0033740628136601867
2024-03-11,-0.0016717720033058415
2024-03-12,0.002784533872243362
2024-03-13,0.0008586052560226705
2024-03-14,-0.008537060667906994
2024-03-15,-0.006418725619250703
2024-03-18,0.006406431929353756
2024-03-19,0.010192963129233474
2024-03-20,0.00692231443253972
2024-03-21,0.00255805865875983
2024-03-22,-0.002364873490048883
2024-03-25,0.0008238097453421293
2024-03-26,0.0001835536391527502
2024-03-27,0.014014290716894584
2024-03-28,-0.0030584414911850933
2024-04-01,-0.005886957014925958
2024-04-02,-0.01228812326185581
2024-04-03,0.001164054100670787
2024-04-04,-0.0034833060581790027
2024-04-05,0.0017717841132019404
2024-04-08,-0.0007408667967092037
2024-04-09,0.0018667882123430367
2024-04-10,-0.005992012739612949
2024-04-11,0.0073208385068842755
2024-04-12,-0.02554127218527149
2024-04-15,-0.00622141909789262
2024-04-16,0.00010893258244563886
2024-04-17,-0.0037644515885206305
2024-04-18,-0.0024221085790997465
2024-04-19,-0.06199057707901876
2024-04-22,0.029102629815084966
2024-04-23,0.013549459638912704
2024-04-24,0.004542147328637822
2024-04-25,-0.004925720964594377
2024-04-26,0.005079678307988426
2024-04-29,0.011216694864505208
2024-04-30,-0.010634008331362334
2024-05-01,0.0008310494611664468
2024-05-02,0.004628287392179236
2024-05-03,0.009319252402061756
2024-05-06,0.007772120492631781
2024-05-07,0.004918393903183474
2024-05-08,0.0015636506978511985
2024-05-09,0.008048408088623595
2024-05-10,0.0018784824651264759
2024-05-13,-0.00232091742245548
2024-05-14,0.005067013917638397
2024-05-15,0.014974502473571478
2024-05-16,-0.001640083013769293
2024-05-17,0.0032118804879618375
2024-05-20,-0.00208974906549474
2024-05-21,0.006887716729456195
2024-05-22,-0.007240153757521068
2024-05-23,-0.011106415850144803
2024-05-24,0.00284932879497056
2024-05-28,-0.008417291079558945
2024-05-29,-0.0023037674997117927
2024-05-30,-0.0024796466364282828
2024-05-31,0.0009073636226250747
2024-06-03,0.0012601078964231214
2024-06-04,0.0016211684675758611
2024-06-05,0.007769330522708273
2024-06-06,0.002573915485462065
2024-06-07,-1.974596863101724e-05
2024-06-10,0.003655938385877332
2024-06-11,-0.0024854109348792807
2024-06-12,0.0056312229124338585
2024-06-13,0.0
2024-06-14,0.04408651727153957
2024-06-17,-0.00893218400724046
2024-06-18,-0.00573539172579838
2024-06-20,0.048619708282379014
2024-06-21,-0.029862499424422886
2024-06-24,-0.003642756636124027
2024-06-25,0.0022489902306202063
2024-06-26,0.0033563918529469243
2024-06-27,0.00319582817285044
2024-06-28,-0.0063705860278800795
2024-07-01,0.006710660915809846
2024-07-02,0.005111828503806825
2024-07-03,-0.0019083771937886407
2024-07-05,0.003401790369317219
2024-07-08,0.0037384915826757788
2024-07-09,0.0020485338375093158
2024-07-10,0.005719793405999792
2024-07-11,0.004653327261059356
2024-07-12,0.00830325413734508
2024-07-15,-0.008547195940831122
2024-07-16,0.00038754133841028095
2024-07-17,0.05002298972276061
2024-07-18,-0.0014644840122892326
2024-07-19,-0.0023330181102747052
2024-07-22,0.00323595183138033
2024-07-23,-0.00029350261355887185
2024-07-24,-0.007059455426752723
2024-07-25,-0.03330798694958172
2024-07-26,0.028607496907911135
2024-07-29,0.0004070648041902947
2024-07-30,-0.0019064689930993486
2024-07-31,0.08743428004079895
2024-08-01,-0.01095816508109313
2024-08-02,0.0014818030171959368
2024-08-05,0.0
2024-08-06,0.024990647055578564
2024-08-07,-0.03220517586088132
2024-08-08,0.09155859848077674
2024-08-09,0.0012241345043013596
2024-08-12,0.000959030943068079
2024-08-13,0.01622963804393016
2024-08-14,0.005066214087993966
2024-08-15,0.010574433118776056
2024-08-16,0.0020701262281388835
2024-08-19,0.008227515494654137
2024-08-20,-0.0027578469320595216
2024-08-21,0.0043160569851583685
2024-08-22,-0.006241683431879934
2024-08-23,0.0045307279105694254
2024-08-26,-0.0027996862401096748
2024-08-27,0.0012222319121084622
2024-08-28,-0.005294631264769402
2024-08-29,-0.000510337618865394
2024-08-30,0.009529295919226575
2024-09-03,-0.01800668867664977
2024-09-04,0.001375586568795857
2024-09-05,0.0005228539846860692
2024-09-06,-0.003969324231765563
2024-09-09,0.002787334439164751
2024-09-10,0.003161910582710028
2024-09-11,0.004777524853983476
2024-09-12,0.004286125321744726
2024-09-13,0.0067384370786501896
2024-09-16,0.0037887418351157894
2024-09-17,-0.005208560793766146
2024-09-18,-0.002492506633031729
2024-09-19,0.00593061328840719
2024-09-20,0.006401475842714345
2024-09-23,0.003491431141555174
2024-09-24,-0.0009618551183250626
2024-09-25,-0.004395899735213724
2024-09-26,0.00030855305004080173
2024-09-27,0.07009536901143175
2024-09-30,-0.0007862160024129058
2024-10-01,0.11512232890861099
2024-10-02,0.00012725091101228894
2024-10-03,-0.0013190499039123713
2024-10-04,-0.00022304084847384075
2024-10-07,-0.00452572165060809
2024-10-08,0.005313354301239874
2024-10-09,0.001542217080915366
2024-10-10,0.00031995140607673453
2024-10-11,0.004529885018243531
2024-10-14,0.0023263906357785065
2024-10-15,-0.007435878756810668
2024-10-16,0.007200466787329446
2024-10-17,-0.0012311978413651233
2024-10-18,0.006866035683329202
2024-10-21,-0.006045142609501702
2024-10-22,-0.0015116200748928519
2024-10-23,-0.010496914743781857
2024-10-24,0.003050448609523292
2024-10-25,0.001642268157154168
2024-10-28,-0.0003216774478571373
2024-10-29,0.003217620370336687
2024-10-30,-0.003115044904939398
2024-10-31,-0.007790803653503809
2024-11-01,0.0015986520009415072
2024-11-04,2.0674418534689828e-05
2024-11-05,0.0023071211807954048
2024-11-06,0.022232496006661405
2024-11-07,0.009808556986736711
2024-11-08,0.008854413912580534
2024-11-11,0.0022942942481183957
2024-11-12,-0.008764494067501367
2024-11-13,0.003975950998814263
2024-11-14,-0.008258033137378757
2024-11-15,-0.01607869275058471
2024-11-18,0.001997143500636826
2024-11-19,0.0012673565419485267
2024-11-20,-0.0005297885563888878
2024-11-21,0.0004684844142832
2024-11-22,0.00015813435305404188
2024-11-25,0.011330199979153193
2024-11-26,0.007091120223757792
2024-11-27,0.0010344431752561346
2024-11-29,0.005000062030392266
2024-12-02,0.0006222188478580051
2024-12-03,-0.0019481155022569746
2024-12-04,0.0006074444906879585
2024-12-05,-0.0014241998509012936
2024-12-06,0.004202451891862928
2024-12-09,-0.0065317280323901284
2024-12-10,-0.0010381281166137123
2024-12-11,0.004433908388275223
2024-12-12,-0.004776032449477299
2024-12-13,0.0005551425128828545
2024-12-16,0.002966432135880221
2024-12-17,-0.0009345211482434048
2024-12-18,-0.009730675758617724
2024-12-19,0.00012407107255450772
2024-12-20,0.0004383410898102679
2024-12-23,0.001190361187176207
2024-12-24,0.0029449929926086632
2024-12-26,9.792650383574691e-05
2024-12-27,-0.010841948476491956
2024-12-30,-0.010302288915464428
2024-12-31,-0.0013839984964105936
2025-01-02,-0.0005531885054270509
2025-01-03,0.0025796763204840303
2025-01-06,0.0019445226548530374
2025-01-07,-0.00907673235922833
2025-01-08,0.0005818413679915179
2025-01-10,-0.0039064372409792275
2025-01-13,-0.00029873245170064066
2025-01-14,3.363054844776957e-05
2025-01-15,0.005723781458499783
2025-01-16,0.00716511097948556
2025-01-17,-0.00015457456790815083
2025-01-21,0.01582396663159132
2025-01-22,-0.008741004499184812
2025-01-23,0.00870370275033918
2025-01-24,0.0022226804804114163
2025-01-27,-0.009244769506135777
2025-01-28,0.0027309436178414945
2025-01-29,-0.0008699422158912492
2025-01-30,0.0012674562938983721
2025-01-31,-0.0001750812068042476
2025-02-03,-0.001975766750486713
2025-02-04,0.0029471950487632587
2025-02-05,0.0013262274163169416
2025-02-06,0.0005903831448738413
2025-02-07,-0.012795633548291042
2025-02-10,0.00756624100339085
2025-02-11,-0.002611322407403304
2025-02-12,0.0003288551012444864
2025-02-13,0.007437510585888169
2025-02-14,-0.00216589655195215
2025-02-18,0.0016690295081543878
2025-02-19,0.0057939614551847365
2025-02-20,-0.0012691287418734507
2025-02-21,-0.021069626001989757
2025-02-24,-0.0018494380211772745
2025-02-25,-0.0014269299543909156
2025-02-26,0.0008452830845557902
2025-02-27,-0.006551321059332289
2025-02-28,0.04578453139629464
2025-03-03,-0.0039523242064935914
2025-03-04,-0.010987516565140607
2025-03-05,0.03895546895788474
2025-03-06,-0.00500563093062948
2025-03-07,0.020745014397277863
2025-03-10,-0.0054626052971665584
2025-03-11,-0.011703771911967522
2025-03-12,0.03417357423812018
2025-03-13,-0.05463761359515967
2025-03-14,0.07094654552685767
2025-03-17,0.00108039753815389
2025-03-18,-0.008504328125951791
2025-03-19,0.008969041762166799
2025-03-20,0.0034313538182121173
2025-03-21,-0.0017521380088672545
2025-03-24,0.017444507967687803
2025-03-25,-0.007777557630094262
2025-03-26,-0.0063913765882300366
2025-03-27,-7.48256136077405e-05
2025-03-28,-0.016329820907992135
2025-03-31,0.002754390165717266
2025-04-01,0.000942786973344146
2025-04-02,-0.0009650067325876198
2025-04-03,-0.005351897921778391
2025-04-04,-0.1831014096982796
2025-04-07,0.0038939713860521668
2025-04-08,-0.056969700929511244
2025-04-09,0.35244199962012557
2025-04-10,-0.005090551613238413
2025-04-11,0.0004369302149214309
2025-04-14,0.0
2025-04-15,0.00017038626052032538
2025-04-16,-0.021120595248618382
2025-04-17,0.002683709287566457
2025-04-21,-0.025473406543877895
2025-04-22,0.003764433320421972
2025-04-23,0.0003967570984467959
2025-04-24,0.0004137309399730886
2025-04-25,0.009503454512901702
2025-04-28,0.001607703472363407
2025-04-29,0.00639822163017879
2025-04-30,-0.004191983724570437
2025-05-01,-0.003353622688423504
2025-05-02,0.014676611403819062
2025-05-05,-0.00602028053826441
2025-05-06,-0.010598328434246605
2025-05-07,0.0014418711990891284
2025-05-08,0.0032433116834927472
2025-05-09,-9.616625152972724e-05
2025-05-12,0.036773450145950404
2025-05-13,-0.0031197299359139855
2025-05-14,-0.008989593213489756
2025-05-15,0.011449235715578314
2025-05-16,0.009566530275447849
2025-05-19,-0.00010569677148808448
2025-05-20,-0.013284512664829693
2025-05-21,0.10445682747239499
2025-05-22,0.0009598525197276534
2025-05-23,-0.0019708538946139487
2025-05-27,0.006208524566133166
2025-05-28,-0.0016353808955279438
2025-05-29,0.0013522454297883663
2025-05-30,0.0008816625558959984
2025-06-02,0.0037372948705847973
2025-06-03,0.006121834526668707
2025-06-04,-0.004540791906313171
2025-06-05,-0.008650341241866411
2025-06-06,0.012995765142378463
2025-06-09,0.001053783982653669
2025-06-10,0.005831658533231152
2025-06-11,-0.003129202455274269
2025-06-12,0.0013538516685117298
2025-06-13,-0.019292454762795924
2025-06-16,0.003694095404087855
2025-06-17,-0.0021531384313989302
2025-06-18,0.0003384424651008499
2025-06-20,-0.0005079802742816047
2025-06-23,0.0038802312792867062
2025-06-24,0.016672368182859925
2025-06-25,-0.004505997330594368
2025-06-26,0.004951601536273006
2025-06-27,0.0027236223854538747
2025-06-30,0.0032259685153506554
2025-07-01,0.005478221564790337
2025-07-02,-0.0027016599635187495
2025-07-03,0.004031601809681366
2025-07-07,-0.005152000051991314
2025-07-08,0.0013191517391666374
2025-07-09,0.01004631610187582
2025-07-10,0.006893329353506866
2025-07-11,-0.0030498064234611055
2025-07-14,-0.0010380547193632318
2025-07-15,-0.00849629942803694
2025-07-16,0.0017998472378961431
2025-07-17,0.0019100053468929265
2025-07-18,0.000351133073521884
2025-07-21,0.001991738324816847
2025-07-22,0.008305014713303055
2025-07-23,0.01234303823573464
2025-07-24,-0.0024672822369402538
2025-07-25,0.004922304090299661
2025-07-28,0.005417552637519859
2025-07-29,-0.006400685186942125
2025-07-30,-0.0008244441913080279
2025-07-31,-0.005443656492853623
2025-08-01,-0.024878047784190782
2025-08-04,0.008581343660494387
2025-08-05,-0.003072822686594384
2025-08-06,0.005326340526967234
2025-08-07,-0.0013374182321800687
2025-08-08,0.0033638936782081396
2025-08-11,-0.0007737990365856122
2025-08-12,0.012709567805390738
2025-08-13,0.007292347458670247
2025-08-14,-0.0019004429852309223
2025-08-15,0.00239348270865553
2025-08-18,0.0043642206810433236
2025-08-19,-0.000852430819323625
2025-08-20,0.00022074242932496047
2025-08-21,-0.006184876994851592
2025-08-22,0.006924071779851519
2025-08-25,-0.006777694406824602
2025-08-26,0.0038009366035308034
2025-08-27,-0.000301978271233577
2025-08-28,-0.0006823090614545453
2025-08-29,-0.004482321896974597
2025-09-02,-0.002374806513619652
2025-09-03,0.0025667854121148212
2025-09-04,0.002896599985609378
2025-09-05,-0.00021718382340376376
2025-09-08,0.0005944549626304736
2025-09-09,0.003857781641819159
2025-09-10,0.0013446425617990448
2025-09-11,0.01312229078398046
2025-09-12,-0.0003086517077945394
2025-09-15,-0.0015637383220396814
2025-09-16,-0.006719152533965661
2025-09-17,0.00828636227492758
2025-09-18,-0.0006791010290686929
2025-09-19,0.0020924421987938324
2025-09-22,-0.0016871054676672942
2025-09-23,0.015755300502330923
2025-09-24,0.0045390244184064605
2025-09-25,-0.0018301855350058068
2025-09-26,0.0015448824908373703
2025-09-29,-0.0015388540629947792
2025-09-30,0.005398469344091067
2025-10-01,0.009075476031531455
2025-10-02,-0.005431644101103086
2025-10-03,0.004970251599664927
2025-10-06,0.0020001401369836784
2025-10-07,-0.00777891434765762
2025-10-08,0.0027767809238633174
2025-10-09,-0.00040418048169133674
2025-10-10,-0.03905205838375642
2025-10-13,0.005320284587080053
2025-10-14,-0.0018482899645063519
2025-10-15,0.000860331618231857
2025-10-16,0.0005057444829449393
2025-10-17,0.00021839141755327697
2025-10-20,0.014767681729065564
2025-10-21,0.0004764745112481707
2025-10-22,-0.00321867986794341
2025-10-23,0.003961791934952256
2025-10-24,0.00497723702510769
2025-10-27,0.007877217221703165
2025-10-28,-0.01020605794547012
2025-10-29,-0.006582542901647408
2025-10-30,-0.005180928838526258
2025-10-31,0.0011886700412757564
2025-11-03,0.0008672028811926145
2025-11-04,-0.003369412430065188
2025-11-05,0.0004724712741043028
2025-11-06,-0.002226149628030004
2025-11-07,-0.0001443087157001001
2025-11-10,0.0041130979581625
2025-11-11,0.009787583985778718
2025-11-12,0.0027483675249504206
2025-11-13,-0.01671218214748854
2025-11-14,0.00040487665456945325
2025-11-17,-0.0014102827254364907
2025-11-18,-0.0013326859941618333
2025-11-19,0.0007829241619530956
2025-11-20,-0.0029065501909740646
2025-11-21,0.02217430249364905
2025-11-24,0.004042862389376496
2025-11-25,0.012195737056835264
2025-11-26,0.009464816541736481
2025-11-28,0.0038579093823102742
2025-12-01,-0.009369855438217133
2025-12-02,-0.0009642274378456129
2025-12-03,0.003040068492278572
2025-12-04,-0.001108413306990108
2025-12-05,-0.0001376986957039104
2025-12-08,-0.010937279208238525
2025-12-09,-0.002323635893372993
2025-12-10,0.01295821130678754
2025-12-11,0.006730675197191335
2025-12-12,0.0008091679878875221
2025-12-15,0.0064680543259096595
2025-12-16,-0.002912499151873598
2025-12-17,-0.006209231481127097
2025-12-18,0.010817000039684633
2025-12-19,0.005371250741882944
2025-12-22,0.010549252646419538
2025-12-23,-0.0005811941821014124
2025-12-24,0.002112106387539046
2025-12-26,1.9271754098713445e-05
2025-12-29,0.0018747239052779073
2025-12-30,0.0026000814930651358
2025-12-31,-0.006067298325354292
2026-01-02,0.005485533685476534
2026-01-05,-0.0010639677828300155
2026-01-06,0.008776160052332697
2026-01-07,-0.007984439812908528
2026-01-08,-0.0012707576906112565
2026-01-09,0.007494779963192466
2026-01-12,0.00015821975975990828
2026-01-13,-0.007721775893348512
2026-01-14,-0.0013016469301098677
2026-01-15,-0.00020390070462180822
2026-01-16,-0.0003942223318471402
2026-01-20,-0.0035416150237041638
2026-01-21,0.0023390100543909335
2026-01-22,0.0007383061424944312
2026-01-23,-0.004456881513138222
2026-01-26,0.0009221470644675898
2026-01-27,0.0014118474698082987
2026-01-28,-0.004548488341014823
2026-01-29,-0.000355567927594805
2026-01-30,-0.0006498230722529137
2026-02-02,0.0004181668247656604
2026-02-03,-0.007710565089553048
2026-02-04,-0.0015664639668323559
2026-02-05,-0.0001799653583341871
2026-02-06,0.06192285167515657
2026-02-09,0.0011727260368233888
2026-02-10,-7.957065238692844e-06
2026-02-11,-0.0005750784466536375
2026-02-12,-0.008597481071840597
2026-02-13,0.008009478865418853
2026-02-17,-0.00047248944254935077
2026-02-18,0.0005063598656453818
2026-02-19,-0.0006141491312602926
2026-02-20,0.0015652761339869838
2026-02-23,-0.009045430885542542
2026-02-24,0.001712873974040577
2026-02-25,0.0020793056807344584
2026-02-26,-0.004161731182934522
2026-02-27,-0.00021024465269165425
2026-03-02,-0.0013974448424742534
2026-03-03,-0.012869826703096068
2026-03-04,0.002315355336359987
2026-03-05,-0.0012153769474496042
2026-03-06,-0.0027208473010080277
2026-03-09,0.00010930473778710647
2026-03-10,-0.0005378357930380841
2026-03-11,-0.0008810159774958766
2026-03-12,-0.005144616627622445
2026-03-13,-0.0008121188215469333
2026-03-16,0.0
2026-03-17,0.0011646256815930672
2026-03-18,-0.02142719746007394
2026-03-19,-0.0009143491378919925
2026-03-20,-0.027268498008509508
2026-03-23,0.001972542451302414
2026-03-24,-0.002974296828983032
2026-03-25,0.0012793317606330469
2026-03-26,-0.014819346418865923
2026-03-27,0.0036615736291603345
2026-03-30,-0.022949954306547508
2026-03-31,0.10002644851535633
2026-04-01,-0.0032217772056620797
2026-04-02,0.0006350143181093347
2026-04-06,0.0031965691838206863
2026-04-07,-0.006399466130320125
2026-04-08,0.02849771453454
2026-04-09,0.010696386337774484
2026-04-10,-0.007175293676283657
2026-04-13,0.0058738177765264195
2026-04-14,0.008186327688509612
2026-04-15,-0.0028530270774465524
2026-04-16,-0.0011912054486248463
2026-04-17,0.009163595615928423
2026-04-20,0.017037947186993353
2026-04-21,-0.012059485415522538
2026-04-22,0.0039292955497481725
2026-04-23,-0.009908520924815962
2026-04-24,0.00469938404610434
2026-04-27,-0.04682780848914175
2026-04-28,0.002311709611686484
2026-04-29,-0.008297650050560774
2026-04-30,0.018709836344954225
2026-05-01,-0.004192606541524418
2026-05-04,-0.0057902470355325145
2026-05-05,0.0027784074152265824
2026-05-06,-0.02909770900233953
2026-05-07,-0.014572416685782108
2026-05-08,0.007254417422607892
2026-05-11,0.024376761919978427
2026-05-12,-0.03353158137152707
2026-05-13,-0.004597098347839509
2026-05-14,-0.03486785102749512
2026-05-15,0.009314084490967791
2026-05-18,0.005737421632973824
2026-05-19,-0.0002097251306356835
2026-05-20,0.009489427099198524
2026-05-21,0.012588396879757708
2026-05-22,0.0007149340430608907
2026-05-26,0.0070577807126175895
2026-05-27,0.008688803348567153
2026-05-28,0.006980236017168048
2026-05-29,0.000450056857039268
2026-06-01,-0.016346342232874976
2026-06-02,-0.02671122283906958
2026-06-03,-0.0024013617749662286
2026-06-04,0.016593813788470312
2026-06-05,-0.02175229415443526
2026-06-08,0.0027904809951899076
2026-06-09,-0.001359498215370517
2026-06-10,-0.003086482061399922
2026-06-11,0.006420510562804657
2026-06-12,0.0006908862508287685
2026-06-15,0.017933644134659903
2026-06-16,0.0007685521526897021
2026-06-17,-0.01896524765770767
2026-06-18,0.008529530188359384
2026-06-22,0.0006330758937704742
2026-06-23,-0.00785562747931997
2026-06-24,0.00046276722488038406
2026-06-25,0.0014195411469274258
2026-06-26,0.009111987328401974
2026-06-29,0.0037208616283209376
2026-06-30,-0.0010082029904969253
2026-07-01,-0.002170792630707407
2026-07-02,0.010995800194391125
2026-07-06,0.002033421254348835
2026-07-07,0.002619498996602301
2026-07-08,-0.011018791477331372
2026-07-09,0.005345055225144861
2026-07-10,0.005133927790117191
2026-07-13,-0.006117354349714649
2026-07-14,0.0033325589706399918
2026-07-15,0.005724614435499591
2026-07-16,-0.0009985678252434607
2026-07-17,-0.017286727312042446
2026-07-20,-0.00021457798655811534
2026-07-21,0.002149252464538014
2026-07-22,2.0979931241850306e-05
2026-07-23,-0.0038195755646044114
2026-07-24,-0.0008969612708550951
2026-07-27,0.0009218143590610588
2026-07-28,-0.0007325041483621336
2026-07-29,-0.0029714035615345984
2026-07-30,0.09610388289282332
2026-07-31,0.009170312640288867
2026-08-03,0.003712016769587209
2026-08-04,-0.0026052896004448186
2026-08-05,0.006878378079235
2026-08-06,0.000962407553801073
2026-08-07,0.003987694248577765
2026-08-10,0.001139801314828501
2026-08-11,0.003776792338037344
2026-08-12,0.006160000111821279
2026-08-13,0.000668615605797548
2026-08-14,0.0020231513827862237
2026-08-17,-0.004382101166308382
2026-08-18,0.0009756580762581401
2026-08-19,0.01683597755169738
2026-08-20,-0.00896638176108941
2026-08-21,0.0013629385414705131
2026-08-24,0.0009051456987118603
2026-08-25,0.006310848903663794
2026-08-26,-0.0010222721808972493
2026-08-27,0.0019547927885901393
2026-08-28,-0.0044579469512106475
2026-08-31,0.0010642154533108945
2026-09-01,-0.00870865619678677
2026-09-02,0.009878642021613428
2026-09-03,0.009593314591267157
2026-09-04,-0.0046154234143055434
2026-09-08,-0.00731532744398789
2026-09-09,-0.0009647772774384672
2026-09-10,-0.012735019871044681
2026-09-11,0.0018222021441088817
2026-09-14,-0.002383517925350625
2026-09-15,-0.00195885133057214
