date,returns
2010-04-12,0.0
2010-04-13,0.006687021697161325
2010-04-14,0.0341174114764146
2010-04-15,0.0046931921038906674
2010-04-16,-0.022167613341642495
2010-04-19,-0.002136261469249075
2010-04-20,0.006548795207310781
2010-04-21,-0.0015269331850982528
2010-04-22,0.010069171542335399
2010-04-23,-0.001374493974150055
2010-04-26,0.0006081291394641499
2010-04-27,-0.0007838107201313671
2010-04-28,0.001621929627872309
2010-04-29,-0.0005952274614915935
2010-04-30,-0.015788395686205776
2010-05-03,0.012524153620641434
2010-05-04,-0.002869112127651433
2010-05-05,0.0058631310166158725
2010-05-06,0.0004814029661413168
2010-05-07,-0.009229376557295435
2010-05-10,0.013027190924102093
2010-05-11,0.002978549331495747
2010-05-12,0.007609704120250232
2010-05-13,9.740510615472483e-05
2010-05-14,0.0030850035834767576
2010-05-17,0.002276506137605729
2010-05-18,0.005455818209485244
2010-05-19,-0.006917952991210341
2010-05-20,0.0031053033004682104
2010-05-21,-0.003149969553286723
2010-05-24,0.007121639445164606
2010-05-25,0.004198514585809655
2010-05-26,0.004628504927829843
2010-05-27,-0.018519029540780305
2010-05-28,0.008123482116497414
2010-06-01,0.0015746827569891888
2010-06-02,-0.003930004452249097
2010-06-03,0.0016933000243941686
2010-06-04,0.020258587038952912
2010-06-07,0.004657016184279024
2010-06-08,-0.0047154866703517555
2010-06-09,-0.0033758170595069126
2010-06-10,-0.016551673440613344
2010-06-11,0.007666033595313848
2010-06-14,-0.00994524971039297
2010-06-15,-0.00931600336342494
2010-06-16,0.004892378907831797
2010-06-17,-0.002054999378796845
2010-06-18,-0.0010935369035407335
2010-06-21,0.0021729426580595164
2010-06-22,0.0060283351822314635
2010-06-23,-0.0008866437037804639
2010-06-24,-0.002448695682536816
2010-06-25,-0.0033206885932480536
2010-06-28,0.008492665708096262
2010-06-29,0.008785328666891851
2010-06-30,0.0023107128196515753
2010-07-01,-0.015214977373215316
2010-07-02,-0.00454086816619605
2010-07-06,0.000513057617048071
2010-07-07,-0.008040078180085947
2010-07-08,-0.0036838522079680313
2010-07-09,-0.0006007289657315447
2010-07-12,0.002577827847544413
2010-07-13,-0.011034976419668326
2010-07-14,0.002232779998192262
2010-07-15,-0.005438571759528909
2010-07-16,0.0034383373027755256
2010-07-19,-0.0022708502371603175
2010-07-20,0.0021020578316461773
2010-07-21,0.01309634213355675
2010-07-22,-0.012233201026843735
2010-07-23,-0.006137339990188957
2010-07-26,-0.005315888371337723
2010-07-27,-0.0025042549564200742
2010-07-28,-0.011452612620348045
2010-07-29,-0.005476495264266905
2010-07-30,0.022861384277125217
2010-08-02,-0.014419705908958703
2010-08-03,0.0005496493724581088
2010-08-04,-0.008382471329402888
2010-08-05,0.0014923338718273475
2010-08-06,0.024283202825369277
2010-08-09,-0.002110152962550838
2010-08-10,-0.021203369268535468
2010-08-11,-0.004112547289313602
2010-08-12,-0.016927462751025364
2010-08-13,0.023095649419200483
2010-08-16,0.00818613140651352
2010-08-17,-0.006396617188606093
2010-08-18,0.020134599718426988
2010-08-19,0.009520575887174039
2010-08-20,0.005103120617397719
2010-08-23,0.0014416029940167415
2010-08-24,0.006788288733382643
2010-08-25,9.655146079916299e-05
2010-08-26,-0.00035424373238643683
2010-08-27,-0.014426011282103631
2010-08-30,0.012497303129243676
2010-08-31,0.004969470700862181
2010-09-01,-0.01834716250757808
2010-09-02,-0.0062065691695346835
2010-09-03,-0.01064942036608775
2010-09-07,0.019109522473262988
2010-09-08,-0.0070012568170393745
2010-09-09,-0.009890493529902967
2010-09-10,-0.0017220849565124231
2010-09-13,-0.0071742506243730395
2010-09-14,0.007833087104126772
2010-09-15,-0.0006943962407496896
2010-09-16,-0.005616567454817871
2010-09-17,0.003335867663989668
2010-09-20,0.01001562877315542
2010-09-21,-0.002194715529104589
2010-09-22,0.00996051659846657
2010-09-23,0.002532618237404183
2010-09-24,0.005306495906513406
2010-09-27,0.003104645992936958
2010-09-28,0.0038456013208545046
2010-09-29,0.008530260474857249
2010-09-30,0.004552042687670244
2010-10-01,-0.0014409449452777985
2010-10-04,-0.0011851380322809588
2010-10-05,0.013517832405525638
2010-10-06,0.0068184894248671055
2010-10-07,-0.01269806229741802
2010-10-08,0.025338966624463714
2010-10-11,-0.0036094243176423755
2010-10-12,-0.005112388198231767
2010-10-13,0.0023600108319994967
2010-10-14,-0.013561213594420337
2010-10-15,-0.017488136745979904
2010-10-18,0.01396425975336392
2010-10-19,-0.017597450968006974
2010-10-20,0.01843838508108966
2010-10-21,-0.017828633594713747
2010-10-22,0.010897051414890623
2010-10-25,0.006629578937377555
2010-10-26,-0.008752938416806301
2010-10-27,-0.011162811372201584
2010-10-28,0.005126346220329244
2010-10-29,0.008690908793452365
2010-11-01,7.36753589910405e-05
2010-11-02,0.019229897270293686
2010-11-03,-0.018203661841430754
2010-11-04,0.041470522547775696
2010-11-05,0.008986497912936974
2010-11-08,-0.002001093410129777
2010-11-09,-0.02374982097921456
2010-11-10,0.008690712672935719
2010-11-11,-0.009852175566195318
2010-11-12,-0.03901198100376005
2010-11-15,-0.000495041670937183
2010-11-16,-0.03657716846144359
2010-11-17,-0.0040718930267962215
2010-11-18,0.03372758257349011
2010-11-19,-0.005563461868670032
2010-11-22,0.0013085182479496667
2010-11-23,-0.019594965042707926
2010-11-24,0.028455308124679286
2010-11-26,-0.007592564358222831
2010-11-29,0.001979566853921371
2010-11-30,-0.013155249415791107
2010-12-01,0.04331058149374617
2010-12-02,0.02065862920368846
2010-12-03,0.01068232269165192
2010-12-06,-0.00198967611098142
2010-12-07,-0.003428420241387781
2010-12-08,0.00899362589264946
2010-12-09,0.003694763058031243
2010-12-10,0.006151404278660452
2010-12-13,0.006623536820913335
2010-12-14,-0.0006240884341100609
2010-12-15,-0.00735539516516152
2010-12-16,0.005177403975208451
2010-12-17,0.0065761001941661975
2010-12-20,0.007777817934276456
2010-12-21,0.010414117936396003
2010-12-22,0.0067505459390291706
2010-12-23,0.0010974301884207783
2010-12-27,-0.0012647128383085789
2010-12-28,0.009088376405466865
2010-12-29,0.0009987827994997196
2010-12-30,-0.009508031377564527
2010-12-31,0.013055148733952946
2011-01-03,0.012071536507712454
2011-01-04,-0.008957648148257915
2011-01-05,0.013356168586560392
2011-01-06,-0.010141075701109125
2011-01-07,-0.004451816638574364
2011-01-10,0.005272673945580581
2011-01-11,0.010497561077236886
2011-01-12,0.015831595233201365
2011-01-13,-0.0022253797872502246
2011-01-14,0.01022353449993427
2011-01-18,0.0028136864287878864
2011-01-19,-0.0011124478391910445
2011-01-20,-0.019866335537105304
2011-01-21,0.009076339271928573
2011-01-24,0.0019297485331931262
2011-01-25,-0.006465486698548864
2011-01-26,0.01773769698976923
2011-01-27,-0.0017120602645198436
2011-01-28,-0.016561827508787815
2011-01-31,0.01844928798502865
2011-02-01,0.024795296033738968
2011-02-02,0.00466437028994165
2011-02-03,-0.0023109667107423315
2011-02-04,-0.0003576589741100646
2011-02-07,0.0041703129135257045
2011-02-08,0.009021994599035698
2011-02-09,0.0008504633895618976
2011-02-10,-0.0033993181899466623
2011-02-11,0.0037853832426881988
2011-02-14,0.005085904463956528
2011-02-15,-0.01108304447254146
2011-02-16,0.010742358665860732
2011-02-17,0.005734195908383271
2011-02-18,0.0014902164263197273
2011-02-22,-0.021875967149470682
2011-02-23,0.00915392335889861
2011-02-24,-0.00714993059038488
2011-02-25,0.024361681114692224
2011-02-28,0.0077603982950362055
2011-03-01,-0.0068638724254814105
2011-03-02,0.00438446364403651
2011-03-03,0.01639661174763742
2011-03-04,-0.003712526457671681
2011-03-07,-0.011439021175423447
2011-03-08,0.002749560569603614
2011-03-09,0.0015840503261946221
2011-03-10,-0.029329115636613112
2011-03-11,0.0028177020797894195
2011-03-14,-0.003927095457094669
2011-03-15,-0.03556261530444301
2011-03-16,-0.014185800633307544
2011-03-17,0.032861236092474114
2011-03-18,0.00818351975214178
2011-03-21,0.017304963208471507
2011-03-22,0.0019248771515350963
2011-03-23,0.0038851336168659913
2011-03-24,0.01119561398140305
2011-03-25,0.0045242100705466205
2011-03-28,-0.011111042541303828
2011-03-29,0.010223990953413873
2011-03-30,0.005847281091724866
2011-03-31,0.009436118875922566
2011-04-01,0.00833314921261598
2011-04-04,0.007089257293395398
2011-04-05,0.0006901242338952509
2011-04-06,0.0043874906420130555
2011-04-07,-0.0007743328884607954
2011-04-08,0.012990749072837936
2011-04-11,-0.015631545337295504
2011-04-12,-0.020984881235515205
2011-04-13,0.004763446605679748
2011-04-14,0.0025014499912021284
2011-04-15,0.006184086077177457
2011-04-18,-0.013802966827455902
2011-04-19,0.0047785110973953115
2011-04-20,0.027112718665446775
2011-04-21,0.010451837863181646
2011-04-25,-0.003197907014293331
2011-04-26,0.011111679159925069
2011-04-27,0.011529063070319244
2011-04-28,0.00026368405327496704
2011-04-29,0.010105782341398185
2011-05-02,-0.00891246381661229
2011-05-03,-0.010249509382798064
2011-05-04,-0.01759932639691726
2011-05-05,-0.04886939312883572
2011-05-06,0.0030747616970328373
2011-05-09,0.022384785834749368
2011-05-10,0.01750915199405644
2011-05-11,-0.03251544415934283
2011-05-12,0.01475797808270375
2011-05-13,-0.012526177367557376
2011-05-16,-0.02310824747831807
2011-05-17,0.0012529377244684097
2011-05-18,0.023506680334599225
2011-05-19,-0.0008231261891734017
2011-05-20,-0.00725280586104128
2011-05-23,-0.025271483985226086
2011-05-24,0.0063763832657752085
2011-05-25,0.013766466655050885
2011-05-26,0.007702901912530977
2011-05-27,0.009055134546792598
2011-05-31,0.017878901721340667
2011-06-01,-0.03822662018286308
2011-06-02,0.002029434721580348
2011-06-03,-0.011213528301830956
2011-06-06,-0.02136553725117326
2011-06-07,0.00407403323922048
2011-06-08,-0.0007625246037355326
2011-06-09,0.010823503893279006
2011-06-10,-0.02062838049481634
2011-06-13,-0.00900109385134876
2011-06-14,-0.008440019698846295
2011-06-15,-0.034413531547907904
2011-06-16,0.0013039911274553102
2011-06-17,-0.007326912280424783
2011-06-20,-0.0034437072366372092
2011-06-21,-0.0026293951800894695
2011-06-22,0.002898530408383911
2011-06-23,-0.007810976393655062
2011-06-24,-0.011685376869632802
2011-06-27,-0.01268378083951186
2011-06-28,0.004526024022301909
2011-06-29,0.007634492384159663
2011-06-30,4.308678209674014e-05
2011-07-01,0.013744767231150772
2011-07-05,0.0055100677237707035
2011-07-06,0.0008691330508971242
2011-07-07,0.02494037446255665
2011-07-08,-0.007241329477739625
2011-07-11,-0.020799393050150564
2011-07-12,0.009997447823350396
2011-07-13,0.011901529412226797
2011-07-14,-0.017006570959917273
2011-07-15,0.0070491826627255404
2011-07-18,-0.012600721437020027
2011-07-19,0.023954224812588687
2011-07-20,-0.009079841708664162
2011-07-21,-0.01081666036060729
2011-07-22,0.012472571172741748
2011-07-25,-0.013171494664915337
2011-07-26,0.01167509736566013
2011-07-27,-0.004323578760459818
2011-07-28,0.0004392990498111645
2011-07-29,0.013623337753017188
2011-08-01,0.00898878474125574
2011-08-02,0.019278193299531888
2011-08-03,-0.009748563258929224
2011-08-04,-0.004901399310469363
2011-08-05,-0.01879464090717457
2011-08-08,-0.00552444689071982
2011-08-09,0.009328309370647617
2011-08-10,0.027229127882884202
2011-08-11,-0.026752543885351282
2011-08-12,0.012783460766080118
2011-08-15,0.001182990687549382
2011-08-16,0.012627449612147386
2011-08-17,0.019495105452338873
2011-08-18,-0.001533802471818127
2011-08-19,0.019576365357215516
2011-08-22,-0.0011601299630014789
2011-08-23,-0.0035342101359094975
2011-08-24,-0.031005878451215364
2011-08-25,0.011248257724110127
2011-08-26,0.016266149704007138
2011-08-29,-0.008616949106660554
2011-08-30,0.02240540630945693
2011-08-31,-0.0099939369645386
2011-09-01,0.009677265911198893
2011-09-02,0.02193242646709685
2011-09-06,0.002646648207103299
2011-09-07,-0.002160624652970144
2011-09-08,-0.0013930233328318586
2011-09-09,-0.007480205959658858
2011-09-12,-0.0015899446250995646
2011-09-13,-0.007599499541263795
2011-09-14,0.0004209630826204616
2011-09-15,-0.004693943711420685
2011-09-16,-0.00030699622269897637
2011-09-19,0.011244549648542719
2011-09-20,0.0015756576391065394
2011-09-21,0.018418088808742347
2011-09-22,0.023582213434738528
2011-09-23,-0.009721962733312784
2011-09-26,-0.007113615432262823
2011-09-27,-0.011160975389930067
2011-09-28,0.0031668904224538656
2011-09-29,0.0004616645158760091
2011-09-30,0.01825694045168443
2011-10-03,0.01850307271238275
2011-10-04,-0.008346272923465823
2011-10-05,-0.005842327096437545
2011-10-06,-0.01260778365206643
2011-10-07,-0.0005670366196376723
2011-10-10,-0.019121367783350496
2011-10-11,-0.0018641959013201465
2011-10-12,-0.010827548527040952
2011-10-13,0.002570607873102879
2011-10-14,-0.008874554504750134
2011-10-17,0.011397799462500129
2011-10-18,-0.0031033926629094087
2011-10-19,0.0004335947896033627
2011-10-20,-0.0038916109321919
2011-10-21,-0.011925755752716748
2011-10-24,-0.0016577570311639962
2011-10-25,0.009580316494835098
2011-10-26,-0.006189135532826668
2011-10-27,-0.026708552552783024
2011-10-28,0.003694459076416751
2011-10-31,0.03026205861892711
2011-11-01,0.021113815293156986
2011-11-02,-0.006493695781037005
2011-11-03,-0.009061279518590547
2011-11-04,0.0027206140045574157
2011-11-07,0.0015532987058532082
2011-11-08,-0.008814696156524011
2011-11-09,0.023080278155597718
2011-11-10,-0.007933997425985715
2011-11-11,-0.011274935187930702
2011-11-14,0.01194293698532541
2011-11-15,0.004797800702797787
2011-11-16,0.0059526952217274776
2011-11-17,0.004359006591635144
2011-11-18,-0.002522919108565351
2011-11-21,0.0036457505698057778
2011-11-22,0.0038829771375971074
2011-11-23,0.013638512673928708
2011-11-25,-0.0003013552011839147
2011-11-28,-0.004058191321563101
2011-11-29,-0.0061413439131444625
2011-11-30,-0.01356585721516457
2011-12-01,-0.00214040476551909
2011-12-02,0.007750581574520938
2011-12-05,-0.0004037790759545426
2011-12-06,-0.0046222027088229705
2011-12-07,0.00032724912016620397
2011-12-08,0.009112481131902017
2011-12-09,-0.010505350941859972
2011-12-12,0.0131092673031817
2011-12-13,0.011977777540387287
2011-12-14,0.009054050085920747
2011-12-15,-0.003734823329378227
2011-12-16,0.0015640248065893485
2011-12-19,0.008016515631509529
2011-12-20,-0.017207851107101074
2011-12-21,-0.005189229108067698
2011-12-22,0.0013972108708620492
2011-12-23,-0.004062217057627999
2011-12-27,-0.00012336858270220572
2011-12-28,0.014874494053215469
2011-12-29,-0.0006101444620142054
2011-12-30,-0.00043019462130826423
2012-01-03,-0.013082128105581958
2012-01-04,0.0004501962314342866
2012-01-05,0.008611848260968603
2012-01-06,0.0057607373196468855
2012-01-09,-0.003690333691386207
2012-01-10,-0.0012658416266084532
2012-01-11,0.008308673402069755
2012-01-12,-0.006143298882656131
2012-01-13,0.01068948415832322
2012-01-17,-0.0012388085979584602
2012-01-18,-0.012411353109396877
2012-01-19,-0.009697340118031743
2012-01-20,-0.0033863857858774577
2012-01-23,-0.007371145132393012
2012-01-24,0.0014886893616739422
2012-01-25,-0.004558753539042753
2012-01-26,0.0038477009802653905
2012-01-27,-0.005347669227852676
2012-01-30,0.008631164769735671
2012-01-31,0.007685923498440851
2012-02-01,0.0042052588621332085
2012-02-02,0.00838477475662702
2012-02-03,-0.019605288286635953
2012-02-06,0.0014669116338355392
2012-02-07,-0.020264981173913437
2012-02-08,0.018445189879952945
2012-02-09,-0.00855038585758934
2012-02-10,-0.008666978909139832
2012-02-13,0.007450254911289169
2012-02-14,0.015838802622782974
2012-02-15,0.002189150047853618
2012-02-16,0.019630419355541585
2012-02-17,-0.011528253355877219
2012-02-21,-0.036439557701140005
2012-02-22,0.013147631229890757
2012-02-23,0.002800224941921567
2012-02-24,0.007342678425453251
2012-02-27,0.016263530566107087
2012-02-28,0.016057265988176913
2012-02-29,-0.030236495072435136
2012-03-01,-0.015454591259839192
2012-03-02,0.0008518683203705031
2012-03-05,-0.04466688991307455
2012-03-06,0.006403795550145912
2012-03-07,0.010285009714762362
2012-03-08,0.00010863899087442536
2012-03-09,0.0157319166532172
2012-03-12,-0.01156241705459866
2012-03-13,-0.000619604791411512
2012-03-14,-0.044981916226667154
2012-03-15,0.00282335837954325
2012-03-16,-0.005668874708290369
2012-03-19,-0.011390627588062377
2012-03-20,-0.01350391491951315
2012-03-21,-0.0002331923522179936
2012-03-22,-0.009579466284632836
2012-03-23,0.009335902765725301
2012-03-26,0.01123004562157423
2012-03-27,-0.003791258341217111
2012-03-28,-0.014485804573497556
2012-03-29,-0.010759370395481678
2012-03-30,0.011282645272366817
2012-04-02,0.010316035173107476
2012-04-03,-0.012045961095626353
2012-04-04,-0.02471506678369971
2012-04-05,0.00479128754779962
2012-04-09,-0.010751160573512731
2012-04-10,-0.01966614485406499
2012-04-11,0.009453154790956167
2012-04-12,0.019951988485504592
2012-04-13,-0.01747160465849528
2012-04-16,-0.008008348551400373
2012-04-17,0.011480648262766919
2012-04-18,-0.007403414532976509
2012-04-19,-0.013262616080607317
2012-04-20,-0.03165609320628789
2012-04-23,-0.008532750982962821
2012-04-24,-0.021893611663865588
2012-04-25,0.020793005534274878
2012-04-26,0.040077407984752816
2012-04-27,0.001698120551758168
2012-04-30,-0.007410113244953573
2012-05-01,-0.0024904772580800812
2012-05-02,0.01792975978176475
2012-05-03,-0.034971612045584015
2012-05-04,-0.024552435841338975
2012-05-07,-0.001849952728327971
2012-05-08,0.005452527402165628
2012-05-09,-0.0025853243298817213
2012-05-10,-0.009895845322000822
2012-05-11,0.023254210094762657
2012-05-14,0.018735946453828013
2012-05-15,-0.0017614706595924495
2012-05-16,-0.009338680940294511
2012-05-17,0.015839194745557048
2012-05-18,-0.013633945237467204
2012-05-21,0.014502777049840553
2012-05-22,-0.028821085734615462
2012-05-23,0.017175287285033574
2012-05-24,-0.01875547246776011
2012-05-25,0.0041039181003144016
2012-05-29,0.013953970370882024
2012-05-30,0.028978707101272403
2012-05-31,0.0132295236961874
2012-06-01,0.01082713726116244
2012-06-04,-0.02050602236842227
2012-06-05,0.005252006928584251
2012-06-06,0.0039312933675683115
2012-06-07,-0.016195063120731552
2012-06-08,0.018808156352411176
2012-06-11,-0.017664367964935868
2012-06-12,0.013411493759006798
2012-06-13,9.44738716767736e-05
2012-06-14,-0.0030686867664841107
2012-06-15,0.028799697147057775
2012-06-18,0.029760915172024074
2012-06-19,-0.006768956245327562
2012-06-20,0.023491930889754473
2012-06-21,-0.05200537727243577
2012-06-22,-0.0032615034383232724
2012-06-25,-0.007714962588479691
2012-06-26,-0.004049770700494364
2012-06-27,0.01605733965779275
2012-06-28,-0.0015866984760572076
2012-06-29,0.01546129597872152
2012-07-02,0.0180307038493986
2012-07-03,0.002965807960436679
2012-07-05,-0.0017127371160514035
2012-07-06,-0.009479478477304924
2012-07-09,0.004808747157621663
2012-07-10,-0.018899732299295438
2012-07-11,-0.0076762623833700385
2012-07-12,0.0013326474609849613
2012-07-13,0.0015806862575970752
2012-07-16,0.000691072192220029
2012-07-17,-0.020200570690895897
2012-07-18,0.02876171323238545
2012-07-19,0.01596536358225294
2012-07-20,0.007221958230054108
2012-07-23,0.002775981214979897
2012-07-24,0.01379358285626445
2012-07-25,-0.002541511020661225
2012-07-26,-0.013578134689021576
2012-07-27,-0.021218491097352195
2012-07-30,0.005345697164830836
2012-07-31,0.012426858730385244
2012-08-01,-0.012466510625329767
2012-08-02,0.010591737318906143
2012-08-03,-0.016947285496457822
2012-08-06,0.006048867343636995
2012-08-07,-0.00773421827882562
2012-08-08,-0.0057491810484076936
2012-08-09,0.0041678294044396064
2012-08-10,0.012734241955326143
2012-08-13,-0.009149171656947529
2012-08-14,-0.03547284897672074
2012-08-15,-0.02166519021447554
2012-08-16,0.0007844785603419308
2012-08-17,0.001524082915554996
2012-08-20,-0.0058047098717537125
2012-08-21,0.00947366164926432
2012-08-22,0.02409076581007428
2012-08-23,-0.001769492629216802
2012-08-24,0.006289285196495154
2012-08-27,0.005270151033012962
2012-08-28,0.0025298970162515215
2012-08-29,-0.005886506346127366
2012-08-30,-0.01306180764543275
2012-08-31,0.04051854031351369
2012-09-04,-0.011129941215827329
2012-09-05,-0.017432120803708727
2012-09-06,0.014361515665294266
2012-09-07,-0.01587246113779659
2012-09-10,-0.020197077510710187
2012-09-11,-0.002948777901999596
2012-09-12,-0.017884416031217883
2012-09-13,0.005892163046036577
2012-09-14,-0.02499085370946532
2012-09-17,0.004433232840210442
2012-09-18,0.0009157535735045746
2012-09-19,0.0017337736159285678
2012-09-20,-0.007873566820601988
2012-09-21,0.0031396272795141044
2012-09-24,-0.008042009774956865
2012-09-25,-0.01597587806623858
2012-09-26,0.01175594803191667
2012-09-27,0.013748493082119114
2012-09-28,-0.010231707141838206
2012-10-01,0.0023880110235850434
2012-10-02,0.0046152274021039165
2012-10-03,-0.00592085521752923
2012-10-04,-0.012488108589878132
2012-10-05,-0.025197940361109814
2012-10-08,0.001508182190484604
2012-10-09,-0.0232697151239403
2012-10-10,-0.0045568586761185435
2012-10-11,0.015178941900558213
2012-10-12,-0.0015703495532206372
2012-10-15,0.011594741774425588
2012-10-16,0.00028529187634416045
2012-10-17,-0.01855735076698583
2012-10-18,-0.021446776960853117
2012-10-19,-0.013656480939856563
2012-10-22,-0.01134813948813798
2012-10-23,0.02907111152603195
2012-10-24,-0.035100187247158056
2012-10-25,0.00551433242322953
2012-10-26,0.03157426021454705
2012-10-31,0.010910574387657307
2012-11-01,0.02785568753509536
2012-11-02,-0.024101150128477276
2012-11-05,0.029837974268878464
2012-11-06,-0.0005992535975716633
2012-11-07,-0.0006045795763306439
2012-11-08,0.013158977315499264
2012-11-09,0.0036441430993532148
2012-11-12,-0.0019930587093962213
2012-11-13,0.0012138088411667183
2012-11-14,0.002768389919937635
2012-11-15,-0.003917218782550111
2012-11-16,0.0027936971316146874
2012-11-19,0.02517043751234186
2012-11-20,-0.0067420285390795585
2012-11-21,0.0044015753987616205
2012-11-23,0.012579308949201428
2012-11-26,-0.002559948902352411
2012-11-27,-0.004689210451658973
2012-11-28,0.0033088631473796506
2012-11-29,0.009043071818967397
2012-11-30,-0.0002995862481281259
2012-12-03,-0.0015796870498014893
2012-12-04,-0.007859814639648376
2012-12-05,0.0005926154230795359
2012-12-06,-0.0037298652483456905
2012-12-07,0.0015214523895867966
2012-12-10,-0.0008208498267299237
2012-12-11,0.0038645978762930034
2012-12-12,0.004056948080625741
2012-12-13,-0.011315842553020532
2012-12-14,0.0008721930659832526
2012-12-17,0.008854338455266236
2012-12-18,0.011399876040891817
2012-12-19,-0.0032651871049943857
2012-12-20,0.0007497156535477105
2012-12-21,-0.008600606763194064
2012-12-24,-0.00600548726781173
2012-12-26,0.004418323603594803
2012-12-27,-0.0006478114501667492
2012-12-28,-0.011328438977737191
2012-12-31,0.018298771059685987
2013-01-02,0.02269812202165793
2013-01-03,-0.009388003457359382
2013-01-04,-0.004224119459313382
2013-01-07,0.0003966313690916634
2013-01-08,-0.0016230565018380454
2013-01-09,0.002090163704905861
2013-01-10,0.007919739320860066
2013-01-11,-0.0017201874319286384
2013-01-14,0.004688482187376189
2013-01-15,-0.005612182208248954
2013-01-16,0.00484524550170389
2013-01-17,0.011605146841906278
2013-01-18,0.0035571582625132446
2013-01-22,0.0013684810706489693
2013-01-23,0.005060516631765934
2013-01-24,-0.004054700194348875
2013-01-25,0.0028171959800790004
2013-01-28,0.0005824736551630006
2013-01-29,0.0025126386382060906
2013-01-30,0.010555513820848628
2013-01-31,-0.0014518255373667972
2013-02-01,0.010139826801216686
2013-02-04,-0.00881141794143952
2013-02-05,0.009410539556720167
2013-02-06,-0.0004923335154204648
2013-02-07,-0.0050761887104871775
2013-02-08,0.008480662635469068
2013-02-11,-0.0024239707027430635
2013-02-12,0.0023850339193747304
2013-02-13,0.0013982128858127671
2013-02-14,0.002756978220065396
2013-02-15,-0.006354536560246888
2013-02-19,0.00171576892198273
2013-02-20,-0.019412671990734612
2013-02-21,-0.01741608234235945
2013-02-22,0.005412508154281112
2013-02-25,-0.001152664077641848
2013-02-26,0.0028252433198672107
2013-02-27,-2.6655994846290845e-05
2013-02-28,0.007106446751546536
2013-03-01,-0.00021941683448892593
2013-03-04,-0.0007581291513414973
2013-03-05,0.0035534045642026378
2013-03-06,0.004059070157204077
2013-03-07,-0.002922545438379479
2013-03-08,0.007124701625467764
2013-03-11,-0.0016046100133560036
2013-03-12,0.0009399546685226582
2013-03-13,0.004444244886057002
2013-03-14,-0.002362786212088597
2013-03-15,-0.008552966175976107
2013-03-18,0.0020965650876004637
2013-03-19,0.001848561540845979
2013-03-20,0.001276987809060525
2013-03-21,-0.004119796837044187
2013-03-22,-0.003086143544139573
2013-03-25,0.0060828016892636415
2013-03-26,0.0019410810812736856
2013-03-27,0.00400763438793617
2013-03-28,-0.0008223533873506228
2013-04-01,-0.008245608421068437
2013-04-02,-0.0004051854405148817
2013-04-03,-0.006965516117182616
2013-04-04,0.0017574439460367377
2013-04-05,-0.0028011949954777574
2013-04-08,0.005404517190072041
2013-04-09,-0.0018363138209966895
2013-04-10,0.0062733838836980735
2013-04-11,-0.0033158088017175534
2013-04-12,-0.002542401898042953
2013-04-15,-0.0034215145859472903
2013-04-16,0.009396987546242306
2013-04-17,0.0011763135813187692
2013-04-18,-0.002550883243076025
2013-04-19,0.0034822022084707196
2013-04-22,0.001999722142416047
2013-04-23,0.008485603209260945
2013-04-24,0.002689172569875528
2013-04-25,0.0029823520967555504
2013-04-26,-0.006206454793577933
2013-04-29,0.004889802355337304
2013-04-30,-0.00226142108426894
2013-05-01,0.009465574180567876
2013-05-02,0.012965307405696814
2013-05-03,-0.03746406343747603
2013-05-06,0.003833614673431774
2013-05-07,-0.0001268391562631003
2013-05-08,-0.00048616478080818967
2013-05-09,0.010037012555408313
2013-05-10,0.007426400080665563
2013-05-13,-0.0013142900654650928
2013-05-14,0.005035670622208356
2013-05-15,0.004913100302274871
2013-05-16,-0.00224835235792711
2013-05-17,0.00913678064749418
2013-05-20,-0.006061118699354052
2013-05-21,0.0001906841643231457
2013-05-22,-0.000529553120102901
2013-05-23,-0.006045934276537915
2013-05-24,-0.001215988043037025
2013-05-28,0.008890001308360223
2013-05-29,-0.005564533421843265
2013-05-30,-0.0015028874255200199
2013-05-31,-0.0005885909992233442
2013-06-03,-0.006127946109134436
2013-06-04,0.001734273974445777
2013-06-05,-0.006293897200683037
2013-06-06,-0.012433185745278883
2013-06-07,0.005861320619595032
2013-06-10,0.0019974609276652167
2013-06-11,-0.014269355109361899
2013-06-12,-0.003964958565631304
2013-06-13,0.0027953662567019324
2013-06-14,-0.0019106221565947986
2013-06-17,0.002604962380500426
2013-06-18,0.00583088735726518
2013-06-19,0.004685856232492512
2013-06-20,-0.004316488801289326
2013-06-21,0.006843565929931011
2013-06-24,-0.005023353272429035
2013-06-25,0.00821834961236845
2013-06-26,0.006062008704714955
2013-06-27,0.000845331116504369
2013-06-28,0.003293535790928591
2013-07-01,-0.002724901326942068
2013-07-02,0.00626728939762253
2013-07-03,-0.0020690425093302534
2013-07-05,0.017010828474703817
2013-07-08,-0.00830363389892207
2013-07-09,0.00649696914233181
2013-07-10,-0.0025776702099767914
2013-07-11,-0.007769468798884544
2013-07-12,0.003838316096804415
2013-07-15,0.0007715755651906213
2013-07-16,-0.005426535523064537
2013-07-17,0.0022791261624110887
2013-07-18,-0.0011636328129453536
2013-07-19,-0.0030463654236886823
2013-07-22,-0.004772696227537247
2013-07-23,-0.003988857159193006
2013-07-24,-0.0026475462997164875
2013-07-25,-0.004222899861657363
2013-07-26,-0.0036267272573296773
2013-07-29,-0.0016573509896469652
2013-07-30,0.005373052957501127
2013-07-31,-0.0009562894938247846
2013-08-01,0.013343607098606243
2013-08-02,-0.006847995552739501
2013-08-05,-0.001709267905106635
2013-08-06,-0.0045990699419251905
2013-08-07,-0.006922579420939929
2013-08-08,-0.0025379247864071534
2013-08-09,-0.0007059525744887355
2013-08-12,0.0035849658657461803
2013-08-13,0.007902556664882689
2013-08-14,-0.005081460586712851
2013-08-15,-0.013029190262989744
2013-08-16,0.002587909516249445
2013-08-19,-0.0023526015332329207
2013-08-20,-0.002247793038909885
2013-08-21,0.002433610768592383
2013-08-22,0.005245572621685811
2013-08-23,-0.001575581106265703
2013-08-26,-0.0006608413166075426
2013-08-27,-0.010036872697407911
2013-08-28,0.006272979006736436
2013-08-29,-0.0027879148237103532
2013-08-30,-0.00697422553767938
2013-09-03,0.00833577940520882
2013-09-04,0.004440758555069436
2013-09-05,0.0016030938640479364
2013-09-06,-0.006419547791395922
2013-09-09,-0.0007215658750838231
2013-09-10,0.005386840065202316
2013-09-11,-0.004130640951491531
2013-09-12,-0.0017721842861553806
2013-09-13,0.000508319508958257
2013-09-16,-0.0008371239763784709
2013-09-17,0.000449688583459056
2013-09-18,-0.007516092679430932
2013-09-19,-0.005119568431216622
2013-09-20,-0.010542916661182773
2013-09-23,-0.0010460409899860146
2013-09-24,0.0038910055853610976
2013-09-25,-0.002561230115541697
2013-09-26,0.0018780971668861733
2013-09-27,-0.0058845826922819845
2013-09-30,-0.00020124533475208517
2013-10-01,0.0020815497998342945
2013-10-02,0.007023272462022386
2013-10-03,-0.0030666050831173208
2013-10-04,0.007614301510452613
2013-10-07,0.0017759678031157885
2013-10-08,-0.008432290757637868
2013-10-09,-0.00850954518572218
2013-10-10,0.02504642440857241
2013-10-11,-0.001942959955628677
2013-10-14,0.004312915468757513
2013-10-15,-0.008731038381525703
2013-10-16,0.012550060982568991
2013-10-17,0.0009615516339830498
2013-10-18,0.0059819638864703015
2013-10-21,0.0011404728189160875
2013-10-22,-0.0024864405229231184
2013-10-23,-0.035739530484285215
2013-10-24,0.0058813573480618045
2013-10-25,0.00495894955631764
2013-10-28,0.007786304215914748
2013-10-29,0.00836478786384943
2013-10-30,-0.0012926246281675948
2013-10-31,-0.002299675526629558
2013-11-01,-0.01205889393031969
2013-11-04,-0.0026695843803450805
2013-11-05,0.0011182197742479613
2013-11-06,-0.001722489716467967
2013-11-07,-0.0019097832591547887
2013-11-08,0.008664653572221835
2013-11-11,-0.0025347514264108806
2013-11-12,-0.0030119895153842774
2013-11-13,0.008220868735193593
2013-11-14,0.0013539573689118171
2013-11-15,0.0017486709005383745
2013-11-18,-0.010061359974817491
2013-11-19,-0.00698737304873347
2013-11-20,-0.0016745892963033727
2013-11-21,0.019016713208271918
2013-11-22,0.0029150153591644824
2013-11-25,-0.001539937111674107
2013-11-26,0.0037855722028874773
2013-11-27,0.002126348211526891
2013-11-29,-0.0003550612638594838
2013-12-02,-0.0018649616120073598
2013-12-03,0.006607960467951451
2013-12-04,-0.0004581785939048815
2013-12-05,-0.0038833899997178078
2013-12-06,0.00843641336910032
2013-12-09,-0.0016600045045334411
2013-12-10,0.0011996294959748263
2013-12-11,-0.004806676802638843
2013-12-12,-0.011852592265155115
2013-12-13,-0.0001078257840566953
2013-12-16,0.0023185513399013096
2013-12-17,0.0032048377353478324
2013-12-18,0.0058293047252523465
2013-12-19,-0.0008662187001266487
2013-12-20,0.010605141564514212
2013-12-23,0.003950729680665597
2013-12-24,0.004539470560239625
2013-12-26,0.002799159073042092
2013-12-27,0.0018290624339533823
2013-12-30,-0.003598678920718631
2013-12-31,0.002917199054355589
2014-01-02,-0.019572943615791275
2014-01-03,-0.0058836305364724974
2014-01-06,-0.002118104608432154
2014-01-07,0.003104739150978617
2014-01-08,0.014526055647596523
2014-01-09,-0.00041664066616304077
2014-01-10,0.025694995995732568
2014-01-13,-0.005904443513307286
2014-01-14,0.019742951080094252
2014-01-15,0.00988821004326961
2014-01-16,0.002616945239813261
2014-01-17,-1.3895484810612542e-05
2014-01-21,0.009581776425231394
2014-01-22,0.010933055108364653
2014-01-23,0.009367982251469717
2014-01-24,-0.018970346464786254
2014-01-27,-0.01976522589554474
2014-01-28,0.010146170596254611
2014-01-29,0.008377445286557695
2014-01-30,0.010831991978685146
2014-01-31,0.004209000587884127
2014-02-03,-0.0017999053689770998
2014-02-04,-0.01786198100650687
2014-02-05,-0.016217000133977363
2014-02-06,0.009315783259004602
2014-02-07,0.019879464182297964
2014-02-10,0.011068657463270851
2014-02-11,0.0059575477846603875
2014-02-12,0.0032357988057904272
2014-02-13,0.025194354643530738
2014-02-14,0.0066345573712058865
2014-02-18,0.0074745256567914815
2014-02-19,-0.007684339355663046
2014-02-20,0.007167093796020506
2014-02-21,0.0006477967696370494
2014-02-24,0.0012985217195540864
2014-02-25,0.008243450217742879
2014-02-26,0.01729367647770791
2014-02-27,0.008515820744418435
2014-02-28,0.0009091584022735575
2014-03-03,0.0033679093529345536
2014-03-04,-0.00407607537705388
2014-03-05,0.005601418727049147
2014-03-06,-0.005408078146485558
2014-03-07,-0.012040276374799461
2014-03-10,-0.000990424060018084
2014-03-11,-0.003828479387444935
2014-03-12,0.022837692565828932
2014-03-13,-0.0006766949805013314
2014-03-14,-0.006007036350402894
2014-03-17,0.0024689017650580906
2014-03-18,0.025226727851049062
2014-03-19,-0.014084796792216909
2014-03-20,0.02268926497512007
2014-03-21,0.00423321347139022
2014-03-24,0.00685695014085913
2014-03-25,0.0032073850194860344
2014-03-26,-0.0017327539411100476
2014-03-27,-0.0028570671297080356
2014-03-28,-0.0004422384233490756
2014-03-31,0.01844863321183621
2014-04-01,0.006456551888773712
2014-04-02,-0.01170470478979011
2014-04-03,0.009656212020254941
2014-04-04,-0.02977847831187587
2014-04-07,-0.0017923586104099422
2014-04-08,0.019594607211367746
2014-04-09,0.006961496476534966
2014-04-10,-0.01438470256510296
2014-04-11,0.00039028137255624727
2014-04-14,0.0025179615423964576
2014-04-15,0.01770946824903879
2014-04-16,0.0019137663858532848
2014-04-17,-0.005419095245078529
2014-04-21,0.007143779828867325
2014-04-22,0.01716212707745774
2014-04-23,0.009684340914328326
2014-04-24,0.008712626224151502
2014-04-25,-0.03061027730408397
2014-04-28,-0.014342015712300385
2014-04-29,0.0031797900653745413
2014-04-30,0.013792538859765937
2014-05-01,0.016368537361596637
2014-05-02,0.017111359852081027
2014-05-05,-0.010953116643456717
2014-05-06,0.00501055300013004
2014-05-07,-0.008100497948074985
2014-05-08,-0.0012318264753929395
2014-05-09,-0.009492103969314328
2014-05-12,0.009125173392553481
2014-05-13,0.008778857143127622
2014-05-14,0.014254407244836995
2014-05-15,0.005830014528115301
2014-05-16,0.0023005435836504695
2014-05-19,-0.004863351088772559
2014-05-20,-0.0010484599659299288
2014-05-21,-0.0071238002701282605
2014-05-22,0.0021490442298176065
2014-05-23,0.018087881504231306
2014-05-27,0.025088541600837802
2014-05-28,0.025029147758882885
2014-05-29,-0.00493148875835888
2014-05-30,0.0007259511416472949
2014-06-02,-0.004592567760697553
2014-06-03,-0.0068606560148351415
2014-06-04,0.005999193313936324
2014-06-05,0.007839611023895977
2014-06-06,0.007612994020712032
2014-06-09,0.0003715153155179414
2014-06-10,-0.0002831632599379248
2014-06-11,0.009428574438248384
2014-06-12,0.004705628865621269
2014-06-13,0.01642752911689964
2014-06-16,0.01313577878101833
2014-06-17,-0.00012315790351018034
2014-06-18,0.004976306549539082
2014-06-19,-0.017826237304953984
2014-06-20,0.015301288415020053
2014-06-23,-0.010600543029138475
2014-06-24,-0.001114456724157031
2014-06-25,0.009011706172687083
2014-06-26,-0.002076069420839091
2014-06-27,0.0011157588381214961
2014-06-30,0.022068811932239942
2014-07-01,0.014582076020567937
2014-07-02,-0.007407970208987207
2014-07-03,0.008995416907827639
2014-07-07,-0.005647155987400873
2014-07-08,0.002969033544122087
2014-07-09,0.011827600799454954
2014-07-10,-0.00882322696151767
2014-07-11,0.008577508378603136
2014-07-14,0.0029912520598805595
2014-07-15,-0.007010338700091302
2014-07-16,0.02764083940796337
2014-07-17,-0.033727843955106265
2014-07-18,0.013158297073801048
2014-07-21,0.011210547074909202
2014-07-22,0.012306161970334397
2014-07-23,-0.03491724394566007
2014-07-24,-0.023172255056403197
2014-07-25,-0.008872184006511331
2014-07-28,-0.003307778303249381
2014-07-29,0.003912773945557184
2014-07-30,-0.011209453005342547
2014-07-31,-0.03420650879271129
2014-08-01,0.01913149121123774
2014-08-04,0.0005694697116608626
2014-08-05,-0.0072803865122397955
2014-08-06,0.004760799921920699
2014-08-07,-0.0013687766919884044
2014-08-08,0.010841399885959878
2014-08-11,0.01263713671053565
2014-08-12,-0.013061394033541418
2014-08-13,0.023280381006587404
2014-08-14,0.01598567987769081
2014-08-15,0.03162530112335814
2014-08-18,-0.01159249355308694
2014-08-19,0.004166366094444705
2014-08-20,0.008034692969956722
2014-08-21,0.015289571481953753
2014-08-22,0.010321904262679146
2014-08-25,0.0002692940851956706
2014-08-26,-0.004881196185084826
2014-08-27,0.016746410150966864
2014-08-28,0.018094840244342936
2014-08-29,0.006433739216868266
2014-09-02,-0.03535584965556671
2014-09-03,0.013118718302554868
2014-09-04,-0.01584046887356088
2014-09-05,0.01155599837023871
2014-09-08,0.003008892416816438
2014-09-09,-0.015809055664507025
2014-09-10,-0.008430114499503842
2014-09-11,-0.00032535501488644824
2014-09-12,-0.03572251982192382
2014-09-15,-0.019011663119694745
2014-09-16,0.024166241775924413
2014-09-17,0.009924286477798024
2014-09-18,0.02550737970573196
2014-09-19,0.002580720681504039
2014-09-22,-0.015299515743782015
2014-09-23,0.006875769940355103
2014-09-24,0.007762299370753253
2014-09-25,-0.0061621689929611985
2014-09-26,0.01287442485616205
2014-09-29,0.014983758810507128
2014-09-30,-0.019974623809839283
2014-10-01,0.00720413425317713
2014-10-02,-0.006279134733621829
2014-10-03,0.012907941057679244
2014-10-06,-0.009448603375897138
2014-10-07,0.0029093579463959213
2014-10-08,-0.0035635153526668815
2014-10-09,0.0003985771047544059
2014-10-10,0.008995207812878301
2014-10-13,-0.0014655457152812001
2014-10-14,0.006871925070548809
2014-10-15,-0.004396090246279935
2014-10-16,-0.003195114658824753
2014-10-17,-0.00032666409924500756
2014-10-20,-0.0013625289357037578
2014-10-21,0.00023485327180036535
2014-10-22,0.003818424924295067
2014-10-23,-0.00384618051840128
2014-10-24,-0.0010260247611649084
2014-10-27,-0.001182535807066666
2014-10-28,-0.004393998277481256
2014-10-29,0.004923552863839545
2014-10-30,0.0026536282418145292
2014-10-31,0.00460689946307709
2014-11-03,0.00429695502130378
2014-11-04,-0.00362845740827892
2014-11-05,0.0033378803734587692
2014-11-06,0.007615620473416802
2014-11-07,-0.00485546559987671
2014-11-10,-0.003941736747605947
2014-11-11,-0.0027121202349675386
2014-11-12,0.002888917006832512
2014-11-13,-0.0005857642975833794
2014-11-14,0.00027929778951760447
2014-11-17,0.0032250041926813588
2014-11-18,0.001919283765560391
2014-11-19,-0.0006302436922336553
2014-11-20,0.0018894619738944304
2014-11-21,0.010616274644849055
2014-11-24,0.00023024791583951734
2014-11-25,-0.0019349699623740088
2014-11-26,0.004828707351847365
2014-11-28,0.007863323787627554
2014-12-01,-0.007830739167851366
2014-12-02,-0.0004082138814463839
2014-12-03,0.004935351251864204
2014-12-04,0.002444372786587579
2014-12-05,0.002160008772450835
2014-12-08,0.006203801870613439
2014-12-09,0.0003018577408997786
2014-12-10,0.0011247733003811747
2014-12-11,0.004792901495708714
2014-12-12,0.008022503043291367
2014-12-15,0.00024176935189026342
2014-12-16,0.003652017608518786
2014-12-17,0.002412146626014575
2014-12-18,-0.009153362479340201
2014-12-19,0.010712424985598214
2014-12-22,0.0021266915642637234
2014-12-23,-0.01119611756307766
2014-12-24,0.0034462670701675075
2014-12-26,0.0023455120529130413
2014-12-29,0.007358658091069642
2014-12-30,-3.397048395680814e-05
2014-12-31,0.004191007229948925
2015-01-02,0.014790486120937344
2015-01-05,0.013539705143539022
2015-01-06,0.009842233942932302
2015-01-07,0.002295546771812816
2015-01-08,-0.0027172245010064384
2015-01-09,0.0012593792522983473
2015-01-12,0.0025975725889834734
2015-01-13,0.002398483465189032
2015-01-14,0.0016859325109500026
2015-01-15,0.010655722468888478
2015-01-16,-0.0029469457774764715
2015-01-20,0.009844236498511889
2015-01-21,-0.007984104523523992
2015-01-22,0.01063247866735197
2015-01-23,0.014071324861029546
2015-01-26,-0.0026615951344114057
2015-01-27,-0.0073032721680812715
2015-01-28,0.012984212243990045
2015-01-29,-0.002554510004966617
2015-01-30,0.009577137078628315
2015-02-02,-0.0032723312067133746
2015-02-03,-0.0205724680793109
2015-02-04,0.005715376056670032
2015-02-05,-0.011081503707795603
2015-02-06,0.0015701422951947246
2015-02-09,-0.001497558297222357
2015-02-10,-0.0026983148733328746
2015-02-11,0.0036923259875872695
2015-02-12,-0.009546882531562688
2015-02-13,-0.0049292103392683
2015-02-17,-0.007487375416108786
2015-02-18,0.002592002218110413
2015-02-19,0.0006543036503143559
2015-02-20,0.000466554141670154
2015-02-23,0.006824378909968585
2015-02-24,0.004193599641854032
2015-02-25,0.00020352213189254878
2015-02-26,0.0027050470599226427
2015-02-27,0.003861376792847289
2015-03-02,-0.006468877900250551
2015-03-03,-0.0019308431411165724
2015-03-04,0.0052061849754091016
2015-03-05,0.0032358215974488537
2015-03-06,0.0012975852887944454
2015-03-09,0.0035299693293940485
2015-03-10,0.014111400445093156
2015-03-11,0.012639853661737685
2015-03-12,-0.004901158576763144
2015-03-13,0.0076149767660259465
2015-03-16,-0.002750660919211103
2015-03-17,0.003746003866257092
2015-03-18,-0.008935625836847436
2015-03-19,0.010782617685689758
2015-03-20,-0.009220886611324808
2015-03-23,-0.009627859562762386
2015-03-24,0.006865238735042476
2015-03-25,-0.006230064679014253
2015-03-26,-0.0038814520541974465
2015-03-27,0.005603063239821132
2015-03-30,0.004598517647443345
2015-03-31,0.0022804310334432294
2015-04-01,0.006187593828465885
2015-04-02,-0.01135391810192901
2015-04-06,-0.00913491903939973
2015-04-07,0.01327765125547781
2015-04-08,0.0011597813622717
2015-04-09,-0.0017094168434542336
2015-04-10,0.0026311574911230644
2015-04-13,0.002306603065275359
2015-04-14,-0.0006765924591265651
2015-04-15,0.00043020981934245453
2015-04-16,-0.005779035330560869
2015-04-17,-0.008858485247299347
2015-04-20,0.01165316276083632
2015-04-21,-8.526332233209529e-05
2015-04-22,0.00400551669465462
2015-04-23,-0.0032112074568952514
2015-04-24,-0.0007945547773983634
2015-04-27,-0.005985347971861932
2015-04-28,-0.013051008896051972
2015-04-29,-0.009602385225328391
2015-04-30,-0.01221487823786792
2015-05-01,-0.003703629321941862
2015-05-04,0.004611042282111081
2015-05-05,-0.01145277580594762
2015-05-06,-0.011393743941342363
2015-05-07,0.007022057441702288
2015-05-08,0.010964440056492872
2015-05-11,-0.0013087378179396326
2015-05-12,-0.00664355534437714
2015-05-13,-0.006233265680086785
2015-05-14,0.005881841481558207
2015-05-15,-0.00038408256105528144
2015-05-18,0.011899562116401738
2015-05-19,0.00879876205439178
2015-05-20,0.0011497505439280603
2015-05-21,0.0006319761565838535
2015-05-22,0.00559980000809468
2015-05-26,0.0017050417834749143
2015-05-27,0.0017464608971679394
2015-05-28,-0.002709193935410456
2015-05-29,-0.00605518876411895
2015-06-01,0.006039169834435279
2015-06-02,-0.012197321565908657
2015-06-03,-0.0031643402803262642
2015-06-04,-0.004871878037109703
2015-06-05,0.005046772608587876
2015-06-08,-0.013214439445766694
2015-06-09,-0.0012991140105159062
2015-06-10,0.004628906348300825
2015-06-11,0.00436700133062039
2015-06-12,-0.006496910405651794
2015-06-15,-0.003846437930573564
2015-06-16,0.005804841208645148
2015-06-17,-0.005459279078624516
2015-06-18,0.004747350051808775
2015-06-19,0.0003697471787769307
2015-06-22,0.005044850365644091
2015-06-23,0.009280374619160973
2015-06-24,-0.007089902667959622
2015-06-25,-0.0036821117000406674
2015-06-26,0.0021415145379208413
2015-06-29,-0.019804884166707993
2015-06-30,0.006871120685378002
2015-07-01,0.011407700495858375
2015-07-02,-0.002550615236553591
2015-07-06,-0.00045077876340983555
2015-07-07,0.006686695577852918
2015-07-08,-0.014968501280691713
2015-07-09,0.00358494132572822
2015-07-10,0.0034382448467792986
2015-07-13,0.015444996102884514
2015-07-14,0.0022567064268446007
2015-07-15,0.0013096682192252395
2015-07-16,0.005622615940081661
2015-07-17,0.0010512620064455267
2015-07-20,-0.002091396264901791
2015-07-21,-0.0058753516664280985
2015-07-22,-0.0066477473931747764
2015-07-23,0.001336801550375443
2015-07-24,-0.005484526050174303
2015-07-27,-0.009569421337057047
2015-07-28,0.0073685537957757135
2015-07-29,0.005497654929803883
2015-07-30,0.004767887997839948
2015-07-31,-0.006755928611548468
2015-08-03,0.001025096290299763
2015-08-04,0.000903896297912318
2015-08-05,0.0014244991728380224
2015-08-06,-0.007231891557974724
2015-08-07,-0.0029393046644598823
2015-08-10,0.0040703208219269775
2015-08-11,-0.008021933058322635
2015-08-12,-0.0076055797766915526
2015-08-13,-0.002031008796995612
2015-08-14,0.0042559660459972745
2015-08-17,0.004538979845744001
2015-08-18,0.00022183778954862105
2015-08-19,-0.009572835325239247
2015-08-20,-0.0002768133762715095
2015-08-21,-0.006782720369060373
2015-08-24,-0.013897220773907945
2015-08-25,-0.0017952718567545677
2015-08-26,0.0015527741658521183
2015-08-27,0.006007267991235225
2015-08-28,0.0036060773326983026
2015-08-31,-0.004305452067154209
2015-09-01,-0.002497966177054671
2015-09-02,0.0010293091657837144
2015-09-03,0.006074326634677664
2015-09-04,0.0027794445838539056
2015-09-08,-0.009156995844320946
2015-09-09,-0.005928258981944139
2015-09-10,-0.010031469355935305
2015-09-11,0.013156844566174398
2015-09-14,0.006201727547349694
2015-09-15,-0.03245648517252949
2015-09-16,-0.0019054791316600868
2015-09-17,-0.011820367411323286
2015-09-18,0.0052218978148845215
2015-09-21,-0.003997042058372416
2015-09-22,-0.00022398867984463333
2015-09-23,-0.0006634320585342133
2015-09-24,-0.0037532219531001337
2015-09-25,-0.002470746535638006
2015-09-28,-0.009315350244205944
2015-09-29,-8.804770511634981e-05
2015-09-30,0.0015879453869710651
2015-10-01,0.001305453581234268
2015-10-02,0.00034528576748375913
2015-10-05,-0.004941301314334193
2015-10-06,-0.005543303967747219
2015-10-07,0.004455235851929528
2015-10-08,-0.00812375307350897
2015-10-09,-0.0062952084102012845
2015-10-12,0.015305340909643098
2015-10-13,-0.012785064334313439
2015-10-14,0.058024958103389424
2015-10-15,0.004552319452311483
2015-10-16,0.0018200046076704611
2015-10-19,-0.005347251039539686
2015-10-20,-0.014545208468972805
2015-10-21,0.02219549601812519
2015-10-22,0.03717989742940259
2015-10-23,0.011075825522169026
2015-10-26,-0.00826212139461301
2015-10-27,-0.00033540471372928106
2015-10-28,0.003985593650609225
2015-10-29,-0.003591875105259724
2015-10-30,-0.005634395927257556
2015-11-02,-0.0033166265494725443
2015-11-03,-0.011687190742792241
2015-11-04,0.008554739611637007
2015-11-05,-0.0001974483152399649
2015-11-06,0.008977684002089125
2015-11-09,-0.005070313578519668
2015-11-10,0.0032363501966101503
2015-11-11,-0.003406320445773067
2015-11-12,-0.0003425096727520567
2015-11-13,0.0066207679693482645
2015-11-16,0.003580076154439284
2015-11-17,0.0021796103344935195
2015-11-18,0.0015822272816534931
2015-11-19,-0.0011474419634762536
2015-11-20,0.003719547949513387
2015-11-23,0.0005368657381205626
2015-11-24,-0.0016380662708266915
2015-11-25,0.002933574605857957
2015-11-27,0.0017574357778920454
2015-11-30,0.004140925645363833
2015-12-01,0.004579899971439448
2015-12-02,0.0019321475376797262
2015-12-03,-0.0358755197580916
2015-12-04,0.010974503055165596
2015-12-07,0.008145733256846345
2015-12-08,-0.002040815598771466
2015-12-09,-0.00903563189679318
2015-12-10,0.005165798745908792
2015-12-11,0.006805667345552354
2015-12-14,-0.006905408319275511
2015-12-15,0.0006693539972231683
2015-12-16,-0.0013527047872243982
2015-12-17,0.014354408335258563
2015-12-18,-0.0010202741368434964
2015-12-21,-0.0029776433380905203
2015-12-22,-0.005683521004335019
2015-12-23,-0.0036205696718588287
2015-12-24,0.0014964725040689038
2015-12-28,0.0010174350731184947
2015-12-29,-0.008144358434245503
2015-12-30,-0.016619757120409848
2015-12-31,0.005128787937923818
2016-01-04,0.006782174883557271
2016-01-05,0.0023927050112645867
2016-01-06,0.0052786327061365625
2016-01-07,-0.007118859728036515
2016-01-08,0.0040841280030148785
2016-01-11,-0.0026258242998305533
2016-01-12,0.009598882252217389
2016-01-13,0.0045913820174523085
2016-01-14,-0.003422345504101897
2016-01-15,0.007443301166666371
2016-01-19,-0.0004027288369171725
2016-01-20,0.006735924933108054
2016-01-21,-0.0053945273038980305
2016-01-22,0.0022032746791813967
2016-01-25,0.0006623142067488734
2016-01-26,-0.0010796611662706474
2016-01-27,-0.0010293360388925741
2016-01-28,-0.002727371792472653
2016-01-29,0.013152710340162464
2016-02-01,-0.0067069774318967365
2016-02-02,0.010880756185829475
2016-02-03,-0.018627313901528754
2016-02-04,-0.0020966901783225945
2016-02-05,0.004370309878661258
2016-02-08,0.011926014656975353
2016-02-09,-0.004293131571681181
2016-02-10,0.004487637935344517
2016-02-11,0.0025816488508452573
2016-02-12,-0.008389352926082307
2016-02-16,-0.0005191154611394102
2016-02-17,-0.004570314785436573
2016-02-18,0.008225244648545644
2016-02-19,-0.0015883657008678067
2016-02-22,0.005392386578022983
2016-02-23,0.0031178375779896887
2016-02-24,-0.0006848792665751344
2016-02-25,0.018641606456154133
2016-02-26,-0.014842000468995567
2016-02-29,0.0032867996603366157
2016-03-01,-0.008990348240997722
2016-03-02,0.0013957951895309088
2016-03-03,0.008186757278463252
2016-03-04,-0.0022176936799774057
2016-03-07,0.0033229981860843126
2016-03-08,-0.002231446408354359
2016-03-09,-0.005101849129726577
2016-03-10,-0.002811306810476798
2016-03-11,0.0006641105377442093
2016-03-14,0.0009259299767347649
2016-03-15,-0.0008718130180599452
2016-03-16,0.0160210211339279
2016-03-17,0.014910544981722885
2016-03-18,0.019981094046773958
2016-03-21,-0.013425853809854057
2016-03-22,-0.0012586522883354964
2016-03-23,0.006635987423679766
2016-03-24,-0.0012518032593579385
2016-03-28,0.0022264483283065553
2016-03-29,0.032696402332033414
2016-03-30,-0.008046795531281955
2016-03-31,0.005739361531401078
2016-04-01,0.013206071321631535
2016-04-04,-0.009264303508280725
2016-04-05,0.014270310406988874
2016-04-06,-0.003260037678934938
2016-04-07,0.006228015476674932
2016-04-08,-0.007055167335855632
2016-04-11,-0.003321151553091046
2016-04-12,-0.013985384072960265
2016-04-13,0.030497665860910357
2016-04-14,-0.01765231438467573
2016-04-15,0.004978313898552696
2016-04-18,-0.006711154155559201
2016-04-19,-0.019344426318135623
2016-04-20,-0.01173426826246802
2016-04-21,-0.017122919450489927
2016-04-22,-0.003151686336671509
2016-04-25,-0.014167349609271853
2016-04-26,0.005791197969058241
2016-04-27,0.029140808796033132
2016-04-28,-0.022010508171212334
2016-04-29,-0.021828570995068075
2016-05-02,-0.01313277819173949
2016-05-03,0.013269001751796914
2016-05-04,-0.0016165368363144864
2016-05-05,0.016327863233860856
2016-05-06,-0.007174867802074773
2016-05-09,0.0037971021162868423
2016-05-10,0.012229814155702207
2016-05-11,0.008371329633841736
2016-05-12,-0.025890718827483776
2016-05-13,0.023899970203980977
2016-05-16,-0.0038597526953149924
2016-05-17,-0.004020154995667168
2016-05-18,-0.02079168569071753
2016-05-19,0.0033322347150819705
2016-05-20,0.003184354197394618
2016-05-23,-0.0009897940990530418
2016-05-24,-0.004300609226485644
2016-05-25,0.0036071715244396876
2016-05-26,0.003877849983884119
2016-05-27,0.0009650967003562503
2016-05-31,-0.0012841892495613228
2016-06-01,0.011229629863636945
2016-06-02,0.009605395326133985
2016-06-03,0.019529531389208692
2016-06-06,-0.0007071933856583343
2016-06-07,0.008992064010885729
2016-06-08,0.016417829642789265
2016-06-09,0.006676687795274406
2016-06-10,-0.003384402886830247
2016-06-13,0.004860495318658607
2016-06-14,-0.005394977970700609
2016-06-15,-0.0006700121819821327
2016-06-16,-0.007432256288857297
2016-06-17,0.010805879722264405
2016-06-20,-0.007800525766261186
2016-06-21,-0.009692789760245804
2016-06-22,-0.0022428467060553545
2016-06-23,-0.007512367667127977
2016-06-24,0.016427779034868074
2016-06-27,0.03090722445191956
2016-06-28,0.012779728208480796
2016-06-29,0.004443480696116828
2016-06-30,-0.0018850803042343212
2016-07-01,0.02087655873704362
2016-07-05,-0.010261949696922852
2016-07-06,0.004142142787373957
2016-07-07,-0.019845522095041614
2016-07-08,0.013364008105927479
2016-07-11,-0.010446076617418969
2016-07-12,-0.000455239244569269
2016-07-13,-0.0001920091214090633
2016-07-14,-0.00964843956806106
2016-07-15,-0.002770786672595708
2016-07-18,-0.000990541482741815
2016-07-19,-0.0053252823911302885
2016-07-20,-0.001038630330755166
2016-07-21,-0.007277323461486558
2016-07-22,0.0025412878451538928
2016-07-25,-0.009964302074190055
2016-07-26,-0.0028035627631560053
2016-07-27,-0.007574662627663941
2016-07-28,-0.0058166284254631846
2016-07-29,0.009755159602353018
2016-08-01,-0.019080920451131994
2016-08-02,-0.012172038249379532
2016-08-03,0.014307155611812214
2016-08-04,0.00902256817651443
2016-08-05,0.011856477335091223
2016-08-08,0.0033254703656829744
2016-08-09,0.003769669731857631
2016-08-10,-0.00969624972656124
2016-08-11,0.015246278199242277
2016-08-12,0.008569556067313968
2016-08-15,0.02111119601245913
2016-08-16,-0.003898498999237222
2016-08-17,0.004661999530894819
2016-08-18,0.009963406230980701
2016-08-19,-0.0039348834949585
2016-08-22,-0.00493331444275153
2016-08-23,0.0048282035820975625
2016-08-24,-0.013012180517640685
2016-08-25,8.256508747431094e-05
2016-08-26,-0.004002907997044897
2016-08-29,0.004793936331122191
2016-08-30,-0.007452234623070765
2016-08-31,-0.013910439369308473
2016-09-01,-0.005285513568679373
2016-09-02,-0.014400214060550611
2016-09-06,0.006210287736858241
2016-09-07,-0.0021938839307669624
2016-09-08,0.009931485747059966
2016-09-09,-0.04593963947968296
2016-09-12,0.0003685509913441032
2016-09-13,-0.02343504781214188
2016-09-14,-0.00552171652320514
2016-09-15,-0.0009871632783284858
2016-09-16,-0.0024992230259758405
2016-09-19,-0.0034427974908848
2016-09-20,0.005731706577438338
2016-09-21,0.01593291343691388
2016-09-22,0.009129131352790166
2016-09-23,-0.01271895908188623
2016-09-26,-0.0023767346400062218
2016-09-27,0.0006354378627048329
2016-09-28,0.01442863875582727
2016-09-29,0.005935183614320963
2016-09-30,-0.005138699971878884
2016-10-03,0.0024430469773948776
2016-10-04,-0.005700971203208463
2016-10-05,0.007916931850235787
2016-10-06,0.001885672744394563
2016-10-07,-0.0048568262652226865
2016-10-10,0.012250861297131046
2016-10-11,-0.014145571982062611
2016-10-12,-0.004322796063553322
2016-10-13,0.0021265072207934848
2016-10-14,0.0007461044087556489
2016-10-17,-0.0012631307994589642
2016-10-18,0.0011436091020549915
2016-10-19,0.0055380224822260665
2016-10-20,-0.005784054483839879
2016-10-21,0.004301167502120871
2016-10-24,-0.0036968361448601605
2016-10-25,-0.0016592577134255852
2016-10-26,-0.010079038398572914
2016-10-27,0.003036585361353944
2016-10-28,-0.006054729773790188
2016-10-31,-0.0033019259041596797
2016-11-01,-0.0024795973850193376
2016-11-02,-0.005839850547577767
2016-11-03,-0.002936271855155831
2016-11-04,-0.0038539192173336137
2016-11-07,0.007228056971847533
2016-11-08,0.0016686419879123255
2016-11-09,0.003958727577570386
2016-11-10,-0.004763036542661869
2016-11-11,0.012466117320224396
2016-11-14,0.006904792264730402
2016-11-15,0.007446126550944791
2016-11-16,0.006217362544285895
2016-11-17,0.008821781429768421
2016-11-18,0.005431228654675798
2016-11-21,-0.0017987204080889116
2016-11-22,0.00616068196911343
2016-11-23,0.005863548433352005
2016-11-25,-0.001152850199317474
2016-11-28,-0.003371226688870403
2016-11-29,-0.0027255015512117346
2016-11-30,0.0024909775414626643
2016-12-01,-0.006442881517094102
2016-12-02,-0.0015622783794864538
2016-12-05,-0.00236000735045975
2016-12-06,0.00517466065196651
2016-12-07,0.004470703422152138
2016-12-08,0.010169220525205209
2016-12-09,0.002900243904403919
2016-12-12,-0.007022482595869996
2016-12-13,0.0036266558689895586
2016-12-14,0.008649511552065623
2016-12-15,0.014201674617315857
2016-12-16,-0.005710163610319326
2016-12-19,0.005202023131333564
2016-12-20,0.003969678131885653
2016-12-21,-0.0027505430402007943
2016-12-22,-0.0005053950114763345
2016-12-23,0.0009061329107340128
2016-12-27,0.003568940367329252
2016-12-28,-0.004116728248220095
2016-12-29,-0.00504735356443001
2016-12-30,-0.0076396358256678575
2017-01-03,0.008313417201367858
2017-01-04,-0.0058157450102286285
2017-01-05,-0.012298542956689305
2017-01-06,0.0029408670911381185
2017-01-09,-0.007158521424416924
2017-01-10,-0.001029586407547108
2017-01-11,-0.00035131746576636544
2017-01-12,0.006440517842430088
2017-01-13,0.0012845802017185301
2017-01-17,-0.004006733533349942
2017-01-18,-0.0033509529382218482
2017-01-19,-0.006038386477476603
2017-01-20,0.011026300684276458
2017-01-23,-0.0030331358392857027
2017-01-24,0.00895875921589854
2017-01-25,0.005732255703789854
2017-01-26,0.0017485739468192138
2017-01-27,-0.006326710407488385
2017-01-30,-0.010642369065204528
2017-01-31,0.003234720421831926
2017-02-01,0.006759906181311681
2017-02-02,0.0005481015242681414
2017-02-03,0.00751072976273141
2017-02-06,-0.005459534016677422
2017-02-07,-0.002934500269383223
2017-02-08,0.003888131581842734
2017-02-09,0.009871473393664221
2017-02-10,0.011129584905581608
2017-02-13,-0.0005398636330760541
2017-02-14,0.006006113136291345
2017-02-15,0.005523463418977848
2017-02-16,-0.004439721204168163
2017-02-17,0.0014270945085509917
2017-02-21,0.009431798014330325
2017-02-22,-0.0019749421956623547
2017-02-23,-0.008457311164116878
2017-02-24,0.0014638955759822463
2017-02-27,0.003604098208641216
2017-02-28,-0.005622078439793557
2017-03-01,0.012136788511869055
2017-03-02,-0.018672470029125688
2017-03-03,0.003853446151758087
2017-03-06,-0.0007562278664223288
2017-03-07,-0.002378492137717644
2017-03-08,-0.016978257309824784
2017-03-09,-0.0009821656964392586
2017-03-10,-0.0011749593690820485
2017-03-13,0.00460892177880097
2017-03-14,0.0015993284743168951
2017-03-15,-0.006644279763097763
2017-03-16,-0.003529638953554964
2017-03-17,0.001140340584927233
2017-03-20,0.003632885092098759
2017-03-21,-0.015749731028847545
2017-03-22,0.0038997941342670804
2017-03-23,-0.00013246103260067363
2017-03-24,0.0027421707557041155
2017-03-27,-0.0038616526355397572
2017-03-28,0.006147959730764237
2017-03-29,0.00039798580077075917
2017-03-30,0.008158632323242033
2017-03-31,-0.0006139099480352399
2017-04-03,-0.002604625733157422
2017-04-04,-0.0012844776640010738
2017-04-05,-0.003488449299790064
2017-04-06,0.002520015041765749
2017-04-07,0.0058532573395345235
2017-04-10,-0.004999766306039083
2017-04-11,-0.006080518657095242
2017-04-12,-0.011631792813993288
2017-04-13,0.00045465685982649115
2017-04-17,0.0005591505212283552
2017-04-18,-0.006159120537570631
2017-04-19,-0.012590923139545834
2017-04-20,0.006615456249215651
2017-04-21,-0.001239714242651265
2017-04-24,-0.002239139857246425
2017-04-25,0.002049065552372221
2017-04-26,-0.001718437490691384
2017-04-27,0.0073485285585883735
2017-04-28,-0.008450357593937913
2017-05-01,0.004757159212092757
2017-05-02,-0.005938569118356034
2017-05-03,0.0049103403315194395
2017-05-04,-0.005709924644823701
2017-05-05,0.00015772336146737211
2017-05-08,0.00314644619193074
2017-05-09,0.008618893714573441
2017-05-10,0.009392644268370538
2017-05-11,0.0018564540537743149
2017-05-12,-0.002904927152146879
2017-05-15,0.004748985250901347
2017-05-16,0.01157053290991247
2017-05-17,-0.02688857969780955
2017-05-18,0.010317202844231795
2017-05-19,0.014453541149925787
2017-05-22,0.01119550663378866
2017-05-23,-0.004816979424802258
2017-05-24,0.001771116001060918
2017-05-25,0.005551659989599058
2017-05-26,0.006879357830059088
2017-05-30,0.01554363750782782
2017-05-31,0.004921233982019865
2017-06-01,0.002088430851890002
2017-06-02,0.03320113613189747
2017-06-05,-0.01175179021544866
2017-06-06,0.013137829715042036
2017-06-07,-0.002167792341749554
2017-06-08,0.009166220824502379
2017-06-09,-0.040215053794953666
2017-06-12,-0.005885830687869591
2017-06-13,0.006862260633027929
2017-06-14,0.023331600139100475
2017-06-15,-0.007780064394158185
2017-06-16,-0.00041209969791865687
2017-06-19,0.010814170414848558
2017-06-20,0.011830865714470108
2017-06-21,0.013778704019786385
2017-06-22,0.0018457694569539492
2017-06-23,0.0019479719165376294
2017-06-26,0.0022070901738526372
2017-06-27,-0.04469608813059597
2017-06-28,0.003839831366522618
2017-06-29,-0.03577894584881286
2017-06-30,-0.010032581018190549
2017-07-03,-0.017328043337177156
2017-07-05,0.015523294879779388
2017-07-06,-0.021869007281526343
2017-07-07,-0.0014016180733530392
2017-07-10,0.010540472257222242
2017-07-11,0.010151481761078772
2017-07-12,0.028275392828623815
2017-07-13,-0.017269279343001022
2017-07-14,0.014391168302532602
2017-07-17,0.0011479297897325118
2017-07-18,0.021904954064993872
2017-07-19,0.00894700625451945
2017-07-20,0.007577625526976399
2017-07-21,0.002332561680639663
2017-07-24,-0.010527035104537605
2017-07-25,-0.0283535752197067
2017-07-26,0.01137064313683589
2017-07-27,-0.02495412519885062
2017-07-28,0.010770103708044414
2017-07-31,-0.004197672539744012
2017-08-01,0.019551163057960723
2017-08-02,-0.0041716002143897535
2017-08-03,0.016113441508057595
2017-08-04,-0.01641199919503169
2017-08-07,0.02050278442046972
2017-08-08,-0.009554454261442243
2017-08-09,0.00601234017026124
2017-08-10,-0.014181721349275155
2017-08-11,0.005291380143457955
2017-08-14,0.018308105513429623
2017-08-15,-0.0062483971051334845
2017-08-16,0.008830200484714276
2017-08-17,-0.015827716305265534
2017-08-18,0.002833737798576569
2017-08-21,-0.001960931493945978
2017-08-22,0.007857394133895048
2017-08-23,0.01777543784061274
2017-08-24,-0.00862894535757597
2017-08-25,0.00214301129024024
2017-08-28,0.002105467481959075
2017-08-29,0.008941822534724062
2017-08-30,0.017086614106324966
2017-08-31,0.015404035020700122
2017-09-01,-0.008830355660255688
2017-09-05,0.012762007285356574
2017-09-06,-0.009175120866640164
2017-09-07,0.02153476274625133
2017-09-08,-0.01716103415022856
2017-09-11,-0.003316071118300807
2017-09-12,-0.005337472100312238
2017-09-13,-0.005634883816313988
2017-09-14,0.01242263109837842
2017-09-15,0.01962620094646365
2017-09-18,0.005379741108496388
2017-09-19,-0.0013709889920370784
2017-09-20,-0.015128678360946496
2017-09-21,-0.006493668761530063
2017-09-22,0.01070247856329366
2017-09-25,-0.012567011092284065
2017-09-26,-0.002359606630133439
2017-09-27,-0.0015123848410967602
2017-09-28,0.002187088714649665
2017-09-29,0.014360491321974804
2017-10-02,0.0038374374221788266
2017-10-03,0.004722885944297569
2017-10-04,0.004175178046669588
2017-10-05,-0.0057505154406107244
2017-10-06,0.0005290356642753177
2017-10-09,0.01266685170332717
2017-10-10,0.010182164261976507
2017-10-11,0.010586953201257077
2017-10-12,0.004465085149478158
2017-10-13,0.021460094511912994
2017-10-16,0.0033460795416661807
2017-10-17,0.0018006307490439446
2017-10-18,0.001789315660269228
2017-10-19,-0.005488653891011939
2017-10-20,0.007307498179555268
2017-10-23,0.0037758387584869405
2017-10-24,0.012659108481521431
2017-10-25,-0.00836297189580247
2017-10-26,0.007567734680462545
2017-10-27,0.018209821370276956
2017-10-30,0.0041960038611782
2017-10-31,0.002959107636681165
2017-11-01,0.0024502694984341474
2017-11-02,0.003972986999424426
2017-11-03,0.0073450696247259325
2017-11-06,0.013022683037255955
2017-11-07,-0.00397168987732272
2017-11-08,0.0008756315429817316
2017-11-09,-0.00354329545368862
2017-11-10,-0.001635425090989707
2017-11-13,-0.0007732661352376129
2017-11-14,-0.010566948866000604
2017-11-15,-0.006116792248751715
2017-11-16,0.005995067081312239
2017-11-17,0.010390467333096823
2017-11-20,0.00034021730867112975
2017-11-21,0.01257736705688664
2017-11-22,0.0004399608147281787
2017-11-24,0.004378612588524535
2017-11-27,-0.0013483659710303761
2017-11-28,0.009154793803755463
2017-11-29,-0.004744435117270112
2017-11-30,0.007514395763981073
2017-12-01,0.002843442046949032
2017-12-04,-0.008829952998261763
2017-12-05,-0.004318015362733809
2017-12-06,-0.009927970662956098
2017-12-07,0.005735196489918069
2017-12-08,0.009592361901972084
2017-12-11,0.005471830887844227
2017-12-12,-0.003055826465891968
2017-12-13,-0.002795413204443982
2017-12-14,-0.0033339443006002983
2017-12-15,0.01019777376172334
2017-12-18,0.010662147215943048
2017-12-19,-0.0005849596005474749
2017-12-20,0.0024882865868945635
2017-12-21,0.0025508676541015725
2017-12-22,0.0021147689966728713
2017-12-26,0.00691822066699312
2017-12-27,0.002308467557576253
2017-12-28,0.004754223149421851
2017-12-29,-0.0022765620357106673
2018-01-02,0.011300297019139854
2018-01-03,0.011115284994139066
2018-01-04,0.004615721275982021
2018-01-05,0.006219554306963757
2018-01-08,0.0017984734383892792
2018-01-09,0.006739080877348765
2018-01-10,0.0010328673432298547
2018-01-11,0.005912319368100545
2018-01-12,0.010631064708645135
2018-01-16,-0.006494960206920032
2018-01-17,0.009774806549216716
2018-01-18,-0.0014466035915069843
2018-01-19,0.002677670889928848
2018-01-22,0.009467460155107181
2018-01-23,0.007062619283896012
2018-01-24,0.0065263047842828315
2018-01-25,-0.003511779944899258
2018-01-26,0.016188968616186773
2018-01-29,-0.0029268756777361678
2018-01-30,-0.012042871975008397
2018-01-31,0.003350073045509465
2018-02-01,0.004410427625657081
2018-02-02,-0.027158194335367238
2018-02-05,-0.034172113440919964
2018-02-06,0.00667066342764336
2018-02-07,-0.012927180378291587
2018-02-08,-0.031105660994375086
2018-02-09,-0.003126798475003823
2018-02-12,0.012768302664580497
2018-02-13,0.0032626524715098117
2018-02-14,0.020646531975881826
2018-02-15,0.009078867064397055
2018-02-16,0.0015853267658586928
2018-02-20,-0.001420108608149174
2018-02-21,-0.0048315668643838
2018-02-22,0.008265952418101841
2018-02-23,0.012933862909636655
2018-02-26,0.01004054087382493
2018-02-27,-0.00994276320770179
2018-02-28,-0.014010417602750173
2018-03-01,-0.004049086081361704
2018-03-02,0.002329292104713515
2018-03-05,0.01025723766878508
2018-03-06,0.008288105116546745
2018-03-07,-0.008544681750815136
2018-03-08,-0.0047967462916616395
2018-03-09,0.016005773829164786
2018-03-12,0.002351607788824748
2018-03-13,-0.008641557511336575
2018-03-14,-5.215074761514826e-05
2018-03-15,-0.0008900498501576079
2018-03-16,0.0030727235018706274
2018-03-19,-0.012974235023384937
2018-03-20,0.008628906261686204
2018-03-21,0.01667960798521615
2018-03-22,-0.020241593628815245
2018-03-23,-0.008003648349563863
2018-03-26,0.016212021734502573
2018-03-27,-0.01394692610319985
2018-03-28,-0.004968475478403558
2018-03-29,0.015380893661461021
2018-04-02,-0.02450396720795972
2018-04-03,0.011545821885722531
2018-04-04,0.0034280694771344055
2018-04-05,0.007900352228660663
2018-04-06,-0.019093517429530575
2018-04-09,0.01243634095574174
2018-04-10,0.02305745888418243
2018-04-11,0.0030920382779645074
2018-04-12,0.0013822978783669605
2018-04-13,-0.001268736812492065
2018-04-16,0.0019841332933425767
2018-04-17,0.007016928657533414
2018-04-18,0.015140531603592517
2018-04-19,-0.006755260073602163
2018-04-20,-0.006473459309649784
2018-04-23,-0.000547534557712725
2018-04-24,-0.012103118902315645
2018-04-25,0.0026990391877470283
2018-04-26,0.010085875907377447
2018-04-27,-0.00013216569769808703
2018-04-30,-0.0009654773351881049
2018-05-01,-0.0035200288473251147
2018-05-02,-0.0041359639441761395
2018-05-03,0.0037905631298926204
2018-05-04,0.012945850986575323
2018-05-07,0.0014564673993955062
2018-05-08,0.0023299638402912676
2018-05-09,0.01299125992518204
2018-05-10,0.00948562090729756
2018-05-11,-0.0037294254578949587
2018-05-14,0.006661256726349788
2018-05-15,-0.003479055944207796
2018-05-16,0.006989575448579323
2018-05-17,0.0003962092466602286
2018-05-18,-0.0011226301345045875
2018-05-21,0.010645677286849281
2018-05-22,-0.000845114529433785
2018-05-23,0.005918005604685756
2018-05-24,-0.006329607940674072
2018-05-25,-0.013486922951289209
2018-05-29,-0.014172996341726214
2018-05-30,0.01789402547227377
2018-05-31,-0.006391142340854774
2018-06-01,0.0009400499373449283
2018-06-04,-0.006378759085668121
2018-06-05,0.001945650852550142
2018-06-06,0.00794386985710051
2018-06-07,0.0027920670803279197
2018-06-08,0.0012288451306673386
2018-06-11,0.00045578312159575503
2018-06-12,0.0004992537260102327
2018-06-13,0.0006010335236612731
2018-06-14,-0.007004181123707861
2018-06-15,-0.01994588658325299
2018-06-18,0.0033739355868427443
2018-06-19,-0.010564669418183053
2018-06-20,0.0005544201507577634
2018-06-21,-0.011085327956563838
2018-06-22,0.014892709948093847
2018-06-25,-0.02069887650636442
2018-06-26,0.008417063338917471
2018-06-27,-0.004471139121079804
2018-06-28,-0.00016809500327056166
2018-06-29,-0.002252663747572686
2018-07-02,-0.002858742898763271
2018-07-03,-0.00259554238099736
2018-07-05,-0.0005695652691205962
2018-07-06,-0.000907905038591751
2018-07-09,0.0018084848036281087
2018-07-10,-0.0003934101554083591
2018-07-11,-0.029466886351930826
2018-07-12,0.005994764751723931
2018-07-13,-0.0005225445166136132
2018-07-16,-0.0017188197377332542
2018-07-17,0.006158140388102577
2018-07-18,0.002151401630643156
2018-07-19,-0.0009478915772919675
2018-07-20,-0.007001103805140139
2018-07-23,0.002519658371435837
2018-07-24,0.001609042264682795
2018-07-25,0.001158343623837755
2018-07-26,0.0037090580039239795
2018-07-27,-0.001959725146044934
2018-07-30,-0.001088868910976734
2018-07-31,-8.444752096948335e-05
2018-08-01,-0.0029891764331171746
2018-08-02,0.007272625434303449
2018-08-03,0.0031518436720263813
2018-08-06,0.0033318982982113356
2018-08-07,0.0015843091931571542
2018-08-08,-0.0014029249795842566
2018-08-09,0.001866182959436172
2018-08-10,-0.0017082375844185097
2018-08-13,0.0007428708392167231
2018-08-14,0.007260657500662864
2018-08-15,-0.005011501907839572
2018-08-16,0.0044706151951415755
2018-08-17,-0.001698045631179194
2018-08-20,-5.1824221659156535e-05
2018-08-21,-0.0032428060356102188
2018-08-22,-0.0010574793587845707
2018-08-23,0.003840135257030078
2018-08-24,-1.0644441000266444e-05
2018-08-27,-0.007442724954053879
2018-08-28,0.0012972191779518168
2018-08-29,-0.00047498264417810917
2018-08-30,-0.0024990614109504502
2018-08-31,0.005794209345871139
2018-09-04,0.006451031521575768
2018-09-05,-0.004606537957578805
2018-09-06,-0.0021920685085711046
2018-09-07,0.0006893125969557486
2018-09-10,-0.0002727456735490787
2018-09-11,0.002972948459429541
2018-09-12,-0.0027145692723644587
2018-09-13,0.001583868608850036
2018-09-14,0.006155146765858042
2018-09-17,-0.00844954051072855
2018-09-18,0.003927796923994935
2018-09-19,0.00015613560105596808
2018-09-20,-0.003388750147812817
2018-09-21,0.0020654054787484335
2018-09-24,0.000987081911909354
2018-09-25,-0.00396303423436031
2018-09-26,-0.002173832170609309
2018-09-27,0.007699851893002701
2018-09-28,0.0037649131035158577
2018-10-01,0.017154038791412436
2018-10-02,0.0030008813190388504
2018-10-03,0.008001980228535809
2018-10-04,-0.01783638940429025
2018-10-05,-0.01299255989991945
2018-10-08,-0.007611286986491922
2018-10-09,-0.0004312590527755354
2018-10-10,-0.012621909235405897
2018-10-11,-0.012389618121142306
2018-10-12,0.007264967059746574
2018-10-15,-0.004019785160706788
2018-10-16,0.0014488614345853884
2018-10-17,0.004886205914088012
2018-10-18,0.00030750877107987677
2018-10-19,-0.002034108901614665
2018-10-22,0.0022150022503704594
2018-10-23,-0.002806032195145954
2018-10-24,-0.002540559107258161
2018-10-25,0.006529834019273424
2018-10-26,-0.006646543308791898
2018-10-29,0.00128745867731212
2018-10-30,0.007265659222590221
2018-10-31,0.0019141487290849888
2018-11-01,-0.003705133826435597
2018-11-02,0.0006231541000990767
2018-11-05,0.001051170032748174
2018-11-06,-0.0007498249965516486
2018-11-07,0.003221439705636224
2018-11-08,0.004870842329632955
2018-11-09,-0.0005135760241949726
2018-11-12,0.0034894995312247153
2018-11-13,-0.003575712661563804
2018-11-14,-0.004866112911726073
2018-11-15,0.004541190133141828
2018-11-16,-0.006221470345879282
2018-11-19,-0.004535909803261965
2018-11-20,0.00047541048381085846
2018-11-21,-0.0002712457261162425
2018-11-23,-5.187815848246217e-05
2018-11-26,0.005960948197770825
2018-11-27,0.003345036873953999
2018-11-28,0.001827916884148459
2018-11-29,-0.00202987963556752
2018-11-30,0.00545853410709186
2018-12-03,0.004067284364009794
2018-12-04,-0.011511205194313902
2018-12-06,0.0015165855133945664
2018-12-07,-0.0009126281280743111
2018-12-10,0.007936599705422974
2018-12-11,0.0018683949017462597
2018-12-12,-0.006000784639323142
2018-12-13,-0.0014456538826082398
2018-12-14,0.005319831530672758
2018-12-17,0.0017323491059831175
2018-12-18,0.0036624939466584554
2018-12-19,0.008788930416271998
2018-12-20,-0.008776282426351072
2018-12-21,0.005331160355797182
2018-12-24,-0.0003501882813278156
2018-12-26,-0.0037078704582550713
2018-12-27,-0.003480081447408364
2018-12-28,0.003760972467108294
2018-12-31,0.001240161122825735
2019-01-02,0.00944648782787908
2019-01-03,0.0037443598281483434
2019-01-04,-0.009211747781200957
2019-01-07,-0.005933526940628845
2019-01-08,0.0006235750644742221
2019-01-09,-0.008693825053520343
2019-01-10,0.00021855607444505772
2019-01-11,0.0031535933793930293
2019-01-14,-0.0024067715041002093
2019-01-15,0.0003181264559742078
2019-01-16,0.0012757813075653691
2019-01-17,0.00012057553959655336
2019-01-18,-0.0008206331209684664
2019-01-22,0.003981481080167602
2019-01-23,-0.0016990941110601534
2019-01-24,0.00853270900679446
2019-01-25,-0.008950765651831125
2019-01-28,-0.0005965292894517048
2019-01-29,0.00391996307721942
2019-01-30,-0.004536253000509745
2019-01-31,0.006944962913903785
2019-02-01,-0.0038334904923571066
2019-02-04,-0.001002959929757549
2019-02-05,0.005132659259224991
2019-02-06,0.00337933412067334
2019-02-07,0.006109887266163785
2019-02-08,0.004107518151132104
2019-02-11,0.0001389985307970634
2019-02-12,-0.004572026911611852
2019-02-13,0.0018162018880520307
2019-02-14,0.0024173860625939787
2019-02-15,-0.00018985298436605992
2019-02-19,-0.0015653539086213115
2019-02-20,-0.0012962442434375932
2019-02-21,-0.005460931149693706
2019-02-22,0.003399364356866534
2019-02-25,-0.0025025249617019983
2019-02-26,8.849889951305237e-05
2019-02-27,-0.00700801923759479
2019-02-28,-0.0020294717082244276
2019-03-01,-0.0032141215066061623
2019-03-04,0.006225617290757047
2019-03-05,0.003434014856529797
2019-03-06,0.002267768602518347
2019-03-07,0.011437167829158355
2019-03-08,0.0002184280599409837
2019-03-11,-0.0037811123644862373
2019-03-12,0.002997440102008522
2019-03-13,-0.004626384656465544
2019-03-14,-0.002584615610974013
2019-03-15,0.00284634136867332
2019-03-18,-0.0011320317927442218
2019-03-19,-0.002109416828343658
2019-03-20,0.0024103160316307484
2019-03-21,0.00632481086045253
2019-03-22,0.012248449896359372
2019-03-25,0.001397945766731833
2019-03-26,0.0015235382959841348
2019-03-27,0.0071529463670038495
2019-03-28,0.005387038846522974
2019-03-29,0.00040731526645328055
2019-04-01,-0.011618106363296467
2019-04-02,0.0021566701971920572
2019-04-03,-0.007306728502568784
2019-04-04,0.0028680743582403696
2019-04-05,0.001576828765983649
2019-04-08,-0.004253919992965314
2019-04-09,0.0013916563691102855
2019-04-10,-0.00047554560316489765
2019-04-11,0.0005156864782811929
2019-04-12,-0.004794191623961465
2019-04-15,-0.001359785435736097
2019-04-16,0.015994031017470545
2019-04-17,0.01394051321184373
2019-04-18,0.01200834504737217
2019-04-22,-0.010436348975438858
2019-04-23,0.013855282226734714
2019-04-24,0.026182059743457338
2019-04-25,-0.02127362852701661
2019-04-26,-0.002239702148721965
2019-04-29,-0.014183150833803969
2019-04-30,0.016940704639131228
2019-05-01,-0.00030839294576346255
2019-05-02,0.0007842016616945342
2019-05-03,0.011785143132487314
2019-05-06,-0.010093961993035337
2019-05-07,-0.005941942671796412
2019-05-08,-0.01707793893719723
2019-05-09,-0.0015036321254920798
2019-05-10,-0.0016181135919224438
2019-05-13,-0.022470299271669658
2019-05-14,0.0006712934209381237
2019-05-15,0.0028445916617316313
2019-05-16,-0.018205217428655253
2019-05-17,-0.007093918580383237
2019-05-20,-0.02922274224219278
2019-05-21,0.007406960384431406
2019-05-22,0.0007876607825463393
2019-05-23,0.019307792973799573
2019-05-24,-0.002412395798718235
2019-05-28,0.014772635981195364
2019-05-29,0.008383004019451903
2019-05-30,0.025191110641406736
2019-05-31,0.02512494135083154
2019-06-03,0.016409157435121786
2019-06-04,-0.005775164806872152
2019-06-05,-0.017971338828163597
2019-06-06,0.01737338979394501
2019-06-07,0.026810237921426002
2019-06-10,-0.003825888261713338
2019-06-11,0.002786534174565173
2019-06-12,-0.01539035191010945
2019-06-13,0.012094412533701967
2019-06-14,-0.014343050331759886
2019-06-17,0.00011426892113449143
2019-06-18,0.03980433080737092
2019-06-19,0.0035459101963005186
2019-06-20,0.012284998722416784
2019-06-21,-0.030734431625314258
2019-06-24,0.019159059734755072
2019-06-25,-0.0017344124209990857
2019-06-26,0.004114682806880751
2019-06-27,0.007455838088882232
2019-06-28,-0.0004027892269149024
2019-07-01,0.01705242510757582
2019-07-02,0.004966309483715478
2019-07-03,0.010964562495325545
2019-07-05,-0.03367811122451129
2019-07-08,-0.0028009946819885093
2019-07-09,0.004466233325295428
2019-07-10,-0.006949248338598135
2019-07-11,-0.027188230492598782
2019-07-12,0.01778295437809573
2019-07-15,0.01941323260552548
2019-07-16,-0.015335015864165372
2019-07-17,0.02522509298603306
2019-07-18,0.012336959385777547
2019-07-19,-0.007139388543422253
2019-07-22,0.02111864497361256
2019-07-23,-0.0007714713212800314
2019-07-24,0.037673589731338136
2019-07-25,-0.025265995927217788
2019-07-26,0.004281487401294854
2019-07-29,0.00274205311573473
2019-07-30,0.0023125120153032826
2019-07-31,-0.013928552266936345
2019-08-01,0.02369151792971015
2019-08-02,0.006273555315634999
2019-08-05,0.0071725370320056756
2019-08-06,0.025744300571052512
2019-08-07,0.006808113429615442
2019-08-08,0.022627220043673672
2019-08-09,-0.01693113656529987
2019-08-12,0.038905652371163245
2019-08-13,0.011110442517853196
2019-08-14,0.02978840967665339
2019-08-15,0.024637180490296545
2019-08-16,-0.0036250553430564915
2019-08-19,-0.020794817983757714
2019-08-20,0.018789713653182456
2019-08-21,-0.008829054101539412
2019-08-22,-0.015206057990794431
2019-08-23,-0.010864724766536021
2019-08-26,-0.0013857787087733324
2019-08-27,0.029407401438529202
2019-08-28,0.008005391585852232
2019-08-29,0.011596354607367519
2019-08-30,0.005650240284461947
2019-09-03,-0.014748065029643351
2019-09-04,0.02755597450767949
2019-09-05,-0.006676879059533101
2019-09-06,0.014790918573957586
2019-09-09,-0.030593281228580592
2019-09-10,-0.02869314790492586
2019-09-11,0.013143731413956545
2019-09-12,-0.008971069603728371
2019-09-13,-0.042698434521284995
2019-09-16,0.013810009534367312
2019-09-17,0.013826515226827811
2019-09-18,0.008505116991545263
2019-09-19,-0.0005649595319256124
2019-09-20,0.001901225355031691
2019-09-23,0.011034516512359021
2019-09-24,0.005584923306838612
2019-09-25,-0.012014267031020858
2019-09-26,0.013283343785610769
2019-09-27,-0.021216775329444708
2019-09-30,0.014406656100543425
2019-10-01,-0.002481857940993891
2019-10-02,-0.01177928754568936
2019-10-03,0.0022474395221979476
2019-10-04,0.0015196982397705661
2019-10-07,-0.0008915449414486727
2019-10-08,0.0020794489231514327
2019-10-09,-0.002408409194577799
2019-10-10,-0.008078612173035946
2019-10-11,-0.006922436469028789
2019-10-14,0.01294538778455237
2019-10-15,-0.0068222867976748475
2019-10-16,-0.013718514507297351
2019-10-17,0.00036448588089003225
2019-10-18,-0.011744943340651928
2019-10-21,0.002952780559665698
2019-10-22,0.0032697688365392573
2019-10-23,-0.017806888932012738
2019-10-24,0.020081525859153147
2019-10-25,0.01086461477951345
2019-10-28,0.0032817105862685755
2019-10-29,-0.009412448770952105
2019-10-30,0.02692979098287638
2019-10-31,0.018135934665542714
2019-11-01,0.018766072594416944
2019-11-04,-0.00023119746189822696
2019-11-05,-0.018195647070100747
2019-11-06,0.001578987996889953
2019-11-07,-0.024862846383364424
2019-11-08,-0.0010256268480205721
2019-11-11,-0.006412873099022763
2019-11-12,0.01207442222126335
2019-11-13,0.009843656655410989
2019-11-14,0.01456346851074776
2019-11-15,0.009382610940482972
2019-11-18,0.0005373026191146245
2019-11-19,0.007542450866246474
2019-11-20,0.004764397493949905
2019-11-21,-0.023944671259697715
2019-11-22,0.0013362173440751282
2019-11-25,0.0337671670795112
2019-11-26,0.005479139970341577
2019-11-27,0.0023362258734698424
2019-11-29,-0.017263738231836648
2019-12-02,-0.040653826630613996
2019-12-03,0.019619780366902657
2019-12-04,0.006816454598062056
2019-12-05,-0.0016583465147710667
2019-12-06,0.013641614854619774
2019-12-09,-0.005115624264600451
2019-12-10,0.004650438473869681
2019-12-11,0.04493893086657378
2019-12-12,0.003188373491186818
2019-12-13,0.011687182472507954
2019-12-16,-0.0035576111547402697
2019-12-17,0.0033798816765996205
2019-12-18,-0.014584649229133731
2019-12-19,0.012924872027139118
2019-12-20,0.015370553953550723
2019-12-23,0.0007979933272029408
2019-12-24,0.007708728856477257
2019-12-26,0.005806048321834982
2019-12-27,-0.0032380102544079543
2019-12-30,-0.015010972300573237
2019-12-31,-0.013737139240674535
2020-01-02,0.009382124327203551
2020-01-03,0.0026696086338825415
2020-01-06,-0.0222407765691442
2020-01-07,0.012671209244901333
2020-01-08,-0.009979984274700838
2020-01-09,0.013057064041487931
2020-01-10,0.005511591044718879
2020-01-13,0.010905352020430994
2020-01-14,0.012102299387504395
2020-01-15,-0.004507931478834895
2020-01-16,0.015003806893909013
2020-01-17,-0.005030279335333279
2020-01-21,0.015377649444130111
2020-01-22,0.016289718478720076
2020-01-23,0.0213136518794615
2020-01-24,-0.001353460471548407
2020-01-27,-0.02312956841964045
2020-01-28,0.013262463454209438
2020-01-29,-0.005928219619985672
2020-01-30,-0.00028154355439197415
2020-01-31,-0.026181223955662792
2020-02-03,0.012422687649371959
2020-02-04,0.00792870953937351
2020-02-05,0.00668261820033892
2020-02-06,0.010021377372375552
2020-02-07,0.0033325200713769376
2020-02-10,0.019002446782398794
2020-02-11,0.005794081291519234
2020-02-12,0.004153446166749392
2020-02-13,0.0011642387110876549
2020-02-14,-0.0006094718868825205
2020-02-18,0.002016359092660051
2020-02-19,0.00466724334691143
2020-02-20,0.001113694816450644
2020-02-21,-0.009114661893466111
2020-02-24,-0.005412783344714997
2020-02-25,-0.007670778515432667
2020-02-26,-0.010670247748386655
2020-02-27,-0.006769040490505918
2020-02-28,0.05215204911956234
2020-03-02,0.01570550343963862
2020-03-03,0.017324017395640955
2020-03-04,8.184466361066747e-05
2020-03-05,0.03865612122512344
2020-03-06,0.11718716546059395
2020-03-09,-0.021473178160640233
2020-03-10,-0.0010332647072276175
2020-03-11,-0.006884198879100903
2020-03-12,0.01138889685734792
2020-03-13,0.03116519451130926
2020-03-16,-0.019689582209251544
2020-03-17,0.0031205258967354974
2020-03-18,0.003177253685903797
2020-03-19,0.02728020237686363
2020-03-20,0.008093088449729977
2020-03-23,0.00669944345207386
2020-03-24,-0.014358998319990744
2020-03-25,-0.009597862029650746
2020-03-26,-0.013908058107276007
2020-03-27,-0.0020637446175278745
2020-03-30,0.0023001808303650013
2020-03-31,-0.0022678766174317184
2020-04-01,0.00876962186111296
2020-04-02,0.006102364549493221
2020-04-03,0.005802251463632452
2020-04-06,-0.00031131536402952234
2020-04-07,-0.010960001251485453
2020-04-08,0.002038439661583261
2020-04-09,-0.006860272859371339
2020-04-13,-0.0029780753130770887
2020-04-14,-0.005285594512149935
2020-04-15,0.012412704553884414
2020-04-16,0.0066306462888275405
2020-04-17,-0.005552945009102393
2020-04-20,0.005005706440457781
2020-04-21,0.004037833147998041
2020-04-22,0.0004667943499596745
2020-04-23,0.0015104788588477
2020-04-24,-0.0013493862114658595
2020-04-27,-0.006850254456418031
2020-04-28,0.0015387603314890165
2020-04-29,-0.004926720042384028
2020-04-30,-0.008292205707458505
2020-05-01,0.0026797629747141484
2020-05-04,0.004257117395292338
2020-05-05,-0.0008218282291868711
2020-05-06,0.0009148651930541503
2020-05-07,0.0006791889264114569
2020-05-08,-0.00307427702325151
2020-05-11,0.0017030047596858597
2020-05-12,0.0003526632767490007
2020-05-13,0.003090394442914505
2020-05-14,0.003253287632549666
2020-05-15,2.709601904534809e-05
2020-05-18,-0.012213292128557467
2020-05-19,0.0001328054176584143
2020-05-20,-0.002618582097028138
2020-05-21,0.0026247477320829396
2020-05-22,0.0039508384453632705
2020-05-26,-0.009588032426770659
2020-05-27,-0.0006890046555598142
2020-05-28,-0.027528803345946443
2020-05-29,0.03407600453750271
2020-06-01,-0.015947992832988176
2020-06-02,0.009906305801730015
2020-06-03,-0.0029211740933064514
2020-06-04,-0.020785670724400074
2020-06-05,0.009655875961562818
2020-06-08,0.005134529027620998
2020-06-09,0.022571380293996027
2020-06-10,0.03229035396609769
2020-06-11,-0.026978601117572693
2020-06-12,-0.00742414142048357
2020-06-15,0.01468489899684596
2020-06-16,-0.014815792473508532
2020-06-17,0.01431232151322722
2020-06-18,0.019375732147000908
2020-06-19,-0.0045487822032371904
2020-06-22,0.008250077484660985
2020-06-23,-0.009894749309227714
2020-06-24,-0.0018618594402923828
2020-06-25,0.013603890350010134
2020-06-26,0.004461853088262184
2020-06-29,-0.0011553871729926384
2020-06-30,-0.002854560067889929
2020-07-01,-0.016725596467095143
2020-07-02,0.01279911683611784
2020-07-06,0.01710497035659283
2020-07-07,0.015380030983171068
2020-07-08,0.004868951489142284
2020-07-09,0.04449162663379087
2020-07-10,-0.013068796890355327
2020-07-13,-0.010339705604477969
2020-07-14,0.020125012411266102
2020-07-15,-0.014344639209787867
2020-07-16,0.007141307658521286
2020-07-17,0.0010072242537341068
2020-07-20,0.0249359498392038
2020-07-21,-0.0049705376314715805
2020-07-22,0.009871740184535707
2020-07-23,0.006431085074174569
2020-07-24,-0.013134379114931082
2020-07-27,0.014743596254360428
2020-07-28,-0.0008486317874897564
2020-07-29,0.01732130993558252
2020-07-30,0.032700689240125584
2020-07-31,-0.008559987755829578
2020-08-03,0.003082151218597909
2020-08-04,0.04171454996922046
2020-08-05,-0.01746207141835473
2020-08-06,0.009265202018541753
2020-08-07,-0.028804380277432196
2020-08-10,-0.0071212098912671815
2020-08-11,-0.033061949479811094
2020-08-12,0.017623073762524456
2020-08-13,-0.03038612840738962
2020-08-14,-0.011826196636618101
2020-08-17,0.021527522785433337
2020-08-18,0.005722551312820584
2020-08-19,-0.017922680530405546
2020-08-20,0.006487864033076305
2020-08-21,0.019521065190059163
2020-08-24,0.006132726002798122
2020-08-25,-0.00147473102597925
2020-08-26,-0.003124165910222034
2020-08-27,-0.045759680262614254
2020-08-28,0.020386306614905512
2020-08-31,0.0101084576969815
2020-09-01,0.04448631227707391
2020-09-02,0.054038514077629496
2020-09-03,-0.06769890885323097
2020-09-04,-0.045826392747832054
2020-09-08,-0.03993406388419776
2020-09-09,0.019490076992910693
2020-09-10,-0.002205603676739833
2020-09-11,0.0057322670967461554
2020-09-14,0.018593875412607336
2020-09-15,0.011125812863864742
2020-09-16,0.01222092905534105
2020-09-17,0.009372495037174987
2020-09-18,-0.0017462296853891814
2020-09-21,-0.022260605274127813
2020-09-22,0.000277883928742448
2020-09-23,-0.01924597359979268
2020-09-24,0.007504602233334986
2020-09-25,0.005135022284909894
2020-09-28,0.017492988765474955
2020-09-29,-0.008889040392661429
2020-09-30,0.010252462112149096
2020-10-01,-0.0024384511042634307
2020-10-02,-0.02322276948341376
2020-10-05,0.03529707544330061
2020-10-06,0.0009208019691886488
2020-10-07,0.011496091487396987
2020-10-08,0.013425095740613534
2020-10-09,0.010227757164129941
2020-10-12,-0.0022992997400039577
2020-10-13,0.0017215154572025487
2020-10-14,0.0032011351164033057
2020-10-15,0.0013034559008075232
2020-10-16,-0.007896203369603286
2020-10-19,-0.0018262971991847006
2020-10-20,0.009108326756577913
2020-10-21,-0.010117285230349252
2020-10-22,0.003077452429556316
2020-10-23,-0.003599288228330644
2020-10-26,-0.02404009339750618
2020-10-27,0.0028797742495308863
2020-10-28,-0.044009892915804885
2020-10-29,-0.0033951084230478337
2020-10-30,-0.008909111542111997
2020-11-02,0.017816780439118475
2020-11-03,0.015535980973675183
2020-11-04,0.028005842273187323
2020-11-05,0.029658338731915573
2020-11-06,0.008132215268545863
2020-11-09,0.0008139520930692569
2020-11-10,-0.0041735257629183665
2020-11-11,0.020982208496723838
2020-11-12,-0.014708868041190034
2020-11-13,0.0042569055951212804
2020-11-16,0.023041856791696676
2020-11-17,-0.0032344350124529774
2020-11-18,-0.0035812687523551334
2020-11-19,0.010164943623059487
2020-11-20,0.0003141436337296003
2020-11-23,0.01237727651081612
2020-11-24,0.020087597889043407
2020-11-25,0.00419202282114467
2020-11-27,0.006126812999172681
2020-11-30,9.776536783172134e-06
2020-12-01,0.004792636280796698
2020-12-02,0.004786443866949299
2020-12-03,0.0014436436100577633
2020-12-04,0.015660159489658113
2020-12-07,0.0020004163890739507
2020-12-08,0.003158317297717562
2020-12-09,-0.01282767276485043
2020-12-10,0.012480048693017585
2020-12-11,-0.007335468737613931
2020-12-14,0.00765335707462338
2020-12-15,0.01256480736583732
2020-12-16,0.004417083491128747
2020-12-17,0.01081504263551146
2020-12-18,0.0010106231925395251
2020-12-21,-0.011565974020227424
2020-12-22,-0.00996673222494076
2020-12-23,0.0077572919504176
2020-12-24,0.006377937476728327
2020-12-28,-0.006096830848821367
2020-12-29,0.0012736729229335662
2020-12-30,0.012603092116470583
2020-12-31,0.005053064582453564
2021-01-04,-0.006671671613041498
2021-01-05,0.032407288125905674
2021-01-06,0.0069420395935094175
2021-01-07,0.02755582726045149
2021-01-08,0.0062756881937787
2021-01-11,0.002949709407368417
2021-01-12,0.01928254925478253
2021-01-13,0.0005729315395607672
2021-01-14,0.0028256079753387017
2021-01-15,-0.016714632709783947
2021-01-19,0.009734058075934447
2021-01-20,0.01367123345331066
2021-01-21,0.00032053278771960135
2021-01-22,-0.014679510086438554
2021-01-25,0.009392521372827086
2021-01-26,-0.007313812596673315
2021-01-27,-0.029837215629834803
2021-01-28,0.003529334310274806
2021-01-29,-0.006026367299406293
2021-02-01,0.02627141496794288
2021-02-02,0.01672842206540344
2021-02-03,0.0060138723672033805
2021-02-04,0.012544295892367904
2021-02-05,0.006803124282414473
2021-02-08,0.01759916230053982
2021-02-09,0.0019698229145055793
2021-02-10,-0.0015430933342743625
2021-02-11,-0.00023732574914716708
2021-02-12,0.013132828421762218
2021-02-16,0.009043873992999323
2021-02-17,0.002459014925876524
2021-02-18,-0.006022326244105883
2021-02-19,-0.001909958189538389
2021-02-22,0.010489655312136671
2021-02-23,0.004314643603209449
2021-02-24,0.01982190102389305
2021-02-25,-0.02453561107362055
2021-02-26,-0.020127531737184255
2021-03-01,0.011602737174259817
2021-03-02,-0.002833088940744528
2021-03-03,-0.0056125141945138155
2021-03-04,0.0022748641687724194
2021-03-05,0.028857697070007758
2021-03-08,-0.014037377114896749
2021-03-09,0.010328671729032847
2021-03-10,0.009396764497358493
2021-03-11,0.019070774094218874
2021-03-12,-0.0023523617573979333
2021-03-15,0.002093277693358288
2021-03-16,-0.003909143357078224
2021-03-17,0.002400178071705926
2021-03-18,-0.04639168677611645
2021-03-19,0.014654701955412306
2021-03-22,0.004640914037380582
2021-03-23,-0.02654145124077562
2021-03-24,0.015189144166792689
2021-03-25,-0.012620944097157619
2021-03-26,0.030481776811458312
2021-03-29,0.0003614229466392371
2021-03-30,-0.013997367948921197
2021-03-31,0.00819568098077426
2021-04-01,0.022485067913661574
2021-04-05,0.008351014729356974
2021-04-06,0.0014844152963820242
2021-04-07,0.00341512662010387
2021-04-08,0.008775373973685366
2021-04-09,0.0068995022751001805
2021-04-12,0.000719897129365165
2021-04-13,0.009754924158334838
2021-04-14,0.009320789284222409
2021-04-15,0.01689288131629931
2021-04-16,0.0034853717155806665
2021-04-19,-0.005641619152981721
2021-04-20,-0.010074917034516115
2021-04-21,0.008986016204029374
2021-04-22,-0.006656324856677867
2021-04-23,0.017825803394317868
2021-04-26,0.006637415750425351
2021-04-27,0.004497671796397466
2021-04-28,0.0003942279292756944
2021-04-29,0.011622952151109138
2021-04-30,-0.011426182227783365
2021-05-03,0.009798265625747104
2021-05-04,0.0055898464794914265
2021-05-05,0.002697849640751115
2021-05-06,0.010339568149936638
2021-05-07,0.013271066226330126
2021-05-10,-0.013532665819481548
2021-05-11,0.00021790664260672686
2021-05-12,-0.018471739547498058
2021-05-13,-0.011160146816566397
2021-05-14,0.0187379552201794
2021-05-17,0.006793698037120162
2021-05-18,-0.010527155476202733
2021-05-19,-0.017219156728323057
2021-05-20,0.0013884467724051058
2021-05-21,0.006044003104856445
2021-05-24,0.018568143278206002
2021-05-25,-0.004200518629165779
2021-05-26,0.0028640015097879004
2021-05-27,0.01138825003486948
2021-05-28,-0.0006282777059428701
2021-06-01,0.011813556413093769
2021-06-02,0.0052552292787722815
2021-06-03,-0.00918697164926788
2021-06-04,0.015441460572254713
2021-06-07,0.0006733241308784824
2021-06-08,0.0071879333677059825
2021-06-09,-0.00467904278129008
2021-06-10,0.006533076443774645
2021-06-11,-0.000813897794305874
2021-06-14,-0.0006744122392652076
2021-06-15,-0.004938234283519794
2021-06-16,-0.010021519125586223
2021-06-17,-0.015936328325616467
2021-06-18,-0.01001798077153341
2021-06-21,0.024044086410195318
2021-06-22,0.00688610104635592
2021-06-23,0.0027172232053728532
2021-06-24,0.009181871805495656
2021-06-25,0.001639027107443544
2021-06-28,0.00232112798644684
2021-06-29,0.00328406548203629
2021-06-30,0.006726391096384258
2021-07-01,0.008936793529162686
2021-07-02,0.014809322611538125
2021-07-06,-0.018713150974247198
2021-07-07,-0.0024520324260288353
2021-07-08,-0.005114259022508182
2021-07-09,0.019726674238561486
2021-07-12,0.005610645945555301
2021-07-13,0.0005616478916944719
2021-07-14,-0.004330422849644429
2021-07-15,-0.0072720719277708686
2021-07-16,-0.009637948799684225
2021-07-19,-0.0416032166605107
2021-07-20,0.026267317226735046
2021-07-21,0.021537818533774334
2021-07-22,0.007342215313416127
2021-07-23,0.015669659183475213
2021-07-26,0.007394053324377412
2021-07-27,-0.0089851106574587
2021-07-28,0.002019344154786584
2021-07-29,0.01544851404623522
2021-07-30,-0.00962303268081287
2021-08-02,-0.008857798119667023
2021-08-03,0.00751787520599335
2021-08-04,-0.015343128515307673
2021-08-05,0.016311335916353892
2021-08-06,-0.0023844531166032487
2021-08-09,-0.009441360544327959
2021-08-10,0.011626529236872421
2021-08-11,0.008220466985735241
2021-08-12,0.0017049156067219808
2021-08-13,-0.0008807598607949883
2021-08-16,0.0017540250564690514
2021-08-17,-0.014664418539772985
2021-08-18,-0.020889333580556127
2021-08-19,-0.006469799756102897
2021-08-20,-0.012765538414580993
2021-08-23,0.028946777555402373
2021-08-24,0.015434042216211249
2021-08-25,0.013095304986292904
2021-08-26,-0.006293603708633769
2021-08-27,0.025441084017490727
2021-08-30,0.008271931157742834
2021-08-31,-0.01092968693619829
2021-09-01,-0.007119003770047368
2021-09-02,0.01027405179270557
2021-09-03,0.0068541576526654525
2021-09-07,-0.01094301201832194
2021-09-08,-0.0068233509719120315
2021-09-09,-0.0011689889141398846
2021-09-10,0.016007178310143894
2021-09-13,0.013724798256316251
2021-09-14,-0.00035520022542508194
2021-09-15,0.02038716377247232
2021-09-16,-0.00638810457371641
2021-09-17,-0.017475546601905985
2021-09-20,-0.029113030635924034
2021-09-21,-0.0003172709633847686
2021-09-22,0.01807763885018039
2021-09-23,0.023781781480135124
2021-09-24,0.0047332545779577365
2021-09-27,0.004597538297150146
2021-09-28,-0.028901351177564105
2021-09-29,0.0018566862090830113
2021-09-30,-0.005787750416878853
2021-10-01,0.019561535868915333
2021-10-04,0.000515568948152096
2021-10-05,0.017359458758670843
2021-10-06,-0.008475507692137499
2021-10-07,0.01617217338705778
2021-10-08,0.0007601142676118902
2021-10-11,-0.001212943519624446
2021-10-12,-0.0019202043239284745
2021-10-13,0.006832880250763851
2021-10-14,0.021361585814341322
2021-10-15,0.012521620702591399
2021-10-18,-0.0016019251214499301
2021-10-19,0.00823176100577179
2021-10-20,0.011140103991842154
2021-10-21,-0.008318346301995414
2021-10-22,0.0022603405136435127
2021-10-25,0.00808183926731482
2021-10-26,0.00211780008098949
2021-10-27,-0.01696637453069126
2021-10-28,0.012164432969441608
2021-10-29,-0.001613545168761086
2021-11-01,0.006854577566500271
2021-11-02,0.005545837066360821
2021-11-03,-0.01185574873479895
2021-11-04,5.5132247232071024e-05
2021-11-05,0.012904333367703483
2021-11-08,0.005058685825745734
2021-11-09,0.0021098562790325195
2021-11-10,-0.02908308060839233
2021-11-11,0.004662641154695444
2021-11-12,0.008113820659894076
2021-11-15,0.00044537612912262875
2021-11-16,0.0040739237000220994
2021-11-17,-0.00836722577758176
2021-11-18,0.006081192195239849
2021-11-19,-0.011388153074392306
2021-11-22,0.0004861206204684618
2021-11-23,0.012573525827670509
2021-11-24,0.0005592163645903084
2021-11-26,-0.06189536773604881
2021-11-29,0.037262994717049566
2021-11-30,0.001121224366393947
2021-12-01,0.00032466288312840187
2021-12-02,0.0032670909370977686
2021-12-03,0.018935827969091573
2021-12-06,-0.02700638952203261
2021-12-07,0.04706741288104224
2021-12-08,-0.036996112368225545
2021-12-09,-0.02743783575651913
2021-12-10,0.003828675055874105
2021-12-13,-0.022340053632755274
2021-12-14,-0.009136948117944865
2021-12-15,0.022671730335164772
2021-12-16,-0.024202311971719764
2021-12-17,-0.010405703813265032
2021-12-20,-0.010340724963994973
2021-12-21,0.037294180526408385
2021-12-22,0.015516965826343265
2021-12-23,0.010774837329798566
2021-12-27,0.027676083737714754
2021-12-28,-0.009159903387503669
2021-12-29,0.005235226939314715
2021-12-30,-0.01193063126045411
2021-12-31,-0.004860539656212387
2022-01-03,0.01600807435154896
2022-01-04,0.0060737660163784485
2022-01-05,-0.01820479150102046
2022-01-06,0.005760578255758497
2022-01-07,-0.0013635105537365775
2022-01-10,-0.0043044609087890175
2022-01-11,0.02135982701285144
2022-01-12,0.008114943902727077
2022-01-13,-0.01835961068123951
2022-01-14,0.010112217444786934
2022-01-18,-0.0065881962570083176
2022-01-19,-0.0027704744157456395
2022-01-20,-0.010164032382835034
2022-01-21,-0.011883302663256426
2022-01-24,0.001424170722003514
2022-01-25,0.003126735660184697
2022-01-26,0.004439151729841252
2022-01-27,0.007392077852882865
2022-01-28,1.8142586831852985e-05
2022-01-31,-0.003605188381163265
2022-02-01,-0.000575583436919399
2022-02-02,-0.001371989196324898
2022-02-03,-0.009542223289955598
2022-02-04,0.002674611995696957
2022-02-07,0.0003388420248045499
2022-02-08,-0.0026090740911815227
2022-02-09,0.015417512723134151
2022-02-10,-0.012876011012101712
2022-02-11,0.008544568274386032
2022-02-14,0.0037132841186349142
2022-02-15,-0.008901568556314679
2022-02-16,-0.0006430961349317914
2022-02-17,-0.0018830240525691396
2022-02-18,0.003139342222137294
2022-02-22,0.005263134422608371
2022-02-23,0.004074116667296991
2022-02-24,0.00674618997069685
2022-02-25,-0.008601781341489138
2022-02-28,0.007017713347122545
2022-03-01,0.019326875272083276
2022-03-02,0.007546870793511173
2022-03-03,0.00564350866464819
2022-03-04,0.016487983436616234
2022-03-07,0.01105709438032033
2022-03-08,0.003147411328835386
2022-03-09,-0.028542598033545027
2022-03-10,0.0023608389728093735
2022-03-11,0.007109772218454017
2022-03-14,-0.004768106781678814
2022-03-15,-0.0046044381736883066
2022-03-16,-0.007375312116052419
2022-03-17,0.005006466285252106
2022-03-18,0.001680638360901385
2022-03-21,0.008914928434428211
2022-03-22,-0.0006718632240636834
2022-03-23,0.004836417861164453
2022-03-24,-0.0006198512789839117
2022-03-25,0.0014840069030458694
2022-03-28,-0.00431396184935733
2022-03-29,-0.004536839799320306
2022-03-30,0.0029468345978268095
2022-03-31,-0.029737836223397575
2022-04-01,0.0067423119731996025
2022-04-04,0.02197927931117854
2022-04-05,-0.019777849295374326
2022-04-06,-0.016785194223517354
2022-04-07,0.0020836442781492328
2022-04-08,0.0016631415691116865
2022-04-11,0.000844934151406185
2022-04-12,0.006884103880633272
2022-04-13,-0.0005535511935053344
2022-04-14,0.004914852106310279
2022-04-18,0.0051202247185618424
2022-04-19,-0.0016806443938996484
2022-04-20,-0.005924609957356647
2022-04-21,0.002373032468476652
2022-04-22,0.002486750821420591
2022-04-25,0.003162676790639556
2022-04-26,0.007248699634783448
2022-04-27,0.00631465737233391
2022-04-28,0.0061552482743336325
2022-04-29,-0.004455890176414171
2022-05-02,0.006441813206498659
2022-05-03,-0.0034445069346288474
2022-05-04,-0.003019560797051123
2022-05-05,0.006499462160724531
2022-05-06,0.0017053764890011586
2022-05-09,-0.005885032229340287
2022-05-10,0.0011053502983556813
2022-05-11,0.004133740087280545
2022-05-12,0.008110520048017676
2022-05-13,-0.0006449397061847389
2022-05-16,-0.0012065996119250653
2022-05-17,-0.008615353287174804
2022-05-18,0.0014339520194131998
2022-05-19,-0.004959236470566298
2022-05-20,0.0020025151443360343
2022-05-23,-0.005079928527369591
2022-05-24,-0.002389482602531039
2022-05-25,0.004512016483748893
2022-05-26,0.00019091600525064905
2022-05-27,0.0012843741394429
2022-05-31,-0.00034340555456297906
2022-06-01,0.007006537747766158
2022-06-02,-0.000926191874578988
2022-06-03,0.005696243275235678
2022-06-06,0.0027468327993217436
2022-06-07,0.0008825358889753119
2022-06-08,0.004471817218294989
2022-06-09,0.005837337118506643
2022-06-10,0.0033949547888414673
2022-06-13,0.001971625267603979
2022-06-14,-0.00266074676334977
2022-06-15,-0.004747986453328906
2022-06-16,-0.0045603360879616
2022-06-17,-0.006642535106731332
2022-06-21,-0.0031739994287871436
2022-06-22,-0.007277685740796966
2022-06-23,-0.0072012084040335485
2022-06-24,0.0018806778785013984
2022-06-27,-0.0019276861849073562
2022-06-28,0.007922915584493324
2022-06-29,-0.0023003493986334636
2022-06-30,-0.012796872525177262
2022-07-01,0.0037820060028866923
2022-07-05,-0.0134496501632236
2022-07-06,-0.0016539007717007738
2022-07-07,0.013382969202728034
2022-07-08,0.0032636332529718277
2022-07-11,0.008587566475285241
2022-07-12,-0.010156906122245922
2022-07-13,-0.0004570993156339776
2022-07-14,0.003530776210275712
2022-07-15,-0.0019486571508734196
2022-07-18,-0.0004185292256713175
2022-07-19,-0.004071362357159493
2022-07-20,0.0020270983652786764
2022-07-21,-0.005832292176004459
2022-07-22,-0.00365106226530452
2022-07-25,0.002726170968216004
2022-07-26,0.006490861362370212
2022-07-27,-0.0016622096983443073
2022-07-28,-0.0003794972343692031
2022-07-29,-0.0020053090837109065
2022-08-01,-0.007531418674999653
2022-08-02,0.0038756885779963543
2022-08-03,0.00033285777472726323
2022-08-04,-0.007269150995184291
2022-08-05,0.005903505397361631
2022-08-08,0.0014512899678714108
2022-08-09,0.0009569760294104061
2022-08-10,-0.005569954644693558
2022-08-11,0.004829873838251909
2022-08-12,0.0018470741570039513
2022-08-15,0.004162054673079751
2022-08-16,-0.002727635871163293
2022-08-17,0.0019485005627115615
2022-08-18,0.009346320311285104
2022-08-19,0.00481203631501965
2022-08-22,0.008418271713009434
2022-08-23,0.002661740895855808
2022-08-24,0.003981564684576872
2022-08-25,-0.005900970300942635
2022-08-26,0.00390983664394127
2022-08-29,0.005120057468562319
2022-08-30,-0.009581655036050444
2022-08-31,-0.007389199143847998
2022-09-01,-0.0009816644262931077
2022-09-02,0.0023927725084675324
2022-09-06,0.0020287097301539443
2022-09-07,-6.945936837574572e-05
2022-09-08,0.004126423858004212
2022-09-09,0.0020856749317443735
2022-09-12,-0.00010496587569049825
2022-09-13,0.008691431877689974
2022-09-14,-0.00034711140931824617
2022-09-15,-0.00731661624038451
2022-09-16,-0.0009443502309552147
2022-09-19,0.0003365358415712797
2022-09-20,0.003201837918677051
2022-09-21,0.0056893662984006926
2022-09-22,0.0017245176157699032
2022-09-23,0.002961871028621931
2022-09-26,0.0026139987562172184
2022-09-27,0.0028271743147291594
2022-09-28,-0.003064900641623125
2022-09-29,-0.004517043188555735
2022-09-30,-0.0031102652935279564
2022-10-03,0.0021363158563891733
2022-10-04,-0.0033354631178563153
2022-10-05,0.011676417067297036
2022-10-06,0.00904587010872215
2022-10-07,0.005691325615820689
2022-10-10,0.00021204839206141052
2022-10-11,-0.003271891448874634
2022-10-12,0.0
2022-10-13,-0.0013086300404476772
2022-10-14,-7.999338902877837e-05
2022-10-17,-0.008174316960922363
2022-10-18,-0.003266415877302476
2022-10-19,0.005329444584193675
2022-10-20,0.0006963462284830191
2022-10-21,-0.00607014073426207
2022-10-24,0.0014632284273269544
2022-10-25,-0.006692862634109916
2022-10-26,-0.01177655566874526
2022-10-27,0.005621761288986523
2022-10-28,-0.0029815964808681088
2022-10-31,0.0048966355082081135
2022-11-01,-0.001820677005153757
2022-11-02,-0.004900945084099339
2022-11-03,0.004818368491466453
2022-11-04,0.0012337830673426614
2022-11-07,-0.006859918142807353
2022-11-08,-0.007425375436159466
2022-11-09,-0.004445086627312598
2022-11-10,0.0031704737080122773
2022-11-11,-0.0073387412386618925
2022-11-14,-0.0004637447271148088
2022-11-15,0.0012088860524741801
2022-11-16,-0.005635746643159754
2022-11-17,0.005198558616600055
2022-11-18,0.004318271398798216
2022-11-21,0.005771516402465902
2022-11-22,0.0004445804671452322
2022-11-23,-0.006241596433491818
2022-11-25,-0.00015721028005959817
2022-11-28,-0.0009284885672748659
2022-11-29,0.0005397388213486594
2022-11-30,0.006597139221419271
2022-12-01,-0.010559118191209107
2022-12-02,-0.0015665426385861791
2022-12-05,-0.001700444860975826
2022-12-06,-0.005783727748940108
2022-12-07,-0.003503107823838541
2022-12-08,-0.0037651163145503742
2022-12-09,-0.0013646667974923003
2022-12-12,0.004722993177872312
2022-12-13,-0.004098104383427647
2022-12-14,-0.008573662249491906
2022-12-15,-0.001038588035580653
2022-12-16,-0.00010808570419385444
2022-12-19,-0.0023001154892414253
2022-12-20,-0.0078056235231166084
2022-12-21,0.006838160560766273
2022-12-22,-0.0069678460994077665
2022-12-23,0.0016652421656136918
2022-12-27,-0.0018019896609854217
2022-12-28,8.557863899559493e-05
2022-12-29,0.0007870604383543433
2022-12-30,-0.0030032945042832646
2023-01-03,0.007831218215770198
2023-01-04,0.0017631368217946586
2023-01-05,0.005039204856483624
2023-01-06,-0.002183050930821894
2023-01-09,-0.0007482917807849617
2023-01-10,0.003903557460443681
2023-01-11,0.020668500690157403
2023-01-12,0.012113519983964961
2023-01-13,0.009832545185405338
2023-01-17,0.007111264804899708
2023-01-18,-0.011989094695056924
2023-01-19,-0.004046824406497906
2023-01-20,0.01746619512736278
2023-01-23,0.025202287422394453
2023-01-24,-0.008095020533991694
2023-01-25,-0.001281578924687428
2023-01-26,0.011967632872280004
2023-01-27,-0.012212901309095919
2023-01-30,-0.0031998428801412217
2023-01-31,0.0020086874291511464
2023-02-01,0.008545698190524344
2023-02-02,0.005876777065704732
2023-02-03,-0.030897122443018163
2023-02-06,0.001265221657583698
2023-02-07,0.005474892923922865
2023-02-08,-0.0042680467272644
2023-02-09,-0.0008878555626835609
2023-02-10,0.0035287434017178205
2023-02-13,0.0023234107589358514
2023-02-14,-0.0008260152249230928
2023-02-15,0.0071522130588563635
2023-02-16,-0.004729089098375418
2023-02-17,-0.0017345965719703263
2023-02-21,-0.0053201079427052786
2023-02-22,0.0022196849519189464
2023-02-23,0.0063856564719817575
2023-02-24,0.0031562071270127964
2023-02-27,-0.003331634149623614
2023-02-28,0.000986544078292954
2023-03-01,-0.00477974007887157
2023-03-02,0.0064908767961964105
2023-03-03,-0.00047496901913634095
2023-03-06,-0.0036840911666986805
2023-03-07,-0.022863713802064086
2023-03-08,0.006012998769494306
2023-03-09,-0.007451353616584108
2023-03-10,-0.010470206420692412
2023-03-13,0.002321421569686458
2023-03-14,-0.005852651248690714
2023-03-15,0.016159835408113027
2023-03-16,0.0371244530079229
2023-03-17,0.014616064052942373
2023-03-20,-5.2680462984721135e-05
2023-03-21,-0.013192978346950782
2023-03-22,0.008895227923730958
2023-03-23,0.03364398288554693
2023-03-24,-0.01890869536699924
2023-03-27,-0.05269798541470548
2023-03-28,-0.007968745941870085
2023-03-29,0.03918310090670475
2023-03-30,0.03191471501036864
2023-03-31,0.03110350389014021
2023-04-03,-0.006567520158878861
2023-04-04,-0.017785002846036874
2023-04-05,-0.00868582123930577
2023-04-06,-0.0017206169531891998
2023-04-10,-0.006476154803487094
2023-04-11,-0.0025418852578961214
2023-04-12,-0.026749826890804625
2023-04-13,-0.004040536811894398
2023-04-14,-0.01822421690257302
2023-04-17,-0.018488255474358197
2023-04-18,0.011119225328757296
2023-04-19,-0.0171526574560221
2023-04-20,0.011280650042641165
2023-04-21,-0.019070290847140858
2023-04-24,0.008265972200574193
2023-04-25,-0.018435779325189736
2023-04-26,-0.015467814776959514
2023-04-27,-0.010324208131330689
2023-04-28,0.04815056078705259
2023-05-01,-0.03611613868972197
2023-05-02,0.02832848861773067
2023-05-03,-0.0047510781687806255
2023-05-04,-0.022434174419969477
2023-05-05,0.020040161959263607
2023-05-08,-0.017773759225774795
2023-05-09,-0.02792736430080716
2023-05-10,0.02559333352560248
2023-05-11,0.008865741482488216
2023-05-12,-0.01428435558994562
2023-05-15,0.01680146899432895
2023-05-16,-0.007856698582104695
2023-05-17,0.029485227644367402
2023-05-18,0.03454456307866038
2023-05-19,-0.01885772106880569
2023-05-22,-0.0016875352154584041
2023-05-23,-0.015403949041675833
2023-05-24,-0.031263621154848174
2023-05-25,0.09023556500368037
2023-05-26,0.08265792352118549
2023-05-30,-0.0010206056494281913
2023-05-31,-0.00645421029905531
2023-06-01,0.021020498471040615
2023-06-02,-0.023845221947560634
2023-06-05,-0.018045742454390192
2023-06-06,0.005173957743638595
2023-06-07,6.660025020472081e-05
2023-06-08,-0.005704403524409612
2023-06-09,0.003311865125978951
2023-06-12,0.0067122604608046525
2023-06-13,-0.00020616819717912118
2023-06-14,-0.0014851686435473368
2023-06-15,-0.007199906437691368
2023-06-16,-0.00040614222396584366
2023-06-20,0.0009279968621533912
2023-06-21,-0.009562905954958668
2023-06-22,0.004261469189350544
2023-06-23,0.0014531583256237861
2023-06-26,0.006985577669027354
2023-06-27,0.01583484581241201
2023-06-28,0.003530338675218502
2023-06-29,-0.036699279875237766
2023-06-30,0.03261565233290395
2023-07-03,-0.005335694944743537
2023-07-05,-0.037395532401616124
2023-07-06,-0.03923165567070174
2023-07-07,-0.007840253809748749
2023-07-10,0.0023340264656943905
2023-07-11,-0.002211230258838668
2023-07-12,-0.006169330504540589
2023-07-13,-0.0007955969567819167
2023-07-14,-0.022310840453929576
2023-07-17,0.005503215062957022
2023-07-18,0.001358740572406118
2023-07-19,0.0001532192940126402
2023-07-20,-0.0053354771852173995
2023-07-21,0.004853195559328996
2023-07-24,0.0031912728993290537
2023-07-25,0.0033719915028100397
2023-07-26,-0.006358871500797952
2023-07-27,0.01339988826606899
2023-07-28,0.0045885392659221385
2023-07-31,0.0024986476928674107
2023-08-01,0.004569166190534973
2023-08-02,-0.0079819358822511
2023-08-03,-0.0010937039438513709
2023-08-04,-0.005429988359225202
2023-08-07,0.0033729922957443535
2023-08-08,-0.007328644384799998
2023-08-09,-0.0011642675412392358
2023-08-10,-0.0061123745420259504
2023-08-11,-0.002866473567495224
2023-08-14,0.008451774165594155
2023-08-15,-0.0029268502676325445
2023-08-16,-0.001056466825204383
2023-08-17,-0.002108930103523311
2023-08-18,0.0013544329088993673
2023-08-21,0.003997378017541047
2023-08-22,0.0017342317594085217
2023-08-23,0.00031552045310009056
2023-08-24,-0.00904275509406346
2023-08-25,0.0019893742144317756
2023-08-28,0.0023575259555271757
2023-08-29,0.011613446846620096
2023-08-30,0.0027305512196950355
2023-08-31,0.005889904608824296
2023-09-01,0.011198123974635099
2023-09-05,0.004839963210783335
2023-09-06,-0.0011760524035776482
2023-09-07,-0.008233550634112286
2023-09-08,0.00029647008347879946
2023-09-11,0.005254283215518199
2023-09-12,0.0011636100089766066
2023-09-13,0.0040811709882092135
2023-09-14,0.009264009668235592
2023-09-15,-0.009615001483261939
2023-09-18,0.00021309572915177564
2023-09-19,-0.00118094640558125
2023-09-20,-0.011435463291388765
2023-09-21,-0.010956639191526731
2023-09-22,0.0029606603223966094
2023-09-25,-0.0018298715189120022
2023-09-26,-0.007136008346812204
2023-09-27,0.007707738215081656
2023-09-28,0.00486025807394415
2023-09-29,-0.010203760408308634
2023-10-02,0.006569407989950806
2023-10-03,-0.0045643052620556925
2023-10-04,0.00010859746842323097
2023-10-05,-0.0032315241834662977
2023-10-06,0.0028462719114463833
2023-10-09,0.0022079156588442088
2023-10-10,6.980986296998377e-05
2023-10-11,0.0016748257560730165
2023-10-12,0.008418261688276975
2023-10-13,-0.001379350569464374
2023-10-16,0.00013062370410636508
2023-10-17,0.00017085562216616248
2023-10-18,-0.0019910591901038145
2023-10-19,-0.0060794863667194676
2023-10-20,-0.0016244915393204907
2023-10-23,-0.005360480553232289
2023-10-24,0.0016076558258085903
2023-10-25,-0.0037751545901409814
2023-10-26,-0.0004105299554607077
2023-10-27,0.0023886112258009722
2023-10-30,-0.007074943021680618
2023-10-31,0.003569220960073755
2023-11-01,0.0006603015229860209
2023-11-02,-0.0010662281943583456
2023-11-03,-0.008314966152031634
2023-11-06,0.0017910035026367185
2023-11-07,-0.0029899999794581102
2023-11-08,-2.469400404544336e-05
2023-11-09,0.0005529529265921088
2023-11-10,0.005327893806895913
2023-11-13,0.007681942060892052
2023-11-14,0.015027811763848287
2023-11-15,-0.001720000094531268
2023-11-16,-0.0191407770441197
2023-11-17,0.015045835139959541
2023-11-20,0.01837683417307496
2023-11-21,-0.005424831078514642
2023-11-22,-0.005908614499566693
2023-11-24,-0.004763685907961535
2023-11-27,-0.0064020041773990635
2023-11-28,0.006689567110342651
2023-11-29,0.011040658368225884
2023-11-30,-0.007332928182441591
2023-12-01,-0.001368769744178352
2023-12-04,-0.012071785571277117
2023-12-05,-0.010513071387971326
2023-12-06,-0.02366067148685643
2023-12-07,0.0035101375439298447
2023-12-08,0.005859346214074439
2023-12-11,0.012895678747278781
2023-12-12,0.00021236290506709268
2023-12-13,-0.0013101213700106177
2023-12-14,0.0028790092703855387
2023-12-15,0.007446147238502206
2023-12-18,-0.00145313036461869
2023-12-19,-0.0015702912737903594
2023-12-20,-0.00890780192973908
2023-12-21,0.0050088929217569945
2023-12-22,0.00012497764239826899
2023-12-26,0.01842402008570039
2023-12-27,-0.0023818816736035243
2023-12-28,-0.0076001275105708225
2023-12-29,-0.009462163924612455
2024-01-02,-0.02783600163195613
2024-01-03,-0.002546125031188477
2024-01-04,-0.002092949784843173
2024-01-05,0.0010945945506222134
2024-01-08,0.006133104372064546
2024-01-09,0.002969012887080473
2024-01-10,-0.0024352939598632096
2024-01-11,0.0015620030272076942
2024-01-12,-0.0001152825992923759
2024-01-16,0.011357268106221102
2024-01-17,-0.0029791210513685313
2024-01-18,0.005994760961583297
2024-01-19,0.006422489288187275
2024-01-22,0.0010611124992435128
2024-01-23,0.0035462674134011064
2024-01-24,-2.2821827040356464e-05
2024-01-25,0.002157400429091876
2024-01-26,-0.0055296461230099625
2024-01-29,0.001847418659650925
2024-01-30,-0.003389441212492199
2024-01-31,-0.00018864217135398757
2024-02-01,-0.0041063246022076645
2024-02-02,-0.028657973117073673
2024-02-05,0.0077451048515969935
2024-02-06,-0.005048074543034452
2024-02-07,0.001891993622047173
2024-02-08,0.00434246193192413
2024-02-09,0.0033656359866341082
2024-02-12,0.0006779912392859605
2024-02-13,0.002971088718566493
2024-02-14,0.002558339407929679
2024-02-15,-0.003639543493522952
2024-02-16,-0.0011257617821099747
2024-02-20,-0.004860906002662094
2024-02-21,-0.0015195469765897766
2024-02-22,0.009934710009074452
2024-02-23,-0.0016649223031668236
2024-02-26,0.00029227186302746956
2024-02-27,0.0004758251607813855
2024-02-28,-0.001761936073873202
2024-02-29,0.007634364930115951
2024-03-01,0.008484577544263648
2024-03-04,0.002621970266804126
2024-03-05,-0.0063298105011705946
2024-03-06,0.03403900696548135
2024-03-07,0.03030103428015221
2024-03-08,-0.0430087918241156
2024-03-11,-0.016154399933218495
2024-03-12,0.0010084710805558748
2024-03-13,-0.032600155179216384
2024-03-14,-0.05022310396855237
2024-03-15,0.00047743702106804525
2024-03-18,-0.00910340675107042
2024-03-19,0.00044966484517279266
2024-03-20,0.010398689607035352
2024-03-21,0.019921492739968866
2024-03-22,0.02151243918782292
2024-03-25,-0.013547254635681669
2024-03-26,0.002077197967665722
2024-03-27,0.027284108914818445
2024-03-28,-0.001766768690568517
2024-04-01,-0.03416477724244299
2024-04-02,-0.022792138610138336
2024-04-03,0.0002967482050221875
2024-04-04,-0.007559052238089621
2024-04-05,-0.02374534066255942
2024-04-08,0.0016187596830068698
2024-04-09,0.02841923738257129
2024-04-10,-0.061189598730949465
2024-04-11,0.014651879904789061
2024-04-12,-0.028381898547258647
2024-04-15,-0.0447175568860838
2024-04-16,-0.0053849234830743485
2024-04-17,-0.01370255616899552
2024-04-18,-0.03165663710334102
2024-04-19,-0.0336473536863099
2024-04-22,0.008969975400530655
2024-04-23,0.02069527808642286
2024-04-24,0.00012971960428112723
2024-04-25,0.005584624915705541
2024-04-26,0.033628468271229305
2024-04-29,0.023216262502108488
2024-04-30,-0.03845682184307415
2024-05-01,-0.024314155220129984
2024-05-02,0.027548672233804004
2024-05-03,0.044157834007754276
2024-05-06,0.028992792678196218
2024-05-07,0.0032543331286381677
2024-05-08,-0.011367099928831762
2024-05-09,0.003814900688728102
2024-05-10,-0.005482005364296064
2024-05-13,0.006710632004734634
2024-05-14,0.02434810545556334
2024-05-15,0.05428053635358414
2024-05-16,-0.00738945636762226
2024-05-17,-0.020213474431915738
2024-05-20,0.010662001743411769
2024-05-21,-0.00435192100586213
2024-05-22,-0.009059444407203309
2024-05-23,0.0011778209128267244
2024-05-24,0.0006323665341307991
2024-05-28,0.002240147325680169
2024-05-29,-0.017554888755277137
2024-05-30,-0.00418948646730083
2024-05-31,-0.002484816917852445
2024-06-03,-0.004902380906156547
2024-06-04,-0.0009889471025506219
2024-06-05,0.009040740758087758
2024-06-06,-0.0026231195674372796
2024-06-07,-0.013925798647081118
2024-06-10,0.018953654976429965
2024-06-11,-0.0003474910648522952
2024-06-12,0.01780271393639257
2024-06-13,0.007624465148481903
2024-06-14,-0.005563272507908393
2024-06-17,0.01109075816499849
2024-06-18,0.00263170599545321
2024-06-20,-0.0021613449340453076
2024-06-21,0.0001525704252089092
2024-06-24,-0.00893915801983148
2024-06-25,0.003574392452947179
2024-06-26,0.003912048238286679
2024-06-27,-0.002411921672567577
2024-06-28,0.0017977755353340476
2024-07-01,0.0003213299621731712
2024-07-02,0.001304784752226087
2024-07-03,-0.0006021198855670953
2024-07-05,0.00423148705685347
2024-07-08,-0.0037279408434861203
2024-07-09,-0.005960699489734887
2024-07-10,0.0039711201180375934
2024-07-11,-0.010418809018213643
2024-07-12,0.0006344151408846262
2024-07-15,-0.005933319362633653
2024-07-16,0.0001347420117289739
2024-07-17,-0.02821592900237956
2024-07-18,-0.0063359356621279315
2024-07-19,-0.021975848100844908
2024-07-22,0.004888039063771821
2024-07-23,-0.0005707043596640021
2024-07-24,-0.007427307876941614
2024-07-25,-0.002909096598379859
2024-07-26,0.0013226057876199837
2024-07-29,0.002565283996611777
2024-07-30,-0.0035978489416410007
2024-07-31,0.0013810675406387687
2024-08-01,-0.005553436703290044
2024-08-02,-0.015053416696173622
2024-08-05,-0.006827307213183236
2024-08-06,-0.0456620439436323
2024-08-07,-0.03833327613071673
2024-08-08,0.029055024745697225
2024-08-09,0.018831312446693668
2024-08-12,0.011301210282592254
2024-08-13,0.04444901827441635
2024-08-14,0.012562380398464128
2024-08-15,0.01704678929761195
2024-08-16,0.0049938150518999075
2024-08-19,0.023405738517129362
2024-08-20,0.007149521336781345
2024-08-21,0.011454232321582986
2024-08-22,-0.050353228446779204
2024-08-23,0.034154155208525466
2024-08-26,-0.02676394845597677
2024-08-27,0.00410033024731129
2024-08-28,-0.016210403802177878
2024-08-29,-0.011207070905686494
2024-08-30,-0.003444539001988621
2024-09-03,-0.03117335383128244
2024-09-04,0.030473937364495447
2024-09-05,0.008755507243476858
2024-09-06,-0.028408611987251278
2024-09-09,0.020452673985781353
2024-09-10,0.023139529212325666
2024-09-11,0.02623910650336893
2024-09-12,-0.013659165068538636
2024-09-13,0.017066343586535967
2024-09-16,0.010771027261820422
2024-09-17,-0.010977207427902197
2024-09-18,-0.034867668390586644
2024-09-19,0.021060823880029347
2024-09-20,-0.02000916947815172
2024-09-23,-0.00335828270220619
2024-09-24,0.009344497920888761
2024-09-25,-0.014853313955912115
2024-09-26,0.03324452466858285
2024-09-27,-0.004013942101577392
2024-09-30,-0.016506483619596727
2024-10-01,-0.0061225658753694435
2024-10-02,-0.010222692353210982
2024-10-03,-0.01903566441154919
2024-10-04,-0.01793917978707915
2024-10-07,-0.017602931328461528
2024-10-08,0.011216155740900804
2024-10-09,-0.003626541313786577
2024-10-10,-0.015390244055465813
2024-10-11,-0.001320636862126529
2024-10-14,0.017562994306965986
2024-10-15,-0.02363623172737099
2024-10-16,0.0071195337121467495
2024-10-17,-0.027620867595320953
2024-10-18,0.0016180223584051933
2024-10-21,-0.039276207143241766
2024-10-22,-0.0016111993474810346
2024-10-23,-0.013109554722790866
2024-10-24,0.016866619048340213
2024-10-25,-0.004553991970568836
2024-10-28,-0.004852309630409107
2024-10-29,0.024316785441607872
2024-10-30,-0.02671099843585466
2024-10-31,-0.030307562480035726
2024-11-01,-0.02454781954538117
2024-11-04,0.027847808170066265
2024-11-05,0.020484147043791222
2024-11-06,-0.03491422383422494
2024-11-07,-0.003332316166594857
2024-11-08,0.01716926739339063
2024-11-11,-0.03335919674678792
2024-11-12,-0.041940000910171325
2024-11-13,0.00044788465041267333
2024-11-14,0.00349505794999015
2024-11-15,-0.008075995998965219
2024-11-18,-0.0022000528780768947
2024-11-19,0.00013088463628317795
2024-11-20,0.002914441352743829
2024-11-21,0.006414654546137823
2024-11-22,0.0049373442980572575
2024-11-25,-0.00441167790644018
2024-11-26,-0.021006347545152227
2024-11-27,-0.0014290354709949743
2024-11-29,0.02954043446454827
2024-12-02,0.03328375549166103
2024-12-03,-0.001977841906444956
2024-12-04,0.0038023581359712547
2024-12-05,-0.011014435780989906
2024-12-06,0.0041655059038258535
2024-12-09,-0.020476787959407605
2024-12-10,-0.03735430318564005
2024-12-11,0.00951571884061712
2024-12-12,0.0009783843564854884
2024-12-13,0.007227784186472449
2024-12-16,0.004044932320326905
2024-12-17,-0.003351077069726961
2024-12-18,0.00028629512029070166
2024-12-19,-0.0028783030098552664
2024-12-20,-0.0014177444509632566
2024-12-23,0.010662258455064477
2024-12-24,0.00521983532156498
2024-12-26,-0.0015783346431353811
2024-12-27,-0.0042244079312502205
2024-12-30,-0.004431726051918709
2024-12-31,0.0021174852458568896
2025-01-02,0.00889114958395857
2025-01-03,0.0037483317000843058
2025-01-06,0.0022131908812054847
2025-01-07,-0.0006658938608513805
2025-01-08,0.0004511720808050958
2025-01-10,-0.0013276291982826111
2025-01-13,0.0032354079028484683
2025-01-14,-0.005252943889041826
2025-01-15,0.00511743949038204
2025-01-16,-0.0007251733414500902
2025-01-17,0.006795185937681648
2025-01-21,-0.009056982160209687
2025-01-22,0.004951495525318392
2025-01-23,-0.0008427333905916827
2025-01-24,-0.01089579238458838
2025-01-27,-0.017350999468039488
2025-01-28,0.0046039265328134335
2025-01-29,0.002656128733389762
2025-01-30,0.0034918160420751914
2025-01-31,0.003515276119176787
2025-02-03,0.0008401589791031208
2025-02-04,-0.007063283846547214
2025-02-05,0.0018278737412343467
2025-02-06,-0.0006612903066595551
2025-02-07,-0.005148135924470417
2025-02-10,0.005448756574309183
2025-02-11,-0.0030224722490218045
2025-02-12,0.0009899183027969015
2025-02-13,-0.005217714341176028
2025-02-14,-0.0023346016712619453
2025-02-18,0.017957441517457047
2025-02-19,0.011801006949539738
2025-02-20,0.0018892850002920343
2025-02-21,-0.024168702650568082
2025-02-24,-0.006393409472442915
2025-02-25,-0.0063613531806414785
2025-02-26,-0.005873535510155645
2025-02-27,-0.0023376096879466077
2025-02-28,0.011237745345993914
2025-03-03,-0.01669416348782243
2025-03-04,-0.013582755829012704
2025-03-05,-0.005095281994286148
2025-03-06,-0.0024848618878559867
2025-03-07,0.0017274013154707762
2025-03-10,-0.02221024518588212
2025-03-11,-0.0012450811384805073
2025-03-12,0.0014966307787653182
2025-03-13,0.0006882119953571075
2025-03-14,0.0015240832655872435
2025-03-17,0.0003635232632848008
2025-03-18,-0.0013254436202019201
2025-03-19,0.004015827416780162
2025-03-20,0.002415752007212174
2025-03-21,-0.000427311780083703
2025-03-24,0.002491837524717249
2025-03-25,-9.71481841475243e-05
2025-03-26,0.002212829373923368
2025-03-27,-0.0008270870143147692
2025-03-28,-0.002457436861190935
2025-03-31,0.007588780788062086
2025-04-01,0.000742291310845913
2025-04-02,0.0011034115264141934
2025-04-03,-0.02914685161963477
2025-04-04,-0.003611974117057864
2025-04-07,-0.015246331424371273
2025-04-08,-0.014424725773202668
2025-04-09,0.004573264243183089
2025-04-10,-0.025797129051763488
2025-04-11,-0.001955065432212839
2025-04-14,-0.002132988263853953
2025-04-15,0.004485901524840498
2025-04-16,-0.0039258911714212755
2025-04-17,0.003691788195962194
2025-04-21,-0.009184786647994431
2025-04-22,0.0052922795845771475
2025-04-23,0.004047954246166295
2025-04-24,-0.0003102429157971118
2025-04-25,0.006883121777689957
2025-04-28,0.0025618794921984174
2025-04-29,-0.0010399971639765146
2025-04-30,-0.018919081887282096
2025-05-01,0.0013151602275125475
2025-05-02,-0.006699874629091784
2025-05-05,-0.006909947463545266
2025-05-06,-0.0073216912952220325
2025-05-07,-0.00705186250077073
2025-05-08,-0.021322693477931923
2025-05-09,-0.0011283505063656315
2025-05-12,0.024296308544558665
2025-05-13,0.023675959789639
2025-05-14,-0.0028811876310660223
2025-05-15,-0.005006480203809692
2025-05-16,0.0007744749644009665
2025-05-19,-0.000477781311192535
2025-05-20,0.007885409955109246
2025-05-21,-0.011235653805026969
2025-05-22,-0.004193016529587817
2025-05-23,-0.0010793897320142565
2025-05-27,0.008553432768746667
2025-05-28,-0.0047942588856045906
2025-05-29,-0.003260314649543427
2025-05-30,-0.014662370767359342
2025-06-02,0.024178203971819676
2025-06-03,0.009187947780986526
2025-06-04,-0.003220056281738526
2025-06-05,1.9863734473006024e-05
2025-06-06,0.013022060399334205
2025-06-09,0.001272319389469482
2025-06-10,0.002343829343671437
2025-06-11,0.010193453873580519
2025-06-12,0.0026830952278198332
2025-06-13,0.015279983284139967
2025-06-16,0.004817560267732063
2025-06-17,0.010237841738316447
2025-06-18,0.0018578909459076014
2025-06-20,0.0020837866218308297
2025-06-23,-0.022303816693770545
2025-06-24,-0.0024616378934294997
2025-06-25,0.004633533238151785
2025-06-26,0.008450785767145228
2025-06-27,-0.004694510671747677
2025-06-30,0.0003551039256124353
2025-07-01,0.0006584218106346616
2025-07-02,0.01503623379794887
2025-07-03,0.009790015061340505
2025-07-07,-0.01426591808094124
2025-07-08,0.01563438035488285
2025-07-09,0.001248979282591705
2025-07-10,0.00430838461602453
2025-07-11,0.009009896470189627
2025-07-14,-0.01356764831219868
2025-07-15,0.0059823718035721075
2025-07-16,-0.0014579858611467867
2025-07-17,0.00390940217574801
2025-07-18,0.0020125651739490245
2025-07-21,0.019599679680589
2025-07-22,-0.002568110651445665
2025-07-23,-0.01774176064240351
2025-07-24,-0.00037719079595231373
2025-07-25,-0.00858862836940833
2025-07-28,0.010321028672633615
2025-07-29,0.011583716776695568
2025-07-30,0.0021500499839422127
2025-07-31,-0.02463562402160785
2025-08-01,-0.019514436242318023
2025-08-04,0.018546816472994006
2025-08-05,-0.0019729105825959797
2025-08-06,-0.01910737527507482
2025-08-07,0.014989403090509033
2025-08-08,0.0028632861562563894
2025-08-11,-0.00043096641676112894
2025-08-12,0.030559296862743113
2025-08-13,0.03233942199657417
2025-08-14,-0.014608147699890928
2025-08-15,-0.03807709496716081
2025-08-18,-0.003776381423656757
2025-08-19,-0.00457114132009975
2025-08-20,-0.0018456943011733937
2025-08-21,-0.01557605059711932
2025-08-22,0.0403374941223663
2025-08-25,-0.00695998987903999
2025-08-26,0.0055112614573642835
2025-08-27,0.001922209713861587
2025-08-28,0.00715910511431353
2025-08-29,-0.01052376339892046
2025-09-02,0.010483711445702103
2025-09-03,-0.009404561733638406
2025-09-04,-0.0028031312666582453
2025-09-05,-0.0033105579889613334
2025-09-08,0.008952061190096049
2025-09-09,-0.009872032833107754
2025-09-10,0.012887022264826013
2025-09-11,-0.003711979223753807
2025-09-12,-0.006220411359004815
2025-09-15,0.011279514280194705
2025-09-16,0.011110293757982316
2025-09-17,-0.008922765227123595
2025-09-18,0.012919160092278304
2025-09-19,-0.0098325576660044
2025-09-22,0.007344625821678004
2025-09-23,0.007872629317767034
2025-09-24,-0.008458251431619702
2025-09-25,0.003952883251840463
2025-09-26,0.0012545396092433219
2025-09-29,-0.006846979270368556
2025-09-30,0.001047908025219796
2025-10-01,0.00921944222739398
2025-10-02,0.006174738855898669
2025-10-03,-0.013038827462265565
2025-10-06,0.025285514901311843
2025-10-07,-0.010483403918225942
2025-10-08,0.02009571293751142
2025-10-09,-0.009912721800863571
2025-10-10,-0.055218473497351796
2025-10-13,0.02978680086060186
2025-10-14,-0.017115281910357463
2025-10-15,0.012026186778146647
2025-10-16,-8.112756250596028e-05
2025-10-17,-0.005628128237062447
2025-10-20,0.017734471776679403
2025-10-21,0.008986367867835411
2025-10-22,-0.011468582283405951
2025-10-23,-0.005644179507968715
2025-10-24,0.005890338407818743
2025-10-27,0.008366385946307092
2025-10-28,-0.00769184069880558
2025-10-29,0.011320834303416483
2025-10-30,-0.005100329619693948
2025-10-31,0.0071978123595281135
2025-11-03,0.008650132648380816
2025-11-04,-0.02173041731526185
2025-11-05,0.008510739203054937
2025-11-06,-0.009377666215980728
2025-11-07,-0.0016178159931185781
2025-11-10,0.018599433355346945
2025-11-11,-0.002935190921022952
2025-11-12,-0.004649487425875498
2025-11-13,-0.04091293479886984
2025-11-14,0.0009090588290932226
2025-11-17,-0.0068803097316117055
2025-11-18,0.00031588677151642586
2025-11-19,-0.004376003318752803
2025-11-20,-0.01824247057387359
2025-11-21,0.010353461738532943
2025-11-24,0.036176008369461055
2025-11-25,0.007145616887659378
2025-11-26,0.026004001272263214
2025-11-28,0.016550287816351948
2025-12-01,0.0024796634950280333
2025-12-02,0.0013596209362473095
2025-12-03,0.010295426111343662
2025-12-04,-0.0006476589528060881
2025-12-05,0.00830603316859385
2025-12-08,-0.008071957647638725
2025-12-09,-0.002373886028511004
2025-12-10,0.009405472950737029
2025-12-11,-0.002576136412355991
2025-12-12,-0.02232121963015629
2025-12-15,-0.000459154305856182
2025-12-16,0.010917956855707836
2025-12-17,-0.020862024757509045
2025-12-18,0.02191298393526154
2025-12-19,0.0005923027350520482
2025-12-22,0.0033183887828770946
2025-12-23,0.011055300482869672
2025-12-24,0.0009027422123995975
2025-12-26,0.0027468592591581185
2025-12-29,-0.009203026732727248
2025-12-30,0.0055392267951060925
2025-12-31,-0.015163187386279023
2026-01-02,0.008283648565248781
2026-01-05,0.02149069688388081
2026-01-06,0.011292367701050559
2026-01-07,-0.012153091192165455
2026-01-08,0.004731875909146314
2026-01-09,0.01124772756485962
2026-01-12,0.012704251016988572
2026-01-13,0.010130776684303103
2026-01-14,-0.0008816160248194305
2026-01-15,-0.0007290419686266179
2026-01-16,0.004810067630818911
2026-01-20,0.005286677389491017
2026-01-21,0.022854963576492162
2026-01-22,0.0001881997569242789
2026-01-23,0.012877637650898732
2026-01-26,0.007812793971657742
2026-01-27,0.013093520088115703
2026-01-28,0.008844274519503127
2026-01-29,0.007917966667888724
2026-01-30,-0.026928852246789967
2026-02-02,-0.020729999015130687
2026-02-03,0.00863522463155773
2026-02-04,-0.005654332781031814
2026-02-05,-0.02675961410409958
2026-02-06,0.03084837428261545
2026-02-09,0.011778447247252936
2026-02-10,-0.006184487541772219
2026-02-11,0.004738490535892796
2026-02-12,-0.033494143940849534
2026-02-13,0.0019758520488177647
2026-02-17,-0.004770652638987338
2026-02-18,0.0213258802051452
2026-02-19,0.0018110541313118471
2026-02-20,0.012788800044088201
2026-02-23,-0.009837887654915011
2026-02-24,0.008336975860517942
2026-02-25,0.011384743419414147
2026-02-26,-0.007009908343949794
2026-02-27,0.0016044611658053076
2026-03-02,-0.0018592651695438257
2026-03-03,-0.00915379490589073
2026-03-04,0.01399260860794745
2026-03-05,0.0014009384997101032
2026-03-06,0.005198021310173148
2026-03-09,0.0021250749428980524
2026-03-10,0.007698884082501044
2026-03-11,0.010202601727959781
2026-03-12,-0.002299859399490581
2026-03-13,0.0055028425528346235
2026-03-16,-0.007056309004685499
2026-03-17,0.0010286932541229694
2026-03-18,0.008031011085620167
2026-03-19,-0.010514155490358182
2026-03-20,0.0036000088100028504
2026-03-23,-0.010331128844185461
2026-03-24,0.0055395504770995255
2026-03-25,0.0011224232888449326
2026-03-26,0.004869249570739939
2026-03-27,0.00461924886542713
2026-03-30,0.005105252415880514
2026-03-31,-0.007709738728140243
2026-04-01,-0.0030267237161977064
2026-04-02,0.007600175453776168
2026-04-06,-6.15064038685687e-05
2026-04-07,-0.003015949569102788
2026-04-08,-0.011170368541435207
2026-04-09,-0.0006711726352126037
2026-04-10,-0.00599700433023922
2026-04-13,0.0019002726366881184
2026-04-14,0.008514527199437672
2026-04-15,0.008618119200427894
2026-04-16,0.007576373012826751
2026-04-17,-0.007477792546093924
2026-04-20,0.006856180907817778
2026-04-21,0.005974834815687844
2026-04-22,0.016609271738981198
2026-04-23,0.004560444373037764
2026-04-24,0.006754089643609271
2026-04-27,0.006716949703703432
2026-04-28,0.0006292707367815094
2026-04-29,0.016282404163882488
2026-04-30,0.009506175691066923
2026-05-01,-0.0034584327368733132
2026-05-04,0.007635744911796121
2026-05-05,0.004738702587734071
2026-05-06,-0.007619164970598528
2026-05-07,-0.002359686227160319
2026-05-08,0.009177207417147507
2026-05-11,0.018509639710434476
2026-05-12,0.011930770290890487
2026-05-13,0.0016247323768458647
2026-05-14,0.0064277090084353524
2026-05-15,-0.016139265456569046
2026-05-18,0.0022025600856376082
2026-05-19,-0.0045638585416721104
2026-05-20,0.0003447444052996438
2026-05-21,-0.0008205998664402277
2026-05-22,0.0019327943911873527
2026-05-26,-0.00022452973985689385
2026-05-27,-0.009684164003809422
2026-05-28,0.011706991339821424
2026-05-29,-0.0011106079374892139
2026-06-01,0.012616788512690873
2026-06-02,0.0041098545651463755
2026-06-03,-0.00690126188691367
2026-06-04,-0.002149222289381852
2026-06-05,-0.04878320428609294
2026-06-08,0.00798108134293211
2026-06-09,-0.01219151027725022
2026-06-10,-0.014699489488558828
2026-06-11,0.010114455540577428
2026-06-12,-0.0011736018941695845
2026-06-15,0.011723249931290187
2026-06-16,-0.013080938296589479
2026-06-17,-0.015147818951517584
2026-06-18,0.005684128231436374
2026-06-22,-0.008443989078021316
2026-06-23,-0.01931929322421578
2026-06-24,-0.01890565119045532
2026-06-25,0.013307755219794364
2026-06-26,-0.015044055470903615
2026-06-29,0.013125834352237338
2026-06-30,0.008734649575516671
2026-07-01,-0.0064713935120232925
2026-07-02,0.002047633354109423
2026-07-06,0.018873077153677045
2026-07-07,0.005095914314858821
2026-07-08,0.00928623081811377
2026-07-09,0.0010150926554364382
2026-07-10,0.001793870638724767
2026-07-13,0.01472675109101004
2026-07-14,0.010661876548919138
2026-07-15,0.0070442759371561305
2026-07-16,-0.012546670813449406
2026-07-17,0.00486486377514209
2026-07-20,0.002031845214975963
2026-07-21,0.01831563760265702
2026-07-22,0.004703614437754912
2026-07-23,-0.0032989715499492974
2026-07-24,-0.004183280186310087
2026-07-27,-0.023417678828406185
2026-07-28,-0.006668613728810564
2026-07-29,0.001857268724873802
2026-07-30,-0.008806825778213722
2026-07-31,0.010616247320755844
2026-08-03,0.006109079991010086
2026-08-04,0.011218849498749083
2026-08-05,0.0007818515360758908
2026-08-06,0.005183388295067173
2026-08-07,0.008468753758324002
2026-08-10,0.019638257721180042
2026-08-11,-0.003721212162092611
2026-08-12,0.005986935240916437
2026-08-13,0.002367750847027529
2026-08-14,0.001291319627800231
2026-08-17,0.004484984666437058
2026-08-18,-0.010304682479036001
2026-08-19,0.00802826433971833
2026-08-20,-0.00403654954902873
2026-08-21,0.007262847812585731
2026-08-24,-0.009595848010614699
2026-08-25,-0.005972416872103144
2026-08-26,0.001424534862824103
2026-08-27,0.01504836419284616
2026-08-28,-0.004409169638657516
2026-08-31,0.0055081194139509375
2026-09-01,0.0033627145352017607
2026-09-02,0.005409461299914078
2026-09-03,0.01299362875421906
2026-09-04,-0.006051732283509663
2026-09-08,0.0023482928861028127
2026-09-09,0.002680227351901562
2026-09-10,0.007003943856223578
2026-09-11,0.0009258982336445513
2026-09-14,-0.005572762378426757
2026-09-15,0.004356345377742729
