date,returns
2009-01-02,0.0
2009-01-05,0.004130492101310093
2009-01-06,-0.014808389353345861
2009-01-07,-0.010021206521166011
2009-01-08,-0.013074588600187113
2009-01-09,-0.017093684656388858
2009-01-12,0.0004348861592575211
2009-01-13,0.006083952561995706
2009-01-14,-0.02203016815544565
2009-01-15,0.004417265666365739
2009-01-16,0.009233911560352876
2009-01-20,-0.011764027747357752
2009-01-21,0.004849953667209632
2009-01-22,-0.0008773816563579052
2009-01-23,-0.009662514043231138
2009-01-26,0.006652244489704684
2009-01-27,0.005286315578949282
2009-01-28,0.010079258040275867
2009-01-29,-0.008677252777868716
2009-01-30,-0.030634470660690652
2009-02-02,-0.00857728230992796
2009-02-03,0.021857654481425074
2009-02-04,-0.027183762282441473
2009-02-05,0.014200569642515247
2009-02-06,0.017163563153262177
2009-02-09,-0.00976916628815994
2009-02-10,-0.032286683852659565
2009-02-11,0.00556038722394758
2009-02-12,0.009216800477475003
2009-02-13,-0.015525437564017764
2009-02-17,-0.014378408957791067
2009-02-18,0.005176618122555184
2009-02-19,0.012640073759118051
2009-02-20,-0.015255602359559745
2009-02-23,-0.025822673631280085
2009-02-24,0.01927792733020942
2009-02-25,-0.009456622475471936
2009-02-26,-0.021957055765815713
2009-02-27,-0.0063442670744707115
2009-03-02,-0.01915583413611653
2009-03-03,-0.00943388630395612
2009-03-04,0.02637368385153467
2009-03-05,-0.02287489353542343
2009-03-06,0.003053772892716448
2009-03-09,-0.015220425435893685
2009-03-10,0.057488587998984826
2009-03-11,-0.0010114856788895578
2009-03-12,0.025822860140229296
2009-03-13,0.014807155571859389
2009-03-16,0.015564397316571556
2009-03-17,0.018678707091126148
2009-03-18,-0.005172037547049295
2009-03-19,-0.012759764380926429
2009-03-20,-0.009486227722986138
2009-03-23,0.043752284881733924
2009-03-24,-0.00465701455062127
2009-03-25,0.009826920795466855
2009-03-26,0.011121203115778548
2009-03-27,-0.009624188658514252
2009-03-30,-0.021749202647310114
2009-03-31,-0.0018921733488021111
2009-04-01,0.017061481322609266
2009-04-02,0.02096924846472037
2009-04-03,-0.004107560293653703
2009-04-06,0.0027494574685514184
2009-04-07,-0.018281370381386775
2009-04-08,0.00837993226634208
2009-04-09,0.000462464336245994
2009-04-13,-0.0027694764290010195
2009-04-14,-0.013882721498272107
2009-04-15,0.017832610211042797
2009-04-16,0.013369970609244112
2009-04-17,0.00500489582118781
2009-04-20,-0.01946635518280618
2009-04-21,0.010156757245027218
2009-04-22,-0.013253528225277443
2009-04-23,0.0
2009-04-24,-0.004168793964147947
2009-04-27,0.006046379812598043
2009-04-28,0.004623130103550102
2009-04-29,0.016567537990597472
2009-04-30,-0.004074364692544833
2009-05-01,0.004091033053172713
2009-05-04,0.01539129744144396
2009-05-05,-0.008470707174536428
2009-05-06,0.006294703907365705
2009-05-07,0.004021365651287688
2009-05-08,0.012906410029213332
2009-05-11,-0.004832903321148776
2009-05-12,0.011920620132068167
2009-05-13,-0.01832498204713373
2009-05-14,0.0035559439091541077
2009-05-15,-0.009300930459170895
2009-05-18,0.02101043520608776
2009-05-19,0.005691645568126946
2009-05-20,0.0013066025886647227
2009-05-21,-0.009130755412838944
2009-05-22,0.00614319573006617
2009-05-26,0.012647022985877315
2009-05-27,-0.025408881778175362
2009-05-28,0.01060478825230002
2009-05-29,0.010931971909316586
2009-06-01,0.0242079966173411
2009-06-02,0.000844022676009982
2009-06-03,-0.012651309985742853
2009-06-04,0.00939683893482111
2009-06-05,0.00021156886296659416
2009-06-08,-0.004124665109764057
2009-06-09,0.005097272874428034
2009-06-10,-0.0025355462150023064
2009-06-11,0.004448953933364949
2009-06-12,0.0027420934512123888
2009-06-15,-0.022928375161810188
2009-06-16,-0.013562707982703101
2009-06-17,-0.000981573346193762
2009-06-18,0.007318541818411325
2009-06-19,0.0036851803997579114
2009-06-22,-0.02998699518612676
2009-06-23,0.0007842111384419651
2009-06-24,0.008617593256457518
2009-06-25,0.021749339352186054
2009-06-26,-0.002606914760734312
2009-06-29,0.009364085158379864
2009-06-30,-0.008090520918092368
2009-07-01,0.004133142817704533
2009-07-02,-0.027293610153465167
2009-07-06,-0.00011158307215632327
2009-07-07,-0.019376579903836476
2009-07-08,-0.0006810401044802281
2009-07-09,0.001931810989570503
2009-07-10,-0.002382133528869925
2009-07-13,0.024330052314808767
2009-07-14,0.005660239044044431
2009-07-15,0.029245941811803535
2009-07-16,-0.0016087205709426123
2009-07-17,0.010954858449201564
2009-07-20,0.010623775630645076
2009-07-21,0.004625187941450198
2009-07-22,-0.0002092826836019543
2009-07-23,0.02208242804862312
2009-07-24,0.0040958664695375895
2009-07-27,0.0029571209023262226
2009-07-28,-0.004676706812724676
2009-07-29,-0.0024514490411640384
2009-07-30,0.010445640221651804
2009-07-31,0.0014185319872667868
2009-08-03,0.016496621090680497
2009-08-04,0.002588138964200194
2009-08-05,-0.002880314734294898
2009-08-06,-0.005177932466546964
2009-08-07,0.013114240657721604
2009-08-10,-0.0020749105838648823
2009-08-11,-0.012476476354161391
2009-08-12,0.01072854159328891
2009-08-13,0.007639122041188199
2009-08-14,-0.007679668163644427
2009-08-17,-0.024605590424163302
2009-08-18,0.00793443609712979
2009-08-19,0.008779248664897255
2009-08-20,0.010304819628113446
2009-08-21,0.019605788902969306
2009-08-24,-9.732228980044306e-05
2009-08-25,0.00194241217467512
2009-08-26,9.69423616443833e-05
2009-08-27,0.0022290568101428405
2009-08-28,-0.0001927339018633013
2009-08-31,-0.008899413465273521
2009-09-01,-0.022057740321125344
2009-09-02,-0.0037919101852168504
2009-09-03,0.008315130103913458
2009-09-04,0.01400840156437248
2009-09-08,0.008622569719519234
2009-09-09,0.00767410859526914
2009-09-10,0.010219125402630128
2009-09-11,-0.00019116520378358913
2009-09-14,0.004867986798679868
2009-09-15,0.004179669235303922
2009-09-16,0.015133808657878941
2009-09-17,-0.0014905682873590318
2009-09-18,0.0006380020450071606
2009-09-21,-0.002530106197649896
2009-09-22,0.005823861134077636
2009-09-23,-0.008312169668072317
2009-09-24,-0.01101894237638393
2009-09-25,-0.00533267214177496
2009-09-28,0.017902900086728762
2009-09-29,-0.00300925297804792
2009-09-30,-0.003868372870825099
2009-10-01,-0.024812668161008338
2009-10-02,-0.004661631700176241
2009-10-05,0.014928134001345515
2009-10-06,0.014324336424840248
2009-10-07,0.002748180729161428
2009-10-08,0.007656229016267527
2009-10-09,0.006096846734527961
2009-10-12,0.003915823060589783
2009-10-13,-0.0020428987690554136
2009-10-14,0.017215613501950142
2009-10-15,0.0036590506432441178
2009-10-16,-0.007474087504009024
2009-10-19,0.008265305813476414
2009-10-20,-0.005282938903050427
2009-10-21,-0.008973681258502307
2009-10-22,0.010163254480535145
2009-10-23,-0.011432883946247708
2009-10-26,-0.01082542546434073
2009-10-27,-0.004583416778285333
2009-10-28,-0.01888697961687533
2009-10-29,0.021453561460542288
2009-10-30,-0.028973222342319502
2009-11-02,0.007338694673250442
2009-11-03,0.003163639606820171
2009-11-04,0.0025798576357307576
2009-11-05,0.018394740628098004
2009-11-06,0.0026206626283306967
2009-11-09,0.022776150509908433
2009-11-10,0.00018252312406240618
2009-11-11,0.005110090906441298
2009-11-12,-0.010167940656440699
2009-11-13,0.005411051987925375
2009-11-16,0.014504959056764093
2009-11-17,0.0011685801746245867
2009-11-18,-0.0006280739137592607
2009-11-19,-0.013031811606455475
2009-11-20,-0.0035511456924837304
2009-11-23,0.012702009155344262
2009-11-24,0.001534086566738437
2009-11-25,0.0035137112718929275
2009-11-27,-0.01625051249147081
2009-11-30,0.0033771949910238307
2009-12-01,0.012369797219035512
2009-12-02,-0.00044926154196225926
2009-12-03,-0.007820090137198886
2009-12-04,0.00570780113138556
2009-12-07,-0.0015317389622767862
2009-12-08,-0.011096975271079987
2009-12-09,0.0037407819968697563
2009-12-10,0.005635260342697027
2009-12-11,0.004247671705600553
2009-12-14,0.006840212060205513
2009-12-15,-0.004647850106834055
2009-12-16,0.0015263214339482202
2009-12-17,-0.012015587529532894
2009-12-18,0.005657469748135148
2009-12-21,0.010162199619098842
2009-12-22,0.0035931219510174435
2009-12-23,0.0019689445004571517
2009-12-24,0.00473436146584773
2009-12-28,0.002133666974292037
2009-12-29,-0.0014195979248449548
2009-12-30,-0.00035535848824690266
2009-12-31,-0.00959818102528997
2010-01-04,0.01696010388091216
2010-01-05,0.0026466724794351163
2010-01-06,0.0007041147103605605
2010-01-07,0.004221535436608517
2010-01-08,0.0033275807957205356
2010-01-11,0.001396675279527374
2010-01-12,-0.009326736352413842
2010-01-13,0.0084467874481532
2010-01-14,0.002704508566348485
2010-01-15,-0.011224183615281418
2010-01-19,0.012495377034251475
2010-01-20,-0.010168681146121862
2010-01-21,-0.019228921092063637
2010-01-22,-0.022292042835542637
2010-01-25,0.0051278148483853495
2010-01-26,-0.004190164629281857
2010-01-27,0.004757009883787539
2010-01-28,-0.011472354907341149
2010-01-29,-0.010868566903075295
2010-02-01,0.015550820494399934
2010-02-02,0.01210326338937608
2010-02-03,-0.00498256450594296
2010-02-04,-0.03086612883043621
2010-02-05,0.0020668000243402145
2010-02-08,-0.007218976187525042
2010-02-09,0.012559959227434997
2010-02-10,-0.001958476662633422
2010-02-11,0.01046628032557462
2010-02-12,-0.0008319583463534151
2010-02-16,0.01573452526320093
2010-02-17,0.0047386522437016885
2010-02-18,0.00589533267960795
2010-02-19,0.002073685602392177
2010-02-22,0.00017953438904226102
2010-02-23,-0.012144561287311695
2010-02-24,0.009197720042803795
2010-02-25,-0.001353679399187552
2010-02-26,0.0006325671809774612
2010-03-01,0.010384812289532065
2010-03-02,0.00277058800415721
2010-03-03,0.0008912922989349431
2010-03-04,0.003027585744940685
2010-03-05,0.014293497218927127
2010-03-08,0.00017473699525743342
2010-03-09,0.001663119473663583
2010-03-10,0.004455407646833666
2010-03-11,0.004175270064383306
2010-03-12,8.62828394084619e-05
2010-03-15,0.0002598025536096844
2010-03-16,0.007966332939190314
2010-03-17,0.005927220907497692
2010-03-18,-0.0005123279010589277
2010-03-19,-0.005061984574650569
2010-03-22,0.005346217929469034
2010-03-23,0.0070333078037729535
2010-03-24,-0.004854958442511946
2010-03-25,-0.001625807039975094
2010-03-26,-0.0006004773195350417
2010-03-29,0.006347890080331784
2010-03-30,0.0006818684413225151
2010-03-31,-0.0034071060037605006
2010-04-01,0.006837508122495918
2010-04-05,0.008149427543003046
2010-04-06,0.002357602177728983
2010-04-07,-0.005712052600749283
2010-04-08,0.0034639770019038035
2010-04-09,0.006567180750087845
2010-04-12,0.0015895498643047408
2010-04-13,0.0007508524975882199
2010-04-14,0.011349816073120016
2010-04-15,0.0008250756291254308
2010-04-16,-0.01591216995151407
2010-04-19,0.0037702349137160723
2010-04-20,0.008930854749535175
2010-04-21,-0.0018203783077101296
2010-04-22,0.002983641190945931
2010-04-23,0.0065280725420106675
2010-04-26,-0.0037762642407994564
2010-04-27,-0.023650807561677957
2010-04-28,0.007596131813302965
2010-04-29,0.012397236148253528
2010-04-30,-0.016961377339639733
2010-05-03,0.012961826323193058
2010-05-04,-0.023514721548823662
2010-05-05,-0.005956672649277666
2010-05-06,-0.033213307759096845
2010-05-07,-0.014875194044897865
2010-05-10,0.04404101848862866
2010-05-11,-0.0028410813242505423
2010-05-12,0.013985766896248489
2010-05-13,-0.012430461282256675
2010-05-14,-0.01810494771778931
2010-05-17,0.0005267583000278345
2010-05-18,-0.013602430375175464
2010-05-19,-0.005693814005465807
2010-05-20,-0.03775984637251596
2010-05-21,0.007507462196419744
2010-05-24,-0.007137450709217083
2010-05-25,-0.011729142292183012
2010-05-26,-0.006508614211640372
2010-05-27,0.034123194709815695
2010-05-28,-0.012549686034390993
2010-06-01,-0.002276801607653704
2010-06-02,0.017116677553266037
2010-06-03,0.0034442148116223007
2010-06-04,-0.03513676240128483
2010-06-07,-0.007672065218719044
2010-06-08,0.016235278607081363
2010-06-09,-0.0019021926780921244
2010-06-10,0.017149979351654427
2010-06-11,-0.008243073372976239
2010-06-14,0.005666760737893202
2010-06-15,0.01014302851961625
2010-06-16,-0.00035694641229215183
2010-06-17,0.0016073337885865627
2010-06-18,0.0010845198264804684
2010-06-21,-0.0028639181138161297
2010-06-22,-0.01651566964503072
2010-06-23,0.006464196812338523
2010-06-24,-0.012089033587309724
2010-06-25,-0.010325332614949754
2010-06-28,0.008500794062837437
2010-06-29,-0.01609213803360153
2010-06-30,-0.015444212996652598
2010-07-01,-0.003921792806370214
2010-07-02,-0.001475926456891875
2010-07-06,0.009857227303871726
2010-07-07,0.03221050779815011
2010-07-08,0.01494803034026904
2010-07-09,0.0
2010-07-12,0.003399110093783523
2010-07-13,0.009032734780316225
2010-07-14,0.000373091227804103
2010-07-15,0.0029825148825509437
2010-07-16,-0.014126301189798912
2010-07-19,0.0018855211652034991
2010-07-20,0.012043980017413974
2010-07-21,-0.010784705454682918
2010-07-22,0.011277653407369028
2010-07-23,0.009293879375431094
2010-07-26,0.0051568866383947245
2010-07-27,-8.941472598620482e-05
2010-07-28,-0.006455009215912983
2010-07-29,-0.004872114554358429
2010-07-30,0.002601384542724584
2010-08-02,0.011490213056873104
2010-08-03,-0.004788722548488992
2010-08-04,0.006683408906951488
2010-08-05,-0.0010625517192575967
2010-08-06,-0.004076052223299576
2010-08-09,0.00533827851363686
2010-08-10,-0.00539857533350025
2010-08-11,-0.027406943074167595
2010-08-12,-0.0011178023650993763
2010-08-13,-0.000373091227804103
2010-08-16,-0.0011193606501288995
2010-08-17,0.009712438396253313
2010-08-18,0.0007401091841427726
2010-08-19,-0.011830258216318884
2010-08-20,0.0
2010-08-23,0.0022445840455443612
2010-08-24,-0.004852815076155312
2010-08-25,0.006229237568052913
2010-08-26,-0.007485298137926337
2010-08-27,0.00641068282229158
2010-08-30,-0.008617573423915505
2010-08-31,0.0007553824067595781
2010-09-01,0.017749581555709975
2010-09-02,0.006307957719468794
2010-09-03,0.006268743688544346
2010-09-07,-0.0040310595586126215
2010-09-08,0.004414734801171682
2010-09-09,0.003297120320808151
2010-09-10,0.004746077004646283
2010-09-13,0.011123080099625884
2010-09-14,-0.000621173985489419
2010-09-15,0.0038169181386525338
2010-09-16,-0.00026517750453954785
2010-09-17,0.000373521436464426
2010-09-20,0.01529006803060816
2010-09-21,-0.0020136061065849724
2010-09-22,-0.0049131979533439
2010-09-23,-0.008111771368809082
2010-09-24,0.02062274453747082
2010-09-27,-0.004790663973478301
2010-09-28,0.0035006738118457015
2010-09-29,-0.0017437463036807763
2010-09-30,-0.002970517783122015
2010-10-01,0.004206119788761796
2010-10-04,-0.007503970442190229
2010-10-05,0.02013168147026188
2010-10-06,-8.611441985525115e-05
2010-10-07,-0.0012063152646121717
2010-10-08,0.005608342128835197
2010-10-11,0.0009441482963065074
2010-10-12,0.0030860724835958474
2010-10-13,0.007777147611841885
2010-10-14,-0.0039006788658418894
2010-10-15,0.002042792142802766
2010-10-18,0.004928228683408629
2010-10-19,-0.013104772747813123
2010-10-20,0.009766197767300856
2010-10-21,0.0022058418248628625
2010-10-22,0.0018624523952035885
2010-10-25,0.002957224274628887
2010-10-26,0.0001686246189560289
2010-10-27,-0.002864092662712557
2010-10-28,0.00016890974944683978
2010-10-29,0.0007600935118974219
2010-11-01,0.0003376764551339697
2010-11-02,0.00793058692736491
2010-11-03,0.004017862692916906
2010-11-04,0.01925805939416453
2010-11-05,0.003762211132902067
2010-11-08,-0.0018742196411862318
2010-11-09,-0.007184223891415152
2010-11-10,0.004029496187934924
2010-11-11,-0.0037673895351026253
2010-11-12,-0.011838473198034915
2010-11-15,-0.00141437210864254
2010-11-16,-0.015579455873121857
2010-11-17,0.0005079292979519247
2010-11-18,0.014718283803888062
2010-11-19,0.002750934665870217
2010-11-22,-0.0008313907197879811
2010-11-23,-0.014476873730344909
2010-11-24,0.014773979834595299
2010-11-26,-0.011647261009486447
2010-11-29,0.003030307153906264
2010-11-30,-0.005622751624325031
2010-12-01,0.021267647645192775
2010-12-02,0.012809131664280349
2010-12-03,0.0026921632953345017
2010-12-06,-0.0010576618077038627
2010-12-07,0.0005702967963130958
2010-12-08,0.0036634812465806015
2010-12-09,0.0038937721201195382
2010-12-10,0.005817391892161085
2010-12-13,0.0006427736784056941
2010-12-14,0.0008831142663228305
2010-12-15,-0.004572144081498681
2010-12-16,0.0058019439956327875
2010-12-17,0.001071177316393627
2010-12-20,0.002413533512359171
2010-12-21,0.006340115149275078
2010-12-22,0.003110367423824935
2010-12-23,-0.0014311767021373677
2010-12-27,0.000398358934043348
2010-12-28,0.001432417216651844
2010-12-29,0.0007150643498006615
2010-12-30,-0.001587949653997951
2010-12-31,0.0002384833450602968
2011-01-03,0.010338022094453975
2011-01-04,-0.0005511633803474299
2011-01-05,0.00519797732517053
2011-01-06,-0.0019589365880800557
2011-01-07,-0.0019624659548884518
2011-01-10,-0.001258470007518882
2011-01-11,0.0035439711093493143
2011-01-12,0.009024682330282802
2011-01-13,-0.001633111356197674
2011-01-14,0.007244438107600087
2011-01-18,0.0017012074880802762
2011-01-19,-0.009805314599399035
2011-01-20,-0.0013253214772534286
2011-01-21,0.0022643783118151345
2011-01-24,0.0056867175331531405
2011-01-25,0.000542022003664293
2011-01-26,0.003870533298981851
2011-01-27,0.0024678322584075697
2011-01-28,-0.01746248503541975
2011-01-31,0.007515977561060678
2011-02-01,0.016009119324255198
2011-02-02,-0.0019127955575109841
2011-02-03,0.00222286717900678
2011-02-04,0.002829082050450055
2011-02-07,0.006252542447180708
2011-02-08,0.004546293011490142
2011-02-09,-0.0022628209779259334
2011-02-10,0.00037811880574944236
2011-02-11,0.00597021115528679
2011-02-14,0.0024040548926118842
2011-02-15,-0.0031478017514637714
2011-02-16,0.006315332261105672
2011-02-17,0.0029884174325877097
2011-02-18,0.002086041207680327
2011-02-22,-0.020069867614930494
2011-02-23,-0.0061445800401826395
2011-02-24,-0.0006868157685167732
2011-02-25,0.010692764309488779
2011-02-28,0.006196482780914511
2011-03-01,-0.016672808734790833
2011-03-02,0.0021385528618977556
2011-03-03,0.017224582256559155
2011-03-04,-0.007492423723844687
2011-03-07,-0.007850961476084552
2011-03-08,0.008749867030561291
2011-03-09,-0.0014329003347730062
2011-03-10,-0.018506239225109834
2011-03-11,0.006926016085776783
2011-03-14,-0.006037438370969411
2011-03-15,-0.011457209954328824
2011-03-16,-0.018512647675835596
2011-03-17,0.013234848746747843
2011-03-18,0.0036373061654725487
2011-03-21,0.015497562154390491
2011-03-22,-0.0034684632184077387
2011-03-23,0.002862079665913193
2011-03-24,0.009563258760075154
2011-03-25,0.0030554679121970784
2011-03-28,-0.0024367911794729363
2011-03-29,0.006718748376394162
2011-03-30,0.006900682509102854
2011-03-31,-0.0013554672295464872
2011-04-01,0.004223705752323435
2011-04-04,0.0008265320625218105
2011-04-05,-0.00015072109568153646
2011-04-06,0.003152400946403776
2011-04-07,-0.0025436603161886648
2011-04-08,-0.0034504638463195066
2011-04-11,-0.0030104677534891883
2011-04-12,-0.00747421264799457
2011-04-13,-7.619633962223362e-05
2011-04-14,0.0007609556951892847
2011-04-15,0.003648227775990599
2011-04-18,-0.011208596832410078
2011-04-19,0.005744362603557118
2011-04-20,0.013631911412467407
2011-04-21,0.005109176773817123
2011-04-25,-0.001046608370981861
2011-04-26,0.008605393265259099
2011-04-27,0.006528388764994115
2011-04-28,0.0032431701972080867
2011-04-29,0.0023509708719304297
2011-05-02,-0.0015390157473124072
2011-05-03,-0.003596890276773948
2011-05-04,-0.00663093264383942
2011-05-05,-0.0090483359737024
2011-05-06,0.004415413816402824
2011-05-09,0.0038748963732559817
2011-05-10,0.00853655610524809
2011-05-11,-0.010524949680657139
2011-05-12,0.004760496809115333
2011-05-13,-0.0076993036813879315
2011-05-16,-0.006341086104740061
2011-05-17,-0.00015019924880839926
2011-05-18,0.00893575548908923
2011-05-19,0.0023818892696703987
2011-05-20,-0.007944715793190544
2011-05-23,-0.011600966132989568
2011-05-24,-0.0008328993026940667
2011-05-25,0.003334526095476691
2011-05-26,0.004607361013430445
2011-05-27,0.0038344622900272603
2011-05-31,0.010411395462650025
2011-06-01,-0.02246144005830329
2011-06-02,-0.001061388410786001
2011-06-03,-0.009944546472128817
2011-06-06,-0.010581181540205858
2011-06-07,-0.0006198864505757856
2011-06-08,-0.004187313910955383
2011-06-09,0.007631263031036026
2011-06-10,-0.013910534905994244
2011-06-13,0.000784053526142895
2011-06-14,0.012685963968846749
2011-06-15,-0.017785561061979774
2011-06-16,0.0022043025578198064
2011-06-17,0.002984097704888546
2011-06-20,0.005116477498291908
2011-06-21,0.013703570703071237
2011-06-22,-0.006025588113908378
2011-06-23,-0.002874994988803555
2011-06-24,-0.011613936071309986
2011-06-27,0.00891121880812311
2011-06-28,0.01305285597189176
2011-06-29,0.008564197831456323
2011-06-30,0.009562174857335265
2011-07-01,0.014776058045711088
2011-07-05,-0.0008212951687246636
2011-07-06,0.0011959313626190406
2011-07-07,0.010375227007567513
2011-07-08,-0.0070920232707174504
2011-07-11,-0.018080571550677375
2011-07-12,-0.004319276161120976
2011-07-13,0.003348639138851209
2011-07-14,-0.0069023536343838015
2011-07-15,0.005804907113728355
2011-07-18,-0.008200940432779353
2011-07-19,0.016231157866968184
2011-07-20,-0.0006023060940877445
2011-07-21,0.013870847894895953
2011-07-22,0.0006693562843558775
2011-07-25,-0.005572807328514676
2011-07-26,-0.003736297866270553
2011-07-27,-0.020475350484792546
2011-07-28,-0.0029100530915987725
2011-07-29,-0.00683428469349644
2011-08-01,-0.004252908946908784
2011-08-02,-0.025547257864763313
2011-08-03,0.003957868493205184
2011-08-04,-0.03120940550601921
2011-08-05,-0.006127373452613654
2011-08-08,-0.05630906005874752
2011-08-09,0.04573112399496314
2011-08-10,-0.038330968541184986
2011-08-11,0.03814477480322695
2011-08-12,0.011990260440818658
2011-08-15,0.014217973076688989
2011-08-16,0.0023360752268180556
2011-08-17,0.0066602154865049315
2011-08-18,-0.017863102812027846
2011-08-19,-0.004715317027077982
2011-08-22,0.0030455322377387077
2011-08-23,0.02058046097465189
2011-08-24,0.0042976211601137085
2011-08-25,-0.015141376742842298
2011-08-26,0.008355416799893796
2011-08-29,0.017898625922050066
2011-08-30,0.0026049457683285392
2011-08-31,0.003247488874447314
2011-09-01,-0.0035609069522805556
2011-09-02,-0.014294529297878616
2011-09-06,-0.003955258615866794
2011-09-07,0.017868533817493953
2011-09-08,-0.0026004321324187736
2011-09-09,-0.022164344505842006
2011-09-12,0.0009996624392108163
2011-09-13,0.003663171119115896
2011-09-14,0.011944232423979944
2011-09-15,0.011803439973724097
2011-09-16,0.006494577366662187
2011-09-19,-0.008430709619863542
2011-09-20,0.001962499062812279
2011-09-21,-0.020561458821659256
2011-09-22,-0.01899390442061588
2011-09-23,0.0020382018027072573
2011-09-26,0.01932179187166404
2011-09-27,0.005986213585953703
2011-09-28,-0.018842928804059484
2011-09-29,0.009770782368779153
2011-09-30,-0.010343528617425697
2011-10-03,-0.01449760964280591
2011-10-04,0.009578965884165595
2011-10-05,0.0013556746662971393
2011-10-06,0.011843705433750656
2011-10-07,0.005685967463768386
2011-10-10,0.0156307478361938
2011-10-11,-0.001964881627623791
2011-10-12,0.00787378369366426
2011-10-13,-0.0029297294718197454
2011-10-14,0.00783541285227052
2011-10-17,-0.006802695951979753
2011-10-18,0.007501935056148716
2011-10-19,-0.002914159193019681
2011-10-20,0.005520003903444559
2011-10-21,0.016144526638538013
2011-10-24,-0.006990784068247045
2011-10-25,-0.011839915667474927
2011-10-26,0.010038992403204203
2011-10-27,0.012824336415150612
2011-10-28,-0.00023336627931201773
2011-10-31,-0.02410566148552202
2011-11-01,-0.017397430914048412
2011-11-02,0.009508752922019456
2011-11-03,0.012341423228119474
2011-11-04,-0.005774592634093984
2011-11-07,0.008389810615265968
2011-11-08,0.009920131579763843
2011-11-09,-0.03690955537866507
2011-11-10,0.009734048759346664
2011-11-11,0.011568197595954012
2011-11-14,-0.009474440028689803
2011-11-15,0.004806251031911289
2011-11-16,-0.008928536516766832
2011-11-17,-0.00353925268313504
2011-11-18,0.0029058950933106404
2011-11-21,-0.016097931893584
2011-11-22,0.0009816583849349403
2011-11-23,-0.010787745666830644
2011-11-25,-0.005385349423458886
2011-11-28,0.03290303257365736
2011-11-29,0.010372279899407096
2011-11-30,0.023419857228437063
2011-12-01,-0.00156689454338451
2011-12-02,-0.0034538671117107906
2011-12-05,0.005986602043385143
2011-12-06,0.0003167821961498719
2011-12-07,0.003722581340203039
2011-12-08,-0.021936517977432
2011-12-09,0.010416846695816986
2011-12-12,-0.014597761080360386
2011-12-13,-0.002206621789250673
2011-12-14,-0.005055324484383122
2011-12-15,0.010162111841458848
2011-12-16,-0.001110453502863584
2011-12-19,-0.004128152396474225
2011-12-20,0.02072686411420809
2011-12-21,0.010621803903813998
2011-12-22,-0.00030908144715462925
2011-12-23,0.008940884167722601
2011-12-27,0.0007912802305033037
2011-12-28,-0.013123745655933175
2011-12-29,0.010334046202030217
2011-12-30,-0.004915831854165788
2012-01-03,0.015936108096761586
2012-01-04,0.0015686286621410437
2012-01-05,0.002662476845848781
2012-01-06,-0.002577290854511735
2012-01-09,0.0024272376019558502
2012-01-10,0.008670466447148858
2012-01-11,0.000542272848246777
2012-01-12,0.0023993216767348928
2012-01-13,-0.005173304326707645
2012-01-17,0.003880556164912978
2012-01-18,0.011056416242412286
2012-01-19,0.005276503588219675
2012-01-20,0.0037273570212535885
2012-01-23,-0.002576795027437667
2012-01-24,-0.001139657058670497
2012-01-25,0.008367270249783992
2012-01-26,-0.0051296534711994385
2012-01-27,-0.00045519831172037117
2012-01-30,-0.003413301652596615
2012-01-31,-0.0003806046450702444
2012-02-01,0.00875686505550405
2012-02-02,0.00158550399742455
2012-02-03,0.014018791442764689
2012-02-06,-0.0006687123405707536
2012-02-07,0.002528441488787235
2012-02-08,0.002967727695902054
2012-02-09,0.001257373790568728
2012-02-10,-0.007387567202512201
2012-02-13,0.007442549537377604
2012-02-14,-0.0012557947871170742
2012-02-15,-0.004660446087704789
2012-02-16,0.011073635899998763
2012-02-17,0.0026456676549961966
2012-02-21,0.00044022613189535753
2012-02-22,-0.0032242834414719012
2012-02-23,0.004410432888659493
2012-02-24,0.0021958574266288853
2012-02-27,0.0016800225632609231
2012-02-28,0.002916303761545228
2012-02-29,-0.003925833893507327
2012-03-01,0.005181672136612619
2012-03-02,-0.0030494758588283663
2012-03-05,-0.004078380910381227
2012-03-06,-0.014625314195066004
2012-03-07,0.006976458243275023
2012-03-08,0.009948645412476356
2012-03-09,0.0038676743883665184
2012-03-12,7.2561514489046e-05
2012-03-13,0.018026077889634933
2012-03-14,-0.0010712514720833948
2012-03-15,0.005789526123054502
2012-03-16,0.0013850251760751206
2012-03-19,0.003919834976966454
2012-03-20,-0.002910878543923299
2012-03-21,-0.001637377287432332
2012-03-22,-0.007203944427313611
2012-03-23,0.003232738968738595
2012-03-26,0.014035149286205589
2012-03-27,-0.003107123106195627
2012-03-28,-0.004958661389851293
2012-03-29,-0.001708409331638228
2012-03-30,0.004135954376382542
2012-04-02,0.007315182377685209
2012-04-03,-0.004089283295695462
2012-04-04,-0.00991079486677237
2012-04-05,-0.0005005876982272622
2012-04-09,-0.011231036696247428
2012-04-10,-0.016785105730735567
2012-04-11,0.00809400221633939
2012-04-12,0.013065921274511838
2012-04-13,-0.011888157520258744
2012-04-16,-0.0006565311014992366
2012-04-17,0.014812407049222476
2012-04-18,-0.0033794350107296516
2012-04-19,-0.00642129441749459
2012-04-20,0.0016704992829991042
2012-04-23,-0.00840855226038326
2012-04-24,0.003801299740556331
2012-04-25,0.013691918241236193
2012-04-26,0.006968090282868425
2012-04-27,0.0016413480690785785
2012-04-30,-0.0037038945349333555
2012-05-01,0.006220143305127801
2012-05-02,-0.002984258040577023
2012-05-03,-0.007625507450949493
2012-05-04,-0.016158520233062672
2012-05-07,0.0007304633255183535
2012-05-08,-0.004011756093236601
2012-05-09,-0.005931726785115054
2012-05-10,0.0020625484199560586
2012-05-11,-0.003014674669000813
2012-05-14,-0.011060729862749145
2012-05-15,-0.005741532867003255
2012-05-16,-0.0038246036613872486
2012-05-17,-0.014830954027872208
2012-05-18,-0.008558906239642634
2012-05-21,0.017188226552847057
2012-05-22,0.0017426888432189804
2012-05-23,0.0005295188992353412
2012-05-24,0.001965860030973281
2012-05-25,-0.003244933618491477
2012-05-29,0.01211210379365328
2012-05-30,-0.014509831606778835
2012-05-31,-0.0022011740686073
2012-06-01,-0.025176847704759687
2012-06-04,-0.00046827918984258614
2012-06-05,0.007572338766631393
2012-06-06,0.02246860205085274
2012-06-07,0.000605900766407281
2012-06-08,0.00795202995989804
2012-06-11,-0.012697630008434747
2012-06-12,0.011490839863075678
2012-06-13,-0.006394579583934221
2012-06-14,0.010600428737191967
2012-06-15,0.010226998176582859
2012-06-18,0.0019386395749982153
2012-06-19,0.00967226605852637
2012-06-20,-0.001621236546043276
2012-06-21,-0.022438717326127525
2012-06-22,0.00770183769022029
2012-06-25,-0.016034841107368906
2012-06-26,0.0050254114486474885
2012-06-27,0.009017118095159569
2012-06-28,-0.0028537576953669673
2012-06-29,0.024926885946776597
2012-07-02,0.003012345134150916
2012-07-03,0.006592612693683088
2012-07-05,-0.004511526938554715
2012-07-06,-0.009503913046794533
2012-07-09,-0.0012546956628940633
2012-07-10,-0.008720187231639778
2012-07-11,0.00014952872645286022
2012-07-12,-0.004845256545155612
2012-07-13,0.01677789141310582
2012-07-16,-0.002357691452080925
2012-07-17,0.006867453206695503
2012-07-18,0.007406773359728786
2012-07-19,0.0026207773318838528
2012-07-20,-0.009148071261700934
2012-07-23,-0.010112384598719933
2012-07-24,-0.008587132769894926
2012-07-25,0.0002240987234235878
2012-07-26,0.01649740983029963
2012-07-27,0.01843285434836985
2012-07-30,0.0
2012-07-31,-0.006994231321862821
2012-08-01,-0.0008720726865078545
2012-08-02,-0.00690407615397481
2012-08-03,0.019833309795566828
2012-08-06,0.0019371117099707897
2012-08-07,0.005014056244673429
2012-08-08,0.0012111596243619244
2012-08-09,0.0008541918700812132
2012-08-10,0.0016355668558496602
2012-08-13,-0.0004967576782120767
2012-08-14,0.00014200130544224506
2012-08-15,0.001136472483327085
2012-08-16,0.007378789239337179
2012-08-17,0.001338039224519603
2012-08-20,7.002219998642076e-05
2012-08-21,-0.003023842021227242
2012-08-22,0.00042323516336512747
2012-08-23,-0.008179703620075947
2012-08-24,0.006043103864812162
2012-08-27,0.00021175030194917774
2012-08-28,-0.0009887396524902536
2012-08-29,0.0007778032241284918
2012-08-30,-0.0072080546975905255
2012-08-31,0.004769162750377053
2012-09-04,-0.0009208728390728604
2012-09-05,-0.0008507827339434723
2012-09-06,0.02029645736336424
2012-09-07,0.003895104688314306
2012-09-10,-0.005681421264678671
2012-09-11,0.002787297067895572
2012-09-12,0.0033354324617952524
2012-09-13,0.015236296821147223
2012-09-14,0.004434341866784556
2012-09-17,-0.0033958917908001388
2012-09-18,-0.0008177433155165499
2012-09-19,0.0005458078934448918
2012-09-20,6.79312017780693e-05
2012-09-21,-0.00041752918035140377
2012-09-24,-0.0015087065132303055
2012-09-25,-0.010641564452016467
2012-09-26,-0.005621704473388158
2012-09-27,0.009421620442362439
2012-09-28,-0.004632004586740698
2012-10-01,0.0026398131165377378
2012-10-02,0.0010386584816597625
2012-10-03,0.004082864968774242
2012-10-04,0.007168019346820203
2012-10-05,6.889607644145791e-05
2012-10-08,-0.003421735466849598
2012-10-09,-0.009887216352643228
2012-10-10,-0.006380224264317888
2012-10-11,0.0005588149143402061
2012-10-12,-0.0032785569829833563
2012-10-15,0.008327920560565279
2012-10-16,0.010133547925901746
2012-10-17,0.00453438303900829
2012-10-18,-0.002599083722976963
2012-10-19,-0.016664458370016334
2012-10-22,0.00013961345876448177
2012-10-23,-0.013876276322745856
2012-10-24,-0.0028284906321893633
2012-10-25,0.0029072184702909564
2012-10-26,-0.0005655759492993771
2012-10-31,0.0
2012-11-01,0.010470482797056462
2012-11-02,-0.008891928725224246
2012-11-05,0.0020491953509822578
2012-11-06,0.007825076470582202
2012-11-07,-0.022663556442734975
2012-11-08,-0.01202453263729322
2012-11-09,0.0008694440581888119
2012-11-12,0.0007960289395376742
2012-11-13,-0.003471289852913159
2012-11-14,-0.013499212673804809
2012-11-15,-0.005759426216640566
2012-11-16,0.0014480942756123379
2012-11-19,0.027476558583431784
2012-11-20,0.00043166484738151907
2012-11-21,0.0018677894401188963
2012-11-23,0.013624870265661705
2012-11-26,-0.0021224359616996754
2012-11-27,-0.005104446867089091
2012-11-28,0.008052632994030282
2012-11-29,0.004665438986926979
2012-11-30,0.0002110185823291183
2012-12-03,-0.004924251987093191
2012-12-04,-0.0014139796584684736
2012-12-05,0.001769822784253837
2012-12-06,0.003392188014735125
2012-12-07,0.003028834901752949
2012-12-10,0.00042138201450025433
2012-12-11,0.0068083044894125646
2012-12-12,0.00048793576125552037
2012-12-13,-0.006131840069726727
2012-12-14,-0.0037160018472225122
2012-12-17,0.011752426986986812
2012-12-18,0.011128691317739893
2012-12-19,-0.007428834194388295
2012-12-20,0.005752035058845261
2012-12-21,-0.009077235703891795
2012-12-24,-0.0030814306806248117
2012-12-26,-0.004214797506776476
2012-12-27,-0.001340852616483471
2012-12-28,-0.010808032813117409
2012-12-31,0.016996557688802687
2013-01-02,0.025629660668378376
2013-01-03,-0.002258905162249104
2013-01-04,0.004391832770533726
2013-01-07,-0.0027329341961952634
2013-01-08,-0.00287732931057052
2013-01-09,0.002542214860694963
2013-01-10,0.007949389706153153
2013-01-11,-6.809995685474848e-05
2013-01-14,-0.0006795397884396248
2013-01-15,0.0006800018767711045
2013-01-16,-0.0001356198228638781
2013-01-17,0.006460138540915259
2013-01-18,0.0022299450224976
2013-01-22,0.0053933188035448325
2013-01-23,0.0016093483766505508
2013-01-24,0.0002679656942013668
2013-01-25,0.005621711112388843
2013-01-28,-0.001197950081716874
2013-01-29,0.003931555433250195
2013-01-30,-0.003916158837694387
2013-01-31,-0.0024650676724000727
2013-02-01,0.01028692171891704
2013-02-04,-0.011240151470865241
2013-02-05,0.01009737618150662
2013-02-06,0.0007281358714288028
2013-02-07,-0.0013233255853692817
2013-02-08,0.005564566632147835
2013-02-11,-0.0001978205730604416
2013-02-12,0.0016474771934633953
2013-02-13,0.0008552005302382664
2013-02-14,0.0009194776005040099
2013-02-15,-0.001181271144889461
2013-02-19,0.007494389623164519
2013-02-20,-0.012463429266164557
2013-02-21,-0.006078977257974931
2013-02-22,0.009773110254674802
2013-02-25,-0.01902745197103463
2013-02-26,0.006845959259063912
2013-02-27,0.012598432374835157
2013-02-28,-0.0019749976907007293
2013-03-01,0.0032979861366046097
2013-03-04,0.005325077681653758
2013-03-05,0.008958718613593153
2013-03-06,0.0013612105491913728
2013-03-07,0.0018121685519345153
2013-03-08,0.004264155637138462
2013-03-11,0.003795979691576805
2013-03-12,-0.0022437541251380394
2013-03-13,0.0014138901608710677
2013-03-14,0.005323374359080171
2013-03-15,-0.0013199252361901133
2013-03-18,-0.005519140245218961
2013-03-19,-0.0023229740056455476
2013-03-20,0.006985334382309723
2013-03-21,-0.008542291195896133
2013-03-22,0.008033054270060647
2013-03-25,-0.004177054717346325
2013-03-26,0.008002155887897542
2013-03-27,0.0
2013-03-28,0.0030730437055582257
2013-04-01,-0.003957460361136006
2013-04-02,0.004934836684340282
2013-04-03,-0.010139266957510057
2013-04-04,0.004058224818650453
2013-04-05,-0.004490783678324573
2013-04-08,0.006767026156305537
2013-04-09,0.0034571995394738174
2013-04-10,0.0122485621132163
2013-04-11,0.0032771215329805412
2013-04-12,-0.0024492556735859665
2013-04-15,-0.02317423010638071
2013-04-16,0.01476271564540777
2013-04-17,-0.014611906691095071
2013-04-18,-0.006252924277825077
2013-04-19,0.008693003329141349
2013-04-22,0.004437807515140452
2013-04-23,0.01030942076460862
2013-04-24,0.0006338289778708609
2013-04-25,0.004053267911953943
2013-04-26,-0.0017660137349499907
2013-04-29,0.00669887515491395
2013-04-30,0.00238544770962832
2013-05-01,-0.008767478994462733
2013-05-02,0.00928754853873282
2013-05-03,0.010140622335658062
2013-05-06,0.002539993851441851
2013-05-07,0.005069132344478154
2013-05-08,0.004551061902650275
2013-05-09,-0.0028160154332579337
2013-05-10,0.0032534614090899833
2013-05-13,0.0007959999798154214
2013-05-14,0.010333437302858536
2013-05-15,0.0053865567040939435
2013-05-16,-0.004695430754257604
2013-05-17,0.009676986852937403
2013-05-20,-5.984765612570627e-05
2013-05-21,0.0014376933677476037
2013-05-22,-0.00741743754553377
2013-05-23,-0.002892830850698678
2013-05-24,-0.0008462240223075826
2013-05-28,0.005988558818009015
2013-05-29,-0.006493726636179492
2013-05-30,0.0036923085494143977
2013-05-31,-0.014352256590298304
2013-06-03,0.0055057530708229815
2013-06-04,-0.004806906954840721
2013-06-05,-0.014000878630874085
2013-06-06,0.009053287232945803
2013-06-07,0.012720750034851935
2013-06-10,0.0
2013-06-11,-0.010315753854560577
2013-06-12,-0.008276824726161449
2013-06-13,0.015208188743820539
2013-06-14,-0.006272278793274753
2013-06-17,0.007721256789283714
2013-06-18,0.007905942214575766
2013-06-19,-0.013816602206930735
2013-06-20,-0.024778411272057974
2013-06-21,0.0032098407043916685
2013-06-24,-0.012636151286288897
2013-06-25,0.009614310797171018
2013-06-26,0.009901512976589671
2013-06-27,0.005869307404335042
2013-06-28,-0.004096964331328313
2013-07-01,0.005859182932100472
2013-07-02,-0.0009291901540363205
2013-07-03,0.000434025363978427
2013-07-05,0.010788799292046033
2013-07-08,0.00570500552070886
2013-07-09,0.007197176791111886
2013-07-10,0.0003633058965182357
2013-07-11,0.013620582182281684
2013-07-12,0.0004181043513270484
2013-07-15,0.003820810457760469
2013-07-16,-0.0037470497513594826
2013-07-17,0.0025670967745608725
2013-07-18,0.005477798781048081
2013-07-19,0.001776750492901696
2013-07-22,0.0019504066513862071
2013-07-23,-0.0021236358987425197
2013-07-24,-0.003665908259926824
2013-07-25,0.002432669193098876
2013-07-26,0.0010657398185599978
2013-07-29,-0.0030748118103274603
2013-07-30,0.0
2013-07-31,0.0007120390033988462
2013-08-01,0.011558076101512705
2013-08-02,0.0016989855826542513
2013-08-05,-0.0014621085361451462
2013-08-06,-0.005682668999393426
2013-08-07,-0.003240590890291489
2013-08-08,0.003665156299646654
2013-08-09,-0.002885715466904651
2013-08-12,-0.0011815346204741123
2013-08-13,0.0029569359402738193
2013-08-14,-0.005129521860947209
2013-08-15,-0.013986312019528225
2013-08-16,-0.0033048074658724885
2013-08-19,-0.006392841765691968
2013-08-20,0.004916331143023258
2013-08-21,-0.006160451454619521
2013-08-22,0.009115037046465093
2013-08-23,0.0033722874635842464
2013-08-26,-0.0037206670754565342
2013-08-27,-0.01608427729689821
2013-08-28,0.0035511668887265226
2013-08-29,0.0015858880519215117
2013-08-30,-0.0031674511511291335
2013-09-03,0.004521607282129481
2013-09-04,0.008273322023435161
2013-09-05,0.0012671021385599781
2013-09-06,0.00048206187311267145
2013-09-09,0.009576162278923045
2013-09-10,0.00739695000134279
2013-09-11,0.0031384853261352103
2013-09-12,-0.0026561681137760623
2013-09-13,0.0022488747158421808
2013-09-16,0.005787901755499059
2013-09-17,0.004462056614065369
2013-09-18,0.011574253725018979
2013-09-19,-0.001675851533862166
2013-09-20,-0.006991142263826735
2013-09-23,-0.004627785146854537
2013-09-24,-0.002354198122629213
2013-09-25,-0.0028904012431871834
2013-09-26,0.0038454623420834267
2013-09-27,-0.004596363092883519
2013-09-30,-0.005328426128438536
2013-10-01,0.007916479530875287
2013-10-02,-0.0009450047586538558
2013-10-03,-0.009221221342525268
2013-10-04,0.007577254713742807
2013-10-07,-0.008644934868222431
2013-10-08,-0.01164697442951356
2013-10-09,0.0007256878232313481
2013-10-10,0.021557795183235126
2013-10-11,0.006443038392285859
2013-10-14,0.003993733116944801
2013-10-15,-0.007253739975426636
2013-10-16,0.013965910823505382
2013-10-17,0.006683286994552977
2013-10-18,0.006754533871957227
2013-10-21,5.703949560540077e-05
2013-10-22,0.005791355547933791
2013-10-23,-0.0047887812005328375
2013-10-24,0.0033224964895433354
2013-10-25,0.004567854576920705
2013-10-28,0.001590605555391924
2013-10-29,0.005334172093834895
2013-10-30,-0.004966752597754648
2013-10-31,-0.002836420452679395
2013-11-01,0.00238932292510316
2013-11-04,0.0035184524841933578
2013-11-05,-0.003166669350466713
2013-11-06,0.00510551116927492
2013-11-07,-0.012643120262807696
2013-11-08,0.013491500490338587
2013-11-11,0.000169176003647349
2013-11-12,-0.0020304109874717453
2013-11-13,0.008024458270757349
2013-11-14,0.004989036698009238
2013-11-15,0.0043508439766891845
2013-11-18,-0.0034986604318311045
2013-11-19,-0.002174131778265009
2013-11-20,-0.0031274387554288815
2013-11-21,0.00806846108804457
2013-11-22,0.00500253181225528
2013-11-25,-0.0009961351468144462
2013-11-26,0.0002772370126335162
2013-11-27,0.0024352902438568255
2013-11-29,-0.0006623945710476347
2013-12-02,-0.0025965878121886085
2013-12-03,-0.004320791565734107
2013-12-04,-0.00011088848926789519
2013-12-05,-0.0043954734734823545
2013-12-06,0.01117670060785211
2013-12-09,0.002541949404201429
2013-12-10,-0.003582711814388822
2013-12-11,-0.01123145201453445
2013-12-12,-0.0033010037906629538
2013-12-13,-0.00011264292703658306
2013-12-16,0.006232189727832769
2013-12-17,-0.003180260333303993
2013-12-18,0.017072208704980732
2013-12-19,-0.0011553859907541958
2013-12-20,0.00581676905527395
2013-12-23,0.005342417404879202
2013-12-24,0.002191439051183228
2013-12-26,0.0050842178076431705
2013-12-27,-5.4528281077577416e-05
2013-12-30,-0.00016297759135140463
2013-12-31,0.004732358882771354
2014-01-02,-0.009583396970483198
2014-01-03,-0.00016411586910655012
2014-01-06,-0.002897894811714263
2014-01-07,0.006141666673568967
2014-01-08,0.00021794751478091645
2014-01-09,0.0006543173525579179
2014-01-10,0.0027222777068712065
2014-01-13,-0.013305181683545763
2014-01-14,0.010897911780867926
2014-01-15,0.005390008223684211
2014-01-16,-0.0012993288436893495
2014-01-17,-0.004229438868371205
2014-01-21,0.002940240873974725
2014-01-22,0.0006514599879528596
2014-01-23,-0.008193217200008974
2014-01-24,-0.021335572681195573
2014-01-27,-0.004919031809746072
2014-01-28,0.005954461205582175
2014-01-29,-0.00960549282951468
2014-01-30,0.010600789097462725
2014-01-31,-0.005858310669758541
2014-02-03,-0.02250555168377321
2014-02-04,0.007004676613798162
2014-02-05,-0.0012542179551134007
2014-02-06,0.013186850378263044
2014-02-07,0.012395868660791298
2014-02-10,0.0018367767468267001
2014-02-11,0.010943711715914715
2014-02-12,0.0004945795451362195
2014-02-13,0.005162882208780705
2014-02-14,0.005518906135162494
2014-02-18,0.0011956038959060236
2014-02-19,-0.006621923405483311
2014-02-20,0.005901228999747668
2014-02-21,-0.0011412422680528672
2014-02-24,0.005547529942041039
2014-02-25,-0.00037840726076334325
2014-02-26,5.37284313800597e-05
2014-02-27,0.0052472289211757395
2014-02-28,0.002529294725780883
2014-03-03,-0.007031887952761021
2014-03-04,0.014055485213656502
2014-03-05,0.0009064838050820265
2014-03-06,0.0022903032532462972
2014-03-07,0.0004245062618937755
2014-03-10,-0.0005306333180357962
2014-03-11,-0.004942797943328858
2014-03-12,0.0002674316098112308
2014-03-13,-0.011213699967517561
2014-03-14,-0.002808021023707748
2014-03-17,0.00904366820531686
2014-03-18,0.007137989752641762
2014-03-19,-0.005328729937403219
2014-03-20,0.00583965896464474
2014-03-21,-0.0038788837358602057
2014-03-24,-0.004135065618928263
2014-03-25,0.004745469795630137
2014-03-26,-0.007192037272718284
2014-03-27,-0.00210871947882617
2014-03-28,0.004930267752075113
2014-03-31,0.008194364737599436
2014-04-01,0.00663056985709672
2014-04-02,0.0033472190851300634
2014-04-03,-0.0013240310136152069
2014-04-04,-0.011822160065189147
2014-04-07,-0.011051448715158662
2014-04-08,0.004122640945699917
2014-04-09,0.010751185614065269
2014-04-10,-0.021005892368375204
2014-04-11,-0.00900859571799723
2014-04-14,0.007878291972464452
2014-04-15,0.006887824827118505
2014-04-16,0.010477559596343881
2014-04-17,0.0013969171678211365
2014-04-21,0.0034871187284406164
2014-04-22,0.004544425330392425
2014-04-23,-0.002341669908981414
2014-04-24,0.002027171010903001
2014-04-25,-0.008198962394818378
2014-04-28,0.0031667008734536563
2014-04-29,0.00465594555939494
2014-04-30,0.0029827838147534263
2014-05-01,0.00010611136582497295
2014-05-02,-0.0014335990992969247
2014-05-05,0.0019143429486618842
2014-05-06,-0.008704133004124554
2014-05-07,0.0058892663345672495
2014-05-08,-0.0010643428148355662
2014-05-09,0.0014921483430623114
2014-05-12,0.009735717800295226
2014-05-13,0.0008955570682896435
2014-05-14,-0.004737396308227033
2014-05-15,-0.008780456958401031
2014-05-16,0.0034686257882396935
2014-05-19,0.003669452034227294
2014-05-20,-0.006305365536411718
2014-05-21,0.008424084764032917
2014-05-22,0.0024322670961631067
2014-05-23,0.0040087778274292135
2014-05-27,0.006146766948121915
2014-05-28,-0.0007309190332709986
2014-05-29,0.005172625815531059
2014-05-30,0.001611333626285317
2014-06-02,0.0011422161549441384
2014-06-03,-0.0005187119766726756
2014-06-04,0.0020232758622370653
2014-06-05,0.006521989151716205
2014-06-06,0.004782677415784266
2014-06-09,0.0010235822222076838
2014-06-10,0.0001018787204955381
2014-06-11,-0.0034763052313814464
2014-06-12,-0.007079570062534868
2014-06-13,0.0030480757388983144
2014-06-16,0.0008243130619584605
2014-06-17,0.0027799224063700307
2014-06-18,0.0073391889515046025
2014-06-19,0.00112128486391862
2014-06-20,0.0020300585281401184
2014-06-23,-0.0003061976524464734
2014-06-24,-0.006024304660176001
2014-06-25,0.004519693451056624
2014-06-26,-0.0007156808231879057
2014-06-27,0.0019443090241419965
2014-06-30,-0.0005105466967275237
2014-07-01,0.0066932603903299475
2014-07-02,0.001015297252886495
2014-07-03,0.004917674831900794
2014-07-07,-0.003481074817717878
2014-07-08,-0.006429901485657324
2014-07-09,0.004483841953008032
2014-07-10,-0.0039569318626260465
2014-07-11,0.0013753207954335614
2014-07-14,0.005035187412459655
2014-07-15,-0.0018720253443431235
2014-07-16,0.00370089534026952
2014-07-17,-0.011365765917652726
2014-07-18,0.010218965403357297
2014-07-21,-0.0018715515180062672
2014-07-22,0.004358077739893357
2014-07-23,0.002220223477829716
2014-07-24,5.019800901322675e-05
2014-07-25,-0.004681741762760107
2014-07-28,0.000404682815059575
2014-07-29,-0.004297152533498382
2014-07-30,0.0001525511858622476
2014-07-31,-0.01974847139674164
2014-08-01,-0.0030554338006782878
2014-08-04,0.00722087654624778
2014-08-05,-0.009696499891113984
2014-08-06,0.0003127571599467397
2014-08-07,-0.005414656458451758
2014-08-08,0.011568504421578207
2014-08-11,0.0028978727602187214
2014-08-12,-0.0013932497325574457
2014-08-13,0.00676919739683731
2014-08-14,0.0047218259122307074
2014-08-15,-0.00020422392804895717
2014-08-18,0.008379192738733918
2014-08-19,0.005218811190528032
2014-08-20,0.002671674563408186
2014-08-21,0.002915944890757635
2014-08-22,-0.0015541186441536238
2014-08-25,0.0050707457790666955
2014-08-26,0.0006488907603057897
2014-08-27,-0.0003990368950839271
2014-08-28,-0.0005492334181302148
2014-08-29,0.002847974099401101
2014-09-02,-0.0004982011164738285
2014-09-03,-0.0005486207824602495
2014-09-04,-0.0014459702850633798
2014-09-05,0.004494820252976255
2014-09-08,-0.0025853078569377406
2014-09-09,-0.006331638560610547
2014-09-10,0.0037630829854924247
2014-09-11,0.0011495747910422933
2014-09-12,-0.005841304912081548
2014-09-15,-0.0007532781881339051
2014-09-16,0.0075385544583722415
2014-09-17,0.0013471994311472098
2014-09-18,0.005329547574622519
2014-09-19,-0.0009010994878351106
2014-09-22,-0.0077229885367803616
2014-09-23,-0.005724092192489348
2014-09-24,0.007827716877354295
2014-09-25,-0.01613596728185806
2014-09-26,0.007945894850191022
2014-09-29,-0.0018194660948604529
2014-09-30,-0.0026320388563667685
2014-10-01,-0.013551898458534993
2014-10-02,0.00015425597504770678
2014-10-03,0.011009591421701733
2014-10-06,-0.00117039144628811
2014-10-07,-0.015436306169342882
2014-10-08,0.017489152262594156
2014-10-09,-0.019833097478678386
2014-10-10,-0.011414358497246814
2014-10-13,-0.016426538428010586
2014-10-14,0.0015943831095155884
2014-10-15,-0.006898228153060561
2014-10-16,-0.005877777060429534
2014-10-17,0.01182494131846204
2014-10-20,0.014340201910889838
2014-10-21,0.019810655927149343
2014-10-22,-0.007110809360937717
2014-10-23,0.011624604478659798
2014-10-24,0.0076950096113587415
2014-10-27,-0.0013741721053869423
2014-10-28,0.011469944992600909
2014-10-29,-0.0015120274269067866
2014-10-30,0.006410587192416966
2014-10-31,0.011435632551257915
2014-11-03,0.0005455334357608987
2014-11-04,-0.0034690962953392384
2014-11-05,0.0063158421145971715
2014-11-06,0.004003300484323804
2014-11-07,0.0009350321752445167
2014-11-10,0.0031477146582422357
2014-11-11,0.0009803403375770322
2014-11-12,-0.0010776009480261827
2014-11-13,0.0011277898259170174
2014-11-14,0.000244764667071264
2014-11-17,0.0006365606251969878
2014-11-18,0.00577405576393759
2014-11-19,-0.0016054465967059628
2014-11-20,0.0017540228606406107
2014-11-21,0.005350587965053792
2014-11-24,0.0028062894471155707
2014-11-25,-0.0007238667222736225
2014-11-26,0.0025590596312231708
2014-11-28,-0.002119020262744523
2014-12-01,-0.00694967745483869
2014-12-02,0.0064641028174974215
2014-12-03,0.003862921278805788
2014-12-04,-0.0011062905034127867
2014-12-05,0.0016373765175099753
2014-12-08,-0.006682753450550686
2014-12-09,-0.0006776561299354934
2014-12-10,-0.016031361248418235
2014-12-11,0.0050697862079597655
2014-12-12,-0.016161672351851945
2014-12-15,-0.0068688515047441645
2014-12-16,-0.008019836652073098
2014-12-17,0.019604491032077228
2014-12-18,0.024728827706105478
2014-12-19,0.004255305736972325
2014-12-22,0.0045995423771870445
2014-12-23,0.00134942708260345
2014-12-24,9.662704749727478e-05
2014-12-26,0.003224928082642013
2014-12-29,0.0013431468283015375
2014-12-30,-0.005366268069409602
2014-12-31,-0.00992266660648388
2015-01-02,-0.0005349103081459984
2015-01-05,-0.018059842496971096
2015-01-06,-0.009419083099080308
2015-01-07,0.012461145226492977
2015-01-08,0.017744752732310215
2015-01-09,-0.008013316193120776
2015-01-12,-0.007833519819805198
2015-01-13,-0.0028126661450545818
2015-01-14,-0.006037085582684878
2015-01-15,-0.009160508599167222
2015-01-16,0.01311419214118046
2015-01-20,0.002132271165450227
2015-01-21,0.005048144845033107
2015-01-22,0.014870942744344496
2015-01-23,-0.005483006292581309
2015-01-26,0.002342009241910708
2015-01-27,-0.01319050069063139
2015-01-28,-0.012824335134781617
2015-01-29,0.009243430856411298
2015-01-30,-0.012574723647534413
2015-02-02,0.012384171138883215
2015-02-03,0.014461121943435093
2015-02-04,-0.003808246765422161
2015-02-05,0.010095257939507768
2015-02-06,-0.002765135945554395
2015-02-09,-0.0044756575868783715
2015-02-10,0.01065301830239495
2015-02-11,0.0005804272793657744
2015-02-12,0.009616688280604186
2015-02-13,0.004116623787015554
2015-02-17,0.0015728260294807113
2015-02-18,9.518912404323913e-05
2015-02-19,-0.0007134979607671301
2015-02-20,0.006000537269404977
2015-02-23,-0.00014237050574053835
2015-02-24,0.002840888914763951
2015-02-25,-0.0008498261091411038
2015-02-26,-0.0011815804704165607
2015-02-27,-0.0034059576092012106
2015-03-02,0.006313637671866657
2015-03-03,-0.004104004811591848
2015-03-04,-0.004215826233786169
2015-03-05,0.0010940501728590464
2015-03-06,-0.014064034764389097
2015-03-09,0.004144347932096487
2015-03-10,-0.01622216241697875
2015-03-11,-0.002341533398109915
2015-03-12,0.012714055016541402
2015-03-13,-0.0061324491337393615
2015-03-16,0.013360845207380918
2015-03-17,-0.0029726850709983596
2015-03-18,0.012021386789502443
2015-03-19,-0.004561479798953482
2015-03-20,0.008827185053372289
2015-03-23,-0.0019486094241582706
2015-03-24,-0.005619236707032123
2015-03-25,-0.014653941474818057
2015-03-26,-0.002381607111704631
2015-03-27,0.002290112467712495
2015-03-30,0.012199975106297811
2015-03-31,-0.008739602361770439
2015-04-01,-0.0035361652246720626
2015-04-02,0.0035974714628053198
2015-04-06,0.006732980162660699
2015-04-07,-0.0026463674410934414
2015-04-08,0.003376685129448343
2015-04-09,0.004424009588560106
2015-04-10,0.00545713693147469
2015-04-13,-0.004522902592576078
2015-04-14,0.001913120673060136
2015-04-15,0.004486725296895067
2015-04-16,-0.00028509260910114786
2015-04-17,-0.011503445792988105
2015-04-20,0.009136986981484699
2015-04-21,-0.0011913151020537974
2015-04-22,0.004913878917414377
2015-04-23,0.0025163059214591845
2015-04-24,0.00232052715727478
2015-04-27,-0.004157574775631729
2015-04-28,0.0031786307561894253
2015-04-29,-0.004114706041354583
2015-04-30,-0.010020373981191497
2015-05-01,0.010841618847397223
2015-05-04,0.0028471764770832565
2015-05-05,-0.011451729964925309
2015-05-06,-0.004117166849795029
2015-05-07,0.003990092695104012
2015-05-08,0.013165597220074385
2015-05-11,-0.004772276227133097
2015-05-12,-0.0029915257902017245
2015-05-13,0.00019000076211026577
2015-05-14,0.01042821758363537
2015-05-15,0.001083630036386269
2015-05-18,0.0031068678354911746
2015-05-19,-0.00032841179932724027
2015-05-20,-0.0007043787537766566
2015-05-21,0.002912514406683662
2015-05-22,-0.0023886143722376707
2015-05-26,-0.01075195194748099
2015-05-27,0.009492426770001502
2015-05-28,-0.0011284598901808041
2015-05-29,-0.0062128903090816825
2015-06-01,0.002036438469773925
2015-06-02,-0.0009922733045018989
2015-06-03,0.0026492718863684616
2015-06-04,-0.008446535232813445
2015-06-05,-0.0017131730955842845
2015-06-08,-0.006149302718096037
2015-06-09,-0.00014414483248292303
2015-06-10,0.011993340786901908
2015-06-11,0.0032232006119886107
2015-06-12,-0.007654463750649778
2015-06-15,-0.004285642299424689
2015-06-16,0.005451568649578919
2015-06-17,0.0016172292127558286
2015-06-18,0.01039928506118967
2015-06-19,-0.004439360481165816
2015-06-22,0.0051228600427534535
2015-06-23,0.0007081176711812559
2015-06-24,-0.00726271784649202
2015-06-25,-0.0030402234081775134
2015-06-26,-0.00019085022244148578
2015-06-29,-0.020970249838537697
2015-06-30,0.0020933723748442342
2015-07-01,0.008015703770305978
2015-07-02,-0.0009159426543326678
2015-07-06,-0.0028460167580277754
2015-07-07,0.006288728207319282
2015-07-08,-0.016777122665119305
2015-07-09,0.0018089700370836166
2015-07-10,0.012591124634735877
2015-07-13,0.011037653502040888
2015-07-14,0.0043380861115209736
2015-07-15,-0.00033214368880836004
2015-07-16,0.008024013587047423
2015-07-17,0.0008481345663058624
2015-07-20,0.0005173951227911084
2015-07-21,-0.00395112385058431
2015-07-22,-0.001794338437235109
2015-07-23,-0.005630266222430237
2015-07-24,-0.010371841929207816
2015-07-27,-0.005817369475688748
2015-07-28,0.012282804659053
2015-07-29,0.006879591116061416
2015-07-30,0.00023668400057068786
2015-07-31,-0.0015177610240013368
2015-08-03,-0.0033729126300752104
2015-08-04,-0.001954266012457768
2015-08-05,0.0032952668065529597
2015-08-06,-0.008187265867882322
2015-08-07,-0.001920132018432563
2015-08-10,0.012599229675534677
2015-08-11,-0.009023187008924903
2015-08-12,0.0011982315270294937
2015-08-13,-0.0012443075716849026
2015-08-14,0.0036419072835244034
2015-08-17,0.005586936253505031
2015-08-18,-0.002896652461906293
2015-08-19,-0.007905666393093334
2015-08-20,-0.020880895868103416
2015-08-21,-0.03817147467938197
2015-08-24,-0.03943398830116229
2015-08-25,-0.007894313551142227
2015-08-26,0.0503977933732582
2015-08-27,0.014664818759359682
2015-08-28,-0.002094739198876306
2015-08-31,-0.006926620362389849
2015-09-01,-0.020503197275106265
2015-09-02,0.013595118330227347
2015-09-03,0.006812986998181683
2015-09-04,-0.016282417282234698
2015-09-08,0.020851048523434407
2015-09-09,-0.01642471622894925
2015-09-10,0.0017125899889597082
2015-09-11,0.0066255043458999414
2015-09-14,-0.003184421640118706
2015-09-15,0.01192706397666107
2015-09-16,0.01136644168224854
2015-09-17,0.0
2015-09-18,-0.011562405605279708
2015-09-21,0.007417139054879566
2015-09-22,-0.010938016685890811
2015-09-23,0.0017012727395767804
2015-09-24,0.0016983833263223566
2015-09-25,0.006358816597611874
2015-09-28,-0.014743128448004924
2015-09-29,-0.004369903218721438
2015-09-30,0.019880965273606638
2015-10-01,0.0
2015-10-02,0.013774392571326547
2015-10-05,0.01714072948029245
2015-10-06,-0.006782108966648016
2015-10-07,0.009103854414540594
2015-10-08,0.011892985057327186
2015-10-09,0.002228818296109307
2015-10-12,0.0026282754278743655
2015-10-13,-0.006049581750179085
2015-10-14,-0.011563883453026102
2015-10-15,0.009031186099974527
2015-10-16,0.009560363949835561
2015-10-19,0.004433003887627005
2015-10-20,-0.0006020798281707066
2015-10-21,0.00020095109320680568
2015-10-22,0.019867267516678822
2015-10-23,0.010961670699752644
2015-10-26,-0.002457735300096235
2015-10-27,-0.0019324470611700264
2015-10-28,0.011374534030618036
2015-10-29,-0.000574166691780454
2015-10-30,-0.004309816645314239
2015-11-02,0.0118306581839977
2015-11-03,0.0028996805441099936
2015-11-04,-0.00303333563721285
2015-11-05,-0.0009979050155117354
2015-11-06,-0.0005234658983724006
2015-11-09,-0.009331732190947961
2015-11-10,0.002306883079825312
2015-11-11,-0.003931902336054778
2015-11-12,-0.01395937057015348
2015-11-13,-0.008704921472496581
2015-11-16,0.017143994537571736
2015-11-17,-0.000729664270107155
2015-11-18,0.015865974193485344
2015-11-19,-0.0008624638220779895
2015-11-20,0.003644326669950995
2015-11-23,-0.0011462710785909438
2015-11-24,0.001339214703355213
2015-11-25,-0.0001433327515162844
2015-11-27,0.0011463032026905774
2015-11-30,-0.0041513533814416395
2015-12-01,0.009535535143492636
2015-12-02,-0.010205083239341578
2015-12-03,-0.01400294182392208
2015-12-04,0.01950331929178618
2015-12-07,-0.006058370657208441
2015-12-08,-0.006719825829599367
2015-12-09,-0.00777972329412794
2015-12-10,0.002581396522985727
2015-12-11,-0.019381242545428723
2015-12-14,0.009903202210453127
2015-12-15,0.006403862567312834
2015-12-16,0.019288008297387617
2015-12-17,-0.015238174286382604
2015-12-18,-0.017718747301884247
2015-12-21,0.011350051559798405
2015-12-22,0.013026324881726661
2015-12-23,0.00731903729268253
2015-12-24,-0.0016501762069726265
2015-12-28,-0.0022854127381127134
2015-12-29,0.010672241958616614
2015-12-30,-0.007087902536725315
2015-12-31,-0.010003097910901404
2016-01-04,-0.012675965532928352
2016-01-05,0.00641909960239723
2016-01-06,-0.0033880798943897276
2016-01-07,-0.011999650614927884
2016-01-08,-0.00791851917043176
2016-01-11,0.006485076127179573
2016-01-12,0.01189613129633478
2016-01-13,-0.01829127316011134
2016-01-14,0.018877331801016195
2016-01-15,-0.0156918256502453
2016-01-19,0.0010167501832274231
2016-01-20,-0.007872218283392894
2016-01-21,0.00563082749464313
2016-01-22,0.02774261001722987
2016-01-25,-0.008926589051230782
2016-01-26,0.009211680915797703
2016-01-27,-0.0010141091476044363
2016-01-28,0.010152004762129154
2016-01-29,0.020301554441273177
2016-02-01,0.003349098386618173
2016-02-02,-0.012762585948232935
2016-02-03,-0.0021880604859748597
2016-02-04,-0.009168323153505567
2016-02-05,-0.00160960039392099
2016-02-08,-0.002619357047558229
2016-02-09,-0.004623397698713316
2016-02-10,0.001548290930964934
2016-02-11,-0.008036872927290615
2016-02-12,0.013942480078496702
2016-02-16,0.007989022738526119
2016-02-17,0.010303043048177763
2016-02-18,-0.004510887010312605
2016-02-19,0.001576105149443861
2016-02-22,0.004917752774869947
2016-02-23,-0.00019581506430139297
2016-02-24,0.003132063957970851
2016-02-25,0.011319075124228856
2016-02-26,-0.014086669906490988
2016-02-29,-0.003327862108025704
2016-03-01,0.009623085911854484
2016-03-02,0.0029176598978774585
2016-03-03,0.005042420211993211
2016-03-04,0.0042460710270233295
2016-03-07,-0.0061492537022137415
2016-03-08,0.002900171533997017
2016-03-09,0.007519012675312683
2016-03-10,0.0003824735759442778
2016-03-11,0.0032516280238562164
2016-03-14,-0.001282430452242195
2016-03-15,-0.0016294904621136747
2016-03-16,0.005787015638880029
2016-03-17,0.006344251041707657
2016-03-18,0.0039296190491559715
2016-03-21,0.0014187101934455466
2016-03-22,-0.000537469443221698
2016-03-23,-0.006599233601521325
2016-03-24,-0.0004427293911644751
2016-03-28,0.0005903599542748753
2016-03-29,0.009250384133722945
2016-03-30,0.004387476788112838
2016-03-31,-0.002426946492309237
2016-04-01,0.006811964929144393
2016-04-04,-0.0032376440126965405
2016-04-05,-0.009987964136066178
2016-04-06,0.010920963378637629
2016-04-07,-0.01196570329015521
2016-04-08,0.002696922184355621
2016-04-11,-0.002347269895257318
2016-04-12,0.009312606250366076
2016-04-13,0.010100838320665719
2016-04-14,4.83389705656458e-05
2016-04-15,-0.0011058415212727617
2016-04-18,0.007026735685899476
2016-04-19,0.0031541242756539497
2016-04-20,0.0009528681977745023
2016-04-21,-0.005378322488165139
2016-04-22,0.0
2016-04-25,-0.001722709357171906
2016-04-26,0.0014862516958940048
2016-04-27,0.0020581029595814326
2016-04-28,-0.009075855016367632
2016-04-29,-0.00539873256303967
2016-05-02,0.007948447120688087
2016-05-03,-0.008703482017745472
2016-05-04,-0.005578037804852208
2016-05-05,-0.00019529537148208582
2016-05-06,0.003659024822504535
2016-05-09,0.0008265705762284971
2016-05-10,0.012433909239651809
2016-05-11,-0.009354569029434887
2016-05-12,0.00029030476493181376
2016-05-13,-0.008713956093595198
2016-05-16,0.009865022631403235
2016-05-17,-0.009333481504618291
2016-05-18,0.0002928193435947289
2016-05-19,-0.0034649689114775455
2016-05-20,0.006317115093645103
2016-05-23,-0.0013626447184120866
2016-05-24,0.01296243664252835
2016-05-25,0.006783237302672993
2016-05-26,0.0002866210338609587
2016-05-27,0.004299290792495216
2016-05-31,-0.0019027400280658662
2016-06-01,0.0020492524254548086
2016-06-02,0.003043640886088044
2016-06-03,-0.0029869044025408074
2016-06-06,0.0050885458658451324
2016-06-07,0.0015611893736631906
2016-06-08,0.0032596664352850684
2016-06-09,-0.001365419211492505
2016-06-10,-0.00947780207052265
2016-06-13,-0.007711471258180903
2016-06-14,-0.0019669673492426127
2016-06-15,-0.0013941850993300484
2016-06-16,0.0029845483651671258
2016-06-17,-0.003723894039595114
2016-06-20,0.006439567221988074
2016-06-21,0.0028387736898545786
2016-06-22,-0.0016310536346296845
2016-06-23,0.013022716295736153
2016-06-24,-0.03590934646313207
2016-06-27,-0.01790980868559939
2016-06-28,0.019792386593616557
2016-06-29,0.017027371832510445
2016-06-30,0.01364577992891963
2016-07-01,0.002100361101631297
2016-07-05,-0.007193379298828587
2016-07-06,0.005997906174201137
2016-07-07,-0.0006200343824011305
2016-07-08,0.014890314640484336
2016-07-11,0.0035270395811938175
2016-07-12,0.007263310030567786
2016-07-13,-0.0001394349650760944
2016-07-14,0.0055833568472909035
2016-07-15,-0.0013417653720336977
2016-07-18,0.002687302657191355
2016-07-19,-0.0010165926744419838
2016-07-20,0.004163042963620098
2016-07-21,-0.0037772642491778414
2016-07-22,0.004485086868198729
2016-07-25,-0.0027157389359243334
2016-07-26,0.0004611084490103824
2016-07-27,-0.0010608974173092393
2016-07-28,0.001154666125909366
2016-07-29,0.0016146018995638089
2016-08-01,-0.0008290754031011092
2016-08-02,-0.0064073225786932106
2016-08-03,0.002922733026141723
2016-08-04,0.0010641098347423305
2016-08-05,0.008178629547439097
2016-08-08,-0.0005954104504822462
2016-08-09,0.0005957651752936494
2016-08-10,-0.0024748135782554853
2016-08-11,0.004640607468901032
2016-08-12,-0.0008688563258719608
2016-08-15,0.002883800402081446
2016-08-16,-0.005157586969937327
2016-08-17,0.0018812995088303835
2016-08-18,0.0022432217130835715
2016-08-19,-0.0014619116507146234
2016-08-22,-4.568742732946305e-05
2016-08-23,0.002013543489761851
2016-08-24,-0.005115061617995084
2016-08-25,-0.0006885536548408215
2016-08-26,-0.00188313446820733
2016-08-29,0.004924279614189833
2016-08-30,-0.0016484056913583212
2016-08-31,-0.0028441666534866432
2016-09-01,4.576599680612821e-05
2016-09-02,0.004508487840886346
2016-09-06,0.0030220747391344
2016-09-07,-9.100644768383671e-05
2016-09-08,-0.002283239809547986
2016-09-09,-0.023934946649329363
2016-09-12,0.014347537397040366
2016-09-13,-0.014375689375008716
2016-09-14,-0.0003750223809112345
2016-09-15,0.009992497580985896
2016-09-16,-0.0038656632391875583
2016-09-19,0.00018774437857573697
2016-09-20,4.67179743890055e-05
2016-09-21,0.011245696684409459
2016-09-22,0.006301487536855609
2016-09-23,-0.005479222598683391
2016-09-26,-0.008102555100509919
2016-09-27,0.006208267871579927
2016-09-28,0.004963571191875409
2016-09-29,-0.009047251716669332
2016-09-30,0.007546093491926112
2016-10-03,-0.0024039799903483945
2016-10-04,-0.005097851590705241
2016-10-05,0.004425351418478645
2016-10-06,0.0006955434013613559
2016-10-07,-0.003429591767787374
2016-10-10,0.005208455370803635
2016-10-11,-0.012629605924917856
2016-10-12,0.0013122501544771672
2016-10-13,-0.0032757825852204273
2016-10-14,0.0005165403206358193
2016-10-17,-0.0034722294998156826
2016-10-18,0.006262552721113188
2016-10-19,0.0026668771318588396
2016-10-20,-0.001866801682089377
2016-10-21,0.00046765682710464784
2016-10-24,0.004252702549467206
2016-10-25,-0.0033506712151583572
2016-10-26,-0.002007667596653782
2016-10-27,-0.0026668380915296753
2016-10-28,-0.0029552631100301166
2016-10-31,4.724546735645049e-05
2016-11-01,-0.007245700045973889
2016-11-02,-0.006018532748830219
2016-11-03,-0.00457737252070347
2016-11-04,-0.0011015089585857964
2016-11-07,0.022057213972333296
2016-11-08,0.0045038078417792725
2016-11-09,0.010601935761841026
2016-11-10,0.002495822954370659
2016-11-11,-0.0023051023029689406
2016-11-14,0.0007855538018079544
2016-11-15,0.007802927390876201
2016-11-16,-0.0018785132593617066
2016-11-17,0.005140636170025538
2016-11-18,-0.0022375413154530196
2016-11-21,0.007551301075175613
2016-11-22,0.0019535387294937275
2016-11-23,0.0005439316987031502
2016-11-25,0.0037155071460000656
2016-11-28,-0.004694985259207823
2016-11-29,0.001950452446133014
2016-11-30,-0.002399187496951779
2016-12-01,-0.003675337312651602
2016-12-02,0.0005005381334216091
2016-12-05,0.006009146050097907
2016-12-06,0.0031673224426575657
2016-12-07,0.013080530493956995
2016-12-08,0.002448949848873765
2016-12-09,0.006040280706320971
2016-12-12,-0.001147731231163009
2016-12-13,0.006674124830584221
2016-12-14,-0.008254396709663481
2016-12-15,0.004117331488888639
2016-12-16,-0.0019558094362389345
2016-12-19,0.0021773362853861546
2016-12-20,0.003857527151665369
2016-12-21,-0.00278281803458151
2016-12-22,-0.0017273468550249704
2016-12-23,0.0014641059956941396
2016-12-27,0.002480942192984486
2016-12-28,-0.00826415204243613
2016-12-29,-0.0002227478423974317
2016-12-30,-0.0036550977985092205
2017-01-03,0.007649946678914888
2017-01-04,0.005949493107792746
2017-01-05,-0.0007946941991321629
2017-01-06,0.003577751986099169
2017-01-09,-0.0033009900312039875
2017-01-10,0.0
2017-01-11,0.0028262409317057137
2017-01-12,-0.0025101051049806174
2017-01-13,0.0022956897302052926
2017-01-17,-0.0035236205796027272
2017-01-18,0.0022100502407620096
2017-01-19,-0.0037047751749903664
2017-01-20,0.0036742840374885477
2017-01-23,-0.002602066580628341
2017-01-24,0.0064117432170359215
2017-01-25,0.008655401107180204
2017-01-26,-0.0010454052192886587
2017-01-27,-0.0015697875802514881
2017-01-30,-0.006201670902765834
2017-01-31,-8.781889480116046e-05
2017-02-01,0.00039557104079604476
2017-02-02,0.0006588683025818538
2017-02-03,0.006893012780320116
2017-02-06,-0.0017877462933812338
2017-02-07,4.37611429913969e-05
2017-02-08,0.0013102164607629468
2017-02-09,0.005932929720337618
2017-02-10,0.003946183090416737
2017-02-13,0.0054424806429944
2017-02-14,0.0039950920035661495
2017-02-15,0.0052204651598328515
2017-02-16,-0.0008510161457913527
2017-02-17,0.0015759667827824361
2017-02-21,0.005955147799732466
2017-02-22,-0.0008879540493168267
2017-02-23,0.0006772701404984089
2017-02-24,0.0012688811811097625
2017-02-27,0.001562745140262529
2017-02-28,-0.002699147936754986
2017-03-01,0.013997537826305808
2017-03-02,-0.006297368888339711
2017-03-03,0.0006297915090417351
2017-03-06,-0.002978153477791732
2017-03-07,-0.002986750470037707
2017-03-08,-0.0018567780606090314
2017-03-09,0.0012683127625783234
2017-03-10,0.003504196306386461
2017-03-13,0.0005048832659221506
2017-03-14,-0.0038266166430150073
2017-03-15,0.008653401751359919
2017-03-16,-0.0019672552796949506
2017-03-17,-0.0017559499890546404
2017-03-20,-0.0010969089715528921
2017-03-21,-0.012839584373637955
2017-03-22,0.0023534281227169528
2017-03-23,-0.0010672078221343447
2017-03-24,-0.0007263889581623538
2017-03-27,-0.0010263202633478353
2017-03-28,0.007276713691018598
2017-03-29,0.0009348001332980798
2017-03-30,0.0031844225945783272
2017-03-31,-0.002327630844843622
2017-04-03,-0.001739255298940647
2017-04-04,0.0006374527143032681
2017-04-05,-0.002972683978382474
2017-04-06,0.0028109255398894176
2017-04-07,-0.0010191325286941356
2017-04-10,0.0005952445852932628
2017-04-11,-0.0011898561103015327
2017-04-12,-0.004381822097029694
2017-04-13,-0.006494954120813931
2017-04-17,0.008860214039562215
2017-04-18,-0.0029845171387691146
2017-04-19,-0.0018384648036194262
2017-04-20,0.00813904031616409
2017-04-21,-0.003186752248931756
2017-04-24,0.010997609664356346
2017-04-25,0.005818664872598838
2017-04-26,-0.0006286258678914454
2017-04-27,0.000838818692236628
2017-04-28,-0.0021791600282796398
2017-05-01,0.0025198381259731862
2017-05-02,0.00037701456040902523
2017-05-03,-0.0012146137634894126
2017-05-04,0.0011743382435281614
2017-05-05,0.003937103820178111
2017-05-08,-0.000167119500255881
2017-05-09,-0.0009177980727642592
2017-05-10,0.001795844937915455
2017-05-11,-0.002042721750330518
2017-05-12,-0.0016709909847609345
2017-05-15,0.005523492567788335
2017-05-16,-0.0009155006649321294
2017-05-17,-0.017744088213761788
2017-05-18,0.004028336425226972
2017-05-19,0.00650442334101836
2017-05-22,0.0050771144457680065
2017-05-23,0.0022129521571853197
2017-05-24,0.002332578032876383
2017-05-25,0.004779698080615967
2017-05-26,-0.0002069548081366525
2017-05-30,-0.0008688193934186017
2017-05-31,-0.0002481884222481111
2017-06-01,0.007952058808814437
2017-06-02,0.003328532744307334
2017-06-05,-0.0007372200819967205
2017-06-06,-0.003196711448606599
2017-06-07,0.0018499613027945251
2017-06-08,0.0004924120708025264
2017-06-09,-0.0015174991219805362
2017-06-12,-0.00020555192180511352
2017-06-13,0.0048901473730201565
2017-06-14,-0.0012678444532546451
2017-06-15,-0.0019241303777188426
2017-06-16,0.00021845271775567873
2017-06-19,0.008324850282678894
2017-06-20,-0.00674386305009473
2017-06-21,-0.0002468977361020258
2017-06-22,-0.0004528421513675058
2017-06-23,0.0011943315671421766
2017-06-26,0.0006580207041255871
2017-06-27,-0.008056212560798857
2017-06-28,0.008950412496256896
2017-06-29,-0.008788828076022966
2017-06-30,0.0018643597008069484
2017-07-03,0.0016955894657273657
2017-07-05,0.0023120387621458696
2017-07-06,-0.00914439333092547
2017-07-07,0.006485135645615828
2017-07-10,0.0010737704506891767
2017-07-11,-0.0007425765940961312
2017-07-12,0.007515000642407126
2017-07-13,0.001679943589786497
2017-07-14,0.004664212219855817
2017-07-17,-0.00012205941978700022
2017-07-18,0.0005292276602202155
2017-07-19,0.005414066198062302
2017-07-20,0.00044557760838908695
2017-07-21,-0.0008901885030067901
2017-07-24,-0.00024324126831928625
2017-07-25,0.0024309365790887256
2017-07-26,4.040431631913264e-05
2017-07-27,-0.0009296173865836913
2017-07-28,-0.0011729816510070946
2017-07-31,-0.0005672564575140738
2017-08-01,0.0022289470699958704
2017-08-02,0.0004852613344708047
2017-08-03,-0.0019401038804851625
2017-08-04,0.0018222939166954407
2017-08-07,0.0018593140164903234
2017-08-08,-0.00246118286740656
2017-08-09,-4.0288109811435984e-05
2017-08-10,-0.014115144924874597
2017-08-11,0.0014767561271516413
2017-08-14,0.009913409876165107
2017-08-15,-0.00012207391154153151
2017-08-16,0.001744370723901713
2017-08-17,-0.01559089047255116
2017-08-18,-0.0015630747995982299
2017-08-21,0.0007827971710529655
2017-08-22,0.01045707638203808
2017-08-23,-0.003585482356767864
2017-08-24,-0.0023306988649411608
2017-08-25,0.002336143712440084
2017-08-28,4.116469310030087e-05
2017-08-29,0.0011448638904430959
2017-08-30,0.004737388552118462
2017-08-31,0.006015972482059038
2017-09-01,0.001414462362073919
2017-09-05,-0.007182406757105108
2017-09-06,0.0034136518464226466
2017-09-07,-0.0001210405725432934
2017-09-08,-0.0011749771292601744
2017-09-11,0.010666033793296658
2017-09-12,0.0033705735356515517
2017-09-13,0.0004799633766616594
2017-09-14,-0.0003200331388018688
2017-09-15,0.0013464133131366645
2017-09-18,0.0021270336310969576
2017-09-19,0.001000771372412415
2017-09-20,0.0003603238528855789
2017-09-21,-0.0026794292419312117
2017-09-22,0.00020027870481194166
2017-09-25,-0.0020444417359029776
2017-09-26,0.0006025092780730172
2017-09-27,0.0038944758685439144
2017-09-28,0.001199691101778546
2017-09-29,0.0035152222414442116
2017-10-02,0.004338378614034597
2017-10-03,0.0021402806991046856
2017-10-04,0.0011863591621502044
2017-10-05,0.005925251156642204
2017-10-06,-0.0011389805965488242
2017-10-09,-0.0016510710756458514
2017-10-10,0.0026382483950586635
2017-10-11,0.0015709702309395022
2017-10-12,-0.0014900121730911096
2017-10-13,0.0012176125481768172
2017-10-16,0.001333458536837685
2017-10-17,0.0007050125728499843
2017-10-18,0.0009786580429224775
2017-10-19,0.0002738056478475849
2017-10-20,0.005160282401348086
2017-10-23,-0.0038891176431522043
2017-10-24,0.0017569221934359506
2017-10-25,-0.004950113866885576
2017-10-26,0.0012927860207607234
2017-10-27,0.008176068742639195
2017-10-30,-0.0037251888808782904
2017-10-31,0.0015579373291742865
2017-11-01,0.0013221868455553095
2017-11-02,0.00038829697801704506
2017-11-03,0.0033387105426276585
2017-11-06,0.0015476219517153336
2017-11-07,-0.0006951135493083742
2017-11-08,0.0017009426850087457
2017-11-09,-0.0036278060512729563
2017-11-10,-0.0003100092839979448
2017-11-13,0.0009297734045449376
2017-11-14,-0.002322138734993349
2017-11-15,-0.0050053093924705494
2017-11-16,0.008501088561935209
2017-11-17,-0.0029390150815402144
2017-11-20,0.0017064219398387277
2017-11-21,0.006542582519284807
2017-11-22,-0.0008842462573622073
2017-11-24,0.002309556484385245
2017-11-27,-0.0004991073579254246
2017-11-28,0.01014461084205452
2017-11-29,-0.0006086665292903112
2017-11-30,0.008755110169675132
2017-12-01,-0.002075725588680667
2017-12-04,-0.0012096169647819086
2017-12-05,-0.0035967130390942227
2017-12-06,0.00019017662537633578
2017-12-07,0.003152885507963446
2017-12-08,0.0054530379382830415
2017-12-11,0.0030130060095878747
2017-12-12,0.0017649280041161924
2017-12-13,-0.00011232101832821686
2017-12-14,-0.004086357582188862
2017-12-15,0.008327415629541283
2017-12-18,0.006341541677770156
2017-12-19,-0.003840834318608251
2017-12-20,-0.0005238248684943277
2017-12-21,0.002059661069769624
2017-12-22,-0.0002617715474123622
2017-12-26,-0.0011960620813733865
2017-12-27,0.000486744970611729
2017-12-28,0.002057165621940788
2017-12-29,-0.0037706985455012846
2018-01-02,0.007157680988144422
2018-01-03,0.006324586152826942
2018-01-04,0.004215359423586931
2018-01-05,0.006664018935872674
2018-01-08,0.0018284393436659827
2018-01-09,0.0022632489275488726
2018-01-10,-0.0015295427371694054
2018-01-11,0.0072962259736262655
2018-01-12,0.006518572030126278
2018-01-16,-0.003418236702202193
2018-01-17,0.009531570180740115
2018-01-18,-0.0016805299377422485
2018-01-19,0.004549525787543606
2018-01-22,0.008131180080873728
2018-01-23,0.002122337439757033
2018-01-24,-0.0003881655692527109
2018-01-25,0.0004238191532661856
2018-01-26,0.011577698966542004
2018-01-29,-0.0066299450379410756
2018-01-30,-0.010257247678323467
2018-01-31,0.0004970714034598965
2018-02-01,-0.0011355016050989839
2018-02-02,-0.021769782422222446
2018-02-05,-0.04182255780945201
2018-02-06,0.019702366455961903
2018-02-07,-0.005424884430189347
2018-02-08,-0.03750894980473656
2018-02-09,0.015021657189589074
2018-02-12,0.014684074317895304
2018-02-13,0.002487730440445963
2018-02-14,0.013496200959215712
2018-02-15,0.012760193114670141
2018-02-16,0.00029273079928144067
2018-02-20,-0.006261151234181564
2018-02-21,-0.004974340553673938
2018-02-22,0.0012962415962057092
2018-02-23,0.015939434273804634
2018-02-26,0.011612126876747737
2018-02-27,-0.012486220296439027
2018-02-28,-0.010130134932381428
2018-03-01,-0.014540854304294663
2018-03-02,0.0051551088833040395
2018-03-05,0.011557735904769736
2018-03-06,0.002535227785133748
2018-03-07,-0.00036696064383810056
2018-03-08,0.004839437142601821
2018-03-09,0.017402538259254155
2018-03-12,-0.0012554313981062125
2018-03-13,-0.006462216145324385
2018-03-14,-0.005132145537940544
2018-03-15,-0.0010894330688537776
2018-03-16,0.001084728717711263
2018-03-19,-0.013530619369731444
2018-03-20,0.0017004910661984028
2018-03-21,-0.0019192843724199508
2018-03-22,-0.024997007885385166
2018-03-23,-0.021314469865477144
2018-03-26,0.02735903766108807
2018-03-27,-0.01701182279592372
2018-03-28,-0.0029546740428742064
2018-03-29,0.012777454207365294
2018-04-02,-0.021584774448461935
2018-04-03,0.012817129643204106
2018-04-04,0.010699253201217463
2018-04-05,0.007892001254513057
2018-04-06,-0.022285973855892316
2018-04-09,0.004928468811600013
2018-04-10,0.01590012059771304
2018-04-11,-0.005241915980244768
2018-04-12,0.008226843866367906
2018-04-13,-0.0029331746384874983
2018-04-16,0.008221681574548825
2018-04-17,0.010698327193909478
2018-04-18,0.0007405197859256151
2018-04-19,-0.005547702701670563
2018-04-20,-0.008479343596649208
2018-04-23,-0.00014971511816753904
2018-04-24,-0.013467459103749232
2018-04-25,0.0024716651707375275
2018-04-26,0.010165691723563491
2018-04-27,0.0009389239363434595
2018-04-30,-0.007690743151822498
2018-05-01,0.0017769240272631833
2018-05-02,-0.0067174506617834395
2018-05-03,-0.002203675795317217
2018-05-04,0.012946483827005837
2018-05-07,0.003383040903435081
2018-05-08,0.0
2018-05-09,0.009665954807080764
2018-05-10,0.009350352629653861
2018-05-11,0.003051630822083773
2018-05-14,0.0004764002510101403
2018-05-15,-0.006886713452451702
2018-05-16,0.0042047240939083
2018-05-17,-0.000844716382219533
2018-05-18,-0.002499861072750602
2018-05-21,0.007518506041355109
2018-05-22,-0.002780084886799085
2018-05-23,0.0027509120210437257
2018-05-24,-0.002048508909366289
2018-05-25,-0.0023824382808528936
2018-05-29,-0.011501338499426722
2018-05-30,0.013345006273312846
2018-05-31,-0.0061262731769207825
2018-06-01,0.009818081103191567
2018-06-04,0.004751259919575229
2018-06-05,0.0007275793350297348
2018-06-06,0.008360732039080675
2018-06-07,-0.00010854432118008135
2018-06-08,0.0029567304127716037
2018-06-11,0.0013300249067750482
2018-06-12,0.0012923728879556192
2018-06-13,-0.0031909229553631043
2018-06-14,0.002517765458187934
2018-06-15,-0.0012758320817942168
2018-06-18,-0.0020571806189371837
2018-06-19,-0.0038324145292284156
2018-06-20,0.0017062527377461072
2018-06-21,-0.006269226268922011
2018-06-22,0.0018232076951712653
2018-06-25,-0.013613013607102424
2018-06-26,0.002214389412752649
2018-06-27,-0.008284499515976835
2018-06-28,0.005717671748720838
2018-06-29,0.00143961187880065
2018-07-02,0.002137844341138512
2018-07-03,-0.003530963309019949
2018-07-05,0.008157690736587604
2018-07-06,0.008458274427501102
2018-07-09,0.00900440374767069
2018-07-10,0.0035985157567952433
2018-07-11,-0.0073146329145038665
2018-07-12,0.00906602828820985
2018-07-13,0.0007876290294482101
2018-07-16,-0.0008940982655334048
2018-07-17,0.004045257403430265
2018-07-18,0.0021037074617704715
2018-07-19,-0.0037719746012262697
2018-07-20,-0.001142750660074254
2018-07-23,0.0018593414006309616
2018-07-24,0.005032097184816287
2018-07-25,0.008522610845598385
2018-07-26,-0.0023592618746006355
2018-07-27,-0.0067764714433372585
2018-07-30,-0.005223314322198825
2018-07-31,0.004929577769015675
2018-08-01,-0.0016705257888109531
2018-08-02,0.005447797634565418
2018-08-03,0.004284283953574382
2018-08-06,0.0036672212244487183
2018-08-07,0.003302381937129524
2018-08-08,-0.0004199162889829901
2018-08-09,-0.001366254494465259
2018-08-10,-0.006700375818865126
2018-08-13,-0.0037432088786090827
2018-08-14,0.006380976557846873
2018-08-15,-0.007467873853459178
2018-08-16,0.00809127663931662
2018-08-17,0.0035204806372652626
2018-08-20,0.002140079507196237
2018-08-21,0.00234531059141876
2018-08-22,-0.0005934783988585134
2018-08-23,-0.0013278482265975354
2018-08-24,0.006018385352944924
2018-08-27,0.007895163810302142
2018-08-28,0.0004829905467761827
2018-08-29,0.005381305627195456
2018-08-30,-0.0040489626333680044
2018-08-31,3.487539307722257e-05
2018-09-04,-0.0017223439446050481
2018-09-05,-0.0026914946135233
2018-09-06,-0.0030101902813497975
2018-09-07,-0.0019435431181959728
2018-09-10,0.0017388142938524669
2018-09-11,0.0032978626050697837
2018-09-12,0.000241656788903082
2018-09-13,0.005915127310945812
2018-09-14,0.00017156400311571634
2018-09-17,-0.005294288706467756
2018-09-18,0.0054261269997468225
2018-09-19,0.001065922825001936
2018-09-20,0.00810313752896605
2018-09-21,-0.0009133427249132943
2018-09-24,-0.0033220227406410767
2018-09-25,-0.0009277444403889033
2018-09-26,-0.002992148434981316
2018-09-27,0.002794178444848113
2018-09-28,0.00010318658394542187
2018-10-01,0.0034741420630904295
2018-10-02,-0.000582718081534546
2018-10-03,0.0005486076397094243
2018-10-04,-0.007815553825866947
2018-10-05,-0.005597149733812577
2018-10-08,0.0
2018-10-09,-0.0014592563612851042
2018-10-10,-0.03166306715369257
2018-10-11,-0.022026462210054894
2018-10-12,0.03205621640670027
2018-10-15,-0.0056170989970770495
2018-10-16,0.021866044722795387
2018-10-17,0.00017818656618048416
2018-10-18,-0.014441150096387585
2018-10-19,-0.0005422336142029614
2018-10-22,-0.004488959864523701
2018-10-23,-0.005090949207520393
2018-10-24,0.004218870774268868
2018-10-25,0.034390445351299447
2018-10-26,-0.019132521772745176
2018-10-29,0.01151752664807817
2018-10-30,0.019834799423483915
2018-10-31,-0.009364263508613028
2018-11-01,0.007089264147271085
2018-11-02,-0.005234297640363777
2018-11-05,0.012520510838900815
2018-11-06,0.006093131059160791
2018-11-07,0.02140884569375934
2018-11-08,-0.0018152101611618717
2018-11-09,-0.009768013211889965
2018-11-12,-0.018685493918130684
2018-11-13,-0.0023001225918004168
2018-11-14,-0.0067388131292724805
2018-11-15,-0.0016068208401093
2018-11-16,0.0025037566070298255
2018-11-19,-0.0016055560113573631
2018-11-20,-0.016616074352880924
2018-11-21,-0.007994135177930722
2018-11-23,0.0034799118312673475
2018-11-26,0.0012775677208814768
2018-11-27,0.008931735699964406
2018-11-28,0.00831078632679949
2018-11-29,-0.002185189381931404
2018-11-30,0.006440098785727061
2018-12-03,0.013241563792607195
2018-12-04,-0.03240249616036671
2018-12-06,0.0010840760028129962
2018-12-07,-0.012630871988626459
2018-12-10,0.0
2018-12-11,0.008223589441815098
2018-12-12,-0.0012688538408725848
2018-12-13,0.006170454329029472
2018-12-14,-0.016955002519977568
2018-12-17,-0.02311936431180529
2018-12-18,-0.011833215201840596
2018-12-19,-0.009694061698729972
2018-12-20,-0.017850321901164846
2018-12-21,-0.030382347896610287
2018-12-24,-0.026689352317180937
2018-12-26,0.060395834749486094
2018-12-27,0.009582679506913572
2018-12-28,0.0
2018-12-31,0.004152675285468637
2019-01-02,-0.005907424974844947
2019-01-03,-0.005745438571632583
2019-01-04,0.021319471393135815
2019-01-07,-0.0013658660506394816
2019-01-08,0.00918167183109018
2019-01-09,-0.009291904082763475
2019-01-10,0.005861622330854511
2019-01-11,0.0029138684542712183
2019-01-14,-0.004841762892700884
2019-01-15,0.00992582819469447
2019-01-16,-0.005395688811059086
2019-01-17,0.004262494666662915
2019-01-18,0.011962033181426896
2019-01-22,-0.00915159426160844
2019-01-23,0.011929991416708224
2019-01-24,-0.012359657445347769
2019-01-25,-0.004043141269693539
2019-01-28,0.004252789132795392
2019-01-29,0.0023098059589873967
2019-01-30,0.006721566325202797
2019-01-31,0.018504537222596585
2019-02-01,-0.0031838156287454624
2019-02-04,0.006388409450371293
2019-02-05,0.0041922067306936605
2019-02-06,-0.0013183544161930187
2019-02-07,-0.009532819614842791
2019-02-08,0.004669298283295784
2019-02-11,0.0026028982998258436
2019-02-12,0.0077878144324757155
2019-02-13,0.003246743929752302
2019-02-14,-0.0022181388315385365
2019-02-15,0.01089723044202335
2019-02-19,0.0017306429591658144
2019-02-20,0.0020152361849916168
2019-02-21,-0.0035555306063312533
2019-02-22,0.006199986723427609
2019-02-25,0.0013612537991612196
2019-02-26,-0.0007157329980684997
2019-02-27,-0.00042974738322410687
2019-02-28,-0.0018622431262607822
2019-03-01,0.006243622202842588
2019-03-04,-0.003637365218517531
2019-03-05,-0.0013599874221665465
2019-03-06,-0.00605712776391922
2019-03-07,-0.008365170363745227
2019-03-08,-0.002000108934060323
2019-03-11,0.014501441534074356
2019-03-12,0.0037707604614621794
2019-03-13,0.006619284532631146
2019-03-14,-0.0006397495750551879
2019-03-15,0.004940585802151423
2019-03-18,0.0036256906913231307
2019-03-19,0.0002481317009503474
2019-03-20,-0.003010118730049644
2019-03-21,0.01129493694506231
2019-03-22,-0.019246256259000418
2019-03-25,-0.0007519955315553724
2019-03-26,0.007453927498345402
2019-03-27,-0.005229135613854484
2019-03-28,0.0037903353206690527
2019-03-29,0.006305622302976139
2019-04-01,0.011858734197690811
2019-04-02,0.0004903059158696515
2019-04-03,0.0015735440758434908
2019-04-04,0.002653442526953168
2019-04-05,0.004840408554858359
2019-04-08,0.0007619845012022082
2019-04-09,-0.005124446808751458
2019-04-10,0.0034110225933584194
2019-04-11,-0.0002779019524590425
2019-04-12,0.0067661295867454604
2019-04-15,-0.0006552502453961454
2019-04-16,0.0006556798797982845
2019-04-17,-0.0024469794712116437
2019-04-18,0.001969043469995937
2019-04-22,0.0008624271395231245
2019-04-23,0.008991378116111977
2019-04-24,-0.0022196465399182963
2019-04-25,-0.0006158881670126523
2019-04-26,0.004656983359022813
2019-04-29,0.0015679928925082386
2019-04-30,0.0005103756295115526
2019-05-01,-0.007516586273811122
2019-05-02,-0.002159060346693472
2019-05-03,0.009787776761888101
2019-05-06,-0.004114945177489218
2019-05-07,-0.016700348602219053
2019-05-08,-0.001388764723105573
2019-05-09,-0.0030256876153683283
2019-05-10,0.005023315323974263
2019-05-13,-0.02513049503553358
2019-05-14,0.009044232289499809
2019-05-15,0.005856983633004649
2019-05-16,0.009261304179202777
2019-05-17,-0.006465093842562633
2019-05-20,-0.006611689070329013
2019-05-21,0.009015294049721265
2019-05-22,-0.003071160657009479
2019-05-23,-0.012218659176761267
2019-05-24,0.0022684184548398038
2019-05-28,-0.00930087426086854
2019-05-29,-0.006710366134713038
2019-05-30,0.0027310950846406385
2019-05-31,-0.013475147404539776
2019-06-03,-0.01752703000232857
2019-06-04,0.03341351291469186
2019-06-05,0.008662291634591465
2019-06-06,0.006502579697348081
2019-06-07,0.010006981281211854
2019-06-10,0.0045890172763142605
2019-06-11,-0.0002420176875575219
2019-06-12,-0.001765129678751584
2019-06-13,0.004126233537096786
2019-06-14,-0.001105245081629992
2019-06-17,0.0003800835289172469
2019-06-18,0.010471211581024459
2019-06-19,0.002257176000806733
2019-06-20,0.009554547138143762
2019-06-21,-0.001453619681027668
2019-06-24,-0.0012245421998563512
2019-06-25,-0.009808002158298202
2019-06-26,-0.0009973091996471311
2019-06-27,0.0035459768479137784
2019-06-28,0.005146037454681137
2019-07-01,0.009078082029086637
2019-07-02,0.0026043752817108906
2019-07-03,0.00799515249943247
2019-07-05,-0.001137965277260392
2019-07-08,-0.005494908459441147
2019-07-09,0.001247041216630032
2019-07-10,0.004777639225530817
2019-07-11,0.0023442137272952877
2019-07-12,0.004477087135653657
2019-07-15,0.00033235771111589466
2019-07-16,-0.0032252434930963203
2019-07-17,-0.006805020112368847
2019-07-18,0.0036609406121665363
2019-07-19,-0.005554777586088621
2019-07-22,0.0024562538924132976
2019-07-23,0.007150178893806598
2019-07-24,0.004699553489903804
2019-07-25,-0.004777050732642978
2019-07-26,0.006700184531227658
2019-07-29,-0.0018211380362495328
2019-07-30,-0.0024547942446314862
2019-07-31,-0.010940349988439483
2019-08-01,-0.008708079572200312
2019-08-02,-0.0075293906189288495
2019-08-05,-0.030073237745692906
2019-08-06,0.014023183583341134
2019-08-07,0.0005904352549773751
2019-08-08,0.019620299411125097
2019-08-09,-0.006811496213085066
2019-08-12,-0.012173280758945129
2019-08-13,0.015551354828556114
2019-08-14,-0.02956746394104367
2019-08-15,0.0026413616636508605
2019-08-16,0.014755086561174673
2019-08-19,0.012048140478077984
2019-08-20,-0.007662657165956238
2019-08-21,0.008135781928852994
2019-08-22,-0.0003080766481724126
2019-08-23,-0.025687649145661202
2019-08-26,0.011058839119275424
2019-08-27,-0.003924402889205739
2019-08-28,0.007042053057298712
2019-08-29,0.012772843597409822
2019-08-30,-0.00044378556031575016
2019-09-03,-0.005847779084828135
2019-09-04,0.01135085764845556
2019-09-05,0.012855194227446685
2019-09-06,0.0007721758212602405
2019-09-09,0.0005035108198552199
2019-09-10,-0.00023475498726516689
2019-09-11,0.0071107911611837295
2019-09-12,0.0034637661598408516
2019-09-13,-0.0006636409020073085
2019-09-16,-0.00308869411462312
2019-09-17,0.0025315769807789344
2019-09-18,0.0005982477522639506
2019-09-19,-6.628218498041187e-05
2019-09-20,-0.004724691244094417
2019-09-23,-0.0002348570357265382
2019-09-24,-0.007846655826246853
2019-09-25,0.005914805641078021
2019-09-26,-0.0020831562616513166
2019-09-27,-0.005387288819277634
2019-09-30,0.004637549640118064
2019-10-01,-0.011894660540753589
2019-10-02,-0.017664556535437345
2019-10-03,0.008192803699383631
2019-10-04,0.013532098318382448
2019-10-07,-0.004314692136890383
2019-10-08,-0.015524938537911776
2019-10-09,0.009496529293775197
2019-10-10,0.00676344322346019
2019-10-11,0.010367086461551697
2019-10-14,-0.001113681329814967
2019-10-15,0.009899941843482954
2019-10-16,-0.0016060549807509256
2019-10-17,0.002949170661606855
2019-10-18,-0.0043769387461859
2019-10-21,0.006779227814812563
2019-10-22,-0.0032666702494542057
2019-10-23,0.0029092002626413048
2019-10-24,0.0016343283867465877
2019-10-25,0.004094593934521306
2019-10-28,0.005636700957603966
2019-10-29,-0.0002966912256127708
2019-10-30,0.0030671270675826927
2019-10-31,-0.002662846209098191
2019-11-01,0.009263563852942495
2019-11-04,0.004017641618919966
2019-11-05,-0.001105979962000113
2019-11-06,0.00022805402903140973
2019-11-07,0.003516459088901243
2019-11-08,0.0024660727575187146
2019-11-11,-0.001909553477159214
2019-11-12,0.002108016830007344
2019-11-13,0.00032374561671793547
2019-11-14,0.0014555108418590034
2019-11-15,0.00723635974952219
2019-11-18,0.000737865434590409
2019-11-19,-0.00028861576205262666
2019-11-20,-0.003718811848642963
2019-11-21,-0.0016087491294489
2019-11-22,0.0022238967697948337
2019-11-25,0.007749880526607044
2019-11-26,0.0022657222623383706
2019-11-27,0.004457627730203021
2019-11-29,-0.0037083966687613953
2019-12-02,-0.008495054861861598
2019-12-03,-0.006706540606027022
2019-12-04,0.006170093352244144
2019-12-05,0.0017983751490479073
2019-12-06,0.009133986246323932
2019-12-09,-0.003144216523648894
2019-12-10,-0.0011151705314736413
2019-12-11,0.0028385870555610896
2019-12-12,0.008619416277837152
2019-12-13,0.0005989857444158033
2019-12-16,0.006869969610529886
2019-12-17,0.00021904759793459755
2019-12-18,6.269194129923455e-05
2019-12-19,0.004098782797227712
2019-12-20,0.004384226998968083
2019-12-23,0.0015280376917359239
2019-12-24,3.082340601980075e-05
2019-12-26,0.0053234038356091105
2019-12-27,-0.00024766433718766807
2019-12-30,-0.0055133779669257615
2019-12-31,0.0024292124319563895
2020-01-02,0.009351999444404702
2020-01-03,-0.0075723725351899505
2020-01-06,0.0038154918421115912
2020-01-07,-0.002812163704701344
2020-01-08,0.005329964653404101
2020-01-09,0.006780466141788975
2020-01-10,-0.0028780059415769933
2020-01-13,0.006877585612251239
2020-01-14,-0.0015247924352119286
2020-01-15,0.0022601882461806343
2020-01-16,0.008318404044540175
2020-01-17,0.0031123797600281877
2020-01-21,-0.0019582734474884343
2020-01-22,0.00012085936376915881
2020-01-23,0.0011467590205598162
2020-01-24,-0.00889311276754337
2020-01-27,-0.016029448335762315
2020-01-28,0.010479035392980169
2020-01-29,-0.0008260108930764065
2020-01-30,0.0032454280598663973
2020-01-31,-0.018157824359203243
2020-02-03,0.0074285597446734465
2020-02-04,0.015241195267582205
2020-02-05,0.011548273623768339
2020-02-06,0.003364773513535424
2020-02-07,-0.005329405753973438
2020-02-10,0.007465197302510579
2020-02-11,0.0017330070093469659
2020-02-12,0.006442508664059924
2020-02-13,-0.0010667122900693503
2020-02-14,0.0016021753737778558
2020-02-18,-0.002577076170784136
2020-02-19,0.004781035415564444
2020-02-20,-0.004108233817567397
2020-02-21,-0.010298110917306426
2020-02-24,-0.033165286675199336
2020-02-25,-0.030302289004531666
2020-02-26,-0.0036781396469273636
2020-02-27,-0.044911757772078224
2020-02-28,0.00763960086840639
2020-03-02,0.05782543014716246
2020-03-03,-0.028632128510131406
2020-03-04,0.04912055174943226
2020-03-05,-0.03324163554974632
2020-03-06,-0.007899207058663225
2020-03-09,-0.0435490940813244
2020-03-10,0.06669873374298337
2020-03-11,-0.04905010146601508
2020-03-12,-0.09395657146766105
2020-03-13,0.11731942797795478
2020-03-16,-0.06783245340843358
2020-03-17,0.08432829599424634
2020-03-18,-0.025690396183866843
2020-03-19,-0.03336311252979112
2020-03-20,-0.06476181468739142
2020-03-23,-0.029592800160790814
2020-03-24,0.05099718974265858
2020-03-25,-0.0027390828471455368
2020-03-26,0.05473780201972124
2020-03-27,-0.004650200785536628
2020-03-30,0.0390581194868141
2020-03-31,-0.020323518024327566
2020-04-01,-0.016890199969142566
2020-04-02,0.025583582029919436
2020-04-03,0.00782959411929488
2020-04-06,0.037217722703257995
2020-04-07,-0.011496120611991558
2020-04-08,0.014801739552453277
2020-04-09,0.009376495737494956
2020-04-13,-0.007397157512722259
2020-04-14,0.042460911866720706
2020-04-15,-0.01579375850486627
2020-04-16,0.006587885848978012
2020-04-17,0.015270875630511629
2020-04-20,-0.019669326525820156
2020-04-21,-0.021244240902779737
2020-04-22,0.009646633427383155
2020-04-23,-0.00887224628923212
2020-04-24,0.010673145246635351
2020-04-27,0.0028957069879613326
2020-04-28,0.005604553915616204
2020-04-29,-0.004222247690039616
2020-04-30,-0.011872375709084703
2020-05-01,-0.010985430253348335
2020-05-04,-0.0005203962280359751
2020-05-05,0.0008680934757765399
2020-05-06,-0.010929717655448517
2020-05-07,-0.002806812266392174
2020-05-08,0.02233933469413791
2020-05-11,-0.0013764089219812147
2020-05-12,-0.008442202562408999
2020-05-13,-0.009035818131465999
2020-05-14,-0.0024548320051593995
2020-05-15,0.008789025773153162
2020-05-18,0.01585658962792825
2020-05-19,-0.01835355572443184
2020-05-20,0.011881811252082305
2020-05-21,-0.011051591549257188
2020-05-22,0.003492172392264333
2020-05-26,0.005394144692179448
2020-05-27,0.014878967123045286
2020-05-28,-0.00184483327409977
2020-05-29,0.004455959405174573
2020-06-01,0.004041693186783306
2020-06-02,0.008280063429197503
2020-06-03,0.013308069211707418
2020-06-04,-0.002626444327941603
2020-06-05,0.02562953427676939
2020-06-08,0.012087352681372981
2020-06-09,-0.007456434446094547
2020-06-10,-0.005580172331298809
2020-06-11,-0.057649100580813004
2020-06-12,0.011976143614269965
2020-06-15,0.009335383683918421
2020-06-16,0.01924767980707331
2020-06-17,-0.004154008572427115
2020-06-18,0.00038531490902114383
2020-06-19,-0.005715211593821968
2020-06-22,0.006415403598989431
2020-06-23,0.004603532476432885
2020-06-24,-0.025508622942739232
2020-06-25,0.010720864669662777
2020-06-26,-0.02375185923661617
2020-06-29,0.01469757531913631
2020-06-30,0.012809577706313396
2020-07-01,0.007004927721720544
2020-07-02,0.005506782190732819
2020-07-06,0.015437284025384858
2020-07-07,-0.010313645643375087
2020-07-08,0.0076486451033542175
2020-07-09,-0.005693150683204349
2020-07-10,0.010210609472797914
2020-07-13,-0.008658978606632476
2020-07-14,0.012959259548060358
2020-07-15,0.009187132951398102
2020-07-16,-0.0032933694760686498
2020-07-17,0.0028990258945748326
2020-07-20,0.008081396555532276
2020-07-21,0.0021278134399387704
2020-07-22,0.005692104065906895
2020-07-23,-0.011931824822785498
2020-07-24,-0.006440356370980409
2020-07-27,0.007292327531800209
2020-07-28,-0.006342365424385423
2020-07-29,0.012298784054465424
2020-07-30,-0.0035681124776954652
2020-07-31,0.00790226017500213
2020-08-03,0.006951998753055807
2020-08-04,0.0038627250368237025
2020-08-05,0.00621103071163401
2020-08-06,0.006684640551151999
2020-08-07,0.0007176127323696006
2020-08-10,0.0029890342171586034
2020-08-11,-0.008254721767575475
2020-08-12,0.013942590168405128
2020-08-13,-0.001807819431888092
2020-08-14,2.9489570061793965e-05
2020-08-17,0.0031765938223440914
2020-08-18,0.0021604088053838863
2020-08-19,-0.004163371726801588
2020-08-20,0.003113418572997278
2020-08-21,0.003547247100166496
2020-08-24,0.010133235841227085
2020-08-25,0.0034993467666450504
2020-08-26,0.010025273636835795
2020-08-27,0.0021870556736708776
2020-08-28,0.006459011859403835
2020-08-31,-0.003622451276049872
2020-09-01,0.009418586880056362
2020-09-02,0.014464076386000899
2020-09-03,-0.034414244030268396
2020-09-04,-0.00816478067876328
2020-09-08,-0.027322928459201073
2020-09-09,0.019747245545930298
2020-09-10,-0.017363626604595613
2020-09-11,0.0005090203864853694
2020-09-14,0.013171411427083729
2020-09-15,0.005052392252520872
2020-09-16,-0.0039686639807854085
2020-09-17,-0.008795401153829562
2020-09-18,-0.011512680061823802
2020-09-21,-0.01112950289447932
2020-09-22,0.010184509417946498
2020-09-23,-0.023190885810875587
2020-09-24,0.0026652891544913953
2020-09-25,0.016167188355492194
2020-09-28,0.016609317032388434
2020-09-29,-0.005446050927432621
2020-09-30,0.00758210026228042
2020-10-01,0.006419635108153868
2020-10-02,-0.009494301553782553
2020-10-05,0.017732868158661565
2020-10-06,-0.014215770962983796
2020-10-07,0.017406544849008262
2020-10-08,0.008862715160415504
2020-10-09,0.008930095930531935
2020-10-12,0.016087719525857726
2020-10-13,-0.006526192789135305
2020-10-14,-0.0062835714530745995
2020-10-15,-0.001235636310380277
2020-10-16,-0.0006043474356939384
2020-10-19,-0.015203570159367142
2020-10-20,0.004006166607732059
2020-10-21,-0.0018932860422959793
2020-10-22,0.005485478191123525
2020-10-23,0.0033949454123157266
2020-10-26,-0.018479839674694958
2020-10-27,-0.0034476492166330285
2020-10-28,-0.034178813045214966
2020-10-29,0.010163584286419426
2020-10-30,-0.010424916236677937
2020-11-02,0.011208582380572587
2020-11-03,0.017655985454825305
2020-11-04,0.022349173676600508
2020-11-05,0.019502806485916718
2020-11-06,-0.00022843547396959825
2020-11-09,0.0125654988534039
2020-11-10,-0.0014665528886659118
2020-11-11,0.007428675194667908
2020-11-12,-0.009701026265437467
2020-11-13,0.013844375971680605
2020-11-16,0.01248277907598828
2020-11-17,-0.005378234054160705
2020-11-18,-0.01203486307103207
2020-11-19,0.004210320825796827
2020-11-20,-0.006847732107220222
2020-11-23,0.005994107951118548
2020-11-24,0.01611357842441658
2020-11-25,-0.001541449795432914
2020-11-27,0.0027848418402710777
2020-11-30,-0.004427104894672244
2020-12-01,0.01093739947243132
2020-12-02,0.0021037878305745676
2020-12-03,-0.0002724347293297817
2020-12-04,0.008617238953551118
2020-12-07,-0.002054447327366573
2020-12-08,0.0029260212117935896
2020-12-09,-0.008969126543246017
2020-12-10,-0.0003265976587430581
2020-12-11,-0.0011731041380296597
2020-12-14,-0.004477068741699158
2020-12-15,0.013519193165681414
2020-12-16,0.0015697624398122694
2020-12-17,0.0055918380152916985
2020-12-18,-0.00399273418024193
2020-12-21,-0.003575630451966293
2020-12-22,-0.001685452834906948
2020-12-23,0.0008986972523387929
2020-12-24,0.003890140963491799
2020-12-28,0.008590970172908732
2020-12-29,-0.001907706118177919
2020-12-30,0.001426706743954524
2020-12-31,0.005080998283393862
2021-01-04,-0.013614428410703275
2021-01-05,0.0068877686626002
2021-01-06,0.005978383305955997
2021-01-07,0.014857489414251579
2021-01-08,0.005697674398392922
2021-01-11,-0.006740867512826168
2021-01-12,0.00021133402931165576
2021-01-13,0.002693004451429626
2021-01-14,-0.003501939482994812
2021-01-15,-0.007292798594266713
2021-01-19,0.007851859491231357
2021-01-20,0.013838839069656064
2021-01-21,0.0009117296686772839
2021-01-22,-0.0035394130887027838
2021-01-25,0.003943695568628254
2021-01-26,-0.0015606015606015606
2021-01-27,-0.02444076670128072
2021-01-28,0.008600153241654099
2021-01-29,-0.02001957687667065
2021-02-01,0.016645615257157055
2021-02-02,0.014140128492964046
2021-02-03,0.0007863247538503877
2021-02-04,0.011365743471086874
2021-02-05,0.0039358305960770345
2021-02-08,0.007222228831808502
2021-02-09,-0.0006659406819222458
2021-02-10,-0.00043564472126083015
2021-02-11,0.0016151219061445413
2021-02-12,0.00493942054611402
2021-02-16,-0.0008658183023483161
2021-02-17,0.00022953401487494637
2021-02-18,-0.004255942647297758
2021-02-19,-0.0017661177428131513
2021-02-22,-0.007691862574533265
2021-02-23,0.00121463073284764
2021-02-24,0.011019341133545241
2021-02-25,-0.024095913367876448
2021-02-26,-0.005152561617927271
2021-03-01,0.024240277053517136
2021-03-02,-0.007803333136561374
2021-03-03,-0.013245584052383626
2021-03-04,-0.012374796074189518
2021-03-05,0.018396420197674207
2021-03-08,-0.004978705876573441
2021-03-09,0.01427770188866921
2021-03-10,0.006224473522925727
2021-03-11,0.010139140327555963
2021-03-12,0.0013467776674021784
2021-03-15,0.005963553470186121
2021-03-16,-0.0012611918936629221
2021-03-17,0.0034098676947367
2021-03-18,-0.014549969661472458
2021-03-19,-0.001850386341580174
2021-03-22,0.007985509437424076
2021-03-23,-0.007871136078237567
2021-03-24,-0.005083441901280792
2021-03-25,0.00562559405893607
2021-03-26,0.01611486531183977
2021-03-29,-0.0005052336718172248
2021-03-30,-0.002652821864476325
2021-03-31,0.004053504057164707
2021-04-01,0.010798904846572624
2021-04-05,0.014353248015455983
2021-04-06,-0.0005905996704020668
2021-04-07,0.001157395802032514
2021-04-08,0.00474659735112293
2021-04-09,0.0072703895837466625
2021-04-12,0.00036432337965680496
2021-04-13,0.002963626723443717
2021-04-14,-0.0034149472748113037
2021-04-15,0.010742479482168287
2021-04-16,0.003342217432233509
2021-04-19,-0.004912963579626364
2021-04-20,-0.007321477298342607
2021-04-21,0.009462039895203342
2021-04-22,-0.009133087567991824
2021-04-23,0.010842431622040962
2021-04-26,0.002087637924213984
2021-04-27,-0.00021562652165324362
2021-04-28,-0.0002872494138208498
2021-04-29,0.0063728369655543125
2021-04-30,-0.006570694776350033
2021-05-03,0.0021569229096014943
2021-05-04,-0.006169274262570224
2021-05-05,0.0003126620546709001
2021-05-06,0.007985437993698791
2021-05-07,0.007278176879226586
2021-05-10,-0.009902469035529203
2021-05-11,-0.008924777314701315
2021-05-12,-0.02124515545553802
2021-05-13,0.01201261796739975
2021-05-14,0.015355275188620142
2021-05-17,-0.0025446454051330273
2021-05-18,-0.008615491809750403
2021-05-19,-0.0026217776955413516
2021-05-20,0.010757826060683763
2021-05-21,-0.0008184741396176121
2021-05-24,0.010194036754028371
2021-05-25,-0.0022186731599620336
2021-05-26,0.001984356312250621
2021-05-27,0.0005252769243018197
2021-05-28,0.001788591128898161
2021-06-01,-0.000880815003283315
2021-06-02,0.0015724819493235901
2021-06-03,-0.0037111532107803767
2021-06-04,0.00914579921384945
2021-06-07,-0.0009702852285769282
2021-06-08,0.00021328736739060174
2021-06-09,-0.001491915511729587
2021-06-10,0.004648328865723485
2021-06-11,0.0016524363843001876
2021-06-14,0.0022390087032572396
2021-06-15,-0.0018343736792320311
2021-06-16,-0.005583095594990571
2021-06-17,-0.0003317394693724491
2021-06-18,-0.013490416054047273
2021-06-21,0.014315957385123134
2021-06-22,0.005346214398301606
2021-06-23,-0.0012052396476575228
2021-06-24,0.00591542638883865
2021-06-25,0.003552362035079787
2021-06-28,0.002015808196218426
2021-06-29,0.0005382388494047671
2021-06-30,0.0008416315974078941
2021-07-01,0.0055365471912975205
2021-07-02,0.007643527941007265
2021-07-06,-0.0018214823523001204
2021-07-07,0.003534082934134136
2021-07-08,-0.008147939199584352
2021-07-09,0.010674641149052259
2021-07-12,0.003582061911798903
2021-07-13,-0.0034089361923293356
2021-07-14,0.0014921103238839776
2021-07-15,-0.0034154254503746214
2021-07-16,-0.007843745494258439
2021-07-19,-0.014767610850232673
2021-07-20,0.014330094685411649
2021-07-21,0.008096251989436046
2021-07-22,0.00209407488291259
2021-07-23,0.01028800861617433
2021-07-26,0.0024549454819070256
2021-07-27,-0.004557487850707018
2021-07-28,-0.000410160956673403
2021-07-29,0.0041475254893088755
2021-07-30,-0.0048565173886915
2021-08-02,-0.002097931016773595
2021-08-03,0.008135287719340504
2021-08-04,-0.004918832073438492
2021-08-05,0.006332837989660792
2021-08-06,0.0016522152785084566
2021-08-09,-0.0008131309402684604
2021-08-10,0.0012437138736989645
2021-08-11,0.0024850034291080438
2021-08-12,0.0029969318899634536
2021-08-13,0.0018197310916187722
2021-08-16,0.002354783574843198
2021-08-17,-0.006555260726355872
2021-08-18,-0.010945064584911329
2021-08-19,0.001548557799806216
2021-08-20,0.007957119693234975
2021-08-23,0.008796279992259706
2021-08-24,0.0015873276089323606
2021-08-25,0.0020984930439328824
2021-08-26,-0.005903128234317375
2021-08-27,0.008940830673607418
2021-08-30,0.004397685528153374
2021-08-31,-0.001481722109825784
2021-09-01,0.0005314163394395591
2021-09-02,0.0030767523168378926
2021-09-03,-0.00024283120674253132
2021-09-07,-0.0035753695767107465
2021-09-08,-0.001218301096775508
2021-09-09,-0.0042803981661741685
2021-09-10,-0.007884290254214119
2021-09-13,0.0025591101160281787
2021-09-14,-0.005396512266189922
2021-09-15,0.00835258860236446
2021-09-16,-0.0015850573121585034
2021-09-17,-0.009741237490573599
2021-09-20,-0.01667413018695564
2021-09-21,-0.0009445625596600447
2021-09-22,0.009754709012242315
2021-09-23,0.012150054756024205
2021-09-24,0.0016474047338295768
2021-09-27,-0.0028610905793713935
2021-09-28,-0.020151883819780104
2021-09-29,0.0016832615568036643
2021-09-30,-0.012222436599987337
2021-10-01,0.01188402405393012
2021-10-04,-0.012895815113572214
2021-10-05,0.010404921809892642
2021-10-06,0.004156055100162766
2021-10-07,0.008645557356916533
2021-10-08,-0.0018237069406040413
2021-10-11,-0.007239822443829619
2021-10-12,-0.0024612732281253497
2021-10-13,0.0035974793189522953
2021-10-14,0.016820604807896475
2021-10-15,0.007615913450602006
2021-10-18,0.0029604786527937755
2021-10-19,0.007714873070798349
2021-10-20,0.003927895967992959
2021-10-21,0.0026080634901402477
2021-10-22,-0.001036281953285739
2021-10-25,0.0053629899614148725
2021-10-26,0.0008998908656708037
2021-10-27,-0.0044300745291860595
2021-10-28,0.009648693427063005
2021-10-29,0.0020291763422087047
2021-11-01,0.0017201312190636947
2021-11-02,0.004043179448625109
2021-11-03,0.006105406311505275
2021-11-04,0.004712296850829785
2021-11-05,0.0034697773254398438
2021-11-08,0.000853581015054559
2021-11-09,-0.0033051621161804736
2021-11-10,-0.008044953107525276
2021-11-11,0.0003234564630838069
2021-11-12,0.00754670626437266
2021-11-15,0.0003426464455685836
2021-11-16,0.0039578966355156234
2021-11-17,-0.0024294122624516157
2021-11-18,0.003396328989966928
2021-11-19,-0.0017881009391385093
2021-11-22,-0.0028152740569124175
2021-11-23,0.0013261614729296696
2021-11-24,0.002669717453741298
2021-11-26,-0.02230313874814838
2021-11-29,0.012266512769196164
2021-11-30,-0.01945754124834829
2021-12-01,-0.01110729281009781
2021-12-02,0.015316597085605926
2021-12-03,-0.008701353999705957
2021-12-06,0.011843127298884447
2021-12-07,0.020685028530350386
2021-12-08,0.0026478829234684352
2021-12-09,-0.006751636310189582
2021-12-10,0.009413553361893387
2021-12-13,-0.008858384853369339
2021-12-14,-0.006880063006694042
2021-12-15,0.015625039609741587
2021-12-16,-0.008818518604800795
2021-12-17,-0.01064280970120151
2021-12-20,-0.010633566767404753
2021-12-21,0.017759040437537888
2021-12-22,0.009998794386940844
2021-12-23,0.006222001670314556
2021-12-27,0.014152304037381123
2021-12-28,-0.0008173887569872841
2021-12-29,0.0012793823618691147
2021-12-30,-0.0027646171496558173
2021-12-31,-0.002520106876130663
2022-01-03,0.0057898872725507785
2022-01-04,-0.0003349376216964982
2022-01-05,-0.01920221643538968
2022-01-06,-0.0009393740667087483
2022-01-07,-0.0039533609578506655
2022-01-10,-0.0012445841128115986
2022-01-11,0.009108429183964203
2022-01-12,0.0027034483675139336
2022-01-13,-0.013778591038904274
2022-01-14,0.00040918523562238153
2022-01-18,-0.017709858142303237
2022-01-19,-0.010383520217133603
2022-01-20,-0.011067974581596056
2022-01-21,-0.019630580375256557
2022-01-24,0.005183620080030621
2022-01-25,-0.012209137588834301
2022-01-26,0.005873161241369731
2022-01-27,-0.006888473659257607
2022-01-28,0.04373098070902351
2022-01-31,0.018010930759594212
2022-02-01,0.006756891039504076
2022-02-02,0.009714173896102572
2022-02-03,-0.023505087122916195
2022-02-04,0.004702275035330038
2022-02-07,-0.003209259781130048
2022-02-08,0.0082279600450109
2022-02-09,0.014635919734722738
2022-02-10,-0.017965603335885455
2022-02-11,-0.01971867269550518
2022-02-14,-0.0027907716705523815
2022-02-15,0.001732312727403509
2022-02-16,0.001120764262539739
2022-02-17,-0.021361395550894148
2022-02-18,0.0018449004732843343
2022-02-22,-0.007760230063874649
2022-02-23,-0.008085674809519168
2022-02-24,0.03415953422231762
2022-02-25,0.03222720919985631
2022-02-28,-0.01330505975374683
2022-03-01,-0.0058746336005066685
2022-03-02,0.0106099461492753
2022-03-03,0.008106549128869555
2022-03-04,0.00013147230278812502
2022-03-07,-0.018189019549630314
2022-03-08,-0.026983261034864446
2022-03-09,0.006760465283082773
2022-03-10,-0.00945630078650476
2022-03-11,-0.011621364565061229
2022-03-14,0.005319155376656814
2022-03-15,0.02241741078324328
2022-03-16,0.0010894120061260577
2022-03-17,0.00693767914757789
2022-03-18,0.0022968991335823013
2022-03-21,-0.00029247526976122176
2022-03-22,0.011701412308080347
2022-03-23,-0.012878508506787298
2022-03-24,0.015074389605722856
2022-03-25,0.004883811957841901
2022-03-28,0.007112898749509166
2022-03-29,0.012370946384294767
2022-03-30,-0.006174848801320451
2022-03-31,-0.015391425232649287
2022-04-01,0.0028340763791801712
2022-04-04,0.008566728325488156
2022-04-05,-0.012631456003203898
2022-04-06,-0.00999933883442258
2022-04-07,0.005039097522656049
2022-04-08,-0.0026739427918820078
2022-04-11,-0.017092387303460143
2022-04-12,0.0002552539870529994
2022-04-13,0.005610311474241574
2022-04-14,-0.00025343756776807
2022-04-18,-0.008244324633921427
2022-04-19,0.01521915097238298
2022-04-20,0.01499121762584309
2022-04-21,-0.0008686860482266108
2022-04-22,-0.015652297066534083
2022-04-25,0.004416875692632832
2022-04-26,-0.015454106097783032
2022-04-27,0.014804930403966002
2022-04-28,0.040030820988466144
2022-04-29,-0.027189374649346166
2022-05-02,-0.01313739699600661
2022-05-03,-0.0028715615941027287
2022-05-04,0.02251308693988489
2022-05-05,-0.018945144144600943
2022-05-06,0.0010437889110517695
2022-05-09,-0.00039104076667335983
2022-05-10,-0.006910902257369775
2022-05-11,-0.004332737409045416
2022-05-12,-0.010311589848726781
2022-05-13,0.03323456122769883
2022-05-16,0.004548206863513173
2022-05-17,-0.0068563658798965746
2022-05-18,-0.06434807372979948
2022-05-19,-0.017819916917190818
2022-05-20,0.002126136614057108
2022-05-23,0.020650819461883265
2022-05-24,0.01635232404194677
2022-05-25,0.0002726301198280998
2022-05-26,0.010632963336665354
2022-05-27,0.011599381273416243
2022-05-31,-0.0070667426575912315
2022-06-01,-0.013025160431078523
2022-06-02,0.014557822826399076
2022-06-03,-0.010057764099882712
2022-06-06,0.0004061693887325672
2022-06-07,0.0052810898923306895
2022-06-08,-0.012257421865575944
2022-06-09,-0.01500063293562117
2022-06-10,-0.004291838330364555
2022-06-13,-0.02155192747239327
2022-06-14,0.006305832101459909
2022-06-15,0.021099430842627803
2022-06-16,-0.007613868461715167
2022-06-17,-0.003618904387666033
2022-06-21,0.026684271442575146
2022-06-22,-0.0007129644314096474
2022-06-23,0.019403700609805504
2022-06-24,0.01959412209830459
2022-06-27,-0.0027453001985767145
2022-06-28,-0.013351712383318247
2022-06-29,0.006277748333236952
2022-06-30,0.0006935314829286153
2022-07-01,0.014408305337379464
2022-07-05,-0.0064190873064509536
2022-07-06,0.0028867623641939963
2022-07-07,0.0009591719352008369
2022-07-08,-0.001779930010563251
2022-07-11,-0.0013717085004541292
2022-07-12,-0.0028845446053087126
2022-07-13,0.0006886654196355478
2022-07-14,0.0008259709747681162
2022-07-15,0.0033011572390098973
2022-07-18,-0.009733790725022697
2022-07-19,0.010521684823238772
2022-07-20,-0.006713084883228857
2022-07-21,0.0030346441254373016
2022-07-22,0.00660061468305038
2022-07-25,0.004917678105870775
2022-07-26,-0.0023108663000775322
2022-07-27,0.006813100046117081
2022-07-28,0.015969522551042798
2022-07-29,-0.00772593316601022
2022-08-01,0.012484704054651774
2022-08-02,-0.007955368074452119
2022-08-03,0.00654889021270471
2022-08-04,-0.006639176029920042
2022-08-05,-0.002272253668006248
2022-08-08,-0.000536121501025696
2022-08-09,-0.0014742657113039907
2022-08-10,0.0073834740110916754
2022-08-11,-0.0023986616697965445
2022-08-12,0.008682774743127968
2022-08-15,0.009932441693934512
2022-08-16,0.011277268978381844
2022-08-17,-0.007097926022398928
2022-08-18,0.003380708223807819
2022-08-19,-0.003239941421859093
2022-08-22,-0.010142030657570085
2022-08-23,-0.004334361015179918
2022-08-24,0.0025064219380756263
2022-08-25,0.004606206670597962
2022-08-26,-0.02475794617577853
2022-08-29,-0.0016115510024666902
2022-08-30,-0.010359642743185012
2022-08-31,-0.00611730658650923
2022-09-01,0.005608201654438777
2022-09-02,-0.01305793082859764
2022-09-06,-0.006623905534381317
2022-09-07,0.015988142148769396
2022-09-08,-0.0025864978019190447
2022-09-09,0.00982788341823354
2022-09-12,0.00391988191139126
2022-09-13,-0.033391666071141086
2022-09-14,-0.0004181133563406795
2022-09-15,-0.008361000861826243
2022-09-16,0.002389224307115943
2022-09-19,0.006645784747364144
2022-09-20,-0.005466785362851213
2022-09-21,-0.0038053449088267127
2022-09-22,-0.0014148396635188941
2022-09-23,-0.013080368844445791
2022-09-26,-0.006949974918652089
2022-09-27,0.0013020545627851618
2022-09-28,0.010565715574750629
2022-09-29,-0.016509477468277467
2022-09-30,-0.019157526076536792
2022-10-03,0.030981553345462858
2022-10-04,0.01517397758792827
2022-10-05,-0.005804600427720371
2022-10-06,-0.014596350277205903
2022-10-07,-0.014961045547455667
2022-10-10,0.00360916973900574
2022-10-11,0.008240721149142186
2022-10-12,0.0053501646920426325
2022-10-13,0.01655553368683671
2022-10-14,-0.018030590499585393
2022-10-17,0.010809668910271826
2022-10-18,0.013038641524127278
2022-10-19,-0.004627624194598815
2022-10-20,-0.013947539353503926
2022-10-21,0.01532340907863928
2022-10-24,0.01799450777961865
2022-10-25,0.01311459038504662
2022-10-26,0.006613310928128903
2022-10-27,0.0008385921906591869
2022-10-28,0.021927207619540985
2022-10-31,-0.0058764363097289045
2022-11-01,-0.0031622136943418346
2022-11-02,-0.017376730912981905
2022-11-03,-0.003368438942150352
2022-11-04,0.01182941274704202
2022-11-07,0.008907453322115254
2022-11-08,0.0028970177035415284
2022-11-09,-0.010866862249006914
2022-11-10,0.023501828266361848
2022-11-11,-0.0010868276032982333
2022-11-14,-0.007889112599572557
2022-11-15,0.00836291914133479
2022-11-16,0.004894857599786828
2022-11-17,-0.0002707970279193229
2022-11-18,0.010691622750307732
2022-11-21,0.009507183545199771
2022-11-22,0.007295264537675042
2022-11-23,0.003424021082872246
2022-11-25,0.0006561458230601603
2022-11-28,-0.0038034399008497464
2022-11-29,-0.0038179612871491893
2022-11-30,0.020087537061519344
2022-12-01,-0.0007359873449597521
2022-12-02,-0.001153593644212658
2022-12-05,-0.017989387730469777
2022-12-06,-0.0061664644601084895
2022-12-07,0.00422459425465943
2022-12-08,0.005389746677552654
2022-12-09,-0.007714574296662144
2022-12-12,0.010541778228681832
2022-12-13,-0.00143467400114269
2022-12-14,-0.006393575175803727
2022-12-15,-0.016986673031176666
2022-12-16,-0.0049182872174535815
2022-12-19,-0.0006322730112665742
2022-12-20,-0.0008079236905972347
2022-12-21,0.009970215105553485
2022-12-22,-0.002267714735838002
2022-12-23,0.005214454238079923
2022-12-27,0.004788839453882552
2022-12-28,-0.012443964268833112
2022-12-29,0.02618786276269345
2022-12-30,-0.004938250487303659
2023-01-03,-0.003756052891901743
2023-01-04,0.003904848298607489
2023-01-05,-0.010059086688708599
2023-01-06,0.026690189834016602
2023-01-09,-0.009765191921050707
2023-01-10,-0.0013326400294459404
2023-01-11,0.000533722329607965
2023-01-12,0.0036406424971579853
2023-01-13,0.003879716614246632
2023-01-17,-0.0018320398870523083
2023-01-18,-0.015787935651682482
2023-01-19,-0.009484440645265069
2023-01-20,0.007771215963636045
2023-01-23,0.011998630252017303
2023-01-24,-0.0010732706259190664
2023-01-25,0.0003747971314588147
2023-01-26,0.010990356425762187
2023-01-27,0.002297809665978093
2023-01-30,-0.012546753089426483
2023-01-31,0.014703332374622922
2023-02-01,0.010627672454092804
2023-02-02,0.014557145548635103
2023-02-03,-0.010629338913017844
2023-02-06,-0.006111418334317077
2023-02-07,0.013078847192772627
2023-02-08,-0.01093490687242768
2023-02-09,-0.008669147958933237
2023-02-10,0.002333802074344022
2023-02-13,0.01173891476748703
2023-02-14,-0.00046020854623855854
2023-02-15,0.0032476001224479543
2023-02-16,-0.013769059739116294
2023-02-17,-0.0024981511502913216
2023-02-21,-0.020060950168040735
2023-02-22,-0.0013780516118770427
2023-02-23,0.005319270639027782
2023-02-24,-0.010682391351167983
2023-02-27,0.0034060051626049435
2023-02-28,-0.003696030771055007
2023-03-01,-0.003836024312718703
2023-03-02,0.007777458695067351
2023-03-03,0.0160376849362962
2023-03-06,0.0006928785259585242
2023-03-07,-0.015328805568996672
2023-03-08,0.001632259056013125
2023-03-09,-0.01845004895293965
2023-03-10,-0.014429411197526405
2023-03-13,0.00506292974346139
2023-03-14,0.009094545690908368
2023-03-15,-0.006254485079031319
2023-03-16,0.0006888672158788597
2023-03-17,-0.01169263864077902
2023-03-20,0.009615537072014162
2023-03-21,0.013130566338445683
2023-03-22,-0.017046326655275335
2023-03-23,0.0027032137150764784
2023-03-24,0.006561991828478302
2023-03-27,0.001869811777704057
2023-03-28,-0.0022446349871565754
2023-03-29,0.014534887234171295
2023-03-30,0.005855343550946214
2023-03-31,0.014094581982270626
2023-04-03,0.003810524375116979
2023-04-04,-0.005548080846610518
2023-04-05,-0.0026182430785609413
2023-04-06,0.0039006866200005396
2023-04-10,0.0010264929111776728
2023-04-11,0.0002685380550172301
2023-04-12,-0.004075766057625196
2023-04-13,0.013282405325866239
2023-04-14,-0.0024426913406218097
2023-04-17,0.0035882749326145553
2023-04-18,0.0006521949710300692
2023-04-19,-0.0001688291781143212
2023-04-20,-0.005457012481153589
2023-04-21,0.0007767975418590797
2023-04-24,0.001043199969317193
2023-04-25,-0.015873701269483613
2023-04-26,-0.0042358443671378036
2023-04-27,0.019908088622173546
2023-04-28,0.008535184411177694
2023-05-01,-0.0010096289868275412
2023-05-02,-0.011239188065393119
2023-05-03,-0.006863953012869155
2023-05-04,-0.007082939131484957
2023-05-05,0.018512392064742
2023-05-08,0.00026634089858382806
2023-05-09,-0.0043851144269754965
2023-05-10,0.004672414048531706
2023-05-11,-0.0017438038873385494
2023-05-12,-0.0013105048974368474
2023-05-15,0.003450039362865214
2023-05-16,-0.0066826483667634246
2023-05-17,0.012139013273488878
2023-05-18,0.009633089917948248
2023-05-19,-0.0014548902666350993
2023-05-22,0.0004061293708588547
2023-05-23,-0.011223008003604514
2023-05-24,-0.007244670025755064
2023-05-25,0.008659817794146152
2023-05-26,0.012950691011508019
2023-05-30,0.0003808716382898704
2023-05-31,-0.0055452276155839855
2023-06-01,0.009501062810068907
2023-06-02,0.014461157698108249
2023-06-05,-0.0019162010981770392
2023-06-06,0.00217742120850198
2023-06-07,-0.0034575987307443393
2023-06-08,0.006048402915410459
2023-06-09,0.0017942606831931468
2023-06-12,0.009071934817956677
2023-06-13,0.006593019838354151
2023-06-14,0.00119075330749195
2023-06-15,0.012397743839258608
2023-06-16,-0.003406213929736315
2023-06-20,-0.005188241488979567
2023-06-21,-0.005123631200827138
2023-06-22,0.003609765649612889
2023-06-23,-0.007560146306920072
2023-06-26,-0.0040856248328229846
2023-06-27,0.010963150145798238
2023-06-28,0.0005043978644924361
2023-06-29,0.003941386905671084
2023-06-30,0.011800717294807006
2023-07-03,0.001150505126195225
2023-07-05,-0.001487354765381342
2023-07-06,-0.0078304558575241
2023-07-07,-0.0025247938059778734
2023-07-10,0.002531184524988351
2023-07-11,0.006368611083885256
2023-07-12,0.008045709315081568
2023-07-13,0.007936851494385907
2023-07-14,-0.0006226670294593908
2023-07-17,0.003472215105015688
2023-07-18,0.007430573761473602
2023-07-19,0.002223784170860121
2023-07-20,-0.00663443523097812
2023-07-21,0.0
2023-07-24,0.004467267892527694
2023-07-25,0.0027301336093787
2023-07-26,0.00015360466857788154
2023-07-27,-0.0066299898600237096
2023-07-28,0.009790363793170845
2023-07-31,0.0019040745889615381
2023-08-01,-0.002861678685939123
2023-08-02,-0.013910701813456364
2023-08-03,-0.002865931695529749
2023-08-04,-0.004522726586125697
2023-08-07,0.00872848865208346
2023-08-08,-0.004348674633940813
2023-08-09,-0.006685212208128331
2023-08-10,0.000358911973810682
2023-08-11,-0.0005829692920604938
2023-08-14,0.005519847909178749
2023-08-15,-0.011648845341397292
2023-08-16,-0.0073380964314048985
2023-08-17,-0.007619942183379896
2023-08-18,0.0004813316400474912
2023-08-21,0.006506236440642269
2023-08-22,-0.0027086349683950422
2023-08-23,0.011137928292864401
2023-08-24,-0.01385922301390954
2023-08-25,0.007049859927363714
2023-08-28,0.006341388104226006
2023-08-29,0.014454648421340123
2023-08-30,0.004118776472331617
2023-08-31,-0.00146326289177417
2023-09-01,0.0018652175151624725
2023-09-05,-0.004322018533554201
2023-09-06,-0.006722383515443245
2023-09-07,-0.0030701693208236916
2023-09-08,0.001506011302972825
2023-09-11,0.006576583948365259
2023-09-12,-0.0054855259823206395
2023-09-13,0.0011659430699370035
2023-09-14,0.008622340122894857
2023-09-15,-0.012048269229589514
2023-09-18,0.000586460743315618
2023-09-19,-0.0020738427541579034
2023-09-20,-0.009193290985454147
2023-09-21,-0.016528427189346412
2023-09-22,-0.002248510223521854
2023-09-25,0.00420528588261268
2023-09-26,-0.014691273506531785
2023-09-27,0.0003992284703620229
2023-09-28,0.0057973094138429535
2023-09-29,-0.002426840692647981
2023-10-02,-0.0003978082203138021
2023-10-03,-0.013386086485666688
2023-10-04,0.007281830131862561
2023-10-05,-0.0003768283851849291
2023-10-06,0.0118730406501156
2023-10-09,0.0064021829776073885
2023-10-10,0.005204880688299793
2023-10-11,0.004096306122401422
2023-10-12,-0.006096583216924919
2023-10-13,-0.004980839249413159
2023-10-16,0.010521515822241296
2023-10-17,-4.586513473246185e-05
2023-10-18,-0.013325303663616641
2023-10-19,-0.008786278188990452
2023-10-20,-0.012288066983292616
2023-10-23,-0.0017331760810431302
2023-10-24,0.007539449500823237
2023-10-25,-0.014352349661303521
2023-10-26,-0.00647630045059489
2023-10-27,0.005805565674770095
2023-10-30,0.015620363206709056
2023-10-31,0.0035490607982954425
2023-11-01,-0.00103145907495877
2023-11-02,0.01916438653793429
2023-11-03,0.009123261959901341
2023-11-06,0.002300524566482299
2023-11-07,0.002846140700175161
2023-11-08,0.0007323473296264044
2023-11-09,-0.007798871713579212
2023-11-10,0.01560480831334489
2023-11-13,-0.000953106184618485
2023-11-14,0.019400710648425714
2023-11-15,0.00211712476939369
2023-11-16,0.0012231032171463856
2023-11-17,0.0012438891433175644
2023-11-20,0.007697505498870041
2023-11-21,-0.0021794026043324734
2023-11-22,0.0038607866057750254
2023-11-24,0.0006152583229561664
2023-11-27,-0.0018009235779970119
2023-11-28,0.000990164431630925
2023-11-29,-0.00070330140572638
2023-11-30,0.003937389616347789
2023-12-01,0.005915785391006007
2023-12-04,-0.00524928557938719
2023-12-05,-0.00019706069150564483
2023-12-06,-0.004029936951712971
2023-12-07,0.007630587173195889
2023-12-08,0.004298942963595373
2023-12-11,0.00388970077124966
2023-12-12,0.0045671833638604485
2023-12-13,0.013790079384885098
2023-12-14,0.003209398758463941
2023-12-15,-0.0016464609436321602
2023-12-18,0.005625021278664585
2023-12-19,0.006080955334676911
2023-12-20,-0.013857291948472732
2023-12-21,0.009481867583110122
2023-12-22,0.002009720103321602
2023-12-26,0.0042225071428100905
2023-12-27,0.0018080190784542593
2023-12-28,0.00037772425600193657
2023-12-29,-0.0028949027206637713
2024-01-02,-0.005596290004522121
2024-01-03,-0.008166822475398445
2024-01-04,-0.0032209395085912563
2024-01-05,0.0013696974471343187
2024-01-08,0.014275938341503367
2024-01-09,-0.0015171764938381265
2024-01-10,0.005655475804245624
2024-01-11,-0.00044077530690096733
2024-01-12,0.0006928483782835701
2024-01-16,-0.0036712994276322007
2024-01-17,-0.005558695849233697
2024-01-18,0.008892872862714302
2024-01-19,0.012466084581371573
2024-01-22,0.0021144766293072327
2024-01-23,0.0029163541062501804
2024-01-24,0.0010933126769604893
2024-01-25,0.005438841777654902
2024-01-26,-0.0012704534743315185
2024-01-29,0.00791931691939186
2024-01-30,-0.0007732958750368236
2024-01-31,-0.016317459746773354
2024-02-01,0.013088243385340695
2024-02-02,0.010527410320712097
2024-02-05,-0.003641248501646802
2024-02-06,0.0029032969959443804
2024-02-07,0.008340408297585278
2024-02-08,0.00044177182263905327
2024-02-09,0.005779456637979357
2024-02-12,-0.000439102219261477
2024-02-13,-0.013772968157866924
2024-02-14,0.009087524859689229
2024-02-15,0.006899796965141205
2024-02-16,-0.004979846944509004
2024-02-20,-0.0055054866845686366
2024-02-21,0.0009058482471347902
2024-02-22,0.020695410203913467
2024-02-23,0.0006896317453421291
2024-02-26,-0.003662427635466568
2024-02-27,0.0018577522132514675
2024-02-28,-0.001321627642447064
2024-02-29,0.0035949927082929985
2024-03-01,0.009388195743716876
2024-03-04,-0.0010724194381077682
2024-03-05,-0.009994032642063106
2024-03-06,0.0050672213879557155
2024-03-07,0.009926307906219236
2024-03-08,-0.006002115368710162
2024-03-11,-0.0008599654929838567
2024-03-12,0.010757495576424074
2024-03-13,-0.001567640819793513
2024-03-14,-0.0019766612145242727
2024-03-15,-0.006866682762940747
2024-03-18,0.005943185146671388
2024-03-19,0.005557104453972263
2024-03-20,0.009249342335327955
2024-03-21,0.003304547397192798
2024-03-22,-0.0018957681874226379
2024-03-25,-0.0027627020336250213
2024-03-26,-0.0018469642478376373
2024-03-27,0.008403779660006947
2024-03-28,-0.00019109300031504523
2024-04-01,-0.0017398673121422628
2024-04-02,-0.0063581001273810235
2024-04-03,0.0010986594090431968
2024-04-04,-0.012206215799086675
2024-04-05,0.010446896478915975
2024-04-08,0.0005593698017394643
2024-04-09,0.0011567575464529192
2024-04-10,-0.010013164708900214
2024-04-11,0.007546781465028455
2024-04-12,-0.013803036860988376
2024-04-15,-0.012527973727037435
2024-04-16,-0.0018238320153739266
2024-04-17,-0.0059182083243274
2024-04-18,-0.002057919519064723
2024-04-19,-0.008728247938622936
2024-04-22,0.009209223639820359
2024-04-23,0.011866554141671969
2024-04-24,-0.0004746505005888239
2024-04-25,-0.0037987585467094127
2024-04-26,0.009473766318049073
2024-04-29,0.003541567207159737
2024-04-30,-0.01584132520314536
2024-05-01,-0.0032470145779550756
2024-05-02,0.009353316680543991
2024-05-03,0.012395256153737906
2024-05-06,0.010326938503174924
2024-05-07,0.0011034872520552092
2024-05-08,9.653907712287547e-05
2024-05-09,0.005761775612962446
2024-05-10,0.0012882267921818019
2024-05-13,0.0001343996915321981
2024-05-14,0.004587974641438385
2024-05-15,0.012383137702772754
2024-05-16,-0.0020574115802880375
2024-05-17,0.001437428479197341
2024-05-20,0.0011520663491471955
2024-05-21,0.002452510759075078
2024-05-22,-0.0028792147703587635
2024-05-23,-0.007304272005263896
2024-05-24,0.006616576206752774
2024-05-28,0.0006989436444196311
2024-05-29,-0.007002760257089489
2024-05-30,-0.006633806782807952
2024-05-31,0.00910828722778317
2024-06-03,0.000815239181905932
2024-06-04,0.0011178084905585125
2024-06-05,0.011885202036899176
2024-06-06,-1.8451483352354815e-05
2024-06-07,-0.0012158224036638505
2024-06-10,0.0030897947930521156
2024-06-11,0.0024082189842827024
2024-06-12,0.008213141447610943
2024-06-13,0.0020131701068382317
2024-06-14,0.0006085064404608941
2024-06-17,0.007959142681669602
2024-06-18,0.0025405970058398125
2024-06-20,-0.0027166594013909233
2024-06-21,-0.0013403757049666274
2024-06-24,-0.003251104234338093
2024-06-25,0.003851084772219934
2024-06-26,0.001248036865371932
2024-06-27,0.0015764726441809386
2024-06-28,-0.003935092863766526
2024-07-01,0.0020583006405660857
2024-07-02,0.006729603559596421
2024-07-03,0.0044626492707465675
2024-07-05,0.005766378364785532
2024-07-08,0.0011540265804427334
2024-07-09,0.0009723302119127146
2024-07-10,0.009895174861259189
2024-07-11,-0.00862221914741908
2024-07-12,0.006307530226935571
2024-07-15,0.002749846513041386
2024-07-16,0.005930340418450067
2024-07-17,-0.014021234718487511
2024-07-18,-0.007684943087470562
2024-07-19,-0.0066405847132704025
2024-07-22,0.010310127569388594
2024-07-23,-0.0015687879407953072
2024-07-24,-0.022662597304122716
2024-07-25,-0.005210286235919428
2024-07-26,0.011199677243803543
2024-07-29,0.0005877660449546112
2024-07-30,-0.005066374868738648
2024-07-31,0.016254647515698963
2024-08-01,-0.014161009832344678
2024-08-02,-0.018618234886735006
2024-08-05,-0.029123841751199902
2024-08-06,0.009219318226735048
2024-08-07,-0.006683909997681243
2024-08-08,0.02311758741938353
2024-08-09,0.00440954703878815
2024-08-12,0.0005254170960922177
2024-08-13,0.016445575300910828
2024-08-14,0.003154640840673651
2024-08-15,0.01714056911605827
2024-08-16,0.002241784784583678
2024-08-19,0.009561444970645143
2024-08-20,-0.0016259571119814024
2024-08-21,0.0034364723472889783
2024-08-22,-0.007848674428717055
2024-08-23,0.010625422141984748
2024-08-26,-0.0023838221000610275
2024-08-27,0.0013731297473581995
2024-08-28,-0.005805212678779905
2024-08-29,8.95269610779854e-05
2024-08-30,0.009546107529979312
2024-09-03,-0.02057912456715223
2024-09-04,-0.0020466948204439397
2024-09-05,-0.0024324220163523423
2024-09-06,-0.01683006116965962
2024-09-09,0.011196121058131387
2024-09-10,0.004355957373518187
2024-09-11,0.010258871438541787
2024-09-12,0.008423138494075062
2024-09-13,0.005222645249989694
2024-09-16,0.0014769168769516044
2024-09-17,0.0004086357464134757
2024-09-18,-0.0029657373407477694
2024-09-19,0.017064247062565707
2024-09-20,-0.0017282882892370257
2024-09-23,0.002498736016929736
2024-09-24,0.0028612486764135244
2024-09-25,-0.0022054765727956465
2024-09-26,0.003964676879327277
2024-09-27,-0.001450290876500727
2024-09-30,0.004007204729666383
2024-10-01,-0.008958540182940759
2024-10-02,0.00042202368428103987
2024-10-03,-0.0018279978401678073
2024-10-04,0.0090874460070333
2024-10-07,-0.009040808749046012
2024-10-08,0.009457614111792259
2024-10-09,0.006926579822679818
2024-10-10,-0.0017500547466894481
2024-10-11,0.005988255648767617
2024-10-14,0.008178293433608683
2024-10-15,-0.007769661100431085
2024-10-16,0.004346437194542591
2024-10-17,8.589626262251478e-05
2024-10-18,0.0038466639995719497
2024-10-21,-0.0016424056842447299
2024-10-22,-0.0005311078445291987
2024-10-23,-0.009137468491534103
2024-10-24,0.002162771484864327
2024-10-25,-0.00034540013052761486
2024-10-28,0.003091342450992635
2024-10-29,0.0016185283057002728
2024-10-30,-0.0030252079193149087
2024-10-31,-0.019603101890180684
2024-11-01,0.0042205268663537895
2024-11-04,-0.0021541015300364794
2024-11-05,0.012092034119651983
2024-11-06,0.024865511135644402
2024-11-07,0.007731927448944652
2024-11-08,0.00433187993776284
2024-11-11,0.0009529553830235523
2024-11-12,-0.003106644928808096
2024-11-13,0.000485824267194141
2024-11-14,-0.006429967786377929
2024-11-15,-0.012808663965106047
2024-11-18,0.004097350532788825
2024-11-19,0.0036553151131338553
2024-11-20,0.0003391402551231758
2024-11-21,0.005368252725473488
2024-11-22,0.0030992016965512873
2024-11-25,0.0033921402171305285
2024-11-26,0.005221493093082298
2024-11-27,-0.0030300235979227506
2024-11-29,0.006212042831218317
2024-12-02,0.0017923219600944878
2024-12-03,0.00046406309271879214
2024-12-04,0.006209212332396711
2024-12-05,-0.0016455105912596083
2024-12-06,0.001895770110546104
2024-12-09,-0.005149618373468509
2024-12-10,-0.003109069080257912
2024-12-11,0.007730461255550967
2024-12-12,-0.005152483135239319
2024-12-13,-0.00019880138470744114
2024-12-16,0.004270015627200982
2024-12-17,-0.00411982883476784
2024-12-18,-0.02980358279530781
2024-12-19,-0.0003070634171695633
2024-12-20,0.01201111393208032
2024-12-23,0.005988233874742415
2024-12-24,0.011114965714091365
2024-12-26,6.655015387264971e-05
2024-12-27,-0.010526540204950485
2024-12-30,-0.011411578258592153
2024-12-31,-0.0036379652702071327
2025-01-02,-0.0024570666389730333
2025-01-03,0.01250336910438667
2025-01-06,0.005760621688336415
2025-01-07,-0.011303891520774708
2025-01-08,0.0014607273060217362
2025-01-10,-0.015267546286902254
2025-01-13,0.0015505759205412125
2025-01-14,0.0013760488291274908
2025-01-15,0.01819008810431414
2025-01-16,-0.0019231526348860392
2025-01-17,0.010039901471251701
2025-01-21,0.009153401964755049
2025-01-22,0.005621359328503959
2025-01-23,0.005458271948127329
2025-01-24,-0.0029193693517148575
2025-01-27,-0.014145371801854855
2025-01-28,0.008592366591027979
2025-01-29,-0.004482877969565639
2025-01-30,0.005366966419412619
2025-01-31,-0.005321858304584046
2025-02-03,-0.006729615115073141
2025-02-04,0.006708162400975142
2025-02-05,0.00405477084515518
2025-02-06,0.003475607966170914
2025-02-07,-0.009153559299522128
2025-02-10,0.006791203486450846
2025-02-11,0.000760577709805032
2025-02-12,-0.0032216706832594445
2025-02-13,0.010557726494677403
2025-02-14,-4.9094948405394035e-05
2025-02-18,0.0029356341791518734
2025-02-19,0.0023550674303435886
2025-02-20,-0.0041604218033110965
2025-02-21,-0.01710396209705228
2025-02-24,-0.004550606356782559
2025-02-25,-0.004973131977917014
2025-02-26,0.0005047943418628566
2025-02-27,-0.015961771386383897
2025-02-28,0.01560552022513886
2025-03-03,-0.01752001575284787
2025-03-04,-0.011836944340679865
2025-03-05,0.01074798997753306
2025-03-06,-0.017751046025104602
2025-03-07,0.005604784963728311
2025-03-10,-0.026635733977431773
2025-03-11,-0.004062144731708603
2025-03-12,0.015739076528848234
2025-03-13,-0.004642422692109996
2025-03-14,0.03024158705369847
2025-03-17,0.014589325014508643
2025-03-18,-0.011404460594791527
2025-03-19,0.0
2025-03-20,-0.004890345626897653
2025-03-21,-0.00037789748669985065
2025-03-24,0.006183890143932266
2025-03-25,0.0024040625771771314
2025-03-26,-0.011938435913189048
2025-03-27,0.01138914623672918
2025-03-28,-0.004949849036242218
2025-03-31,0.015669660672527654
2025-04-01,0.0014692692127383112
2025-04-02,-0.002934324415549539
2025-04-03,0.005763528129722161
2025-04-04,-0.06587107963423681
2025-04-07,0.005977025610124649
2025-04-08,-0.020331590473858786
2025-04-09,0.1342569112148213
2025-04-10,0.0005043966878552019
2025-04-11,0.012602258085256349
2025-04-14,0.017050549637918126
2025-04-15,-0.008443517005038455
2025-04-16,-0.01073682595966021
2025-04-17,0.021332377402574074
2025-04-21,-0.009527210492792641
2025-04-22,0.014181663629201724
2025-04-23,-0.0057149781243423245
2025-04-24,-0.008805125696296196
2025-04-25,-0.00259108582938719
2025-04-28,-0.0033398959496978796
2025-04-29,0.008315780295806326
2025-04-30,0.007262566335012797
2025-05-01,-0.00867659789106988
2025-05-02,0.005423976940456943
2025-05-05,-0.000858294580652604
2025-05-06,-0.0017180637661248885
2025-05-07,0.001598132412303705
2025-05-08,-0.001227311105127135
2025-05-09,-0.0057752746997893215
2025-05-12,0.0014830701162157314
2025-05-13,0.006604189464842685
2025-05-14,0.0012778727130508592
2025-05-15,0.004884270229584143
2025-05-16,0.006333905197490691
2025-05-19,0.001093925445367895
2025-05-20,-0.003362053831872483
2025-05-21,-0.016850859230970096
2025-05-22,0.00039462370708041373
2025-05-23,-0.006825669813543353
2025-05-27,0.02079077524594137
2025-05-28,-0.005785647643121622
2025-05-29,0.003947532195898186
2025-05-30,-0.001118654451551736
2025-06-02,0.005632908134234327
2025-06-03,0.005702586168993525
2025-06-04,-0.00026824240953090157
2025-06-05,-0.004832990695415281
2025-06-06,0.01026910791989987
2025-06-09,0.0009012919138798644
2025-06-10,0.005669621914150278
2025-06-11,-0.0028519580667510456
2025-06-12,0.00397423915472665
2025-06-13,-0.011180074561920966
2025-06-16,0.00951416955659056
2025-06-17,-0.008544977649466587
2025-06-18,-0.00015067196998772196
2025-06-20,-0.0023484897973681087
2025-06-23,0.009877340797457623
2025-06-24,0.011047302183246673
2025-06-25,0.0005603485498483358
2025-06-26,0.007823673022863907
2025-06-27,0.004968426127167443
2025-06-30,0.004781280848839329
2025-07-01,-0.0003236168184621793
2025-07-02,0.004533203898120652
2025-07-03,0.007881328292426066
2025-07-07,-0.00745197706018585
2025-07-08,-0.0005477997110296721
2025-07-09,0.005996787990627251
2025-07-10,0.0028202230483271376
2025-07-11,-0.003515537692014857
2025-07-14,0.0019084586641821058
2025-07-15,-0.004273426416666601
2025-07-16,0.0033432228266317065
2025-07-17,0.006119670944298289
2025-07-18,-0.0007324785583056774
2025-07-21,0.0018962191641356306
2025-07-22,0.0001431574713490737
2025-07-23,0.008507648925420027
2025-07-24,0.0003309737270460746
2025-07-25,0.0042243940055555545
2025-07-28,-0.00025120692449411225
2025-07-29,-0.002637607015591758
2025-07-30,-0.0012592832087132153
2025-07-31,-0.003751215554337144
2025-08-01,-0.01639040208715983
2025-08-04,0.015199695512541451
2025-08-05,-0.00506987210004051
2025-08-06,0.007659667282124921
2025-08-07,-0.0008376633299287781
2025-08-08,0.007797641558588967
2025-08-11,-0.001977557134390775
2025-08-12,0.010646150948594483
2025-08-13,0.003422969046387391
2025-08-14,9.314861703562536e-05
2025-08-15,-0.0023413520331988734
2025-08-18,-0.00021767631685518487
2025-08-19,-0.005425013223061019
2025-08-20,-0.002657103671908419
2025-08-21,-0.004011786002919355
2025-08-22,0.01535661429883577
2025-08-25,-0.00440082868452563
2025-08-26,0.004186869919697335
2025-08-27,0.002278549131299548
2025-08-28,0.0035414120184517747
2025-08-29,-0.00596367132205789
2025-09-02,-0.0074103350513758355
2025-09-03,0.005419476820332686
2025-09-04,0.00835741328813721
2025-09-05,-0.0028961429490718007
2025-09-08,0.0024566562940753884
2025-09-09,0.0023119044917519157
2025-09-10,0.0028907538020100003
2025-09-11,0.008310248256466075
2025-09-12,-0.0003347087939420531
2025-09-15,0.005324009290667231
2025-09-16,-0.0013767469794032736
2025-09-17,-0.0012425427283411286
2025-09-18,0.004672558631052098
2025-09-19,0.004952836423656025
2025-09-22,0.0047310851639017935
2025-09-23,-0.005443480156249104
2025-09-24,-0.003181657844387043
2025-09-25,-0.0046135384649266835
2025-09-26,0.0057291039210456375
2025-09-29,0.0028104341691521733
2025-09-30,0.0037667997530692744
2025-10-01,0.0034076065490575044
2025-10-02,0.0011517314596754165
2025-10-03,-1.4842170570649193e-05
2025-10-06,0.0035862350745240134
2025-10-07,-0.003707442718815823
2025-10-08,0.005963018112918766
2025-10-09,-0.002896927773588143
2025-10-10,-0.02702787419005035
2025-10-13,0.01534405245669697
2025-10-14,-0.0012216093756774959
2025-10-15,0.004439468020300407
2025-10-16,-0.006810258339429241
2025-10-17,0.00567638701445109
2025-10-20,0.010400512350939221
2025-10-21,-1.4979984718577552e-05
2025-10-22,-0.0051988677902803804
2025-10-23,0.005929906487662103
2025-10-24,0.008172552647061038
2025-10-27,0.011797719544200343
2025-10-28,0.0026559489971361666
2025-10-29,0.0004803064047768084
2025-10-30,-0.010997945609357036
2025-10-31,0.003280108963686122
2025-11-03,0.0018766062001542025
2025-11-04,-0.011853551302988721
2025-11-05,0.0034654024847216307
2025-11-06,-0.010729239373874737
2025-11-07,0.0009845249103577966
2025-11-10,0.015604317681877512
2025-11-11,0.00228933906934071
2025-11-12,0.0005564170284205353
2025-11-13,-0.016594034139048384
2025-11-14,-0.00016377218004547982
2025-11-17,-0.00931643571527142
2025-11-18,-0.008397461039591738
2025-11-19,0.0038630492405124814
2025-11-20,-0.015242184552669614
2025-11-21,0.00996119766575232
2025-11-24,0.014718553120582647
2025-11-25,0.009406036868025987
2025-11-26,0.00690345049140953
2025-11-28,0.005458373086222326
2025-12-01,-0.0045654326011898005
2025-12-02,0.0018521605335180022
2025-12-03,0.003462839022884483
2025-12-04,0.0007310609522068902
2025-12-05,0.001899514150938719
2025-12-08,-0.003004291266267696
2025-12-09,-0.0008630053269348989
2025-12-10,0.006632175045054948
2025-12-11,0.002326981763601659
2025-12-12,-0.010752008599530044
2025-12-15,-0.0015109403592557743
2025-12-16,-0.0027322728752858087
2025-12-17,-0.011003564285317673
2025-12-18,0.007551360600256901
2025-12-19,0.009063394238406302
2025-12-22,0.006229909040435843
2025-12-23,0.0045703442565126935
2025-12-24,0.003517736660175355
2025-12-26,-0.00010139418790338827
2025-12-29,-0.003563680982251099
2025-12-30,-0.0012211161976793516
2025-12-31,-0.007408984561101224
2026-01-02,0.0018330346379591969
2026-01-05,0.006660088423615803
2026-01-06,0.005947258198767508
2026-01-07,-0.003223414366969361
2026-01-08,-0.00010151182144409575
2026-01-09,0.006613390447410155
2026-01-12,0.0015704331745677387
2026-01-13,-0.0019995166898190116
2026-01-14,-0.0049151342263611
2026-01-15,0.0027231988600753547
2026-01-16,-0.0008379420888714449
2026-01-20,-0.02035683581353128
2026-01-21,0.01154117242065495
2026-01-22,0.005223214802554852
2026-01-23,0.0003627431452660859
2026-01-26,0.005078168996109355
2026-01-27,0.0039842027767324475
2026-01-28,-0.00010064922286506239
2026-01-29,-0.0019843514508082246
2026-01-30,-0.002982534024791051
2026-02-02,0.004971389066997613
2026-02-03,-0.008455506162775394
2026-02-04,-0.00484383887388998
2026-02-05,-0.012489280981794835
2026-02-06,0.019184768306484256
2026-02-09,0.004821854060201165
2026-02-10,-0.002637223696259764
2026-02-11,-0.0002310739544192405
2026-02-12,-0.01544881955700174
2026-02-13,0.000704442683989829
2026-02-17,0.0016135196762241744
2026-02-18,0.005037695790158585
2026-02-19,-0.0026374400142833696
2026-02-20,0.007231924569572698
2026-02-23,-0.01021138412746734
2026-02-24,0.007268496179203397
2026-02-25,0.008438319377304795
2026-02-26,-0.005554483250070661
2026-02-27,-0.004801907270092961
2026-03-02,0.0005685897092167128
2026-03-03,-0.008814360718000052
2026-03-04,0.007055335646745882
2026-03-05,-0.005575510454003543
2026-03-06,-0.013107173734515268
2026-03-09,0.008760032114476252
2026-03-10,-0.0016071062736999658
2026-03-11,-0.0012551628541556717
2026-03-12,-0.015184929448649546
2026-03-13,-0.005660153274538444
2026-03-16,0.010176873245252587
2026-03-17,0.0026305491982851737
2026-03-18,-0.013953722528660353
2026-03-19,-0.0024642698082495288
2026-03-20,-0.014335773764557913
2026-03-23,0.004267970581184425
2026-03-24,-0.0008623497234394046
2026-03-25,0.0049316389118971024
2026-03-26,-0.004539341465339802
2026-03-27,0.007887532965185563
2026-03-30,-0.018626836272059282
2026-03-31,0.042352891358077856
2026-04-01,-0.006343055087593133
2026-04-02,0.005278676168353384
2026-04-06,0.009402942073831452
2026-04-07,-0.01693688161592553
2026-04-08,0.01870530899688221
2026-04-09,0.005769005826991713
2026-04-10,-0.0006617045143784493
2026-04-13,0.009772427509418199
2026-04-14,0.012184824510988694
2026-04-15,0.007891042626046271
2026-04-16,0.002457314696140654
2026-04-17,0.012085709684532002
2026-04-20,-0.001999776957922015
2026-04-21,-0.006546877598048877
2026-04-22,0.010126679110719542
2026-04-23,-0.003880717280620487
2026-04-24,0.007749329558953656
2026-04-27,0.0017227696705926913
2026-04-28,-0.004865981157092904
2026-04-29,-0.00015454822141545312
2026-04-30,0.00994968518325028
2026-05-01,0.002769057371556796
2026-05-04,-0.003663380950929797
2026-05-05,0.008022242913074554
2026-05-06,0.013899418730160049
2026-05-07,-0.0030660889376450734
2026-05-08,0.00825605475459787
2026-05-11,0.0022775635209937783
2026-05-12,-0.0015148976832113873
2026-05-13,0.005594852718878201
2026-05-14,0.00789424948476151
2026-05-15,-0.012029288059682034
2026-05-18,-0.000703513442567551
2026-05-19,-0.006660801173054429
2026-05-20,0.010248944869344889
2026-05-21,0.0019831294549137427
2026-05-22,0.003931565762728384
2026-05-26,0.006638589859918448
2026-05-27,-0.00017318199564339808
2026-05-28,0.005516544483684395
2026-05-29,0.002491413132097412
2026-06-01,0.0027231448580722624
2026-06-02,0.0013579151752257268
2026-06-03,-0.00701716271996524
2026-06-04,0.003778634283035885
2026-06-05,-0.025809369612244466
2026-06-08,0.0022642224409121364
2026-06-09,-0.0029355200498575353
2026-06-10,-0.01576551101580771
2026-06-11,0.016996857394829954
2026-06-12,0.005408207317551787
2026-06-15,0.017634009390668448
2026-06-16,-0.005961575485861169
2026-06-17,-0.01248789492983045
2026-06-18,0.010396979807429608
2026-06-22,-0.003146928266652639
2026-06-23,-0.014522012225013637
2026-06-24,-0.00046350036778925174
2026-06-25,0.001445636828724747
2026-06-26,-0.007231332133985836
2026-06-29,0.016474812758940246
2026-06-30,0.007786815227913101
2026-07-01,-0.0013525036475483814
2026-07-02,-0.0013140507435594202
2026-07-06,0.00872739222411633
2026-07-07,-0.004751890339538715
2026-07-08,-0.0030894091522385677
2026-07-09,0.008465256756416212
2026-07-10,0.004310118179872061
2026-07-13,-0.007656140611366311
2026-07-14,0.003550637916686847
2026-07-15,0.003963630921285592
2026-07-16,-0.005418616825605735
2026-07-17,-0.009897199757215737
2026-07-20,-0.0016143534967410409
2026-07-21,0.008341327043244197
2026-07-22,-0.001162766737217661
2026-07-23,-0.012349253784127882
2026-07-24,0.0010159657563921834
2026-07-27,0.0002166165423495277
2026-07-28,0.002394766697551571
2026-07-29,-0.015387445003102447
2026-07-30,0.016765743693375593
2026-07-31,0.007199869193782943
2026-08-03,0.014242990614400514
2026-08-04,0.01802895214665108
2026-08-05,-0.0019965624761277556
2026-08-06,-0.0015978064697252158
2026-08-07,0.006115328078506501
2026-08-10,-0.0002974431285414842
2026-08-11,-0.003195199981383496
2026-08-12,0.0025046088948633602
2026-08-13,0.006977515074108177
2026-08-14,-0.001979750679941985
2026-08-17,-0.004727362317670929
2026-08-18,-0.006755744960808332
2026-08-19,0.0020977847370852736
2026-08-20,-0.008399827926766561
2026-08-21,0.00409122999185862
2026-08-24,-0.0029384361156036846
2026-08-25,0.0031959397668177335
2026-08-26,0.00022200767959634386
2026-08-27,0.0065528446297567705
2026-08-28,-0.0022694869107554683
2026-08-31,-0.0029895480342588365
2026-09-01,-0.00687041393747412
2026-09-02,0.004436916429827645
2026-09-03,0.0104684179415366
2026-09-04,-0.0038542322600894144
2026-09-08,-0.00549217893001458
2026-09-09,-0.004647717444469554
2026-09-10,-0.005994275703456624
2026-09-11,0.0085243014611162
2026-09-14,-0.004461653484890733
2026-09-15,-0.0045867524091346475
2026-09-16,-0.004409880484782289
2026-09-17,0.011338753705953048
2026-09-18,0.0012869590529586057
2026-09-21,0.015504992215651728
2026-09-22,-0.0001551326660471881
2026-09-23,-0.007202161019229807
2026-09-24,-0.0008205218541250143
2026-09-25,0.005435468794763696
