date,returns
2008-09-30,0.0
2008-10-01,0.0006032696560817508
2008-10-02,-0.03627393225866591
2008-10-03,-0.013500434977877783
2008-10-06,-0.05093350863527382
2008-10-07,-0.04478609995860541
2008-10-08,-0.025192513673949708
2008-10-09,-0.06983891072606692
2008-10-10,-0.024255936101539623
2008-10-13,0.1451981566556726
2008-10-14,-0.014800364765485236
2008-10-15,-0.09844743050746937
2008-10-16,0.04165729098935817
2008-10-17,-0.005972249897557529
2008-10-20,0.06007917023296981
2008-10-21,-0.02985486673609535
2008-10-22,-0.054454601493960406
2008-10-23,0.011584050501881292
2008-10-24,-0.050714372540475665
2008-10-27,-0.035500929215415825
2008-10-28,0.11685542191449966
2008-10-29,-0.007252488094428097
2008-10-30,0.03459415995070778
2008-10-31,0.005503501033425704
2008-11-03,0.0028915406021173488
2008-11-04,0.03398223604266312
2008-11-05,-0.04202768850391094
2008-11-06,-0.055411141423888866
2008-11-07,0.03301774134361833
2008-11-10,-0.013104783217788803
2008-11-11,-0.030875569741868798
2008-11-12,-0.044000856057381216
2008-11-13,0.06233965023801277
2008-11-14,-0.04990653721359456
2008-11-17,-0.013276656206986507
2008-11-18,0.018836540662043967
2008-11-19,-0.06407869622669211
2008-11-20,-0.07423289793423704
2008-11-21,0.05394306241450072
2008-11-24,0.06929082811827357
2008-11-25,0.007408609376397039
2008-11-26,0.03864157973399097
2008-11-28,0.012588202095315684
2008-12-01,-0.08857829838419616
2008-12-02,0.03848567137904935
2008-12-03,0.02404036756695261
2008-12-04,-0.023132442477125918
2008-12-05,0.030831562011907978
2008-12-08,0.034914595941838225
2008-12-09,-0.016483472553443478
2008-12-10,0.0068152752553798995
2008-12-11,-0.0240813733984328
2008-12-12,0.011940071223875586
2008-12-15,-0.013934035501480601
2008-12-16,0.047065189452915886
2008-12-17,-0.009686633031711286
2008-12-18,-0.01868318648803028
2008-12-19,-0.004301287835549873
2008-12-22,0.0025828702427952033
2008-12-23,-0.010337639351486586
2008-12-24,0.005803211247402403
2008-12-26,0.005769426553326762
2008-12-29,-0.002868165605857608
2008-12-30,0.023702853946371737
2008-12-31,0.014274737258402111
2009-01-02,0.030141415274741297
2009-01-05,-0.0011831166386480493
2009-01-06,0.006677460068842861
2009-01-07,-0.02995645627095945
2009-01-08,0.004080818549330434
2009-01-09,-0.02141859487482679
2009-01-12,-0.02402116241849771
2009-01-13,0.0018405017568671918
2009-01-14,-0.03145450536099989
2009-01-15,0.0003554918280579937
2009-01-16,0.007819837933504083
2009-01-20,-0.052786087108787086
2009-01-21,0.04319266300155141
2009-01-22,-0.015467727200832187
2009-01-23,0.004350491474017573
2009-01-26,0.0068583199714919415
2009-01-27,0.010158095580819688
2009-01-28,0.03383401266570617
2009-01-29,-0.03249831029708011
2009-01-30,-0.020342933347518615
2009-02-02,-0.0030182270531590076
2009-02-03,0.014046785549333664
2009-02-04,-0.004895858171311131
2009-02-05,0.014880461321225003
2009-02-06,0.02849732858222227
2009-02-09,0.001379599448977939
2009-02-10,-0.04580943000437597
2009-02-11,0.005895801737856372
2009-02-12,0.000717782623467338
2009-02-13,-0.010757954005219164
2009-02-17,-0.04277459028980098
2009-02-18,-0.002397703802512651
2009-02-19,-0.010755446876042666
2009-02-20,-0.009721268515065414
2009-02-23,-0.035778671371091406
2009-02-24,0.03791005420555994
2009-02-25,-0.007873102656913121
2009-02-26,-0.016261404917677226
2009-02-27,-0.022348543161967393
2009-03-02,-0.04504242193759365
2009-03-03,-0.0075072683721216895
2009-03-04,0.023691098509289167
2009-03-05,-0.04084827720259575
2009-03-06,0.0017442271031425354
2009-03-09,-0.011752539754049504
2009-03-10,0.059609332816522545
2009-03-11,0.006512638168829309
2009-03-12,0.0393722465572764
2009-03-13,0.007814415713921163
2009-03-16,-0.003022749421502849
2009-03-17,0.030582974925541306
2009-03-18,0.022384143394446776
2009-03-19,-0.012386091099639843
2009-03-20,-0.021293878592906417
2009-03-23,0.07182914632392137
2009-03-24,-0.019703551813003893
2009-03-25,0.010545797799924391
2009-03-26,0.020380787499241347
2009-03-27,-0.01804823137404141
2009-03-30,-0.03455465528569234
2009-03-31,0.009265201048964299
2009-04-01,0.019366034853795486
2009-04-02,0.02923744122583373
2009-04-03,0.00994851937018291
2009-04-06,-0.007832570410893495
2009-04-07,-0.02332544232494412
2009-04-08,0.01077814645872849
2009-04-09,0.039742720749217475
2009-04-13,0.0002335198466454169
2009-04-14,-0.01724358334854377
2009-04-15,0.010669471032057107
2009-04-16,0.014662389527282296
2009-04-17,0.006705092106096474
2009-04-20,-0.04191526142327368
2009-04-21,0.019537606676635746
2009-04-22,-0.006113207892716681
2009-04-23,0.009817339888709297
2009-04-24,0.015111292342459856
2009-04-27,-0.009462667096009852
2009-04-28,-0.0031455190463328744
2009-04-29,0.021269683070762935
2009-04-30,0.00034308513514428885
2009-05-01,0.005376404123307674
2009-05-04,0.034019046516203244
2009-05-05,-0.0034105192091252214
2009-05-06,0.017335124254932506
2009-05-07,-0.013891816259368306
2009-05-08,0.023332054322855393
2009-05-11,-0.01871366753928982
2009-05-12,-0.002958954017267243
2009-05-13,-0.025173008494394855
2009-05-14,0.008569350384592549
2009-05-15,-0.008161318852963543
2009-05-18,0.028406714927456625
2009-05-19,-0.0012054087552586512
2009-05-20,-0.006694337110067343
2009-05-21,-0.014363448333707582
2009-05-22,-0.0021295529044829224
2009-05-26,0.025612204149596588
2009-05-27,-0.01785352930704906
2009-05-28,0.013940351565182777
2009-05-29,0.01770803765966378
2009-06-01,0.024208188015067533
2009-06-02,0.0008440138193838918
2009-06-03,-0.012651611246728263
2009-06-04,0.009396850335721406
2009-06-05,0.00021126451866790636
2009-06-08,-0.00412422497785651
2009-06-09,0.005096998822505368
2009-06-10,-0.0025355207183295017
2009-06-11,0.0044493754823393
2009-06-12,0.002741652783343824
2009-06-15,-0.022928162523725353
2009-06-16,-0.013562871637494988
2009-06-17,-0.0009817485209742643
2009-06-18,0.007318451857314522
2009-06-19,0.0036859632716750093
2009-06-22,-0.02998787676147402
2009-06-23,0.0007845823495690869
2009-06-24,0.008618092133663472
2009-06-25,0.021748970288007673
2009-06-26,-0.0026067376817541484
2009-06-29,0.009364051406985915
2009-06-30,-0.00809064246670461
2009-07-01,0.004132563230317623
2009-07-02,-0.027293348975635387
2009-07-06,-0.00011153667527108874
2009-07-07,-0.019376081638313832
2009-07-08,-0.0006813465377745087
2009-07-09,0.0019319545493698118
2009-07-10,-0.0023817373974936414
2009-07-13,0.024329179165370324
2009-07-14,0.005660203271717608
2009-07-15,0.02924679162983028
2009-07-16,-0.0016088320216149777
2009-07-17,0.01095433731510875
2009-07-20,0.01062423059627013
2009-07-21,0.004625019526473121
2009-07-22,-0.00020941258796571338
2009-07-23,0.022082740701992537
2009-07-24,0.004095447940808141
2009-07-27,0.002957694697875462
2009-07-28,-0.00467719539638979
2009-07-29,-0.0024517064467642117
2009-07-30,0.01044567862170723
2009-07-31,0.0014191003433408568
2009-08-03,0.016495781235433524
2009-08-04,0.0025889264889848787
2009-08-05,-0.0028800501762907796
2009-08-06,-0.005178782357747784
2009-08-07,0.013114429035455264
2009-08-10,-0.0020747713639101216
2009-08-11,-0.012476759588772287
2009-08-12,0.010729099101114102
2009-08-13,0.0076387407639171056
2009-08-14,-0.007679252110449706
2009-08-17,-0.024605904097302296
2009-08-18,0.007934005211463875
2009-08-19,0.00878022517662792
2009-08-20,0.010304289626358055
2009-08-21,0.01960589825327002
2009-08-24,-9.75826579269512e-05
2009-08-25,0.001942716298325557
2009-08-26,9.680232005229528e-05
2009-08-27,0.002229541028249428
2009-08-28,-0.00019345487333000355
2009-08-31,-0.008899147654907222
2009-09-01,-0.022057426554280755
2009-09-02,-0.003792616173412193
2009-09-03,0.008315123460557943
2009-09-04,0.0140086941033262
2009-09-08,0.008623067497326192
2009-09-09,0.007673855811084345
2009-09-10,0.010218997722662618
2009-09-11,-0.00019088876211150762
2009-09-14,0.004867754969920163
2009-09-15,0.004179320685543172
2009-09-16,0.015134225480364697
2009-09-17,-0.0014912059552012749
2009-09-18,0.0006377711430819033
2009-09-21,-0.002529715513665539
2009-09-22,0.005824209330900481
2009-09-23,-0.00831212209991019
2009-09-24,-0.011018943755326888
2009-09-25,-0.005332969234639097
2009-09-28,0.01790342811524264
2009-09-29,-0.00301020825915922
2009-09-30,-0.003867810662086962
2009-10-01,-0.024812920465378776
2009-10-02,-0.004661864362454989
2009-10-05,0.014928770768903848
2009-10-06,0.014324226638391904
2009-10-07,0.0027483871709331415
2009-10-08,0.007655720573922094
2009-10-09,0.006097461041401266
2009-10-12,0.003915704645251859
2009-10-13,-0.002042992371040402
2009-10-14,0.017215339272537548
2009-10-15,0.0036596724629815694
2009-10-16,-0.007474494814648267
2009-10-19,0.008265125869376748
2009-10-20,-0.005282959872983539
2009-10-21,-0.008973288873609297
2009-10-22,0.010163623068668508
2009-10-23,-0.01143379454573452
2009-10-26,-0.010824575556113663
2009-10-27,-0.004583597588626587
2009-10-28,-0.018887513708211987
2009-10-29,0.021453975585290535
2009-10-30,-0.028973438533126495
2009-11-02,0.007339175111215563
2009-11-03,0.0031627969481797663
2009-11-04,0.002580539598441521
2009-11-05,0.018394526625219162
2009-11-06,0.0026206157542831253
2009-11-09,0.022776336878412674
2009-11-10,0.000182258576799712
2009-11-11,0.005109813056283254
2009-11-12,-0.010167577904667352
2009-11-13,0.005410845899629133
2009-11-16,0.014504661134268251
2009-11-17,0.0011691980499133245
2009-11-18,-0.00062854891511848
2009-11-19,-0.013031310782047683
2009-11-20,-0.003551614080335603
2009-11-23,0.012702013665378924
2009-11-24,0.0015343677888122293
2009-11-25,0.0035140827691135202
2009-11-27,-0.016250671440038986
2009-11-30,0.0033768021133365063
2009-12-01,0.01237038381172022
2009-12-02,-0.000449349011852342
2009-12-03,-0.007820118248731793
2009-12-04,0.005707442078006147
2009-12-07,-0.0015317409424613884
2009-12-08,-0.011096657918714331
2009-12-09,0.003740516846015999
2009-12-10,0.0056353146258662275
2009-12-11,0.004248111643309484
2009-12-14,0.006840193430228519
2009-12-15,-0.004648462546461887
2009-12-16,0.001526417677609547
2009-12-17,-0.012015409570154095
2009-12-18,0.005657541192989422
2009-12-21,0.010162070526739647
2009-12-22,0.0035928530808942436
2009-12-23,0.0019691001063374446
2009-12-24,0.004734414470290467
2009-12-28,0.0021335623675044135
2009-12-29,-0.001419165260923981
2009-12-30,-0.00035565882618782417
2009-12-31,-0.009598118807599343
2010-01-04,0.016959739355855014
2010-01-05,0.002647333709728356
2010-01-06,0.0007038097944808825
2010-01-07,0.004221237319790755
2010-01-08,0.0033276648736190123
2010-01-11,0.0013966957745335238
2010-01-12,-0.009326089044658837
2010-01-13,0.008446007174033312
2010-01-14,0.0027047668416241553
2010-01-15,-0.011224043870414306
2010-01-19,0.012495099493549863
2010-01-20,-0.010168282882704865
2010-01-21,-0.019229217394926022
2010-01-22,-0.022292012254694467
2010-01-25,0.005127843657494866
2010-01-26,-0.004190774633478347
2010-01-27,0.004757387188226961
2010-01-28,-0.011472421983779405
2010-01-29,-0.010868577563482739
2010-02-01,0.015550858453384551
2010-02-02,0.012103562922301374
2010-02-03,-0.004982817933069218
2010-02-04,-0.030865817229259396
2010-02-05,0.0020667705478425833
2010-02-08,-0.007219016975745717
2010-02-09,0.01256041650898003
2010-02-10,-0.0019586777442607397
2010-02-11,0.01046585887670161
2010-02-12,-0.0008320721309441962
2010-02-16,0.015734632475831033
2010-02-17,0.004738932081641428
2010-02-18,0.005894821672813152
2010-02-19,0.0020738957634180827
2010-02-22,0.00017991754147278697
2010-02-23,-0.01214464055750426
2010-02-24,0.009197837145804045
2010-02-25,-0.00135383132604808
2010-02-26,0.0006326629206321641
2010-03-01,0.010384565215163712
2010-03-02,0.002770669008068517
2010-03-03,0.0008913623137699213
2010-03-04,0.0030275505461115665
2010-03-05,0.014293031931384443
2010-03-08,0.00017537797084466505
2010-03-09,0.0016626673783139505
2010-03-10,0.004455715123610637
2010-03-11,0.004174797122074425
2010-03-12,8.67775305700416e-05
2010-03-15,0.0002597787577475429
2010-03-16,0.007966249924759852
2010-03-17,0.005927028662819759
2010-03-18,-0.0005123684289556518
2010-03-19,-0.005061675135837629
2010-03-22,0.0053460551466447265
2010-03-23,0.0070334381938092294
2010-03-24,-0.004854811758656361
2010-03-25,-0.0016263105397453165
2010-03-26,-0.0005996882947495461
2010-03-29,0.006347358268647602
2010-03-30,0.000681741460658849
2010-03-31,-0.0034066451911781565
2010-04-01,0.006837363338662547
2010-04-05,0.00814920395506603
2010-04-06,0.002357677570146737
2010-04-07,-0.005712357228486849
2010-04-08,0.0034643432843780696
2010-04-09,0.0065666854251145755
2010-04-12,0.0015894453471039843
2010-04-13,0.0007520539064077629
2010-04-14,0.011349221790709747
2010-04-15,0.0008253840240936527
2010-04-16,-0.015912619219994335
2010-04-19,0.003770022728121816
2010-04-20,0.008930828608869085
2010-04-21,-0.0018199123918700585
2010-04-22,0.0029837595961554543
2010-04-23,0.00652780008299926
2010-04-26,-0.0037764383279529487
2010-04-27,-0.023650199907460735
2010-04-28,0.007595958950182224
2010-04-29,0.012397395855231329
2010-04-30,-0.016962148026583468
2010-05-03,0.012961857543476833
2010-05-04,-0.023514513105445882
2010-05-05,-0.005956472253404942
2010-05-06,-0.033213738716322834
2010-05-07,-0.014874860872138667
2010-05-10,0.044041092574872556
2010-05-11,-0.002840792312156202
2010-05-12,0.013985397484644788
2010-05-13,-0.012430269463221578
2010-05-14,-0.018105213153996613
2010-05-17,0.0005265262400028177
2010-05-18,-0.013602155816746285
2010-05-19,-0.005693840388051785
2010-05-20,-0.037759506764632335
2010-05-21,0.014599230489366614
2010-05-24,-0.012830891704470998
2010-05-25,0.0010208405544411905
2010-05-26,-0.006028809147072746
2010-05-27,0.03349869424412932
2010-05-28,-0.012549483674787962
2010-06-01,-0.016823913392759234
2010-06-02,0.026039132976337254
2010-06-03,0.00344426496432775
2010-06-04,-0.03513662639389821
2010-06-07,-0.012450989306428514
2010-06-08,0.01071209938444009
2010-06-09,-0.005346215891709813
2010-06-10,0.029231699119451837
2010-06-11,0.004855443408643464
2010-06-14,-0.00154998434978073
2010-06-15,0.022737435891142636
2010-06-16,-0.0003570621818153721
2010-06-17,0.0016078084146368854
2010-06-18,0.0010842843859235319
2010-06-21,-0.0028638070132527933
2010-06-22,-0.016515684443196604
2010-06-23,-0.003103460489301574
2010-06-24,-0.016570447058002827
2010-06-25,0.00418932638646451
2010-06-28,-0.0031519009802981296
2010-06-29,-0.030874988279871486
2010-06-30,-0.009500276971894523
2010-07-01,-0.004456385031038413
2010-07-02,-0.005449380633873091
2010-07-06,0.006555376562848252
2010-07-07,0.03149625844275964
2010-07-08,0.0098951999943468
2010-07-09,0.007465414623592795
2010-07-12,0.0006482695276999365
2010-07-13,0.015088788310306708
2010-07-14,-9.157023455470717e-05
2010-07-15,0.00027362693753238404
2010-07-16,-0.02753443559765357
2010-07-19,0.005906676506219134
2010-07-20,0.011091384070434066
2010-07-21,-0.012997953733471986
2010-07-22,0.02232166474159114
2010-07-23,0.008679616509100489
2010-07-26,0.010415357928870068
2010-07-27,-8.964738875413018e-05
2010-07-28,-0.006454736499795845
2010-07-29,-0.004872114536107772
2010-07-30,-0.00018117563139983164
2010-08-02,0.022581037030665947
2010-08-03,-0.004788990739948628
2010-08-04,0.006683287375217146
2010-08-05,-0.001062251927445045
2010-08-06,-0.00407628080993701
2010-08-09,0.005338398976172756
2010-08-10,-0.005398564621578099
2010-08-11,-0.027406767166231107
2010-08-12,-0.006130103672397856
2010-08-13,-0.002945905390189749
2010-08-16,-0.0004615933990834181
2010-08-17,0.012285327570516525
2010-08-18,0.001825177744481588
2010-08-19,-0.017397491953253887
2010-08-20,-0.003243846099152022
2010-08-23,-0.003813011297968307
2010-08-24,-0.014842851441609569
2010-08-25,0.0038846984476185024
2010-08-26,-0.006701376142664784
2010-08-27,0.015489400104110677
2010-08-30,-0.014505174066166185
2010-08-31,0.0
2010-09-01,0.0299119887539582
2010-09-02,0.009312243754942724
2010-09-03,0.012971764260276861
2010-09-07,-0.01127253046346463
2010-09-08,0.007023174915344463
2010-09-09,0.004619085373189996
2010-09-10,0.005048487920133331
2010-09-13,0.011122888866185756
2010-09-14,-0.0006209839539292472
2010-09-15,0.003817178752570414
2010-09-16,-0.0002652374906024386
2010-09-17,0.00037376141115099694
2010-09-20,0.015290089973855435
2010-09-21,-0.0020140891817121797
2010-09-22,-0.004912966393576712
2010-09-23,-0.008111227916458208
2010-09-24,0.02062226774169388
2010-09-27,-0.0047905592932988
2010-09-28,0.003500380988148927
2010-09-29,-0.0017439097417500044
2010-09-30,-0.0029702042744034146
2010-10-01,0.00420576816799123
2010-10-04,-0.007503764501674778
2010-10-05,0.02013170086100242
2010-10-06,-8.572740353321977e-05
2010-10-07,-0.0012067144818159368
2010-10-08,0.005608713382492232
2010-10-11,0.0009437984579926229
2010-10-12,0.003086204547302377
2010-10-13,0.007777005037778602
2010-10-14,-0.003901017191023173
2010-10-15,0.0020434819318957196
2010-10-18,0.0049280082973516826
2010-10-19,-0.013104606095764882
2010-10-20,0.009765921298448077
2010-10-21,0.0022055939519833117
2010-10-22,0.0018625321581150732
2010-10-25,0.002957564245842408
2010-10-26,0.0001682918176722032
2010-10-27,-0.0028639602334431095
2010-10-28,0.0001689170636799451
2010-10-29,0.000760168660399801
2010-11-01,0.0003376906197626588
2010-11-02,0.00793066975457159
2010-11-03,0.004017611586730063
2010-11-04,0.01925825357025432
2010-11-05,0.003762042389607118
2010-11-08,-0.0018741765572871385
2010-11-09,-0.007184201947241195
2010-11-10,0.004029211952411606
2010-11-11,-0.0037670563182183596
2010-11-12,-0.011838231985896269
2010-11-15,-0.0014145577360502345
2010-11-16,-0.015579405999721727
2010-11-17,0.0005079505564084424
2010-11-18,0.014718057498774249
2010-11-19,0.0027510102566985035
2010-11-22,-0.0008313422566191501
2010-11-23,-0.014477239988548421
2010-11-24,0.014774573228016551
2010-11-26,-0.011647252064378057
2010-11-29,0.0030302660098120962
2010-11-30,-0.00562294792723417
2010-12-01,0.02126744901445801
2010-12-02,0.012809305076063916
2010-12-03,0.0026922380764765677
2010-12-06,-0.0010575843395830731
2010-12-07,0.00057027980163524
2010-12-08,0.0036632681629798214
2010-12-09,0.003894019871192396
2010-12-10,0.005817558562011257
2010-12-13,0.0006428006449219923
2010-12-14,0.0008827875047133246
2010-12-15,-0.00457205592146483
2010-12-16,0.005801540753561945
2010-12-17,0.0010715119138074848
2010-12-20,0.0024136045247321264
2010-12-21,0.006340181095843167
2010-12-22,0.003110098577075529
2010-12-23,-0.0014309796248014788
2010-12-27,0.0003980107445339379
2010-12-28,0.0014327793029938831
2010-12-29,0.0007152053322955844
2010-12-30,-0.0015885543192259263
2010-12-31,0.00023876993766860536
2011-01-03,0.010338327355809291
2011-01-04,-0.0005512973677957583
2011-01-05,0.005197892354966359
2011-01-06,-0.0019586400573350935
2011-01-07,-0.001962877376752118
2011-01-10,-0.001258270609721063
2011-01-11,0.0035440354597782967
2011-01-12,0.009024356431000708
2011-01-13,-0.0016328871153424487
2011-01-14,0.00724445649315508
2011-01-18,0.0017014132228854425
2011-01-19,-0.009805252711661305
2011-01-20,-0.0013257905785611244
2011-01-21,0.002264562312216049
2011-01-24,0.005686377008685772
2011-01-25,0.0005420774411211093
2011-01-26,0.003871270007092089
2011-01-27,0.002467826324161208
2011-01-28,-0.017463107477030174
2011-01-31,0.007516672163020089
2011-02-01,0.016008568154806474
2011-02-02,-0.0019125052799225518
2011-02-03,0.002222661885013667
2011-02-04,0.002829050365330203
2011-02-07,0.006252114253999452
2011-02-08,0.004547036847780817
2011-02-09,-0.002263265259664803
2011-02-10,0.0003781676085230747
2011-02-11,0.005969970794583722
2011-02-14,0.002404050935419631
2011-02-15,-0.003147444241011859
2011-02-16,0.006315291499084414
2011-02-17,0.0029885052994153174
2011-02-18,0.0020855786263366174
2011-02-22,-0.020069645382406808
2011-02-23,-0.0061444185922527135
2011-02-24,-0.0006869509920882407
2011-02-25,0.010692620434794228
2011-02-28,0.006196666951293957
2011-03-01,-0.016672848740099458
2011-03-02,0.0021384628261173037
2011-03-03,0.017224480258372553
2011-03-04,-0.007492270466914954
2011-03-07,-0.00785111750874966
2011-03-08,0.008750241536570029
2011-03-09,-0.0014332075520781737
2011-03-10,-0.018505613299189507
2011-03-11,0.006926140509202962
2011-03-14,-0.006037958795212852
2011-03-15,-0.01145735399611985
2011-03-16,-0.018512805195230582
2011-03-17,0.013235043939487726
2011-03-18,0.0036372365314968637
2011-03-21,0.01549769711820392
2011-03-22,-0.003468566305408652
2011-03-23,0.0028620166983274417
2011-03-24,0.009563053993309735
2011-03-25,0.0030559842557936305
2011-03-28,-0.002436989197279191
2011-03-29,0.006718644774665161
2011-03-30,0.006901229899298233
2011-03-31,-0.001355492594640496
2011-04-01,0.004223104858072627
2011-04-04,0.0008265091720850725
2011-04-05,-0.0001501979654131167
2011-04-06,0.0031519338664051755
2011-04-07,-0.002543559084160392
2011-04-08,-0.0034503035067540333
2011-04-11,-0.0030108998602296887
2011-04-12,-0.007474165541605314
2011-04-13,-7.585575773295918e-05
2011-04-14,0.0007610451210454339
2011-04-15,0.003648371944087283
2011-04-18,-0.011209256696008025
2011-04-19,0.0057451221933769074
2011-04-20,0.013631590354995636
2011-04-21,0.005109196215680217
2011-04-25,-0.0010466275326767025
2011-04-26,0.008604917924045156
2011-04-27,0.006528810224800843
2011-04-28,0.0032432306748093388
2011-04-29,0.00235123478331279
2011-05-02,-0.0015391543000173563
2011-05-03,-0.0035974336269501855
2011-05-04,-0.006630764215893653
2011-05-05,-0.009048358631002071
2011-05-06,0.004415610245793762
2011-05-09,0.0038748941286773407
2011-05-10,0.008535936630368342
2011-05-11,-0.010524233804332716
2011-05-12,0.004760436650327773
2011-05-13,-0.0076994466632405514
2011-05-16,-0.006341243111545851
2011-05-17,-0.00014997714366318836
2011-05-18,0.008935885611068999
2011-05-19,0.002381561451068883
2011-05-20,-0.007944680757386377
2011-05-23,-0.011600848678212152
2011-05-24,-0.0008329528514971834
2011-05-25,0.003334437650502303
2011-05-26,0.0046074863358517015
2011-05-27,0.0038346471391313623
2011-05-31,0.010411551053051244
2011-06-01,-0.022461372039007697
2011-06-02,-0.0010616356562417083
2011-06-03,-0.009944617904768199
2011-06-06,-0.010581073031654965
2011-06-07,-0.0006198207888604311
2011-06-08,-0.004187701095461053
2011-06-09,0.007631717990856335
2011-06-10,-0.013910868086523906
2011-06-13,0.000783989128517184
2011-06-14,0.012686046669792558
2011-06-15,-0.017785199384886964
2011-06-16,0.002204186098820879
2011-06-17,0.0029837632744686587
2011-06-20,0.005116158118339655
2011-06-21,0.0137041711790018
2011-06-22,-0.006025165143762015
2011-06-23,-0.002875669392745769
2011-06-24,-0.011614048999570994
2011-06-27,0.00891115967276267
2011-06-28,0.013053215216362045
2011-06-29,0.008563983628483091
2011-06-30,0.00956250393251306
2011-07-01,0.014776112235406156
2011-07-05,-0.0008209666637689045
2011-07-06,0.001195418169940463
2011-07-07,0.010375552868629198
2011-07-08,-0.007092580083050584
2011-07-11,-0.018080209537525795
2011-07-12,-0.004319114526198081
2011-07-13,0.003348432387376426
2011-07-14,-0.00690228366292016
2011-07-15,0.005804714709007474
2011-07-18,-0.008200993047161254
2011-07-19,0.01623126309992514
2011-07-20,-0.0006027599881423774
2011-07-21,0.013871316923291209
2011-07-22,0.0006693231799867789
2011-07-25,-0.005572879822664589
2011-07-26,-0.003736321321555363
2011-07-27,-0.020475594593821374
2011-07-28,-0.00290931095879252
2011-07-29,-0.006834593098141129
2011-08-01,-0.004252666192356031
2011-08-02,-0.02554791341621627
2011-08-03,0.005419052609748104
2011-08-04,-0.046841710323656006
2011-08-05,-0.0014967967673617192
2011-08-08,-0.06512318132450791
2011-08-09,0.046499546418404335
2011-08-10,-0.04417814221982989
2011-08-11,0.0448838275176543
2011-08-12,0.0067330660358269415
2011-08-15,0.02116518205317832
2011-08-16,-0.008539160321254726
2011-08-17,0.0006687391405684524
2011-08-18,-0.04311808834057918
2011-08-19,-0.01633087189473403
2011-08-22,0.0007990709224167482
2011-08-23,0.032910398573200994
2011-08-24,0.014084842274284606
2011-08-25,-0.015244048888434614
2011-08-26,0.014534090538258708
2011-08-29,0.028736041587094367
2011-08-30,0.0026366793670037827
2011-08-31,0.0044381497523893676
2011-09-01,-0.010473072672683704
2011-09-02,-0.025550021437406877
2011-09-06,-0.0072975104579780575
2011-09-07,0.02820757706414322
2011-09-08,-0.010391309597010357
2011-09-09,-0.026209917664883023
2011-09-12,0.00646979300775621
2011-09-13,0.009171386642754315
2011-09-14,0.013843860983469356
2011-09-15,0.017257411297599952
2011-09-16,0.005918618686297503
2011-09-19,-0.00995734124789699
2011-09-20,-0.0011637712299126662
2011-09-21,-0.02945819448380376
2011-09-22,-0.032324385542483104
2011-09-23,0.006025736873471259
2011-09-26,0.02377954110143107
2011-09-27,0.011184056545071831
2011-09-28,-0.020418835842178188
2011-09-29,0.00790340106393753
2011-09-30,-0.024989051057285088
2011-10-03,-0.028457968261681777
2011-10-04,0.021922969530894766
2011-10-05,0.018515576466216727
2011-10-06,0.018091144690291397
2011-10-07,-0.006695810681484185
2011-10-10,0.0334460383059118
2011-10-11,0.0010032765988956353
2011-10-12,0.008771522821232823
2011-10-13,-0.001987439454667041
2011-10-14,0.017094165683364394
2011-10-17,-0.019091250139987342
2011-10-18,0.019545919323498372
2011-10-19,-0.011829004351689522
2011-10-20,0.004375635137313668
2011-10-21,0.018987273395568535
2011-10-24,0.012260759113860702
2011-10-25,-0.01944350381702233
2011-10-26,0.010158632560838756
2011-10-27,0.034835035767698266
2011-10-28,-0.00023340283431556386
2011-10-31,-0.024105736648919147
2011-11-01,-0.02788857264460236
2011-11-02,0.016311648218376218
2011-11-03,0.018227331424821296
2011-11-04,-0.006099118383936363
2011-11-07,0.006216011172706539
2011-11-08,0.012830868534844758
2011-11-09,-0.036909779571907116
2011-11-10,0.009418895306664544
2011-11-11,0.018822507995235608
2011-11-14,-0.009474611366865263
2011-11-15,0.0049418901179920675
2011-11-16,-0.015862569959564463
2011-11-17,-0.015877320498374127
2011-11-18,-0.001064391389792315
2011-11-21,-0.019019371386929083
2011-11-22,-0.003927837141763455
2011-11-23,-0.0220658765919748
2011-11-25,-0.0018873649812531014
2011-11-28,0.02896651430580956
2011-11-29,0.0028405502687993177
2011-11-30,0.04114931074134828
2011-12-01,-0.00016010708594429776
2011-12-02,-0.0008796624323093274
2011-12-05,0.010891805668164877
2011-12-06,0.00031693710974965255
2011-12-07,0.003722518056482402
2011-12-08,-0.021936612211395354
2011-12-09,0.01694281208934773
2011-12-12,-0.014597510068951502
2011-12-13,-0.009339033134269934
2011-12-14,-0.010646285473396373
2011-12-15,0.003614359931153039
2011-12-16,0.0014825159530816741
2011-12-19,-0.010691685381679245
2011-12-20,0.03026036645582894
2011-12-21,0.0019364408727058349
2011-12-22,0.008858872847304812
2011-12-23,0.008940687087397075
2011-12-27,0.0007913404896101694
2011-12-28,-0.013123613677494426
2011-12-29,0.010333858334862764
2011-12-30,-0.0049158807045355975
2012-01-03,0.01593638778287996
2012-01-04,0.001568671125984232
2012-01-05,0.0026622643180912163
2012-01-06,-0.0025772729378365205
2012-01-09,0.0024273770732820585
2012-01-10,0.008670620881963268
2012-01-11,0.000542070256655209
2012-01-12,0.0023992311150617764
2012-01-13,-0.0051731533472785425
2012-01-17,0.003880852337825387
2012-01-18,0.011056054856387604
2012-01-19,0.005276425079329607
2012-01-20,0.0037274622211518524
2012-01-23,-0.002576738207997392
2012-01-24,-0.0011398186497491593
2012-01-25,0.008367834837395727
2012-01-26,-0.005129908973895972
2012-01-27,-0.0004548897746750524
2012-01-30,-0.003414380641498004
2012-01-31,-0.0003799611068731249
2012-02-01,0.008757158853602313
2012-02-02,0.0015852085160034599
2012-02-03,0.014018704039614267
2012-02-06,-0.0006690266778584723
2012-02-07,0.0025287528592904097
2012-02-08,0.0029675164338279973
2012-02-09,0.0012576009567442801
2012-02-10,-0.007387985534824033
2012-02-13,0.007442974119958355
2012-02-14,-0.0012560213830512636
2012-02-15,-0.004660016991741223
2012-02-16,0.011072987589522668
2012-02-17,0.002646333478727811
2012-02-21,0.00043971150663389897
2012-02-22,-0.0032239972932353767
2012-02-23,0.004410914343755482
2012-02-24,0.0021956640002311453
2012-02-27,0.001679374750786725
2012-02-28,0.0029164554888465536
2012-02-29,-0.003925676354822718
2012-03-01,0.005181881139745809
2012-03-02,-0.0030494082711981967
2012-03-05,-0.00407821878302101
2012-03-06,-0.014625489504867707
2012-03-07,0.006975791879292368
2012-03-08,0.009949047606227534
2012-03-09,0.003867696600147502
2012-03-12,7.295284119908202e-05
2012-03-13,0.01802553191732348
2012-03-14,-0.001070771684090662
2012-03-15,0.0057892214118018814
2012-03-16,0.0013848045544186877
2012-03-19,0.003920231163600765
2012-03-20,-0.002910748207785162
2012-03-21,-0.0016379158264286807
2012-03-22,-0.0072038140480719616
2012-03-23,0.003233090211224112
2012-03-26,0.014035246905399168
2012-03-27,-0.003107089503882688
2012-03-28,-0.004958566414350816
2012-03-29,-0.0017087706359285627
2012-03-30,0.004136167575759435
2012-04-02,0.0073146275121899465
2012-04-03,-0.004089081186125124
2012-04-04,-0.009910747965960334
2012-04-05,-0.000500536153915147
2012-04-09,-0.011230773825439844
2012-04-10,-0.016785187221354792
2012-04-11,0.008094311520918746
2012-04-12,0.01306552186938389
2012-04-13,-0.011888507273785502
2012-04-16,-0.0006563308694665839
2012-04-17,0.014812599555861719
2012-04-18,-0.0033794290682640175
2012-04-19,-0.006421046869762576
2012-04-20,0.0016701233427797355
2012-04-23,-0.008409340470275268
2012-04-24,0.003801821800985672
2012-04-25,0.013691757339208455
2012-04-26,0.006969025864883561
2012-04-27,0.001640420588324748
2012-04-30,-0.0037034963211574397
2012-05-01,0.006219485035530627
2012-05-02,-0.0029839537717459112
2012-05-03,-0.007625434382126112
2012-05-04,-0.016157748459883745
2012-05-07,0.0007301522550507253
2012-05-08,-0.004011944622513002
2012-05-09,-0.005931998293011946
2012-05-10,0.0020627700687006587
2012-05-11,-0.003014179719809881
2012-05-14,-0.011061156693976011
2012-05-15,-0.005741454125524184
2012-05-16,-0.003825028466820215
2012-05-17,-0.014830804462534784
2012-05-18,-0.008558776511570845
2012-05-21,0.017188304941127105
2012-05-22,0.0017426690767587867
2012-05-23,0.0005296124429119056
2012-05-24,0.001965721071032288
2012-05-25,-0.0032449371676586034
2012-05-29,0.012112373516733837
2012-05-30,-0.014510084991714947
2012-05-31,-0.002200990234121515
2012-06-01,-0.025177097523780455
2012-06-04,-0.00046772959507708305
2012-06-05,0.0075718962255006345
2012-06-06,0.022468623012245365
2012-06-07,0.0006061779774696196
2012-06-08,0.007951506708047198
2012-06-11,-0.012697325989513166
2012-06-12,0.011490648200560578
2012-06-13,-0.006394775902957937
2012-06-14,0.010600380769461688
2012-06-15,0.010227600706170199
2012-06-18,0.0019382602124124358
2012-06-19,0.009672191275841964
2012-06-20,-0.0016210916234305082
2012-06-21,-0.022438490582997697
2012-06-22,0.007701706741868705
2012-06-25,-0.016034768795338526
2012-06-26,0.0050257766225539685
2012-06-27,0.009016666432057247
2012-06-28,-0.0028538466342292873
2012-06-29,0.02492667150261542
2012-07-02,0.003012388312933902
2012-07-03,0.006593170908277322
2012-07-05,-0.004512737790121131
2012-07-06,-0.009503134077358201
2012-07-09,-0.0012545312087880217
2012-07-10,-0.008720006446219104
2012-07-11,0.00014879573347812637
2012-07-12,-0.004844784622668253
2012-07-13,0.01677771304231322
2012-07-16,-0.002357010704246424
2012-07-17,0.006867101303695621
2012-07-18,0.007406686161700355
2012-07-19,0.0026204455791274655
2012-07-20,-0.009148365615693502
2012-07-23,-0.010112358589556942
2012-07-24,-0.008586459226091109
2012-07-25,0.00022376146287270065
2012-07-26,0.016497790332530557
2012-07-27,0.018432622096674154
2012-07-30,0.0
2012-07-31,-0.006994651573754521
2012-08-01,-0.0008713255697113784
2012-08-02,-0.00690429251114302
2012-08-03,0.01983322725457812
2012-08-06,0.0019372693018620023
2012-08-07,0.0050136180556015165
2012-08-08,0.0012114178559082373
2012-08-09,0.0008542915393289474
2012-08-10,0.0016355275629594754
2012-08-13,-0.0004968393654241101
2012-08-14,0.00014213324940308528
2012-08-15,0.001136489878124069
2012-08-16,0.007378246205430989
2012-08-17,0.0013381506024315102
2012-08-20,7.060130764294046e-05
2012-08-21,-0.003024354705480963
2012-08-22,0.0004233533510167411
2012-08-23,-0.008179333132331304
2012-08-24,0.006042931805604125
2012-08-27,0.00021191313362405002
2012-08-28,-0.0009891765775026445
2012-08-29,0.0007780779980715553
2012-08-30,-0.007208139663883637
2012-08-31,0.004769050150908222
2012-09-04,-0.0009210036445311808
2012-09-05,-0.0008508136008513102
2012-09-06,0.02029664809725482
2012-09-07,0.0038954697793259466
2012-09-10,-0.005681499213826994
2012-09-11,0.0027869667907073274
2012-09-12,0.003335552078140191
2012-09-13,0.01523655020559127
2012-09-14,0.004434039841995196
2012-09-17,-0.003395737936998204
2012-09-18,-0.000817639970881809
2012-09-19,0.000545185553153369
2012-09-20,6.869122333698118e-05
2012-09-21,-0.00041841750402654747
2012-09-24,-0.001508153967278007
2012-09-25,-0.010641576854268095
2012-09-26,-0.005621476463923784
2012-09-27,0.009421913458895375
2012-09-28,-0.004632502246884663
2012-10-01,0.0026395240859512967
2012-10-02,0.0010389010812681377
2012-10-03,0.0040831969712176895
2012-10-04,0.007168066564533404
2012-10-05,6.846055840907196e-05
2012-10-08,-0.0034215357008957723
2012-10-09,-0.009887171542569092
2012-10-10,-0.006380253928631359
2012-10-11,0.0005587136539852713
2012-10-12,-0.003279411870901368
2012-10-15,0.008328424866672414
2012-10-16,0.01013363216648416
2012-10-17,0.004534653104654872
2012-10-18,-0.00259899877035123
2012-10-19,-0.01666451470871004
2012-10-22,0.00013973995009306775
2012-10-23,-0.013876309440465908
2012-10-24,-0.0028281202366376825
2012-10-25,0.002907082449254698
2012-10-26,-0.0005660902693358308
2012-10-31,0.0
2012-11-01,0.01047035377922706
2012-11-02,-0.008891446720887828
2012-11-05,0.00204876660504966
2012-11-06,0.007825270724437765
2012-11-07,-0.02266372657290437
2012-11-08,-0.012023902941250605
2012-11-09,0.0008693226460546854
2012-11-12,0.0007959476837019032
2012-11-13,-0.003471507184246752
2012-11-14,-0.01349898715641733
2012-11-15,-0.001691823245789482
2012-11-16,0.004936911302933763
2012-11-19,0.02023978464703401
2012-11-20,0.0004314298450148782
2012-11-21,0.0018675414251926173
2012-11-23,0.013624630988302982
2012-11-26,-0.002122038791789061
2012-11-27,-0.005104834622249029
2012-11-28,0.00805295767158996
2012-11-29,0.004665235337902633
2012-11-30,0.00021083627661093178
2012-12-03,-0.004923966561894663
2012-12-04,-0.0014141022810316586
2012-12-05,0.0017699597553345724
2012-12-06,0.003392195386515813
2012-12-07,0.003028691717616764
2012-12-10,0.0004209497076519227
2012-12-11,0.006808896311340201
2012-12-12,0.00048780629287655094
2012-12-13,-0.00613195535917082
2012-12-14,-0.0037156161359830713
2012-12-17,0.011752045678304575
2012-12-18,0.011128785356706946
2012-12-19,-0.007429467875378377
2012-12-20,0.005752475708934344
2012-12-21,-0.009077087742181347
2012-12-24,-0.0030808626361556466
2012-12-26,-0.004215355962717518
2012-12-27,-0.0013404456883640667
2012-12-28,-0.010808267870221518
2012-12-31,0.016996648407122072
2013-01-02,0.025630122990563293
2013-01-03,-0.0022594911685348755
2013-01-04,0.004391303857698339
2013-01-07,-0.0027322700268835997
2013-01-08,-0.0028773095793058535
2013-01-09,0.0025417916446347035
2013-01-10,0.007949649367700483
2013-01-11,-6.780063113373629e-05
2013-01-14,-0.0006800119723913832
2013-01-15,0.0006804747033365617
2013-01-16,-0.0001360677174343181
2013-01-17,0.006460470215505586
2013-01-18,0.0022296138784960403
2013-01-22,0.0053934317143085496
2013-01-23,0.0016094204598228214
2013-01-24,0.00026755918235457486
2013-01-25,0.00562238387790425
2013-01-28,-0.001197987513972578
2013-01-29,0.00393141822333851
2013-01-30,-0.0039160227003314195
2013-01-31,-0.002465682672606429
2013-02-01,0.010287049866162334
2013-02-04,-0.011240451549127254
2013-02-05,0.010097489009776141
2013-02-06,0.0007284313901330461
2013-02-07,-0.0013233526620444445
2013-02-08,0.0055650389344623526
2013-02-11,-0.00019796336956185353
2013-02-12,0.0016468774874942832
2013-02-13,0.0008551679647963017
2013-02-14,0.000920483788801694
2013-02-15,-0.001182255605668014
2013-02-19,0.007494839470147496
2013-02-20,-0.012462772291677167
2013-02-21,-0.006079785062220434
2013-02-22,0.009772853455929582
2013-02-25,-0.01902675255601345
2013-02-26,0.0068460210090018035
2013-02-27,0.012597510506303783
2013-02-28,-0.0019743437136419315
2013-03-01,0.00329742038653267
2013-03-04,0.005325342172671648
2013-03-05,0.00895901976431191
2013-03-06,0.0013612009352629124
2013-03-07,0.0018122809033534752
2013-03-08,0.00426389550700142
2013-03-11,0.0037956623033000747
2013-03-12,-0.0022433689928538524
2013-03-13,0.0014132881795309194
2013-03-14,0.005324179418295855
2013-03-15,-0.0013203331800095918
2013-03-18,-0.005518543351539638
2013-03-19,-0.0023229586487068473
2013-03-20,0.006985163911481459
2013-03-21,-0.008543060556374322
2013-03-22,0.008034041135703357
2013-03-25,-0.004177893125525441
2013-03-26,0.008002706579955865
2013-03-27,0.0
2013-03-28,0.0030728405900564276
2013-04-01,-0.0039570590293355815
2013-04-02,0.004934072318464207
2013-04-03,-0.010138795175490947
2013-04-04,0.004058338383202006
2013-04-05,-0.004490888709577353
2013-04-08,0.006767153158281173
2013-04-09,0.0034563497921506143
2013-04-10,0.012249225976249868
2013-04-11,0.0032771414231857364
2013-04-12,-0.0024502181710164684
2013-04-15,-0.02317388444997703
2013-04-16,0.014763335657047853
2013-04-17,-0.014611560457759585
2013-04-18,-0.006254205013439702
2013-04-19,0.008694064212544404
2013-04-22,0.004437886839483549
2013-04-23,0.010309236047821186
2013-04-24,0.0006338349920682728
2013-04-25,0.004053586680885399
2013-04-26,-0.0017660430408883915
2013-04-29,0.006698115174796708
2013-04-30,0.0023855437919483033
2013-05-01,-0.0087677464235815
2013-05-02,0.009287691655815849
2013-05-03,0.010140893136455146
2013-05-06,0.0025404593429301237
2013-05-07,0.005068516491124184
2013-05-08,0.004551083842646497
2013-05-09,-0.0028157161062989924
2013-05-10,0.0032535058013591603
2013-05-13,0.0007959011616949476
2013-05-14,0.010333340078511536
2013-05-15,0.005386759840049273
2013-05-16,-0.004695544972593296
2013-05-17,0.00967719692177117
2013-05-20,-6.015774391730728e-05
2013-05-21,0.0014380284674402693
2013-05-22,-0.007417485593449196
2013-05-23,-0.0028926969891833977
2013-05-24,-0.0008467868462693397
2013-05-28,0.0059891166721168934
2013-05-29,-0.006493858297351879
2013-05-30,0.0036913822439454524
2013-05-31,-0.014352129714211294
2013-06-03,0.0055068646800414955
2013-06-04,-0.004807335297873683
2013-06-05,-0.014001049546574594
2013-06-06,0.00905375567349829
2013-06-07,0.01271968152247791
2013-06-10,0.0
2013-06-11,-0.010315280702202391
2013-06-12,-0.008277201209620291
2013-06-13,0.015209198771295894
2013-06-14,-0.006272932011220893
2013-06-17,0.007721709903318612
2013-06-18,0.007905435367790382
2013-06-19,-0.013816891846817328
2013-06-20,-0.024777965238428727
2013-06-21,0.003210050774701214
2013-06-24,-0.012636131775546768
2013-06-25,0.009614544114369685
2013-06-26,0.009900923564601283
2013-06-27,0.005870217607872363
2013-06-28,-0.004097327021272197
2013-07-01,0.005859257774366918
2013-07-02,-0.0009297184064079344
2013-07-03,0.00043424873375595176
2013-07-05,0.010788739021366995
2013-07-08,0.0057047643781971405
2013-07-09,0.007197688884494015
2013-07-10,0.00036309728552802077
2013-07-11,0.013620709237569728
2013-07-12,0.0004180914143979137
2013-07-15,0.0038205468699414645
2013-07-16,-0.003746595354461666
2013-07-17,0.0025668709175615066
2013-07-18,0.005477938523140977
2013-07-19,0.001776180120867688
2013-07-22,0.0019513125692739582
2013-07-23,-0.0021242119523912483
2013-07-24,-0.003665715212718133
2013-07-25,0.002432853206339284
2013-07-26,0.0010654649894670017
2013-07-29,-0.0030746214277427956
2013-07-30,0.0
2013-07-31,0.0007115165912937638
2013-08-01,0.01155820971477012
2013-08-02,0.0016990142417042324
2013-08-05,-0.0014618262219990097
2013-08-06,-0.005682414178836195
2013-08-07,-0.003240522075517113
2013-08-08,0.0036643986685793222
2013-08-09,-0.0028855159850346285
2013-08-12,-0.001181417622475706
2013-08-13,0.0029570375524640685
2013-08-14,-0.00512949213405698
2013-08-15,-0.013986058146574963
2013-08-16,-0.0033061121559778608
2013-08-19,-0.006392158163200322
2013-08-20,0.004916395182459329
2013-08-21,-0.006160016787404666
2013-08-22,0.009115119183169505
2013-08-23,0.0033721829341348927
2013-08-26,-0.003720814118377414
2013-08-27,-0.0160844380843473
2013-08-28,0.0035508750607851
2013-08-29,0.0015860233060215833
2013-08-30,-0.0031671395450376515
2013-09-03,0.004521568580941159
2013-09-04,0.008273315383412463
2013-09-05,0.0012664889235027832
2013-09-06,0.0004825878541500033
2013-09-09,0.009575934366704687
2013-09-10,0.00739735848679652
2013-09-11,0.003138260010549133
2013-09-12,-0.0026557666744472406
2013-09-13,0.0022485966965845095
2013-09-16,0.005787049002813401
2013-09-17,0.004463073668535721
2013-09-18,0.011574055535533933
2013-09-19,-0.0016759885880593345
2013-09-20,-0.00699155818665567
2013-09-23,-0.004627415877896294
2013-09-24,-0.0023539385791856737
2013-09-25,-0.0028905014000133143
2013-09-26,0.003845122390833811
2013-09-27,-0.0045960265004125
2013-09-30,-0.005328343516217933
2013-10-01,0.007916141824224593
2013-10-02,-0.0009447887336543386
2013-10-03,-0.009220877179845608
2013-10-04,0.007576444809814471
2013-10-07,-0.008645051701568846
2013-10-08,-0.011645952722670657
2013-10-09,0.0007248053473103817
2013-10-10,0.02155803299443628
2013-10-11,0.00644319828533601
2013-10-14,0.00399407250812005
2013-10-15,-0.0072542691915886545
2013-10-16,0.01396591067592825
2013-10-17,0.006683130644314805
2013-10-18,0.006754530513778529
2013-10-21,5.754973219829336e-05
2013-10-22,0.005791341457005875
2013-10-23,-0.004788901226712657
2013-10-24,0.0033222933716949674
2013-10-25,0.0045675681256656395
2013-10-28,0.0015912940095949024
2013-10-29,0.005333851961968905
2013-10-30,-0.004967168952041072
2013-10-31,-0.002835948205329868
2013-11-01,0.00238943684069527
2013-11-04,0.003518333861513264
2013-11-05,-0.0031664285964408223
2013-11-06,0.005105217563933657
2013-11-07,-0.012642585398934507
2013-11-08,0.01349044181673246
2013-11-11,0.00016961151273389407
2013-11-12,-0.0020304010183508185
2013-11-13,0.008024378856747786
2013-11-14,0.004989312256213711
2013-11-15,0.004350840634379817
2013-11-18,-0.0034989334610529763
2013-11-19,-0.002173707239967
2013-11-20,-0.003127835632300985
2013-11-21,0.008068530037860393
2013-11-22,0.005002245042434775
2013-11-25,-0.0009953437517673006
2013-11-26,0.000277074346500812
2013-11-27,0.0024348120267892208
2013-11-29,-0.0006623222093521568
2013-12-02,-0.0025966428191213347
2013-12-03,-0.004320683857936855
2013-12-04,-0.00011145660082229267
2013-12-05,-0.0043950192521123805
2013-12-06,0.011176849747045175
2013-12-09,0.0025420370141101367
2013-12-10,-0.0035831278884890932
2013-12-11,-0.011231188897900892
2013-12-12,-0.003300986036474121
2013-12-13,-0.00011247022674975715
2013-12-16,0.006232274378271625
2013-12-17,-0.003180412353705892
2013-12-18,0.017072530883008398
2013-12-19,-0.0011556502113915493
2013-12-20,0.005816863384414737
2013-12-23,0.005342565024565032
2013-12-24,0.002191272488866423
2013-12-26,0.005084287171263353
2013-12-27,-5.459807468545414e-05
2013-12-30,-0.0001631885213624326
2013-12-31,0.004732829698969983
2014-01-02,-0.009583415423284341
2014-01-03,-0.0001642241034033206
2014-01-06,-0.0028976155583563482
2014-01-07,0.00614132250566867
2014-01-08,0.0002180235019891565
2014-01-09,0.0006535174334088005
2014-01-10,0.002723022808636344
2014-01-13,-0.013304746841398565
2014-01-14,0.010897447193592225
2014-01-15,0.0053901915863135115
2014-01-16,-0.0012997816154743367
2014-01-17,-0.00422989017542928
2014-01-21,0.0029409589868726526
2014-01-22,0.0006514823191216247
2014-01-23,-0.00819335906363713
2014-01-24,-0.021335477012818904
2014-01-27,-0.004919164474797283
2014-01-28,0.005954312464602693
2014-01-29,-0.009604944932721843
2014-01-30,0.010600013253202433
2014-01-31,-0.005858302838634073
2014-02-03,-0.022505199955436504
2014-02-04,0.007004951694164544
2014-02-05,-0.0012548692491960289
2014-02-06,0.013187413865288268
2014-02-07,0.012395935604338604
2014-02-10,0.00183610482054819
2014-02-11,0.010944229762805794
2014-02-12,0.0004943893484296127
2014-02-13,0.005163127862643193
2014-02-14,0.005518819114521131
2014-02-18,0.0011957126695188553
2014-02-19,-0.006621671006933352
2014-02-20,0.0059003983370875
2014-02-21,-0.001140564176709391
2014-02-24,0.005546794201214727
2014-02-25,-0.00037828493717047756
2014-02-26,5.3901039322081836e-05
2014-02-27,0.00524717185078755
2014-02-28,0.0025294155029169465
2014-03-03,-0.0070320617166638
2014-03-04,0.014055697627429682
2014-03-05,0.0009064473628988323
2014-03-06,0.002290047237428013
2014-03-07,0.000425556659035938
2014-03-10,-0.0005314194230797896
2014-03-11,-0.004942666371321164
2014-03-12,0.00026697034627381724
2014-03-13,-0.011213181074139118
2014-03-14,-0.002807777728394213
2014-03-17,0.009043599799443615
2014-03-18,0.007137591002642774
2014-03-19,-0.005328477724177085
2014-03-20,0.00583941988813143
2014-03-21,-0.0038790063789085737
2014-03-24,-0.004134994931078886
2014-03-25,0.004745951586905125
2014-03-26,-0.00719223534074551
2014-03-27,-0.0021085645125956823
2014-03-28,0.004929838086798593
2014-03-31,0.008194488235700258
2014-04-01,0.006630389215387733
2014-04-02,0.0033471959812929955
2014-04-03,-0.001323829163197013
2014-04-04,-0.011822101953762714
2014-04-07,-0.011051435549890904
2014-04-08,0.004123007691032283
2014-04-09,0.010751192604378906
2014-04-10,-0.021006268746380015
2014-04-11,-0.009008905711618989
2014-04-14,0.007878304157375175
2014-04-15,0.006888087489227434
2014-04-16,0.010477462842544576
2014-04-17,0.0013969830525515266
2014-04-21,0.0034872334299572505
2014-04-22,0.004544496688796163
2014-04-23,-0.002342056632701789
2014-04-24,0.002027551857922322
2014-04-25,-0.008199017395733317
2014-04-28,0.0031671102869030503
2014-04-29,0.004655347087094433
2014-04-30,0.002982686337249193
2014-05-01,0.00010644599717743851
2014-05-02,-0.0014338312896018607
2014-05-05,0.0019139883774760779
2014-05-06,-0.00870397267655967
2014-05-07,0.0058899395475558655
2014-05-08,-0.0010647998951667625
2014-05-09,0.001491749370120293
2014-05-12,0.009736048088659351
2014-05-13,0.000895512449193945
2014-05-14,-0.004737606487564511
2014-05-15,-0.008780233129233511
2014-05-16,0.0034686395600613163
2014-05-19,0.003669237732263905
2014-05-20,-0.006305048966855773
2014-05-21,0.008424514003031357
2014-05-22,0.002432289156578726
2014-05-23,0.004008637793054556
2014-05-27,0.006146414397868599
2014-05-28,-0.0007308709102803822
2014-05-29,0.005173138323226744
2014-05-30,0.001611143039168058
2014-06-02,0.0011415275156303145
2014-06-03,-0.0005183993872136252
2014-06-04,0.002023127177691877
2014-06-05,0.006522044658476872
2014-06-06,0.0047826925487700215
2014-06-09,0.0010240220996829371
2014-06-10,0.00010181808559564587
2014-06-11,-0.0034763214129147598
2014-06-12,-0.007079829220620431
2014-06-13,0.00304837345481356
2014-06-16,0.00082410624750194
2014-06-17,0.0027795026350264044
2014-06-18,0.007339876189154453
2014-06-19,0.0011207045629777685
2014-06-20,0.0020303749823445652
2014-06-23,-0.0003062963617306697
2014-06-24,-0.006023959218853592
2014-06-25,0.004520190327233601
2014-06-26,-0.0007162929402446427
2014-06-27,0.001944266895270644
2014-06-30,-0.0005105209047684577
2014-07-01,0.006692794050103896
2014-07-02,0.001015245253853935
2014-07-03,0.004918174404393174
2014-07-07,-0.0034813964905263646
2014-07-08,-0.006429943678821984
2014-07-09,0.004484243099134533
2014-07-10,-0.003956597002801797
2014-07-11,0.001374669805510313
2014-07-14,0.005035529757150443
2014-07-15,-0.001872582243504256
2014-07-16,0.0037013806445960213
2014-07-17,-0.01136560959694295
2014-07-18,0.010218918802175543
2014-07-21,-0.0018712571317785994
2014-07-22,0.004357682712545665
2014-07-23,0.0022201846990293895
2014-07-24,5.026155738676729e-05
2014-07-25,-0.004681699221210476
2014-07-28,0.00040462417379792784
2014-07-29,-0.004297357637822257
2014-07-30,0.00015255233800670945
2014-07-31,-0.01974834598329854
2014-08-01,-0.0030554037657991554
2014-08-04,0.007220633428014696
2014-08-05,-0.009696352657221042
2014-08-06,0.0003129543669768997
2014-08-07,-0.005415040039796896
2014-08-08,0.011568865104346425
2014-08-11,0.0028981302858767477
2014-08-12,-0.001393360900116919
2014-08-13,0.006769013466284917
2014-08-14,0.0047221017001749886
2014-08-15,-0.00020448061352191688
2014-08-18,0.008379126812204641
2014-08-19,0.0052190270436280215
2014-08-20,0.0026713583893625023
2014-08-21,0.0029154767846354176
2014-08-22,-0.0015535438019748005
2014-08-25,0.005070458110048831
2014-08-26,0.0006497071657014274
2014-08-27,-0.000399911317126973
2014-08-28,-0.0005490845934150667
2014-08-29,0.002847913157437111
2014-09-02,-0.0004979899096607625
2014-09-03,-0.0005486571852602661
2014-09-04,-0.0014463908360250722
2014-09-05,0.004495526098658855
2014-09-08,-0.0025857699694729563
2014-09-09,-0.006331306690006929
2014-09-10,0.0037629365866866703
2014-09-11,0.0011494322562050267
2014-09-12,-0.00584099828682187
2014-09-15,-0.0007534739224456039
2014-09-16,0.007538638794620604
2014-09-17,0.001346841025285872
2014-09-18,0.005329826904958779
2014-09-19,-0.0009008092673689194
2014-09-22,-0.007723199436407922
2014-09-23,-0.005724183556281945
2014-09-24,0.007828121105533437
2014-09-25,-0.016135550763868294
2014-09-26,0.007944938304214506
2014-09-29,-0.0018187139157472825
2014-09-30,-0.0026325699786221815
2014-10-01,-0.013551892558569182
2014-10-02,0.0001543517394198573
2014-10-03,0.011009170805171276
2014-10-06,-0.0011702337008024054
2014-10-07,-0.015436301881314668
2014-10-08,0.017489275965350538
2014-10-09,-0.019832995147830722
2014-10-10,-0.011414224089786486
2014-10-13,-0.016427276272177813
2014-10-14,0.0015471546675951578
2014-10-15,-0.006765990120433258
2014-10-16,-0.0008580485592515808
2014-10-17,0.011810792775033715
2014-10-20,0.009709698542047174
2014-10-21,0.019810882808482828
2014-10-22,-0.007110615962419746
2014-10-23,0.011624631714593414
2014-10-24,0.007694910560827128
2014-10-27,-0.0013742670040128256
2014-10-28,0.011470036766046191
2014-10-29,-0.0015122140328182182
2014-10-30,0.006411117078410311
2014-10-31,0.011435157762583154
2014-11-03,0.0005452875092869279
2014-11-04,-0.003469342176415212
2014-11-05,0.006316552627037757
2014-11-06,0.004003022784347177
2014-11-07,0.0009353678208233907
2014-11-10,0.0031471337076910935
2014-11-11,0.000980735334774052
2014-11-12,-0.0010773879886750084
2014-11-13,0.0011276370993880689
2014-11-14,0.00024506805095850806
2014-11-17,0.0006364387658690204
2014-11-18,0.00577374877494386
2014-11-19,-0.0016055364847706276
2014-11-20,0.0017540229660339187
2014-11-21,0.005351069034699637
2014-11-24,0.0028064372536548525
2014-11-25,-0.0007240450160806285
2014-11-26,0.002559177447095161
2014-11-28,-0.002119048517873702
2014-12-01,-0.006949941523529451
2014-12-02,0.006464068966438659
2014-12-03,0.0038626806923279977
2014-12-04,-0.0011062308647792926
2014-12-05,0.0016375249481715795
2014-12-08,-0.006682631445088688
2014-12-09,-0.0006777755082372335
2014-12-10,-0.016031594478865
2014-12-11,0.00507002936343625
2014-12-12,-0.016161391957419655
2014-12-15,-0.006869587770180963
2014-12-16,-0.008019153686154495
2014-12-17,0.019604541662818626
2014-12-18,0.024728595101208083
2014-12-19,0.00425491549321205
2014-12-22,0.004600047157035433
2014-12-23,0.0013496457825350066
2014-12-24,9.629874056719157e-05
2014-12-26,0.003224674714083406
2014-12-29,0.0013433649972681603
2014-12-30,-0.005365985639312905
2014-12-31,-0.009923177637853402
2015-01-02,-0.0005348436577662068
2015-01-05,-0.018059981125229472
2015-01-06,-0.009419014552063376
2015-01-07,0.01246143560323536
2015-01-08,0.017744899065146293
2015-01-09,-0.008013382253262463
2015-01-12,-0.007833921373360996
2015-01-13,-0.0028125364340330582
2015-01-14,-0.006037032483295343
2015-01-15,-0.00916071828963383
2015-01-16,0.013114012155749755
2015-01-20,0.002132670658316165
2015-01-21,0.005048074044148455
2015-01-22,0.014871130513374875
2015-01-23,-0.005482599922398028
2015-01-26,0.002341704455862616
2015-01-27,-0.013190553606371374
2015-01-28,-0.0128242754357727
2015-01-29,0.00924342306257406
2015-01-30,-0.01257512499035159
2015-02-02,0.01238433993625232
2015-02-03,0.01446116449563178
2015-02-04,-0.0038080121925649704
2015-02-05,0.010095144171922706
2015-02-06,-0.002765366420460987
2015-02-09,-0.004475805549287109
2015-02-10,0.010653264190480112
2015-02-11,0.0005803293970022954
2015-02-12,0.009616525394034903
2015-02-13,0.004116684730988384
2015-02-17,0.0015732452846670489
2015-02-18,9.512915849379418e-05
2015-02-19,-0.0007137524689910201
2015-02-20,0.0060008060193333795
2015-02-23,-0.00014236762609154342
2015-02-24,0.0028408484639424517
2015-02-25,-0.0008496396793416941
2015-02-26,-0.001181533820489085
2015-02-27,-0.0034062589275890543
2015-03-02,0.006313431807096979
2015-03-03,-0.004103860835939765
2015-03-04,-0.004215620976133385
2015-03-05,0.001093888188617289
2015-03-06,-0.014064306763636542
2015-03-09,0.004144588309866176
2015-03-10,-0.016222053279133633
2015-03-11,-0.00234168103932283
2015-03-12,0.01271417858095856
2015-03-13,-0.00613242199583483
2015-03-16,0.013360506616352776
2015-03-17,-0.0029727617582000257
2015-03-18,0.01202172608805877
2015-03-19,-0.004561415766270977
2015-03-20,0.008827098455107872
2015-03-23,-0.00194893949826826
2015-03-24,-0.005618543321029643
2015-03-25,-0.014654274785838634
2015-03-26,-0.002381338628176269
2015-03-27,0.002289993855720711
2015-03-30,0.012199608801588822
2015-03-31,-0.0087395917973733
2015-04-01,-0.0035361373872940844
2015-04-02,0.0035973226606919903
2015-04-06,0.006733230463792205
2015-04-07,-0.0026460951491677183
2015-04-08,0.0033768376970783167
2015-04-09,0.004423572105657815
2015-04-10,0.0054572652875881705
2015-04-13,-0.004523168993890627
2015-04-14,0.0019130438453817274
2015-04-15,0.004487200758910535
2015-04-16,-0.00028526032626649816
2015-04-17,-0.01150362499383683
2015-04-20,0.009136995861179217
2015-04-21,-0.001191344010266907
2015-04-22,0.0049141672475188315
2015-04-23,0.0025162718593423326
2015-04-24,0.002320352931934282
2015-04-27,-0.004157703738692287
2015-04-28,0.0031786108086030245
2015-04-29,-0.004114343308953844
2015-04-30,-0.01002044316434367
2015-05-01,0.010841406146821794
2015-05-04,0.002847542784489615
2015-05-05,-0.011451993355250425
2015-05-06,-0.004116564629976655
2015-05-07,0.003989312094719466
2015-05-08,0.013166006800527659
2015-05-11,-0.004772447104494396
2015-05-12,-0.002991363319268503
2015-05-13,0.000190405923708708
2015-05-14,0.010427599715093478
2015-05-15,0.0010838924243485207
2015-05-18,0.0031066162546341484
2015-05-19,-0.0003282887276921812
2015-05-20,-0.0007042741707059412
2015-05-21,0.002912124238654754
2015-05-22,-0.0023882971887245774
2015-05-26,-0.010751911991159603
2015-05-27,0.009491867754341068
2015-05-28,-0.0011280860572212077
2015-05-29,-0.006212908654012617
2015-06-01,0.0020365332161520313
2015-06-02,-0.000992510017675336
2015-06-03,0.002649409871337995
2015-06-04,-0.008446267125347245
2015-06-05,-0.001713392653110236
2015-06-08,-0.006149675985850617
2015-06-09,-0.0001437878319679517
2015-06-10,0.011993188593744224
2015-06-11,0.0032237608031905275
2015-06-12,-0.007654879038172895
2015-06-15,-0.00428588542389125
2015-06-16,0.0054516981897385864
2015-06-17,0.001617159666526422
2015-06-18,0.010399377235527267
2015-06-19,-0.004439254759739878
2015-06-22,0.005123192944141292
2015-06-23,0.0007078317545676525
2015-06-24,-0.00726259418314049
2015-06-25,-0.003040343213006955
2015-06-26,-0.00019063909707881777
2015-06-29,-0.020970461267981258
2015-06-30,0.0020932652809033713
2015-07-01,0.008015675541400617
2015-07-02,-0.0009157025344462297
2015-07-06,-0.002845852621806615
2015-07-07,0.006288465156428105
2015-07-08,-0.016777354943457567
2015-07-09,0.001809053050165273
2015-07-10,0.012591377904167832
2015-07-13,0.011037656110987323
2015-07-14,0.004337722181972497
2015-07-15,-0.0003321028530267227
2015-07-16,0.00802456031285566
2015-07-17,0.0008474989040962447
2015-07-20,0.0005180085937401753
2015-07-21,-0.0039514939057461096
2015-07-22,-0.0017944746567836016
2015-07-23,-0.00562991473520499
2015-07-24,-0.010372010114438326
2015-07-27,-0.00581756563953935
2015-07-28,0.01228291559230392
2015-07-29,0.0068795993610620285
2015-07-30,0.00023705289587898736
2015-07-31,-0.001517907532562958
2015-08-03,-0.003372990790374469
2015-08-04,-0.0019543976214676487
2015-08-05,0.003295495707167122
2015-08-06,-0.008187719187891166
2015-08-07,-0.0019199440346459554
2015-08-10,0.012599441540550357
2015-08-11,-0.009023432991282073
2015-08-12,0.0011981579188099568
2015-08-13,-0.0012444668704277493
2015-08-14,0.0036425355956132043
2015-08-17,0.00558655409720106
2015-08-18,-0.00289651710525927
2015-08-19,-0.007905432890020951
2015-08-20,-0.020881440605389937
2015-08-21,-0.0301022964479423
2015-08-24,-0.04210704815762757
2015-08-25,-0.011768044104113229
2015-08-26,0.038394007727236036
2015-08-27,0.024735253038990178
2015-08-28,5.033037112770707e-05
2015-08-31,-0.008079271120655849
2015-09-01,-0.029847692274360932
2015-09-02,0.018981300330398368
2015-09-03,0.0007164832641216744
2015-09-04,-0.015137390017839359
2015-09-08,0.025131185688270743
2015-09-09,-0.013371472474020438
2015-09-10,0.0054414652334859774
2015-09-11,0.004544355262238174
2015-09-14,-0.0037102023494723353
2015-09-15,0.012499049947459994
2015-09-16,0.008666889589791326
2015-09-17,-0.002248171018250504
2015-09-18,-0.016341692942210297
2015-09-21,0.005167934344681109
2015-09-22,-0.012979680782612055
2015-09-23,-0.0015986446167759846
2015-09-24,-0.0036158290704456568
2015-09-25,-0.00025890064161676325
2015-09-28,-0.025097490524737646
2015-09-29,0.0005851124046250801
2015-09-30,0.01865825521475789
2015-10-01,0.0026091099848029155
2015-10-02,0.014937589232358646
2015-10-05,0.017795107157846282
2015-10-06,-0.0034261947579073424
2015-10-07,0.008190548517380648
2015-10-08,0.009026828210050224
2015-10-09,0.0005964953905076699
2015-10-12,0.0009434961302008381
2015-10-13,-0.006302446224070634
2015-10-14,-0.0047940239042013515
2015-10-15,0.015354898217190624
2015-10-16,0.0045463179251723235
2015-10-19,0.0004920122575811807
2015-10-20,-0.001278441633364963
2015-10-21,-0.00620353834035718
2015-10-22,0.016893905261102266
2015-10-23,0.010961571741982215
2015-10-26,-0.002457613838585748
2015-10-27,-0.0019324977676576695
2015-10-28,0.011374647238410918
2015-10-29,-0.0005742256841127873
2015-10-30,-0.004309690181132361
2015-11-02,0.011830859478947275
2015-11-03,0.00289933334285268
2015-11-04,-0.0030331563309016424
2015-11-05,-0.000998462233140066
2015-11-06,-0.0005230357978453212
2015-11-09,-0.009331933911652318
2015-11-10,0.002307206546698576
2015-11-11,-0.003931852087494032
2015-11-12,-0.013959933629381164
2015-11-13,-0.011228125252486825
2015-11-16,0.015206758847147102
2015-11-17,-0.0007294507920889919
2015-11-18,0.015865926936099436
2015-11-19,-0.0008620719733711088
2015-11-20,0.0036441155099321593
2015-11-23,-0.0011465629468363962
2015-11-24,0.0013391196679380336
2015-11-25,-0.00014306470159834145
2015-11-27,0.0011464210136362344
2015-11-30,-0.0041513214488243045
2015-12-01,0.009535381460625535
2015-12-02,-0.010205297691028604
2015-12-03,-0.014002658109215076
2015-12-04,0.019503354237954223
2015-12-07,-0.006058823115561915
2015-12-08,-0.006719610855926982
2015-12-09,-0.007779543985312598
2015-12-10,0.002581208630924672
2015-12-11,-0.019381257594191858
2015-12-14,0.005052482798091705
2015-12-15,0.010497812462199512
2015-12-16,0.01463179547437249
2015-12-17,-0.015238154585856754
2015-12-18,-0.017814842843538545
2015-12-21,0.008248940073501267
2015-12-22,0.009074078212420861
2015-12-23,0.012383592804593158
2015-12-24,-0.0016505690501084054
2015-12-28,-0.0022846803396670153
2015-12-29,0.010671821019422314
2015-12-30,-0.00708797383224189
2015-12-31,-0.010003193948618736
2016-01-04,-0.013979285423091292
2016-01-05,0.0016911733590000081
2016-01-06,-0.012614252252506522
2016-01-07,-0.02399167368840383
2016-01-08,-0.01097618974556375
2016-01-11,0.0009899366344361205
2016-01-12,0.008068526275069468
2016-01-13,-0.024941010838753115
2016-01-14,0.016416782852687755
2016-01-15,-0.02146618839337934
2016-01-19,0.0013309722573572815
2016-01-20,-0.01281486166701763
2016-01-21,0.005601872776458174
2016-01-22,0.020515390396504265
2016-01-25,-0.015116533690912001
2016-01-26,0.01364327395747737
2016-01-27,-0.010883293004751502
2016-01-28,0.005209005275676387
2016-01-29,0.02437768048105887
2016-02-01,-0.00036148202960620973
2016-02-02,-0.018022409148419273
2016-02-03,0.005995356763226905
2016-02-04,0.0015678198703547033
2016-02-05,-0.019049832208028982
2016-02-08,-0.01346100863384687
2016-02-09,5.4077380827460066e-05
2016-02-10,-0.0008632391595111552
2016-02-11,-0.013007741379712901
2016-02-12,0.02061676283150839
2016-02-16,0.016877966125364546
2016-02-17,0.016335083946658367
2016-02-18,-0.004096183554665686
2016-02-19,-0.00046828932214602393
2016-02-22,0.014479276124805067
2016-02-23,-0.012629852556165484
2016-02-24,0.004575935227878243
2016-02-25,0.012111561189830387
2016-02-26,-0.0023015235595392064
2016-02-29,-0.007842025418671829
2016-03-01,0.023506777429513986
2016-03-02,0.004492262675720686
2016-03-03,0.003919733548706307
2016-03-04,0.003253313537435347
2016-03-07,0.0007985452623816733
2016-03-08,-0.010917797329719302
2016-03-09,0.004939548324986264
2016-03-10,0.0008022965398034129
2016-03-11,0.01613728790268048
2016-03-14,-0.0012821995989511028
2016-03-15,-0.0016299227940716429
2016-03-16,0.005787364467614394
2016-03-17,0.006344112140731516
2016-03-18,0.003929703165848262
2016-03-21,0.001418808123645639
2016-03-22,-0.0005373697177559693
2016-03-23,-0.006599434102838922
2016-03-24,-0.0004430504698284402
2016-03-28,0.0005908480517882529
2016-03-29,0.009249972158385607
2016-03-30,0.0043874949896703375
2016-03-31,-0.0024267911590895065
2016-04-01,0.006811913423190417
2016-04-04,-0.00323806551822232
2016-04-05,-0.009987586233509243
2016-04-06,0.01092133833882181
2016-04-07,-0.011966155675344665
2016-04-08,0.002696863961992105
2016-04-11,-0.002347267574679483
2016-04-12,0.009313017563316737
2016-04-13,0.010100825497116666
2016-04-14,4.79595173194889e-05
2016-04-15,-0.0011057860902082184
2016-04-18,0.007027010303757049
2016-04-19,0.0031540561647637427
2016-04-20,0.0009530814556084512
2016-04-21,-0.005378283028951917
2016-04-22,0.0
2016-04-25,-0.001722922372760955
2016-04-26,0.001486195378672967
2016-04-27,0.0020580900417625334
2016-04-28,-0.009075736703690503
2016-04-29,-0.005398986499799581
2016-05-02,0.007948395384628139
2016-05-03,-0.00870305079515622
2016-05-04,-0.005578194157246451
2016-05-05,-0.00019498726390621498
2016-05-06,0.003658744745188476
2016-05-09,0.0008266237261141061
2016-05-10,0.012433892580970246
2016-05-11,-0.00935506478134875
2016-05-12,0.0002905449505389077
2016-05-13,-0.008714078279817952
2016-05-16,0.009865035966313601
2016-05-17,-0.009333266223451177
2016-05-18,0.00029262142206803267
2016-05-19,-0.003464822721447814
2016-05-20,0.006317428331728742
2016-05-23,-0.001362861741518764
2016-05-24,0.012962530567598034
2016-05-25,0.006783239014603883
2016-05-26,0.00028668538266776923
2016-05-27,0.0042992202964622995
2016-05-31,-0.0019025659116955558
2016-06-01,0.002048895289583122
2016-06-02,0.0030439802306560476
2016-06-03,-0.002987359365902218
2016-06-06,0.005088273029635395
2016-06-07,0.0015616679943258544
2016-06-08,0.0032597581785300507
2016-06-09,-0.0013654283611781856
2016-06-10,-0.009477502838555656
2016-06-13,-0.007711738294624781
2016-06-14,-0.001967104980709466
2016-06-15,-0.0013942802916243387
2016-06-16,0.0029847830409337464
2016-06-17,-0.003724261380462893
2016-06-20,0.006439837687362378
2016-06-21,0.0028384641146948068
2016-06-22,-0.0016311389758767608
2016-06-23,0.013022656935347073
2016-06-24,-0.035908954410415875
2016-06-27,-0.017909778959658663
2016-06-28,0.018036075561471212
2016-06-29,0.017027775757535685
2016-06-30,0.01364526016150227
2016-07-01,0.002100717276171978
2016-07-05,-0.007193394948418621
2016-07-06,0.005997832284859429
2016-07-07,-0.0006201218695828514
2016-07-08,0.014890107997055287
2016-07-11,0.003527317398166853
2016-07-12,0.007263449961193439
2016-07-13,-0.00013983959115503752
2016-07-14,0.005583613975412962
2016-07-15,-0.001342005852408698
2016-07-18,0.0026873695126855145
2016-07-19,-0.001016392400474002
2016-07-20,0.004163005331566778
2016-07-21,-0.0037770670621252193
2016-07-22,0.004484909617230893
2016-07-25,-0.002716103337098942
2016-07-26,0.0004618681383828381
2016-07-27,-0.0010611616728569142
2016-07-28,0.0011543705205885907
2016-07-29,0.001614734576970943
2016-08-01,-0.0008289193604277016
2016-08-02,-0.006407387011972121
2016-08-03,0.002922889437973512
2016-08-04,0.0010637110464614765
2016-08-05,0.008178983067907495
2016-08-08,-0.0005959059667281182
2016-08-09,0.0005962612823840199
2016-08-10,-0.0024748406661732805
2016-08-11,0.004640470150904172
2016-08-12,-0.000868916143038049
2016-08-15,0.002883873065306154
2016-08-16,-0.005157647943780239
2016-08-17,0.001880913193793233
2016-08-18,0.002243900518277527
2016-08-19,-0.001462218771500509
2016-08-22,-4.557425985475746e-05
2016-08-23,0.0020133920656023826
2016-08-24,-0.00511482651777771
2016-08-25,-0.0006885747571487117
2016-08-26,-0.001883242115636184
2016-08-29,0.004924200486212346
2016-08-30,-0.0016484243986499556
2016-08-31,-0.002844270636122681
2016-09-01,4.614707369044906e-05
2016-09-02,0.0045078666417703705
2016-09-06,0.0030226293191844716
2016-09-07,-9.168064026291489e-05
2016-09-08,-0.002282574680769167
2016-09-09,-0.023934926787142922
2016-09-12,0.014347271463458308
2016-09-13,-0.014375603727331607
2016-09-14,-0.0003750175474440462
2016-09-15,0.009992706096884447
2016-09-16,-0.0038654897759854857
2016-09-19,0.00018727926086004618
2016-09-20,4.7019839950478005e-05
2016-09-21,0.011245648155138467
2016-09-22,0.006301073013298494
2016-09-23,-0.00547894661297416
2016-09-26,-0.008102454221162531
2016-09-27,0.006208279736224857
2016-09-28,0.004963098796571735
2016-09-29,-0.009046975410968308
2016-09-30,0.007546248104803633
2016-10-03,-0.0024042050722571694
2016-10-04,-0.005097779789162033
2016-10-05,0.004425431920461778
2016-10-06,0.0006953909786803524
2016-10-07,-0.00342943952340876
2016-10-10,0.005208317792672499
2016-10-11,-0.012629573490618334
2016-10-12,0.0013116720524247937
2016-10-13,-0.003275259853655799
2016-10-14,0.0005166833497514523
2016-10-17,-0.0034722425490085556
2016-10-18,0.006261894313665215
2016-10-19,0.0026675286825010368
2016-10-20,-0.0018668355058738277
2016-10-21,0.00046774844083853054
2016-10-24,0.004252496719670308
2016-10-25,-0.003350500265122143
2016-10-26,-0.0020076044969208934
2016-10-27,-0.0026668196551638164
2016-10-28,-0.002955383878839545
2016-10-31,4.712843984151092e-05
2016-11-01,-0.007245446512957488
2016-11-02,-0.006018658983145221
2016-11-03,-0.004577421312346504
2016-11-04,-0.0011010855057177822
2016-11-07,0.02205666747884817
2016-11-08,0.004504191876935035
2016-11-09,0.010601727402799046
2016-11-10,0.002495818474427251
2016-11-11,-0.0023053905450558503
2016-11-14,0.0007856670609825879
2016-11-15,0.007803021176278513
2016-11-16,-0.0018783512021929448
2016-11-17,0.00514050049628159
2016-11-18,-0.00223728922813074
2016-11-21,0.007551274526877857
2016-11-22,0.0019533141167445015
2016-11-23,0.0005438772199801954
2016-11-25,0.003715591269939333
2016-11-28,-0.004695022285123257
2016-11-29,0.0019506332161228848
2016-11-30,-0.0023993761089621244
2016-12-01,-0.003675372529273378
2016-12-02,0.0005005971124305236
2016-12-05,0.006009189924428753
2016-12-06,0.003166977175973169
2016-12-07,0.013081175902157686
2016-12-08,0.0024485172563528924
2016-12-09,0.006040518639471851
2016-12-12,-0.0011477995525100394
2016-12-13,0.0066742145431909275
2016-12-14,-0.00825445204131436
2016-12-15,0.004117232431378078
2016-12-16,-0.001956072760374486
2016-12-19,0.0021776126273029806
2016-12-20,0.0038574784320531403
2016-12-21,-0.002782734026006307
2016-12-22,-0.001727463124144254
2016-12-23,0.0014645676286449585
2016-12-27,0.002480840644023154
2016-12-28,-0.008264352789884688
2016-12-29,-0.00022282776487643797
2016-12-30,-0.0036550476603872412
2017-01-03,0.007650100999660019
2017-01-04,0.0059488362792086595
2017-01-05,-0.0007942901199208385
2017-01-06,0.003578046861316131
2017-01-09,-0.0033010010075582466
2017-01-10,0.0
2017-01-11,0.0028259685209421573
2017-01-12,-0.002509817335263394
2017-01-13,0.0022953997907342533
2017-01-17,-0.0035233989698960837
2017-01-18,0.00221005759463346
2017-01-19,-0.0037046622528603707
2017-01-20,0.003674044638979603
2017-01-23,-0.002602263484726198
2017-01-24,0.006411845507712298
2017-01-25,0.008655682234329574
2017-01-26,-0.0010454396948010734
2017-01-27,-0.0015698393058772935
2017-01-30,-0.006201785301934438
2017-01-31,-8.783496619677555e-05
2017-02-01,0.00039552569250482316
2017-02-02,0.0006590267002340067
2017-02-03,0.0068929743347229955
2017-02-06,-0.001787721668911073
2017-02-07,4.349794363858441e-05
2017-02-08,0.0013106087876110244
2017-02-09,0.005932531626500553
2017-02-10,0.003946397836242931
2017-02-13,0.005442316405628146
2017-02-14,0.003995396771894184
2017-02-15,0.005220118800350737
2017-02-16,-0.0008510956045709053
2017-02-17,0.0015762908225994553
2017-02-21,0.005955244131620294
2017-02-22,-0.0008880021188575701
2017-02-23,0.0006772422240691632
2017-02-24,0.0012686606423833824
2017-02-27,0.0015629908203198238
2017-02-28,-0.0026991872397492535
2017-03-01,0.013997332171609611
2017-03-02,-0.006297215072761923
2017-03-03,0.0006294212960501359
2017-03-06,-0.002977837631636231
2017-03-07,-0.00298658255407036
2017-03-08,-0.0018568137611162294
2017-03-09,0.0012681670301289852
2017-03-10,0.0035041939912457613
2017-03-13,0.000504825398770692
2017-03-14,-0.003826675352355668
2017-03-15,0.00865358379745866
2017-03-16,-0.0019670538683711947
2017-03-17,-0.0017559836551014505
2017-03-20,-0.0010969455596294261
2017-03-21,-0.012839445422987135
2017-03-22,0.0023531834248208617
2017-03-23,-0.0010671998549355206
2017-03-24,-0.0007263988228057267
2017-03-27,-0.0010264937532268885
2017-03-28,0.00727711572331993
2017-03-29,0.0009348833854803839
2017-03-30,0.003183873726016086
2017-03-31,-0.002327316004581313
2017-04-03,-0.001739137723258503
2017-04-04,0.0006370730324991211
2017-04-05,-0.0029728128473463598
2017-04-06,0.0028113274864013595
2017-04-07,-0.0010193804423874334
2017-04-10,0.000595495402443954
2017-04-11,-0.0011900571047496135
2017-04-12,-0.004381701015046659
2017-04-13,-0.006495072911264157
2017-04-17,0.008859968071093413
2017-04-18,-0.0029840445822698594
2017-04-19,-0.0018387383818136668
2017-04-20,0.00813928540038212
2017-04-21,-0.003187029149689768
2017-04-24,0.01099774373246903
2017-04-25,0.005818831382279853
2017-04-26,-0.0006287696039372721
2017-04-27,0.0008385909304304017
2017-04-28,-0.0021791602129354218
2017-05-01,0.0025202660184465305
2017-05-02,0.00037711540714530957
2017-05-03,-0.0012147818730989248
2017-05-04,0.0011743142830172879
2017-05-05,0.0039370305647815984
2017-05-08,-0.00016699993052096324
2017-05-09,-0.0009179537096629461
2017-05-10,0.0017958173437214143
2017-05-11,-0.0020429573390614883
2017-05-12,-0.001670758317181564
2017-05-15,0.005523393994944197
2017-05-16,-0.0009154355322752145
2017-05-17,-0.017744006078611912
2017-05-18,0.00402845745196176
2017-05-19,0.006503808915015262
2017-05-22,0.005077717806073525
2017-05-23,0.002212699811227045
2017-05-24,0.002332826816969445
2017-05-25,0.004779809376606217
2017-05-26,-0.0002071718531752133
2017-05-30,-0.0008686379441724401
2017-05-31,-0.00024859632201632
2017-06-01,0.007952091621937918
2017-06-02,0.0033289150781584606
2017-06-05,-0.0007372723696847243
2017-06-06,-0.003197107736804049
2017-06-07,0.0018503844249989699
2017-06-08,0.0004924955252198328
2017-06-09,-0.0015177924308669177
2017-06-12,-0.00020569507176931536
2017-06-13,0.004890358934178824
2017-06-14,-0.0012677337907649852
2017-06-15,-0.001924420171090069
2017-06-16,0.00021856297305856734
2017-06-19,0.008324995506690473
2017-06-20,-0.0067441640850299705
2017-06-21,-0.0002466474299973558
2017-06-22,-0.000453237941392114
2017-06-23,0.001194409979110658
2017-06-26,0.0006583405874518132
2017-06-27,-0.008056389676344457
2017-06-28,0.008950576643413723
2017-06-29,-0.008789048698951125
2017-06-30,0.001864688392849414
2017-07-03,0.0016954551332443602
2017-07-05,0.002312255373891694
2017-07-06,-0.009144592179002042
2017-07-07,0.006485127945452408
2017-07-10,0.0010737936554081006
2017-07-11,-0.000742692935188687
2017-07-12,0.007514726079481177
2017-07-13,0.0016803876137265544
2017-07-14,0.004663935341167398
2017-07-17,-0.0001219715783343873
2017-07-18,0.0005296328772522357
2017-07-19,0.005413731834461242
2017-07-20,0.00044539795020271793
2017-07-21,-0.0008903282683168468
2017-07-24,-0.00024313661739150036
2017-07-25,0.002430819381171741
2017-07-26,4.065903686476109e-05
2017-07-27,-0.0009295143585488819
2017-07-28,-0.0011732720391020605
2017-07-31,-0.0005670602621873338
2017-08-01,0.0022291887483204425
2017-08-02,0.0004848400868907262
2017-08-03,-0.0019396976674174143
2017-08-04,0.001822045125154879
2017-08-07,0.0018591081432683418
2017-08-08,-0.0024608951130578164
2017-08-09,-4.025931829258456e-05
2017-08-10,-0.014115471071805136
2017-08-11,0.0014768438022148551
2017-08-14,0.009913235991716268
2017-08-15,-0.00012162915271337691
2017-08-16,0.0017442517180783275
2017-08-17,-0.01559080610820727
2017-08-18,-0.0015631751638015316
2017-08-21,0.0007828835881834127
2017-08-22,0.01045704931625901
2017-08-23,-0.0035852562007543188
2017-08-24,-0.0023308835210792086
2017-08-25,0.0023363292323867945
2017-08-28,4.0560201712702976e-05
2017-08-29,0.0011451152135792057
2017-08-30,0.004737557172345492
2017-08-31,0.006015914362176628
2017-09-01,0.0014139381155919238
2017-09-05,-0.007181549834841355
2017-09-06,0.0034134716578608456
2017-09-07,-0.00012123848705460945
2017-09-08,-0.0011749113856103117
2017-09-11,0.010665886315843436
2017-09-12,0.0033707492345594683
2017-09-13,0.00047996807327643646
2017-09-14,-0.00031987199505945844
2017-09-15,0.0013459561504573008
2017-09-18,0.0021271636100929155
2017-09-19,0.0010010908462309768
2017-09-20,0.0003598505722071378
2017-09-21,-0.002679150412613895
2017-09-22,0.0002005531568488903
2017-09-25,-0.00204448964098168
2017-09-26,0.0006026308306129444
2017-09-27,0.0038942261327591437
2017-09-28,0.0011996536367788891
2017-09-29,0.003515167577557999
2017-10-02,0.004338549555126915
2017-10-03,0.002139963796199397
2017-10-04,0.0011865987506134215
2017-10-05,0.005925271945588386
2017-10-06,-0.0011389717752737275
2017-10-09,-0.001650964453339084
2017-10-10,0.0026382479848541685
2017-10-11,0.0015709893424939272
2017-10-12,-0.0014901571738021421
2017-10-13,0.0012173405718811342
2017-10-16,0.0013336503633739854
2017-10-17,0.0007050454166812938
2017-10-18,0.0009786955913428932
2017-10-19,0.00027346897339761047
2017-10-20,0.005160614487461669
2017-10-23,-0.003889471946921139
2017-10-24,0.0017573455276364634
2017-10-25,-0.004950244253994739
2017-10-26,0.0012925946690956964
2017-10-27,0.008176320443254613
2017-10-30,-0.003725248138036869
2017-10-31,0.0015580246468367466
2017-11-01,0.0013219687095801392
2017-11-02,0.0003886921192045252
2017-11-03,0.003338645678258538
2017-11-06,0.0015477761482274488
2017-11-07,-0.0006953486687984033
2017-11-08,0.0017008488846013473
2017-11-09,-0.0036278542180817196
2017-11-10,-0.00030971505132594855
2017-11-13,0.0009295683906946231
2017-11-14,-0.002322202307175855
2017-11-15,-0.00500551856964965
2017-11-16,0.008501151060581422
2017-11-17,-0.0029388281164507094
2017-11-20,0.0017065986357779766
2017-11-21,0.006542742018825956
2017-11-22,-0.0008844073778470264
2017-11-24,0.0023092825937244435
2017-11-27,-0.0004990117393568486
2017-11-28,0.0101445889573188
2017-11-29,-0.0006086208842162235
2017-11-30,0.008754901590479995
2017-12-01,-0.002075660108300584
2017-12-04,-0.001209725498071263
2017-12-05,-0.003596534670491048
2017-12-06,0.00018990467794098193
2017-12-07,0.003153239307330601
2017-12-08,0.005453158106853293
2017-12-11,0.00301297708020071
2017-12-12,0.001764951031054807
2017-12-13,-0.00011276309260050158
2017-12-14,-0.0040860601240455315
2017-12-15,0.00832750207620373
2017-12-18,0.006341223607745563
2017-12-19,-0.0038407826885984305
2017-12-20,-0.0005236333374817186
2017-12-21,0.002059440772006498
2017-12-22,-0.0002612530768038577
2017-12-26,-0.001196542501558702
2017-12-27,0.000486580145604555
2017-12-28,0.002057467076235514
2017-12-29,-0.0037703124635018025
2018-01-02,0.0071568170957545954
2018-01-03,0.006325219083705263
2018-01-04,0.004214877594464115
2018-01-05,0.006664279756151174
2018-01-08,0.0018287414872903802
2018-01-09,0.002263289425218142
2018-01-10,-0.0015298053100527404
2018-01-11,0.007296096519566225
2018-01-12,0.006518980819984214
2018-01-16,-0.0034183363516890808
2018-01-17,0.009531553346118798
2018-01-18,-0.0016806559711462009
2018-01-19,0.004549277110639301
2018-01-22,0.008131370870347078
2018-01-23,0.002122429374963609
2018-01-24,-0.00038830838962700614
2018-01-25,0.0004237513880558576
2018-01-26,0.011577795507045748
2018-01-29,-0.006629776419337286
2018-01-30,-0.010257419999847365
2018-01-31,0.0004970121899688295
2018-02-01,-0.001135155241774009
2018-02-02,-0.021769985597989594
2018-02-05,-0.0418225055529681
2018-02-06,0.019701897295593983
2018-02-07,-0.005424946149977697
2018-02-08,-0.037508454431264826
2018-02-09,0.015021416663911859
2018-02-12,0.014684525177621126
2018-02-13,0.002487462791882542
2018-02-14,0.013496028392854948
2018-02-15,0.012760178037360974
2018-02-16,0.0002932152561565655
2018-02-20,-0.006261295438065392
2018-02-21,-0.00497412169479796
2018-02-22,0.0012960551895402675
2018-02-23,0.015939350339043756
2018-02-26,0.011612085776270516
2018-02-27,-0.012486499133861857
2018-02-28,-0.01012980753549353
2018-03-01,-0.014541111626670175
2018-03-02,0.005154870770158924
2018-03-05,0.011558242432999794
2018-03-06,0.0025348860524116125
2018-03-07,-0.000366433891230472
2018-03-08,0.004839108221666915
2018-03-09,0.017402169667270338
2018-03-12,-0.0012551267264770472
2018-03-13,-0.0064624342653233115
2018-03-14,-0.005131870685702441
2018-03-15,-0.0010893229681607577
2018-03-16,0.0010840009399604676
2018-03-19,-0.013530067662333948
2018-03-20,0.0017004389627277526
2018-03-21,-0.001919130595568768
2018-03-22,-0.02499718173642293
2018-03-23,-0.021314397007333546
2018-03-26,0.027359025736680236
2018-03-27,-0.017011671988044937
2018-03-28,-0.0029548613883630236
2018-03-29,0.012777385754176973
2018-04-02,-0.02158459759303347
2018-04-03,0.012816981998549018
2018-04-04,0.010699372707717087
2018-04-05,0.007891960323639275
2018-04-06,-0.02228609979046744
2018-04-09,0.004928725972594194
2018-04-10,0.01590019874502242
2018-04-11,-0.005242314980910891
2018-04-12,0.008227076446150809
2018-04-13,-0.0029330047170241214
2018-04-16,0.008221554452520432
2018-04-17,0.01069895971759036
2018-04-18,0.0007397742042029247
2018-04-19,-0.005547598372265696
2018-04-20,-0.00847907044150333
2018-04-23,-0.00015012340702474952
2018-04-24,-0.013467286204867002
2018-04-25,0.0024717304226054716
2018-04-26,0.010165593844446524
2018-04-27,0.0009388733208124222
2018-04-30,-0.007690396826814264
2018-05-01,0.0017767105428499624
2018-05-02,-0.006717535228644916
2018-05-03,-0.0022036105062687105
2018-05-04,0.012946317980891726
2018-05-07,0.003383511490520337
2018-05-08,0.0
2018-05-09,0.009665356190874472
2018-05-10,0.00935076757822449
2018-05-11,0.0030514534051949297
2018-05-14,0.00047642565412246186
2018-05-15,-0.006886966999342048
2018-05-16,0.004204654308705854
2018-05-17,-0.0008449769907830866
2018-05-18,-0.0024995888645686793
2018-05-21,0.007518705845715158
2018-05-22,-0.0027804177934580075
2018-05-23,0.0027515287435021974
2018-05-24,-0.002048753766091482
2018-05-25,-0.002382755823245056
2018-05-29,-0.01150103214391035
2018-05-30,0.013344640161772246
2018-05-31,-0.006125769547259248
2018-06-01,0.009817784184841371
2018-06-04,0.0047513869205599085
2018-06-05,0.000727351456412661
2018-06-06,0.008361042272706306
2018-06-07,-0.00010840025868782517
2018-06-08,0.0029562713258657826
2018-06-11,0.0013302155576475694
2018-06-12,0.0012924033332521283
2018-06-13,-0.0031910876461076726
2018-06-14,0.0025177558573812975
2018-06-15,-0.0012754048408864917
2018-06-18,-0.0020567485487618807
2018-06-19,-0.0038328272625402547
2018-06-20,0.0017054664506730283
2018-06-21,-0.006268688425889121
2018-06-22,0.0018233419569309462
2018-06-25,-0.013613102813759739
2018-06-26,0.0022143733434728994
2018-06-27,-0.00828453746120004
2018-06-28,0.005717841420966421
2018-06-29,0.0014394175706155994
2018-07-02,0.002138012404461581
2018-07-03,-0.003531535378557289
2018-07-05,0.008158354228782038
2018-07-06,0.008458208390965265
2018-07-09,0.009004624864135622
2018-07-10,0.003598034916529472
2018-07-11,-0.007314682365017808
2018-07-12,0.009066604882624221
2018-07-13,0.0007867264388756493
2018-07-16,-0.0008938564979687433
2018-07-17,0.0040456647919873455
2018-07-18,0.002103473416396118
2018-07-19,-0.003771400112593202
2018-07-20,-0.0011429969861071394
2018-07-23,0.0018594800948867256
2018-07-24,0.005031685837102469
2018-07-25,0.00852243014533198
2018-07-26,-0.00235875833834817
2018-07-27,-0.006776532335086842
2018-07-30,-0.005223051386869324
2018-07-31,0.004929061213514223
2018-08-01,-0.0016708597947393922
2018-08-02,0.005448050201219195
2018-08-03,0.0042845963071729345
2018-08-06,0.0036670696489217135
2018-08-07,0.0033024360029280716
2018-08-08,-0.0004202037435971432
2018-08-09,-0.0013659494903574532
2018-08-10,-0.00670022178297552
2018-08-13,-0.003743369569431551
2018-08-14,0.006380503955955218
2018-08-15,-0.007467528939535373
2018-08-16,0.008091478675281528
2018-08-17,0.0035204961238504058
2018-08-20,0.0021398564311953996
2018-08-21,0.0023449910821563735
2018-08-22,-0.0005932122697194629
2018-08-23,-0.0013279316726458722
2018-08-24,0.006018071824163949
2018-08-27,0.007895691513198608
2018-08-28,0.0004829241126388377
2018-08-29,0.005380815861939909
2018-08-30,-0.004048513576107762
2018-08-31,3.4551538249918284e-05
2018-09-04,-0.0017220556576367184
2018-09-05,-0.0026914286747316955
2018-09-06,-0.0030099488292599534
2018-09-07,-0.0019434531972571203
2018-09-10,0.001738521500480922
2018-09-11,0.0032972906524023353
2018-09-12,0.00024219116825041924
2018-09-13,0.005914721782753476
2018-09-14,0.00017196871947066346
2018-09-17,-0.005294446092869419
2018-09-18,0.00542638669429159
2018-09-19,0.00106565205784948
2018-09-20,0.008103306265894826
2018-09-21,-0.0009134284668690219
2018-09-24,-0.003322020202874854
2018-09-25,-0.0009275687535136073
2018-09-26,-0.0029921714249635184
2018-09-27,0.002794240734386029
2018-09-28,0.0001029309712091922
2018-10-01,0.0034740348529471994
2018-10-02,-0.0005825686017753699
2018-10-03,0.0005490140695888573
2018-10-04,-0.007815834805095206
2018-10-05,-0.005597096096661789
2018-10-08,0.0
2018-10-09,-0.0014593372908662725
2018-10-10,-0.031663015876787125
2018-10-11,-0.022026458060889258
2018-10-12,0.013888115821036197
2018-10-15,-0.0056171123502672775
2018-10-16,0.021866154437918065
2018-10-17,0.00017841823424564237
2018-10-18,-0.014441223850654118
2018-10-19,-0.0005430008169220109
2018-10-22,-0.004488463192608245
2018-10-23,-0.0050909410321113265
2018-10-24,-0.030298194464858205
2018-10-25,0.017940132781477144
2018-10-26,-0.0175871127699331
2018-10-29,-0.005540231940836083
2018-10-30,0.014818438191583684
2018-10-31,0.010680920024319144
2018-11-01,0.010641708378874588
2018-11-02,-0.005922899496506811
2018-11-05,0.005516923698225599
2018-11-06,0.006328008168167866
2018-11-07,0.021408633533815166
2018-11-08,-0.0018148657444426528
2018-11-09,-0.009768097966860897
2018-11-12,-0.01868540972605867
2018-11-13,-0.001871125190341527
2018-11-14,-0.006836384412301936
2018-11-15,0.010436280886453363
2018-11-16,0.0026008173333025835
2018-11-19,-0.0016056206355801578
2018-11-20,-0.016616165781737
2018-11-21,0.0034075986611506602
2018-11-23,-0.006678763380038972
2018-11-26,0.016144222599539376
2018-11-27,0.0033644139325231595
2018-11-28,0.023025180551204453
2018-11-29,-0.0021849009274769473
2018-11-30,0.006095212355565346
2018-12-03,0.013241440898212433
2018-12-04,-0.03240221768440965
2018-12-06,-0.0015172031050511583
2018-12-07,-0.02323597390456019
2018-12-10,0.0018969378598255224
2018-12-11,0.00022726392683478913
2018-12-12,0.005035434854313273
2018-12-13,-0.0003392401228063463
2018-12-14,-0.01846457170672026
2018-12-17,-0.019618474947083596
2018-12-18,-0.001096403562508709
2018-12-19,-0.014975922125393275
2018-12-20,-0.016277891505304832
2018-12-21,-0.020489426204997826
2018-12-24,-0.026422872251845687
2018-12-26,0.05052488977482139
2018-12-27,0.00767728319582286
2018-12-28,-0.00129004799003276
2018-12-31,0.008758831310379574
2019-01-02,0.0010403284060773797
2019-01-03,-0.023862938539600923
2019-01-04,0.03349588446625669
2019-01-07,0.00788475271835416
2019-01-08,0.009395327735796287
2019-01-09,0.004673535099441659
2019-01-10,0.003527691482211616
2019-01-11,0.00038616606999034356
2019-01-14,-0.006100925960015593
2019-01-15,0.011460748807356508
2019-01-16,0.0024196802494721587
2019-01-17,0.007586800971470251
2019-01-18,0.01331000177600745
2019-01-22,-0.013510545553754156
2019-01-23,0.00209269666384569
2019-01-24,0.0005314386050160759
2019-01-25,0.008461093138750757
2019-01-28,-0.0076000859713839025
2019-01-29,-0.0013268013946385376
2019-01-30,0.01583055040902706
2019-01-31,0.00878230183741038
2019-02-01,0.0004818255101615894
2019-02-04,0.007035622631823343
2019-02-05,0.004191730561174091
2019-02-06,-0.00131871146263426
2019-02-07,-0.00953247567068606
2019-02-08,0.0012215276280807645
2019-02-11,0.0005545853500168885
2019-02-12,0.012859387233555486
2019-02-13,0.003247040752262533
2019-02-14,-0.002218412632565119
2019-02-15,0.010897343008007584
2019-02-19,0.001730906755431368
2019-02-20,0.002015339144087694
2019-02-21,-0.003555911984730182
2019-02-22,0.006199815867264079
2019-02-25,0.0013614874010017604
2019-02-26,-0.000715607673691688
2019-02-27,-0.0004297209335954446
2019-02-28,-0.0018623340255281007
2019-03-01,0.006243641061821717
2019-03-04,-0.0036374180341604647
2019-03-05,-0.0013599762594798319
2019-03-06,-0.006057161944170235
2019-03-07,-0.008365606597965739
2019-03-08,-0.001999559016575953
2019-03-11,0.014501129091277907
2019-03-12,0.0037711609014153325
2019-03-13,0.0066189372790147905
2019-03-14,-0.0006398018984649605
2019-03-15,0.004940663804632661
2019-03-18,0.003625825570757236
2019-03-19,0.00024793810473634564
2019-03-20,-0.003009698760117646
2019-03-21,0.011294701369608527
2019-03-22,-0.019246295890834833
2019-03-25,-0.0007518963886289962
2019-03-26,0.007453842465315322
2019-03-27,-0.005229170608343621
2019-03-28,0.0037907234972571406
2019-03-29,0.006305548403458303
2019-04-01,0.011858813870926804
2019-04-02,0.0004899230097219357
2019-04-03,0.0015735657113036033
2019-04-04,0.002653510384229537
2019-04-05,0.0048401267977212555
2019-04-08,0.0007624511521627931
2019-04-09,-0.005124806533407976
2019-04-10,0.003411085110445037
2019-04-11,-0.0002781560878600949
2019-04-12,0.006766105576230258
2019-04-15,-0.000654797898747222
2019-04-16,0.0006552269399707174
2019-04-17,-0.0024466545726876
2019-04-18,0.001969211676995778
2019-04-22,0.000861930250636669
2019-04-23,0.00899157463305319
2019-04-24,-0.002219251160157988
2019-04-25,-0.0006159895546767438
2019-04-26,0.004657309173830311
2019-04-29,0.0015675808264329642
2019-04-30,0.0005102671176125832
2019-05-01,-0.007516796727084288
2019-05-02,-0.002158717595812225
2019-05-03,0.00978767609675255
2019-05-06,-0.004115263891037109
2019-05-07,-0.016699698761676304
2019-05-08,-0.0013890989235191104
2019-05-09,-0.003025752740896105
2019-05-10,0.005023431741553098
2019-05-13,-0.025130136417035417
2019-05-14,0.009043532205947797
2019-05-15,0.005857397897319453
2019-05-16,0.009261238436409277
2019-05-17,-0.006465016273216737
2019-05-20,-0.0066123021365262725
2019-05-21,0.009015932587227746
2019-05-22,-0.0030718508194585562
2019-05-23,-0.012218245605857414
2019-05-24,0.0022683372003689433
2019-05-28,-0.009300177316102255
2019-05-29,-0.0067111380389658455
2019-05-30,0.002731165785418725
2019-05-31,-0.01347530576120597
2019-06-03,-0.0025427860129927193
2019-06-04,0.021706292159613127
2019-06-05,0.008662507445917216
2019-06-06,0.006502556052414874
2019-06-07,0.010007176860599322
2019-06-10,0.00458851165901836
2019-06-11,-0.00024200592943911042
2019-06-12,-0.0017649900417317334
2019-06-13,0.004126023556280403
2019-06-14,-0.0011047361147959107
2019-06-17,0.000380316133235814
2019-06-18,0.010470856370743199
2019-06-19,0.002257392455007801
2019-06-20,0.009553940078915387
2019-06-21,-0.0014531189479685149
2019-06-24,-0.001224957635205202
2019-06-25,-0.009807881458698917
2019-06-26,-0.000997163814089978
2019-06-27,0.0035459202077772166
2019-06-28,0.005145581208801695
2019-07-01,0.009078439945228046
2019-07-02,0.0026045548786789354
2019-07-03,0.007994959265809676
2019-07-05,-0.0011377483126077173
2019-07-08,-0.005494659809902595
2019-07-09,0.0012462292285164668
2019-07-10,0.0047782035760611016
2019-07-11,0.002344179417221829
2019-07-12,0.00447695056484447
2019-07-15,0.0003325462622103669
2019-07-16,-0.0032254580571886076
2019-07-17,-0.006805076544708742
2019-07-18,0.003661408540562079
2019-07-19,-0.005554928438107316
2019-07-22,0.0024559698618501313
2019-07-23,0.0071506218940893766
2019-07-24,0.004699288989487264
2019-07-25,-0.004777102916495111
2019-07-26,0.006699924243209492
2019-07-29,-0.0018209921413405953
2019-07-30,-0.002454768309517424
2019-07-31,-0.010940225966424468
2019-08-01,-0.008708100172982423
2019-08-02,-0.007529769489295617
2019-08-05,-0.03007291081667923
2019-08-06,0.014022745071139082
2019-08-07,0.0005909694882641117
2019-08-08,0.01961993714915772
2019-08-09,-0.005532016307597417
2019-08-12,-0.012173381498337766
2019-08-13,0.015552028550204856
2019-08-14,-0.02956758114453498
2019-08-15,0.0026413665672949623
2019-08-16,0.014755464087338953
2019-08-19,0.012047544252553654
2019-08-20,-0.007662407756501213
2019-08-21,0.008134969252242072
2019-08-22,-0.00030777601949795176
2019-08-23,-0.02568715126813741
2019-08-26,0.011058260613469212
2019-08-27,-0.003923720240260822
2019-08-28,0.007041691787512812
2019-08-29,0.012773029173031419
2019-08-30,-0.0004445346041539494
2019-09-03,-0.0058470509209241
2019-09-04,0.011350408431718691
2019-09-05,0.012855656554405405
2019-09-06,0.0007721923589727527
2019-09-09,0.0005033975650028124
2019-09-10,-0.0002349669068437257
2019-09-11,0.007110978288399476
2019-09-12,0.003463629191747809
2019-09-13,-0.0006637920667144122
2019-09-16,-0.0030885654824041125
2019-09-17,0.0025319503190471353
2019-09-18,0.0005983382438553515
2019-09-19,-6.690376342649645e-05
2019-09-20,-0.004724327948267807
2019-09-23,-0.00023483924847379867
2019-09-24,-0.007846624103618896
2019-09-25,0.005914481769859659
2019-09-26,-0.00208308369187499
2019-09-27,-0.005386859135893556
2019-09-30,0.0046375642935567495
2019-10-01,-0.011895009476509842
2019-10-02,-0.017664629952265046
2019-10-03,0.008192833507341209
2019-10-04,0.013532060112471949
2019-10-07,-0.004314520756380169
2019-10-08,-0.015524824071777086
2019-10-09,0.009496559113780417
2019-10-10,0.006763206566863233
2019-10-11,0.010367107683888004
2019-10-14,-0.0011136480883396492
2019-10-15,0.00990042956277726
2019-10-16,-0.0016064661189980406
2019-10-17,0.0029490812195864724
2019-10-18,-0.004377113953467196
2019-10-21,0.006779260656362055
2019-10-22,-0.003266541901200061
2019-10-23,0.0029091954091534956
2019-10-24,0.0016343191081264715
2019-10-25,0.004094756590091645
2019-10-28,0.005636570598359094
2019-10-29,-0.0002967328109061011
2019-10-30,0.003066964234692004
2019-10-31,-0.002662998742561928
2019-11-01,0.009263913672716237
2019-11-04,0.00401758077610073
2019-11-05,-0.001106086441777383
2019-11-06,0.000228146656878934
2019-11-07,0.0035165134696883396
2019-11-08,0.0024659687470011916
2019-11-11,-0.0019091798433037185
2019-11-12,0.0021077047262471594
2019-11-13,0.000323379241208576
2019-11-14,0.001456151161073198
2019-11-15,0.007236041171613494
2019-11-18,0.0007377643291324541
2019-11-19,-0.00028822439967806854
2019-11-20,-0.003718875490745631
2019-11-21,-0.0016089862455601852
2019-11-22,0.002224027083032875
2019-11-25,0.007750050851932157
2019-11-26,0.002265585158065953
2019-11-27,0.004457940717615336
2019-11-29,-0.0037087010289576436
2019-12-02,-0.008494778257375329
2019-12-03,-0.006706659902644284
2019-12-04,0.006170242389336969
2019-12-05,0.001797808689088199
2019-12-06,0.009134006985532924
2019-12-09,-0.0031439084756451543
2019-12-10,-0.001115087825359003
2019-12-11,0.002838852238787231
2019-12-12,0.008618606748459825
2019-12-13,0.0005991996949683139
2019-12-16,0.006870129779249528
2019-12-17,0.00021924212987095042
2019-12-18,6.222079602191182e-05
2019-12-19,0.004099053134201275
2019-12-20,0.004384480538815428
2019-12-23,0.0015274882646040165
2019-12-24,3.137242803415154e-05
2019-12-26,0.005323139941757507
2019-12-27,-0.00024777656815353687
2019-12-30,-0.005513202453450791
2019-12-31,0.0024291385681950725
2020-01-02,0.009352342797809795
2020-01-03,-0.007572781435359598
2020-01-06,0.003815283022120355
2020-01-07,-0.002811819344667438
2020-01-08,0.005329418059873143
2020-01-09,0.0067809066394025645
2020-01-10,-0.0028776418014472257
2020-01-13,0.006877199460061979
2020-01-14,-0.0015246907511656713
2020-01-15,0.0022599062992114715
2020-01-16,0.00831810182546523
2020-01-17,0.0031128669212969148
2020-01-21,-0.0019581631854428444
2020-01-22,0.000120762096749337
2020-01-23,0.0011470508707765146
2020-01-24,-0.00889318528919354
2020-01-27,-0.016029251556173258
2020-01-28,0.010478740733779898
2020-01-29,-0.0008258083176298656
2020-01-30,0.0032450759063620627
2020-01-31,-0.018157599565643938
2020-02-03,0.007428368596682063
2020-02-04,0.015241351876675118
2020-02-05,0.011547951520580331
2020-02-06,0.003365089589374782
2020-02-07,-0.0053297370698465515
2020-02-10,0.0074653520347755555
2020-02-11,0.0017330159138557843
2020-02-12,0.006442728363044089
2020-02-13,-0.0010668480731743472
2020-02-14,0.0016017825219164891
2020-02-18,-0.0025766437979860488
2020-02-19,0.004781024009716756
2020-02-20,-0.00410834846331262
2020-02-21,-0.01029793985560369
2020-02-24,-0.03316575649772278
2020-02-25,-0.030301589137731986
2020-02-26,-0.0036786650278493992
2020-02-27,-0.044911758690184496
2020-02-28,-0.004201221080805282
2020-03-02,0.043306094897971985
2020-03-03,-0.028632151457565903
2020-03-04,0.04203297386451413
2020-03-05,-0.03324179848900624
2020-03-06,-0.01653085495406503
2020-03-09,-0.07809461959191805
2020-03-10,0.05174446961469976
2020-03-11,-0.04874814242323428
2020-03-12,-0.09567710074472531
2020-03-13,0.08548628573626162
2020-03-16,-0.10942378011467724
2020-03-17,0.05399197752596158
2020-03-18,-0.050632794043755376
2020-03-19,0.0021251367095953396
2020-03-20,-0.043094282428281526
2020-03-23,-0.025568227691708793
2020-03-24,0.0906031348636293
2020-03-25,0.01497035394235519
2020-03-26,0.058389733060323676
2020-03-27,-0.02978570761850241
2020-03-30,0.03247571819007708
2020-03-31,-0.014905372873474376
2020-04-01,-0.04500473210011623
2020-04-02,0.02307513610476558
2020-04-03,-0.014454029946381576
2020-04-06,0.0671662757875606
2020-04-07,0.0010192855588624843
2020-04-08,0.03356846598307695
2020-04-09,0.015217161583084742
2020-04-13,-0.009129940950478884
2020-04-14,0.029492771231629994
2020-04-15,-0.021248149249754173
2020-04-16,0.004824505193434066
2020-04-17,0.02701533999919264
2020-04-20,-0.01761783318638549
2020-04-21,-0.030363375419140217
2020-04-22,0.022194614079839733
2020-04-23,-7.173211471819565e-05
2020-04-24,0.013938853854443607
2020-04-27,0.014418280336095232
2020-04-28,-0.004598330491915961
2020-04-29,0.02617839469932064
2020-04-30,-0.009310852520464192
2020-05-01,-0.026473233089667925
2020-05-04,0.0027581648281843627
2020-05-05,0.009239097837555311
2020-05-06,-0.006778372243971159
2020-05-07,0.01206672900790085
2020-05-08,0.016546060490712583
2020-05-11,0.00020543684922471776
2020-05-12,-0.019931929594581677
2020-05-13,-0.017685423751326368
2020-05-14,0.011967408933632354
2020-05-15,0.004596502014546596
2020-05-18,0.030460004915660612
2020-05-19,-0.01027149618907487
2020-05-20,0.016987964250936557
2020-05-21,-0.006903669331411886
2020-05-22,0.001899211746984722
2020-05-26,0.012320123348817654
2020-05-27,0.014878949186525001
2020-05-28,-0.0018447596839465993
2020-05-29,0.0044559079340868385
2020-06-01,0.004041634976039808
2020-06-02,0.008280251654813952
2020-06-03,0.013308379558965123
2020-06-04,-0.002626867810378058
2020-06-05,0.025629442136071552
2020-06-08,0.01208763994961199
2020-06-09,-0.007456809606357937
2020-06-10,-0.0055798398636385
2020-06-11,-0.057649033042425434
2020-06-12,0.011975596396525671
2020-06-15,0.009335896197018394
2020-06-16,0.01924780468599595
2020-06-17,-0.0041541405220455
2020-06-18,0.0003850012073338832
2020-06-19,-0.005714613910734592
2020-06-22,0.0064151857450147
2020-06-23,0.004603330413377983
2020-06-24,-0.025508411758833886
2020-06-25,0.010720351755343993
2020-06-26,-0.02375157847886391
2020-06-29,0.014697836271221858
2020-06-30,0.012809300593205387
2020-07-01,0.007004986121244302
2020-07-02,0.005507015059743371
2020-07-06,0.01543693148440116
2020-07-07,-0.010313707020733398
2020-07-08,0.0076489214140017525
2020-07-09,-0.005693197048760682
2020-07-10,0.010210720223230116
2020-07-13,-0.008659231867242085
2020-07-14,0.01295915742425984
2020-07-15,0.009187341423336541
2020-07-16,-0.003293654487211696
2020-07-17,0.0028992834226709173
2020-07-20,0.008081567394961204
2020-07-21,0.0021274469573860757
2020-07-22,0.005691974311123265
2020-07-23,-0.011931877284053703
2020-07-24,-0.006440002282007724
2020-07-27,0.0072925437370346775
2020-07-28,-0.00634244290986302
2020-07-29,0.012298653097522821
2020-07-30,-0.00356793795202502
2020-07-31,0.007902120134402838
2020-08-03,0.006952031490165413
2020-08-04,0.0038627316694106423
2020-08-05,0.006211307964008249
2020-08-06,0.00668424479329071
2020-08-07,0.0007179167153174267
2020-08-10,0.00298895906630612
2020-08-11,-0.008254813637393355
2020-08-12,0.013942405974144713
2020-08-13,-0.0018076626157360236
2020-08-14,2.971167086237436e-05
2020-08-17,0.003176398064745513
2020-08-18,0.0021604509978233677
2020-08-19,-0.004163626978243904
2020-08-20,0.003113666515762359
2020-08-21,0.003547080640662971
2020-08-24,0.010133515912522078
2020-08-25,0.003499181929725874
2020-08-26,0.01002528518173947
2020-08-27,0.002186786625934874
2020-08-28,0.006459091737197334
2020-08-31,-0.003622175008334689
2020-09-01,0.009418403012477327
2020-09-02,0.014464150144009936
2020-09-03,-0.03441441374671813
2020-09-04,-0.008164609707343591
2020-09-08,-0.027322768051173348
2020-09-09,0.0197472570684899
2020-09-10,-0.01736332881105406
2020-09-11,0.0005087517508811599
2020-09-14,0.013171120808565459
2020-09-15,0.005052214011554463
2020-09-16,-0.0039680889004663645
2020-09-17,-0.008795910962099524
2020-09-18,-0.011512187555411097
2020-09-21,-0.011129681376373093
2020-09-22,0.010184213862838158
2020-09-23,-0.023191002478215685
2020-09-24,0.0026656442072391312
2020-09-25,0.016166930920562626
2020-09-28,0.01660964483136179
2020-09-29,-0.005446189410611946
2020-09-30,0.007581988254522033
2020-10-01,0.006419996002471056
2020-10-02,-0.009494773834790837
2020-10-05,0.017733437263828037
2020-10-06,-0.014215816564041946
2020-10-07,0.01740609319692247
2020-10-08,0.008862653426072894
2020-10-09,0.008930251599330544
2020-10-12,0.016087551726572714
2020-10-13,-0.006525949457185456
2020-10-14,-0.0062835607623606266
2020-10-15,-0.001235706041982131
2020-10-16,-0.0006044651395341857
2020-10-19,-0.015203262664570224
2020-10-20,0.004005603560090423
2020-10-21,-0.0018927302280292478
2020-10-22,0.005484986756773701
2020-10-23,0.0033952528715837957
2020-10-26,-0.018479786999163722
2020-10-27,-0.003447569949443745
2020-10-28,-0.034178754981260655
2020-10-29,0.010163464997191046
2020-10-30,-0.010424998952238793
2020-11-02,0.011208513897762755
2020-11-03,0.01765613386095321
2020-11-04,0.022349112403368416
2020-11-05,0.019502439342146714
2020-11-06,-0.00022834090401699996
2020-11-09,0.012565954032574902
2020-11-10,-0.0014667366087906452
2020-11-11,0.007428453322760102
2020-11-12,-0.009700781222527193
2020-11-13,0.013844657552270226
2020-11-16,0.012482363190526946
2020-11-17,-0.005378294467084118
2020-11-18,-0.012034617097214258
2020-11-19,0.004210081832799766
2020-11-20,-0.006847745506086291
2020-11-23,0.005994309251813006
2020-11-24,0.01611373733665396
2020-11-25,-0.0015418113298006858
2020-11-27,0.0027848610008607867
2020-11-30,-0.004426939702879439
2020-12-01,0.010937564383390809
2020-12-02,0.002103716306971066
2020-12-03,-0.0002726597336105404
2020-12-04,0.008617587370773094
2020-12-07,-0.0020548909143497085
2020-12-08,0.002926106881014734
2020-12-09,-0.008968845373171804
2020-12-10,-0.0003270482193236643
2020-12-11,-0.0011724486888321
2020-12-14,-0.00447733072551428
2020-12-15,0.013519374798723198
2020-12-16,0.0015693565298868515
2020-12-17,0.005591808085415843
2020-12-18,-0.003992686916295978
2020-12-21,-0.003575498271140691
2020-12-22,-0.001685477031098101
2020-12-23,0.0008987085159478252
2020-12-24,0.003890519314719237
2020-12-28,0.008590706724151215
2020-12-29,-0.0019080140475613522
2020-12-30,0.0014268890774459155
2020-12-31,0.005080870096022057
2021-01-04,-0.013613934930893919
2021-01-05,0.006887280908056645
2021-01-06,0.005978444814845761
2021-01-07,0.01485764049030592
2021-01-08,0.00569760507256774
2021-01-11,-0.006740893475056142
2021-01-12,0.0002114180684685573
2021-01-13,0.0026928413319993786
2021-01-14,-0.0035018325212640314
2021-01-15,-0.00729279687591998
2021-01-19,0.007852092777498815
2021-01-20,0.013838407308962198
2021-01-21,0.0009119542112002737
2021-01-22,-0.00353954127182447
2021-01-25,0.003943798637593713
2021-01-26,-0.0015607544222087813
2021-01-27,-0.024440687510854327
2021-01-28,0.008600269189637015
2021-01-29,-0.020019507494510633
2021-02-01,0.016645500145649347
2021-02-02,0.014140132207051992
2021-02-03,0.000786272007734546
2021-02-04,0.01136564924668253
2021-02-05,0.00393578358917728
2021-02-08,0.00722222660200079
2021-02-09,-0.000666058623763312
2021-02-10,-0.0004354921284229315
2021-02-11,0.001614997094892538
2021-02-12,0.004939720321132713
2021-02-16,-0.0008658499295576171
2021-02-17,0.0002295518904142733
2021-02-18,-0.00425603769281598
2021-02-19,-0.0017661171650000598
2021-02-22,-0.007691685422798749
2021-02-23,0.0012144242108344371
2021-02-24,0.011019357347069426
2021-02-25,-0.02409587511859098
2021-02-26,-0.005152521124055764
2021-03-01,0.024240113222086534
2021-03-02,-0.007802902390830485
2021-03-03,-0.013245845650123296
2021-03-04,-0.012375077130966724
2021-03-05,0.01839674845975425
2021-03-08,-0.0049787954630463975
2021-03-09,0.01427772296549099
2021-03-10,0.006224335143656983
2021-03-11,0.010139166888400745
2021-03-12,0.0013468659664166275
2021-03-15,0.005963377356680859
2021-03-16,-0.0012609699577576308
2021-03-17,0.0034095566372666568
2021-03-18,-0.014549507814580582
2021-03-19,-0.0018503360240442939
2021-03-22,0.007984819976937266
2021-03-23,-0.00787058407689296
2021-03-24,-0.005083549335609547
2021-03-25,0.005625692021237116
2021-03-26,0.016114791938518634
2021-03-29,-0.0005049749212610574
2021-03-30,-0.0026532854644967046
2021-03-31,0.004053671961212886
2021-04-01,0.01079910143594028
2021-04-05,0.014353099410862612
2021-04-06,-0.00059074902187424
2021-04-07,0.0011575135576296154
2021-04-08,0.004746603040233368
2021-04-09,0.007270423075979313
2021-04-12,0.00036429663681599643
2021-04-13,0.002963607158750663
2021-04-14,-0.0034149783924599586
2021-04-15,0.010742303583711074
2021-04-16,0.003342367938222712
2021-04-19,-0.004912884756082577
2021-04-20,-0.007321645735543734
2021-04-21,0.00946212930813723
2021-04-22,-0.009133140561080319
2021-04-23,0.01084251264879025
2021-04-26,0.0020876549381041516
2021-04-27,-0.00021524929892973875
2021-04-28,-0.00028771469247599013
2021-04-29,0.006372983985211274
2021-04-30,-0.006570717783947344
2021-05-03,0.0021569182351673603
2021-05-04,-0.0061695026194927925
2021-05-05,0.00031299111762578226
2021-05-06,0.007985513147974917
2021-05-07,0.00727804825579332
2021-05-10,-0.009902385461445855
2021-05-11,-0.008924851098331067
2021-05-12,-0.02124520136473424
2021-05-13,0.012012517220389717
2021-05-14,0.015355326980379589
2021-05-17,-0.002544554674229295
2021-05-18,-0.008615673235910887
2021-05-19,-0.0026217251695954315
2021-05-20,0.010757969369694908
2021-05-21,-0.0008188132036232248
2021-05-24,0.01019420986248455
2021-05-25,-0.0022184919553388115
2021-05-26,0.001984453650992125
2021-05-27,0.000525070083606291
2021-05-28,0.0017885360092098823
2021-06-01,-0.0008806609980029148
2021-06-02,0.0015726457831400538
2021-06-03,-0.003711389924528343
2021-06-04,0.009145752142560274
2021-06-07,-0.0009701298454652534
2021-06-08,0.0002131469868449435
2021-06-09,-0.001491943682539333
2021-06-10,0.004648546557136458
2021-06-11,0.0016524416046562848
2021-06-14,0.002238866581802977
2021-06-15,-0.0018342206834553849
2021-06-16,-0.005583465120880797
2021-06-17,-0.0003315386630191205
2021-06-18,-0.013490459629117164
2021-06-21,0.014315909454156816
2021-06-22,0.005346316557800735
2021-06-23,-0.0012052638963037801
2021-06-24,0.005915608528155988
2021-06-25,0.0035522416559727655
2021-06-28,0.002015942933025139
2021-06-29,0.0005381276625193281
2021-06-30,0.0008415317083315075
2021-07-01,0.005536563339808663
2021-07-02,0.00764348363037215
2021-07-06,-0.0018213370238375848
2021-07-07,0.003534001975728616
2021-07-08,-0.008147898019827949
2021-07-09,0.010674719597094842
2021-07-12,0.0035819603310095114
2021-07-13,-0.0034090830990338864
2021-07-14,0.001492237471674324
2021-07-15,-0.003415572895681729
2021-07-16,-0.007843694506589886
2021-07-19,-0.014767443480072381
2021-07-20,0.014330094512331689
2021-07-21,0.008096194145649384
2021-07-22,0.0020943729422013783
2021-07-23,0.010288015700799414
2021-07-26,0.0024547270082908826
2021-07-27,-0.004557600059822295
2021-07-28,-0.0004101118681644303
2021-07-29,0.004147296667653303
2021-07-30,-0.004856344443739675
2021-08-02,-0.002098095593098273
2021-08-03,0.00813573223716743
2021-08-04,-0.004919081261283226
2021-08-05,0.00633284571264337
2021-08-06,0.0016524835333715268
2021-08-09,-0.0008135516677255752
2021-08-10,0.0012439566298996394
2021-08-11,0.0024848222486889
2021-08-12,0.0029970870115413675
2021-08-13,0.0018196248205775102
2021-08-16,0.0023548086453454176
2021-08-17,-0.006555313631962259
2021-08-18,-0.010944867182973066
2021-08-19,0.0015481417206536143
2021-08-20,0.007957157604010112
2021-08-23,0.008796587269100908
2021-08-24,0.001587410862361097
2021-08-25,0.0020982510978335175
2021-08-26,-0.005903053670313467
2021-08-27,0.008941000212846115
2021-08-30,0.004397597014913467
2021-08-31,-0.0014817340288140301
2021-09-01,0.0005314738449428312
2021-09-02,0.0030766468906830236
2021-09-03,-0.0002426619963358615
2021-09-07,-0.0035755930014514247
2021-09-08,-0.0012183210313888534
2021-09-09,-0.004280223265621786
2021-09-10,-0.007884613538522224
2021-09-13,0.0025592955889645495
2021-09-14,-0.005396525204561339
2021-09-15,0.008352703246992735
2021-09-16,-0.0015852135387034434
2021-09-17,-0.009741059158730692
2021-09-20,-0.01667441402263565
2021-09-21,-0.0009444726565604967
2021-09-22,0.009754866230590077
2021-09-23,0.01215006304982765
2021-09-24,0.0016470694509266649
2021-09-27,-0.0028608231322383927
2021-09-28,-0.020151967901677934
2021-09-29,0.0016834447062369102
2021-09-30,-0.012222576330419208
2021-10-01,0.01188416661496626
2021-10-04,-0.012895950494804609
2021-10-05,0.01040496593018895
2021-10-06,0.004156131172742321
2021-10-07,0.008645470595146951
2021-10-08,-0.0018236414509294429
2021-10-11,-0.007239728795054016
2021-10-12,-0.002461540627175843
2021-10-13,0.003597650965856318
2021-10-14,0.016820597446081345
2021-10-15,0.007615730953942404
2021-10-18,0.002960591654061687
2021-10-19,0.007714905075203567
2021-10-20,0.003927844606918331
2021-10-21,0.002608078193424552
2021-10-22,-0.0010360830135054595
2021-10-25,0.005362777815329059
2021-10-26,0.0009000195908050963
2021-10-27,-0.004430165010833424
2021-10-28,0.009648884622866291
2021-10-29,0.0020289786527243714
2021-11-01,0.0017201935642988963
2021-11-02,0.004043281342593824
2021-11-03,0.006104938737456277
2021-11-04,0.004712742221496013
2021-11-05,0.003469547146441769
2021-11-08,0.0008536897123755484
2021-11-09,-0.0033054428997111147
2021-11-10,-0.008044596083545859
2021-11-11,0.0003233572542349726
2021-11-12,0.007546891471651206
2021-11-15,0.0003425638430898785
2021-11-16,0.0039576318854348536
2021-11-17,-0.0024290821817392915
2021-11-18,0.00339625868549236
2021-11-19,-0.0017883140340142056
2021-11-22,-0.002815242305059898
2021-11-23,0.0013261483302232553
2021-11-24,0.0026698480067104567
2021-11-26,-0.022303081601143276
2021-11-29,0.012266549534412764
2021-11-30,-0.01945760999662683
2021-12-01,-0.011107285597737576
2021-12-02,0.0153164421245435
2021-12-03,-0.00870114867771772
2021-12-06,0.011843077447201452
2021-12-07,0.020684797318484202
2021-12-08,0.0026479274096594687
2021-12-09,-0.006751480842082146
2021-12-10,0.009413336597762369
2021-12-13,-0.008858085198856286
2021-12-14,-0.006880041308849292
2021-12-15,0.01562496707364924
2021-12-16,-0.00881852938979553
2021-12-17,-0.010643031611676717
2021-12-20,-0.01063311254952578
2021-12-21,0.01775874373207286
2021-12-22,0.009998821888114112
2021-12-23,0.006221984771532769
2021-12-27,0.014152259379956216
2021-12-28,-0.0008172669075064668
2021-12-29,0.0012792057715522674
2021-12-30,-0.002764426154866418
2021-12-31,-0.002520335149197084
2022-01-03,0.005790023110515766
2022-01-04,-0.0003350584828117375
2022-01-05,-0.01920205989783777
2022-01-06,-0.0009394707844113634
2022-01-07,-0.003953480086906002
2022-01-10,-0.001244145733799297
2022-01-11,0.00910816029180448
2022-01-12,0.002703518177769646
2022-01-13,-0.013778751408331317
2022-01-14,0.00040893972827466674
2022-01-18,-0.017709406605588774
2022-01-19,-0.010383660795156294
2022-01-20,-0.011067913110585581
2022-01-21,-0.019630740427783424
2022-01-24,0.0042468739389572505
2022-01-25,-0.012208981470912084
2022-01-26,-0.0025090335659570502
2022-01-27,-0.004937888724026503
2022-01-28,0.024835428022520447
2022-01-31,0.01801101376772337
2022-02-01,0.006757095772381636
2022-02-02,0.009714098557489195
2022-02-03,-0.023505086471324477
2022-02-04,0.004702247060859559
2022-02-07,-0.003209261594431536
2022-02-08,0.008227956371374285
2022-02-09,0.014635916394550972
2022-02-10,-0.01796547771801423
2022-02-11,-0.019718839751998275
2022-02-14,-0.0032691525166126936
2022-02-15,0.016126839758207112
2022-02-16,0.0011206780662130686
2022-02-17,-0.02136135237752592
2022-02-18,-0.006475182646961697
2022-02-22,-0.010731544523480912
2022-02-23,-0.017738735377157554
2022-02-24,0.015049297913375661
2022-02-25,0.022064143338137946
2022-02-28,-0.0025586944153200993
2022-03-01,-0.015230356599403975
2022-03-02,0.018396173720176396
2022-03-03,-0.00497835722285098
2022-03-04,-0.00812463938980307
2022-03-07,-0.029479277629289764
2022-03-08,-0.007581728256061764
2022-03-09,0.026810928051586143
2022-03-10,-0.00451550741577522
2022-03-11,-0.012715025960451322
2022-03-14,-0.00730843219166104
2022-03-15,0.02199050335308684
2022-03-16,0.02217419132414844
2022-03-17,0.012510859164270974
2022-03-18,0.010952794915775957
2022-03-21,-0.0002924054450258124
2022-03-22,0.011701385053886005
2022-03-23,-0.012878395275083393
2022-03-24,0.015074349948848029
2022-03-25,0.004883628575794465
2022-03-28,0.00711306529702233
2022-03-29,0.012370797989234699
2022-03-30,-0.006174755608422853
2022-03-31,-0.015391363901915273
2022-04-01,0.002834143540335537
2022-04-04,0.008566566596436892
2022-04-05,-0.012631240980566864
2022-04-06,-0.00999965876609821
2022-04-07,0.005039143332599318
2022-04-08,-0.002673803919268716
2022-04-11,-0.01709230921939212
2022-04-12,-0.003705266766271481
2022-04-13,0.011453480930599015
2022-04-14,-0.012451596796087351
2022-04-18,0.0004109338538298533
2022-04-19,0.016142756655811365
2022-04-20,-0.0007415659137451389
2022-04-21,-0.014953420518238086
2022-04-22,-0.027439205765589367
2022-04-25,0.0057975231489966715
2022-04-26,-0.02896079946396557
2022-04-27,0.0028117036620994872
2022-04-28,0.025259487417911314
2022-04-29,-0.03695567229955189
2022-05-02,0.00601941837480805
2022-05-03,0.004584068507262912
2022-05-04,0.030453127396337473
2022-05-05,-0.035542866513156246
2022-05-06,-0.0059688666615305445
2022-05-09,-0.03201751065941583
2022-05-10,0.0023105227979080645
2022-05-11,-0.01588586939525635
2022-05-12,-0.0010439698086005956
2022-05-13,0.02390775444853407
2022-05-16,-0.004057605065676008
2022-05-17,0.02057045666483297
2022-05-18,-0.04031152521671705
2022-05-19,-0.006124572750280212
2022-05-20,0.0004363582022639818
2022-05-23,0.018710157981399134
2022-05-24,-0.007633755682183366
2022-05-25,0.008834804336833533
2022-05-26,0.01998146916622721
2022-05-27,0.024549125254131214
2022-05-31,-0.005610878443788475
2022-06-01,-0.008088700156119014
2022-06-02,0.019043514127438037
2022-06-03,-0.01641162036021019
2022-06-06,0.0030450245906429385
2022-06-07,0.009592118073121459
2022-06-08,-0.010872354901239173
2022-06-09,-0.023782651797401758
2022-06-10,-0.028995788787793485
2022-06-13,-0.03796796576015769
2022-06-14,-0.003013381521226108
2022-06-15,0.014256180389406369
2022-06-16,-0.03309589524199236
2022-06-17,0.0021557034295305883
2022-06-21,0.02517368024004651
2022-06-22,-0.001813014840593404
2022-06-23,0.009802490066717195
2022-06-24,0.031793958654799254
2022-06-27,-0.003819769158248558
2022-06-28,-0.020432708538919583
2022-06-29,-0.0008146466567390063
2022-06-30,-0.008124328809650395
2022-07-01,0.010576792688189772
2022-07-05,0.0018883862556354125
2022-07-06,0.0033776348868813024
2022-07-07,0.014976951170216591
2022-07-08,-0.0008225063152892321
2022-07-11,-0.011423761025339603
2022-07-12,-0.00884888127748858
2022-07-13,-0.005251869961586323
2022-07-14,-0.002428317510120468
2022-07-15,0.019105124956755256
2022-07-18,-0.008257009191498396
2022-07-19,0.027019256469347497
2022-07-20,0.006373034248616455
2022-07-21,0.010183072006745982
2022-07-22,-0.009277966923498146
2022-07-25,0.0012149554414480704
2022-07-26,-0.01183091186472819
2022-07-27,0.025966102158373045
2022-07-28,0.012542638121987155
2022-07-29,0.014578639639340366
2022-08-01,-0.0029610862489336362
2022-08-02,-0.006597487283585833
2022-08-03,0.01565966244210418
2022-08-04,-0.000675889451797803
2022-08-05,-0.0016901280138077
2022-08-08,-0.0011607134584129845
2022-08-09,-0.00397113950858961
2022-08-10,0.021004117205184206
2022-08-11,0.0
2022-08-12,0.01692876754457442
2022-08-15,0.00412095884845319
2022-08-16,0.001958711808422791
2022-08-17,-0.0070979506247503205
2022-08-18,0.0029062759034149026
2022-08-19,-0.013437871260496868
2022-08-22,-0.02082263565520201
2022-08-23,-0.0024193026423610688
2022-08-24,0.003201314785283618
2022-08-25,0.014117556780674997
2022-08-26,-0.033848999933003734
2022-08-29,-0.006612333050425732
2022-08-30,-0.010978023084281238
2022-08-31,-0.0076088823923424476
2022-09-01,0.0031379606970381962
2022-09-02,-0.010544311633964677
2022-09-06,-0.0037733718125932767
2022-09-07,0.01796473096734434
2022-09-08,0.0065366269308641065
2022-09-09,0.015535157681034308
2022-09-12,0.01074763176870667
2022-09-13,-0.04348237187484112
2022-09-14,0.003815648252758237
2022-09-15,-0.011353257182625042
2022-09-16,-0.00762893557182563
2022-09-19,0.007755025161670437
2022-09-20,-0.011478574353853133
2022-09-21,-0.017443795960194294
2022-09-22,-0.008399698838325424
2022-09-23,-0.016754752623343902
2022-09-26,-0.009892819797838969
2022-09-27,-0.002552790018367485
2022-09-28,0.019676331966996145
2022-09-29,-0.020888913694628936
2022-09-30,-0.015463546248041218
2022-10-03,0.026401218230513716
2022-10-04,0.03098667821564142
2022-10-05,-0.0023281140147289156
2022-10-06,-0.010315985785983533
2022-10-07,-0.02789383611661429
2022-10-10,-0.0076353087914755756
2022-10-11,-0.00633298568156208
2022-10-12,-0.0032985712465039394
2022-10-13,0.026391375980441615
2022-10-14,-0.02278906552390758
2022-10-17,0.025697038028797595
2022-10-18,0.011749662653353091
2022-10-19,-0.007086369895446109
2022-10-20,-0.008385427393161823
2022-10-21,0.0243013420108736
2022-10-24,0.012236357943708675
2022-10-25,0.015968834973303186
2022-10-26,-0.00753402087548841
2022-10-27,-0.005340068694235452
2022-10-28,0.02379075135163505
2022-10-31,-0.007223267888119088
2022-11-01,-0.00437590438262888
2022-11-02,-0.0250961410179441
2022-11-03,-0.010297107543585789
2022-11-04,0.014393201880319943
2022-11-07,0.009565611133427075
2022-11-08,0.005395406314086114
2022-11-09,-0.02060213343687362
2022-11-10,0.05495432456532386
2022-11-11,0.009678478289955161
2022-11-14,-0.008506706218896166
2022-11-15,0.008529055770629608
2022-11-16,-0.007628991115669448
2022-11-17,-0.0030597483608722576
2022-11-18,0.0045405172237116005
2022-11-21,-0.0036362352780399533
2022-11-22,0.013457278177590536
2022-11-23,0.0063015489530598105
2022-11-25,-0.00022372567789956008
2022-11-28,-0.01595717085301831
2022-11-29,-0.001717438278878546
2022-11-30,0.03150054332681503
2022-12-01,-0.0007357372555246553
2022-12-02,-0.0011537267048970304
2022-12-05,-0.01798958216699972
2022-12-06,-0.014414560434380195
2022-12-07,-0.0017014338889255697
2022-12-08,0.007834193831974015
2022-12-09,-0.0074701810559432156
2022-12-12,0.01441731365750705
2022-12-13,0.007569803692222181
2022-12-14,-0.006393689615474901
2022-12-15,-0.024461561074910265
2022-12-16,-0.011806198330241432
2022-12-19,-0.008479598757734493
2022-12-20,0.0013683689995595823
2022-12-21,0.014952484528232385
2022-12-22,-0.01426614166071008
2022-12-23,0.0057523764526701705
2022-12-27,-0.003943678595112219
2022-12-28,-0.01242783123240498
2022-12-29,0.01800035588394794
2022-12-30,-0.0026343360302073415
2023-01-03,-0.004209596354114507
2023-01-04,0.0077201173354582734
2023-01-05,-0.01141353348316072
2023-01-06,0.022932201727257295
2023-01-09,-0.0005668859179304133
2023-01-10,0.007012866467201864
2023-01-11,0.012647837706034707
2023-01-12,0.003640662415448022
2023-01-13,0.0038795938972998258
2023-01-17,-0.0018318270336247422
2023-01-18,-0.015788143855627965
2023-01-19,-0.007279728001741363
2023-01-20,0.01862886960292224
2023-01-23,0.011998658798434642
2023-01-24,-0.0010732410541470505
2023-01-25,0.00037490549606193716
2023-01-26,0.010990396019216093
2023-01-27,0.0022977950235941913
2023-01-30,-0.012546984417973823
2023-01-31,0.014703323459253086
2023-02-01,0.010627809031882799
2023-02-02,0.014557058108120077
2023-02-03,-0.010629276380023969
2023-02-06,-0.006111295753834837
2023-02-07,0.013078689489489396
2023-02-08,-0.010934879544518643
2023-02-09,-0.00866896963536778
2023-02-10,0.002333587167614749
2023-02-13,0.011738856264224893
2023-02-14,-0.00046007366899667064
2023-02-15,0.0032472128019216434
2023-02-16,-0.013768802930432752
2023-02-17,-0.0024980607509675922
2023-02-21,-0.02006110012353093
2023-02-22,-0.0013781570937543485
2023-02-23,0.005319629856203343
2023-02-24,-0.010682535507418047
2023-02-27,0.00340594244359864
2023-02-28,-0.003696023919555569
2023-03-01,-0.0038361073320730484
2023-03-02,0.0077775189574649526
2023-03-03,0.016037834848971574
2023-03-06,0.0006927414780085178
2023-03-07,-0.015328870967601937
2023-03-08,0.0016321428688771504
2023-03-09,-0.018449796280582513
2023-03-10,-0.014429370819408387
2023-03-13,-0.0014253078401111267
2023-03-14,0.016530137137989145
2023-03-15,-0.0062543094925058525
2023-03-16,0.01754503336185671
2023-03-17,-0.011692521398339055
2023-03-20,0.009615605678640301
2023-03-21,0.013130339721821297
2023-03-22,-0.017046266981507584
2023-03-23,0.0027033290379330443
2023-03-24,0.006561829532818084
2023-03-27,0.0018699203843736839
2023-03-28,-0.0022446079810725123
2023-03-29,0.01453496923166691
2023-03-30,0.005855177460335492
2023-03-31,0.014094638003109056
2023-04-03,0.0038104050315395416
2023-04-04,-0.005547800631978561
2023-04-05,-0.0026183700893210025
2023-04-06,0.0039007747492328447
2023-04-10,0.0010263588279136033
2023-04-11,0.00026864908630978694
2023-04-12,-0.004075990587934385
2023-04-13,0.013282698737321968
2023-04-14,-0.002442945770125793
2023-04-17,0.0035883287353133866
2023-04-18,0.0006522692741461183
2023-04-19,-0.00016894828731648176
2023-04-20,-0.005457084259788565
2023-04-21,0.0007767261294699482
2023-04-24,0.0010433158097518326
2023-04-25,-0.015873602948876176
2023-04-26,-0.004235765333949684
2023-04-27,0.019908074120989744
2023-04-28,0.008534934314842684
2023-05-01,-0.0010094215223498384
2023-05-02,-0.01123935373065632
2023-05-03,-0.006863977183122637
2023-05-04,-0.007082928354303669
2023-05-05,0.018512449386183127
2023-05-08,0.0002665287713532195
2023-05-09,-0.004385267559327099
2023-05-10,0.004672601083849092
2023-05-11,-0.0017441819272316949
2023-05-12,-0.0013101134711634627
2023-05-15,0.0034499129951409218
2023-05-16,-0.006682723226651077
2023-05-17,0.012139092711475827
2023-05-18,0.009633194785377778
2023-05-19,-0.0014550024287960793
2023-05-22,0.00040603477346814153
2023-05-23,-0.011222919794899765
2023-05-24,-0.0072448450657680305
2023-05-25,0.008660024246830413
2023-05-26,0.012950662481563655
2023-05-30,0.00038091226822885104
2023-05-31,-0.005545111949878562
2023-06-01,0.009500962628466501
2023-06-02,0.014461138742315994
2023-06-05,-0.0019162840005554705
2023-06-06,0.002177462039578443
2023-06-07,-0.0034577249686532485
2023-06-08,0.006048552856186946
2023-06-09,0.0017942616080398213
2023-06-12,0.00907194618439548
2023-06-13,0.006593032716625731
2023-06-14,0.001190861841022165
2023-06-15,0.01239750442651133
2023-06-16,-0.0034061816277246634
2023-06-20,-0.005188220676807738
2023-06-21,-0.0051236923219608755
2023-06-22,0.0036096368754245578
2023-06-23,-0.007559998603776524
2023-06-26,-0.004085814909374568
2023-06-27,0.010963382825592559
2023-06-28,0.000504455710734957
2023-06-29,0.003941278035040325
2023-06-30,0.011800770150806859
2023-07-03,0.001150585164847533
2023-07-05,-0.0014872393351820327
2023-07-06,-0.00783064481885571
2023-07-07,-0.0025247359931801433
2023-07-10,0.0025311264191538703
2023-07-11,0.006368470383345302
2023-07-12,0.008046113284910747
2023-07-13,0.007936720437259313
2023-07-14,-0.000622956595264938
2023-07-17,0.0034723576038314173
2023-07-18,0.007430647013492025
2023-07-19,0.002223785416319691
2023-07-20,-0.006634563319860635
2023-07-21,0.0
2023-07-24,0.004467341192920907
2023-07-25,0.00273006622738254
2023-07-26,0.00015364150894184542
2023-07-27,-0.006629909635952682
2023-07-28,0.009790334234380112
2023-07-31,0.0019040030027009196
2023-08-01,-0.002861579078220716
2023-08-02,-0.013910871383945101
2023-08-03,-0.0028657999433356553
2023-08-04,-0.004522815605686418
2023-08-07,0.00872856267191372
2023-08-08,-0.004348585748519289
2023-08-09,-0.006685381801527852
2023-08-10,0.0003588757396659954
2023-08-11,-0.0005829461056166779
2023-08-14,0.005520036262399717
2023-08-15,-0.011649043356157324
2023-08-16,-0.0073379443999886705
2023-08-17,-0.007619944633705365
2023-08-18,0.0004812284248590639
2023-08-21,0.006506303868592909
2023-08-22,-0.002708486789015909
2023-08-23,0.011137665855998673
2023-08-24,-0.013859000560351789
2023-08-25,0.0070497251781772175
2023-08-28,0.0063413759281724
2023-08-29,0.014454687853921212
2023-08-30,0.004118588608860815
2023-08-31,-0.0014632206122714012
2023-09-01,0.001865310237689719
2023-09-05,-0.004321984473291842
2023-09-06,-0.006722443407958752
2023-09-07,-0.0030702314830590295
2023-09-08,0.001506197505702181
2023-09-11,0.006576646403065656
2023-09-12,-0.005485570348436388
2023-09-13,0.0011659669752070788
2023-09-14,0.008622264479345039
2023-09-15,-0.01204824785433249
2023-09-18,0.0005865031235669812
2023-09-19,-0.002073970917873014
2023-09-20,-0.009193335553646115
2023-09-21,-0.016528361813957483
2023-09-22,-0.002248574865981865
2023-09-25,0.004205356760457693
2023-09-26,-0.01469139775829295
2023-09-27,0.0003992031649858652
2023-09-28,0.005797471679999123
2023-09-29,-0.002426943276471394
2023-10-02,-0.00039770897184477445
2023-10-03,-0.013386022790566426
2023-10-04,0.007282061334215236
2023-10-05,-0.0003768611701427836
2023-10-06,0.01187277664751163
2023-10-09,0.006402271281079632
2023-10-10,0.005204766020287189
2023-10-11,0.004096402013420235
2023-10-12,-0.006096746209962092
2023-10-13,-0.004980657788062697
2023-10-16,0.010521568524175708
2023-10-17,-4.596869394398291e-05
2023-10-18,-0.013325308109380695
2023-10-19,-0.008786305721968883
2023-10-20,-0.012287904459305481
2023-10-23,-0.001733229411015266
2023-10-24,0.007539391567962368
2023-10-25,-0.014352116474085843
2023-10-26,-0.011974764108063321
2023-10-27,-0.004532738343679366
2023-10-30,0.011955873258366306
2023-10-31,0.006280318872431887
2023-11-01,0.010664616232776076
2023-11-02,0.01916433984529647
2023-11-03,0.009123380342047255
2023-11-06,0.0023004174213031624
2023-11-07,0.002846190929312311
2023-11-08,0.0007323393832787781
2023-11-09,-0.007798828767953982
2023-11-10,0.015604861740171201
2023-11-13,-0.0009532526504951384
2023-11-14,0.019400915783460683
2023-11-15,0.0021167340378655587
2023-11-16,0.0012233730517759581
2023-11-17,0.0012436123594792702
2023-11-20,0.007697766791949457
2023-11-21,-0.0021794242036856895
2023-11-22,0.003860833660118361
2023-11-24,0.0006153298435043472
2023-11-27,-0.0018011075088344673
2023-11-28,0.0009901427455791543
2023-11-29,-0.0007032246336085172
2023-11-30,0.0039374269417988906
2023-12-01,0.0059157249533016406
2023-12-04,-0.005249277963868423
2023-12-05,-0.00019712552008962713
2023-12-06,-0.004029633558374036
2023-12-07,0.0076302867576820334
2023-12-08,0.004299178754217721
2023-12-11,0.003889668084583339
2023-12-12,0.0045671435142380585
2023-12-13,0.013790063422416364
2023-12-14,0.0032093653866887115
2023-12-15,-0.001646528827529165
2023-12-18,0.005625222098038973
2023-12-19,0.006080745867879796
2023-12-20,-0.013857263544828097
2023-12-21,0.009481946536269704
2023-12-22,0.0020097964524921135
2023-12-26,0.004222600850785905
2023-12-27,0.0018079685450222106
2023-12-28,0.0003776462452238372
2023-12-29,-0.002894986310545187
2024-01-02,-0.005596317714220706
2024-01-03,-0.008166747149510519
2024-01-04,-0.0032210755217507263
2024-01-05,0.0013697360128013365
2024-01-08,0.01427591744504615
2024-01-09,-0.0015169955367170748
2024-01-10,0.005655398196529963
2024-01-11,-0.0004406070415852829
2024-01-12,0.0006926499838007681
2024-01-16,-0.0036711749975993323
2024-01-17,-0.005558628494324139
2024-01-18,0.008892809741133
2024-01-19,0.012466081998595181
2024-01-22,0.002114256523492105
2024-01-23,0.0029165437350527133
2024-01-24,0.0010931979808127545
2024-01-25,0.005438841579141709
2024-01-26,-0.0012703986234009217
2024-01-29,0.00791924381148229
2024-01-30,-0.0007733642226800049
2024-01-31,-0.016317325635504455
2024-02-01,0.013088245442932982
2024-02-02,0.01052736025668783
2024-02-05,-0.0036411959321578603
2024-02-06,0.0029032539728738576
2024-02-07,0.008340432670724268
2024-02-08,0.0004418136196622209
2024-02-09,0.005779272130686272
2024-02-12,-0.00043889276081611597
2024-02-13,-0.013773051359759288
2024-02-14,0.009087666865085489
2024-02-15,0.006899667161367715
2024-02-16,-0.0049799738930406245
2024-02-20,-0.005505318738834393
2024-02-21,0.00090581940076183
2024-02-22,0.02069555162297992
2024-02-23,0.0006895340122826382
2024-02-26,-0.003662517270579018
2024-02-27,0.0018578725625674405
2024-02-28,-0.0013217026968949104
2024-02-29,0.003594905728580705
2024-03-01,0.009388145075316963
2024-03-04,-0.0010722764732353552
2024-03-05,-0.009994130268758823
2024-03-06,0.005067129266034266
2024-03-07,0.009926452811681898
2024-03-08,-0.006002087411756595
2024-03-11,-0.0008598012768555811
2024-03-12,0.01075722580956971
2024-03-13,-0.001567590444730787
2024-03-14,-0.0019767003800039225
2024-03-15,-0.006866585383409534
2024-03-18,0.005943155599914528
2024-03-19,0.005557150184218823
2024-03-20,0.009249281369075473
2024-03-21,0.0033047319049639987
2024-03-22,-0.001895693296438154
2024-03-25,-0.0027629535130621096
2024-03-26,-0.0018470924829974693
2024-03-27,0.008403865937811296
2024-03-28,-0.0001910989121978975
2024-04-01,-0.0017396320708727808
2024-04-02,-0.006358015406553698
2024-04-03,0.0010984143364575279
2024-04-04,-0.012206150055177238
2024-04-05,0.010446857229074078
2024-04-08,0.0005593746272674607
2024-04-09,0.0011568527225643982
2024-04-10,-0.010013284782391305
2024-04-11,0.007547046280804523
2024-04-12,-0.013803208367585878
2024-04-15,-0.012528106121352186
2024-04-16,-0.0018238497618980165
2024-04-17,-0.005918175894986938
2024-04-18,-0.0020577684123000268
2024-04-19,-0.008728335232320595
2024-04-22,0.009209197551395782
2024-04-23,0.011866574121825913
2024-04-24,-0.0004745284342693824
2024-04-25,-0.0037990219180447093
2024-04-26,0.009473892050490906
2024-04-29,0.0035415506632160074
2024-04-30,-0.015841349084316787
2024-05-01,-0.0032470256877585877
2024-05-02,0.009353324390745769
2024-05-03,0.012395395370112776
2024-05-06,0.010326856840222462
2024-05-07,0.0011034233547285546
2024-05-08,9.660296931104265e-05
2024-05-09,0.005761865049840257
2024-05-10,0.0012879879473682466
2024-05-13,0.00013448800866403644
2024-05-14,0.004588282272766736
2024-05-15,0.012382885197038668
2024-05-16,-0.002057521144904624
2024-05-17,0.0014374248327825813
2024-05-20,0.0011521724820674512
2024-05-21,0.00245258493464819
2024-05-22,-0.0028795143258491915
2024-05-23,-0.007304044594434403
2024-05-24,0.006616513575597591
2024-05-28,0.0006986330659798017
2024-05-29,-0.007002393996021246
2024-05-30,-0.006633756723293405
2024-05-31,0.009108033740690212
2024-06-03,0.0008154782308555759
2024-06-04,0.0011176522912584531
2024-06-05,0.011885301326019546
2024-06-06,-1.8523012498344067e-05
2024-06-07,-0.001215624520796101
2024-06-10,0.003089535733900603
2024-06-11,0.0024084559716648934
2024-06-12,0.008212874954501976
2024-06-13,0.0020135098521882303
2024-06-14,0.0006083856691375714
2024-06-17,0.007958828152111339
2024-06-18,0.002540720441353937
2024-06-20,-0.002716558734568864
2024-06-21,-0.001340607917963367
2024-06-24,-0.00325073990764594
2024-06-25,0.0038509848895006095
2024-06-26,0.0012481564062453232
2024-06-27,0.0015764616544944447
2024-06-28,-0.003935179546855133
2024-07-01,0.0020580239686430898
2024-07-02,0.006729892212882279
2024-07-03,0.004462520213184009
2024-07-05,0.005766597648471733
2024-07-08,0.0011538714567145563
2024-07-09,0.0009726222149209294
2024-07-10,0.009894942186671498
2024-07-11,-0.008622343940060445
2024-07-12,0.006307513337699423
2024-07-15,0.002749952888075344
2024-07-16,0.0059302267877524685
2024-07-17,-0.014021237206247388
2024-07-18,-0.007684755082017015
2024-07-19,-0.006640527977257282
2024-07-22,0.01030973945339534
2024-07-23,-0.0015685071166898778
2024-07-24,-0.022662534424227887
2024-07-25,-0.0052101936151491696
2024-07-26,0.011199435925994995
2024-07-29,0.0005879168006492677
2024-07-30,-0.005066555674593967
2024-07-31,0.01625461712742453
2024-08-01,-0.014160871465467966
2024-08-02,-0.01861837142437658
2024-08-05,-0.029123634193957384
2024-08-06,0.009219365171297865
2024-08-07,-0.006683865687295719
2024-08-08,0.02311717903690517
2024-08-09,0.004409810872533353
2024-08-12,0.0005254050700768683
2024-08-13,0.016445494182044544
2024-08-14,0.00315478030653551
2024-08-15,0.01714016506229335
2024-08-16,0.0022421068732714246
2024-08-19,0.009561431183721795
2024-08-20,-0.001626060556799577
2024-08-21,0.003436683213204307
2024-08-22,-0.007848512551791345
2024-08-23,0.010625160069914045
2024-08-26,-0.0023838081109496118
2024-08-27,0.0013731822465194703
2024-08-28,-0.005805296430383006
2024-08-29,8.941711011510075e-05
2024-08-30,0.009546073613803425
2024-09-03,-0.02057891827501007
2024-09-04,-0.0020467176748472375
2024-09-05,-0.0024322937114865093
2024-09-06,-0.01683020396823033
2024-09-09,0.011196253508404561
2024-09-10,0.004355686662704941
2024-09-11,0.01025896342902514
2024-09-12,0.008423122651024675
2024-09-13,0.00522289558466626
2024-09-16,0.0014769268670506788
2024-09-17,0.0004084005064654718
2024-09-18,-0.0029656037238377795
2024-09-19,0.017064267539295158
2024-09-20,-0.001728602890116357
2024-09-23,0.0024989046670664708
2024-09-24,0.002861268497158304
2024-09-25,-0.0022055740216547267
2024-09-26,0.003964800214346602
2024-09-27,-0.0014503989358952186
2024-09-30,0.004007197783506463
2024-10-01,-0.008958279843517523
2024-10-02,0.0004220736754631363
2024-10-03,-0.0018283967824684144
2024-10-04,0.009087425664166966
2024-10-07,-0.009040484162329747
2024-10-08,0.009457552416897151
2024-10-09,0.006926375029708916
2024-10-10,-0.0017499291458934081
2024-10-11,0.005988234357958177
2024-10-14,0.008178347889252851
2024-10-15,-0.007769496549756801
2024-10-16,0.004346413542726697
2024-10-17,8.579044880599378e-05
2024-10-18,0.0038465479579881065
2024-10-21,-0.0016422798462758723
2024-10-22,-0.0005311796703228093
2024-10-23,-0.009137365781024854
2024-10-24,0.002162694595903834
2024-10-25,-0.000345297294948949
2024-10-28,0.003091429861073909
2024-10-29,0.001618272212904139
2024-10-30,-0.003025209184301675
2024-10-31,-0.019603086259657985
2024-11-01,0.004220478802908383
2024-11-04,-0.0021540016850669992
2024-11-05,0.0120918148883436
2024-11-06,0.024865487816271722
2024-11-07,0.007732168182456743
2024-11-08,0.004331921256543714
2024-11-11,0.000952677373292816
2024-11-12,-0.003106232334402415
2024-11-13,0.00048576864827229677
2024-11-14,-0.006430206460433615
2024-11-15,-0.012808640825080883
2024-11-18,0.004097516468173052
2024-11-19,0.003655368297286767
2024-11-20,0.00033893325927170293
2024-11-21,0.005368246680064692
2024-11-22,0.0030993941282534327
2024-11-25,0.0033921050663489683
2024-11-26,0.005221380682413439
2024-11-27,-0.0030300883971953406
2024-11-29,0.006211946367561241
2024-12-02,0.0017926378726771223
2024-12-03,0.00046384223378990064
2024-12-04,0.00620940683569032
2024-12-05,-0.0016456371446975713
2024-12-06,0.001895694597573289
2024-12-09,-0.005149673070058817
2024-12-10,-0.0031090940537520356
2024-12-11,0.007730637008498813
2024-12-12,-0.005152640171807993
2024-12-13,-0.00019851511518411812
2024-12-16,0.004270056430311174
2024-12-17,-0.004120196363485556
2024-12-18,-0.029803258069540352
2024-12-19,-0.0003072589610822315
2024-12-20,0.012011013709321906
2024-12-23,0.005988313845908271
2024-12-24,0.011114993282984336
2024-12-26,6.648855168318246e-05
2024-12-27,-0.010526482054136666
2024-12-30,-0.011411586367528514
2024-12-31,-0.003637924844082151
2025-01-02,-0.002457123996579919
2025-01-03,0.0125034045605449
2025-01-06,0.005760615382937403
2025-01-07,-0.011304149707070606
2025-01-08,0.0014611171355269988
2025-01-10,-0.015267427998534065
2025-01-13,0.00155037085058968
2025-01-14,0.001376057202634914
2025-01-15,0.018190028843949435
2025-01-16,-0.0019232064220265153
2025-01-17,0.010040006199192824
2025-01-21,0.00915337560722534
2025-01-22,0.005621538331988033
2025-01-23,0.005458058539157051
2025-01-24,-0.0029192649597693664
2025-01-27,-0.01414535622240466
2025-01-28,0.008592315317060237
2025-01-29,-0.0044829671586250905
2025-01-30,0.00536718597603716
2025-01-31,-0.005322013686878362
2025-02-03,-0.006729450249601465
2025-02-04,0.006708265236212586
2025-02-05,0.0040545262235094845
2025-02-06,0.0034757319339305784
2025-02-07,-0.00915371685320275
2025-02-10,0.006791224986284972
2025-02-11,0.0007606438304508377
2025-02-12,-0.003221587301457068
2025-02-13,0.010557501388251397
2025-02-14,-4.9176972958773815e-05
2025-02-18,0.00293589766695207
2025-02-19,0.002354918837228875
2025-02-20,-0.0041604474002749055
2025-02-21,-0.017103906168952028
2025-02-24,-0.004550509873166023
2025-02-25,-0.00497328689117958
2025-02-26,0.0005050065539069423
2025-02-27,-0.015962013940292494
2025-02-28,0.015605596661077815
2025-03-03,-0.017519873186066348
2025-03-04,-0.011836866733265968
2025-03-05,0.010747730837302794
2025-03-06,-0.017751050248379908
2025-03-07,0.00560466844329399
2025-03-10,-0.026635406729509918
2025-03-11,-0.008313000999340861
2025-03-12,0.005306600218026226
2025-03-13,-0.013330547411436454
2025-03-14,0.020655680970872847
2025-03-17,0.007711448795157134
2025-03-18,-0.010808379622018126
2025-03-19,0.010890735339307487
2025-03-20,-0.0028915897931346417
2025-03-21,0.0003297821736048452
2025-03-24,0.01790859946178943
2025-03-25,0.0024038215328545456
2025-03-26,-0.01193822830522568
2025-03-27,-0.0026557358811503495
2025-03-28,-0.020138321487112063
2025-03-31,0.00671268923715228
2025-04-01,0.0028245537010416592
2025-04-02,0.006328298292829105
2025-04-03,-0.04928080649313457
2025-04-04,-0.05854282631206211
2025-04-07,-0.0017811883433037497
2025-04-08,-0.015662753355887942
2025-04-09,0.10501930911064022
2025-04-10,-0.04381906257326079
2025-04-11,0.017842775773629208
2025-04-14,0.009701622903123685
2025-04-15,-0.0028010214004096715
2025-04-16,-0.022228078391931104
2025-04-17,0.0014268350248789492
2025-04-21,-0.023802765912592307
2025-04-22,0.026017821531153354
2025-04-23,0.015495480308824923
2025-04-24,0.02104891294986841
2025-04-25,0.007225311311978366
2025-04-28,0.0003813851666460968
2025-04-29,0.006299388836584995
2025-04-30,0.0003968300492129556
2025-05-01,0.00708675645784505
2025-05-02,0.014844248983960254
2025-05-05,-0.005734215590911528
2025-05-06,-0.008358325676825247
2025-05-07,0.004205305572209872
2025-05-08,0.0069678736387536995
2025-05-09,-0.001274111815798833
2025-05-12,0.033047429414671085
2025-05-13,0.006603966987809033
2025-05-14,0.0012779770394449506
2025-05-15,0.004884285134641483
2025-05-16,0.006334043929497204
2025-05-19,0.001093819642984185
2025-05-20,-0.0033621536762168907
2025-05-21,-0.01685077534655511
2025-05-22,0.00039470808698147174
2025-05-23,-0.006825745108989117
2025-05-27,0.020790468742635466
2025-05-28,-0.00578534764593329
2025-05-29,0.003947547586719938
2025-05-30,-0.0011187156032976778
2025-06-02,0.005633026900562442
2025-06-03,0.005702661694633483
2025-06-04,-0.0002686162370052872
2025-06-05,-0.004832652403296839
2025-06-06,0.010268925536670179
2025-06-09,0.0009012287764703671
2025-06-10,0.005669821601985212
2025-06-11,-0.002852179981577982
2025-06-12,0.003974481637680754
2025-06-13,-0.011180263670473417
2025-06-16,0.00951434450384898
2025-06-17,-0.008545068700684543
2025-06-18,-0.0001507130748305436
2025-06-20,-0.002348577608368934
2025-06-23,0.009877485739587648
2025-06-24,0.011047186039507457
2025-06-25,0.0005603844216792087
2025-06-26,0.007823809728069984
2025-06-27,0.004968322293345539
2025-06-30,0.004781179328798333
2025-07-01,-0.0003236142841347398
2025-07-02,0.004533365492089415
2025-07-03,0.007881299997254837
2025-07-07,-0.007451873236444113
2025-07-08,-0.00054783466608284
2025-07-09,0.005996755558371945
2025-07-10,0.0028202579962521815
2025-07-11,-0.0035155067463295293
2025-07-14,0.0019082830706970192
2025-07-15,-0.00427321176729826
2025-07-16,0.0033431738607131245
2025-07-17,0.006119538410830021
2025-07-18,-0.0007322363413652022
2025-07-21,0.0018959466409166938
2025-07-22,0.0001431954531566844
2025-07-23,0.008507477186705435
2025-07-24,0.00033112698773497075
2025-07-25,0.004224338152491137
2025-07-28,-0.00025116586778872816
2025-07-29,-0.002637468170074551
2025-07-30,-0.001259466642834106
2025-07-31,-0.0037512614196472645
2025-08-01,-0.016390321589204518
2025-08-04,0.015199764160073372
2025-08-05,-0.00506992634361261
2025-08-06,0.007659758716372042
2025-08-07,-0.0008376363499652277
2025-08-08,0.007797456463786585
2025-08-11,-0.001977501345985158
2025-08-12,0.01064607884551691
2025-08-13,0.0034231323860202537
2025-08-14,9.301357079481053e-05
2025-08-15,-0.002341197926334745
2025-08-18,-0.00021761664789415373
2025-08-19,-0.005425196437217074
2025-08-20,-0.002657080804944632
2025-08-21,-0.0040117130958806395
2025-08-22,0.0153566373514272
2025-08-25,-0.004400829194675704
2025-08-26,0.004186776249525256
2025-08-27,0.0022786442764821373
2025-08-28,0.003541419568318629
2025-08-29,-0.005963733924517507
2025-09-02,-0.0074103476419112
2025-09-03,0.005419642546478278
2025-09-04,0.008357416747216328
2025-09-05,-0.002896288899897924
2025-09-08,0.0024566730815143312
2025-09-09,0.002311884400263498
2025-09-10,0.00289080502144523
2025-09-11,0.008310195052279347
2025-09-12,-0.00033463040934607905
2025-09-15,0.005323868927783217
2025-09-16,-0.001376791579806011
2025-09-17,-0.0012424570616919016
2025-09-18,0.004672499536354359
2025-09-19,0.004952868450893295
2025-09-22,0.004731049353107376
2025-09-23,-0.005443562937222342
2025-09-24,-0.003181571733738997
2025-09-25,-0.004613467564511748
2025-09-26,0.0057289405626274326
2025-09-29,0.0028105400319002106
2025-09-30,0.0037667420287070584
2025-10-01,0.003407572539438308
2025-10-02,0.0011518247966860295
2025-10-03,-1.4713447336801661e-05
2025-10-06,0.003586179676273647
2025-10-07,-0.003707422257526933
2025-10-08,0.005962962748359827
2025-10-09,-0.002896974724933228
2025-10-10,-0.027027862178845622
2025-10-13,0.015344118135168356
2025-10-14,-0.0012216462876413613
2025-10-15,0.0044395299096054355
2025-10-16,-0.006810227081276136
2025-10-17,0.005676298846351761
2025-10-20,0.010400500262923327
2025-10-21,-1.4942878783183963e-05
2025-10-22,-0.005199007741351955
2025-10-23,0.0059300554070228426
2025-10-24,0.008172554694480354
2025-10-27,0.011797664492784571
2025-10-28,0.0026560160190797757
2025-10-29,0.0004802810674313902
2025-10-30,-0.010998009070644778
2025-10-31,0.003280221790644796
2025-11-03,0.0018766494782573389
2025-11-04,-0.011853637418880606
2025-11-05,0.0034654766561540646
2025-11-06,-0.010729273044794978
2025-11-07,0.0009844731787751145
2025-11-10,0.015604278627143397
2025-11-11,0.0022893578545384466
2025-11-12,0.0005563002125365957
2025-11-13,-0.01659390636118805
2025-11-14,-0.00016382437331224952
2025-11-17,-0.009316347515515492
2025-11-18,-0.008397553343794913
2025-11-19,0.0038631766432765287
2025-11-20,-0.015242227316648036
2025-11-21,0.009961138168965123
2025-11-24,0.014718606876234613
2025-11-25,0.009405928065710542
2025-11-26,0.00690349061972417
2025-11-28,0.005458434229330838
2025-12-01,-0.004565470301164529
2025-12-02,0.0018521864059070942
2025-12-03,0.0034628396910831674
2025-12-04,0.0007311397879883586
2025-12-05,0.0018993947528219586
2025-12-08,-0.0030042091058059958
2025-12-09,-0.0008630280735731657
2025-12-10,0.006632054458367053
2025-12-11,0.0023270357445543256
2025-12-12,-0.01075198627826273
2025-12-15,-0.0015108084138407273
2025-12-16,-0.002732375302379311
2025-12-17,-0.011003593983400195
2025-12-18,0.007551262709752333
2025-12-19,0.009063506223586986
2025-12-22,0.006229803850433499
2025-12-23,0.004570492347330539
2025-12-24,0.003517674396244793
2025-12-26,-0.00010140966545209113
2025-12-29,-0.0035636535074947654
2025-12-30,-0.0012212136133650188
2025-12-31,-0.0074088529688374994
2026-01-02,0.0018329931020036232
2026-01-05,0.006660207108244667
2026-01-06,0.005947158299371112
2026-01-07,-0.0032234122811981305
2026-01-08,-0.0001015273142733078
2026-01-09,0.0066133829968887305
2026-01-12,0.0015704330006639244
2026-01-13,-0.0019995067653818498
2026-01-14,-0.0049152529031389605
2026-01-15,0.0027232975079872434
2026-01-16,-0.0008379051891619938
2026-01-20,-0.02035680001149726
2026-01-21,0.01154110928166135
2026-01-22,0.005223257672714407
2026-01-23,0.000362735188973634
2026-01-26,0.005078231761872755
2026-01-27,0.00398416537847091
2026-01-28,-0.00010066458032486516
2026-01-29,-0.0019843771548337407
2026-01-30,-0.0029824841055743675
2026-02-02,0.004971222737061493
2026-02-03,-0.008455385901172537
2026-02-04,-0.004843853725993412
2026-02-05,-0.012489284060324202
2026-02-06,0.019184786476819992
2026-02-09,0.0048217267165773575
2026-02-10,-0.002637057770699409
2026-02-11,-0.00023112214366453158
2026-02-12,-0.015448859697886246
2026-02-13,0.0007044991031191423
2026-02-17,0.001613483019052006
2026-02-18,0.0050377075505767845
2026-02-19,-0.0026373443235495233
2026-02-20,0.0072318492890962975
2026-02-23,-0.010211366038766238
2026-02-24,0.0072684752701984694
2026-02-25,0.00843830630053836
2026-02-26,-0.00555444557920715
2026-02-27,-0.004801940858611309
2026-03-02,0.0005685229860480202
2026-03-03,-0.008814250912485675
2026-03-04,0.007055355958297577
2026-03-05,-0.005575670491907813
2026-03-06,-0.013107129910862042
2026-03-09,0.008759961522312523
2026-03-10,-0.0016070155764896987
2026-03-11,-0.0012551345486657762
2026-03-12,-0.015184966271003224
2026-03-13,-0.005660135752608927
2026-03-16,0.01017686501045666
2026-03-17,0.0026305449911055625
2026-03-18,-0.013953644515257142
2026-03-19,-0.0024643810433112303
2026-03-20,-0.01433569626685271
2026-03-23,0.010499991225476386
2026-03-24,-0.0033568144771774526
2026-03-25,0.005572688244048595
2026-03-26,-0.017858729983344025
2026-03-27,-0.017051894157425217
2026-03-30,-0.003343390687433744
2026-03-31,0.02906786578475714
2026-04-01,0.0075344914103034205
2026-04-02,0.0009004595313389241
2026-04-06,0.004726845083763875
2026-04-07,0.0004400005646271492
2026-04-08,0.02546963651219086
2026-04-09,0.005769017699185538
2026-04-10,-0.0006617754265584978
2026-04-13,0.009772447246481726
2026-04-14,0.012184877209840694
2026-04-15,0.007890969227043996
2026-04-16,0.0024573476469375083
2026-04-17,0.012085686101644125
2026-04-20,-0.001999735115019452
2026-04-21,-0.0065468928485394795
2026-04-22,0.010126712095119027
2026-04-23,-0.0038807408683983677
2026-04-24,0.007749309237231545
2026-04-27,0.0017227878375635631
2026-04-28,-0.004865992267119446
2026-04-29,-0.00015450932498598926
2026-04-30,0.009949633527564741
2026-05-01,0.0027690952923506776
2026-05-04,-0.003663392146756459
2026-05-05,0.008022228723942352
2026-05-06,0.013899399692774051
2026-05-07,-0.0030660824190705672
2026-05-08,0.008256097011168253
2026-05-11,0.0022775630423875273
2026-05-12,-0.0015149526145865528
2026-05-13,0.005594837814611188
2026-05-14,0.00789431490455458
2026-05-15,-0.01202934375679619
2026-05-18,-0.0007035093177317297
2026-05-19,-0.006660788087493406
2026-05-20,0.01024899458256349
2026-05-21,0.0019830877010670717
2026-05-22,0.003931549076803992
2026-05-26,0.006638641352187503
2026-05-27,-0.0001732421647460429
2026-05-28,0.005516578600909887
2026-05-29,0.002491404803449221
2026-06-01,0.0027231134609037788
2026-06-02,0.0013579397972762791
2026-06-03,-0.007017182320499851
2026-06-04,0.003778685762139216
2026-06-05,-0.025809371248925725
2026-06-08,0.002264172608771549
2026-06-09,-0.0029354505508077727
2026-06-10,-0.015765562508027325
2026-06-11,0.016996847886747966
2026-06-12,0.005408247901529478
2026-06-15,0.017633969893753335
2026-06-16,-0.005961562844234086
2026-06-17,-0.012487870885051466
2026-06-18,0.010396992441959471
2026-06-22,-0.0031469796939627226
2026-06-23,-0.014521954010491563
2026-06-24,-0.0004635170636431143
2026-06-25,0.0014456352254531687
2026-06-26,-0.0072313736168696085
2026-06-29,0.0164748623801593
2026-06-30,0.007786800986842105
2026-07-01,-0.0013525044380584353
2026-07-02,-0.0013140694806872053
2026-07-06,0.008727409093039805
2026-07-07,-0.0047518996712316835
2026-07-08,-0.0030894297130047385
2026-07-09,0.008465250002579297
2026-07-10,0.004310159688801989
2026-07-13,-0.007656174850540876
2026-07-14,0.0035506416973015626
2026-07-15,0.00396363592968102
2026-07-16,-0.005418617756386107
2026-07-17,-0.009897156017872166
2026-07-20,-0.0016143782471810173
2026-07-21,0.008341309298597851
2026-07-22,-0.0011627413779321393
2026-07-23,-0.012349287272575827
2026-07-24,0.0010160123647911035
2026-07-27,0.00021657556368498613
2026-07-28,0.00239478065158613
2026-07-29,-0.01538747348258604
2026-07-30,0.016765799496011913
2026-07-31,0.007199809675054389
2026-08-03,0.014243006567347586
2026-08-04,0.018029002715958583
2026-08-05,-0.0019966020100065907
2026-08-06,-0.0015978130449319902
2026-08-07,0.0061153484724176385
2026-08-10,-0.0002974167367321983
2026-08-11,-0.0031952597501650965
2026-08-12,0.0025046624297863224
2026-08-13,0.0069774556519524075
2026-08-14,-0.001979711546353152
2026-08-17,-0.004727366641364418
2026-08-18,-0.0067557570742747
2026-08-19,0.002097837417361565
2026-08-20,-0.008399893367440514
2026-08-21,0.004091260447248608
2026-08-24,-0.0029384110198065355
2026-08-25,0.003195937672779856
2026-08-26,0.00022201557790710712
2026-08-27,0.006552786111251644
2026-08-28,-0.0022694852229378213
2026-08-31,-0.002989520850009877
2026-09-01,-0.006870423805438014
2026-09-02,0.00443690267225297
2026-09-03,0.010468411896543349
2026-09-04,-0.0038542371465761873
2026-09-08,-0.005492125910933003
2026-09-09,-0.004647758964528357
2026-09-10,-0.005994238166152997
2026-09-11,0.008524287494320968
2026-09-14,-0.004461622214820214
2026-09-15,-0.00458678137417018
2026-09-16,-0.004409916675517714
