date,returns
2011-11-01,0.0
2011-11-02,0.014382844066741916
2011-11-03,0.050264384917254074
2011-11-04,0.016979188276328938
2011-11-07,0.014847078686770359
2011-11-08,0.01819008986383814
2011-11-09,-0.006533655458478124
2011-11-10,0.013417950094462745
2011-11-11,0.03268396551297682
2011-11-14,-0.010181969426708333
2011-11-15,0.018851766008066158
2011-11-16,-0.029280979386375132
2011-11-17,-0.040678909672415206
2011-11-18,-0.007757979220315312
2011-11-21,-0.018887722770599795
2011-11-22,0.00322150027107334
2011-11-23,-0.021983268011404926
2011-11-25,-0.01138148587812433
2011-11-28,0.052233578174815394
2011-11-29,-0.0070525668340869815
2011-11-30,0.04586511788628357
2011-12-01,0.004263951429410966
2011-12-02,-0.0025772398227573864
2011-12-05,0.016855457732434208
2011-12-06,-0.0028803970265289646
2011-12-07,0.018263548606060113
2011-12-08,-0.03068980315159999
2011-12-09,0.021812098106163996
2011-12-12,-0.04417214003858966
2011-12-13,-0.03820134211019939
2011-12-14,-0.02809278555198239
2011-12-15,0.0002898775858711099
2011-12-16,0.00954697243183629
2011-12-19,-0.04456964206236763
2011-12-20,0.07062449800063691
2011-12-21,-0.01848584372733477
2011-12-22,0.05143448397278361
2011-12-23,0.01612144707059907
2011-12-27,-0.001375177632755537
2011-12-28,-0.002659872376903583
2011-12-29,0.015658704764054888
2011-12-30,-0.005687524510066673
2012-01-03,0.023136157321489548
2012-01-04,0.0009854164430228986
2012-01-05,0.023900659578229018
2012-01-06,0.005253668586195256
2012-01-09,-0.0016492153331855643
2012-01-10,0.0026797622699602118
2012-01-11,0.005885925506461598
2012-01-12,0.005034912457738458
2012-01-13,-0.009616835483288047
2012-01-17,0.008217920501029114
2012-01-18,0.07966759370962716
2012-01-19,0.0015241258589013004
2012-01-20,0.0006407043956272711
2012-01-23,-0.00047801926713002924
2012-01-24,-0.00028419900186675085
2012-01-25,0.0018932422055177324
2012-01-26,-0.0012236762052098662
2012-01-27,0.006229798262818907
2012-01-30,-0.004500343106561408
2012-01-31,0.0009100880982930652
2012-02-01,0.0013753215454733571
2012-02-02,-0.030080289266974713
2012-02-03,-0.05094732723412557
2012-02-06,-0.011025678581272529
2012-02-07,0.006664777792925052
2012-02-08,0.021057482507775303
2012-02-09,0.04601648749569863
2012-02-10,0.0837242953480052
2012-02-13,-0.0005820333582183659
2012-02-14,0.0301507904726658
2012-02-15,0.058305468063392624
2012-02-16,-0.0010308581545528605
2012-02-17,-0.001089042533276899
2012-02-21,0.0007109867164389329
2012-02-22,-0.0008102731407387471
2012-02-23,0.0013769642897309324
2012-02-24,0.0007438881237075475
2012-02-27,0.0005026643867979024
2012-02-28,0.0029425295446165005
2012-02-29,-0.01757469573222228
2012-03-01,0.0018508724182269127
2012-03-02,0.00010895472105389696
2012-03-05,-0.0025618299485000644
2012-03-06,-0.017651795472619716
2012-03-07,0.027704224209363446
2012-03-08,0.005002168856758117
2012-03-09,0.0009500767135630842
2012-03-12,0.00020582861874616254
2012-03-13,0.004065397370100094
2012-03-14,-0.001237255661039909
2012-03-15,0.000146799275394529
2012-03-16,-0.0007347705821128438
2012-03-19,-0.0014753344904177652
2012-03-20,-0.048402764663519365
2012-03-21,-0.04627061541930889
2012-03-22,0.009398284953284196
2012-03-23,0.000231744435272831
2012-03-26,0.00025183913540095543
2012-03-27,0.09939294244308294
2012-03-28,0.00631269605020828
2012-03-29,-0.0006555409064001483
2012-03-30,-0.0007232135972157205
2012-04-02,0.002991146013746694
2012-04-03,-0.0009551440287508967
2012-04-04,7.660888807342874e-05
2012-04-05,0.006086397917410383
2012-04-09,-0.020591511691307414
2012-04-10,-0.02943526857214271
2012-04-11,0.024513490979029152
2012-04-12,0.03003091615010783
2012-04-13,-0.029515570952876234
2012-04-16,-0.0021579754709106485
2012-04-17,0.03202906789924158
2012-04-18,-0.014164245484644698
2012-04-19,-0.020820065402813785
2012-04-20,-0.03476343764041437
2012-04-23,-0.022854966049652273
2012-04-24,-0.014610360877280588
2012-04-25,0.04614814985739593
2012-04-26,0.036531221853095146
2012-04-27,0.003331702340755886
2012-04-30,-0.011797155895400981
2012-05-01,0.006836177607713531
2012-05-02,0.008493605146247966
2012-05-03,-0.04198805895599813
2012-05-04,-0.04463765664770867
2012-05-07,-0.0025427850164432193
2012-05-08,-0.010370159649672701
2012-05-09,-0.005730835912906957
2012-05-10,-0.007202940653403829
2012-05-11,0.010143195316510015
2012-05-14,-0.018734404297573264
2012-05-15,-0.009066756136254383
2012-05-16,-0.019383606205960906
2012-05-17,-0.05529622941418402
2012-05-18,-0.040890882226617686
2012-05-21,0.04437209489126072
2012-05-22,-0.00958502047027458
2012-05-23,0.006481273708521475
2012-05-24,-0.020710351696902673
2012-05-25,0.01743762614996735
2012-05-29,0.027499870551491137
2012-05-30,-0.013857979835646862
2012-05-31,-0.018300105595771127
2012-06-01,-0.07079183527663882
2012-06-04,-0.0016348266129144508
2012-06-05,0.036243753119336135
2012-06-06,0.03946034428799755
2012-06-07,-0.020996294693825884
2012-06-08,0.025026766624032803
2012-06-11,-0.03264782486105633
2012-06-12,0.03665894340792892
2012-06-13,-0.011974202179790682
2012-06-14,-0.0011322951750563322
2012-06-15,0.024754535313745187
2012-06-18,0.026971627994303932
2012-06-19,0.016770957744004288
2012-06-20,0.00021131832315961487
2012-06-21,-0.00613173913995915
2012-06-22,0.02141741854538282
2012-06-25,-0.05269905931603701
2012-06-26,0.007344307701994153
2012-06-27,0.024368453295557715
2012-06-28,-0.021311825603209128
2012-06-29,0.057764693155692354
2012-07-02,0.0016345467118529147
2012-07-03,0.02697921227140737
2012-07-05,0.00048562743717283036
2012-07-06,-0.04281508049723715
2012-07-09,-0.017780873939667312
2012-07-10,-0.03849277411652286
2012-07-11,-0.017303742801053672
2012-07-12,-0.025577391284224767
2012-07-13,0.01976704297090806
2012-07-16,-0.016437415953920377
2012-07-17,-0.003112169003093727
2012-07-18,0.05166840770489868
2012-07-19,0.03502263811034218
2012-07-20,-0.030437323760958
2012-07-23,-0.020169512083700963
2012-07-24,-0.008603698132200601
2012-07-25,0.020380573580418365
2012-07-26,0.03024287694347413
2012-07-27,0.04594670732092649
2012-07-30,0.0010800157774463613
2012-07-31,0.01082387014589815
2012-08-01,-0.0012784126850550735
2012-08-02,-0.00640454217199572
2012-08-03,0.03096713783782607
2012-08-06,0.0022172037249837766
2012-08-07,0.0010048242100727965
2012-08-08,0.00015637361724381998
2012-08-09,0.0006758225606423254
2012-08-10,0.00023816289327081275
2012-08-13,-0.0009032302858123446
2012-08-14,-0.0008201743124428983
2012-08-15,0.0005389498527220968
2012-08-16,-6.85792091384181e-05
2012-08-17,-0.02808304719799438
2012-08-20,0.0019284640496184408
2012-08-21,0.02309700917390415
2012-08-22,0.0010879945491700667
2012-08-23,0.0008670200890726477
2012-08-24,0.0020193586198443488
2012-08-27,-0.0002726015849183308
2012-08-28,8.941693753035919e-05
2012-08-29,3.0699273928444745e-05
2012-08-30,-0.002277919704447268
2012-08-31,0.0224844229679624
2012-09-04,-0.012160627874650264
2012-09-05,-0.011629437632571035
2012-09-06,0.06366882600424012
2012-09-07,-8.679381801669608e-05
2012-09-10,-0.02621976068536863
2012-09-11,0.007411851470249886
2012-09-12,0.003717529385589926
2012-09-13,0.014876203681624175
2012-09-14,0.0187161425404282
2012-09-17,-0.00780292399005805
2012-09-18,0.0013814827071442282
2012-09-19,-0.0004795989550161194
2012-09-20,-0.012355259961797146
2012-09-21,0.000694443841919814
2012-09-24,-0.022269433613675876
2012-09-25,-0.036684343643170594
2012-09-26,-0.010895949454090685
2012-09-27,0.03751628317438758
2012-09-28,-0.01783106694219469
2012-10-01,-0.004959155781177766
2012-10-02,0.010333924301650428
2012-10-03,-0.004996544188565122
2012-10-04,0.01314311777897803
2012-10-05,-0.004681234796072038
2012-10-08,-0.01885551973614324
2012-10-09,-0.026645040751122843
2012-10-10,-0.021722844741243717
2012-10-11,0.0020461223855751647
2012-10-12,-0.009040008339878166
2012-10-15,0.02168960711815607
2012-10-16,0.03440369459615944
2012-10-17,-0.004322111105529974
2012-10-18,-0.002548818393448318
2012-10-19,-0.04072461340746417
2012-10-22,0.012985056739263243
2012-10-23,0.0019320682413301485
2012-10-24,-0.00838835145059259
2012-10-25,-0.004517069381440672
2012-10-26,0.003944489639442092
2012-10-31,-0.006555496694487927
2012-11-01,0.038003448693954264
2012-11-02,-0.02414205082354147
2012-11-05,0.010011227562636808
2012-11-06,0.008728883275521843
2012-11-07,-0.050985920819324196
2012-11-08,-0.029446979950224057
2012-11-09,0.012714504468685205
2012-11-12,-0.0024626151158759937
2012-11-13,-0.0158781913711728
2012-11-14,-0.025485803107661194
2012-11-15,-0.004765371913919128
2012-11-16,0.006076399060138682
2012-11-19,0.06271378387474089
2012-11-20,-0.005766954243336001
2012-11-21,0.007756124684431476
2012-11-23,0.031135143276450707
2012-11-26,0.008286578686648975
2012-11-27,-0.008506058968486087
2012-11-28,0.01264170313576925
2012-11-29,0.010790633785000232
2012-11-30,-0.0027868442247534755
2012-12-03,-0.0027359814367710926
2012-12-04,-0.0039814389422755765
2012-12-05,-0.01714374045443692
2012-12-06,0.012783803803176293
2012-12-07,-0.010612542416211524
2012-12-10,0.005697260744062772
2012-12-11,0.02670637377932378
2012-12-12,-0.004427096643931127
2012-12-13,-0.014295741575205603
2012-12-14,-0.019551995055142195
2012-12-17,0.024892673974871354
2012-12-18,0.0195155004038488
2012-12-19,-4.471060558799682e-05
2012-12-20,-0.0011271738010499828
2012-12-21,0.0013228783378246532
2012-12-24,-0.0008258781821360684
2012-12-26,-0.007473068478723535
2012-12-27,-0.0029780309632077553
2012-12-28,-0.01701863069918169
2012-12-31,0.03841960592169722
2013-01-02,0.060730016302065
2013-01-03,0.0003255638035569181
2013-01-04,-0.00026829709196757166
2013-01-07,-0.0010940460203619638
2013-01-08,0.0009523529329535963
2013-01-09,0.002451865534643723
2013-01-10,0.006910094910199468
2013-01-11,0.002147324206857247
2013-01-14,-0.011060911288126082
2013-01-15,-0.008729526356585861
2013-01-16,0.008949766378429213
2013-01-17,0.007753905724572497
2013-01-18,-0.0030062287115792436
2013-01-22,0.004100739859315695
2013-01-23,0.01793813504086341
2013-01-24,-0.02977092017088777
2013-01-25,0.00524495134129631
2013-01-28,0.027757669144284285
2013-01-29,0.00019002115943862183
2013-01-30,0.0642919268769436
2013-01-31,0.0003459856082638255
2013-02-01,0.01798785817999724
2013-02-04,0.0014323445202830253
2013-02-05,0.02555497378710499
2013-02-06,-0.0011575173845728773
2013-02-07,0.0019524980970840077
2013-02-08,0.017703202479954716
2013-02-11,0.0016655506630902043
2013-02-12,-0.0011478883440249918
2013-02-13,0.0007000980524228755
2013-02-14,-7.675449660919678e-05
2013-02-15,-0.0006140824162175861
2013-02-19,0.0016174440957721357
2013-02-20,-0.003707426500087296
2013-02-21,-0.002354923449131056
2013-02-22,0.019731748628233486
2013-02-25,-0.0249498032190092
2013-02-26,0.007891620818211076
2013-02-27,0.020307024994502335
2013-02-28,-0.002915694568385637
2013-03-01,0.007290623826274477
2013-03-04,0.006375210866982176
2013-03-05,0.028851242761700747
2013-03-06,-0.001297165477811943
2013-03-07,0.0011956611584970239
2013-03-08,0.0014039357229182429
2013-03-11,-0.0003933340960568599
2013-03-12,0.000710542694091284
2013-03-13,0.0003343827797286109
2013-03-14,-0.0007120068947871668
2013-03-15,-0.0003573540492193653
2013-03-18,0.0019944069595432333
2013-03-19,-0.005433216814356068
2013-03-20,0.020564766262957637
2013-03-21,-0.005616682777346874
2013-03-22,0.020547884810896096
2013-03-25,-0.0007877793857764277
2013-03-26,0.0027664040913544857
2013-03-27,0.0005387834007808723
2013-03-28,0.010283578619415002
2013-04-01,-0.012536860421703558
2013-04-02,-0.010390683717906996
2013-04-03,-0.034176816498314055
2013-04-04,0.018412045701381677
2013-04-05,-0.01128687159548784
2013-04-08,0.02058999409220674
2013-04-09,0.014097814484506307
2013-04-10,0.041854183095541966
2013-04-11,-0.005205903419561844
2013-04-12,-0.007890086135204817
2013-04-15,-0.04580036138571883
2013-04-16,0.03623781872758459
2013-04-17,-0.059207308085717086
2013-04-18,-0.020198249845859724
2013-04-19,0.00904495941549749
2013-04-22,0.015941019120295614
2013-04-23,0.023380663313461825
2013-04-24,7.2691724362294e-05
2013-04-25,0.008521547252908133
2013-04-26,-0.002019592617663405
2013-04-29,0.026047740694448932
2013-04-30,0.019245063540577076
2013-05-01,-0.016400043741631256
2013-05-02,0.026178487152961463
2013-05-03,0.020146035700540653
2013-05-06,0.0005764124816627959
2013-05-07,-0.0006465251957172217
2013-05-08,-0.0002674208617277238
2013-05-09,0.001508055278734927
2013-05-10,0.00033971202599999387
2013-05-13,-5.793320617523707e-05
2013-05-14,0.0006288561144391987
2013-05-15,-0.00027336980224162337
2013-05-16,0.009503995094852166
2013-05-17,0.0001212725548438941
2013-05-20,0.014218733451966645
2013-05-21,0.003996079950572805
2013-05-22,0.005610835882932165
2013-05-23,-0.0005180856823124421
2013-05-24,-0.00025476427546474904
2013-05-28,0.0007535721237131141
2013-05-29,-0.0007052404454978838
2013-05-30,-0.00019288823746063059
2013-05-31,-0.0010841954007691297
2013-06-03,0.0002761579110828476
2013-06-04,-0.0004948318982989254
2013-06-05,-2.564322583806285e-05
2013-06-06,0.012138714871262843
2013-06-07,-0.0017346664059098244
2013-06-10,8.057085243322977e-05
2013-06-11,-0.0025760220888049424
2013-06-12,-0.002956381046123714
2013-06-13,0.003697493686955136
2013-06-14,-0.0010615064575738241
2013-06-17,0.013234241102443966
2013-06-18,0.011196397831273287
2013-06-19,-0.0004645185802513598
2013-06-20,-0.0031525254087370566
2013-06-21,0.0013039499227017512
2013-06-24,-0.0012749260726862741
2013-06-25,0.00022442350543130414
2013-06-26,-0.0011386834473116729
2013-06-27,-0.0006186094167551089
2013-06-28,0.001905816737713149
2013-07-01,0.0010285670662327018
2013-07-02,0.0006565645995196297
2013-07-03,-0.000484273832633877
2013-07-05,0.0005939811295661295
2013-07-08,0.0011103931028340751
2013-07-09,0.0013162578501941108
2013-07-10,-0.001120026399158584
2013-07-11,1.8387920038331028e-05
2013-07-12,-0.00010018719342032759
2013-07-15,0.0007091061382466519
2013-07-16,-0.0007842141850491476
2013-07-17,-4.2192654202046083e-05
2013-07-18,0.000596480032212348
2013-07-19,-0.0021948160018987173
2013-07-22,0.005639267135479367
2013-07-23,-0.00826226656560759
2013-07-24,0.009811189333465718
2013-07-25,0.010775487113699533
2013-07-26,-0.012170625411838262
2013-07-29,-0.008734045589710426
2013-07-30,0.017678471104666506
2013-07-31,0.007791038357020193
2013-08-01,0.029428595555871004
2013-08-02,-0.00022401185748747754
2013-08-05,-0.0029755892192625437
2013-08-06,-0.011680606562226657
2013-08-07,-0.016041709722843855
2013-08-08,0.002874913648546263
2013-08-09,-0.008291457955244072
2013-08-12,0.005912675585031326
2013-08-13,0.01743230781784348
2013-08-14,-0.0008466097176399332
2013-08-15,-0.038885795441968136
2013-08-16,0.005678632149655994
2013-08-19,-0.01074796088233161
2013-08-20,0.009667091883295743
2013-08-21,-0.010967000764725593
2013-08-22,0.017604204798644513
2013-08-23,0.000954981935756275
2013-08-26,0.0006068399846821406
2013-08-27,0.00042232912038785283
2013-08-28,0.018140763230324528
2013-08-29,0.021250340286577688
2013-08-30,-0.008465481982825188
2013-09-03,0.010109510715221015
2013-09-04,0.014933366784006691
2013-09-05,-0.0003649250688587916
2013-09-06,0.0008367381061397932
2013-09-09,-0.0006440296519281211
2013-09-10,-0.0016747624410742375
2013-09-11,-0.00020747580832100316
2013-09-12,-0.0018271762267229065
2013-09-13,-1.8885097860577382e-05
2013-09-16,-0.00039640174363729996
2013-09-17,0.0018476764368332375
2013-09-18,0.004536658686120491
2013-09-19,-0.005020782368769503
2013-09-20,-0.0007359008387953628
2013-09-23,-0.00029252089411052845
2013-09-24,-0.0038555048694409733
2013-09-25,-0.006159406049421732
2013-09-26,0.008513047308205929
2013-09-27,-0.008142198471423397
2013-09-30,-0.0092715226697227
2013-10-01,0.017168191953641172
2013-10-02,-0.002367140349316249
2013-10-03,-0.018409208017082113
2013-10-04,0.01475772909084784
2013-10-07,-0.012717800356419808
2013-10-08,-0.025682241599240978
2013-10-09,0.006944963827238175
2013-10-10,0.043176975075374935
2013-10-11,0.015343798393410706
2013-10-14,0.002587702084632586
2013-10-15,-0.0008557894440370485
2013-10-16,0.006500297159284499
2013-10-17,0.0032970788813447153
2013-10-18,0.030995284041569503
2013-10-21,0.000562134302853386
2013-10-22,0.0011205036643979673
2013-10-23,-0.05210035970488281
2013-10-24,0.01360016529032056
2013-10-25,0.008364161507287794
2013-10-28,0.010411977285187219
2013-10-29,0.02259603135769528
2013-10-30,-0.007760774439373841
2013-10-31,0.007234227203022027
2013-11-01,-0.004872503532957563
2013-11-04,-0.0004329197930341279
2013-11-05,-0.004281096294708722
2013-11-06,0.00556055258473106
2013-11-07,-0.03153595871238846
2013-11-08,0.020183638690495997
2013-11-11,-0.001042609679335591
2013-11-12,0.007513065080235337
2013-11-13,0.014361428658821828
2013-11-14,0.001435543672922405
2013-11-15,0.00897686159331755
2013-11-18,-0.014485794740933634
2013-11-19,-0.01823656727289058
2013-11-20,-0.008643689234854616
2013-11-21,0.028580258288197824
2013-11-22,0.00015171016819224366
2013-11-25,-0.0011293016109998047
2013-11-26,0.01194544907414013
2013-11-27,0.006646992406724161
2013-11-29,0.000522747832420934
2013-12-02,-0.004092107764869067
2013-12-03,-0.0002605640088426131
2013-12-04,-4.0062518753429695e-05
2013-12-05,-0.0003867168917392516
2013-12-06,0.0016693402944581248
2013-12-09,0.0010524595432138365
2013-12-10,0.00012577186344028864
2013-12-11,-0.003573256816828968
2013-12-12,-0.001100353789944679
2013-12-13,-7.941443772278282e-05
2013-12-16,0.02156047587924682
2013-12-17,-9.985241678552807e-05
2013-12-18,0.033138157380920276
2013-12-19,-0.001303455525884453
2013-12-20,0.0021820242397631697
2013-12-23,0.0023744684156502696
2013-12-24,-0.0001223164327247931
2013-12-26,0.0005716831460670431
2013-12-27,-0.00031033843850327293
2013-12-30,-0.00010448628624148343
2013-12-31,0.0015081312109836067
2014-01-02,-0.0017335284215755056
2014-01-03,-0.0021039916250291816
2014-01-06,-0.0006536454641020878
2014-01-07,0.0024820000011132304
2014-01-08,-0.00041821177276517757
2014-01-09,-0.0006946459301487323
2014-01-10,0.0018170727594155603
2014-01-13,-0.003403323207117103
2014-01-14,0.038158108284622384
2014-01-15,0.0017820374718871565
2014-01-16,0.0001780290447630545
2014-01-17,-0.0014256577900954913
2014-01-21,0.0017915867861140107
2014-01-22,0.00041809443829782635
2014-01-23,2.1625003258606164e-05
2014-01-24,-0.010072361000101886
2014-01-27,-0.01077006567572935
2014-01-28,0.010114352222134792
2014-01-29,-0.02006642873710944
2014-01-30,0.02413398981025291
2014-01-31,-0.011446976846782687
2014-02-03,-0.04511532318603537
2014-02-04,0.013511257003261529
2014-02-05,-0.0026558021722192697
2014-02-06,0.02552522608791454
2014-02-07,0.027160270208465377
2014-02-10,0.004166353026770662
2014-02-11,0.021724638168037637
2014-02-12,0.00198280404138942
2014-02-13,2.5548069871353515e-05
2014-02-14,0.00818223724489417
2014-02-18,0.00024501794611795307
2014-02-19,-0.01366642447028495
2014-02-20,0.010901667825882476
2014-02-21,-8.713310822740778e-05
2014-02-24,0.010153687360748545
2014-02-25,-0.000180196755643796
2014-02-26,2.8713471558778368e-05
2014-02-27,0.014699219085333538
2014-02-28,0.00035597926818017184
2014-03-03,-0.0013490928999029476
2014-03-04,0.028068764294489554
2014-03-05,0.000896479508751622
2014-03-06,-0.0007648190775971878
2014-03-07,-0.0017833855337253247
2014-03-10,0.0001549449239937399
2014-03-11,0.0004585185046714459
2014-03-12,0.0006919656366758645
2014-03-13,0.00083932154902603
2014-03-14,-0.010395154048325984
2014-03-17,0.018035392878965627
2014-03-18,0.006155481706644377
2014-03-19,-0.00299110257843546
2014-03-20,0.0007202244118608942
2014-03-21,-0.003043416418008685
2014-03-24,-0.0024422552780863343
2014-03-25,0.0008053101205661273
2014-03-26,-0.00263511297046762
2014-03-27,-0.011665105012576869
2014-03-28,0.004222437069924876
2014-03-31,0.01349398467850155
2014-04-01,0.035914697046097926
2014-04-02,0.00021678089060724908
2014-04-03,-0.0018113450899989478
2014-04-04,-0.0059567613379569034
2014-04-07,-0.01974088996333737
2014-04-08,0.018488272189027842
2014-04-09,0.03416893903210028
2014-04-10,-0.062079715568451654
2014-04-11,-0.023067701929455686
2014-04-14,0.014930956622598036
2014-04-15,0.006568978615545356
2014-04-16,0.025794855797957025
2014-04-17,0.00037465832392506965
2014-04-21,0.014990955107678373
2014-04-22,0.01622963261257715
2014-04-23,-0.0019310598496705483
2014-04-24,0.019541913851608247
2014-04-25,-0.032292529281957735
2014-04-28,0.006961447610782239
2014-04-29,0.0150097080530417
2014-04-30,0.011422853683300097
2014-05-01,0.00597245011496163
2014-05-02,0.002099836689887306
2014-05-05,0.005023780769053075
2014-05-06,-0.012439607382336376
2014-05-07,-0.005936578481227928
2014-05-08,-0.0021696255446150667
2014-05-09,0.007676165730011954
2014-05-12,0.03260876440618638
2014-05-13,0.0014027937427833499
2014-05-14,-0.010116337135478406
2014-05-15,-0.021457284991973843
2014-05-16,0.01790001766965329
2014-05-19,0.019461663860459347
2014-05-20,-0.008909899528927245
2014-05-21,0.016953739379557943
2014-05-22,0.009039717759093204
2014-05-23,0.016320843692803795
2014-05-27,0.024011690420414577
2014-05-28,0.0007226148162503799
2014-05-29,0.010667150281487172
2014-05-30,0.0024928612151288274
2014-06-02,0.008166236596952044
2014-06-03,-0.0004150478622645473
2014-06-04,0.000297066606961887
2014-06-05,-0.00021365257362780638
2014-06-06,-0.0001770350556327424
2014-06-09,0.011639936883962154
2014-06-10,-0.017005450490621406
2014-06-11,0.021629656330526353
2014-06-12,0.051427106219786835
2014-06-13,-0.0002920605614197728
2014-06-16,4.199320058383244e-06
2014-06-17,-0.00046583403731224274
2014-06-18,0.002039112920986837
2014-06-19,-0.0001272661337585341
2014-06-20,0.0002015681419250497
2014-06-23,-8.156309444685622e-06
2014-06-24,9.003550330308476e-05
2014-06-25,0.0017812008549388404
2014-06-26,0.00040822655168021034
2014-06-27,0.0013174391211764726
2014-06-30,-0.004755289614552934
2014-07-01,-0.024812273237006587
2014-07-02,-0.010957322768715402
2014-07-03,-0.012720103471875731
2014-07-07,0.018599678526848372
2014-07-08,0.01677278465351841
2014-07-09,0.0021031927339059354
2014-07-10,-0.0004317890726055442
2014-07-11,0.0018292863244451273
2014-07-14,0.0012933468988616734
2014-07-15,-0.0012308571201258532
2014-07-16,0.0009744084656889615
2014-07-17,-0.002689416715594336
2014-07-18,0.021748925714180897
2014-07-21,-0.0003775010776866074
2014-07-22,0.0017443700305858683
2014-07-23,0.0017571234978427067
2014-07-24,-0.01305635434538861
2014-07-25,-0.03067803754683498
2014-07-28,-0.001559559794544852
2014-07-29,-0.0026249750385481823
2014-07-30,0.014871646986423761
2014-07-31,-0.004847002487351765
2014-08-01,0.00579649053799043
2014-08-04,0.014285411264733091
2014-08-05,-0.019246864208439463
2014-08-06,0.00040349263828388016
2014-08-07,-0.010352130154761302
2014-08-08,0.022055872323588313
2014-08-11,0.017281217339772004
2014-08-12,-0.002362400709807516
2014-08-13,0.01883658494591918
2014-08-14,0.005153108385041101
2014-08-15,0.016522933937839605
2014-08-18,0.010721841542423347
2014-08-19,0.013705190358035687
2014-08-20,0.012004484372358919
2014-08-21,0.000475579739270564
2014-08-22,0.0002941239182763639
2014-08-25,0.0005222187977604061
2014-08-26,0.0006183410999925727
2014-08-27,0.005992909920047335
2014-08-28,0.01847702742713213
2014-08-29,0.001322557339962261
2014-09-02,0.0037546472812259534
2014-09-03,-0.00731504164585701
2014-09-04,-0.0002545637621132323
2014-09-05,0.0015291228932729035
2014-09-08,-0.00011674616737174671
2014-09-09,-0.0008228396944216788
2014-09-10,-0.00021555888617986508
2014-09-11,-6.891135126767186e-05
2014-09-12,-0.0010572039719418949
2014-09-15,0.0005716586577172801
2014-09-16,0.025852448939764416
2014-09-17,-0.0004569342623250552
2014-09-18,-0.0006247989757869089
2014-09-19,0.0004576490988133212
2014-09-22,0.0002024405848217731
2014-09-23,0.0007248123149277887
2014-09-24,0.014513714430666574
2014-09-25,-0.004747342387182156
2014-09-26,0.016863544087324975
2014-09-29,-0.0033739926354115594
2014-09-30,-0.004401669102134078
2014-10-01,-0.027447028251795742
2014-10-02,-0.000266731645585906
2014-10-03,0.02161701920767609
2014-10-06,-0.012899575558473552
2014-10-07,-0.03526039455202371
2014-10-08,0.04138901434628116
2014-10-09,-0.04872030798858335
2014-10-10,-0.10857506834135897
2014-10-13,-0.03669230844798476
2014-10-14,0.029088475172201395
2014-10-15,-8.012547089679412e-05
2014-10-16,0.01864008204307908
2014-10-17,0.02304994325375199
2014-10-20,0.02743382656825461
2014-10-21,0.06027424024928108
2014-10-22,-0.023442202906908113
2014-10-23,0.028295659923594077
2014-10-24,0.020274512285232103
2014-10-27,0.005096773545903213
2014-10-28,0.02890432964933999
2014-10-29,0.0018918110165834685
2014-10-30,0.0007032121885552581
2014-10-31,0.06161785913709137
2014-11-03,0.000503312179332832
2014-11-04,-0.0008980439883273437
2014-11-05,-0.00024980361860717606
2014-11-06,0.0006088440850654001
2014-11-07,0.0004745906693763216
2014-11-10,0.00034838234688127853
2014-11-11,0.0006663816423918221
2014-11-12,0.0006823749963801968
2014-11-13,0.0012935112567465307
2014-11-14,0.0011774190724689324
2014-11-17,-0.0009437011410157072
2014-11-18,0.0019278984193424058
2014-11-19,0.01242157835992252
2014-11-20,0.0013253860698240352
2014-11-21,0.0006962501604972017
2014-11-24,-0.022882977490659928
2014-11-25,-0.0035688514916359213
2014-11-26,-0.01863192456401034
2014-11-28,0.025902236691287536
2014-12-01,0.04168757905248545
2014-12-02,0.002322569898813369
2014-12-03,0.0002779060663183644
2014-12-04,0.00027030191726819193
2014-12-05,-0.001668428422230517
2014-12-08,-0.0017209448762345722
2014-12-09,0.001118894271379066
2014-12-10,-0.0032975808279856506
2014-12-11,0.009350388614004675
2014-12-12,-0.0017183637220119356
2014-12-15,-0.015482412489013614
2014-12-16,-0.017121725029315568
2014-12-17,0.04776033134780709
2014-12-18,0.05528157579650859
2014-12-19,0.00014952153824907694
2014-12-22,-0.0009633766092518382
2014-12-23,0.00011456355964994169
2014-12-24,6.838897487815526e-05
2014-12-26,0.0011456575010947905
2014-12-29,0.0006393501567284899
2014-12-30,0.0006641034501120804
2014-12-31,-0.0003403083374010385
2015-01-02,0.002608004110896177
2015-01-05,-0.02595232038689884
2015-01-06,-0.026531029747382345
2015-01-07,0.03207528317997273
2015-01-08,0.04148325961457341
2015-01-09,-0.0080405357298271
2015-01-12,-0.020581130474745434
2015-01-13,-0.0005779842216749505
2015-01-14,-0.010389217579055225
2015-01-15,-0.02613073348822747
2015-01-16,0.023326313882337607
2015-01-20,0.014901778005951874
2015-01-21,0.003994623566740548
2015-01-22,0.03428070805098639
2015-01-23,-0.0004229831283425057
2015-01-26,0.004470586925862853
2015-01-27,-0.053943807143089176
2015-01-28,-0.004991428353174567
2015-01-29,0.018713810613286582
2015-01-30,-0.02232074228235905
2015-02-02,0.00984603577077962
2015-02-03,0.03295758097192599
2015-02-04,0.004949141446905565
2015-02-05,0.01860076633240077
2015-02-06,-0.009962424328403338
2015-02-09,8.977461828009296e-05
2015-02-10,-0.0005958799835917998
2015-02-11,-0.0002446739570856147
2015-02-12,-0.0011299224728696109
2015-02-13,0.00026328172966286347
2015-02-17,-0.001964070995526223
2015-02-18,0.0012562632450548665
2015-02-19,-9.914087406947972e-05
2015-02-20,-0.0006344507202421664
2015-02-23,0.0009404138336121515
2015-02-24,0.00045818621479156596
2015-02-25,-8.319319942056368e-05
2015-02-26,0.0012114671241618962
2015-02-27,0.00046204392331132923
2015-03-02,0.0015970205282285026
2015-03-03,-0.000660134226133201
2015-03-04,0.0007703609282245433
2015-03-05,0.0010922608769131886
2015-03-06,-0.0016758125715375088
2015-03-09,0.0005431293691657178
2015-03-10,0.0015536307974069472
2015-03-11,-0.003029026833562203
2015-03-12,0.02129992888084209
2015-03-13,-0.008320604939206042
2015-03-16,0.01957285549168824
2015-03-17,0.00017015479190733707
2015-03-18,0.0015172462028345704
2015-03-19,-0.0031603288365793505
2015-03-20,0.012407455826041506
2015-03-23,-0.0009689990288634224
2015-03-24,-0.006536416955461111
2015-03-25,-0.03139543165828766
2015-03-26,-0.02232446792383158
2015-03-27,0.042267557953210154
2015-03-30,0.023249267619396326
2015-03-31,-0.018933060808390148
2015-04-01,-0.007368537411979764
2015-04-02,0.003247448541544699
2015-04-06,0.011242366574708656
2015-04-07,0.00042350097845711735
2015-04-08,0.012994601744452411
2015-04-09,0.02208596356889763
2015-04-10,0.007157275532509962
2015-04-13,-0.00583072636145494
2015-04-14,-0.01482747610026816
2015-04-15,0.028383671754213247
2015-04-16,-0.007116645985168305
2015-04-17,-0.02944321550828968
2015-04-20,0.033372203564518386
2015-04-21,0.01306235002929064
2015-04-22,0.02330834845993595
2015-04-23,0.0004299242598649548
2015-04-24,-0.026081572589332108
2015-04-27,0.00611226682844177
2015-04-28,0.0016997186449387589
2015-04-29,-0.010450395439645838
2015-04-30,-0.014340895414619729
2015-05-01,0.0420285201136714
2015-05-04,-0.0019248918258596426
2015-05-05,-0.031558090526461524
2015-05-06,-0.003830152843314045
2015-05-07,0.016350014997176112
2015-05-08,0.001738707086087842
2015-05-11,-0.0006978489463189863
2015-05-12,-1.0432879404701292e-06
2015-05-13,0.008666779798341599
2015-05-14,0.018884630621594622
2015-05-15,0.0027965553471895254
2015-05-18,0.015999364562816767
2015-05-19,-0.000334640580731557
2015-05-20,0.0008615043565081771
2015-05-21,-0.00027211087076685163
2015-05-22,0.0008505138629357285
2015-05-26,0.00042492055425978246
2015-05-27,0.0024722511590286305
2015-05-28,6.408622477666287e-05
2015-05-29,1.473600668838749e-05
2015-06-01,0.004560041912404469
2015-06-02,-0.0010075673643387165
2015-06-03,0.00028902662526503566
2015-06-04,-0.0003900196057852074
2015-06-05,-0.0029815705863285077
2015-06-08,-0.0008750342930727577
2015-06-09,-0.0008411969265025779
2015-06-10,0.018452078396326746
2015-06-11,0.00017893491353173437
2015-06-12,-0.0003473305038501956
2015-06-15,0.0007564413203416649
2015-06-16,0.008142459191574266
2015-06-17,0.002751834288680721
2015-06-18,0.012667271458598396
2015-06-19,-0.011288787759557124
2015-06-22,0.010884042263543529
2015-06-23,0.002651454791267757
2015-06-24,-0.00031254724156115307
2015-06-25,-0.0015838181548061352
2015-06-26,-0.012026201069605773
2015-06-29,-0.042105071319708504
2015-06-30,0.006491139544239758
2015-07-01,0.006188806733552416
2015-07-02,0.00543328115841839
2015-07-06,-0.020382947661648918
2015-07-07,-0.0044658727311153185
2015-07-08,-0.045279431860502185
2015-07-09,-0.023507118778327455
2015-07-10,0.036008171142466586
2015-07-13,0.020853023203349984
2015-07-14,0.01701364210463887
2015-07-15,-0.010340250836639139
2015-07-16,0.003374974179730963
2015-07-17,-0.005420736777015716
2015-07-20,-0.01398764820950882
2015-07-21,0.00021646904218282017
2015-07-22,-0.037620168438070666
2015-07-23,0.021189671750700776
2015-07-24,-0.033106004572964684
2015-07-27,-0.015374536733946837
2015-07-28,0.036146808537356474
2015-07-29,0.00523957785532525
2015-07-30,0.00690320559578299
2015-07-31,-0.017636124070586214
2015-08-03,-0.006510226309188804
2015-08-04,-0.01759428706399398
2015-08-05,0.021085455686239676
2015-08-06,-0.029969245369947273
2015-08-07,0.007390299182243142
2015-08-10,0.04385692449529027
2015-08-11,-0.036789285252357945
2015-08-12,0.00959344032522522
2015-08-13,-0.01606933567766672
2015-08-14,-0.007378513876712741
2015-08-17,0.017342175144999635
2015-08-18,-0.032618477394395884
2015-08-19,-0.014953062998514694
2015-08-20,-0.06774746794404553
2015-08-21,-0.07402943413038081
2015-08-24,-0.041461143259180606
2015-08-25,-0.004002983656790478
2015-08-26,0.03939888535888077
2015-08-27,0.011915656727313293
2015-08-28,-0.00022653835274959454
2015-08-31,0.008161269298076776
2015-09-01,0.07900821016363052
2015-09-02,0.006913592200218541
2015-09-03,0.0019089352595764784
2015-09-04,-0.025856574173010655
2015-09-08,0.04314982240854527
2015-09-09,-0.023805501587804236
2015-09-10,0.009352764038351129
2015-09-11,0.008418800795573516
2015-09-14,-0.007215542066522377
2015-09-15,0.022282316434172913
2015-09-16,0.0011527235620000056
2015-09-17,0.0014296441719608998
2015-09-18,-0.02685172522350229
2015-09-21,0.009056823870933036
2015-09-22,-0.03605895571243186
2015-09-23,-0.011888325897544185
2015-09-24,-0.0029706825498798132
2015-09-25,0.0074156986546151165
2015-09-28,-0.026154689647136985
2015-09-29,0.0006081730098756925
2015-09-30,0.03720510570808217
2015-10-01,0.0076391717482466905
2015-10-02,0.02520701859583814
2015-10-05,0.03209404929381435
2015-10-06,-0.008381873302959877
2015-10-07,0.009528852374527254
2015-10-08,0.006234272822819552
2015-10-09,0.008062946410194897
2015-10-12,0.005128282372978018
2015-10-13,-0.011282723660926716
2015-10-14,0.05603829489296363
2015-10-15,0.02928582721382635
2015-10-16,0.007083659648988584
2015-10-19,0.010743290109131986
2015-10-20,-0.0021211810148807904
2015-10-21,-0.008350939204435156
2015-10-22,0.0371758750044592
2015-10-23,0.023351036847620382
2015-10-26,0.0001240416795647413
2015-10-27,0.0008104745729945061
2015-10-28,0.001067505291015432
2015-10-29,0.012577668910537635
2015-10-30,-0.000995154273576867
2015-11-02,0.0022042737006507506
2015-11-03,0.0007860983278623853
2015-11-04,-0.00036560850009782677
2015-11-05,-2.9747792194153943e-05
2015-11-06,-0.00016304806281618092
2015-11-09,-0.00024522465468215814
2015-11-10,0.0008394143900466702
2015-11-11,-0.0009129572521920119
2015-11-12,-0.0006263654476409689
2015-11-13,0.01510515571383589
2015-11-16,-0.010704233858549687
2015-11-17,-2.0480604866624527e-05
2015-11-18,0.004496810896046388
2015-11-19,6.062358135971855e-05
2015-11-20,0.001719987577219894
2015-11-23,-0.0008246127201730406
2015-11-24,-3.6460553991463773e-05
2015-11-25,0.0002189685110538233
2015-11-27,0.00047548207084985994
2015-11-30,-0.0009170322454632365
2015-12-01,0.0032045348985551172
2015-12-02,-0.0022062689923664086
2015-12-03,-0.004571727063628233
2015-12-04,0.0037350275179289186
2015-12-07,-0.001080733960373712
2015-12-08,-0.0003828061542291263
2015-12-09,-0.0013812831027166781
2015-12-10,0.00017293281181158783
2015-12-11,0.0012923330864789196
2015-12-14,0.00455750042933564
2015-12-15,-0.0018730343363279086
2015-12-16,-0.011790681703152908
2015-12-17,-0.0035780081612260036
2015-12-18,0.01781189022567393
2015-12-21,0.007654621769760367
2015-12-22,0.008960531202737492
2015-12-23,-0.006033607911520032
2015-12-24,0.0003397238443861537
2015-12-28,-0.0004604784932862386
2015-12-29,0.003531060137494565
2015-12-30,-0.002098977077810873
2015-12-31,0.0007465639528050165
2016-01-04,0.01643019130167842
2016-01-05,-0.002386651556730578
2016-01-06,-0.008650704475323616
2016-01-07,-0.035719816657439576
2016-01-08,-0.024490161177878923
2016-01-11,0.007312093332257587
2016-01-12,0.012098039267903744
2016-01-13,-0.03829950503321017
2016-01-14,0.029561254829044405
2016-01-15,-0.05942634948295475
2016-01-19,0.0017897289253718301
2016-01-20,0.011282934612858307
2016-01-21,0.020885762353224157
2016-01-22,0.07186192811164062
2016-01-25,-0.025186959490969957
2016-01-26,0.011479413660490524
2016-01-27,-0.02392252062105322
2016-01-28,0.02344180723124663
2016-01-29,0.07301625827071094
2016-02-01,0.0032968480684499894
2016-02-02,-0.03664779146622052
2016-02-03,-0.007944664944848316
2016-02-04,-0.0007302055335524398
2016-02-05,-0.0586740457427287
2016-02-08,-0.024621295633319225
2016-02-09,-0.007911039763152895
2016-02-10,0.007297550080667554
2016-02-11,0.0017889354857392502
2016-02-12,0.02514713436854096
2016-02-16,0.03882282643777023
2016-02-17,0.040893743095400656
2016-02-18,-0.020372639535938094
2016-02-19,0.005912399362191317
2016-02-22,0.028633051091816738
2016-02-23,-0.030322729217465972
2016-02-24,0.01782866899836258
2016-02-25,0.01718244696391704
2016-02-26,-0.0018910996039562945
2016-02-29,-0.016088882364454153
2016-03-01,0.057789401672380836
2016-03-02,0.0003126074814574555
2016-03-03,0.0005058516478013047
2016-03-04,-0.001142597345283941
2016-03-07,-0.0005146801807624102
2016-03-08,0.0003222048412123386
2016-03-09,0.000895549309122116
2016-03-10,-0.0009009415678082635
2016-03-11,-0.0019494230819648958
2016-03-14,-0.00014241897769258992
2016-03-15,0.0002084488563309364
2016-03-16,0.003887361718127977
2016-03-17,0.00011223112408128139
2016-03-18,0.0009016268893990232
2016-03-21,0.0018970230110611477
2016-03-22,0.00022183405692796963
2016-03-23,-0.0017402710357399497
2016-03-24,-0.00016652017347159036
2016-03-28,-7.434053862096979e-05
2016-03-29,0.005659876921895429
2016-03-30,0.0013740867436904966
2016-03-31,0.00017474775809815725
2016-04-01,0.02196189060093351
2016-04-04,-0.0015498589928148753
2016-04-05,-0.013782733547200865
2016-04-06,0.022399804702965827
2016-04-07,-0.0062891344431001955
2016-04-08,0.008040191771917959
2016-04-11,-0.0071926193046785904
2016-04-12,0.015836343057681924
2016-04-13,0.04049175188836892
2016-04-14,-3.9795749753318194e-05
2016-04-15,3.2130039881494705e-05
2016-04-18,0.0034218570671382636
2016-04-19,-0.020670573957927613
2016-04-20,0.015112852238861803
2016-04-21,0.00018119573215858462
2016-04-22,0.00014395743709514578
2016-04-25,-0.002006980127975464
2016-04-26,-0.007682248180697837
2016-04-27,-0.007137195881151029
2016-04-28,-0.022920296553263966
2016-04-29,-0.012993014258160962
2016-05-02,0.010745016523293002
2016-05-03,-0.013766485480165784
2016-05-04,-0.0063807029684392535
2016-05-05,-0.0003606055302070659
2016-05-06,0.015545390678613578
2016-05-09,0.000975979251721831
2016-05-10,0.02551564806464191
2016-05-11,-0.009072441945207175
2016-05-12,-0.028928918765144977
2016-05-13,0.0040557265626342
2016-05-16,0.02944163418531235
2016-05-17,-0.016124722473529862
2016-05-18,0.0074866655359879354
2016-05-19,-0.001088225770340666
2016-05-20,0.005685029659747601
2016-05-23,-0.0003258361454536396
2016-05-24,0.004498615748447396
2016-05-25,0.0022446040954780164
2016-05-26,0.0011634708341263108
2016-05-27,0.0008797220203296198
2016-05-31,0.0007836528169904794
2016-06-01,-0.00023495521958829694
2016-06-02,0.0010058576463733515
2016-06-03,0.00041163177221317966
2016-06-06,0.006730832416098311
2016-06-07,-0.0011499299009647098
2016-06-08,0.0009799314890629538
2016-06-09,-0.000697769717484925
2016-06-10,-0.022489169527688733
2016-06-13,-0.01690119800927735
2016-06-14,0.0002502411467500566
2016-06-15,-0.005862203448620334
2016-06-16,0.0050372332779389205
2016-06-17,-0.02273095330671786
2016-06-20,0.011953346978192409
2016-06-21,0.006480831408842505
2016-06-22,-0.004402676157236875
2016-06-23,0.027852168463529243
2016-06-24,-0.063102638833095
2016-06-27,-0.03027740954161517
2016-06-28,0.032234848160884254
2016-06-29,0.028644585447311778
2016-06-30,0.021154947565852254
2016-07-01,0.008725690054420697
2016-07-05,-0.02489589504530906
2016-07-06,0.004228882593148315
2016-07-07,0.018621664577024407
2016-07-08,0.04608359970448182
2016-07-11,0.019291638246191973
2016-07-12,0.02321022342399595
2016-07-13,0.0007119077411648238
2016-07-14,-0.0014264668940425548
2016-07-15,-0.00010389303531079121
2016-07-18,0.0005308917662669275
2016-07-19,0.0012057527043130695
2016-07-20,-0.0015029443904916624
2016-07-21,0.0016486699781390274
2016-07-22,-9.911070453142974e-05
2016-07-25,-0.0014271125627427828
2016-07-26,0.00028845872812466967
2016-07-27,0.001326558946447981
2016-07-28,0.0008447515929770479
2016-07-29,0.0015603927535035294
2016-08-01,0.0009762907643065382
2016-08-02,0.03830114453811375
2016-08-03,0.0006994011139949436
2016-08-04,0.0014414139174481453
2016-08-05,0.001303255553722626
2016-08-08,-0.00014774263521441993
2016-08-09,0.000526294797373071
2016-08-10,-7.54771007224567e-05
2016-08-11,-0.000971556371772497
2016-08-12,0.00021799239022228455
2016-08-15,0.0007019160711210332
2016-08-16,-0.0016865752022079419
2016-08-17,0.0006032692512793693
2016-08-18,0.0005406664336646181
2016-08-19,-0.0007502343075526138
2016-08-22,0.0003122198484618262
2016-08-23,0.00044441662012556255
2016-08-24,-0.0017709014760762297
2016-08-25,-0.0005821645633849858
2016-08-26,-0.00041767913264794537
2016-08-29,0.0008537103360974423
2016-08-30,-0.0006915764480476332
2016-08-31,-0.0003462637374046412
2016-09-01,0.0010045783800377783
2016-09-02,0.0008105529378196559
2016-09-06,0.00231397469306806
2016-09-07,8.713503692359419e-05
2016-09-08,-0.0022228399455078793
2016-09-09,-0.006560595487178556
2016-09-12,0.02405492443503018
2016-09-13,-0.02570035148574241
2016-09-14,-0.0008160551713749594
2016-09-15,0.01693285465770564
2016-09-16,-0.0057672539322653656
2016-09-19,-0.0002361108991347696
2016-09-20,0.0009847819447888755
2016-09-21,0.020346701866926258
2016-09-22,0.0015109151847030886
2016-09-23,-0.0010840494082164378
2016-09-26,-0.016453861055341478
2016-09-27,0.013414388988320732
2016-09-28,0.008837156272995776
2016-09-29,-0.017613748153794226
2016-09-30,0.01542622405164258
2016-10-03,-0.005711844138777373
2016-10-04,-0.007427276496347888
2016-10-05,-0.0002910469142783648
2016-10-06,1.6275278817241704e-05
2016-10-07,0.00012924385531642177
2016-10-10,0.0005782186997500925
2016-10-11,0.0008145256029214624
2016-10-12,0.0006715483038425545
2016-10-13,-0.00012862879955106757
2016-10-14,0.0010896368597659517
2016-10-17,0.000582126770835549
2016-10-18,0.010743039620666413
2016-10-19,0.004815223684164813
2016-10-20,-0.003506765270584217
2016-10-21,0.001330087730083352
2016-10-24,0.01041939510032765
2016-10-25,-0.000918654619412062
2016-10-26,-0.0018448926565971828
2016-10-27,-0.0012625874802960628
2016-10-28,-0.006286971341100978
2016-10-31,-0.0005825834622247302
2016-11-01,-0.013763687058415446
2016-11-02,-0.013022648221591483
2016-11-03,-0.015006188936807012
2016-11-04,-0.005427638018264083
2016-11-07,0.05614977233797236
2016-11-08,0.013066885815172248
2016-11-09,-0.00030306933031877656
2016-11-10,-0.001233552496675158
2016-11-11,-0.0013323577220884
2016-11-14,-0.00023791556911523237
2016-11-15,0.0010468633361775176
2016-11-16,0.00013852887609095465
2016-11-17,0.00025071860671348515
2016-11-18,-0.0005915173813217964
2016-11-21,-0.0004110275539870221
2016-11-22,0.00019378723502671755
2016-11-23,-0.0009702317007004298
2016-11-25,0.0007743592706617769
2016-11-28,-0.00011522546949278953
2016-11-29,0.0009865527494218986
2016-11-30,-0.0034864469876065493
2016-12-01,-0.00474826206693504
2016-12-02,0.001308628219375166
2016-12-05,0.0018741784684837704
2016-12-06,0.0006638213083091074
2016-12-07,0.003557945593883464
2016-12-08,0.00019451391313663946
2016-12-09,-0.004718528800985338
2016-12-12,0.005840188303575584
2016-12-13,0.009728932120580588
2016-12-14,-0.0041640209040805665
2016-12-15,0.00013264820257191212
2016-12-16,0.00034216928773002917
2016-12-19,0.001450507325330339
2016-12-20,-0.0002629822143799362
2016-12-21,-0.00010405033735292157
2016-12-22,-0.0006851474165232305
2016-12-23,0.0002605148442761005
2016-12-27,0.0009837667700703615
2016-12-28,-0.0015770644476729085
2016-12-29,0.0006542951015043665
2016-12-30,-0.002338860915496387
2017-01-03,0.014372252640407316
2017-01-04,0.0014782128848776926
2017-01-05,0.0021518990579317654
2017-01-06,0.001514617451520024
2017-01-09,0.00152731587247831
2017-01-10,0.0002908042082424642
2017-01-11,0.0010468032055370247
2017-01-12,-9.296563863704004e-05
2017-01-13,0.0005434415942445863
2017-01-17,-1.14513293027404e-05
2017-01-18,0.02086733816352506
2017-01-19,-0.0005194230293626694
2017-01-20,0.0011274027945945312
2017-01-23,0.0010853582122909797
2017-01-24,0.0011985123350920454
2017-01-25,0.002104850401270472
2017-01-26,0.006491073769352645
2017-01-27,-0.011716613640305091
2017-01-30,0.028572807385648345
2017-01-31,0.0005575405149585109
2017-02-01,0.0014535136770957263
2017-02-02,8.293576288909962e-05
2017-02-03,0.00044939529697176316
2017-02-06,0.0012720713003167312
2017-02-07,0.000866181585309847
2017-02-08,0.0011715031649275117
2017-02-09,0.00197837999133558
2017-02-10,0.0006116102575735212
2017-02-13,-0.03161078142582272
2017-02-14,-0.042330393653208065
2017-02-15,0.025870523723633146
2017-02-16,0.007442057964999011
2017-02-17,0.003704925314438638
2017-02-21,0.010491015425816704
2017-02-22,0.004341063391674008
2017-02-23,0.025963433676192065
2017-02-24,-0.011825722266538252
2017-02-27,0.008819107128906857
2017-02-28,0.025707187378425332
2017-03-01,0.0018842223275294982
2017-03-02,0.001575305540770163
2017-03-03,0.0007348367901858692
2017-03-06,-0.00046606145568726124
2017-03-07,-0.0007561439457184217
2017-03-08,-0.00019716861595140485
2017-03-09,-5.731127605599389e-05
2017-03-10,-0.00041586042046540185
2017-03-13,-0.00010860842366157681
2017-03-14,-0.00012051546633828068
2017-03-15,0.0015084663384877417
2017-03-16,-0.000662423811725883
2017-03-17,0.0006950714249134274
2017-03-20,0.0006814998589442277
2017-03-21,-0.00324203267571281
2017-03-22,0.005320376505105984
2017-03-23,-0.0025941701033742976
2017-03-24,-0.0006716082762159915
2017-03-27,-0.0016600669712203645
2017-03-28,0.01374041615512163
2017-03-29,0.0037136217632941786
2017-03-30,0.005120671283117095
2017-03-31,1.512027103181337e-05
2017-04-03,-0.0025128419200103834
2017-04-04,0.0013926659981964113
2017-04-05,-0.006818697423983218
2017-04-06,0.004935031473451414
2017-04-07,0.0062640235353881735
2017-04-10,0.0004809714986226235
2017-04-11,-0.013527220279803496
2017-04-12,-0.028175447217033293
2017-04-13,-0.011985298747921877
2017-04-17,0.023158490904027614
2017-04-18,0.004656327906534646
2017-04-19,0.007948511716580389
2017-04-20,0.015780341672941116
2017-04-21,-0.005070270146743693
2017-04-24,0.02169763423805514
2017-04-25,0.002789339204085412
2017-04-26,0.0012431448062727546
2017-04-27,0.0001192197611805949
2017-04-28,0.00047910318814124665
2017-05-01,-0.02349529739986477
2017-05-02,0.0028495019036480027
2017-05-03,0.02525770977468429
2017-05-04,-3.075067633495299e-05
2017-05-05,0.0011523881849357916
2017-05-08,-0.025331638125979317
2017-05-09,-0.002582715492470434
2017-05-10,0.0032495774669522733
2017-05-11,-0.002664010277953333
2017-05-12,-0.0005630842495241552
2017-05-15,-0.021555816405002075
2017-05-16,-0.009192242833052276
2017-05-17,0.1707443596835087
2017-05-18,0.008370659055244074
2017-05-19,0.012426244749209791
2017-05-22,0.01142745146572616
2017-05-23,0.0006277333143751972
2017-05-24,0.0020305401542055988
2017-05-25,0.003336355635714606
2017-05-26,0.00041530704434507423
2017-05-30,0.0005147550873310421
2017-05-31,-9.11691163755522e-05
2017-06-01,0.0028666822281715105
2017-06-02,0.00333507652772901
2017-06-05,0.0029167203075681973
2017-06-06,0.02390068113185076
2017-06-07,0.0012651286783280876
2017-06-08,1.816693371804543e-05
2017-06-09,-0.006522844578091325
2017-06-12,-0.00273799205825119
2017-06-13,0.0040499414957095685
2017-06-14,-0.000599472522713407
2017-06-15,-0.009149835318598575
2017-06-16,-0.005842087039689229
2017-06-19,0.031135622497990956
2017-06-20,-0.0017426319253876946
2017-06-21,0.005010636328293215
2017-06-22,8.163470147337823e-05
2017-06-23,0.0022149055367237528
2017-06-26,-0.014765238761026922
2017-06-27,-0.04915361933804727
2017-06-28,0.031959223866911704
2017-06-29,-0.04543485247553312
2017-06-30,-0.006881883032216144
2017-07-03,-0.024877117680330938
2017-07-05,0.034101465161081396
2017-07-06,-0.009629352785263997
2017-07-07,0.018303947131669572
2017-07-10,0.010803506459734536
2017-07-11,0.0038539763949456108
2017-07-12,0.02110583149014416
2017-07-13,0.003786738321623081
2017-07-14,0.0023611051205975316
2017-07-17,0.00021436916254823275
2017-07-18,0.006418960293353975
2017-07-19,0.014879589664979695
2017-07-20,0.0003925124710275294
2017-07-21,0.00038252139255063775
2017-07-24,-0.002613555370672955
2017-07-25,-0.0012893515804328361
2017-07-26,0.0015764280841189483
2017-07-27,-0.0016634830765170868
2017-07-28,-0.004966842565936752
2017-07-31,-0.013346752676665359
2017-08-01,0.009466090187026426
2017-08-02,-0.009279545744919685
2017-08-03,-0.007822009774816122
2017-08-04,0.0014591135213977385
2017-08-07,0.028762019739746833
2017-08-08,-0.005697498986573537
2017-08-09,-0.005139914582665852
2017-08-10,-0.05245311663607749
2017-08-11,0.010518722592149053
2017-08-14,0.0446165084385147
2017-08-15,0.003967683667578062
2017-08-16,0.0031771637996139777
2017-08-17,-0.05014659074653724
2017-08-18,-0.003383928855001581
2017-08-21,0.001409528502636992
2017-08-22,0.021135001793903683
2017-08-23,0.004831999326707612
2017-08-24,-0.004746342604504289
2017-08-25,0.0033599639752429204
2017-08-28,0.0008758978911419608
2017-08-29,0.0026780141911311645
2017-08-30,0.011567333882883996
2017-08-31,0.012647657418868
2017-09-01,0.0027517969107072344
2017-09-05,-0.015441243033358299
2017-09-06,0.0066960930085186105
2017-09-07,0.00018520425311940308
2017-09-08,-0.004572258899118625
2017-09-11,0.03507677755753689
2017-09-12,0.008019987834652452
2017-09-13,3.681783641599199e-05
2017-09-14,-0.0014151611313052632
2017-09-15,0.0006401403020381471
2017-09-18,-0.0006860795533835221
2017-09-19,0.0003950313950759909
2017-09-20,-3.2765672597804196e-05
2017-09-21,-0.0013536141841279147
2017-09-22,0.0004472308362327697
2017-09-25,-0.002023444123936412
2017-09-26,0.004709529875541772
2017-09-27,0.004445991481041316
2017-09-28,9.793441977824414e-05
2017-09-29,0.0014316903830839973
2017-10-02,0.0005656814831439074
2017-10-03,-0.0019122942680383213
2017-10-04,0.004517906901452708
2017-10-05,-0.0195197156314476
2017-10-06,9.347481153919993e-05
2017-10-09,0.02062975027144408
2017-10-10,-0.00040657765732003616
2017-10-11,-0.010922056929175339
2017-10-12,-0.005472601920605334
2017-10-13,0.0014490790147097389
2017-10-16,0.00026051886554133153
2017-10-17,0.00031659268113784625
2017-10-18,-0.0006068797403287092
2017-10-19,-0.007170904062298521
2017-10-20,-0.01815838068935049
2017-10-23,0.03127522935779816
2017-10-24,0.00024129855862200204
2017-10-25,-0.0011899583143482977
2017-10-26,-0.0008599481324930829
2017-10-27,0.0077660056159775575
2017-10-30,-0.00010946394932306088
2017-10-31,-0.0006304927167630097
2017-11-01,-0.00023498503411969806
2017-11-02,-0.00035811318265885936
2017-11-03,0.0020351356668811844
2017-11-06,0.0011793173565220203
2017-11-07,-0.00012102356948924487
2017-11-08,0.0016164347519098624
2017-11-09,0.012992716855951532
2017-11-10,-0.0003520656364438508
2017-11-13,0.00012442354334919216
2017-11-14,-0.000696718133673784
2017-11-15,-0.0012534555580597225
2017-11-16,0.0031156155806651184
2017-11-17,-0.0012559056326317995
2017-11-20,-0.0004986203883514687
2017-11-21,0.0025315768916934858
2017-11-22,0.0010061879911597764
2017-11-24,0.0008911782526713673
2017-11-27,-5.063429454006945e-05
2017-11-28,0.0006757256554392949
2017-11-29,-0.004640657623520439
2017-11-30,0.0015786996055970146
2017-12-01,0.027622207159625725
2017-12-04,-0.0032410651559149394
2017-12-05,7.123775795985708e-05
2017-12-06,0.0014219453083529226
2017-12-07,0.0009662593136689459
2017-12-08,0.0011307218046049282
2017-12-11,0.0015434186559289665
2017-12-12,-0.0003710249652965981
2017-12-13,0.0013648435068649952
2017-12-14,-0.001470306708831095
2017-12-15,0.024950427961737427
2017-12-18,0.002033103475592188
2017-12-19,-0.0018887092125683428
2017-12-20,-0.0003376868766316765
2017-12-21,-3.909720941335716e-05
2017-12-22,0.00041628390694201404
2017-12-26,0.00038108196197369365
2017-12-27,0.0005331919082673252
2017-12-28,-5.007195961945145e-06
2017-12-29,0.00014348461810603877
2018-01-02,0.00011760743629603775
2018-01-03,0.00038064000722769345
2018-01-04,9.148097801976019e-06
2018-01-05,0.0025423591755383674
2018-01-08,-0.012235817575083427
2018-01-09,0.01052113246959109
2018-01-10,-0.009845018327184858
2018-01-11,-0.0063703281164303165
2018-01-12,-6.0594205666083315e-05
2018-01-16,0.06110163409063142
2018-01-17,-0.007993916790484898
2018-01-18,0.004698372323958021
2018-01-19,-0.004612482802431545
2018-01-22,-0.022722919773161338
2018-01-23,0.018359823638699622
2018-01-24,0.02405829726999902
2018-01-25,0.018773259888313666
2018-01-26,-0.0074967946857664785
2018-01-29,0.07302660759996564
2018-01-30,-0.0020926581144650376
2018-01-31,0.0009970589092515858
2018-02-01,-0.002549674260695069
2018-02-02,-0.004918461005860527
2018-02-05,-0.008072391990574749
2018-02-06,0.01833103608259252
2018-02-07,-0.005335210860633665
2018-02-08,0.01057448315188526
2018-02-09,0.007883778846702905
2018-02-12,0.01526742003480353
2018-02-13,0.0029953510812293265
2018-02-14,0.017302920538310722
2018-02-15,-0.005282255026174885
2018-02-16,0.0017184655052083601
2018-02-20,-0.0006889880947754349
2018-02-21,-0.000714636906373582
2018-02-22,0.00018957440015552097
2018-02-23,0.005371085199739312
2018-02-26,0.003446328980961215
2018-02-27,-0.003861851676928182
2018-02-28,-0.0014406642204116723
2018-03-01,-0.0031334592227588694
2018-03-02,0.00978468934856759
2018-03-05,0.019811312021205455
2018-03-06,0.0009062065767037034
2018-03-07,0.0006125290793665729
2018-03-08,0.0016927686964709882
2018-03-09,0.004402211946997263
2018-03-12,0.0016611653864636346
2018-03-13,-0.0032848971549588844
2018-03-14,-8.984581772673819e-06
2018-03-15,-0.00019385064657428713
2018-03-16,-0.0011524194253604387
2018-03-19,-0.005450990621124311
2018-03-20,0.0003875756800863692
2018-03-21,-0.0006013537184581124
2018-03-22,-0.03908291908261148
2018-03-23,-0.04162043065634197
2018-03-26,0.04100769975565744
2018-03-27,-0.017857436973023964
2018-03-28,-0.004850419698713476
2018-03-29,0.024149224396736356
2018-04-02,-0.04872715632841248
2018-04-03,0.021699512590708986
2018-04-04,0.0276275555223145
2018-04-05,0.009550357628867648
2018-04-06,-0.05814667012433405
2018-04-09,0.01245665341648669
2018-04-10,0.05799560965539009
2018-04-11,-0.0026600033272750827
2018-04-12,0.023547242579215637
2018-04-13,-0.006379746665361993
2018-04-16,0.014845845417766085
2018-04-17,0.0107625103136477
2018-04-18,-0.00019534752835206692
2018-04-19,-0.002435458803134201
2018-04-20,-0.004312985220320523
2018-04-23,-0.0007779655673533271
2018-04-24,-0.004930855221546346
2018-04-25,-0.0016551580700964457
2018-04-26,0.031041279683802134
2018-04-27,0.0003907314026486858
2018-04-30,-0.01653929382682729
2018-05-01,0.024605288926487185
2018-05-02,0.0010365531909986429
2018-05-03,0.009067861240986368
2018-05-04,0.044022618854569276
2018-05-07,0.002109734958715457
2018-05-08,-0.0003256829489545921
2018-05-09,0.002379210410772676
2018-05-10,0.002760472626630616
2018-05-11,-0.00020967911324848247
2018-05-14,0.000372670240278342
2018-05-15,-0.0034194879597218997
2018-05-16,0.0015194159804215825
2018-05-17,-0.0007336694644554132
2018-05-18,0.000791746703496997
2018-05-21,-4.3701776400102426e-05
2018-05-22,-0.0001486556503669442
2018-05-23,0.00154511330170327
2018-05-24,0.0010560187181907392
2018-05-25,-0.0034114091087484107
2018-05-29,-0.020427383098787305
2018-05-30,0.02404423586801982
2018-05-31,-0.012071096681767798
2018-06-01,0.02206675620916659
2018-06-04,0.009212308631240377
2018-06-05,0.0013955920903054944
2018-06-06,0.001060294537927351
2018-06-07,0.011296766741445662
2018-06-08,4.3318529657149826e-06
2018-06-11,-3.144124951801847e-05
2018-06-12,-0.00034217084677687316
2018-06-13,-0.000510630343070817
2018-06-14,0.00293585242014823
2018-06-15,-0.0005440502878324861
2018-06-18,-2.4839549375120086e-05
2018-06-19,-0.00033916201448823684
2018-06-20,0.009443185393448105
2018-06-21,-0.020903210198177983
2018-06-22,-0.011687483600184201
2018-06-25,-0.05275329492236592
2018-06-26,0.0066448707738591805
2018-06-27,-0.040874872540724236
2018-06-28,0.015487926203287566
2018-06-29,0.0031499300361364645
2018-07-02,0.010943988288060067
2018-07-03,-0.030575349403889958
2018-07-05,0.04253986450388973
2018-07-06,0.02420954423266244
2018-07-09,0.013641463262757905
2018-07-10,0.01566431785659705
2018-07-11,-0.040628371776821076
2018-07-12,0.015010394966822492
2018-07-13,-0.005966531876258144
2018-07-16,-0.002712823156794061
2018-07-17,0.023128989691461318
2018-07-18,0.010263302761108102
2018-07-19,-0.00475153932395661
2018-07-20,-0.0074334117423502065
2018-07-23,0.0025726204738946643
2018-07-24,-0.015980215085986314
2018-07-25,0.007564884631823756
2018-07-26,0.027074809866347145
2018-07-27,1.3437310082709808e-05
2018-07-30,-0.023153355152436914
2018-07-31,0.006709917749157563
2018-08-01,0.01271277370357124
2018-08-02,0.023524053077545914
2018-08-03,0.00398205028607161
2018-08-06,0.011955271631951345
2018-08-07,0.014133131290990926
2018-08-08,0.00039451821648832906
2018-08-09,0.00014981244373721677
2018-08-10,-0.039261272388911875
2018-08-13,0.0014125624328160495
2018-08-14,0.0016600836970775805
2018-08-15,-0.026714708511128647
2018-08-16,-0.0017657851603299674
2018-08-17,-0.011076473949507781
2018-08-20,-0.0015832656972068143
2018-08-21,0.030546461880515376
2018-08-22,0.008474290083735365
2018-08-23,0.00099132918586039
2018-08-24,0.026172308694940704
2018-08-27,0.028860807952632746
2018-08-28,0.006705710753405383
2018-08-29,0.007005108648629287
2018-08-30,1.4177228818397752e-05
2018-08-31,0.008953905832562024
2018-09-04,0.010510460911368561
2018-09-05,-0.010368057356956853
2018-09-06,-0.014606979353956209
2018-09-07,-0.007990326851017162
2018-09-10,0.01676686265249644
2018-09-11,-0.011091525605169971
2018-09-12,-0.017860193485889148
2018-09-13,0.020093116184388842
2018-09-14,0.015322602472261975
2018-09-17,-0.0036248574225962423
2018-09-18,0.004075617522847425
2018-09-19,0.00011619021368705144
2018-09-20,-0.0006909017846947344
2018-09-21,-9.79026181301113e-05
2018-09-24,-0.00014351021302161577
2018-09-25,0.0004001099258266094
2018-09-26,0.0003649766956290164
2018-09-27,0.008618394569891354
2018-09-28,0.009132114399567702
2018-10-01,0.004618734088401179
2018-10-02,0.00032042791878430425
2018-10-03,0.0007670887108861671
2018-10-04,-0.0050487979241574926
2018-10-05,-0.035307232480536375
2018-10-08,-0.017855096025237892
2018-10-09,-0.00034159645565542555
2018-10-10,-0.06269985190959607
2018-10-11,-0.017525668774497488
2018-10-12,0.013749150664537062
2018-10-15,-0.005559594163489796
2018-10-16,0.02135944720379298
2018-10-17,-0.0057699434405051025
2018-10-18,-0.04019903860631642
2018-10-19,-0.02394992183609226
2018-10-22,0.009678601336153145
2018-10-23,-0.01014145802134453
2018-10-24,-0.07188613989530325
2018-10-25,0.038762342993856135
2018-10-26,-0.030563036628375072
2018-10-29,-0.01598034526646797
2018-10-30,0.06547162743802637
2018-10-31,0.001437187122626759
2018-11-01,0.07166202755979408
2018-11-02,-0.011664848246224043
2018-11-05,0.012875131225810337
2018-11-06,0.006761844913663081
2018-11-07,0.058576641656474665
2018-11-08,-0.008255214489191358
2018-11-09,-0.0316941075694746
2018-11-12,-0.08064063964957467
2018-11-13,0.01834783578326034
2018-11-14,0.010156603160222096
2018-11-15,0.04176241976012464
2018-11-16,-0.0060989592849463245
2018-11-19,-0.05563823068660878
2018-11-20,-0.03638036741570739
2018-11-21,0.008553667624138629
2018-11-23,-0.00986381137209387
2018-11-26,0.02123692904093391
2018-11-27,0.004261241793872692
2018-11-28,0.05989312412076741
2018-11-29,-0.015390941865978773
2018-11-30,0.016764119463629566
2018-12-03,0.04136940732109508
2018-12-04,-0.07819063414758486
2018-12-06,0.005149569646851656
2018-12-07,-0.058510691712333585
2018-12-10,0.02255941233249927
2018-12-11,-0.00016054242218023365
2018-12-12,0.009047344837316507
2018-12-13,-0.0004311063038704647
2018-12-14,-0.032583997392364776
2018-12-17,-0.02436818528004318
2018-12-18,-0.000480844073840399
2018-12-19,-0.02732095273375589
2018-12-20,-0.02398305432642967
2018-12-21,-0.00951191041561768
2018-12-24,-0.012421681472664097
2018-12-26,0.04940408191697053
2018-12-27,0.01247617066420469
2018-12-28,-0.0016582763929727203
2018-12-31,0.01165534376032398
2019-01-02,0.0005508846651271523
2019-01-03,-0.029737488975047816
2019-01-04,0.037636896280264426
2019-01-07,0.014780100520112128
2019-01-08,0.01566168501236154
2019-01-09,0.019768555334857864
2019-01-10,0.007783575004364363
2019-01-11,-0.0021798345954614183
2019-01-14,-0.015612828914187657
2019-01-15,0.02540089712938148
2019-01-16,0.0012671360402639676
2019-01-17,0.012372171098237697
2019-01-18,0.02433850472152731
2019-01-22,-0.030806709175463944
2019-01-23,0.005232372506962745
2019-01-24,0.08778197363362547
2019-01-25,0.024673424775567377
2019-01-28,-0.023601359549780345
2019-01-29,-0.01689107301134436
2019-01-30,0.05100577818662943
2019-01-31,0.02606266969373595
2019-02-01,0.007994669844172705
2019-02-04,0.027323373381280564
2019-02-05,0.017622966921419916
2019-02-06,0.0032624257279389836
2019-02-07,-0.027126980163452153
2019-02-08,0.0036242138851913953
2019-02-11,-0.0014039778905458804
2019-02-12,0.02508692030461994
2019-02-13,0.0013680763541156357
2019-02-14,0.002441071390122485
2019-02-15,0.00807712752751135
2019-02-19,0.0039991382850596115
2019-02-20,-0.00048692036177303997
2019-02-21,-0.00752679577730626
2019-02-22,0.014589597538525463
2019-02-25,0.0073706172683686766
2019-02-26,0.0020908721305082827
2019-02-27,-0.001889239409066031
2019-02-28,7.371581693276538e-05
2019-03-01,0.016541787810800422
2019-03-04,0.00027071076202583736
2019-03-05,0.0006915557817201951
2019-03-06,-0.024295832156432065
2019-03-07,-0.017664666077024355
2019-03-08,-0.0009337086345603372
2019-03-11,0.03786732838351131
2019-03-12,0.007005373064462201
2019-03-13,0.009650768064605287
2019-03-14,-0.009121547170273721
2019-03-15,0.04638992714402288
2019-03-18,-0.0019199839046244492
2019-03-19,0.021689882451873817
2019-03-20,-0.004982353844030604
2019-03-21,0.05856674378405412
2019-03-22,0.058669548184836995
2019-03-25,-0.0019238736765777485
2019-03-26,0.013551985951926757
2019-03-27,-0.0248313305493757
2019-03-28,-0.0010037855864720793
2019-03-29,0.026005793028450155
2019-04-01,0.0429065287809533
2019-04-02,0.0026739031602755667
2019-04-03,0.03665736749173835
2019-04-04,0.0037850823544530025
2019-04-05,0.009000466654308405
2019-04-08,0.0007077438565184341
2019-04-09,-0.0006914896187199472
2019-04-10,0.01503362133567458
2019-04-11,-0.0012372501675591
2019-04-12,0.0024743704996009674
2019-04-15,0.00013124061396647778
2019-04-16,0.0006437418826507099
2019-04-17,0.001116711075953101
2019-04-18,0.0005979291088328753
2019-04-22,0.0006782539838958148
2019-04-23,0.0007631061667433005
2019-04-24,0.017371270338621504
2019-04-25,0.008090217603602652
2019-04-26,-0.017553653673739858
2019-04-29,0.009282206759008451
2019-04-30,0.010455473139383619
2019-05-01,-0.013323110429693174
2019-05-02,-0.004337745224467119
2019-05-03,0.01818962813871836
2019-05-06,-0.0009801297628515243
2019-05-07,-0.04554212711484908
2019-05-08,-0.0033004409732456295
2019-05-09,-0.007150686238548674
2019-05-10,0.008621359908624752
2019-05-13,-0.0879275635654981
2019-05-14,0.027216434374661244
2019-05-15,0.024328949618239382
2019-05-16,-0.023224273654526183
2019-05-17,-0.03060069702088306
2019-05-20,-0.06837153389163474
2019-05-21,0.035254175510255836
2019-05-22,-0.03263768865635644
2019-05-23,-0.03188299574169434
2019-05-24,-0.01224565879992603
2019-05-28,-0.01443097271898706
2019-05-29,0.0015585765183870007
2019-05-30,0.01542288972511085
2019-05-31,-0.029680204845331327
2019-06-03,-0.016672881236106833
2019-06-04,0.047392932329572944
2019-06-05,0.013955607568721863
2019-06-06,0.022427626447788205
2019-06-07,0.025333103547074062
2019-06-10,0.045012131341361034
2019-06-11,0.004562057072802215
2019-06-12,-0.039464505617425996
2019-06-13,0.01249326511998337
2019-06-14,-0.0422762295292587
2019-06-17,-0.006711083823101448
2019-06-18,0.07028459253286128
2019-06-19,0.002839074149408652
2019-06-20,0.018640433369397885
2019-06-21,-0.011287658323299069
2019-06-24,0.0033751245488287214
2019-06-25,-0.030051354287929086
2019-06-26,0.04949105240316198
2019-06-27,0.024896662228467297
2019-06-28,0.002757004847992195
2019-07-01,0.02665994800067261
2019-07-02,0.00811050723019829
2019-07-03,-0.004018489762088722
2019-07-05,-0.008905910804533814
2019-07-08,-0.014008540855585033
2019-07-09,0.012590128304772848
2019-07-10,0.013400163971639234
2019-07-11,0.0033953070898908424
2019-07-12,0.03055681355603665
2019-07-15,0.00030872771795141703
2019-07-16,7.854611204562612e-06
2019-07-17,0.0015769786564365032
2019-07-18,0.023701692564714293
2019-07-19,-0.015761145777005502
2019-07-22,0.015705043837510337
2019-07-23,0.01365842370926762
2019-07-24,0.0019041054402464442
2019-07-25,-0.0028296257189159408
2019-07-26,0.0025398562127124037
2019-07-29,-0.0007716149771367498
2019-07-30,-0.0009931949292498266
2019-07-31,-0.0035166473874057077
2019-08-01,-0.009497664316262162
2019-08-02,-0.01642353127252986
2019-08-05,-0.06067677607160144
2019-08-06,0.019916083392429867
2019-08-07,0.0007461568496139608
2019-08-08,0.0237493441297845
2019-08-09,-0.00870033047995928
2019-08-12,-0.01920243632869196
2019-08-13,0.02752055608082394
2019-08-14,-0.0587062195250301
2019-08-15,0.003995187491181863
2019-08-16,0.02913984340523249
2019-08-19,0.02481919662593082
2019-08-20,-0.015514654370863006
2019-08-21,0.016326203978628995
2019-08-22,-0.0015516319900280124
2019-08-23,-0.04523209993160978
2019-08-26,0.019704086901615386
2019-08-27,-0.005939485169243878
2019-08-28,0.01218083505120152
2019-08-29,0.02663228484646658
2019-08-30,-0.004726451189174794
2019-09-03,-0.01938265117263195
2019-09-04,0.028080614399891086
2019-09-05,0.036810764984089195
2019-09-06,-0.0019069217734138863
2019-09-09,-0.004265604561469096
2019-09-10,-0.005622857404927421
2019-09-11,0.0008234487834961916
2019-09-12,-0.0008685361266516518
2019-09-13,-0.002008346379578667
2019-09-16,0.0020956938574949874
2019-09-17,-0.00034509475761658
2019-09-18,0.00011954095651171837
2019-09-19,-0.00012529258388567092
2019-09-20,0.0018811701600974732
2019-09-23,0.0011170512883221994
2019-09-24,-0.023462092323563343
2019-09-25,0.018894821598034434
2019-09-26,-0.005709854543338187
2019-09-27,-0.02434561961151654
2019-09-30,0.017982484355963547
2019-10-01,-0.016134359208662574
2019-10-02,-0.03399992102884532
2019-10-03,0.016685010066050887
2019-10-04,0.02718149252138378
2019-10-07,-0.008255365647054686
2019-10-08,-0.0311297087870246
2019-10-09,0.01833327400154606
2019-10-10,0.013787697407809791
2019-10-11,0.021052652991036286
2019-10-14,-0.001419664834378319
2019-10-15,0.020825704267876985
2019-10-16,0.0003506225249071612
2019-10-17,0.003362814402463888
2019-10-18,-0.015301410923246687
2019-10-21,0.01900607288506108
2019-10-22,0.0009143627349698194
2019-10-23,0.00200430174407459
2019-10-24,0.022175877152848838
2019-10-25,0.019427675338055155
2019-10-28,0.002010251330338374
2019-10-29,-0.0018024467251702065
2019-10-30,0.0018520360701087934
2019-10-31,0.001554118912518454
2019-11-01,0.03666046164159945
2019-11-04,0.0008208669298073793
2019-11-05,-0.0005562700780553525
2019-11-06,0.0008352996005122973
2019-11-07,-0.0017341138122618852
2019-11-08,0.0001021677883787366
2019-11-11,-0.0003151316816324233
2019-11-12,0.0005434663828352067
2019-11-13,0.0007161860702759716
2019-11-14,0.0008348353820279967
2019-11-15,-0.0008145823656060267
2019-11-18,-0.0010048917225968232
2019-11-19,0.007388812889650339
2019-11-20,0.007015309752345034
2019-11-21,-0.017818543209337186
2019-11-22,-0.00012305030674280838
2019-11-25,0.038786324595274084
2019-11-26,0.0008994984468184143
2019-11-27,0.0012355322573615632
2019-11-29,0.014740168095741166
2019-12-02,-0.0027535822091389437
2019-12-03,-0.02432443786492056
2019-12-04,0.026019870642365998
2019-12-05,0.00631257359363646
2019-12-06,0.02586106558249116
2019-12-09,-0.0010719514403292722
2019-12-10,-0.0006611411870063048
2019-12-11,0.0021050193214860796
2019-12-12,0.000928835001200719
2019-12-13,0.001339102229180053
2019-12-16,-0.0009275548395201959
2019-12-17,0.0005158578187764874
2019-12-18,0.0002810237087021485
2019-12-19,0.001818614586638996
2019-12-20,0.004185989450173291
2019-12-23,0.0014325083503018607
2019-12-24,-0.0037002432083204917
2019-12-26,-0.0006145656722366573
2019-12-27,0.00840986564179454
2019-12-30,0.014309864074048497
2019-12-31,0.00034993308726369185
2020-01-02,0.004596883249713645
2020-01-03,0.036686952380809136
2020-01-06,-0.014340803687958252
2020-01-07,0.025346082487705226
2020-01-08,0.002798774296242287
2020-01-09,0.002208565386582735
2020-01-10,-0.00040260872891853696
2020-01-13,0.0027129505846860513
2020-01-14,-0.004433461425906629
2020-01-15,0.00046214073511925067
2020-01-16,0.027422434918200702
2020-01-17,0.0014449778490509164
2020-01-21,0.005767777642647337
2020-01-22,0.016121795227921176
2020-01-23,0.008296995376093819
2020-01-24,0.026355237708082152
2020-01-27,-0.06716942031664594
2020-01-28,0.04071804348801762
2020-01-29,-0.0267035879469686
2020-01-30,2.5795144225943152e-05
2020-01-31,-0.05976297094132809
2020-02-03,0.023331081983185117
2020-02-04,0.052841699474226816
2020-02-05,0.034791873503678614
2020-02-06,0.0018833521164146687
2020-02-07,-0.03431720353012111
2020-02-10,0.02496645941930561
2020-02-11,0.030594682343494137
2020-02-12,0.024993599090538242
2020-02-13,0.0017881732876945408
2020-02-14,-0.0028106476992153483
2020-02-18,-0.01903746017866674
2020-02-19,0.04243715898541514
2020-02-20,0.0033049973830801653
2020-02-21,-0.0522695524220623
2020-02-24,-0.08712589345267112
2020-02-25,-0.054694744726949816
2020-02-26,-0.004939130152916442
2020-02-27,-0.06841657233155733
2020-02-28,-0.005096931965982763
2020-03-02,0.04074570257398072
2020-03-03,0.011248380110108647
2020-03-04,-0.00513104576808052
2020-03-05,-0.04313999785524337
2020-03-06,0.034143504709209245
2020-03-09,0.06494601122836355
2020-03-10,0.08304165530807818
2020-03-11,0.10996545808272107
2020-03-12,0.1203590386114533
2020-03-13,-0.025493510733060293
2020-03-16,0.25601684830366855
2020-03-17,0.1041604876245678
2020-03-18,0.16074470913494124
2020-03-19,0.04788436480333061
2020-03-20,0.13756353109757938
2020-03-23,0.07046612522265244
2020-03-24,0.14372759205204153
2020-03-25,0.023609668873872832
2020-03-26,0.07532165648326385
2020-03-27,-0.04263368708363485
2020-03-30,0.04317776515196411
2020-03-31,-0.023275441610600064
2020-04-01,-0.06356811157157242
2020-04-02,0.029815028109506
2020-04-03,-0.023787752773371
2020-04-06,0.11829185173369403
2020-04-07,0.0004351539158533312
2020-04-08,0.06301753666532263
2020-04-09,0.029890552555720564
2020-04-13,0.017090295625571666
2020-04-14,0.07465035249272273
2020-04-15,-0.03681238200829044
2020-04-16,0.008943132604287142
2020-04-17,0.044351877220467656
2020-04-20,-0.03547403615408395
2020-04-21,-0.0763158955144988
2020-04-22,0.08410105760498844
2020-04-23,0.00038310755321395266
2020-04-24,0.023876610939988833
2020-04-27,0.02495534582027735
2020-04-28,-0.009531952021071982
2020-04-29,0.06774659501268998
2020-04-30,-0.018767845817279527
2020-05-01,-0.08196140695960454
2020-05-04,0.015067086441656592
2020-05-05,0.026617588280716618
2020-05-06,0.014765746281625837
2020-05-07,0.021404937037525135
2020-05-08,0.04733556440466303
2020-05-11,0.0011195576936815109
2020-05-12,-0.03580572241394797
2020-05-13,-0.028656105996451582
2020-05-14,0.021193947607752332
2020-05-15,0.00738981201405282
2020-05-18,0.0755904519931656
2020-05-19,-0.0083656423252927
2020-05-20,0.028992280716468123
2020-05-21,-0.013386952241565565
2020-05-22,0.008666500819360726
2020-05-26,0.016360092186006498
2020-05-27,0.02550791463873834
2020-05-28,-0.035162685139797235
2020-05-29,0.039459094710554685
2020-06-01,-0.006150206026804076
2020-06-02,0.03594137330744039
2020-06-03,0.04938140908102001
2020-06-04,-0.0005330335596259489
2020-06-05,0.0037306164826426016
2020-06-08,0.01658143625448883
2020-06-09,0.03799857626555118
2020-06-10,-0.0012710205661624905
2020-06-11,0.25059278842959476
2020-06-12,0.016992016689074314
2020-06-15,0.010572589770705213
2020-06-16,0.02582822831681853
2020-06-17,0.0005795564369392681
2020-06-18,0.00043595490787279095
2020-06-19,7.482704314387325e-05
2020-06-22,0.010800172809312732
2020-06-23,1.7132414213367596e-05
2020-06-24,-0.04935885890878741
2020-06-25,0.02001743380335373
2020-06-26,-0.04714216387725449
2020-06-29,0.027990728188251508
2020-06-30,0.028170902436223985
2020-07-01,0.013843205057068928
2020-07-02,0.010978666423671037
2020-07-06,0.033250975811786786
2020-07-07,-0.004185118680748987
2020-07-08,0.016812949946338394
2020-07-09,-0.007873809171271293
2020-07-10,0.019585857386892915
2020-07-13,-0.0073073714314857985
2020-07-14,0.024170373765745587
2020-07-15,0.0028638431413730778
2020-07-16,-0.002535581687014086
2020-07-17,0.0069362267839681345
2020-07-20,0.04714011005223308
2020-07-21,-0.0019580186246209897
2020-07-22,0.0022442345702299764
2020-07-23,-0.009484545015193455
2020-07-24,-0.02291250319743969
2020-07-27,0.031093189054849386
2020-07-28,-0.006246963611768499
2020-07-29,0.026654275840545562
2020-07-30,0.01078027487888962
2020-07-31,0.04540813749601111
2020-08-03,0.034870614654128176
2020-08-04,0.007525349326667862
2020-08-05,0.011668711311413178
2020-08-06,0.0049823727550569324
2020-08-07,-0.0027853362100774
2020-08-10,-0.0022520900108175448
2020-08-11,-0.009567411219062726
2020-08-12,0.012307704372019456
2020-08-13,0.0008872554433291918
2020-08-14,-0.00036042053560184767
2020-08-17,0.00032108017963820466
2020-08-18,-0.0003842898975202244
2020-08-19,-4.181545625693323e-05
2020-08-20,-0.0001920209677719195
2020-08-21,0.00040103670806561364
2020-08-24,-6.792388096293333e-05
2020-08-25,-0.0007357996721780344
2020-08-26,0.0054250018269785824
2020-08-27,0.022590975868660972
2020-08-28,-0.0027189754879322833
2020-08-31,0.03730279153231569
2020-09-01,0.013612568882635666
2020-09-02,0.019319086403571686
2020-09-03,0.10843705437841421
2020-09-04,-0.01673901706481236
2020-09-08,0.0010351377915712443
2020-09-09,0.03663880281873619
2020-09-10,-0.017236469219378305
2020-09-11,-0.000677223106676223
2020-09-14,0.02831187075315943
2020-09-15,0.019944555104081687
2020-09-16,-0.021436546643851657
2020-09-17,-0.012439343608656889
2020-09-18,-0.022199429474348754
2020-09-21,0.006948428791801888
2020-09-22,0.0220118339327802
2020-09-23,-0.04834153322095459
2020-09-24,0.005886110567686958
2020-09-25,0.033468030829862445
2020-09-28,0.034769242407200265
2020-09-29,-0.010761571515854768
2020-09-30,0.014828351710032139
2020-10-01,0.014954894864628164
2020-10-02,-0.009348589786953007
2020-10-05,0.04219911040264694
2020-10-06,-0.0004160238780217318
2020-10-07,-0.00033402201848292305
2020-10-08,0.00023017507429328997
2020-10-09,0.0002459955689243904
2020-10-12,-0.0002682398891454108
2020-10-13,8.85476799913304e-05
2020-10-14,-0.0002520489127132147
2020-10-15,0.001165596211705012
2020-10-16,-0.001367896046107301
2020-10-19,-0.00424584212483935
2020-10-20,0.0005007686035632789
2020-10-21,-0.00019029763867007657
2020-10-22,-0.00024366263962027863
2020-10-23,0.0006038163027171892
2020-10-26,-0.0036311627486398726
2020-10-27,0.0070181393811903975
2020-10-28,-0.008594008991408317
2020-10-29,0.028519345628152996
2020-10-30,-0.0179577952178656
2020-11-02,0.006243825485214405
2020-11-03,0.03653763307215351
2020-11-04,0.06904572147120627
2020-11-05,0.011277870835159687
2020-11-06,0.00015415628621883685
2020-11-09,-0.005584264208614548
2020-11-10,-0.004586417527023168
2020-11-11,0.005501723528578341
2020-11-12,-0.0009796889649887057
2020-11-13,0.0021883012240045572
2020-11-16,0.0021115936216312167
2020-11-17,-0.0007875941998893499
2020-11-18,-0.0019004365712013548
2020-11-19,0.002109552454762929
2020-11-20,-0.0015846695146021102
2020-11-23,1.7236931795690268e-05
2020-11-24,0.00708279353371493
2020-11-25,0.0015943005700851732
2020-11-27,0.00240283767693082
2020-11-30,0.0006918447537953833
2020-12-01,0.026598366123916556
2020-12-02,0.0002658800162070606
2020-12-03,-0.00017488410435252303
2020-12-04,-2.6595603492350547e-05
2020-12-07,0.0013816088655991517
2020-12-08,0.0003295389310102819
2020-12-09,-0.001174147004444423
2020-12-10,-0.00029858727600497463
2020-12-11,0.0003169633076331495
2020-12-14,0.006195881018956411
2020-12-15,0.030306663465624308
2020-12-16,0.0013748791858474924
2020-12-17,0.0016525127150765074
2020-12-18,-0.0007591220163165474
2020-12-21,-0.0013614676297050827
2020-12-22,0.0007400950374774023
2020-12-23,-0.0009188458786300977
2020-12-24,0.016509155188179768
2020-12-28,0.004725100951414889
2020-12-29,0.00028417702854915966
2020-12-30,0.0004223736357828027
2020-12-31,0.0018275467950892295
2021-01-04,-0.00688946641344989
2021-01-05,0.013845914509024362
2021-01-06,-0.02956605507140388
2021-01-07,0.001057737588536414
2021-01-08,-0.001845865364105212
2021-01-11,0.0010232319308994804
2021-01-12,-0.0006400817031301931
2021-01-13,0.00048343016910953456
2021-01-14,-0.00039996578421878817
2021-01-15,0.0005899804489773354
2021-01-19,0.00018418520143699074
2021-01-20,0.030517701190191072
2021-01-21,0.0021481823588223904
2021-01-22,-0.0008437032477727105
2021-01-25,0.0023136820688445213
2021-01-26,0.0002510575002225188
2021-01-27,-0.006992767607405309
2021-01-28,0.03364990545721088
2021-01-29,-0.004965276928675803
2021-02-01,0.03425632408561629
2021-02-02,0.02918940890910117
2021-02-03,-0.0010246795746079364
2021-02-04,0.01179033057905468
2021-02-05,-0.00027759536286239026
2021-02-08,0.04700684713228526
2021-02-09,-0.0008799529475469303
2021-02-10,0.00027219675634165326
2021-02-11,-0.0005936665314201454
2021-02-12,-6.76484874679575e-05
2021-02-16,-0.0012750681488028182
2021-02-17,0.00025059143996945593
2021-02-18,-0.0005874375169656749
2021-02-19,-0.00030005944327442756
2021-02-22,0.00016841133942539918
2021-02-23,-0.004374078815460465
2021-02-24,0.011563249200039772
2021-02-25,-0.0024226828792407256
2021-02-26,0.0007039336468786898
2021-03-01,0.04383556019681691
2021-03-02,-9.63472924786808e-05
2021-03-03,-0.043785368218838897
2021-03-04,-0.023213704611201137
2021-03-05,0.021494183212647174
2021-03-08,-0.04067866769087016
2021-03-09,0.053770912769759364
2021-03-10,0.00039579113109138134
2021-03-11,0.03392062409499679
2021-03-12,0.000291116892170821
2021-03-15,0.0007814268978342783
2021-03-16,0.0001514070882249517
2021-03-17,-0.0001399266912542327
2021-03-18,0.0004183080234940861
2021-03-19,0.006679695116096548
2021-03-22,0.029988533057462196
2021-03-23,0.0008648019945918169
2021-03-24,0.0007931871537502818
2021-03-25,-0.002322015932400898
2021-03-26,0.02958512905369283
2021-03-29,-0.00044460606726184557
2021-03-30,-0.008460213885378024
2021-03-31,0.0261169084021286
2021-04-01,0.00431395221741641
2021-04-05,0.004813888990957133
2021-04-06,0.0002388460273542331
2021-04-07,0.0007691604264380409
2021-04-08,0.0029746656020957474
2021-04-09,0.0012170650598591487
2021-04-12,-0.0005436532789969539
2021-04-13,0.003416821185753212
2021-04-14,0.015991471215351813
2021-04-15,0.004118026485284095
2021-04-16,-0.014158141738148245
2021-04-19,0.02855283950853088
2021-04-20,-0.0016147027175602586
2021-04-21,0.04244797860067314
2021-04-22,-0.03804099814825822
2021-04-23,0.03178642611557705
2021-04-26,0.0014510601398657337
2021-04-27,-0.001236170011666807
2021-04-28,-0.0006418613585006607
2021-04-29,0.0010160107975220965
2021-04-30,-0.043875270935527635
2021-05-03,-0.018050396168323418
2021-05-04,-0.03202509008258046
2021-05-05,0.0067126738798244535
2021-05-06,0.016035527469737253
2021-05-07,0.02573759488565774
2021-05-10,-0.08153411651374294
2021-05-11,0.001994570716325525
2021-05-12,-0.07315079516230373
2021-05-13,0.023306790354475825
2021-05-14,0.050671158903569276
2021-05-17,-0.014503189998644441
2021-05-18,-0.01580482476213223
2021-05-19,0.03105365895441625
2021-05-20,0.03331525743278286
2021-05-21,-0.00801808713205007
2021-05-24,0.038756361283331396
2021-05-25,0.006303460388954091
2021-05-26,0.004999695244922981
2021-05-27,0.00734004829250716
2021-05-28,0.006318116456177071
2021-06-01,-0.008772129590776655
2021-06-02,0.010598022503714631
2021-06-03,-0.018949320225554022
2021-06-04,0.03411402709108641
2021-06-07,0.005960858769204757
2021-06-08,0.00035374974725131014
2021-06-09,-0.006037797241499549
2021-06-10,0.022906623173208567
2021-06-11,0.007097767800567978
2021-06-14,0.0046174719335248015
2021-06-15,-0.001721020710911561
2021-06-16,-0.001920700126816043
2021-06-17,0.003057535897532514
2021-06-18,-0.0024667310221733497
2021-06-21,0.0016638206509668057
2021-06-22,0.002842313889169754
2021-06-23,-0.00037519215074010296
2021-06-24,0.0015851887875019915
2021-06-25,-0.000429924154251845
2021-06-28,0.00036468516572934253
2021-06-29,-0.00028235182535798055
2021-06-30,0.000988542861203049
2021-07-01,0.000584983409770841
2021-07-02,0.00013582957315887872
2021-07-06,0.016945180162900867
2021-07-07,0.0022309302132596737
2021-07-08,0.04957346333268875
2021-07-09,0.026391026208280852
2021-07-12,0.0007085505275747404
2021-07-13,-0.0006181438787233547
2021-07-14,0.0010413308794013573
2021-07-15,0.011509565374372848
2021-07-16,-0.035855284720553084
2021-07-19,-0.0006743463087345123
2021-07-20,0.026844997369893504
2021-07-21,0.05031428744276356
2021-07-22,0.0018317894464879372
2021-07-23,0.012860339388326819
2021-07-26,-0.0010136323268840435
2021-07-27,-0.030605179529575775
2021-07-28,0.026510774956181756
2021-07-29,0.029042889726049657
2021-07-30,-0.0010656446429889337
2021-08-02,-0.0003185757202025718
2021-08-03,0.015789815287507107
2021-08-04,0.01696922787016479
2021-08-05,0.002937149344010054
2021-08-06,-0.0015124476980981185
2021-08-09,0.00013361985833031253
2021-08-10,-0.0016382674509682095
2021-08-11,-1.2282658468842998e-05
2021-08-12,0.0008330065335314172
2021-08-13,0.0011148595668441488
2021-08-16,0.00040712181196666066
2021-08-17,-0.002439556682558227
2021-08-18,-0.022313747555935858
2021-08-19,0.012963467659874868
2021-08-20,0.01271354518739241
2021-08-23,0.04442331284959018
2021-08-24,0.0006448007918363987
2021-08-25,0.00016952983846743824
2021-08-26,-0.0016243500988222463
2021-08-27,0.003021416722686254
2021-08-30,0.0030849202104247016
2021-08-31,-0.00026410692040819395
2021-09-01,0.00036716394263668333
2021-09-02,-8.97189496593105e-05
2021-09-03,0.0007508628783196225
2021-09-07,-2.56501618932864e-05
2021-09-08,-0.0006814213001366998
2021-09-09,-0.0006674207801803579
2021-09-10,0.009457643376285336
2021-09-13,-2.5945489646269978e-05
2021-09-14,-0.000592156930322344
2021-09-15,0.016493712694206304
2021-09-16,-0.00015416291016101375
2021-09-17,-0.003198442417018544
2021-09-20,-0.004885780669252294
2021-09-21,-0.001357050056480304
2021-09-22,0.02388961160202646
2021-09-23,0.020330619115569444
2021-09-24,-9.174440969098824e-05
2021-09-27,0.00023857451156595878
2021-09-28,-1.4344053213918417e-05
2021-09-29,0.0013261147123788041
2021-09-30,-0.005620293434263037
2021-10-01,0.010401121769900806
2021-10-04,-0.03628572085511903
2021-10-05,0.02223145562447388
2021-10-06,0.012096002988521601
2021-10-07,0.016476040073643353
2021-10-08,-0.00044988751123258236
2021-10-11,-0.00030597533178225173
2021-10-12,0.0009199178694419192
2021-10-13,-0.00020577255138140463
2021-10-14,0.00024593814317840724
2021-10-15,-0.001820902343449301
2021-10-18,-0.0007342284030752365
2021-10-19,0.0021583976019450414
2021-10-20,-9.198452794407586e-05
2021-10-21,0.00043138215270665517
2021-10-22,-0.0022031138414380807
2021-10-25,0.003078894990283565
2021-10-26,0.0005554654665119949
2021-10-27,0.0005322189953761417
2021-10-28,0.0028177624365837007
2021-10-29,0.0012561850758255023
2021-11-01,0.0006929677435046374
2021-11-02,0.0018985046565757556
2021-11-03,0.002593169827569596
2021-11-04,0.011060432546773418
2021-11-05,0.02760998365008327
2021-11-08,9.727829871780333e-05
2021-11-09,0.014076539275746808
2021-11-10,-0.005460310687830534
2021-11-11,2.8837603211261792e-05
2021-11-12,0.0032660230563109844
2021-11-15,0.0005763260870960999
2021-11-16,2.393053391726318e-05
2021-11-17,0.0007808196039518517
2021-11-18,-0.0007518844109940972
2021-11-19,-1.4075528368535017e-05
2021-11-22,-0.002091268671245812
2021-11-23,-0.0008194678322001765
2021-11-24,0.00024799283380385
2021-11-26,0.0004506245630928298
2021-11-29,0.0005139155100533269
2021-11-30,-0.0017249549656690355
2021-12-01,0.0008711678082267723
2021-12-02,0.02597358948105383
2021-12-03,0.0012375313199766789
2021-12-06,-0.0006797233839386132
2021-12-07,0.006639589610020796
2021-12-08,0.0012275691460394095
2021-12-09,-0.00015544431067089225
2021-12-10,0.0005409520497878677
2021-12-13,0.001170511102027571
2021-12-14,-0.0009653869850866519
2021-12-15,0.00036407452383919905
2021-12-16,0.001080460646337689
2021-12-17,0.0007331234091905168
2021-12-20,-0.002858702317292341
2021-12-21,0.04461717120900395
2021-12-22,0.0031403343942939827
2021-12-23,0.0017617926493419618
2021-12-27,0.003992466165959166
2021-12-28,-0.0011910958710266517
2021-12-29,-0.00018821912129125763
2021-12-30,0.0013279015189317075
2021-12-31,-0.00024005829703279465
2022-01-03,-0.001282926917245992
2022-01-04,0.0011817825743850262
2022-01-05,-0.0015527109029265292
2022-01-06,-0.001686903304397083
2022-01-07,-0.0007232341909558065
2022-01-10,0.0001312538224660548
2022-01-11,0.0005086913768357855
2022-01-12,-0.0010030358778929068
2022-01-13,4.303372993052189e-05
2022-01-14,-0.0008932699470999409
2022-01-18,-0.007702843884246606
2022-01-19,-0.00229762834745348
2022-01-20,-0.0033063940640578778
2022-01-21,-0.0058553663041277446
2022-01-24,0.0033913333555211506
2022-01-25,-0.03673248539905018
2022-01-26,-0.0019313388987535099
2022-01-27,-0.00478764116294149
2022-01-28,0.015471717636775193
2022-01-31,-0.005295567956510118
2022-02-01,-0.000432373286262217
2022-02-02,4.824491360283555e-05
2022-02-03,-0.010922883945114571
2022-02-04,0.0012207141751149192
2022-02-07,-0.0017255229079513597
2022-02-08,0.0018568770278870488
2022-02-09,0.005090314813665582
2022-02-10,-0.009618322878473983
2022-02-11,-0.0053613694372580106
2022-02-14,-0.0023595226910144646
2022-02-15,-0.018275679651179717
2022-02-16,0.0011719341934512953
2022-02-17,0.02150517977592213
2022-02-18,0.008573884683438806
2022-02-22,0.007027051412753498
2022-02-23,0.024983420673218737
2022-02-24,0.001617802919168643
2022-02-25,-0.016423679298018974
2022-02-28,-0.0009633717753601816
2022-03-01,0.013721191503007242
2022-03-02,0.027193953459879558
2022-03-03,0.010537589107742409
2022-03-04,-0.014137821737587736
2022-03-07,-0.033940316010834595
2022-03-08,-0.0032096685609304476
2022-03-09,0.05859897114560129
2022-03-10,0.007119704849103949
2022-03-11,0.015096326363376595
2022-03-14,0.013593135768633476
2022-03-15,-0.025708971743214307
2022-03-16,-0.02994944640945325
2022-03-17,-0.00851438709951209
2022-03-18,-0.014179090837123282
2022-03-21,-0.0015212733380402781
2022-03-22,-0.013696409927965537
2022-03-23,0.009592544032327887
2022-03-24,-0.014788313057525818
2022-03-25,-0.002038946239179368
2022-03-28,-0.010402026590907925
2022-03-29,-0.00947268881861408
2022-03-30,0.006509591449138532
2022-03-31,0.00822867742430052
2022-04-01,-0.0010251051923198047
2022-04-04,0.00560877486004803
2022-04-05,-0.007371190043296168
2022-04-06,-0.005066502427096758
2022-04-07,0.0012076105493819982
2022-04-08,-0.004562008501201276
2022-04-11,-0.005748471115574476
2022-04-12,0.005523489530888229
2022-04-13,-0.014696893123345758
2022-04-14,0.014749251482966743
2022-04-18,-0.0011593870950061052
2022-04-19,-0.01836103277764369
2022-04-20,0.011310931461402218
2022-04-21,0.013247658883941811
2022-04-22,0.02063963991619559
2022-04-25,-0.009365807430824448
2022-04-26,0.03103961490181234
2022-04-27,0.0038757417599544677
2022-04-28,0.08381670423986798
2022-04-29,0.04124673457376246
2022-05-02,-0.016751048060063705
2022-05-03,-0.0010078601163161058
2022-05-04,-0.03176188277346986
2022-05-05,0.03548930611488901
2022-05-06,0.010342220516257751
2022-05-09,-0.03046431803498801
2022-05-10,0.018427623505423787
2022-05-11,0.006229295999038251
2022-05-12,-0.0011504855394340483
2022-05-13,0.03428366601360158
2022-05-16,-0.005064825901209361
2022-05-17,0.010421386990321347
2022-05-18,-0.026760371600702812
2022-05-19,-0.007067010490286529
2022-05-20,0.0030197135598769957
2022-05-23,0.01641612378571533
2022-05-24,-0.02270868951638324
2022-05-25,0.023830995353646953
2022-05-26,0.04948167808004476
2022-05-27,0.05953775232727941
2022-05-31,-0.005113800697825307
2022-06-01,-0.015082825305540244
2022-06-02,0.050269782118388076
2022-06-03,-0.05001101379745614
2022-06-06,0.007073273492372104
2022-06-07,0.0006145058757573253
2022-06-08,-0.00023017813367432664
2022-06-09,9.696993734352032e-05
2022-06-10,0.023354552694683704
2022-06-13,0.04298745794706359
2022-06-14,-0.002196270514453
2022-06-15,0.0033179369021724163
2022-06-16,0.04000357299602861
2022-06-17,0.0018153455401747275
2022-06-21,0.03677697084917577
2022-06-22,0.0025178795832190184
2022-06-23,7.256117821458595e-05
2022-06-24,0.029925431109697732
2022-06-27,-0.0011239865160010594
2022-06-28,-0.03904400379009858
2022-06-29,-0.03541610226658953
2022-06-30,-0.008132254466097309
2022-07-01,-0.05352566180362912
2022-07-05,0.015445312547659299
2022-07-06,0.010092472445944058
2022-07-07,0.07148817260839904
2022-07-08,0.007552146061837613
2022-07-11,-0.034468499510031426
2022-07-12,-0.00030537609422330917
2022-07-13,0.011261239061489231
2022-07-14,0.02895908501002908
2022-07-15,0.03245142718874494
2022-07-18,-0.009101703606863456
2022-07-19,0.046033193667105954
2022-07-20,-0.0005597644719169531
2022-07-21,0.0034676475772536155
2022-07-22,0.0022582555068647965
2022-07-25,0.0010772852177580766
2022-07-26,-0.028989415615893736
2022-07-27,0.0727316734211594
2022-07-28,0.021423711228785534
2022-07-29,0.01616683122400126
2022-08-01,0.004455900711062216
2022-08-02,-0.0027353069336819975
2022-08-03,0.0009442677327324007
2022-08-04,-0.002496049893252828
2022-08-05,0.002561695532166495
2022-08-08,0.0011963377441224015
2022-08-09,-0.0006537373806072667
2022-08-10,-0.0009941546667796254
2022-08-11,-0.0005094053814016888
2022-08-12,0.0019924878198573064
2022-08-15,-0.00550537993206409
2022-08-16,0.0016589920041303716
2022-08-17,-0.002651177681207518
2022-08-18,0.0019068773523679395
2022-08-19,-0.0005547692890871686
2022-08-22,-0.0005718682956344155
2022-08-23,0.0011928614204844016
2022-08-24,-0.003046545124735587
2022-08-25,-0.012183012119178988
2022-08-26,0.02916130373223378
2022-08-29,-0.02225868281965649
2022-08-30,-0.008175999901625876
2022-08-31,-0.008715358011484408
2022-09-01,-0.006976246366029224
2022-09-02,-0.009955051219946037
2022-09-06,-0.010674153156795449
2022-09-07,0.023823322573929558
2022-09-08,0.01994476541859993
2022-09-09,0.009821817278735132
2022-09-12,-0.009334330347127533
2022-09-13,0.037536871815568175
2022-09-14,-0.007213754797164448
2022-09-15,0.01276598729582534
2022-09-16,0.005979144990638142
2022-09-19,-0.00778788877721212
2022-09-20,0.006205909802604331
2022-09-21,0.017665393213674746
2022-09-22,-0.0017520542141812778
2022-09-23,-0.0006096234484659854
2022-09-26,-0.0019772739942714446
2022-09-27,-2.8517510249274187e-06
2022-09-28,0.004321848436751754
2022-09-29,-0.011206578705573483
2022-09-30,-0.028927401123146432
2022-10-03,0.046686571305225924
2022-10-04,0.018595170681224724
2022-10-05,-0.001133427412327886
2022-10-06,0.005405468260314007
2022-10-07,0.0282228113557742
2022-10-10,0.008220522973120108
2022-10-11,0.010875507391869169
2022-10-12,-0.003970119052369392
2022-10-13,0.049548161091995634
2022-10-14,0.021638997869324255
2022-10-17,-0.02565223035103839
2022-10-18,-0.001000416306963136
2022-10-19,0.013149275413155938
2022-10-20,0.0034426838151007484
2022-10-21,-0.015773265822708493
2022-10-24,-0.008222873603793293
2022-10-25,-0.01286986768992722
2022-10-26,0.015272477512116099
2022-10-27,-0.025544601832977232
2022-10-28,0.06429799365705448
2022-10-31,-0.00089771127709703
2022-11-01,0.00046155471910645893
2022-11-02,-0.0006443715356335864
2022-11-03,0.013140525280364863
2022-11-04,-0.011304273685856289
2022-11-07,-0.008700280251323354
2022-11-08,-0.004402884180586883
2022-11-09,0.018221427082849295
2022-11-10,0.07278675220750433
2022-11-11,0.026435975192054675
2022-11-14,-0.013324858935794347
2022-11-15,0.01964226107139315
2022-11-16,-0.020598650890474305
2022-11-17,-0.003702557503507356
2022-11-18,-0.00036261529930028795
2022-11-21,-0.001995252696262715
2022-11-22,0.023843477423139216
2022-11-23,0.0021117714792370126
2022-11-25,-0.011890629036480305
2022-11-28,-0.02527879315842318
2022-11-29,-0.012762999519674783
2022-11-30,0.07638767638764629
2022-12-01,0.0033724866120358288
2022-12-02,-0.007909264823848985
2022-12-05,-0.03356098942360368
2022-12-06,-0.036500575463311605
2022-12-07,-0.006163212778405733
2022-12-08,0.020109235041491164
2022-12-09,-0.011406554208749259
2022-12-12,0.02113301557382309
2022-12-13,0.019559364699302136
2022-12-14,-0.013928466384410141
2022-12-15,-0.05856538137058523
2022-12-16,-0.01670130842606737
2022-12-19,-0.02409090505955848
2022-12-20,-0.0013325591249729735
2022-12-21,0.014643035576167807
2022-12-22,-0.041718858445501904
2022-12-23,0.0008249686132291846
2022-12-27,-0.014188209434051675
2022-12-28,-0.023360029968974756
2022-12-29,0.040372606294560326
2022-12-30,0.0005462339086518979
2023-01-03,-0.007684792617744386
2023-01-04,0.005293991771900368
2023-01-05,-0.015642221349808555
2023-01-06,0.02312896444373132
2023-01-09,0.012402665979600847
2023-01-10,0.015377399052255939
2023-01-11,0.02984123679081059
2023-01-12,0.01043016974246518
2023-01-13,0.01337242502376304
2023-01-17,0.007551846469973644
2023-01-18,-0.025055185114334903
2023-01-19,-0.016416160772949107
2023-01-20,0.044419574264395724
2023-01-23,0.02679867171795034
2023-01-24,-0.002537860825176338
2023-01-25,8.366429822041134e-05
2023-01-26,0.023195364007922638
2023-01-27,0.006735976224682021
2023-01-30,-0.018705428798716714
2023-01-31,0.02522974524638622
2023-02-01,0.03727129790107631
2023-02-02,0.03416028064762768
2023-02-03,-0.007357738179367659
2023-02-06,-0.004538641824467099
2023-02-07,0.005464745048590515
2023-02-08,0.0007823148009838471
2023-02-09,-0.0017976589720502187
2023-02-10,0.000203302555345987
2023-02-13,-0.0007317157809553798
2023-02-14,-0.001751467931493387
2023-02-15,0.00010558375723248811
2023-02-16,0.00017813867019036799
2023-02-17,0.0008925620037055963
2023-02-21,-0.0016185638596913092
2023-02-22,0.0003001865781869194
2023-02-23,0.0005475386796928202
2023-02-24,-0.0012166142824934331
2023-02-27,0.00021217238730914206
2023-02-28,0.0008061784922240129
2023-03-01,-0.0019323147912254565
2023-03-02,0.0009757007948300741
2023-03-03,0.0009759167653650268
2023-03-06,-0.001040497622259693
2023-03-07,-0.0012752948080530877
2023-03-08,-0.0005474038197952646
2023-03-09,0.0028878588114000774
2023-03-10,-0.01909915402513064
2023-03-13,-0.001826197038989029
2023-03-14,0.02909443795788843
2023-03-15,-0.008855317020764574
2023-03-16,0.03010883780104391
2023-03-17,-0.023542410052643455
2023-03-20,0.018608680128904907
2023-03-21,0.03303220985003537
2023-03-22,-0.03270484368791058
2023-03-23,0.012817552866554123
2023-03-24,0.013929416844243134
2023-03-27,0.0011852871002025315
2023-03-28,-0.0051640901515671335
2023-03-29,0.029553534768214335
2023-03-30,0.012417996744516123
2023-03-31,0.028878543482845805
2023-04-03,0.00568762505011689
2023-04-04,-0.030865768169549807
2023-04-05,-0.02839307518587601
2023-04-06,-0.004948812404337444
2023-04-10,0.021985697240603612
2023-04-11,-0.006863861809092933
2023-04-12,-0.028795972196645793
2023-04-13,0.020880494862786952
2023-04-14,-0.0038965446229397007
2023-04-17,-9.361307335238562e-05
2023-04-18,0.006102050293427117
2023-04-19,-0.01684340143647791
2023-04-20,-0.0009599418396610732
2023-04-21,-0.012183792200049092
2023-04-24,-0.007424434358625028
2023-04-25,-0.04495403332301319
2023-04-26,0.006983184562506807
2023-04-27,0.01813234714721977
2023-04-28,0.027694834876723848
2023-05-01,0.01445235434715994
2023-05-02,-0.012105425978589483
2023-05-03,-0.01984923505881201
2023-05-04,-0.009614050697008748
2023-05-05,0.034497524083656014
2023-05-08,0.006654396208670425
2023-05-09,-0.023204990664492234
2023-05-10,0.014016886988569859
2023-05-11,-0.008422829346281972
2023-05-12,-0.0011003172914480848
2023-05-15,0.03946215024005847
2023-05-16,-0.0041149707531250735
2023-05-17,0.020826418542997722
2023-05-18,-0.0012319230277881422
2023-05-19,-0.0003905717410852684
2023-05-22,-0.00024311196512771504
2023-05-23,0.0005546106318202389
2023-05-24,-0.0009533588071560956
2023-05-25,-0.0018929733640457116
2023-05-26,2.4953279055026675e-05
2023-05-30,0.0021597368344339735
2023-05-31,0.0012735009788842405
2023-06-01,0.004114526274327235
2023-06-02,-0.0003995185173974536
2023-06-05,0.0004985243900846601
2023-06-06,-0.0005175039641086852
2023-06-07,-0.005103082473791967
2023-06-08,0.004410437182253533
2023-06-09,-0.00047532108222279597
2023-06-12,0.005016739216039315
2023-06-13,0.0005041095303407883
2023-06-14,0.0013820523045429915
2023-06-15,0.013243064701607576
2023-06-16,-0.0170340358350173
2023-06-20,5.822675250675619e-05
2023-06-21,-0.003340875256060546
2023-06-22,0.0018942774059003352
2023-06-23,-0.0018817588193239519
2023-06-26,-0.002622248770334574
2023-06-27,0.0030363283643108753
2023-06-28,0.0014362602371273344
2023-06-29,-0.002522156767072077
2023-06-30,0.004190776959009841
2023-07-03,-0.0003290575875027466
2023-07-05,-0.0004937064949106258
2023-07-06,-0.0028242821794372966
2023-07-07,0.0003575297557265385
2023-07-10,0.001065269137624594
2023-07-11,6.741148601770869e-05
2023-07-12,0.0022025025031725087
2023-07-13,0.001552692152333836
2023-07-14,-0.002237316623580557
2023-07-17,0.00033843698914025295
2023-07-18,0.001372344841119008
2023-07-19,0.014951314435155983
2023-07-20,-0.0006068126595223204
2023-07-21,-0.0006550361367520543
2023-07-24,-0.00048417606176037975
2023-07-25,0.0015002975310666263
2023-07-26,0.00011921287868148163
2023-07-27,-0.002029481895882514
2023-07-28,0.0017137109209285895
2023-07-31,0.0009979728600675631
2023-08-01,-0.0014071126765072934
2023-08-02,0.000333034887444649
2023-08-03,-0.000149192907805684
2023-08-04,-0.020687202680504668
2023-08-07,0.006026787416195292
2023-08-08,-0.011662559525089584
2023-08-09,-0.022855667932544666
2023-08-10,0.0010212319721926808
2023-08-11,-0.01272159740039638
2023-08-14,0.026038002794619756
2023-08-15,-0.015559170007801786
2023-08-16,-0.014308007012217109
2023-08-17,-0.014455784835710396
2023-08-18,0.0011469019098860357
2023-08-21,0.033076093625414846
2023-08-22,-0.0037953987220722264
2023-08-23,0.017105335417243045
2023-08-24,-0.019837869441199613
2023-08-25,0.012135522519849718
2023-08-28,0.01860819511722535
2023-08-29,0.044771833565364245
2023-08-30,0.008709940867444482
2023-08-31,0.011260952316221264
2023-09-01,0.0030042041871703637
2023-09-05,-0.0001299351146003158
2023-09-06,-0.015203598119766237
2023-09-07,-0.004108454797569338
2023-09-08,-0.007893140209061513
2023-09-11,-0.001726787780419162
2023-09-12,-0.012279563697606227
2023-09-13,0.006981042210580171
2023-09-14,0.012964413643104904
2023-09-15,-0.04243573044532886
2023-09-18,0.003944423977495439
2023-09-19,-0.012600532732003386
2023-09-20,-0.028083638755039612
2023-09-21,-0.03262610821971549
2023-09-22,0.012173552406262427
2023-09-25,0.007574944807587955
2023-09-26,-0.026738796946737788
2023-09-27,0.00033775305982572217
2023-09-28,0.00812116129295835
2023-09-29,-0.005530349212143432
2023-10-02,-0.0005006677283767159
2023-10-03,-0.02378781809226751
2023-10-04,0.011752139708082606
2023-10-05,-0.002012063397114126
2023-10-06,0.020510042156630864
2023-10-09,0.012656786116591209
2023-10-10,0.008494361317278671
2023-10-11,0.008210698303627827
2023-10-12,-0.01027589076984384
2023-10-13,-0.00555037322307672
2023-10-16,0.016862393841427008
2023-10-17,-0.013482533199232972
2023-10-18,-0.024732611328990607
2023-10-19,-0.013170257504320933
2023-10-20,-0.021965964562648117
2023-10-23,-0.00400868211937988
2023-10-24,0.013861749533919132
2023-10-25,-0.024310829435730954
2023-10-26,0.003783818423628134
2023-10-27,-0.0077102089627824645
2023-10-30,0.019559223454431836
2023-10-31,0.010557493081983952
2023-11-01,0.025677680877009765
2023-11-02,0.03046914761224529
2023-11-03,0.04327413417910922
2023-11-06,-0.002105656660928111
2023-11-07,0.012836446824466219
2023-11-08,0.0022786410638664166
2023-11-09,-0.011495330502565496
2023-11-10,0.07111362299981171
2023-11-13,-0.0022023129917135564
2023-11-14,0.059790222679594794
2023-11-15,0.01178336746006812
2023-11-16,0.0016717184924536182
2023-11-17,0.0019125312676734714
2023-11-20,0.0031711257471046675
2023-11-21,-0.0009275576448814851
2023-11-22,0.004525805526348195
2023-11-24,0.0013779469446268508
2023-11-27,0.0008921207560962433
2023-11-28,-0.007979592153384918
2023-11-29,0.014597309784337318
2023-11-30,-0.0102067581420111
2023-12-01,0.007160816425244089
2023-12-04,-0.017026625896845903
2023-12-05,-0.007260843535291914
2023-12-06,-0.013304037479795377
2023-12-07,0.04621820633365603
2023-12-08,0.013570718620353549
2023-12-11,0.05613959394795136
2023-12-12,0.002282478868040469
2023-12-13,0.007387886717075014
2023-12-14,-0.0037208878864082927
2023-12-15,0.031689927007215166
2023-12-18,0.0016091884502295642
2023-12-19,0.011860251316184754
2023-12-20,0.04520482272625972
2023-12-21,0.02203534016024345
2023-12-22,0.001731612473076897
2023-12-26,0.009878203971170896
2023-12-27,0.00122971444545657
2023-12-28,0.0009657415248632952
2023-12-29,-0.007770354989964002
2024-01-02,-0.04719501275210822
2024-01-03,-0.02226297464553465
2024-01-04,-0.013317135486865386
2024-01-05,0.00022374264464556883
2024-01-08,0.041790622336225644
2024-01-09,0.0029305212109088908
2024-01-10,0.014347120977733017
2024-01-11,0.005954381244794408
2024-01-12,-0.005218964736536736
2024-01-16,0.01993777284777527
2024-01-17,-0.015213243480551598
2024-01-18,0.05117751744284401
2024-01-19,0.018593046997468093
2024-01-22,0.00012032180755431764
2024-01-23,0.0006916117193925201
2024-01-24,-0.0016825390734749495
2024-01-25,0.006056762686871499
2024-01-26,-0.003342014128885766
2024-01-29,0.016254073164727795
2024-01-30,-0.023405643725874167
2024-01-31,-0.025074846847968853
2024-02-01,0.011339380266714251
2024-02-02,0.026940296345763254
2024-02-05,0.020438588991678962
2024-02-06,0.0014042780155280388
2024-02-07,-0.0005044317063890431
2024-02-08,-0.00027062224692217
2024-02-09,-0.0008252704469140295
2024-02-12,0.00017486368400684783
2024-02-13,-0.0028737543236531265
2024-02-14,0.0008933935412071692
2024-02-15,0.000767768096920912
2024-02-16,-0.0006051452048554671
2024-02-20,0.0009484635651163952
2024-02-21,-0.0008504964373385197
2024-02-22,-0.0001513081951311435
2024-02-23,-0.0003277518254322012
2024-02-26,-0.0006953326293992865
2024-02-27,0.0005334295816700178
2024-02-28,-0.0005137299227992534
2024-02-29,0.002596088294712486
2024-03-01,0.005394029625852399
2024-03-04,-0.0016796313356045576
2024-03-05,-0.0037656001412695993
2024-03-06,0.012714239422458723
2024-03-07,0.02763039716360927
2024-03-08,-0.003201238303805503
2024-03-11,-0.0056914471950996704
2024-03-12,0.03702566277557709
2024-03-13,-0.002329684885979641
2024-03-14,-0.0014820504177899903
2024-03-15,-0.003528612087437533
2024-03-18,0.0023847232349114684
2024-03-19,0.001473885949891501
2024-03-20,0.02424598420315809
2024-03-21,0.03538740573628424
2024-03-22,0.0011027203682976707
2024-03-25,-0.010879657109632629
2024-03-26,-0.0052476293860064084
2024-03-27,0.007935315348220534
2024-03-28,-0.0040219095514563525
2024-04-01,0.0037627339188669963
2024-04-02,-0.0018136363007759569
2024-04-03,0.00321753850449766
2024-04-04,-0.023799426422941097
2024-04-05,0.020785428125307242
2024-04-08,-0.001922527506660024
2024-04-09,0.00110819352398187
2024-04-10,-0.017876051945694207
2024-04-11,0.0023010152050544413
2024-04-12,0.0010276875138115862
2024-04-15,0.0011640407924834242
2024-04-16,0.0012206437574913615
2024-04-17,-0.00962847808838009
2024-04-18,-0.01757671426844258
2024-04-19,-0.03656933968249771
2024-04-22,0.013212275764096611
2024-04-23,0.02392070099315889
2024-04-24,0.008189790260742848
2024-04-25,-0.0046575137905208305
2024-04-26,0.017332731034338442
2024-04-29,0.007260865315533341
2024-04-30,-0.03795602699343957
2024-05-01,-0.01596323774410209
2024-05-02,0.02704476703727161
2024-05-03,0.05160401803517106
2024-05-06,0.03537137623499817
2024-05-07,-0.011575631421152094
2024-05-08,0.0003351445197568072
2024-05-09,-0.004557064071416932
2024-05-10,0.01464069664033978
2024-05-13,0.004110270447882898
2024-05-14,0.025407076193849586
2024-05-15,0.05167076017742644
2024-05-16,-0.009121167086707085
2024-05-17,-0.009613166764895502
2024-05-20,0.03282776293529759
2024-05-21,0.0008659404003359824
2024-05-22,0.014310976456759689
2024-05-23,-0.0016324159624740296
2024-05-24,0.0026046122469481005
2024-05-28,0.00025672643865288933
2024-05-29,0.0001673463530190752
2024-05-30,0.00038165385555727707
2024-05-31,0.0024934510146073065
2024-06-03,0.004586935334843372
2024-06-04,0.002112049671096223
2024-06-05,0.03744237974451454
2024-06-06,-0.004800275429264891
2024-06-07,0.002007664173952196
2024-06-10,0.0010604049264957183
2024-06-11,0.0012808734808758256
2024-06-12,0.0005493918682001837
2024-06-13,0.0007978695470799116
2024-06-14,0.02206053223553697
2024-06-17,-0.005035757440989469
2024-06-18,-0.0022497725405369526
2024-06-20,0.024420052398015007
2024-06-21,-0.015478388917899176
2024-06-24,-0.045629654711476085
2024-06-25,0.02671790687893582
2024-06-26,-0.004510918728855161
2024-06-27,-0.008094923424089386
2024-06-28,0.01294367414785492
2024-07-01,0.0011295825664703219
2024-07-02,0.02028718807414471
2024-07-03,0.024977968589344073
2024-07-05,0.004281499433343453
2024-07-08,0.02308829022056995
2024-07-09,-0.00046647926320629064
2024-07-10,0.031919805237550475
2024-07-11,-0.04750013912819013
2024-07-12,0.016496566215045756
2024-07-15,0.0029079504106187238
2024-07-16,0.009234219084708218
2024-07-17,-0.12086691230312656
2024-07-18,-0.0016220249809415404
2024-07-19,-0.045873985440761156
2024-07-22,0.06319002199530582
2024-07-23,-0.022719243445225815
2024-07-24,-0.08756325276507212
2024-07-25,-0.04005931344011102
2024-07-26,0.02914598346731389
2024-07-29,-0.00034336147631103774
2024-07-30,-0.05674198683573848
2024-07-31,0.07061337485280395
2024-08-01,-0.11787779594233144
2024-08-02,-0.08541175444424862
2024-08-05,-0.016396361830662204
2024-08-06,0.031045673194835952
2024-08-07,-0.04122835591485556
2024-08-08,0.09664870783509487
2024-08-09,-0.008469172130047034
2024-08-12,0.007490898419268919
2024-08-13,0.056698555376597015
2024-08-14,-0.0036856665524953773
2024-08-15,0.0766432677284642
2024-08-16,-0.0017713058729878362
2024-08-19,0.026923474285551852
2024-08-20,-0.01919838641025207
2024-08-21,0.022459973790363318
2024-08-22,-0.05849060372147231
2024-08-23,0.042489407336061234
2024-08-26,-0.04189716486147142
2024-08-27,0.015831434705802727
2024-08-28,-0.029583816441661814
2024-08-29,-0.006070010951051351
2024-08-30,0.04014346336630222
2024-09-03,-0.12466395451228887
2024-09-04,0.0018078569962393628
2024-09-05,-0.00731134444499991
2024-09-06,-0.06984739964145222
2024-09-09,0.03258823352378038
2024-09-10,0.021390860831309887
2024-09-11,0.07980040086818972
2024-09-12,-0.0021983351936464357
2024-09-13,0.028957831910221853
2024-09-16,-0.022479711754498838
2024-09-17,0.00024831968021239937
2024-09-18,-0.018844502337461305
2024-09-19,0.07890507198695085
2024-09-20,-0.025272408867687165
2024-09-23,0.007132628362676782
2024-09-24,0.021454193097344757
2024-09-25,0.01083394655743974
2024-09-26,0.0635515311123403
2024-09-27,-0.0311312768605468
2024-09-30,-0.013436714859514936
2024-10-01,-0.049322928013035394
2024-10-02,0.018623287774759297
2024-10-03,0.003565280350644447
2024-10-04,0.02825669840944702
2024-10-07,-0.001255956974116909
2024-10-08,-9.82327630173989e-05
2024-10-09,-0.00038269217148533517
2024-10-10,0.0012008610472897057
2024-10-11,0.0016487955858871983
2024-10-14,-2.2830189384802162e-05
2024-10-15,0.0008438077889700328
2024-10-16,0.000908330372010669
2024-10-17,0.011572935495653278
2024-10-18,0.00265119710537343
2024-10-21,-0.002678244955399734
2024-10-22,-0.004700755253027415
2024-10-23,-0.013337249262152512
2024-10-24,0.007172546052231603
2024-10-25,0.014958962721339725
2024-10-28,-0.00043246312827371653
2024-10-29,0.0011984114836935285
2024-10-30,-0.0007450135950024836
2024-10-31,-0.006285736917995812
2024-11-01,0.013997551025880649
2024-11-04,-0.008233758599940496
2024-11-05,0.020095501123498418
2024-11-06,0.050589279364919644
2024-11-07,0.0013666050047675287
2024-11-08,0.00011115591864037941
2024-11-11,-0.001434943041356651
2024-11-12,-0.0008018322175175161
2024-11-13,0.001265246634675519
2024-11-14,-0.001366843258843725
2024-11-15,-0.049482526417052836
2024-11-18,0.01867002634743811
2024-11-19,0.0038833339936153463
2024-11-20,-0.011306279790946156
2024-11-21,0.024968607455583564
2024-11-22,0.0020006141690429905
2024-11-25,0.0114783878646265
2024-11-26,-0.01911459648767613
2024-11-27,-0.021677842032549202
2024-11-29,0.021929474715873528
2024-12-02,0.03994195262114071
2024-12-03,-0.0070640803489055385
2024-12-04,0.02271870401421605
2024-12-05,-0.02961214822501067
2024-12-06,0.010990106986537573
2024-12-09,-0.008531408549995505
2024-12-10,-0.03771662208154241
2024-12-11,0.040847260649223845
2024-12-12,-0.013015163003481931
2024-12-13,0.03819458690598734
2024-12-16,0.030577244671974504
2024-12-17,-0.02285588024147498
2024-12-18,-0.05555003678374305
2024-12-19,-0.0005469678940344988
2024-12-20,0.019470198975400577
2024-12-23,0.043481232160108255
2024-12-24,0.016400639380572093
2024-12-26,0.001807974843761525
2024-12-27,-0.015919053481594253
2024-12-30,-0.03021928210155227
2024-12-31,-0.005354386820521726
2025-01-02,-0.0022554814428964367
2025-01-03,0.020096111272520863
2025-01-06,0.012983267603068805
2025-01-07,-0.024034173582194993
2025-01-08,0.0017433415186049914
2025-01-10,-0.03071689106104423
2025-01-13,0.0024328770380487694
2025-01-14,0.003570647910929754
2025-01-15,0.03096249250720967
2025-01-16,-0.012036959343128845
2025-01-17,0.027605406671842185
2025-01-21,0.012760880963553085
2025-01-22,0.0375996415936256
2025-01-23,0.00549282628531125
2025-01-24,-0.017130394249080128
2025-01-27,-0.08779318503059368
2025-01-28,0.013575105834785248
2025-01-29,0.0051563935041261475
2025-01-30,0.030911712305990838
2025-01-31,-0.0031740761897471486
2025-02-03,-0.030755967582727948
2025-02-04,0.027347091750542535
2025-02-05,0.029888053524898178
2025-02-06,0.0023624197842842076
2025-02-07,-0.03126589653331401
2025-02-10,0.02544873461121574
2025-02-11,0.0005090296341045909
2025-02-12,0.0028482099551190953
2025-02-13,0.01703304939295703
2025-02-14,0.00012025690986791019
2025-02-18,0.027845569512849035
2025-02-19,0.02511585169905463
2025-02-20,0.001417669658143063
2025-02-21,-0.045080922620773345
2025-02-24,-0.011296780643878646
2025-02-25,-0.025692228462815814
2025-02-26,0.01698300268142217
2025-02-27,-0.05536028403010099
2025-02-28,0.02701917485409232
2025-03-03,-0.054710913744510745
2025-03-04,-0.0043530150944619764
2025-03-05,0.02182181824542006
2025-03-06,-0.04868255596214564
2025-03-07,0.020967912229523638
2025-03-10,-0.06676366392807197
2025-03-11,-0.0059784236143574365
2025-03-12,0.007823576571966025
2025-03-13,-0.017541032610337893
2025-03-14,0.029225765021603484
2025-03-17,0.00835656923759398
2025-03-18,-0.01683210242998657
2025-03-19,0.011969384648441135
2025-03-20,-0.005828619039390556
2025-03-21,0.005677175023296193
2025-03-24,0.03667274660033866
2025-03-25,0.0077849754392443436
2025-03-26,-0.05202259657631661
2025-03-27,-0.014975525022450146
2025-03-28,-0.05464615082095216
2025-03-31,-0.0022560999361448783
2025-04-01,0.0023524969648959144
2025-04-02,0.010959224275123712
2025-04-03,-0.15545994580917238
2025-04-04,-0.1180181944138406
2025-04-07,0.01311295522884025
2025-04-08,-0.01571441361230116
2025-04-09,0.012901791278471844
2025-04-10,-0.11321716453734283
2025-04-11,0.020745346786340865
2025-04-14,0.004772333422523974
2025-04-15,0.006254546794123029
2025-04-16,-0.05182846554494008
2025-04-17,-0.006659843414441974
2025-04-21,-0.03291301662306199
2025-04-22,0.02046767724527795
2025-04-23,0.05711746702203443
2025-04-24,0.08538613168031718
2025-04-25,0.015581479991792515
2025-04-28,-0.0019467279548345544
2025-04-29,-0.016294419129711992
2025-04-30,0.012704551112946383
2025-05-01,-0.001278681251274978
2025-05-02,0.05280750765102012
2025-05-05,-0.009032915225850802
2025-05-06,-0.017265739880944986
2025-05-07,0.026930083646515966
2025-05-08,0.016527843087399192
2025-05-09,0.017137155089999242
2025-05-12,0.12275616025284186
2025-05-13,-0.0012927826843608828
2025-05-14,-0.0019586865497458615
2025-05-15,0.0024209956637432518
2025-05-16,-0.0005295073820895069
2025-05-19,0.007620385800338245
2025-05-20,-0.0066217350753435
2025-05-21,-0.0010089377420518355
2025-05-22,0.0004754092061928322
2025-05-23,-0.023140896631652398
2025-05-27,0.048270253611426714
2025-05-28,-0.007163057674771104
2025-05-29,0.00031914844965853675
2025-05-30,-0.030008934787929042
2025-06-02,0.024394673471849343
2025-06-03,0.041927936730729726
2025-06-04,0.002217502043206992
2025-06-05,-0.010423596055251573
2025-06-06,0.0008894428309435861
2025-06-09,0.0008310076410221872
2025-06-10,0.001769177730248545
2025-06-11,0.0004424008183834695
2025-06-12,0.0013040074410613374
2025-06-13,-0.0037616703853499927
2025-06-16,0.017819706395918608
2025-06-17,-0.0019709152703777147
2025-06-18,-0.00027789572677462546
2025-06-20,-0.005970489035475566
2025-06-23,0.019883731964846697
2025-06-24,0.023166623265438755
2025-06-25,0.0017553700073615276
2025-06-26,0.01572662064699299
2025-06-27,0.008955750076159253
2025-06-30,0.009260856106904648
2025-07-01,-0.0031725278704410166
2025-07-02,0.011661272622656382
2025-07-03,0.0015953395503375194
2025-07-07,0.005840749675108465
2025-07-08,7.324944457326671e-05
2025-07-09,0.002546420919304293
2025-07-10,0.0004861766143749851
2025-07-11,0.0009312698038931365
2025-07-14,0.0002958858246844399
2025-07-15,-0.00017330521054480529
2025-07-16,0.0008389031978746767
2025-07-17,0.00036330224540028194
2025-07-18,0.0007265667951357084
2025-07-21,0.0018543506029457548
2025-07-22,-0.0007128217923597257
2025-07-23,-0.009436486818139994
2025-07-24,-0.002685972708684127
2025-07-25,0.00106429708834788
2025-07-28,0.015411820109807418
2025-07-29,0.008657546758057293
2025-07-30,-0.0005283480607127988
2025-07-31,-0.001362005992612157
2025-08-01,-0.021406186345647754
2025-08-04,0.027515852320527324
2025-08-05,-0.012632079769473257
2025-08-06,-0.005810226053366648
2025-08-07,0.02144635469136842
2025-08-08,0.018562309410287862
2025-08-11,-0.003193117207917232
2025-08-12,0.053110142659546174
2025-08-13,0.02321718413105553
2025-08-14,0.0023917021538624817
2025-08-15,-0.013123774780769112
2025-08-18,0.002727937662479573
2025-08-19,-0.02663236530545996
2025-08-20,-0.01323754818884413
2025-08-21,-0.007910340843262233
2025-08-22,0.02772066742051743
2025-08-25,-0.005041350066961611
2025-08-26,0.008793031465107458
2025-08-27,0.007987364837141164
2025-08-28,0.015084099787565695
2025-08-29,-0.02899648932768089
2025-09-02,-0.019359139789810274
2025-09-03,-0.002670897945299993
2025-09-04,0.019151994131984137
2025-09-05,0.01613755604410981
2025-09-08,0.01436714731426314
2025-09-09,0.003268108857944544
2025-09-10,0.026597307410543957
2025-09-11,0.013143409669268472
2025-09-12,0.0044377581433021505
2025-09-15,0.016561206727022465
2025-09-16,0.00801539406959381
2025-09-17,-0.004958750071467976
2025-09-18,0.028296074219647447
2025-09-19,0.0164842714133269
2025-09-22,0.022672409197265115
2025-09-23,0.008058666803116782
2025-09-24,-0.006249568139935498
2025-09-25,-0.008575471885527017
2025-09-26,0.009130954267210736
2025-09-29,0.0015606497581436962
2025-09-30,0.0009916928921528372
2025-10-01,0.0022696103154402807
2025-10-02,0.002434841981440127
2025-10-03,-0.0017586989750816902
2025-10-06,0.01292543545220658
2025-10-07,-0.000884110871829914
2025-10-08,0.019752354898751517
2025-10-09,-0.0004899435003786703
2025-10-10,-0.04906702654558937
2025-10-13,0.03187076181901515
2025-10-14,-0.0041735021469406055
2025-10-15,0.009918610553941548
2025-10-16,-0.012705429695913503
2025-10-17,0.010937957455304292
2025-10-20,0.02128273564058822
2025-10-21,-0.00020261107989406443
2025-10-22,-0.011665260329572734
2025-10-23,0.012000924087638391
2025-10-24,0.016531154561157575
2025-10-27,0.02542145312718505
2025-10-28,0.003298208808354865
2025-10-29,0.026299335207672206
2025-10-30,-0.0039202353480027085
2025-10-31,0.0014685212854436097
2025-11-03,0.0012525728431406738
2025-11-04,-0.004777306391723699
2025-11-05,0.006861679567586844
2025-11-06,-0.016718198889346964
2025-11-07,0.0016187764301010216
2025-11-10,0.039423991098041254
2025-11-11,-0.005030559118046979
2025-11-12,0.022327642755148095
2025-11-13,-0.04871462320609221
2025-11-14,0.009159929313690493
2025-11-17,-0.01711155851876844
2025-11-18,-0.029594534944202673
2025-11-19,0.012635843518692742
2025-11-20,-0.056406598534763736
2025-11-21,0.006798345356473544
2025-11-24,0.04385786060701709
2025-11-25,0.00595939206293822
2025-11-26,0.02192573388351036
2025-11-28,0.016154901762975085
2025-12-01,-0.0006595732252595041
2025-12-02,0.019260656587389624
2025-12-03,0.004530371508961444
2025-12-04,0.0047349875758381805
2025-12-05,0.01311640536515496
2025-12-08,0.010180820500983019
2025-12-09,-0.0011456086795629333
2025-12-10,0.009207454214808179
2025-12-11,-0.0056785190905359745
2025-12-12,-0.033406095578023515
2025-12-15,-0.016024365960538262
2025-12-16,0.003037524704405061
2025-12-17,-0.04228052445779672
2025-12-18,0.02940676626054369
2025-12-19,0.0378482592398726
2025-12-22,0.01078610718110043
2025-12-23,0.009876771427327711
2025-12-24,0.005449089282098523
2025-12-26,0.001161689955219735
2025-12-29,-0.009026597084192806
2025-12-30,-0.006114834964649055
2025-12-31,-0.019469056785473806
2026-01-02,0.0018828377642659457
2026-01-05,0.015910321303405358
2026-01-06,0.025149619719632556
2026-01-07,0.0019355132340274283
2026-01-08,-0.025994870093664878
2026-01-09,0.024139997759188465
2026-01-12,0.006739247087683066
2026-01-13,-0.003842297687559519
2026-01-14,-0.024280285739002996
2026-01-15,0.009454811188277111
2026-01-16,0.0009722610953910246
2026-01-20,-0.04964901114879103
2026-01-21,0.026471422450561503
2026-01-22,0.014595253277587424
2026-01-23,0.0034383173070184694
2026-01-26,0.012259579255057412
2026-01-27,0.0249198307094718
2026-01-28,0.01336629569092064
2026-01-29,-0.005528622484911329
2026-01-30,-0.03570717933540522
2026-02-02,0.016621355003682683
2026-02-03,-0.03947588250832068
2026-02-04,-0.049249791279600885
2026-02-05,-0.03279503709777977
2026-02-06,0.07996812314267848
2026-02-09,0.027553195935834378
2026-02-10,-0.009277560663040477
2026-02-11,0.005050832935539588
2026-02-12,-0.04067349650473272
2026-02-13,0.0032146284887007125
2026-02-17,-0.0017370692797754272
2026-02-18,0.014320004015512488
2026-02-19,-0.007523907496754132
2026-02-20,0.01685573341529238
2026-02-23,-0.03133852923064506
2026-02-24,0.023782753211312724
2026-02-25,0.03539974272869233
2026-02-26,-0.02698503517535779
2026-02-27,-0.02593473361393544
2026-03-02,0.008884217894907922
2026-03-03,-0.02660962504716221
2026-03-04,0.031996310315794155
2026-03-05,0.000570239511292322
2026-03-06,-0.02717953387740214
2026-03-09,0.018412179189527266
2026-03-10,-0.0033551608890936323
2026-03-11,-0.0012981595158534824
2026-03-12,-0.026288522907261573
2026-03-13,-0.008875505703493606
2026-03-16,0.015780750402953243
2026-03-17,0.003974486137199753
2026-03-18,-0.02360213308571527
2026-03-19,-0.008081687188590253
2026-03-20,-0.02533973225347506
2026-03-23,0.016264556800827674
2026-03-24,-0.0006721257014175664
2026-03-25,0.0042428046638125485
2026-03-26,-0.013155281700983852
2026-03-27,-0.01320078178761051
2026-03-30,-0.0048799750824297895
2026-03-31,0.049980856653337534
2026-04-01,0.003732420173434503
2026-04-02,0.0014758083049978795
2026-04-06,0.007704499535840053
2026-04-07,0.0009433503177895867
2026-04-08,0.04451872645041985
2026-04-09,0.01181892849491872
2026-04-10,0.005687531737691484
2026-04-13,0.0032371389422515048
2026-04-14,0.005224950198536436
2026-04-15,0.00335450452674947
2026-04-16,0.0009364627360605389
2026-04-17,-0.002928567917758294
2026-04-20,0.00827698562083771
2026-04-21,0.005593440530865277
2026-04-22,0.004488874017183231
2026-04-23,-0.00519660034049765
2026-04-24,0.005646385598249947
2026-04-27,-0.023534977363168702
2026-04-28,-0.015906514076870947
2026-04-29,0.00035125358636244606
2026-04-30,0.0032361923046213925
2026-05-01,0.002600015968081048
2026-05-04,-0.0014658376543000091
2026-05-05,0.0036647171276262373
2026-05-06,-0.013879684062092128
2026-05-07,-0.007601734516624308
2026-05-08,0.003982437465917624
2026-05-11,0.011448847913519132
2026-05-12,-0.016999400579723947
2026-05-13,0.009608203480221528
2026-05-14,-0.017616400923013836
2026-05-15,0.003953693872042068
2026-05-18,-7.871567182128131e-05
2026-05-19,-0.000957329385583983
2026-05-20,0.001569082731044762
2026-05-21,-0.00014420900387768129
2026-05-22,-0.00023309962242125986
2026-05-26,0.000815100074110039
2026-05-27,-0.0005349617369242434
2026-05-28,0.0025112588611356985
2026-05-29,0.001423540351390382
2026-06-01,0.0010247606946314032
2026-06-02,-0.01335561141953479
2026-06-03,-0.0014311034387543614
2026-06-04,-0.0006504398997592789
2026-06-05,-0.013633218025882594
2026-06-08,0.003962933518496043
2026-06-09,-0.002289773673996381
2026-06-10,-0.0048469038058767235
2026-06-11,0.030144375978326778
2026-06-12,0.009236225769077443
2026-06-15,0.027535402971815788
2026-06-16,-2.7633078371010525e-05
2026-06-17,-0.006289854745019215
2026-06-18,0.0017757493316096092
2026-06-22,-0.0014046881503855442
2026-06-23,-0.007608472213455805
2026-06-24,-0.0025876433179464206
2026-06-25,0.002499165783970795
2026-06-26,-0.015077305661911969
2026-06-29,0.035500301396141465
2026-06-30,0.017173261080753656
2026-07-01,-0.005316365233413681
2026-07-02,-0.08683826176017594
2026-07-06,0.043485467818280055
2026-07-07,-0.08655849748140296
2026-07-08,0.028970502226890276
2026-07-09,0.05104969905720911
2026-07-10,-0.000537658278858011
2026-07-13,-0.07384362888082557
2026-07-14,0.03331290667307368
2026-07-15,-0.03233799162774979
2026-07-16,-0.07789709412365961
2026-07-17,-0.030987099107221923
2026-07-20,0.005099299031379406
2026-07-21,0.08307885460349279
2026-07-22,0.006224606542149723
2026-07-23,-0.015860583220853573
2026-07-24,-0.019912129187791828
2026-07-27,-0.0062293566114298565
2026-07-28,-0.01935159180541392
2026-07-29,-0.040881513155933275
2026-07-30,0.05507541396338569
2026-07-31,0.0010601256475495473
2026-08-03,0.013086431864164262
2026-08-04,0.10840831658216707
2026-08-05,-0.031004777970701128
2026-08-06,0.0007972187725531591
2026-08-07,0.0348069139682705
2026-08-10,-0.03937656748790693
2026-08-11,0.011422470994453067
2026-08-12,0.03808980286602091
2026-08-13,0.01720185646252404
2026-08-14,-0.0021194822108100498
2026-08-17,0.02267638470468241
2026-08-18,-0.0862805539661083
2026-08-19,-0.03293518711053622
2026-08-20,0.0020460432429333097
2026-08-21,-0.004521040946239025
2026-08-24,-0.04262502904874087
2026-08-25,0.022027051191076147
2026-08-26,0.0042493418481573154
2026-08-27,0.033255855790180075
2026-08-28,-0.04905380931114136
2026-08-31,0.006659049473999221
2026-09-01,-0.03424215558648254
2026-09-02,0.0027724619515602923
2026-09-03,0.005014984894210253
2026-09-04,0.04874629068284145
2026-09-08,0.02587161660431446
2026-09-09,0.010148433117095651
2026-09-10,-0.046000130093376515
2026-09-11,-2.126516511203946e-05
2026-09-14,-0.0022428724276664035
2026-09-15,-0.0018728306748059006
