date,returns
2009-01-02,0.0
2009-01-05,-0.0011830087992483248
2009-01-06,0.0002181027586605797
2009-01-07,0.0015279521401716028
2009-01-08,0.004080657928897838
2009-01-09,-0.021419141043725016
2009-01-12,-0.00043584343002523303
2009-01-13,0.001308517673959622
2009-01-14,0.00021804436395427674
2009-01-15,0.00021768436537768706
2009-01-16,-0.0006533274977463117
2009-01-20,-0.0017432761692272056
2009-01-21,0.0017463204881179748
2009-01-22,0.00021788347100143974
2009-01-23,-0.000217836008135878
2009-01-26,-0.00021798767160928357
2009-01-27,-0.0004357577312082475
2009-01-28,-0.00043584343002523303
2009-01-29,0.0
2009-01-30,0.00087217125892669
2009-02-02,0.0006103318043423815
2009-02-03,-0.0008711921927680423
2009-02-04,0.0006540681233738865
2009-02-05,-0.00043662858555570965
2009-02-06,-0.001525167504728822
2009-02-09,0.0013100587563961922
2009-02-10,-0.00021819645875383238
2009-02-11,-0.00021793125885019885
2009-02-12,0.0
2009-02-13,0.0008723322371817536
2009-02-17,0.0
2009-02-18,0.00021810139453594006
2009-02-19,0.0
2009-02-20,0.0
2009-02-23,-0.03577875146687098
2009-02-24,-0.0006537831578205867
2009-02-25,-0.0004360710643595845
2009-02-26,0.00021823497146567316
2009-02-27,0.0006535191054735615
2009-03-02,0.0005894090233883337
2009-03-03,-0.00021791641697077222
2009-03-04,0.0
2009-03-05,0.00021796391488613313
2009-03-06,-0.00021791641697077222
2009-03-09,0.0
2009-03-10,0.0
2009-03-11,0.0
2009-03-12,0.03937186265134155
2009-03-13,-0.0002181631848114228
2009-03-16,-0.00021779376067270227
2009-03-17,0.0006537321756569701
2009-03-18,0.0002184283724282951
2009-03-19,-0.012386214116205576
2009-03-20,-0.021294153253162352
2009-03-23,0.0718291910732689
2009-03-24,-0.01970347913809973
2009-03-25,0.010545700013989029
2009-03-26,0.02038129471068516
2009-03-27,-0.0180483221896873
2009-03-30,-0.034555108739573896
2009-03-31,-0.00043582364052040864
2009-04-01,0.01936587978576199
2009-04-02,0.02923812457660191
2009-04-03,0.009948136367728832
2009-04-06,-0.007832806068007589
2009-04-07,-0.023325209775890563
2009-04-08,0.010777877878726656
2009-04-09,-0.0006542327368100574
2009-04-13,0.0006546610374922989
2009-04-14,-0.017243830373027524
2009-04-15,0.0106699272702161
2009-04-16,0.014662528467016364
2009-04-17,-0.0010902544420107766
2009-04-20,0.00043664032850536567
2009-04-21,-0.00021806851958890123
2009-04-22,0.0006546610374922989
2009-04-23,0.0004356341889795907
2009-04-24,0.01511082200369246
2009-04-27,-0.00946243803505081
2009-04-28,0.00021761336989876864
2009-04-29,0.02126920253782594
2009-04-30,0.0003429840638095701
2009-05-01,0.005377013179339169
2009-05-04,0.03401916961669651
2009-05-05,-0.0034113111231906263
2009-05-06,0.017335069694900243
2009-05-07,-0.013891967907697682
2009-05-08,0.023332827257076236
2009-05-11,-0.01871411268754674
2009-05-12,-0.002959113614649763
2009-05-13,-0.025173383811102058
2009-05-14,0.008570560816841846
2009-05-15,-0.008162142140935006
2009-05-18,0.028407670581574746
2009-05-19,-0.0012058907540805656
2009-05-20,-0.006694164357736582
2009-05-21,-0.01436356904185705
2009-05-22,-0.002130289355940495
2009-05-26,0.025612783293676944
2009-05-27,-0.017853163986517876
2009-05-28,0.013939552122182187
2009-05-29,0.017708276675863544
2009-06-01,0.024208111856387302
2009-06-02,0.0008446818112509113
2009-06-03,-0.012651850469649114
2009-06-04,0.009397060229498646
2009-06-05,0.0002113485236275865
2009-06-08,-0.004125325324267197
2009-06-09,-0.00021829074284704478
2009-06-10,-0.0025357656706545217
2009-06-11,0.0044492847926063984
2009-06-12,0.002741982750092422
2009-06-15,-0.02292760365704635
2009-06-16,0.0002181389745280557
2009-06-17,0.0
2009-06-18,0.00731843142775882
2009-06-19,0.0036857469474162402
2009-06-22,-0.029987107665056644
2009-06-23,0.0
2009-06-24,0.008617710120192823
2009-06-25,0.0
2009-06-26,0.0
2009-06-29,0.009363971378960046
2009-06-30,-0.008090409239979068
2009-07-01,0.004133029763353675
2009-07-02,-0.02729349802787913
2009-07-06,-0.00011158305929394667
2009-07-07,-0.01937692352387268
2009-07-08,0.00021782166666180536
2009-07-09,-0.00021777423071591483
2009-07-10,-0.002381430152014899
2009-07-13,0.024329222714100915
2009-07-14,0.005660816799781137
2009-07-15,-0.0004358609065261136
2009-07-16,-0.0016079436969939167
2009-07-17,0.010953850464452911
2009-07-20,0.01062421906215861
2009-07-21,0.00462529626349149
2009-07-22,-0.0002091743139142082
2009-07-23,0.022082637564948614
2009-07-24,0.004095652286371705
2009-07-27,0.0029570143920209916
2009-07-28,-0.004676495303241673
2009-07-29,-0.002451871032260548
2009-07-30,0.000218181772715442
2009-07-31,-0.0006546108815412648
2009-08-03,0.01649557163858016
2009-08-04,0.0025888628700457216
2009-08-05,-0.002879492878629308
2009-08-06,-0.005178547880612237
2009-08-07,0.013114240657721604
2009-08-10,0.0
2009-08-11,0.0
2009-08-12,0.00043612707898964834
2009-08-13,-0.00043593695507880613
2009-08-14,-0.007679669729150628
2009-08-17,-0.024605287336274862
2009-08-18,0.00043612707898964834
2009-08-19,-0.00043593695507880613
2009-08-20,0.010304195024183938
2009-08-21,0.01960620497535898
2009-08-24,-9.712120092476274e-05
2009-08-25,0.0019424115887505028
2009-08-26,9.664126931432969e-05
2009-08-27,0.002229357844194809
2009-08-28,-0.0001933345728372234
2009-08-31,-0.008899115716343466
2009-09-01,-0.0220572351211015
2009-09-02,0.0008733448764809548
2009-09-03,0.008314716979566606
2009-09-04,0.014009233065949575
2009-09-08,0.00862226366221322
2009-09-09,0.007674612211435204
2009-09-10,0.010218223096673308
2009-09-11,-0.0001899797769836981
2009-09-14,0.0048671929338994745
2009-09-15,0.004179374645507374
2009-09-16,0.015134597980447643
2009-09-17,-0.0014910500341483932
2009-09-18,0.0006376156729023869
2009-09-21,-0.0025300108721436486
2009-09-22,0.00582415376416378
2009-09-23,-0.00831197800537548
2009-09-24,-0.011019135382870197
2009-09-25,-0.0053326726650117255
2009-09-28,0.01790309914296151
2009-09-29,-0.0030101248773965993
2009-09-30,0.0
2009-10-01,-0.024812573002120416
2009-10-02,0.0
2009-10-05,0.014928236033675265
2009-10-06,0.014324039266152755
2009-10-07,0.0027488651129379373
2009-10-08,0.007655641715461307
2009-10-09,0.006097234499012563
2009-10-12,0.003915438065089643
2009-10-13,-0.002043377590726252
2009-10-14,0.017216104466963308
2009-10-15,0.003659239851620798
2009-10-16,-0.007474463166525089
2009-10-19,0.008265308941824714
2009-10-20,-0.0052822839557499154
2009-10-21,-0.008973867409757521
2009-10-22,0.010164015112028838
2009-10-23,-0.011433816669148373
2009-10-26,-0.010825426496350309
2009-10-27,-0.004583320844698794
2009-10-28,0.0
2009-10-29,0.00021820082478661335
2009-10-30,-0.028973023523626518
2009-11-02,2.207656318728923e-05
2009-11-03,0.0
2009-11-04,-0.0002180533149727027
2009-11-05,0.018394937034547403
2009-11-06,0.00021810087259096963
2009-11-09,0.0
2009-11-10,0.0001822410172245972
2009-11-11,0.0051100923477702155
2009-11-12,-0.010167849969304692
2009-11-13,0.0
2009-11-16,0.0
2009-11-17,0.0011692291500130265
2009-11-18,-0.0006289066057033204
2009-11-19,-0.013031170654285572
2009-11-20,-0.003551426823935339
2009-11-23,0.0
2009-11-24,0.0015342725166253145
2009-11-25,0.0035136177870065672
2009-11-27,-0.016250603495654044
2009-11-30,0.0033766307773482125
2009-12-01,0.012370835085491085
2009-12-02,-0.00044926133401270265
2009-12-03,-0.0078203643625369
2009-12-04,0.005707239992517421
2009-12-07,-0.00043620174518193926
2009-12-08,0.0
2009-12-09,0.00043639210017762034
2009-12-10,-0.00043620174518193926
2009-12-11,0.0
2009-12-14,-0.00021830025068579623
2009-12-15,0.0
2009-12-16,0.00021834791609061553
2009-12-17,0.0
2009-12-18,0.0
2009-12-21,0.0
2009-12-22,0.0
2009-12-23,0.0
2009-12-24,0.00021809184949182412
2009-12-28,-0.00021804429580808018
2009-12-29,8.70074984833603e-05
2009-12-30,0.0002181770670479799
2009-12-31,0.00021844198261151818
2010-01-04,-0.0004364761141024172
2010-01-05,0.002647306439171635
2010-01-06,0.0
2010-01-07,0.004221716451021934
2010-01-08,0.0
2010-01-11,0.0013966756543260853
2010-01-12,-0.009326292224478087
2010-01-13,0.008446244926676253
2010-01-14,0.0027049565895283585
2010-01-15,-0.011224539294358678
2010-01-19,0.012495470597073153
2010-01-20,0.0
2010-01-21,0.0
2010-01-22,0.0
2010-01-25,0.0002181770670479799
2010-01-26,0.0
2010-01-27,0.00021844198261151818
2010-01-28,-0.00021839427613284872
2010-01-29,0.00021844198261151818
2010-02-01,-0.00021839427613284872
2010-02-02,-0.00021812947619862617
2010-02-03,0.0004366667086905844
2010-02-04,0.0
2010-02-05,0.0
2010-02-08,0.0
2010-02-09,0.0
2010-02-10,0.0
2010-02-11,0.0
2010-02-12,0.0
2010-02-16,0.0
2010-02-17,-0.0006543496599631322
2010-02-18,0.0004362408378742086
2010-02-19,-0.00043605061478865765
2010-02-22,0.0004362408378742086
2010-02-23,-0.00043605061478865765
2010-02-24,0.0004362408378742086
2010-02-25,0.0
2010-02-26,0.0
2010-03-01,-0.00043605061478865765
2010-03-02,0.0002180162046901205
2010-03-03,-0.00021796868398489682
2010-03-04,0.003027585468648347
2010-03-05,0.0
2010-03-08,0.0
2010-03-09,0.0
2010-03-10,0.0002180162046901205
2010-03-11,-0.00021796868398489682
2010-03-12,0.0
2010-03-15,0.0002602463801832145
2010-03-16,0.00796597516110091
2010-03-17,0.005927308943811615
2010-03-18,-0.0005125904089319732
2010-03-19,-0.00506163521131447
2010-03-22,0.0002180162046901205
2010-03-23,0.007032867025860333
2010-03-24,-0.004854784585450442
2010-03-25,0.0004362408378742086
2010-03-26,0.0
2010-03-29,-0.00043605061478865765
2010-03-30,0.0
2010-03-31,0.0004362408378742086
2010-04-01,0.006837682588779567
2010-04-05,0.008149166208698261
2010-04-06,0.0
2010-04-07,0.0
2010-04-08,0.0
2010-04-09,0.0
2010-04-12,0.0015893791193813502
2010-04-13,0.0007516197584792904
2010-04-14,0.011348957576536004
2010-04-15,0.0008251600547748622
2010-04-16,-0.015912256777218307
2010-04-19,0.0037703213892650547
2010-04-20,-0.00021796868398489682
2010-04-21,0.0
2010-04-22,0.0
2010-04-23,0.0
2010-04-26,0.0002180162046901205
2010-04-27,-0.00021796868398489682
2010-04-28,0.0002180162046901205
2010-04-29,0.0
2010-04-30,-0.00021796868398489682
2010-05-03,0.0002180162046901205
2010-05-04,-0.00021796868398489682
2010-05-05,0.0002180162046901205
2010-05-06,0.0002181770670479799
2010-05-07,0.0
2010-05-10,0.0
2010-05-11,0.0
2010-05-12,0.0
2010-05-13,-0.00021812947619862617
2010-05-14,0.0002181770670479799
2010-05-17,0.0
2010-05-18,-0.00021812947619862617
2010-05-19,0.0002181770670479799
2010-05-20,0.0
2010-05-21,0.0
2010-05-24,0.0
2010-05-25,0.0
2010-05-26,0.00021844198261151818
2010-05-27,-0.0004364761141024172
2010-05-28,0.0002181770670479799
2010-06-01,0.0
2010-06-02,0.00021844198261151818
2010-06-03,-0.0004364761141024172
2010-06-04,0.0004366667086905844
2010-06-07,-0.00021839427613284872
2010-06-08,0.00021844198261151818
2010-06-09,0.0
2010-06-10,0.0
2010-06-11,0.004855533229222742
2010-06-14,-0.0004364761141024172
2010-06-15,0.022737694125225822
2010-06-16,-0.0003574930469743859
2010-06-17,0.001607607561799452
2010-06-18,0.0010841556728136133
2010-06-21,-0.002863737064589049
2010-06-22,-0.016515579974589172
2010-06-23,-0.0031026383968443885
2010-06-24,-0.016571223395841165
2010-06-25,0.00418932789003766
2010-06-28,-0.003151817997248021
2010-06-29,-0.030875140447607256
2010-06-30,-0.009499793351372849
2010-07-01,-0.004456723031693543
2010-07-02,-0.005449864400865343
2010-07-06,0.006556153050322713
2010-07-07,0.03149635456344867
2010-07-08,0.009895261444321804
2010-07-09,0.007465086086608346
2010-07-12,0.0006486560944693176
2010-07-13,0.015088638274561162
2010-07-14,-9.151969943003977e-05
2010-07-15,0.0002733799113659898
2010-07-16,-0.02753482696335886
2010-07-19,0.005906679211252947
2010-07-20,0.011091756919602113
2010-07-21,-0.012997642827666665
2010-07-22,0.022321679728172675
2010-07-23,0.00867889400663357
2010-07-26,0.010415923941509123
2010-07-27,-8.95968170548634e-05
2010-07-28,-0.006454462844904667
2010-07-29,-0.0048724784887159535
2010-07-30,-0.00018171758949821537
2010-08-02,0.022580925083924935
2010-08-03,-0.004788813495987897
2010-08-04,0.006683229685477343
2010-08-05,-0.0010620126934389898
2010-08-06,-0.004076141869251836
2010-08-09,0.00533827851363686
2010-08-10,-0.005398485432162473
2010-08-11,-0.027406759818266884
2010-08-12,0.0
2010-08-13,0.0
2010-08-16,-0.00021812947619862617
2010-08-17,0.012285248356581088
2010-08-18,0.0018250759691348045
2010-08-19,-0.017396659339569416
2010-08-20,-0.0032443668484765055
2010-08-23,-0.00021812947619862617
2010-08-24,0.0
2010-08-25,0.003885105900467287
2010-08-26,-0.00021812947619862617
2010-08-27,0.015490030139854989
2010-08-30,-0.014505068518152368
2010-08-31,0.0
2010-09-01,0.029911599499539365
2010-09-02,0.00931204840152285
2010-09-03,0.012971966203627838
2010-09-07,-0.011272584237508947
2010-09-08,0.007023012705035134
2010-09-09,0.0046190566308708025
2010-09-10,0.005048388093804447
2010-09-13,0.011123725027793595
2010-09-14,-0.000621354218765348
2010-09-15,0.0038171893450173063
2010-09-16,-0.0002653571402584959
2010-09-17,0.00037316205557392064
2010-09-20,0.015290613817959457
2010-09-21,-0.0020136059284465253
2010-09-22,-0.004913552101301667
2010-09-23,-0.00811106086796636
2010-09-24,0.020621747343943012
2010-09-27,-0.0047897865288650835
2010-09-28,0.0035002304691233712
2010-09-29,-0.0017436583448224695
2010-09-30,-0.002970341250300768
2010-10-01,0.00420567639716614
2010-10-04,-0.00750388426820246
2010-10-05,0.0201321291723611
2010-10-06,-8.594025297780364e-05
2010-10-07,-0.0012065759784098138
2010-10-08,0.005608428335780322
2010-10-11,0.0009440613521101753
2010-10-12,0.0030858987152728124
2010-10-13,0.007777061261454811
2010-10-14,-0.003901021936136617
2010-10-15,0.0020433091388923773
2010-10-18,0.004927713195297044
2010-10-19,-0.013104265805668805
2010-10-20,0.0
2010-10-21,0.002205927923400966
2010-10-22,0.0018623670228120716
2010-10-25,-0.00021812947619862617
2010-10-26,0.00016862463330951933
2010-10-27,0.0
2010-10-28,-0.00021812947619862617
2010-10-29,0.0007603494569517616
2010-11-01,0.0003373352527447714
2010-11-02,-0.00043605061478865765
2010-11-03,0.004017438472163996
2010-11-04,0.019258145250252195
2010-11-05,0.0037622937752694536
2010-11-08,-0.0018746311499164819
2010-11-09,-0.007183978800119144
2010-11-10,0.0
2010-11-11,-0.00021796868398489682
2010-11-12,0.0004362408378742086
2010-11-15,0.0
2010-11-16,0.0
2010-11-17,0.0
2010-11-18,-0.00021812947619862617
2010-11-19,0.0
2010-11-22,0.0
2010-11-23,0.0
2010-11-24,0.0002181770670479799
2010-11-26,0.0
2010-11-29,0.0
2010-11-30,0.0
2010-12-01,-0.00021812947619862617
2010-12-02,0.0
2010-12-03,0.0002181770670479799
2010-12-06,-0.001057826071227723
2010-12-07,0.0005700498789528794
2010-12-08,0.0
2010-12-09,0.0002181770670479799
2010-12-10,0.0
2010-12-13,0.0006429359633020821
2010-12-14,0.0008829518186536206
2010-12-15,-0.004571981621303313
2010-12-16,0.005801698327319055
2010-12-17,0.0010710154215373747
2010-12-20,0.0
2010-12-21,0.006340115149275078
2010-12-22,0.003110367423824935
2010-12-23,-0.0014311767021373677
2010-12-27,0.00039819888625948165
2010-12-28,0.0014324974378549847
2010-12-29,0.0007153040397624375
2010-12-30,-0.001588029221014795
2010-12-31,0.00023848332599415487
2011-01-03,0.010337781482903912
2011-01-04,-0.0005510843569650109
2011-01-05,0.005197581965568394
2011-01-06,0.0
2011-01-07,-0.00021812947619862617
2011-01-10,0.0002181770670479799
2011-01-11,0.0
2011-01-12,-0.00021812947619862617
2011-01-13,0.0
2011-01-14,0.007245381643707338
2011-01-18,0.001701206826872647
2011-01-19,-0.009805465998648795
2011-01-20,-0.0013253995360161179
2011-01-21,0.002263671687090668
2011-01-24,0.005687033838454226
2011-01-25,0.0005422556933733629
2011-01-26,0.003871000172042723
2011-01-27,0.0024677535985586467
2011-01-28,-0.017463019533529772
2011-01-31,0.007516372221908314
2011-02-01,0.016008725030474028
2011-02-02,-0.0019123345849803436
2011-02-03,0.00222286649414078
2011-02-04,0.002828696909575999
2011-02-07,0.006252542926359611
2011-02-08,0.004546598002732208
2011-02-09,0.0002181770670479799
2011-02-10,0.0003784228172849257
2011-02-11,0.0
2011-02-14,0.0
2011-02-15,0.0002181770670479799
2011-02-16,0.0
2011-02-17,0.002988191484848223
2011-02-18,0.0020855171331566305
2011-02-22,-0.020069355127314812
2011-02-23,-0.006144885008606209
2011-02-24,-0.0006863556982597158
2011-02-25,0.010692378836850964
2011-02-28,0.00619709182534546
2011-03-01,-0.016673028900747112
2011-03-02,0.002138475767370193
2011-03-03,0.017224044720468346
2011-03-04,-0.007492050582580751
2011-03-07,-0.007851113819298735
2011-03-08,0.00874971608963079
2011-03-09,-0.0014330524996201876
2011-03-10,-0.018505641702844276
2011-03-11,0.006926402305433418
2011-03-14,-0.006038126959220558
2011-03-15,-0.011457135325103287
2011-03-16,-0.01851257238913038
2011-03-17,0.01323477014495088
2011-03-18,0.0036373853529438308
2011-03-21,0.01549756336832468
2011-03-22,-0.003468309215455867
2011-03-23,0.002861847233258701
2011-03-24,0.009563337419134593
2011-03-25,0.0030560797592933905
2011-03-28,-0.0024370947543964883
2011-03-29,0.0067179063817627465
2011-03-30,0.0069018251255305064
2011-03-31,-0.0013559187636649952
2011-04-01,0.004223705433529851
2011-04-04,0.0008259307222327864
2011-04-05,-0.0001501954906958024
2011-04-06,0.003152626273482931
2011-04-07,-0.0025438843637739664
2011-04-08,-0.0034503137184518484
2011-04-11,-0.0030110698905665345
2011-04-12,-0.007473384971649747
2011-04-13,-7.634855100269701e-05
2011-04-14,0.0007604226393859494
2011-04-15,0.003648609226839433
2011-04-18,-0.011208520191267744
2011-04-19,0.005744668326002454
2011-04-20,0.013631828965950341
2011-04-21,0.005108573349087725
2011-04-25,-0.0010462345766239656
2011-04-26,0.008605092439669362
2011-04-27,0.006528315489092808
2011-04-28,0.0032436134974094906
2011-04-29,0.0023507497775676917
2011-05-02,-0.0015388690416503975
2011-05-03,-0.0035970366800472534
2011-05-04,-0.006631227568234814
2011-05-05,-0.009048264436801096
2011-05-06,0.004415864214647133
2011-05-09,0.0
2011-05-10,0.008536034215746518
2011-05-11,0.0
2011-05-12,0.0
2011-05-13,-0.00021839427613284872
2011-05-16,0.0
2011-05-17,0.0
2011-05-18,-0.00021812947619862617
2011-05-19,0.0004366667086905844
2011-05-20,-0.00021839427613284872
2011-05-23,0.0
2011-05-24,0.0
2011-05-25,0.0
2011-05-26,0.0
2011-05-27,0.0038347632682289895
2011-05-31,0.010411317383909992
2011-06-01,-0.022461360874667838
2011-06-02,-0.0010619952031875944
2011-06-03,-0.009944017704049733
2011-06-06,-0.010581332570504618
2011-06-07,-0.0006198864025013227
2011-06-08,-0.004187468789540524
2011-06-09,0.007631341553811214
2011-06-10,-0.013910380230207067
2011-06-13,0.000783504401075197
2011-06-14,0.012686282409551991
2011-06-15,-0.017785175509675965
2011-06-16,0.0
2011-06-17,0.0
2011-06-20,0.00511592924057949
2011-06-21,0.013704125118131278
2011-06-22,-0.006025511650773875
2011-06-23,-0.0028753819537799745
2011-06-24,-0.01161331964908487
2011-06-27,0.008910667011771683
2011-06-28,0.013053015704917877
2011-06-29,0.008564275979160476
2011-06-30,0.009562556482174925
2011-07-01,0.01477612904355238
2011-07-05,0.0
2011-07-06,0.0011960801138508712
2011-07-07,0.010375224693957965
2011-07-08,0.0
2011-07-11,-0.01808034793079705
2011-07-12,0.0002180162046901205
2011-07-13,0.0002181770670479799
2011-07-14,-0.006902426038394632
2011-07-15,0.005804448563696173
2011-07-18,-0.008200865434756044
2011-07-19,0.01623146284066992
2011-07-20,-0.0006027560672304844
2011-07-21,0.01387122533198416
2011-07-22,0.0006689859165692003
2011-07-25,-0.005572882147546004
2011-07-26,-0.0037361498823296206
2011-07-27,-0.020475501390131098
2011-07-28,-0.0029098250094282234
2011-07-29,-0.00683428469349644
2011-08-01,-0.004252908946908784
2011-08-02,-0.025547180537873474
2011-08-03,0.005418381741622362
2011-08-04,-0.046841226852630154
2011-08-05,-0.0014972009769358512
2011-08-08,-0.06512261024506126
2011-08-09,0.046498963557386135
2011-08-10,-0.04417790851128053
2011-08-11,0.04488388979817995
2011-08-12,0.006733233731979224
2011-08-15,0.0
2011-08-16,-0.008539395562535933
2011-08-17,0.0006692341877497918
2011-08-18,-0.043118471175604876
2011-08-19,0.0004362408378742086
2011-08-22,0.0007989333174908136
2011-08-23,0.0004362408378742086
2011-08-24,0.014084579314166765
2011-08-25,-0.00043605061478865765
2011-08-26,0.0004362408378742086
2011-08-29,0.0
2011-08-30,0.0
2011-08-31,0.0
2011-09-01,0.0
2011-09-02,0.0
2011-09-06,-0.00021812947619862617
2011-09-07,-0.00021796868398489682
2011-09-08,0.0
2011-09-09,0.0002180162046901205
2011-09-12,0.0
2011-09-13,-0.00021796868398489682
2011-09-14,0.0
2011-09-15,0.0
2011-09-16,0.0
2011-09-19,0.0002180162046901205
2011-09-20,0.0
2011-09-21,0.0
2011-09-22,-0.00021796868398489682
2011-09-23,0.0002180162046901205
2011-09-26,0.0
2011-09-27,-0.00021796868398489682
2011-09-28,0.0002180162046901205
2011-09-29,0.0
2011-09-30,0.0
2011-10-03,0.0
2011-10-04,0.0
2011-10-05,0.0
2011-10-06,-0.00021796868398489682
2011-10-07,0.0002180162046901205
2011-10-10,-0.00021796868398489682
2011-10-11,0.0010032826646591071
2011-10-12,0.008772035095092591
2011-10-13,-0.001988107618057222
2011-10-14,0.017094446403282143
2011-10-17,-0.019090970519028815
2011-10-18,0.019545835044154216
2011-10-19,-0.011829119318009616
2011-10-20,0.004375704546828201
2011-10-21,0.018987027386556
2011-10-24,0.012261238842948724
2011-10-25,-0.019443937876028366
2011-10-26,0.010158417826463784
2011-10-27,0.03483515210919366
2011-10-28,-0.0002329812223296289
2011-10-31,-0.024105887024074072
2011-11-01,-0.027888593401026007
2011-11-02,-0.00021796868398489682
2011-11-03,-0.00021780777619615288
2011-11-04,-0.0060990409100443255
2011-11-07,0.0002180162046901205
2011-11-08,0.0
2011-11-09,-0.00021796868398489682
2011-11-10,0.0002180162046901205
2011-11-11,-0.00021796868398489682
2011-11-14,0.0002180162046901205
2011-11-15,-0.00021796868398489682
2011-11-16,0.0002180162046901205
2011-11-17,0.0
2011-11-18,0.0
2011-11-21,0.0
2011-11-22,-0.00021796868398489682
2011-11-23,0.0002180162046901205
2011-11-25,0.0
2011-11-28,0.0
2011-11-29,-0.0004357289849067105
2011-11-30,0.00021785522675862588
2011-12-01,-0.00021780777619615288
2011-12-02,0.00021785522675862588
2011-12-05,0.0
2011-12-06,0.0002180162046901205
2011-12-07,-0.00021796868398489682
2011-12-08,0.0
2011-12-09,-0.00021780777619615288
2011-12-12,0.0
2011-12-13,0.0
2011-12-14,0.00021785522675862588
2011-12-15,-0.00021780777619615288
2011-12-16,0.00021785522675862588
2011-12-19,0.0
2011-12-20,0.0
2011-12-21,0.0
2011-12-22,0.0
2011-12-23,0.0
2011-12-27,-0.00021780777619615288
2011-12-28,4.3466808401122966e-05
2011-12-29,0.0
2011-12-30,0.0
2012-01-03,-0.00021826268737862135
2012-01-04,0.0015686286621410437
2012-01-05,0.0
2012-01-06,0.0
2012-01-09,0.00021831033637932204
2012-01-10,0.0
2012-01-11,-0.00021826268737862135
2012-01-12,0.0
2012-01-13,0.0
2012-01-17,0.0
2012-01-18,0.0
2012-01-19,0.005276655738657651
2012-01-20,0.0037273575795045808
2012-01-23,-0.0025765715892973984
2012-01-24,-0.0011398813742455926
2012-01-25,0.008367571045499313
2012-01-26,-0.005129726973523468
2012-01-27,-0.000455272924884073
2012-01-30,-0.003413600377169646
2012-01-31,-0.00038067969610369837
2012-02-01,0.008757617992676173
2012-02-02,0.0015850575202949638
2012-02-03,0.014018495694678505
2012-02-06,-0.0006690784417643095
2012-02-07,0.0025291023228041325
2012-02-08,0.002967727912651779
2012-02-09,0.001257519521080874
2012-02-10,-0.007387857577303156
2012-02-13,0.0074428442505966134
2012-02-14,-0.0012559401518226479
2012-02-15,-0.00021826268737862135
2012-02-16,0.00021831033637932204
2012-02-17,0.0026464651376300803
2012-02-21,0.0004395765227599026
2012-02-22,-0.0032237798815504355
2012-02-23,0.0044108667882624
2012-02-24,0.002195207851245505
2012-02-27,0.0016800228048285558
2012-02-28,0.0029162324065904514
2012-02-29,-0.003925691606598683
2012-03-01,0.0051814569681069315
2012-03-02,-0.003049047871223794
2012-03-05,0.0
2012-03-06,0.0
2012-03-07,0.0
2012-03-08,0.00021831033637932204
2012-03-09,0.003867673277006869
2012-03-12,0.0
2012-03-13,0.0
2012-03-14,-0.00021826268737862135
2012-03-15,0.0
2012-03-16,0.0
2012-03-19,0.00021831033637932204
2012-03-20,-0.0029111562893717464
2012-03-21,-0.0016377961504567048
2012-03-22,-0.00720324889300433
2012-03-23,0.0032327382858565604
2012-03-26,0.01403486558594332
2012-03-27,-0.0031068464619001036
2012-03-28,-0.00495866035700355
2012-03-29,-0.0017087578567519589
2012-03-30,0.004136374330448912
2012-04-02,0.007314623476444947
2012-04-03,-0.004088869810429462
2012-04-04,-0.009910862877734732
2012-04-05,0.0002180451041574663
2012-04-09,0.00021831033637932204
2012-04-10,0.0
2012-04-11,0.0
2012-04-12,-0.00021826268737862135
2012-04-13,-0.011888649349745033
2012-04-16,0.0002180451041574663
2012-04-17,0.0
2012-04-18,0.0
2012-04-19,0.00021831033637932204
2012-04-20,-0.00021826268737862135
2012-04-23,-0.008408765413932468
2012-04-24,0.0038013005576879298
2012-04-25,0.013691421496825198
2012-04-26,0.00696901062667437
2012-04-27,0.00164099807032725
2012-04-30,-0.003704104501057717
2012-05-01,0.006220145484537932
2012-05-02,-0.0029841197943479103
2012-05-03,-0.007625369346624328
2012-05-04,0.0
2012-05-07,0.00021831033637932204
2012-05-08,0.0
2012-05-09,0.0
2012-05-10,0.0
2012-05-11,0.0
2012-05-14,0.0
2012-05-15,0.0
2012-05-16,0.0
2012-05-17,0.0
2012-05-18,0.0
2012-05-21,0.0
2012-05-22,-0.00043621267749738795
2012-05-23,0.0
2012-05-24,0.00043640304203682284
2012-05-25,0.0
2012-05-29,0.0
2012-05-30,0.0
2012-05-31,0.0
2012-06-01,0.0
2012-06-04,0.0
2012-06-05,0.0
2012-06-06,-0.00021826268737862135
2012-06-07,0.0
2012-06-08,0.0
2012-06-11,0.0
2012-06-12,0.00021831033637932204
2012-06-13,0.0
2012-06-14,0.0
2012-06-15,0.010227073865741391
2012-06-18,0.0019386398568478496
2012-06-19,0.009672485117956101
2012-06-20,-0.0016213082864927838
2012-06-21,-0.02243857337885138
2012-06-22,-0.00021826268737862135
2012-06-25,0.00021831033637932204
2012-06-26,0.0
2012-06-27,-0.00021826268737862135
2012-06-28,0.00021831033637932204
2012-06-29,-0.00043621267749738795
2012-07-02,0.003012273704227593
2012-07-03,0.006593042218970861
2012-07-05,-0.0045120223969687
2012-07-06,0.0
2012-07-09,0.0
2012-07-10,0.0
2012-07-11,0.0
2012-07-12,0.0
2012-07-13,0.0002180451041574663
2012-07-16,-0.0002179975708544233
2012-07-17,0.0
2012-07-18,0.0
2012-07-19,0.0002180451041574663
2012-07-20,-0.0002179975708544233
2012-07-23,0.0
2012-07-24,0.0002180451041574663
2012-07-25,0.00021831033637932204
2012-07-26,-0.00021826268737862135
2012-07-27,0.018432567912654865
2012-07-30,0.0
2012-07-31,-0.006994303601882838
2012-08-01,-0.0008711524894972063
2012-08-02,0.0
2012-08-03,0.0
2012-08-06,0.0019376019401490226
2012-08-07,0.005013426288735501
2012-08-08,0.00121199393815405
2012-08-09,0.0008535667924343915
2012-08-10,0.0016359138215300544
2012-08-13,-0.0004971037475599164
2012-08-14,0.0001422091319320458
2012-08-15,0.0011365416637058405
2012-08-16,0.0
2012-08-17,0.0013380394082959542
2012-08-20,7.022795555448263e-05
2012-08-21,-0.003024596162750636
2012-08-22,0.00042371695102361693
2012-08-23,-0.008179430282944359
2012-08-24,0.00604310344588541
2012-08-27,0.00021195700745646286
2012-08-28,-0.0009891527326084829
2012-08-29,0.0007780102123322411
2012-08-30,-0.007207640760710668
2012-08-31,0.004768813398486109
2012-09-04,-0.0009210108669335133
2012-09-05,-0.0008511975812741234
2012-09-06,0.02029667339084279
2012-09-07,0.0038953767749842394
2012-09-10,-0.005681488441199416
2012-09-11,0.002787772692669481
2012-09-12,0.0033350243347686857
2012-09-13,0.01523656592133313
2012-09-14,0.004433874760598967
2012-09-17,-0.0033961571411087995
2012-09-18,-0.000817677190746911
2012-09-19,0.0005460740956907232
2012-09-20,6.826355074687105e-05
2012-09-21,-0.0004181937128842279
2012-09-24,-0.0015083746543321937
2012-09-25,-0.01064183153109322
2012-09-26,-0.005621033276374301
2012-09-27,0.009421481874882136
2012-09-28,-0.004632137770105495
2012-10-01,0.002639947678023665
2012-10-02,0.001038792656851308
2012-10-03,0.004082662230850304
2012-10-04,0.007168285786979912
2012-10-05,6.796681520247739e-05
2012-10-08,-0.003421339067643623
2012-10-09,-0.009886884683646728
2012-10-10,0.0002180451041574663
2012-10-11,0.0
2012-10-12,-0.0032780844977495136
2012-10-15,0.008327580035773507
2012-10-16,0.01013314606295306
2012-10-17,0.004534718973378811
2012-10-18,-0.002599150754790646
2012-10-19,-0.016664131337289688
2012-10-22,0.00013934289004594594
2012-10-23,-0.013876144811198091
2012-10-24,0.0
2012-10-25,-0.0002179975708544233
2012-10-26,0.0
2012-10-31,0.0002180451041574663
2012-11-01,0.0
2012-11-02,0.0
2012-11-05,-0.0002179975708544233
2012-11-06,0.0
2012-11-07,0.0002180451041574663
2012-11-08,0.0
2012-11-09,0.0
2012-11-12,0.0
2012-11-13,0.0
2012-11-14,0.0
2012-11-15,0.0
2012-11-16,0.0
2012-11-19,0.0
2012-11-20,-0.0002179975708544233
2012-11-21,0.0
2012-11-23,0.0
2012-11-26,-0.002122092578433059
2012-11-27,-0.005104719467351559
2012-11-28,0.008052078387137576
2012-11-29,0.0046655777164669055
2012-11-30,0.00021129161211200502
2012-12-03,-0.004924524580011874
2012-12-04,-0.0014137056697297757
2012-12-05,0.001769891329702361
2012-12-06,0.0033922560953541397
2012-12-07,0.0030286976531777414
2012-12-10,0.0
2012-12-11,0.0
2012-12-12,0.00048800337984771213
2012-12-13,-0.00613190724091276
2012-12-14,-0.0037163418602014875
2012-12-17,0.011753181816723616
2012-12-18,0.011128349496315254
2012-12-19,-0.007429567628160926
2012-12-20,0.005752576687578446
2012-12-21,-0.009077103245666601
2012-12-24,-0.0030814306806248117
2012-12-26,-0.004215068132810268
2012-12-27,-0.0013403094377501445
2012-12-28,-0.010808165940017347
2012-12-31,0.016996486573406296
2013-01-02,0.025629929447090388
2013-01-03,-0.0022591022315467365
2013-01-04,0.0002180451041574663
2013-01-07,-0.0004369334382835428
2013-01-08,0.0
2013-01-09,0.0
2013-01-10,0.0
2013-01-11,-6.777255321602373e-05
2013-01-14,-0.00068039087309669
2013-01-15,0.0006808541200258659
2013-01-16,0.0
2013-01-17,0.00021903156964593755
2013-01-18,-0.0002189836053231369
2013-01-22,0.0
2013-01-23,0.0
2013-01-24,0.00021903156964593755
2013-01-25,-0.0002189836053231369
2013-01-28,-0.0011983983920847248
2013-01-29,0.003931812642254337
2013-01-30,-0.003916414036035151
2013-01-31,-0.0024655813975576887
2013-02-01,0.010287764688307622
2013-02-04,-0.011241040837916513
2013-02-05,0.01009783415980275
2013-02-06,0.0007283910960309444
2013-02-07,-0.0013228158788366408
2013-02-08,0.0
2013-02-11,0.0
2013-02-12,0.0
2013-02-13,-0.0002189836053231369
2013-02-14,0.00021903156964593755
2013-02-15,-0.0002189836053231369
2013-02-19,0.0
2013-02-20,0.00021903156964593755
2013-02-21,-0.0002189836053231369
2013-02-22,0.00021903156964593755
2013-02-25,-0.0002189836053231369
2013-02-26,0.0
2013-02-27,0.00021903156964593755
2013-02-28,0.0
2013-03-01,0.0
2013-03-04,-0.0002189836053231369
2013-03-05,0.00021903156964593755
2013-03-06,-0.0002189836053231369
2013-03-07,0.00021903156964593755
2013-03-08,-0.0002189836053231369
2013-03-11,0.00021903156964593755
2013-03-12,-0.0002189836053231369
2013-03-13,0.00021903156964593755
2013-03-14,0.0
2013-03-15,0.0
2013-03-18,-0.0002189836053231369
2013-03-19,0.0
2013-03-20,0.0
2013-03-21,0.0
2013-03-22,0.00021903156964593755
2013-03-25,-0.004177301459559852
2013-03-26,0.00021903156964593755
2013-03-27,-0.0002189836053231369
2013-03-28,0.00021903156964593755
2013-04-01,-0.0002189836053231369
2013-04-02,0.00021903156964593755
2013-04-03,-0.0002189836053231369
2013-04-04,0.0
2013-04-05,-0.004491029199471877
2013-04-08,0.006767150584549493
2013-04-09,0.0034568312560202836
2013-04-10,0.012249361807234436
2013-04-11,0.0032768180022069845
2013-04-12,-0.002450098620113468
2013-04-15,-0.023173763861542858
2013-04-16,0.014762410235999654
2013-04-17,-0.014611001011454933
2013-04-18,-0.006253725564884188
2013-04-19,0.008693753572892607
2013-04-22,0.0
2013-04-23,0.0
2013-04-24,0.0
2013-04-25,-0.0002189836053231369
2013-04-26,0.0
2013-04-29,0.0
2013-04-30,0.0023858701880527244
2013-05-01,-0.008767479520920963
2013-05-02,0.009287488523531938
2013-05-03,0.010140023349128897
2013-05-06,0.0025411840201545457
2013-05-07,0.0
2013-05-08,0.00021903156964593755
2013-05-09,-0.0028155471456219722
2013-05-10,-0.0002189836053231369
2013-05-13,0.00021903156964593755
2013-05-14,-0.0002189836053231369
2013-05-15,0.0
2013-05-16,0.0
2013-05-17,0.00021903156964593755
2013-05-20,-0.0002189836053231369
2013-05-21,0.00021903156964593755
2013-05-22,0.0
2013-05-23,0.0
2013-05-24,0.0
2013-05-28,-0.0002189836053231369
2013-05-29,0.00021903156964593755
2013-05-30,-0.0002189836053231369
2013-05-31,-0.01435191962952761
2013-06-03,0.00550634162595054
2013-06-04,-0.004806905833091609
2013-06-05,-0.014000992592371999
2013-06-06,0.009052929428221767
2013-06-07,0.012720635190363493
2013-06-10,0.0
2013-06-11,-0.010315408368526164
2013-06-12,-0.008277177451801804
2013-06-13,0.01520890549207183
2013-06-14,-0.006272860497958737
2013-06-17,0.007721728674434423
2013-06-18,0.007905357285088368
2013-06-19,-0.013816607002774544
2013-06-20,-0.02477830266987116
2013-06-21,0.0032103226942746
2013-06-24,0.0
2013-06-25,0.0
2013-06-26,0.0
2013-06-27,-0.0002189836053231369
2013-06-28,0.0
2013-07-01,0.00021903156964593755
2013-07-02,-0.0002189836053231369
2013-07-03,0.00021903156964593755
2013-07-05,0.0
2013-07-08,-0.00043702870948060323
2013-07-09,0.0
2013-07-10,0.0
2013-07-11,0.0
2013-07-12,0.0004177624338723194
2013-07-15,0.003820696580481685
2013-07-16,-0.0037463695133735544
2013-07-17,0.0025662982198633327
2013-07-18,0.005477913604341079
2013-07-19,0.0017766377334223309
2013-07-22,0.001951083650329456
2013-07-23,-0.0021238600233093414
2013-07-24,-0.003665794653244968
2013-07-25,0.0024325551722529787
2013-07-26,0.0010657395778731777
2013-07-29,-0.003074811116650837
2013-07-30,0.0
2013-07-31,0.0007118125467512394
2013-08-01,0.011558415303339148
2013-08-02,0.0016987614622806326
2013-08-05,-0.0014621083729946362
2013-08-06,-0.0056828918626830776
2013-08-07,-0.003239916927397112
2013-08-08,0.003664590467554658
2013-08-09,-0.002886052491329485
2013-08-12,-0.001180971686648846
2013-08-13,0.0029567096734895537
2013-08-14,0.0
2013-08-15,0.0
2013-08-16,-0.0033054938543794154
2013-08-19,-0.00639272820552344
2013-08-20,0.00491633171219188
2013-08-21,-0.006160452164332026
2013-08-22,0.009115385859281839
2013-08-23,0.003372401560462285
2013-08-26,-0.003720894768663062
2013-08-27,-0.01608450527485726
2013-08-28,0.003550700136821433
2013-08-29,0.0015865872453654324
2013-08-30,0.0
2013-09-03,0.0
2013-09-04,0.0
2013-09-05,0.0
2013-09-06,0.0
2013-09-09,-0.0004360814250903166
2013-09-10,0.00021808366440659644
2013-09-11,0.0
2013-09-12,-0.0026561684128785655
2013-09-13,0.002249100783086762
2013-09-16,0.0057869998770952525
2013-09-17,0.004462732143219159
2013-09-18,0.011574143508139545
2013-09-19,-0.0016755212083506214
2013-09-20,-0.006991362325215942
2013-09-23,-0.004627896855498646
2013-09-24,-0.0023536400933636265
2013-09-25,-0.00289040027223264
2013-09-26,0.0038452364481833586
2013-09-27,-0.004596138840645372
2013-09-30,-0.005328761488614219
2013-10-01,0.007916366543227662
2013-10-02,-0.0009448927643679134
2013-10-03,-0.009220772517549056
2013-10-04,0.0075764585277231
2013-10-07,-0.00864460058652002
2013-10-08,-0.011646747671449787
2013-10-09,0.000725228796378307
2013-10-10,0.021557914757614743
2013-10-11,-0.0002185010494102454
2013-10-14,0.003994179540288041
2013-10-15,-0.007254181762656339
2013-10-16,0.0002185488025529506
2013-10-17,0.0
2013-10-18,0.006754536092631008
2013-10-21,5.703951423233849e-05
2013-10-22,0.00579124859123701
2013-10-23,-0.0047882421680667045
2013-10-24,0.0033217349358390918
2013-10-25,0.004568074310868143
2013-10-28,0.0015911456863908818
2013-10-29,0.005334279236769677
2013-10-30,-0.004966965825363637
2013-10-31,-0.002836528133498372
2013-11-01,0.0
2013-11-04,0.0
2013-11-05,0.0
2013-11-06,0.00021808366440659644
2013-11-07,-0.0002180361142918187
2013-11-08,0.0
2013-11-11,0.00021808366440659644
2013-11-12,0.0
2013-11-13,0.0
2013-11-14,-0.0002180361142918187
2013-11-15,0.0
2013-11-18,0.0
2013-11-19,0.0
2013-11-20,0.0
2013-11-21,0.00021808366440659644
2013-11-22,-0.0002180361142918187
2013-11-25,-0.0009957149819408548
2013-11-26,0.0
2013-11-27,0.0024352897321317877
2013-11-29,-0.0006626040506886858
2013-12-02,-0.0025965878121886085
2013-12-03,0.00021808366440659644
2013-12-04,-0.0001116277576518082
2013-12-05,-0.004395265947705059
2013-12-06,0.01117745032515409
2013-12-09,0.00254215896451217
2013-12-10,-0.0035832339269600447
2013-12-11,-0.011231139302297542
2013-12-12,-0.0033014283069489215
2013-12-13,-0.0001123232573829896
2013-12-16,0.006232722630467088
2013-12-17,-0.0031808941711605142
2013-12-18,0.01707263555245045
2013-12-19,-0.0011556990527070647
2013-12-20,-0.0002180361142918187
2013-12-23,0.0
2013-12-24,0.0021912321750337726
2013-12-26,0.0
2013-12-27,0.00021808366440659644
2013-12-30,-0.00016318303241519513
2013-12-31,0.0047331830106236246
2014-01-02,-0.009583496259721274
2014-01-03,0.0002185488025529506
2014-01-06,-0.0002185010494102454
2014-01-07,0.0002185488025529506
2014-01-08,0.0
2014-01-09,-0.0002185010494102454
2014-01-10,0.0002185488025529506
2014-01-13,0.0
2014-01-14,0.010897595502171226
2014-01-15,0.0
2014-01-16,0.0
2014-01-17,-0.0002185010494102454
2014-01-21,0.0002185488025529506
2014-01-22,0.0
2014-01-23,0.0
2014-01-24,-0.021335977029754188
2014-01-27,-0.004919453980819923
2014-01-28,0.005954781925455502
2014-01-29,-0.009604966658808119
2014-01-30,0.010600145827857337
2014-01-31,-0.0002185010494102454
2014-02-03,0.0
2014-02-04,0.0002185488025529506
2014-02-05,-0.0002185010494102454
2014-02-06,0.0
2014-02-07,0.012395654579517836
2014-02-10,0.0018368820186052475
2014-02-11,0.010943606829805821
2014-02-12,0.0004947870978532008
2014-02-13,0.005163089072178718
2014-02-14,0.005518801260326087
2014-02-18,0.0011950906480565771
2014-02-19,-0.006621515529162225
2014-02-20,0.005901022068741409
2014-02-21,-0.0011407296054458018
2014-02-24,0.005546603606247203
2014-02-25,-0.0003784074539529386
2014-02-26,5.4034894897532886e-05
2014-02-27,0.005247740692277278
2014-02-28,0.0025291923481669198
2014-03-03,-0.007032393278894033
2014-03-04,0.014055795721755056
2014-03-05,0.0009061818451203069
2014-03-06,0.0022903039442000502
2014-03-07,0.0004253090488789359
2014-03-10,-0.0005313350801801485
2014-03-11,-0.004942497906091135
2014-03-12,0.00026682653401307205
2014-03-13,-0.01121350399089604
2014-03-14,-0.002807716008977187
2014-03-17,0.009043565960365358
2014-03-18,0.007138497118823162
2014-03-19,-0.0053295326758847905
2014-03-20,-0.0002185010494102454
2014-03-21,0.0002185488025529506
2014-03-24,0.0
2014-03-25,0.004745673984747221
2014-03-26,-0.0002185010494102454
2014-03-27,0.0
2014-03-28,0.0
2014-03-31,0.0
2014-04-01,0.0
2014-04-02,0.0
2014-04-03,0.0002185488025529506
2014-04-04,-0.0002185010494102454
2014-04-07,0.0
2014-04-08,0.0
2014-04-09,0.01075108187674044
2014-04-10,-0.021006191678283912
2014-04-11,-0.009008494937756848
2014-04-14,0.007878707037449983
2014-04-15,0.006887514445747235
2014-04-16,0.010477865745877722
2014-04-17,0.001396714761255193
2014-04-21,-0.0002185010494102454
2014-04-22,-0.00021875754066427147
2014-04-23,0.00021880540599677136
2014-04-24,0.0020275725396943028
2014-04-25,-0.008199160909033228
2014-04-28,0.003167407208288254
2014-04-29,0.004655137590095219
2014-04-30,0.0029826839930860924
2014-05-01,0.0001064108547057605
2014-05-02,-0.001433698768150927
2014-05-05,0.0019138431724117114
2014-05-06,-0.00870393781730041
2014-05-07,0.005890073234927935
2014-05-08,-0.0010653427921526017
2014-05-09,0.0014921490903128795
2014-05-12,-0.00021875754066427147
2014-05-13,0.00021880540599677136
2014-05-14,0.0
2014-05-15,0.0
2014-05-16,0.0
2014-05-19,0.0
2014-05-20,0.0
2014-05-21,-0.00021875754066427147
2014-05-22,0.0
2014-05-23,0.00021880540599677136
2014-05-27,-0.00021875754066427147
2014-05-28,0.00021880540599677136
2014-05-29,-0.00021875754066427147
2014-05-30,0.00021880540599677136
2014-06-02,-0.00021875754066427147
2014-06-03,0.0
2014-06-04,0.0
2014-06-05,0.0
2014-06-06,0.004782484999390492
2014-06-09,0.00021880540599677136
2014-06-10,0.0
2014-06-11,-0.00021875754066427147
2014-06-12,0.00021880540599677136
2014-06-13,-0.00021875754066427147
2014-06-16,0.00021880540599677136
2014-06-17,-0.00021875754066427147
2014-06-18,0.00021880540599677136
2014-06-19,0.0011205182025543295
2014-06-20,0.002030633335642212
2014-06-23,-0.0003064840276469598
2014-06-24,-0.0060242097283785875
2014-06-25,0.004519981709068299
2014-06-26,-0.0007158719251177306
2014-06-27,0.0019444045602044625
2014-06-30,-0.0005108332084194714
2014-07-01,0.006693356615349499
2014-07-02,0.0010151073534657737
2014-07-03,0.004917770618241338
2014-07-07,0.00021880540599677136
2014-07-08,0.0
2014-07-09,0.004484511414097311
2014-07-10,-0.003956836205184147
2014-07-11,0.0013750345521380686
2014-07-14,0.005035282565008221
2014-07-15,-0.001872309194594616
2014-07-16,0.0
2014-07-17,0.0
2014-07-18,-0.00021838783842807524
2014-07-21,0.000218435542093949
2014-07-22,-0.00021838783842807524
2014-07-23,0.000218435542093949
2014-07-24,0.0
2014-07-25,0.0
2014-07-28,0.0
2014-07-29,0.0
2014-07-30,0.0
2014-07-31,-0.00021838783842807524
2014-08-01,0.000218435542093949
2014-08-04,0.0
2014-08-05,-0.00021838783842807524
2014-08-06,0.0
2014-08-07,0.000218435542093949
2014-08-08,-0.00021838783842807524
2014-08-11,0.0
2014-08-12,0.0
2014-08-13,0.000218435542093949
2014-08-14,-0.00021838783842807524
2014-08-15,0.000218435542093949
2014-08-18,-0.00021838783842807524
2014-08-19,0.000218435542093949
2014-08-20,-0.00021838783842807524
2014-08-21,0.000218435542093949
2014-08-22,0.0
2014-08-25,0.0
2014-08-26,0.0
2014-08-27,-0.00021838783842807524
2014-08-28,0.000218435542093949
2014-08-29,0.0
2014-09-02,-0.00021838783842807524
2014-09-03,0.000218435542093949
2014-09-04,-0.00021838783842807524
2014-09-05,0.000218435542093949
2014-09-08,-0.00021838783842807524
2014-09-09,0.0
2014-09-10,0.000218435542093949
2014-09-11,-0.00021838783842807524
2014-09-12,0.0
2014-09-15,0.0
2014-09-16,0.0
2014-09-17,0.0
2014-09-18,0.000218435542093949
2014-09-19,0.0
2014-09-22,0.0
2014-09-23,0.0
2014-09-24,0.0
2014-09-25,0.0
2014-09-26,0.0
2014-09-29,-0.00021838783842807524
2014-09-30,0.000218435542093949
2014-10-01,0.0
2014-10-02,0.0
2014-10-03,-0.00043667128496397643
2014-10-06,0.0
2014-10-07,0.0002183788062898527
2014-10-08,0.0
2014-10-09,0.0
2014-10-10,0.0
2014-10-13,0.0
2014-10-14,-0.0002183311273988754
2014-10-15,0.0
2014-10-16,-0.0008580816287230315
2014-10-17,0.011810629656661511
2014-10-20,0.009709604045755627
2014-10-21,0.019811057020575073
2014-10-22,0.0002183788062898527
2014-10-23,-0.0002183311273988754
2014-10-24,0.0
2014-10-27,0.0
2014-10-28,0.0
2014-10-29,-0.0015118392999946598
2014-10-30,-0.0002183311273988754
2014-10-31,0.0002183788062898527
2014-11-03,-0.0002183311273988754
2014-11-04,0.0002183788062898527
2014-11-05,-0.0002183311273988754
2014-11-06,0.0002183788062898527
2014-11-07,-0.0002183311273988754
2014-11-10,0.0002183788062898527
2014-11-11,0.0
2014-11-12,0.0
2014-11-13,-0.0002183311273988754
2014-11-14,0.0
2014-11-17,0.0002183788062898527
2014-11-18,-0.0002183311273988754
2014-11-19,0.0
2014-11-20,0.0
2014-11-21,0.0
2014-11-24,0.0002183788062898527
2014-11-25,0.0
2014-11-26,-0.0002183311273988754
2014-11-28,0.0002183788062898527
2014-12-01,-0.0002183311273988754
2014-12-02,0.0
2014-12-03,0.0
2014-12-04,0.0
2014-12-05,0.0002183788062898527
2014-12-08,0.0
2014-12-09,-0.0002183311273988754
2014-12-10,0.0
2014-12-11,0.005070062106336019
2014-12-12,0.0002183788062898527
2014-12-15,-0.006869681912584403
2014-12-16,-0.008019838897623317
2014-12-17,0.01960468474117123
2014-12-18,0.00021968030509133917
2014-12-19,-0.0002196320562542134
2014-12-22,0.0
2014-12-23,0.0
2014-12-24,0.00021968030509133917
2014-12-26,-0.0002196320562542134
2014-12-29,0.0
2014-12-30,0.0
2014-12-31,0.00021968030509133917
2015-01-02,-0.0002196320562542134
2015-01-05,0.00021968030509133917
2015-01-06,-0.0002196320562542134
2015-01-07,0.0
2015-01-08,0.0
2015-01-09,0.0
2015-01-12,0.0
2015-01-13,0.0
2015-01-14,0.0
2015-01-15,0.0
2015-01-16,0.013114383121061278
2015-01-20,0.00213245524695766
2015-01-21,0.00021968030509133917
2015-01-22,0.014870753585806161
2015-01-23,0.00021968030509133917
2015-01-26,0.0
2015-01-27,0.0
2015-01-28,-0.0002196320562542134
2015-01-29,0.0
2015-01-30,0.0
2015-02-02,0.0
2015-02-03,0.00021968030509133917
2015-02-04,-0.0002196320562542134
2015-02-05,0.0
2015-02-06,-0.0027654948255571216
2015-02-09,-0.0002179044776131876
2015-02-10,0.00021795197032342567
2015-02-11,-0.0002179044776131876
2015-02-12,0.0
2015-02-13,0.00021795197032342567
2015-02-17,0.0
2015-02-18,0.0
2015-02-19,0.0
2015-02-20,-0.0002179044776131876
2015-02-23,0.00021795197032342567
2015-02-24,-0.0002179044776131876
2015-02-25,0.00021795197032342567
2015-02-26,-0.0002179044776131876
2015-02-27,0.00021795197032342567
2015-03-02,-0.0002179044776131876
2015-03-03,0.00021795197032342567
2015-03-04,0.0
2015-03-05,0.0
2015-03-06,-0.0002179044776131876
2015-03-09,0.00021795197032342567
2015-03-10,0.0
2015-03-11,0.0
2015-03-12,-0.0002179044776131876
2015-03-13,0.00021795197032342567
2015-03-16,0.0
2015-03-17,0.0
2015-03-18,0.0
2015-03-19,0.0
2015-03-20,0.0
2015-03-23,-0.0019484346937911814
2015-03-24,-0.005618973823305954
2015-03-25,-0.014653850598829595
2015-03-26,-0.0023811584642813685
2015-03-27,0.0022892126690964103
2015-03-30,0.012200246123307007
2015-03-31,0.00043683538057244666
2015-04-01,-0.0004366446387455053
2015-04-02,0.00021883571457385244
2015-04-06,0.00673307007026084
2015-04-07,-0.0026466335681490623
2015-04-08,0.0
2015-04-09,-0.0002179044776131876
2015-04-10,0.0
2015-04-13,-0.0002187878359814254
2015-04-14,0.00021883571457385244
2015-04-15,-0.0002187878359814254
2015-04-16,-0.00028482977018679526
2015-04-17,-0.011503705682373487
2015-04-20,0.009136986981484699
2015-04-21,-0.001191666522437884
2015-04-22,0.004914584325631123
2015-04-23,0.0
2015-04-24,0.0023202652270515947
2015-04-27,-0.004157488754144488
2015-04-28,0.0031788062555156327
2015-04-29,-0.004114618846905731
2015-04-30,-0.010020285549157544
2015-05-01,0.010841263166087158
2015-05-04,0.0028476144371873406
2015-05-05,-0.011452337675231636
2015-05-06,-0.004116550520587783
2015-05-07,0.003989648536954585
2015-05-08,0.013165687811572586
2015-05-11,-0.004772538003841832
2015-05-12,-0.002990826532936471
2015-05-13,0.0001900884960724995
2015-05-14,0.010427774086460397
2015-05-15,0.0010833694022077105
2015-05-18,0.003107128996491842
2015-05-19,-0.00032832528410086325
2015-05-20,0.0
2015-05-21,0.00021883571457385244
2015-05-22,0.0
2015-05-26,0.0
2015-05-27,0.0
2015-05-28,-0.0002187878359814254
2015-05-29,0.0
2015-06-01,0.0
2015-06-02,0.00021883571457385244
2015-06-03,0.0026497091792181925
2015-06-04,-0.008446883220669365
2015-06-05,-0.0017129104825945203
2015-06-08,-0.00021935824493338887
2015-06-09,-0.00014405645102739487
2015-06-10,0.011993255523976693
2015-06-11,0.003224075708883705
2015-06-12,-0.0076549824465331215
2015-06-15,-0.004285642299424689
2015-06-16,0.005451304151560891
2015-06-17,0.001617668078151046
2015-06-18,0.010399283240350332
2015-06-19,-0.004439359711866181
2015-06-22,0.00512320727779853
2015-06-23,0.0007077709509812767
2015-06-24,0.0
2015-06-25,0.00021940637353041372
2015-06-26,-0.00021935824493338887
2015-06-29,0.00021940637353041372
2015-06-30,0.002093372187874036
2015-07-01,0.0
2015-07-02,0.0
2015-07-06,0.0
2015-07-07,-0.00021935824493338887
2015-07-08,0.0
2015-07-09,0.0
2015-07-10,0.0
2015-07-13,0.0
2015-07-14,0.00021940637353041372
2015-07-15,-0.00021935824493338887
2015-07-16,0.0
2015-07-17,0.00021940637353041372
2015-07-20,-0.00021935824493338887
2015-07-21,0.00021940637353041372
2015-07-22,-0.00021935824493338887
2015-07-23,0.0
2015-07-24,0.00021940637353041372
2015-07-27,-0.00021935824493338887
2015-07-28,0.0
2015-07-29,0.00021940637353041372
2015-07-30,0.0
2015-07-31,0.0
2015-08-03,0.0
2015-08-04,-0.00021935824493338887
2015-08-05,0.0
2015-08-06,0.0
2015-08-07,0.0
2015-08-10,0.00021940637353041372
2015-08-11,-0.00021935824493338887
2015-08-12,0.0
2015-08-13,-0.0012443956092594273
2015-08-14,0.003641908244206131
2015-08-17,0.0
2015-08-18,0.00021809505159474426
2015-08-19,0.00021940637353041372
2015-08-20,-0.020881422460869846
2015-08-21,-0.030102392173032625
2015-08-24,-0.04210700573145623
2015-08-25,-0.011767448700822969
2015-08-26,0.03839351600209894
2015-08-27,0.024735727791133436
2015-08-28,0.00021940637353041372
2015-08-31,0.0
2015-09-01,0.0
2015-09-02,0.018981080054797494
2015-09-03,0.00021940637353041372
2015-09-04,-0.00021935824493338887
2015-09-08,0.0
2015-09-09,0.0
2015-09-10,-0.00021804749651474178
2015-09-11,0.0045444913487821
2015-09-14,-0.0037106484980732883
2015-09-15,0.012499575275780573
2015-09-16,0.0
2015-09-17,-0.0022483460482369258
2015-09-18,-0.01634130541579599
2015-09-21,0.005167785397854479
2015-09-22,0.0
2015-09-23,-0.00021804749651474178
2015-09-24,0.0
2015-09-25,0.0
2015-09-28,0.00021809505159474426
2015-09-29,0.0
2015-09-30,0.018658702887888564
2015-10-01,0.00021809505159474426
2015-10-02,0.0
2015-10-05,-0.00021804749651474178
2015-10-06,0.0
2015-10-07,0.008190678417731244
2015-10-08,0.009026909565141142
2015-10-09,0.0005961622824125595
2015-10-12,0.0009435727537383903
2015-10-13,-0.006302065860301731
2015-10-14,-0.004793895751475402
2015-10-15,0.015354372138897404
2015-10-16,0.004546783786616596
2015-10-19,0.000491797169809203
2015-10-20,-0.0012784748983637136
2015-10-21,-0.006203575739150932
2015-10-22,0.016893717496779065
2015-10-23,0.0
2015-10-26,-0.00021893146598245182
2015-10-27,0.0
2015-10-28,0.0
2015-10-29,0.0
2015-10-30,0.0
2015-11-02,0.0
2015-11-03,0.00021897940746514813
2015-11-04,-0.00021893146598245182
2015-11-05,0.0
2015-11-06,0.0
2015-11-09,0.00021897940746514813
2015-11-10,-0.00021893146598245182
2015-11-11,0.00021897940746514813
2015-11-12,0.0
2015-11-13,-0.00021893146598245182
2015-11-16,0.00021897940746514813
2015-11-17,-0.00021893146598245182
2015-11-18,0.0
2015-11-19,0.00021897940746514813
2015-11-20,-0.00021893146598245182
2015-11-23,0.00021897940746514813
2015-11-24,-0.00021893146598245182
2015-11-25,0.0
2015-11-27,0.00021897940746514813
2015-11-30,0.0
2015-12-01,-0.00021893146598245182
2015-12-02,0.0
2015-12-03,0.00021897940746514813
2015-12-04,0.019503315829117067
2015-12-07,-0.00605871789442008
2015-12-08,-0.00671965179930383
2015-12-09,-0.007779370508208402
2015-12-10,0.0025805956134141196
2015-12-11,-0.0193808965003385
2015-12-14,0.005052642961270996
2015-12-15,0.010497791872626767
2015-12-16,0.01463153950577092
2015-12-17,-0.015237830016769482
2015-12-18,0.00021897940746514813
2015-12-21,0.008249286865165765
2015-12-22,0.009074206546747891
2015-12-23,0.012383133260381757
2015-12-24,-0.0016500882818367695
2015-12-28,-0.0022850598739851628
2015-12-29,0.0106717076757055
2015-12-30,-0.007087903776888022
2015-12-31,-0.010002923455683214
2016-01-04,0.00021897940746514813
2016-01-05,0.0
2016-01-06,-0.00043765382836797673
2016-01-07,0.0002188181289773882
2016-01-08,-0.010976793938382407
2016-01-11,0.0009899370736208384
2016-01-12,0.00021897940746514813
2016-01-13,-0.00021893146598245182
2016-01-14,-0.0002187702580788395
2016-01-15,0.0
2016-01-19,0.0002188181289773882
2016-01-20,0.0
2016-01-21,0.00021897940746514813
2016-01-22,-0.00043765382836797673
2016-01-25,0.0002188181289773882
2016-01-26,-0.0002187702580788395
2016-01-27,0.0002188181289773882
2016-01-28,0.0
2016-01-29,0.00021897940746514813
2016-02-01,-0.00043765382836797673
2016-02-02,0.0
2016-02-03,0.0002188181289773882
2016-02-04,0.0015681091759853275
2016-02-05,-0.019049974791198777
2016-02-08,-0.013461033494744484
2016-02-09,5.3722394370910763e-05
2016-02-10,-0.0008628390261171726
2016-02-11,-0.013007920040215717
2016-02-12,0.020616663243405758
2016-02-16,0.01687856380300503
2016-02-17,0.016334627149410037
2016-02-18,-0.0040959140573922775
2016-02-19,-0.00046822418350987537
2016-02-22,0.014478750978562164
2016-02-23,-0.00021893146598245182
2016-02-24,0.00021897940746514813
2016-02-25,0.012111962967641296
2016-02-26,-0.0023012070294822664
2016-02-29,0.00021897940746514813
2016-03-01,0.0
2016-03-02,-0.00021893146598245182
2016-03-03,0.00021897940746514813
2016-03-04,0.003253490829547978
2016-03-07,0.0007982649279977347
2016-03-08,-0.010917773558977632
2016-03-09,0.004939834435296399
2016-03-10,0.0008021955861133073
2016-03-11,0.016137076676347433
2016-03-14,-0.0012821622223357706
2016-03-15,-0.0016295799174681882
2016-03-16,0.005787105386490005
2016-03-17,0.00634407201316339
2016-03-18,0.003929796734987968
2016-03-21,0.0014185334249169578
2016-03-22,-0.0005372049011149626
2016-03-23,-0.006599585412470117
2016-03-24,-0.0004429071301208028
2016-03-28,0.0005909822507145776
2016-03-29,0.009250204034904024
2016-03-30,0.004387652407955047
2016-03-31,-0.0024268582358358062
2016-04-01,0.006811699040842791
2016-04-04,-0.0032379054426227905
2016-04-05,-0.009987703321853517
2016-04-06,0.0109210508169748
2016-04-07,-0.011965963543661591
2016-04-08,0.0026968339152133826
2016-04-11,-0.002347270309643369
2016-04-12,0.009312961808168098
2016-04-13,0.01010092421085297
2016-04-14,4.7905035556905154e-05
2016-04-15,-0.00021804749651474178
2016-04-18,0.00021809505159474426
2016-04-19,0.00315429654390449
2016-04-20,0.0009525239562870968
2016-04-21,-0.00021804749651474178
2016-04-22,0.00021809505159474426
2016-04-25,-0.00021804749651474178
2016-04-26,0.00021809505159474426
2016-04-27,0.0
2016-04-28,-0.009075598689450957
2016-04-29,-0.005398993606777809
2016-05-02,0.007948536693764283
2016-05-03,-0.008703223137583505
2016-05-04,-0.005578299993616945
2016-05-05,-0.00019503125518946033
2016-05-06,0.00021940637353041372
2016-05-09,0.0
2016-05-10,0.0
2016-05-11,-0.00043735791093198304
2016-05-12,0.0
2016-05-13,0.0
2016-05-16,0.0
2016-05-17,0.0
2016-05-18,0.00021809505159474426
2016-05-19,-0.00021804749651474178
2016-05-20,0.00021809505159474426
2016-05-23,0.00021940637353041372
2016-05-24,-0.00043735791093198304
2016-05-25,0.00021809505159474426
2016-05-26,0.0
2016-05-27,0.00021940637353041372
2016-05-31,0.0
2016-06-01,0.0
2016-06-02,-0.00021935824493338887
2016-06-03,0.00021940637353041372
2016-06-06,0.0050887184265362255
2016-06-07,0.0015611893736631906
2016-06-08,0.0032596664352850684
2016-06-09,-0.0013653342127866103
2016-06-10,-0.009477631033987919
2016-06-13,-0.007711898916869481
2016-06-14,-0.0019667078984568734
2016-06-15,-0.0013936643715716417
2016-06-16,0.0029840252165466686
2016-06-17,-0.0037240669777621536
2016-06-20,0.00643948082772754
2016-06-21,0.0028391197717852613
2016-06-22,-0.001631139506839836
2016-06-23,0.013022111113891696
2016-06-24,-0.03590868333890725
2016-06-27,0.0
2016-06-28,0.0
2016-06-29,0.0
2016-06-30,0.0
2016-07-01,0.00043829010205479976
2016-07-05,0.0
2016-07-06,-0.0002187878359814254
2016-07-07,0.00021883571457385244
2016-07-08,-0.0002187878359814254
2016-07-11,0.00021883571457385244
2016-07-12,-0.0004380980879991006
2016-07-13,0.00021940637353041372
2016-07-14,0.00021883571457385244
2016-07-15,-0.0002187878359814254
2016-07-18,0.0
2016-07-19,0.00021883571457385244
2016-07-20,0.0
2016-07-21,0.0
2016-07-22,0.0
2016-07-25,-0.0002187878359814254
2016-07-26,0.0
2016-07-27,0.00021883571457385244
2016-07-28,-0.0002187878359814254
2016-07-29,0.0016143528368728229
2016-08-01,-0.0008289099164655321
2016-08-02,-0.006407486542837929
2016-08-03,0.0029228160941086297
2016-08-04,0.0010637773832754358
2016-08-05,0.00817904580675575
2016-08-08,0.0
2016-08-09,0.0
2016-08-10,0.0
2016-08-11,0.004640276274580456
2016-08-12,-0.0008686921366401728
2016-08-15,0.002883635761620978
2016-08-16,-0.005157751323371484
2016-08-17,0.0018812999738328426
2016-08-18,0.00224404462234377
2016-08-19,-0.0014624031197933223
2016-08-22,-4.5769595200388245e-05
2016-08-23,0.002013379138989312
2016-08-24,-0.005114406374822192
2016-08-25,-0.0006888830417223906
2016-08-26,-0.0018833816235835146
2016-08-29,0.00021883571457385244
2016-08-30,0.0
2016-08-31,0.0
2016-09-01,0.0
2016-09-02,0.00021795197032342567
2016-09-06,0.0
2016-09-07,-9.133441382327495e-05
2016-09-08,-0.002282666965785496
2016-09-09,-0.02393519123095422
2016-09-12,-0.0004366446387455053
2016-09-13,-0.014375280305141328
2016-09-14,0.0
2016-09-15,0.00999300476186745
2016-09-16,-0.003865661949355674
2016-09-19,0.0
2016-09-20,0.0
2016-09-21,0.0
2016-09-22,0.006301321437101656
2016-09-23,-0.005479058508229695
2016-09-26,-0.008102306258639475
2016-09-27,0.006207682003351663
2016-09-28,0.004963821081303706
2016-09-29,-0.009047416668020643
2016-09-30,0.007546261205389323
2016-10-03,-0.0024041452009861755
2016-10-04,0.00021795197032342567
2016-10-05,0.0
2016-10-06,0.0
2016-10-07,0.0
2016-10-10,0.0
2016-10-11,-0.0002179044776131876
2016-10-12,0.00021795197032342567
2016-10-13,-0.0002179044776131876
2016-10-14,0.0
2016-10-17,0.0
2016-10-18,0.0
2016-10-19,0.00021795197032342567
2016-10-20,-0.0002179044776131876
2016-10-21,0.0
2016-10-24,0.0
2016-10-25,0.0
2016-10-26,0.00021795197032342567
2016-10-27,-0.0002179044776131876
2016-10-28,0.00021795197032342567
2016-10-31,0.00021968030509133917
2016-11-01,-0.0002196320562542134
2016-11-02,-0.006018869924804136
2016-11-03,-0.004577202532735773
2016-11-04,-0.0011017656063420757
2016-11-07,0.022057217751839938
2016-11-08,0.004503640944656417
2016-11-09,-0.0004374886750589158
2016-11-10,0.0
2016-11-11,-0.0004380980879991006
2016-11-14,0.00043829010205479976
2016-11-15,0.00021795197032342567
2016-11-16,0.0
2016-11-17,0.00021968030509133917
2016-11-18,-0.0002196320562542134
2016-11-21,-0.0002179044776131876
2016-11-22,0.0
2016-11-23,0.0
2016-11-25,0.00021795197032342567
2016-11-28,-0.0002179044776131876
2016-11-29,0.0
2016-11-30,0.0
2016-12-01,0.0004595171454853433
2016-12-02,-0.0002188962158316688
2016-12-05,0.0
2016-12-06,0.00021894414187580393
2016-12-07,0.0
2016-12-08,0.0
2016-12-09,0.0
2016-12-12,-0.0002188962158316688
2016-12-13,0.00021894414187580393
2016-12-14,0.0
2016-12-15,0.0
2016-12-16,-0.0002188962158316688
2016-12-19,0.00021894414187580393
2016-12-20,-0.0002188962158316688
2016-12-21,0.00021894414187580393
2016-12-22,-0.0002188962158316688
2016-12-23,0.0
2016-12-27,0.00021894414187580393
2016-12-28,-2.1722525235203776e-05
2016-12-29,0.0002189009709135335
2016-12-30,-0.0004379149567900938
2017-01-03,0.007650106217040356
2017-01-04,0.0
2017-01-05,-0.00021885306376538785
2017-01-06,0.00357759507059354
2017-01-09,-0.0033007560131439215
2017-01-10,0.0
2017-01-11,0.002826005399130024
2017-01-12,-0.0025100272817149935
2017-01-13,0.002295611497472483
2017-01-17,-0.003523229965174513
2017-01-18,0.002209735681193851
2017-01-19,-0.0037043837819308043
2017-01-20,0.0036739683701878137
2017-01-23,-0.002602066580628341
2017-01-24,0.006411507583587627
2017-01-25,0.008655949442406106
2017-01-26,-0.0010455596444462738
2017-01-27,-0.001569942247750813
2017-01-30,-0.006201515748506427
2017-01-31,-8.789694231829513e-05
2017-02-01,0.00039572714609373435
2017-02-02,0.0006587120739168436
2017-02-03,0.006892700299411028
2017-02-06,-0.0017876692567901187
2017-02-07,4.391633116451834e-05
2017-02-08,0.0013102164607629468
2017-02-09,0.005932929720337618
2017-02-10,-0.00021941714372323963
2017-02-13,0.0
2017-02-14,0.0002194652981721109
2017-02-15,-0.00021941714372323963
2017-02-16,0.0
2017-02-17,0.0015762697280611202
2017-02-21,-0.00021941714372323963
2017-02-22,0.0
2017-02-23,0.0
2017-02-24,0.0
2017-02-27,0.0
2017-02-28,0.00043736447861226097
2017-03-01,-0.0003931324242620001
2017-03-02,0.0
2017-03-03,0.00021851599969347206
2017-03-06,0.00021909454352293797
2017-03-07,-0.00043746695778256015
2017-03-08,0.0
2017-03-09,0.0
2017-03-10,0.00021851599969347206
2017-03-13,-0.0002184682608830439
2017-03-14,-0.003826914559006638
2017-03-15,0.00021851599969347206
2017-03-16,-0.0019667349204537977
2017-03-17,-0.0017563959746720267
2017-03-20,-0.0010969835042840333
2017-03-21,-0.012839210891051021
2017-03-22,0.002353048892144296
2017-03-23,-0.0010672833125369855
2017-03-24,-0.0007264645841147066
2017-03-27,-0.0010262447925828441
2017-03-28,0.007276941352958152
2017-03-29,0.0009347248360079125
2017-03-30,0.0031841970956956837
2017-03-31,-0.0002190465516187008
2017-04-03,8.778395002515046e-05
2017-04-04,0.0
2017-04-05,0.0
2017-04-06,0.0
2017-04-07,0.0
2017-04-10,0.0
2017-04-11,0.0002188665696709591
2017-04-12,-0.00021881867757761776
2017-04-13,-0.006495181324819598
2017-04-17,0.0
2017-04-18,0.00021881867757761776
2017-04-19,-0.0018383136971272124
2017-04-20,0.00813881241342767
2017-04-21,-0.0031866775775027958
2017-04-24,0.010997761274765356
2017-04-25,0.0058186644386978735
2017-04-26,-0.0006286999604319377
2017-04-27,0.0008388928780235067
2017-04-28,-0.0021790857431473283
2017-05-01,0.0025197634661188757
2017-05-02,0.0003770886312408854
2017-05-03,-0.0012144654418806881
2017-05-04,0.0011740412515571935
2017-05-05,0.00393680752443051
2017-05-08,-0.0001667506322505167
2017-05-09,0.0
2017-05-10,0.00021915461394522219
2017-05-11,0.0
2017-05-12,-0.0002191065957238235
2017-05-15,0.00021915461394522219
2017-05-16,-0.000915574331535059
2017-05-17,-0.01774423816139778
2017-05-18,0.00402863762345704
2017-05-19,0.006504199251466199
2017-05-22,0.005077635072855703
2017-05-23,0.002212656148021572
2017-05-24,0.0023327253846156678
2017-05-25,0.004779697377958249
2017-05-26,-0.00020695477785719944
2017-05-30,-0.0008688192662757639
2017-05-31,-0.0002484813199608933
2017-06-01,0.007952426232407044
2017-06-02,0.0033283139972616516
2017-06-05,-0.0007370027838786236
2017-06-06,-0.0031969282118404206
2017-06-07,0.0018501067400038642
2017-06-08,0.0004923394150038023
2017-06-09,-0.0015174990118881034
2017-06-12,-0.00020540658915565104
2017-06-13,0.004889855611724316
2017-06-14,-0.001267627584496151
2017-06-15,-0.0019243473348821282
2017-06-16,0.00043742475246564844
2017-06-19,-0.00021872095030970532
2017-06-20,0.0
2017-06-21,0.0002187687996294584
2017-06-22,0.0002183041404949179
2017-06-23,-0.00021825649419854445
2017-06-26,0.0006581655308026826
2017-06-27,0.0
2017-06-28,0.008950265984620785
2017-06-29,-0.00878875642880521
2017-06-30,0.001864286777404742
2017-07-03,0.0016958807399656325
2017-07-05,0.002311965593661856
2017-07-06,-0.009144826986232845
2017-07-07,0.0064855033733529155
2017-07-10,0.0010737703726319769
2017-07-11,-0.0007427217732141038
2017-07-12,0.007515073859020549
2017-07-13,0.001679871461342472
2017-07-14,0.004664428578156127
2017-07-17,-0.00012213107545657777
2017-07-18,0.0005292276222841601
2017-07-19,0.00541428074219177
2017-07-20,0.00044507867403324367
2017-07-21,-0.0008903311462051949
2017-07-24,-0.0002428136152423645
2017-07-25,0.0024308650984675067
2017-07-26,4.026204759969907e-05
2017-07-27,-0.000929688650329659
2017-07-28,-0.0011729819015478377
2017-07-31,-0.0005671140162200597
2017-08-01,0.0022288759072215335
2017-08-02,0.0004854037298021238
2017-08-03,-0.0019401038804851625
2017-08-04,0.0018224364504394136
2017-08-07,0.0
2017-08-08,0.0
2017-08-09,0.0
2017-08-10,-0.014115290305740057
2017-08-11,0.0014769732676214046
2017-08-14,0.00991319501770749
2017-08-15,0.0002186003043332618
2017-08-16,-0.00021855252868397865
2017-08-17,-0.015590886027736596
2017-08-18,-0.0015632191497712514
2017-08-21,0.0007825795131821719
2017-08-22,0.010457004681661237
2017-08-23,0.0
2017-08-24,-0.0023307703279774623
2017-08-25,0.002336215509767389
2017-08-28,4.0948785519473125e-05
2017-08-29,0.0011445760373057666
2017-08-30,0.004737677438275776
2017-08-31,0.006016258650330274
2017-09-01,0.0014138219316842608
2017-09-05,-0.007181983224404043
2017-09-06,0.0034137946573223094
2017-09-07,-0.00012161082014094737
2017-09-08,-0.0011745497909657835
2017-09-11,0.010666104408681232
2017-09-12,0.003370573059568731
2017-09-13,0.00047968176440678253
2017-09-14,-0.0002184989011096437
2017-09-15,0.0
2017-09-18,0.002126893219952441
2017-09-19,0.0010009118452783288
2017-09-20,0.00036032387813023927
2017-09-21,0.0
2017-09-22,0.0
2017-09-25,0.0
2017-09-26,0.0
2017-09-27,0.0
2017-09-28,-0.00021886697816133854
2017-09-29,0.0004374137925117379
2017-10-02,4.35559311691545e-05
2017-10-03,0.0
2017-10-04,-0.0002183938561161818
2017-10-05,0.00021844156241133286
2017-10-06,-0.0002183938561161818
2017-10-09,0.0
2017-10-10,0.0
2017-10-11,0.0
2017-10-12,0.0004374029762324975
2017-10-13,0.0
2017-10-16,-0.00021886568132075982
2017-10-17,0.00021891359399365962
2017-10-18,0.0
2017-10-19,0.0
2017-10-20,0.00021865783167088256
2017-10-23,-0.0002186100308755498
2017-10-24,0.0004373156633417651
2017-10-25,0.0
2017-10-26,0.0
2017-10-27,0.0
2017-10-30,-0.0002185622509751159
2017-10-31,0.0002186100308755498
2017-11-01,0.00010948888428126053
2017-11-02,-0.00021884992753127934
2017-11-03,0.0
2017-11-06,0.00021889783330623515
2017-11-07,0.0
2017-11-08,0.0
2017-11-09,-0.00021884992753127934
2017-11-10,0.00021889783330623515
2017-11-13,0.0
2017-11-14,0.0
2017-11-15,-0.005005378024242526
2017-11-16,0.008500953716900765
2017-11-17,-0.0029387452058404896
2017-11-20,0.0017064220557342913
2017-11-21,0.00021932138308716447
2017-11-22,-0.0008850541109648632
2017-11-24,0.00230989420979821
2017-11-27,-0.0004992418546290051
2017-11-28,0.01014467882351041
2017-11-29,-0.0006084000378151403
2017-11-30,0.008754707854531604
2017-12-01,-0.0020753293537903905
2017-12-04,-0.0012098153112858967
2017-12-05,-0.0035967128006230845
2017-12-06,0.00018997698716593993
2017-12-07,0.00010920226293662739
2017-12-08,0.00010908654600649828
2017-12-11,-0.00010907464742995327
2017-12-12,0.00010908654600649828
2017-12-13,-0.00010907464742995327
2017-12-14,-0.004086227079436506
2017-12-15,0.008327548024872289
2017-12-18,0.00010989288090257855
2017-12-19,-0.0038405104828752473
2017-12-20,-0.0005240204860379682
2017-12-21,0.0020597918414181483
2017-12-22,-0.00026209713391411887
2017-12-26,-0.001195997336525265
2017-12-27,0.0004869407346759907
2017-12-28,0.0020572309366547296
2017-12-29,-0.0037704383582601382
2018-01-02,0.007157287360797787
2018-01-03,0.006325105604810104
2018-01-04,0.004214842422061073
2018-01-05,0.0066644688488188076
2018-01-08,0.001828183855342021
2018-01-09,0.0022638848849839614
2018-01-10,0.0
2018-01-11,0.0072961638012133045
2018-01-12,0.006519015398789363
2018-01-16,-0.003418298753906815
2018-01-17,0.009531631891148164
2018-01-18,-0.0016807788863462702
2018-01-19,0.004549650912745352
2018-01-22,0.008130993161910186
2018-01-23,0.002122892432001275
2018-01-24,-0.000388718957608291
2018-01-25,0.00042381920542144014
2018-01-26,0.011577700390691958
2018-01-29,-0.006629945844143589
2018-01-30,-0.010257126522167332
2018-01-31,0.0004966385221680055
2018-02-01,-0.0011346985730538077
2018-02-02,-0.021770021858386075
2018-02-05,-0.041822552518329295
2018-02-06,0.019702363854546594
2018-02-07,-0.005424818985487439
2018-02-08,-0.00010866727716474746
2018-02-09,0.015021588541425374
2018-02-12,0.0
2018-02-13,0.0024874012885052563
2018-02-14,0.013496135455124392
2018-02-15,0.012760323203007809
2018-02-16,0.000292858415560029
2018-02-20,-0.006261150035819834
2018-02-21,-0.004974339595604507
2018-02-22,0.00010905772571453783
2018-02-23,0.015939624507055886
2018-02-26,-0.00021876869770918217
2018-02-27,0.00021881656792478425
2018-02-28,0.00010912551225058117
2018-03-01,9.855422402679515e-05
2018-03-02,0.00010941339205426905
2018-03-05,0.01155812667588207
2018-03-06,0.0
2018-03-07,-0.00036670530385617795
2018-03-08,-0.00010940142207358441
2018-03-09,0.00021851624467981263
2018-03-12,0.0001095964697310902
2018-03-13,0.0
2018-03-14,-0.005131456137809018
2018-03-15,-0.00010958445966117395
2018-03-16,0.0002187789773479931
2018-03-19,0.0
2018-03-20,-0.00010915862600433696
2018-03-21,0.00021803064825882298
2018-03-22,0.00011018131188387697
2018-03-23,0.00010923816620152517
2018-03-26,0.027359039501059636
2018-03-27,-0.01701162752410124
2018-03-28,-0.002954873433442926
2018-03-29,0.0002187150824990189
2018-04-02,-5.469266136144405e-05
2018-04-03,-0.00010970148891079242
2018-04-04,0.00021911683197802835
2018-04-05,0.00010927595735611731
2018-04-06,0.0
2018-04-09,0.00010936738924949575
2018-04-10,-0.00010935542933168949
2018-04-11,0.00021883815032247873
2018-04-12,0.0
2018-04-13,0.0
2018-04-16,0.000218893619871076
2018-04-17,0.0
2018-04-18,-0.00011014614409450828
2018-04-19,0.00021938651346467935
2018-04-20,0.0
2018-04-23,0.0
2018-04-24,0.00010889433199836183
2018-04-25,0.00010908908342649637
2018-04-26,0.00010907718429643873
2018-04-27,0.00010947841385195254
2018-04-30,-0.00010946642964086543
2018-05-01,7.673817121886863e-05
2018-05-02,0.00010947001332332681
2018-05-03,0.0
2018-05-04,0.00021870953731574006
2018-05-07,0.0
2018-05-08,0.00010933085695673069
2018-05-09,0.0
2018-05-10,0.0
2018-05-11,0.0
2018-05-14,0.0
2018-05-15,0.00021925718062105112
2018-05-16,0.00010908852972812083
2018-05-17,0.0
2018-05-18,0.00010845746346784227
2018-05-21,0.0
2018-05-22,0.0
2018-05-23,0.00010968390193206697
2018-05-24,0.00021851836911012778
2018-05-25,0.0001096479126100979
2018-05-29,0.0
2018-05-30,-0.00010963589126347371
2018-05-31,0.0002185737787589816
2018-06-01,0.009817500850947007
2018-06-04,0.00010899806340243076
2018-06-05,0.0
2018-06-06,0.008360352476487731
2018-06-07,-0.00010848178675884073
2018-06-08,0.0029564806942786732
2018-06-11,0.0013300878715150463
2018-06-12,0.0012928094785344471
2018-06-13,-0.00010884734067702428
2018-06-14,0.0025175786701981304
2018-06-15,0.0
2018-06-18,-0.00010892656834420795
2018-06-19,0.00021787686926810686
2018-06-20,-0.00010891470463918939
2018-06-21,0.00010892656834420795
2018-06-22,0.00010891470463918939
2018-06-25,0.00021893901842580477
2018-06-26,0.0022138149319569874
2018-06-27,0.00021870893734550397
2018-06-28,0.0
2018-06-29,0.00021773414763569967
2018-07-02,-0.00014128014225221554
2018-07-03,0.0002184384278612499
2018-07-05,0.0
2018-07-06,0.0002189055525506667
2018-07-09,0.00900459250150912
2018-07-10,0.00359832879980419
2018-07-11,-0.007314447526786789
2018-07-12,0.0
2018-07-13,0.00010982865597413849
2018-07-16,0.00010971367407010972
2018-07-17,0.0
2018-07-18,0.0001085696326518179
2018-07-19,0.00010907233873011603
2018-07-20,0.00010947199209496984
2018-07-23,0.0018595887271475615
2018-07-24,0.005032034904724606
2018-07-25,0.00852254897191059
2018-07-26,-0.0023592010422288593
2018-07-27,0.0002186903288368092
2018-07-30,-0.00010921841471836407
2018-07-31,0.004929454035579704
2018-08-01,-0.0016707101270335392
2018-08-02,0.005447860489693528
2018-08-03,0.0
2018-08-06,0.00010949705483766727
2018-08-07,0.00010938226366594657
2018-08-08,-0.00010937030049490061
2018-08-09,0.00010938226366594657
2018-08-10,0.0002183294344465873
2018-08-13,0.00010975750374439574
2018-08-14,-0.00021907988503443932
2018-08-15,0.00021912789154772744
2018-08-16,0.0
2018-08-17,0.00010882063707855124
2018-08-20,0.0
2018-08-21,0.0001092197833913801
2018-08-22,-0.0005934181330962959
2018-08-23,-0.0013280897995905368
2018-08-24,0.0060186894395785765
2018-08-27,0.00789504362666154
2018-08-28,0.00048334833102331345
2018-08-29,0.005380827606016201
2018-08-30,-0.004048726499888803
2018-08-31,3.487539307722257e-05
2018-09-04,-0.001722462969099337
2018-09-05,-0.002691196859771552
2018-09-06,-0.0030103690689405062
2018-09-07,-0.0019433032930333129
2018-09-10,0.0017386937299675215
2018-09-11,0.003297262521897594
2018-09-12,0.00024243393630406953
2018-09-13,0.005913990156914621
2018-09-14,0.00017215820447903608
2018-09-17,-0.0052942305686562545
2018-09-18,0.005426187683527857
2018-09-19,0.0010653290564966483
2018-09-20,0.008103855213429958
2018-09-21,-0.0009131073273037805
2018-09-24,-0.0033220219579301654
2018-09-25,-0.0009280988181751346
2018-09-26,-0.0029921487889789165
2018-09-27,0.00279429744031295
2018-09-28,0.0
2018-10-01,6.592340336182701e-05
2018-10-02,0.00010938667903990277
2018-10-03,0.0
2018-10-04,0.00021854441628242006
2018-10-05,0.00010924833252814785
2018-10-08,0.0
2018-10-09,-0.00010923639863374573
2018-10-10,0.00021870163378524157
2018-10-11,0.00010963429278708815
2018-10-12,0.0
2018-10-15,0.00010921247153150514
2018-10-16,0.00010879078732568889
2018-10-17,0.0
2018-10-18,0.0
2018-10-19,0.00010908623835619637
2018-10-22,0.00021876318301660295
2018-10-23,0.0
2018-10-24,0.00010915287843615258
2018-10-25,0.00010965288360976064
2018-10-26,0.00010871950939860708
2018-10-29,0.0
2018-10-30,0.0
2018-10-31,0.00010962894236834138
2018-11-01,0.00021821034965956832
2018-11-02,0.0
2018-11-05,0.00010969533859277457
2018-11-06,0.0
2018-11-07,0.00010927404077497396
2018-11-08,0.00010895518524887973
2018-11-09,0.0002189095725473484
2018-11-12,-0.0001091240154037701
2018-11-13,0.00010913592475410408
2018-11-14,-0.0001091240154037701
2018-11-15,0.0003278169061264326
2018-11-16,0.00010899791043030248
2018-11-19,-0.016914201683861416
2018-11-20,-0.018506302741080557
2018-11-21,0.0034074650880857107
2018-11-23,-0.006678670981401403
2018-11-26,0.00010884807057851983
2018-11-27,0.0
2018-11-28,0.00010924499851563742
2018-11-29,-0.002185126880800123
2018-11-30,0.006094967671724484
2018-12-03,-3.2793413448016975e-05
2018-12-04,0.000109110635937243
2018-12-06,0.0002187082260648312
2018-12-07,-0.023235929082459594
2018-12-10,0.0018968196166177008
2018-12-11,0.00022769804763904283
2018-12-12,0.00021853432500261425
2018-12-13,-0.00033904595203235145
2018-12-14,-0.018464600975821706
2018-12-17,0.00010840277694842508
2018-12-18,-0.001096768761891933
2018-12-19,-0.01497555857116792
2018-12-20,0.00021864293373496127
2018-12-21,-0.020489574015565306
2018-12-24,0.00010906957935158798
2018-12-26,0.05052485428132808
2018-12-27,0.000328024974382933
2018-12-28,-0.001290011642846198
2018-12-31,0.00875870131257667
2019-01-02,0.001040311826713675
2019-01-03,0.00032767762233119424
2019-01-04,0.033495949691763185
2019-01-07,0.007884684423940741
2019-01-08,0.00939540048052514
2019-01-09,0.004673419677522188
2019-01-10,0.003527569614633286
2019-01-11,0.000386266406249484
2019-01-14,-0.0061009564589402454
2019-01-15,0.011460843518561269
2019-01-16,0.00010851899591907438
2019-01-17,0.00021905213593662363
2019-01-18,0.0
2019-01-22,0.0001094002189023002
2019-01-23,0.0
2019-01-24,0.0003274517966001846
2019-01-25,-0.00010955607998571291
2019-01-28,0.00010956808383546947
2019-01-29,-0.0013269195001089451
2019-01-30,0.0002178903449529978
2019-01-31,0.008782254159189429
2019-02-01,9.864007001918036e-05
2019-02-04,0.0001092160536809627
2019-02-05,0.0
2019-02-06,0.00021871357742134963
2019-02-07,0.0
2019-02-08,0.00021886925690783833
2019-02-11,-0.00010966500697461305
2019-02-12,0.0002188453633168777
2019-02-13,0.0
2019-02-14,0.00021808544779076085
2019-02-15,0.0
2019-02-19,0.00021915656148134785
2019-02-20,0.0
2019-02-21,0.00010889338696866432
2019-02-22,0.0002186780318245159
2019-02-25,-0.00010926429049868223
2019-02-26,0.00010927623048847492
2019-02-27,-0.0004297473042998422
2019-02-28,0.00021880961876108023
2019-03-01,0.006243621819745447
2019-03-04,-0.00010840383731296655
2019-03-05,0.00010841558997894482
2019-03-06,0.00010952140264608992
2019-03-07,0.000218714060876057
2019-03-08,0.00010907920897463919
2019-03-11,0.0
2019-03-12,0.00010987973145474875
2019-03-13,0.00010935995285235533
2019-03-14,-0.0006399926093920891
2019-03-15,0.00010884034370399732
2019-03-18,0.003625994158806392
2019-03-19,0.0002480110873558605
2019-03-20,-0.003009817489687907
2019-03-21,0.011294692347776851
2019-03-22,-0.01924649542314565
2019-03-25,-0.00075187378616095
2019-03-26,0.0074538063873592604
2019-03-27,-0.005228834086211237
2019-03-28,0.00021822453894866702
2019-03-29,0.0
2019-04-01,0.00017577899356839574
2019-04-02,-0.0001101341242978189
2019-04-03,0.00011014625515917554
2019-04-04,0.00032806988223153236
2019-04-05,0.0
2019-04-08,0.0
2019-04-09,0.00010857731378914651
2019-04-10,0.0
2019-04-11,0.00032833215577074935
2019-04-12,0.0
2019-04-15,0.00010893523258280166
2019-04-16,0.0
2019-04-17,0.00021875865054182028
2019-04-18,0.00010950735568303162
2019-04-22,0.0
2019-04-23,0.0
2019-04-24,0.00021787653136510435
2019-04-25,0.00021853795274091455
2019-04-26,-0.00010924510216948219
2019-04-29,0.00010925703796575749
2019-04-30,0.00010914385555023336
2019-05-01,4.373376624362684e-05
2019-05-02,0.00011013948335471504
2019-05-03,0.00010850783407330211
2019-05-06,0.00010971056955068158
2019-05-07,0.00010949613864194631
2019-05-08,0.0
2019-05-09,0.00010897821639795324
2019-05-10,0.00021884326512128046
2019-05-13,-0.025130367942273628
2019-05-14,0.009043258065388202
2019-05-15,0.005857527092617157
2019-05-16,0.009261243904267096
2019-05-17,0.00010922211905676182
2019-05-20,0.0001093113114354092
2019-05-21,0.0
2019-05-22,0.0002181942895784017
2019-05-23,0.00021895539072013277
2019-05-24,0.0022682980487640637
2019-05-28,-0.009300695890579198
2019-05-29,0.0
2019-05-30,0.00032741583114155045
2019-05-31,0.0
2019-06-03,-0.0025426683787246815
2019-06-04,0.021706620380638267
2019-06-05,0.008662167633762118
2019-06-06,0.006502518358613184
2019-06-07,0.010007099637558033
2019-06-10,0.0045888978217413
2019-06-11,-0.00024201765904118588
2019-06-12,-0.0017653651827416372
2019-06-13,0.004125997895383338
2019-06-14,-0.0011047751542699277
2019-06-17,0.0
2019-06-18,0.0
2019-06-19,0.00021848151812866795
2019-06-20,0.009554781724491769
2019-06-21,-0.001453619681027668
2019-06-24,-0.0012246574508869258
2019-06-25,-0.009807887897719917
2019-06-26,-0.0009975422702710262
2019-06-27,0.0035458610235251436
2019-06-28,0.0051458067701841475
2019-07-01,0.00907878114477803
2019-07-02,0.00010981879898168023
2019-07-03,0.0003281093961496453
2019-07-05,-0.0001092667255201711
2019-07-08,0.0
2019-07-09,0.00010927866604217875
2019-07-10,0.00010876272770873119
2019-07-11,0.0002194167827331389
2019-07-12,0.0001093316420685587
2019-07-15,0.0003326958541160236
2019-07-16,-0.0032252427663563028
2019-07-17,0.0
2019-07-18,0.0003280241311314747
2019-07-19,-0.00555511649110577
2019-07-22,0.002456482215759729
2019-07-23,-0.00010927195170280446
2019-07-24,0.0002182656192871467
2019-07-25,0.00021821798980246288
2019-07-26,-0.00010903485128371171
2019-07-29,0.00021859692991637434
2019-07-30,0.0
2019-07-31,0.00010882157409349917
2019-08-01,0.0002735845096812982
2019-08-02,0.0
2019-08-05,-0.00010928311784131427
2019-08-06,0.014022645514457654
2019-08-07,0.0005910242025588286
2019-08-08,0.019620061773790262
2019-08-09,-0.006811612399336402
2019-08-12,-0.012172818821189176
2019-08-13,0.015551115923217755
2019-08-14,-0.0001092234254678856
2019-08-15,0.0004372431812393606
2019-08-16,-0.00010888599174175661
2019-08-19,0.0
2019-08-20,0.00010889784919206443
2019-08-21,-0.00010888599174175661
2019-08-22,0.00032749796382137937
2019-08-23,-0.00010986738815263666
2019-08-26,0.01105847831341582
2019-08-27,0.00010886219704419533
2019-08-28,-0.00010885034735623311
2019-08-29,0.00021832750875345547
2019-08-30,0.00010873793745036068
2019-09-03,0.00019675206356036223
2019-09-04,-0.00010940799224881045
2019-09-05,0.00010941996366734723
2019-09-06,0.00010950845872470467
2019-09-09,0.0
2019-09-10,0.00021849065849468074
2019-09-11,-0.00010907081508037595
2019-09-12,0.00021876809256321072
2019-09-13,0.0
2019-09-16,0.0
2019-09-17,0.00010936012177636186
2019-09-18,0.0002180938576756838
2019-09-19,0.0
2019-09-20,0.00010962548941205501
2019-09-23,0.00021852429549503683
2019-09-24,0.0
2019-09-25,0.005914576974484808
2019-09-26,0.00021837619635231467
2019-09-27,0.0
2019-09-30,0.00010916425930043369
2019-10-01,-3.290622128229926e-05
2019-10-02,0.0
2019-10-03,0.00032827042419922883
2019-10-04,0.0
2019-10-07,0.00010891952632241945
2019-10-08,0.0
2019-10-09,0.0
2019-10-10,0.0002190187279063354
2019-10-11,0.0001091846005798715
2019-10-14,-0.0011141364298592662
2019-10-15,0.0001091846005798715
2019-10-16,0.00010907243020893285
2019-10-17,0.0029490572985862024
2019-10-18,-0.0043769387461859
2019-10-21,0.00677888823652126
2019-10-22,-0.0032668962124938515
2019-10-23,0.0029098786980906945
2019-10-24,0.0016341032592650077
2019-10-25,0.00409493125932274
2019-10-28,-0.00010921327167693071
2019-10-29,0.0002184504010368578
2019-10-30,0.003066792675471265
2019-10-31,-0.002662957400887926
2019-11-01,0.00926378829820296
2019-11-04,0.004017641618919966
2019-11-05,-0.0011058702308797638
2019-11-06,0.00010987985134067441
2019-11-07,0.0002180329581303609
2019-11-08,0.0
2019-11-11,0.0
2019-11-12,0.00010924304284029508
2019-11-13,0.0
2019-11-14,0.00010953147062419022
2019-11-15,-0.00010951947479505392
2019-11-18,0.0007374325728413438
2019-11-19,-0.0002882915370057373
2019-11-20,-0.0037185951925660533
2019-11-21,-0.0016093997890599884
2019-11-22,0.00010930731792473851
2019-11-25,0.0
2019-11-26,0.00010909519646843836
2019-11-27,0.00021846682126471775
2019-11-29,0.0
2019-12-02,7.684190188910012e-05
2019-12-03,-0.00670664810779729
2019-12-04,0.006170202310592528
2019-12-05,0.0017980500837732802
2019-12-06,0.009134312508458498
2019-12-09,-0.003144430421590406
2019-12-10,-0.0011148482855352652
2019-12-11,0.002838478869651577
2019-12-12,0.008618664458320506
2019-12-13,0.0005996242510679278
2019-12-16,0.006870075900866405
2019-12-17,0.00021894200971452242
2019-12-18,6.269194129923455e-05
2019-12-19,0.004098888332600214
2019-12-20,0.004384016329044542
2019-12-23,0.0
2019-12-24,3.134584973113097e-05
2019-12-26,0.005323298796513824
2019-12-27,-0.0002479761261140478
2019-12-30,-0.005513171775521159
2019-12-31,0.002429526281051932
2020-01-02,0.009351997493982096
2020-01-03,-0.0075724742827524725
2020-01-06,0.0038152832439214157
2020-01-07,-0.002811852881832904
2020-01-08,0.0053294435585033465
2020-01-09,0.0067807785838745974
2020-01-10,0.0
2020-01-13,0.0068774811490634425
2020-01-14,-0.001524792279161742
2020-01-15,0.0022600855163060303
2020-01-16,0.008318301777463158
2020-01-17,0.003112278652289831
2020-01-21,0.00010925402569626721
2020-01-22,0.0
2020-01-23,0.0011466578418582584
2020-01-24,0.0
2020-01-27,0.00010893060202079746
2020-01-28,0.0
2020-01-29,0.00010921823900664515
2020-01-30,0.0
2020-01-31,0.0
2020-02-03,0.007428454649215515
2020-02-04,0.0
2020-02-05,0.0002186928595034624
2020-02-06,0.0001093724178728901
2020-02-07,0.0
2020-02-10,-0.00010936045685530414
2020-02-11,0.0001093724178728901
2020-02-12,0.00010956001973277733
2020-02-13,0.00010924870612616859
2020-02-14,0.0
2020-02-18,0.00010893749332234115
2020-02-19,0.0
2020-02-20,0.0
2020-02-21,0.00021884874190401796
2020-02-24,-0.00010940042880580108
2020-02-25,0.0
2020-02-26,0.00021822637016338851
2020-02-27,0.0002188767702842925
2020-02-28,-0.004201612889579055
2020-03-02,0.043306588409546154
2020-03-03,-0.028632339465256458
2020-03-04,0.042032942617869995
2020-03-05,-0.03324163554974632
2020-03-06,-0.016531510872700033
2020-03-09,-0.0780940663601995
2020-03-10,0.05174469524622194
2020-03-11,-0.04874850771774229
2020-03-12,-0.09567706956778158
2020-03-13,0.08548592245437264
2020-03-16,0.00010906573061202394
2020-03-17,0.053992211023035426
2020-03-18,0.00021820717482703126
2020-03-19,-0.00021815957084341604
2020-03-20,0.0003271615097269853
2020-03-23,-0.00021773793265342865
2020-03-24,0.0
2020-03-25,0.0
2020-03-26,0.0
2020-03-27,-0.029785832116195756
2020-03-30,0.032475848808823
2020-03-31,-0.014905593487060071
2020-04-01,-0.045004580091798606
2020-04-02,0.00010856578036456011
2020-04-03,-0.00032715447840452093
2020-04-06,0.00010918671326096023
2020-04-07,-0.00021884719181433876
2020-04-08,0.0001096964057405264
2020-04-09,-0.00021887108701991936
2020-04-13,-0.009130360055857647
2020-04-14,0.02949289762540024
2020-04-15,-0.0212481186405465
2020-04-16,0.0048241715398205124
2020-04-17,0.00021889509639148598
2020-04-20,-0.00010917479282416081
2020-04-21,0.0
2020-04-22,0.0
2020-04-23,0.00010918671326096023
2020-04-24,-0.00010917479282416081
2020-04-27,0.0
2020-04-28,0.0
2020-04-29,-0.00010968437375895913
2020-04-30,0.00021889509639148598
2020-05-01,-0.02647338222878246
2020-05-04,0.0027582888485462613
2020-05-05,0.009239331044239383
2020-05-06,0.00010939298539130836
2020-05-07,-0.0001093810198749991
2020-05-08,0.0
2020-05-11,0.00010939298539130836
2020-05-12,0.0
2020-05-13,0.0
2020-05-14,0.0001093810198749991
2020-05-15,-0.0002187381139520086
2020-05-18,0.0
2020-05-19,-0.01027098957540989
2020-05-20,0.01698763060683121
2020-05-21,-0.00690373195504416
2020-05-22,0.0018988360873679593
2020-05-26,0.00010939298539130836
2020-05-27,0.014878853898167123
2020-05-28,-0.0018447233448139816
2020-05-29,0.00445573864952947
2020-06-01,0.0040418032738354336
2020-06-02,0.008280172631727463
2020-06-03,0.0133079594646274
2020-06-04,-0.0026266580946227524
2020-06-05,0.025629646934764484
2020-06-08,0.012087667404936022
2020-06-09,-0.007456845862291428
2020-06-10,-0.0055798614484361304
2020-06-11,-0.05764878075618858
2020-06-12,0.011975250320559495
2020-06-15,0.009335716830373047
2020-06-16,0.01924800790589172
2020-06-17,-0.004154007686652076
2020-06-18,0.0003847795183382664
2020-06-19,-0.005714785346930353
2020-06-22,0.006415402908463805
2020-06-23,0.0046035319840876335
2020-06-24,-0.02550872668646527
2020-06-25,0.010720536931404163
2020-06-26,-0.023751326501781602
2020-06-29,0.014697350630577645
2020-06-30,0.0
2020-07-01,0.007004711500454473
2020-07-02,0.005506782779869907
2020-07-06,0.015437392065879938
2020-07-07,-0.010313959984760729
2020-07-08,0.007648753405121896
2020-07-09,-0.005692731604426547
2020-07-10,0.010210184633546907
2020-07-13,-0.008658562008833248
2020-07-14,0.012959045781361896
2020-07-15,0.009187132951398102
2020-07-16,-0.003293575911614208
2020-07-17,0.0028989229361626994
2020-07-20,0.008081605577996143
2020-07-21,0.0021276087944987624
2020-07-22,0.005692003597123038
2020-07-23,-0.011931524766438585
2020-07-24,-0.0064402541704271675
2020-07-27,0.007292431061586143
2020-07-28,-0.0063427758935870665
2020-07-29,0.012299098179913448
2020-07-30,-0.0035680102980712473
2020-07-31,0.007902567001183785
2020-08-03,0.006951894182340282
2020-08-04,0.0038623197096621952
2020-08-05,0.006211031336776313
2020-08-06,0.006684641219810233
2020-08-07,0.0007179108981656557
2020-08-10,0.0029889343300287118
2020-08-11,-0.008254819948026234
2020-08-12,0.013942590168405128
2020-08-13,-0.0018079178809123192
2020-08-14,2.9686827638969118e-05
2020-08-17,0.003176494884647908
2020-08-18,0.00216070374173957
2020-08-19,-0.004163664801978955
2020-08-20,0.0031133200626801446
2020-08-21,0.0035473456530972494
2020-08-24,0.010133137983786391
2020-08-25,0.003499250229862019
2020-08-26,0.010025951338296287
2020-08-27,0.002186003251812454
2020-08-28,0.006459587782718431
2020-08-31,-0.003622451276049872
2020-09-01,0.009418681983675084
2020-09-02,0.014463980807024159
2020-09-03,-0.034414429776096406
2020-09-04,-0.008164493700398429
2020-09-08,0.0
2020-09-09,-0.0001093810198749991
2020-09-10,0.0
2020-09-11,-0.00010869621478372041
2020-09-14,0.013171510872239427
2020-09-15,0.005052293604275673
2020-09-16,-0.003968468662906537
2020-09-17,0.0
2020-09-18,-0.011512482225656878
2020-09-21,-0.011129700807295834
2020-09-22,0.0
2020-09-23,0.0
2020-09-24,0.00010870803093519966
2020-09-25,-0.00010869621478372041
2020-09-28,0.00010870803093519966
2020-09-29,0.0
2020-09-30,-0.00010869621478372041
2020-10-01,0.0
2020-10-02,0.0
2020-10-05,0.0
2020-10-06,-0.014215961583577913
2020-10-07,-0.00010869621478372041
2020-10-08,0.00886242213580004
2020-10-09,0.008930096790037237
2020-10-12,0.016087721060566038
2020-10-13,-0.00652628728770531
2020-10-14,-0.006283005625078496
2020-10-15,-0.001236396641292053
2020-10-16,0.00010870803093519966
2020-10-19,0.0
2020-10-20,0.004005779622621795
2020-10-21,-0.0018929976912077026
2020-10-22,0.00548547872070824
2020-10-23,0.003394849721946282
2020-10-26,-0.01847946044549552
2020-10-27,-0.003447551051287611
2020-10-28,-0.034179096505166325
2020-10-29,0.00010870803093519966
2020-10-30,0.0
2020-11-02,0.0
2020-11-03,0.0
2020-11-04,-0.00010869621478372041
2020-11-05,0.019502610098338955
2020-11-06,-0.0002283410010688664
2020-11-09,0.012565308677078257
2020-11-10,-0.0014662730599481896
2020-11-11,0.0074284868883243765
2020-11-12,0.0
2020-11-13,0.00010870803093519966
2020-11-16,0.0124825931239571
2020-11-17,-0.005378234544979163
2020-11-18,-0.01203486417527438
2020-11-19,0.004210414088133209
2020-11-20,-0.006847917071082445
2020-11-23,0.005994295306669403
2020-11-24,0.016113763553908644
2020-11-25,-0.0015417228050901267
2020-11-27,0.0027850245693453327
2020-11-30,-0.004427195475979241
2020-12-01,0.01093749086113012
2020-12-02,0.0021036068404919096
2020-12-03,-0.00027279559463981915
2020-12-04,0.008617964719817791
2020-12-07,-0.0020549835587895726
2020-12-08,0.0029260219987296875
2020-12-09,-0.008968860788957266
2020-12-10,-0.00032713883133418165
2020-12-11,-0.0011723829735057147
2020-12-14,-0.004477248594564883
2020-12-15,0.013519556114092833
2020-12-16,0.0015691351904820183
2020-12-17,0.0055921076742406215
2020-12-18,-0.003992823069644403
2020-12-21,-0.003575630771076097
2020-12-22,-0.0016854529858662166
2020-12-23,0.0008986973329674067
2020-12-24,0.003890499858822264
2020-12-28,0.00859070000383051
2020-12-29,-0.001907529060670083
2020-12-30,0.0014266177929147725
2020-12-31,0.00508073211859169
2021-01-04,-0.013613902067077235
2021-01-05,0.006887408840687708
2021-01-06,0.005978294576944956
2021-01-07,0.014857578926422834
2021-01-08,0.005697587487956386
2021-01-11,-0.006740608841172676
2021-01-12,-0.00010920224524594446
2021-01-13,0.002693004685683756
2021-01-14,0.00010921417167870446
2021-01-15,0.0
2021-01-19,0.0
2021-01-20,0.0
2021-01-21,0.0
2021-01-22,-0.0035395842808467496
2021-01-25,0.003943954065223424
2021-01-26,-0.00010920224524594446
2021-01-27,-0.02444051545077476
2021-01-28,0.00010921417167870446
2021-01-29,0.0
2021-02-01,0.0
2021-02-02,-0.00010920224524594446
2021-02-03,0.0
2021-02-04,0.00010921417167870446
2021-02-05,0.0
2021-02-08,0.0
2021-02-09,0.0
2021-02-10,-0.0004358980398771988
2021-02-11,0.0016152069159202152
2021-02-12,0.004939843435153919
2021-02-16,-0.0008659020704113736
2021-02-17,0.00022945000950302656
2021-02-18,-0.00010920224524594446
2021-02-19,0.00010921417167870446
2021-02-22,-0.00010920224524594446
2021-02-23,0.0012142899038826204
2021-02-24,-0.0001094132859388297
2021-02-25,0.00010942525851592864
2021-02-26,0.0
2021-03-01,-0.0001094132859388297
2021-03-02,0.0
2021-03-03,0.00010942525851592864
2021-03-04,0.0
2021-03-05,0.0
2021-03-08,-0.0001094132859388297
2021-03-09,0.0
2021-03-10,0.0
2021-03-11,0.00010942525851592864
2021-03-12,-0.0001094132859388297
2021-03-15,0.0
2021-03-16,0.0
2021-03-17,0.00010942525851592864
2021-03-18,-0.0001094132859388297
2021-03-19,0.0
2021-03-22,0.0
2021-03-23,0.00010942525851592864
2021-03-24,-0.0001094132859388297
2021-03-25,0.0
2021-03-26,0.0
2021-03-29,0.0
2021-03-30,0.00010942525851592864
2021-03-31,-0.0001094132859388297
2021-04-01,0.00010942525851592864
2021-04-05,-0.0001094132859388297
2021-04-06,-0.00010902698641941935
2021-04-07,0.0011574768524845321
2021-04-08,0.004746840043848299
2021-04-09,0.0072698256975002006
2021-04-12,0.000364802373043028
2021-04-13,0.0029636264870088443
2021-04-14,-0.003415026546336954
2021-04-15,0.010742399666434083
2021-04-16,0.0033423756310287686
2021-04-19,-0.004912884488579759
2021-04-20,-0.007321634326086943
2021-04-21,0.00946219924782376
2021-04-22,-0.009133243985180204
2021-04-23,0.010842431622040962
2021-04-26,0.002087637924213984
2021-04-27,-0.00021546924483219822
2021-04-28,-0.0002874066793501054
2021-04-29,0.006372679609612497
2021-04-30,-0.00657053944422793
2021-05-03,0.0021567655159274134
2021-05-04,-0.006169039649070152
2021-05-05,0.0003125040001302166
2021-05-06,0.007985675595169684
2021-05-07,0.007277940645205781
2021-05-10,-0.009902469805923759
2021-05-11,-0.00892446371066184
2021-05-12,-0.021245388254027504
2021-05-13,0.012012536962524552
2021-05-14,0.01535535646105931
2021-05-17,-0.0025444089065978994
2021-05-18,-0.008615884936700137
2021-05-19,-0.0026216983927568227
2021-05-20,0.010757986781277208
2021-05-21,-0.0008187113137552753
2021-05-24,0.010194275800882144
2021-05-25,-0.002218986369094925
2021-05-26,0.0019847493795547965
2021-05-27,0.0005248850197752665
2021-05-28,0.0017889048424808195
2021-06-01,-0.0008810494848178654
2021-06-02,0.0015727169526570568
2021-06-03,-0.003711309179900052
2021-06-04,0.00010915036598237221
2021-06-07,-0.0009703630138370176
2021-06-08,0.00021328740057186227
2021-06-09,-0.0014920712812829667
2021-06-10,0.004648563968749749
2021-06-11,0.0016524365124046313
2021-06-14,-0.00010915036598237221
2021-06-15,0.0
2021-06-16,0.00010916228108530414
2021-06-17,-0.00010915036598237221
2021-06-18,0.00010916228108530414
2021-06-21,-0.00010915036598237221
2021-06-22,0.0
2021-06-23,0.0
2021-06-24,0.00010916228108530414
2021-06-25,0.0
2021-06-28,-0.00010915036598237221
2021-06-29,0.0
2021-06-30,0.0
2021-07-01,0.00010916228108530414
2021-07-02,-0.00010915036598237221
2021-07-06,-0.00010946108294958874
2021-07-07,0.0
2021-07-08,0.00010947306598994581
2021-07-09,0.0
2021-07-12,0.0
2021-07-13,0.0
2021-07-14,-0.00010946108294958874
2021-07-15,0.00010947306598994581
2021-07-16,0.0
2021-07-19,-0.00010946108294958874
2021-07-20,0.0
2021-07-21,0.0
2021-07-22,0.00010947306598994581
2021-07-23,-0.00010946108294958874
2021-07-26,0.00010947306598994581
2021-07-27,-0.00010946108294958874
2021-07-28,-0.00041008645666362905
2021-07-29,0.004147451206917103
2021-07-30,-0.004856295259186142
2021-08-02,-0.0020979308601710607
2021-08-03,0.008135511520127871
2021-08-04,-0.004919127411380431
2021-08-05,0.006332837989660792
2021-08-06,0.0016523634725418685
2021-08-09,0.0
2021-08-10,-0.00010946108294958874
2021-08-11,0.0
2021-08-12,0.0
2021-08-13,0.00010947306598994581
2021-08-16,0.0023544894332789812
2021-08-17,-0.006555261206419399
2021-08-18,0.0
2021-08-19,0.0002190697475637083
2021-08-20,0.0
2021-08-23,-0.00021902176652060568
2021-08-24,0.0015873276089323606
2021-08-25,0.0020984930439328824
2021-08-26,-0.005903128234317375
2021-08-27,0.0
2021-08-30,0.004397540448190134
2021-08-31,-0.0014812881423553735
2021-09-01,0.0005313437349608157
2021-09-02,0.003076679420596625
2021-09-03,-0.00024283118920327172
2021-09-07,-0.0035755138098811506
2021-09-08,0.0
2021-09-09,0.0
2021-09-10,-0.007884508395830945
2021-09-13,0.0
2021-09-14,-0.0001095726775149594
2021-09-15,0.0
2021-09-16,-0.0015852765657520332
2021-09-17,-0.0001095726775149594
2021-09-20,0.00010958468500230974
2021-09-21,-0.0001095726775149594
2021-09-22,0.0
2021-09-23,0.00010958468500230974
2021-09-24,-0.0001095726775149594
2021-09-27,0.0
2021-09-28,0.0
2021-09-29,0.00010958468500230974
2021-09-30,0.0
2021-10-01,0.0
2021-10-04,-0.00021874690892986442
2021-10-05,0.00010919811816571471
2021-10-06,0.0
2021-10-07,0.0
2021-10-08,0.0
2021-10-11,0.0
2021-10-12,0.0
2021-10-13,0.0
2021-10-14,0.01682060354673511
2021-10-15,0.007615617941537868
2021-10-18,0.0029606988414284446
2021-10-19,0.007714727143714464
2021-10-20,0.003927824131833788
2021-10-21,0.0026082804194625534
2021-10-22,-0.0010361380851817148
2021-10-25,0.005362773163062609
2021-10-26,0.0009000341792384476
2021-10-27,-0.004430074212169261
2021-10-28,0.009648692733528646
2021-10-29,0.0020291761977482502
2021-11-01,0.0017202021443557378
2021-11-02,0.004043249800592966
2021-11-03,0.0061049105384744
2021-11-04,0.004712649230498756
2021-11-05,0.0034696373191255006
2021-11-08,0.0008537899953779737
2021-11-09,-0.003305579141543038
2021-11-10,-0.008044745919089968
2021-11-11,0.0001095090090341445
2021-11-12,0.0
2021-11-15,0.0
2021-11-16,-0.00010949701812419752
2021-11-17,0.0
2021-11-18,0.0001095090090341445
2021-11-19,0.0
2021-11-22,0.0
2021-11-23,-0.00010949701812419752
2021-11-24,0.0001095090090341445
2021-11-26,-0.00010949701812419752
2021-11-29,0.0001095090090341445
2021-11-30,-0.00010949701812419752
2021-12-01,-0.011107221187110898
2021-12-02,0.0
2021-12-03,-0.00010949701812419752
2021-12-06,0.011843344034176301
2021-12-07,0.0
2021-12-08,0.0001095090090341445
2021-12-09,-0.006751567285927492
2021-12-10,0.0001095090090341445
2021-12-13,0.0
2021-12-14,0.0
2021-12-15,0.0
2021-12-16,-0.00010949701812419752
2021-12-17,-0.01064280970120151
2021-12-20,-0.00010949701812419752
2021-12-21,-0.00010940936480390413
2021-12-22,0.0
2021-12-23,0.006222071191439836
2021-12-27,0.014152164877111566
2021-12-28,-0.0008171844314068877
2021-12-29,0.0012790412733711912
2021-12-30,-0.0027644134273026887
2021-12-31,-0.002520175160606795
2022-01-03,0.005790024582908615
2022-01-04,0.0001094213365228291
2022-01-05,0.0
2022-01-06,0.0
2022-01-07,0.0
2022-01-10,-0.0012442354875410074
2022-01-11,-0.0001094213365228291
2022-01-12,0.002703517396638513
2022-01-13,-0.013778658166266685
2022-01-14,0.0004089052307882261
2022-01-18,-0.017709581997780555
2022-01-19,-0.010383519477548304
2022-01-20,-0.011067901810805643
2022-01-21,-0.00010940936480390413
2022-01-24,0.004246803687442494
2022-01-25,-0.012208916722084347
2022-01-26,0.00010943331086196373
2022-01-27,0.0001094213365228291
2022-01-28,-0.00021881872960780827
2022-01-31,0.00021886662172392746
2022-02-01,-0.00010940936480390413
2022-02-02,0.0001094213365228291
2022-02-03,-0.023505016030025087
2022-02-04,0.004702201888830969
2022-02-07,-0.0032091873177137473
2022-02-08,0.008227741356724229
2022-02-09,0.014636066052253814
2022-02-10,-0.01796539014575525
2022-02-11,0.0
2022-02-14,-0.00010903464670581814
2022-02-15,0.0002184917807419032
2022-02-16,0.0
2022-02-17,-0.021361393995695817
2022-02-18,-0.006474969519205783
2022-02-22,0.0
2022-02-23,-0.0001094213365228291
2022-02-24,0.01504898456187602
2022-02-25,0.0
2022-02-28,0.0
2022-03-01,0.00024069348427289836
2022-03-02,0.0
2022-03-03,0.00010950661937123272
2022-03-04,0.0
2022-03-07,0.0
2022-03-08,0.0
2022-03-09,0.0
2022-03-10,0.0
2022-03-11,-0.00010949462898457331
2022-03-14,0.00010950661937123272
2022-03-15,-0.00021849110224128233
2022-03-16,0.00021853885103572768
2022-03-17,0.0
2022-03-18,-0.00010949462898457331
2022-03-21,0.0
2022-03-22,0.0
2022-03-23,0.00021891359668662263
2022-03-24,0.0
2022-03-25,-0.00021886568401254417
2022-03-28,0.0
2022-03-29,0.0
2022-03-30,0.00021891359668662263
2022-03-31,-0.015391284991997286
2022-04-01,0.002833860869531517
2022-04-04,0.008566872683544636
2022-04-05,-0.00010949462898457331
2022-04-06,0.00010950661937123272
2022-04-07,0.0
2022-04-08,-0.00010949462898457331
2022-04-11,0.00010950661937123272
2022-04-12,0.0
2022-04-13,0.0
2022-04-14,-0.00010949462898457331
2022-04-18,0.00010950661937123272
2022-04-19,-0.00010949462898457331
2022-04-20,0.00021891359668662263
2022-04-21,0.0
2022-04-22,-0.00010938303188246404
2022-04-25,0.00010939499783900045
2022-04-26,-0.00010938303188246404
2022-04-27,0.0
2022-04-28,0.0002187899956780009
2022-04-29,-0.0002187421370867731
2022-05-02,0.00010939499783900045
2022-05-03,-0.00010938303188246404
2022-05-04,0.0002187899956780009
2022-05-05,0.0
2022-05-06,0.0
2022-05-09,-0.00010937106854338655
2022-05-10,0.0
2022-05-11,0.0
2022-05-12,0.00010938303188246404
2022-05-13,0.00010937106854338655
2022-05-16,-0.00010935910782090922
2022-05-17,0.0
2022-05-18,0.0
2022-05-19,0.00021884174643881625
2022-05-20,0.0004364430986061785
2022-05-23,0.018710033046724295
2022-05-24,-0.007633603994165675
2022-05-25,0.00883493592486626
2022-05-26,0.019981408469913486
2022-05-27,0.024548985329452537
2022-05-31,-0.005610761709628699
2022-06-01,-0.008088690574872019
2022-06-02,0.01904347830903979
2022-06-03,-0.016411447802191614
2022-06-06,0.0030446900622683845
2022-06-07,-0.00010934596275883648
2022-06-08,0.00010935792060595044
2022-06-09,0.00010924637627180658
2022-06-10,-0.00021856846121828767
2022-06-13,0.00010935792060595044
2022-06-14,-0.00010934596275883648
2022-06-15,0.00010935792060595044
2022-06-16,0.0002189906849787627
2022-06-17,0.002155752380123901
2022-06-21,0.00021906633926206508
2022-06-22,-0.0018130423745950342
2022-06-23,0.009802435803273715
2022-06-24,0.031793775494620063
2022-06-27,-0.0038196578094279836
2022-06-28,-0.020432620333602512
2022-06-29,-0.0008145499461050616
2022-06-30,-0.008124137224094151
2022-07-01,0.010576191284446366
2022-07-05,0.0
2022-07-06,0.0
2022-07-07,0.0
2022-07-08,-0.00010918309447582311
2022-07-11,0.00010919501672565056
2022-07-12,-0.00010918309447582311
2022-07-13,0.0
2022-07-14,0.00010919501672565056
2022-07-15,-0.00010918309447582311
2022-07-18,0.0
2022-07-19,0.0
2022-07-20,0.006373227671797287
2022-07-21,0.00032798320885234146
2022-07-22,-0.00927818198004257
2022-07-25,0.001215113380085178
2022-07-26,-0.011831243277563611
2022-07-27,0.025966515683703145
2022-07-28,0.012542556885695052
2022-07-29,0.01457859718615732
2022-08-01,-0.002961310333995415
2022-08-02,-0.00659729296256537
2022-08-03,0.015659555728362484
2022-08-04,-0.0006756989321667423
2022-08-05,-0.0016901167870777797
2022-08-08,0.00010927807661039491
2022-08-09,-0.003971154116665156
2022-08-10,0.02100402150914239
2022-08-11,0.0
2022-08-12,0.016929080308641167
2022-08-15,0.004120763176947303
2022-08-16,0.0019586840851857122
2022-08-17,-0.007098076239876281
2022-08-18,0.00043756541861452196
2022-08-19,0.0
2022-08-22,0.00010909511464525409
2022-08-23,-0.0002184644699678413
2022-08-24,0.000327718626232932
2022-08-25,0.00010956798723408778
2022-08-26,0.0
2022-08-29,0.0
2022-08-30,0.00010886070517898846
2022-08-31,0.00021888948742517634
2022-09-01,0.00020801865753595496
2022-09-02,0.00010910021902439784
2022-09-06,0.0
2022-09-07,0.00010948536320652552
2022-09-08,0.00021864900324142434
2022-09-09,0.0
2022-09-12,0.010747490334005646
2022-09-13,-0.04348252548946927
2022-09-14,0.0
2022-09-15,0.00032781634823303614
2022-09-16,0.0
2022-09-19,0.0
2022-09-20,-0.00010959998682816448
2022-09-21,0.00021902560784318006
2022-09-22,0.0004368643710179515
2022-09-23,0.0
2022-09-26,-0.00021838636761513562
2022-09-27,0.0003276015294549371
2022-09-28,0.00010932994816888196
2022-09-29,0.00021843777348082177
2022-09-30,0.0
2022-10-03,-0.00027338393826259406
2022-10-04,0.00032836849030282156
2022-10-05,-0.0023283675099359555
2022-10-06,0.00021847716363731484
2022-10-07,0.0
2022-10-10,0.00010916519041054135
2022-10-11,0.0
2022-10-12,0.0
2022-10-13,0.0003281531751271185
2022-10-14,0.0
2022-10-17,0.0
2022-10-18,0.0
2022-10-19,0.0
2022-10-20,0.0004368659403786911
2022-10-21,0.00010946571624823578
2022-10-24,-0.00010945373481675802
2022-10-25,0.0
2022-10-26,-0.007533941901728499
2022-10-27,-0.005340119747782852
2022-10-28,0.0237907873094259
2022-10-31,-0.007223441010465422
2022-11-01,8.785089408070965e-05
2022-11-02,0.0003280269987191515
2022-11-03,0.0003283149925239116
2022-11-04,0.00021877187224434436
2022-11-07,0.009565535172314487
2022-11-08,0.005395353133890758
2022-11-09,-0.020601966008203326
2022-11-10,0.054954263558365864
2022-11-11,0.00967840552491461
2022-11-14,-0.008506939795527598
2022-11-15,0.008529248973145097
2022-11-16,-0.007628899656993521
2022-11-17,-0.0030597057142466998
2022-11-18,0.004540459011047247
2022-11-21,-0.003636336779455817
2022-11-22,0.01345705377323149
2022-11-23,0.006301766389845157
2022-11-25,-0.0002238818785470761
2022-11-28,-0.015956853581857656
2022-11-29,-0.0017175623182609852
2022-11-30,0.03150061144404321
2022-12-01,-0.0007359085032516686
2022-12-02,-0.0011538302525076715
2022-12-05,-0.0179890746088133
2022-12-06,-0.014414796458286343
2022-12-07,-0.0017011699583374957
2022-12-08,0.007833860643072621
2022-12-09,-0.007470154869638132
2022-12-12,0.014417317028060584
2022-12-13,0.00756958688009173
2022-12-14,-0.006393575175803727
2022-12-15,-0.024461706768225486
2022-12-16,-0.01180606747757314
2022-12-19,-0.008479535532222419
2022-12-20,0.0013683991977356627
2022-12-21,0.014952367379695106
2022-12-22,-0.014266113174423702
2022-12-23,0.005752290478567575
2022-12-27,-0.003943612260593256
2022-12-28,-0.012427821892214025
2022-12-29,0.018000374775979613
2022-12-30,-0.0026341188989937063
2023-01-03,-0.004210009366080732
2023-01-04,-0.00010925766100570498
2023-01-05,-0.01141344516446388
2023-01-06,-0.00010952847647068012
2023-01-09,-0.0005668096236112031
2023-01-10,0.007012874824148119
2023-01-11,0.01264786997362508
2023-01-12,0.003640723391336347
2023-01-13,0.003879393898605083
2023-01-17,-0.0018317994605525217
2023-01-18,-0.01578801608828593
2023-01-19,-0.00727982443752272
2023-01-20,0.018629190888758574
2023-01-23,0.01199854652220037
2023-01-24,-0.0010733503168659513
2023-01-25,0.0003747171533072846
2023-01-26,0.010990436344002631
2023-01-27,0.0022975723359800935
2023-01-30,-0.01254683393675429
2023-01-31,0.01470341576807179
2023-02-01,0.010627752840182114
2023-02-02,0.014557146682422337
2023-02-03,-0.010629109425751881
2023-02-06,0.00010917505176757835
2023-02-07,0.00010945684634461617
2023-02-08,0.0
2023-02-09,0.000327943026800581
2023-02-10,0.00010921326424452654
2023-02-13,0.00021850052668118445
2023-02-14,0.0
2023-02-15,0.00021884411177269797
2023-02-16,0.0005458657831354762
2023-02-17,0.0001092895533850142
2023-02-21,0.0
2023-02-22,0.0003275395999383823
2023-02-23,0.00032733464104336697
2023-02-24,0.00010901072280653771
2023-02-27,0.00010880350233981248
2023-02-28,0.00010908464118526274
2023-03-01,5.4585195479447455e-05
2023-03-02,0.000328469722639346
2023-03-03,0.00021835478406351713
2023-03-06,0.00010929994168067397
2023-03-07,0.0
2023-03-08,0.000218380835881435
2023-03-09,0.00021862582789532886
2023-03-10,0.00021867557702993505
2023-03-13,-0.0014251991796689492
2023-03-14,0.016530001539319654
2023-03-15,-0.006254403402199426
2023-03-16,0.00043580210239196215
2023-03-17,0.00021843914663236566
2023-03-20,0.009615537072014162
2023-03-21,0.013130566338445683
2023-03-22,-0.01704640655706006
2023-03-23,0.0027032952222573476
2023-03-24,0.006562072896770312
2023-03-27,0.0018698921668938962
2023-03-28,-0.0022447150157310124
2023-03-29,0.014534966633412609
2023-03-30,0.0058553426209301375
2023-03-31,0.014094342895496315
2023-04-03,0.0038106025281678534
2023-04-04,-0.005548080846610518
2023-04-05,-0.0026183210720991767
2023-04-06,0.0039008433216004626
2023-04-10,0.0010265707256520698
2023-04-11,0.00026846019867455363
2023-04-12,-0.004075999121553925
2023-04-13,0.013282719849100016
2023-04-14,-0.002442768052127597
2023-04-17,0.003588274655323863
2023-04-18,0.0006522719213916468
2023-04-19,-0.00016906000329655464
2023-04-20,-0.0054570129011438226
2023-04-21,0.0007768749876666549
2023-04-24,0.0010432772949394093
2023-04-25,-0.01587377728835324
2023-04-26,-0.004235687385172598
2023-04-27,0.01990792783394881
2023-04-28,0.008535184411177694
2023-05-01,-0.0010097056190087046
2023-05-02,-0.00021861714962386416
2023-05-03,-0.0068639535453855404
2023-05-04,-0.007083095920361104
2023-05-05,0.018512711134328994
2023-05-08,0.00026649536807876766
2023-05-09,-0.0043851906355155575
2023-05-10,0.00467225819452439
2023-05-11,-0.0017439582950852478
2023-05-12,0.00021869381153605984
2023-05-15,0.00010922625148952585
2023-05-16,-0.0001092143224184791
2023-05-17,0.00021825901094806935
2023-05-18,0.000545818635581088
2023-05-19,0.0
2023-05-22,0.0001091428448793058
2023-05-23,0.0
2023-05-24,0.0
2023-05-25,0.0006545922809341492
2023-05-26,0.00021821568732193904
2023-05-30,0.00010884259660770366
2023-05-31,0.00021824090299974052
2023-06-01,0.0005576479690791152
2023-06-02,0.00010942180610629643
2023-06-05,0.0
2023-06-06,0.00021872318723389846
2023-06-07,0.00010948236928721479
2023-06-08,0.0005461945249183047
2023-06-09,0.0017944092331524293
2023-06-12,0.0001092058929157665
2023-06-13,0.00021877344044172575
2023-06-14,0.00021824381466677446
2023-06-15,0.012397744743144944
2023-06-16,-0.0034061421605259537
2023-06-20,-0.005188241488979567
2023-06-21,-0.005123776475823263
2023-06-22,0.0036096201535360793
2023-06-23,-0.00755978476190781
2023-06-26,-0.004085771139639721
2023-06-27,0.010963298160491792
2023-06-28,0.0005043250220783258
2023-06-29,0.0003270602390915169
2023-06-30,0.0003268571712030757
2023-07-03,0.0011505050437754275
2023-07-05,0.00010962603015801522
2023-07-06,0.0003278813570964218
2023-07-07,0.0001091939374603968
2023-07-10,0.002531184524988351
2023-07-11,0.006368466628352244
2023-07-12,0.008045997552762767
2023-07-13,0.007936707968533402
2023-07-14,-0.0006226670294593908
2023-07-17,0.003472144423792176
2023-07-18,0.007430644721515645
2023-07-19,0.002223784170860121
2023-07-20,-0.006634504992970433
2023-07-21,0.0
2023-07-24,0.0044673384341744225
2023-07-25,0.0027299937782122486
2023-07-26,0.00015367441523189568
2023-07-27,-0.00662992060770984
2023-07-28,0.00010877692887300686
2023-07-31,0.0001088608416637728
2023-08-01,0.00026278846418954316
2023-08-02,0.00010949035398595135
2023-08-03,0.0004368607920357933
2023-08-04,0.00021886112247824254
2023-08-07,0.0
2023-08-08,0.00021862196246014165
2023-08-09,0.00010919147442146685
2023-08-10,0.0005461845761605777
2023-08-11,0.00010940660817824429
2023-08-14,0.00010882139266159738
2023-08-15,0.00010909614417733721
2023-08-16,0.00021874160913396186
2023-08-17,0.0004364325487765898
2023-08-18,0.00010910826852623558
2023-08-21,0.00010909636521072493
2023-08-22,0.00010898902751533934
2023-08-23,0.0002181451535561525
2023-08-24,0.00032733717646832094
2023-08-25,0.00021783545945446906
2023-08-28,0.0002179787250475863
2023-08-29,-0.00010896561033897742
2023-08-30,0.0002178596268927449
2023-08-31,0.0006535318458557064
2023-09-01,0.00016375255702618497
2023-09-05,0.00021877721916724647
2023-09-06,0.0
2023-09-07,0.0005466805795175994
2023-09-08,0.00010925734225043287
2023-09-11,0.0
2023-09-12,0.00032773621916303366
2023-09-13,0.00010892422346303878
2023-09-14,0.0003277834004246155
2023-09-15,0.00021822878858964869
2023-09-18,0.00010904305356295563
2023-09-19,0.00010931633752626443
2023-09-20,0.0001088291522978919
2023-09-21,0.0005457972141438174
2023-09-22,0.00010894792023454483
2023-09-25,0.00010865112759260918
2023-09-26,0.00010920911047090303
2023-09-27,0.0003270218309861161
2023-09-28,0.000326819999637394
2023-09-29,0.000109030930433332
2023-10-02,0.00015332878597094742
2023-10-03,0.00021838413009546764
2023-10-04,0.00010916822444000542
2023-10-05,0.0006559810449264982
2023-10-06,0.0
2023-10-09,0.0001094638460818909
2023-10-10,0.0
2023-10-11,0.004096306719003307
2023-10-12,-0.00609643905152869
2023-10-13,0.00021876044083922187
2023-10-16,0.00010916693603347761
2023-10-17,-4.586513473246185e-05
2023-10-18,-0.013325085939383542
2023-10-19,0.00043633552365563225
2023-10-20,-0.012287845274471633
2023-10-23,-0.001733326080776256
2023-10-24,0.0075392989797607125
2023-10-25,-0.014352127713372465
2023-10-26,0.0004360021055942068
2023-10-27,0.0003271189862468252
2023-10-30,0.00010903549974777273
2023-10-31,0.0
2023-11-01,0.00030638091395231094
2023-11-02,0.00032763177852582887
2023-11-03,0.00010989866946134073
2023-11-06,0.0023006704950510907
2023-11-07,0.0028459954407421767
2023-11-08,0.0007324198593041222
2023-11-09,-0.007798799907394589
2023-11-10,0.0001091184446292741
2023-11-13,0.00010891793660580024
2023-11-14,0.00010956611159770491
2023-11-15,0.002117195437808063
2023-11-16,0.0012229624768878107
2023-11-17,0.0012437487498202482
2023-11-20,0.007697718250834465
2023-11-21,-0.002179263434872771
2023-11-22,0.0038607165234632026
2023-11-24,0.0006153974115337534
2023-11-27,-0.0018010623306986466
2023-11-28,0.000990164431630925
2023-11-29,-0.0007035100798651575
2023-11-30,0.003937529652588602
2023-12-01,0.005916063137214226
2023-12-04,-0.005249491272663034
2023-12-05,-0.00019719927145747722
2023-12-06,-0.004029798903006503
2023-12-07,0.0076304480050913255
2023-12-08,0.004299219785802782
2023-12-11,0.003889562713336835
2023-12-12,0.004567251858939317
2023-12-13,0.01379007844462692
2023-12-14,0.0032093985426119805
2023-12-15,-0.0016465278742889375
2023-12-18,0.00562522273347723
2023-12-19,0.0060807537885683004
2023-12-20,-0.013857424693233495
2023-12-21,0.009482003469575591
2023-12-22,0.002009720103321602
2023-12-26,0.004222640221085601
2023-12-27,0.0018080188388579273
2023-12-28,0.0003776580662703263
2023-12-29,-0.002894902529267864
2024-01-02,-0.005596488553697957
2024-01-03,-0.008166490164911451
2024-01-04,-0.0032212750037059956
2024-01-05,0.0013697650781060835
2024-01-08,0.014275939303044216
2024-01-09,-0.0015171101886440126
2024-01-10,0.0002185834260075929
2024-01-11,-0.0004407091740717249
2024-01-12,0.0006927821704559071
2024-01-16,0.00010895069177615697
2024-01-17,0.00021843822276494394
2024-01-18,0.0004367810358566779
2024-01-19,0.00010886748035927016
2024-01-22,0.00010904234586682363
2024-01-23,0.00010921715291792293
2024-01-24,0.00010892521243449903
2024-01-25,0.0005455000214653558
2024-01-26,0.00010922707618891713
2024-01-29,0.00010884208068005502
2024-01-30,0.00010892349178499585
2024-01-31,0.00010900487500758791
2024-02-01,0.0005032884370460567
2024-02-02,0.010527474744793664
2024-02-05,0.0
2024-02-06,0.00021876033882510605
2024-02-07,0.00010916994976039897
2024-02-08,0.0004372840997074807
2024-02-09,0.00010920341831835674
2024-02-12,0.0002186622506014608
2024-02-13,0.0
2024-02-14,0.00021833524679142115
2024-02-15,0.0005462772475665959
2024-02-16,0.00021826140239135264
2024-02-20,0.00010924635079998081
2024-02-21,0.00010923441733850481
2024-02-22,0.0005452758346503551
2024-02-23,0.0001091629625583116
2024-02-26,0.0
2024-02-27,0.0002182092001048965
2024-02-28,0.0001088486120130232
2024-02-29,0.00043608997420234354
2024-03-01,0.00027345848684818766
2024-03-04,0.0001093163717877644
2024-03-05,0.0
2024-03-06,0.00021879442231962916
2024-03-07,0.009926431560008164
2024-03-08,-0.006002298291439296
2024-03-11,-0.0008598423681860911
2024-03-12,0.010757494913311787
2024-03-13,-0.0015677017100182396
2024-03-14,-0.001976722296110581
2024-03-15,0.00021843616013315898
2024-03-18,0.00010882376422048751
2024-03-19,0.00021845729882133999
2024-03-20,0.00010906591432789103
2024-03-21,0.0003270694851854094
2024-03-22,0.00010892581837114904
2024-03-25,0.00021829058576275303
2024-03-26,0.00010898270015278856
2024-03-27,0.0006541024601412384
2024-03-28,0.0
2024-04-01,0.00027345076000452606
2024-04-02,0.00021894109403265837
2024-04-03,0.0
2024-04-04,0.0004374167427495218
2024-04-05,0.00021870510507404156
2024-04-08,0.0001090516266652188
2024-04-09,0.00010940904895007015
2024-04-10,0.00021870184162829382
2024-04-11,0.0003274733932482887
2024-04-12,0.00010933735473356009
2024-04-15,0.00021837402959867615
2024-04-16,0.00010893258244563886
2024-04-17,0.00010919740003203985
2024-04-18,0.0005458351688451044
2024-04-19,0.00010894157818926932
2024-04-22,0.00021785942242923579
2024-04-23,0.00010955094432176909
2024-04-24,0.0
2024-04-25,0.0005451151665190026
2024-04-26,0.0
2024-04-29,0.0002178536097403951
2024-04-30,0.00010890307994112053
2024-05-01,0.00019707193991045516
2024-05-02,0.0005470176586208565
2024-05-03,0.012395318365177918
2024-05-06,0.010326814969085552
2024-05-07,0.0011034264975143405
2024-05-08,0.0002188603756324536
2024-05-09,0.0005462037734489068
2024-05-10,0.001288166469256932
2024-05-13,0.0001345203538042145
2024-05-14,0.0045880349563534135
2024-05-15,0.012383076919844029
2024-05-16,-0.0020576488005786277
2024-05-17,0.0014375476755941606
2024-05-20,0.001152303854064141
2024-05-21,0.002452510468336084
2024-05-22,0.00021794791439446406
2024-05-23,0.0006545269982753296
2024-05-24,0.00010910816635199504
2024-05-28,-0.00010909626305877686
2024-05-29,0.0002178495825649918
2024-05-30,0.00021835213985097054
2024-05-31,0.009108105228909213
2024-06-03,0.0008153583340810133
2024-06-04,0.0011179274125802192
2024-06-05,0.011884961365759124
2024-06-06,-1.8569008724025864e-05
2024-06-07,-0.0012158225465564837
2024-06-10,0.0030897951566301865
2024-06-11,0.00010935745676468298
2024-06-12,0.00021832498799944587
2024-06-13,0.0020135187932676718
2024-06-14,0.0006083905301905692
2024-06-17,0.007959026912321506
2024-06-18,0.002540712152852992
2024-06-20,-0.00271654483725305
2024-06-21,0.0003272058457366522
2024-06-24,0.0002181267733076404
2024-06-25,0.0
2024-06-26,0.00010931357104697196
2024-06-27,0.00021787274204716553
2024-06-28,0.00032692051193871534
2024-07-01,0.0003504508495421414
2024-07-02,0.00010893013637067776
2024-07-03,0.0003283967996637217
2024-07-05,0.00032801541645099903
2024-07-08,0.0011540264501191011
2024-07-09,0.0009722173029187274
2024-07-10,0.00021873978359890925
2024-07-11,0.0001092548518403064
2024-07-12,0.006307419090731252
2024-07-15,0.0027501829876105306
2024-07-16,0.005930228874598386
2024-07-17,-0.01402123627324994
2024-07-18,-0.007684719025457382
2024-07-19,-0.006640697294749425
2024-07-22,0.010310127569388594
2024-07-23,-0.0015687879407953072
2024-07-24,-0.022662597304122716
2024-07-25,-0.0052104019634800856
2024-07-26,0.011199794880409532
2024-07-29,0.000587881090177738
2024-07-30,-0.0050663742862188735
2024-07-31,0.016254530074145294
2024-08-01,-0.014161009832344678
2024-08-02,-0.018618350234918108
2024-08-05,-0.0291237276377957
2024-08-06,0.009219620882496988
2024-08-07,-0.006684087927766603
2024-08-08,0.023117584627621677
2024-08-09,0.004409546518307857
2024-08-12,0.0005250644843350866
2024-08-13,0.016446048984137585
2024-08-14,0.0031545245570243955
2024-08-15,0.01714022156798735
2024-08-16,0.0022421250425820292
2024-08-19,0.009561443890233173
2024-08-20,-0.0016262927096308652
2024-08-21,0.003436473117807025
2024-08-22,-0.007848341007718628
2024-08-23,0.010625420945469565
2024-08-26,-0.0023839332592284234
2024-08-27,0.0013733531294547277
2024-08-28,-0.005805545997379975
2024-08-29,8.941478193507276e-05
2024-08-30,0.00954610967172789
2024-09-03,-0.02057890690377557
2024-09-04,-0.0020466948204439397
2024-09-05,-0.002432308330522451
2024-09-06,-0.016830173214678074
2024-09-09,0.011196236972005062
2024-09-10,0.004355612982860685
2024-09-11,0.010258987913623445
2024-09-12,0.00010908450915989305
2024-09-13,0.005222869896428764
2024-09-16,0.0014769167123513012
2024-09-17,0.0004086357009387604
2024-09-18,-0.0029658482496189237
2024-09-19,0.017064358632240578
2024-09-20,-0.0017286171929068994
2024-09-23,0.0024989563415041805
2024-09-24,0.0028614679039870917
2024-09-25,-0.0022056946927247597
2024-09-26,0.0
2024-09-27,-0.0014501819246732453
2024-09-30,0.004007204729666383
2024-10-01,-0.00895843135052646
2024-10-02,0.00010957282982772306
2024-10-03,0.0002185814979044354
2024-10-04,0.0002184437248192304
2024-10-07,0.00021866597557420065
2024-10-08,0.0
2024-10-09,0.00010903918663244348
2024-10-10,0.0001095670374854203
2024-10-11,0.0005462460760768865
2024-10-14,-0.00010940532497381958
2024-10-15,0.0003276225356833447
2024-10-16,0.0
2024-10-17,0.00021795401844295446
2024-10-18,0.00032771344168754
2024-10-21,0.0002182842819507105
2024-10-22,0.00010884889420480224
2024-10-23,0.0
2024-10-24,0.00010919624558882189
2024-10-25,0.0004361087641070904
2024-10-28,0.0
2024-10-29,0.0002178247021828333
2024-10-30,0.00010902322903653795
2024-10-31,0.0002182021310775731
2024-11-01,0.000426531573517583
2024-11-04,0.00021833050953230107
2024-11-05,0.0
2024-11-06,0.00021846213948928625
2024-11-07,0.00010934164855658269
2024-11-08,0.0005463796278273824
2024-11-11,-0.00010926999137035765
2024-11-12,0.00010928193260619046
2024-11-13,0.00021836085160732127
2024-11-14,0.0
2024-11-15,0.00032746977083294716
2024-11-18,0.00010903133979643903
2024-11-19,0.0003276849083601093
2024-11-20,0.00010898374093222616
2024-11-21,0.00010906133264001699
2024-11-22,0.0003271483186884439
2024-11-25,0.00010910320474566746
2024-11-26,0.0
2024-11-27,0.0003270056503035376
2024-11-29,0.00021784311184013517
2024-12-02,0.00027356279660360305
2024-12-03,0.00021854021568829267
2024-12-04,0.00010915690671122032
2024-12-05,0.00010923430946946244
2024-12-06,0.0018956669851329562
2024-12-09,-0.005149721108997156
2024-12-10,-0.0031091726686497435
2024-12-11,0.00010922810621219684
2024-12-12,0.00021834312456952632
2024-12-13,0.0003272201683239101
2024-12-16,0.00010942415782191882
2024-12-17,0.00010905550354439304
2024-12-18,0.0
2024-12-19,0.0001423005759071929
2024-12-20,0.0004383410898102679
2024-12-23,0.0
2024-12-24,0.00021876263398765787
2024-12-26,0.00021907114547036776
2024-12-27,0.00043777911758871796
2024-12-30,0.0
2024-12-31,0.00021857119785385342
2025-01-02,0.00021896849283719347
2025-01-03,0.00010928229387450495
2025-01-06,0.00010944831730330735
2025-01-07,0.00021860576145849635
2025-01-08,0.0002183800770476935
2025-01-10,0.00032816559965415435
2025-01-13,0.00010908593366668406
2025-01-14,0.0002185036500243572
2025-01-15,0.00010922795830460433
2025-01-16,0.0
2025-01-17,0.0005457246812318253
2025-01-21,0.0
2025-01-22,0.005621565726746271
2025-01-23,0.005457962961176576
2025-01-24,-0.002919165519369262
2025-01-27,-0.014145472717851519
2025-01-28,0.00859247042376424
2025-01-29,-0.0044828775080616124
2025-01-30,0.00010897247211595878
2025-01-31,0.00032723671574655443
2025-02-03,0.00028410963207935695
2025-02-04,0.0
2025-02-05,0.004054563172681721
2025-02-06,0.003475710965458674
2025-02-07,-0.009153558359977623
2025-02-10,0.00010927763583108213
2025-02-11,0.00010935431329213198
2025-02-12,0.00010925374816559147
2025-02-13,0.0002184836261761104
2025-02-14,-4.919701690519735e-05
2025-02-18,0.0029358386258454237
2025-02-19,0.0023549654159299026
2025-02-20,-0.004160320267696617
2025-02-21,-0.017104266232535432
2025-02-24,-0.004550296098602163
2025-02-25,-0.004973235667949505
2025-02-26,0.0005048990709794256
2025-02-27,-0.015962083744362136
2025-02-28,0.015605736293628589
2025-03-03,0.00020759807174281677
2025-03-04,-0.011837049686206353
2025-03-05,0.01074798997753306
2025-03-06,-0.017751259499615746
2025-03-07,0.005604894848047681
2025-03-10,-0.026635628795154045
2025-03-11,-0.008312884821599757
2025-03-12,0.005306567865676508
2025-03-13,-0.013330466255075385
2025-03-14,0.020655846459250077
2025-03-17,0.007711245396651
2025-03-18,-0.01080833503051414
2025-03-19,0.010890822875731005
2025-03-20,-0.0028917468128181025
2025-03-21,0.0003299407834431797
2025-03-24,0.017908401110426925
2025-03-25,0.002403846413658076
2025-03-26,-0.011938222842513491
2025-03-27,0.0002179678902965492
2025-03-28,-0.020138111351935575
2025-03-31,0.00671283180870149
2025-04-01,0.002824468343526517
2025-04-02,0.006328306068178998
2025-04-03,-0.04928073526793271
2025-04-04,-0.058542986179473205
2025-04-07,-0.0017811906998882166
2025-04-08,-0.01566283557331819
2025-04-09,0.10501934487618854
2025-04-10,-0.04381896476163279
2025-04-11,0.017842727424663914
2025-04-14,0.009701543182761571
2025-04-15,-0.0028010717684582376
2025-04-16,-0.022227880060647617
2025-04-17,0.0014267189147729325
2025-04-21,-0.023802645293661353
2025-04-22,0.026017769552206513
2025-04-23,0.015495476793677961
2025-04-24,0.02104891713412101
2025-04-25,0.007225320685248365
2025-04-28,0.0003812053910532909
2025-04-29,0.006299488255283027
2025-04-30,0.000396920008193611
2025-05-01,0.007087011163057985
2025-05-02,0.014844108914053668
2025-05-05,-0.005734440867930287
2025-05-06,-0.00835827120794741
2025-05-07,0.004205310841347534
2025-05-08,0.006967816639476967
2025-05-09,0.0003281459368513853
2025-05-12,0.0
2025-05-13,0.0002183121149277772
2025-05-14,0.0
2025-05-15,0.00010926377001923165
2025-05-16,0.00043683196691089916
2025-05-19,0.0
2025-05-20,0.0002183206140322047
2025-05-21,-0.016850651674913165
2025-05-22,0.0003945172114254569
2025-05-23,-0.006825776225207945
2025-05-27,0.02079067033052865
2025-05-28,-0.005785333975273546
2025-05-29,0.0039474262075908486
2025-05-30,-0.001118654451551736
2025-06-02,0.005633013408462637
2025-06-03,0.0057025855720209215
2025-06-04,-0.0002684505635119787
2025-06-05,-0.0048327829608167255
2025-06-06,0.010269002220969518
2025-06-09,0.0009012919138798644
2025-06-10,0.0056698288497628825
2025-06-11,-0.0028521632488446073
2025-06-12,0.0039743423334782655
2025-06-13,-0.011180176183248501
2025-06-16,0.00951416955659056
2025-06-17,-0.008544977649466587
2025-06-18,-0.00015067196998772196
2025-06-20,0.00021848168155098592
2025-06-23,0.009877445925917907
2025-06-24,0.011047405265286268
2025-06-25,0.0005602465370238847
2025-06-26,0.007823774921469292
2025-06-27,0.004968223409696842
2025-06-30,0.004781381937594037
2025-07-01,-0.0003236168184621793
2025-07-02,0.0045331037367406365
2025-07-03,0.0078814287876555
2025-07-07,-0.00745197706018585
2025-07-08,-0.0005476003661566627
2025-07-09,0.005996487613402118
2025-07-10,0.002820322460502846
2025-07-11,-0.0035154388382147832
2025-07-14,0.001908260069777083
2025-07-15,0.00010954543000499833
2025-07-16,0.00021819616723543365
2025-07-17,0.0
2025-07-18,0.00043673238863802867
2025-07-21,0.00021814034960406265
2025-07-22,0.00014305905318323612
2025-07-23,0.00850745133662873
2025-07-24,0.000331168851438141
2025-07-25,0.004224198566099166
2025-07-28,-0.0002511098453120627
2025-07-29,0.00010875767954406277
2025-07-30,0.0001089197068782056
2025-07-31,0.00010916859768764221
2025-08-01,0.0004264584670995158
2025-08-04,0.00010937076367462484
2025-08-05,0.0
2025-08-06,0.0003279026857792384
2025-08-07,0.0
2025-08-08,0.00032770836768670456
2025-08-11,0.00010946075085561241
2025-08-12,0.0001090147944185814
2025-08-13,0.003423162223351661
2025-08-14,9.314861703562536e-05
2025-08-15,0.0004365236406054273
2025-08-18,-0.0002174840232890584
2025-08-19,0.00021847013663273254
2025-08-20,0.00021824899791453848
2025-08-21,-0.004011979513716904
2025-08-22,0.0003269986448454888
2025-08-25,-0.004401115445204061
2025-08-26,0.00010918310500633132
2025-08-27,0.002278645021760422
2025-08-28,0.0035412203347215724
2025-08-29,-0.005963576555748058
2025-09-02,-0.0074103350513758355
2025-09-03,0.00010950641175189916
2025-09-04,0.00021864261540192675
2025-09-05,0.00032780569395375034
2025-09-08,0.0024566562940753884
2025-09-09,0.002311809143688578
2025-09-10,0.00289084920514727
2025-09-11,0.008310248256466075
2025-09-12,-0.00033452064959469947
2025-09-15,0.00532391418499649
2025-09-16,-0.0013769340611457944
2025-09-17,-0.0012422616416919241
2025-09-18,0.004672370052083529
2025-09-19,0.004952743009162934
2025-09-22,0.00010899647583819327
2025-09-23,-0.0054436651890563455
2025-09-24,-0.003181565413531876
2025-09-25,0.0
2025-09-26,0.00032705507882087835
2025-09-29,0.00010909779832184455
2025-09-30,0.0
2025-10-01,0.00022947737412639586
2025-10-02,0.00010931971729075541
2025-10-03,0.0002187018084957241
2025-10-06,0.0035862350745240134
2025-10-07,0.0
2025-10-08,0.0002186924433999638
2025-10-09,0.0
2025-10-10,0.0004369443896012753
2025-10-13,0.00010927456682717158
2025-10-14,0.0
2025-10-15,0.00010917645793655978
2025-10-16,0.00010925069959650476
2025-10-17,0.005676199715046053
2025-10-20,0.010400513316705636
2025-10-21,-1.4888084340078768e-05
2025-10-22,0.00021829606957711445
2025-10-23,0.00010908116637469303
2025-10-24,0.00032703563758735334
2025-10-27,0.0
2025-10-28,0.00010920572413549771
2025-10-29,0.00048039619845876327
2025-10-30,0.0
2025-10-31,0.0002180581385146585
2025-11-03,0.00014215839093557507
2025-11-04,0.00010937675200575638
2025-11-05,0.00010927881143171578
2025-11-06,0.00010926687087793739
2025-11-07,0.0003280226782639073
2025-11-10,0.00021835228154503015
2025-11-11,-0.00010910935067994456
2025-11-12,0.0001091212568294226
2025-11-13,0.00010919526355449569
2025-11-14,-0.00016377218004547982
2025-11-17,-0.00931643571527142
2025-11-18,0.0002183571846125418
2025-11-19,0.0
2025-11-20,0.00021813782069414527
2025-11-21,0.000218605218030167
2025-11-24,0.0
2025-11-25,0.00021795677196410028
2025-11-26,0.00010895463858073457
2025-11-28,0.0003273429965283285
2025-12-01,0.00012022659884011345
2025-12-02,0.0003281397170384426
2025-12-03,0.0034627481871558684
2025-12-04,0.0007311511620973403
2025-12-05,0.001899333691745804
2025-12-08,-0.0030040216172951316
2025-12-09,0.00021836866867930218
2025-12-10,0.0
2025-12-11,0.002326981763601659
2025-12-12,-0.010752098118288835
2025-12-15,-0.001510850004248587
2025-12-16,-0.0027322728752858087
2025-12-17,-0.011003564285317673
2025-12-18,0.007551176824141051
2025-12-19,0.009063578290348779
2025-12-22,0.006229909040435843
2025-12-23,0.004570434077165102
2025-12-24,0.003517646933646728
2025-12-26,-0.00010139418790338827
2025-12-29,-0.003563680982251099
2025-12-30,-0.0012212056239845643
2025-12-31,-0.0074088956888227996
2026-01-02,0.0018330346379591969
2026-01-05,0.00666017846252972
2026-01-06,0.005947257666825667
2026-01-07,0.0002185908297431135
2026-01-08,0.0
2026-01-09,0.0002188846652033932
2026-01-12,0.00010929030801594887
2026-01-13,0.00010927836494978404
2026-01-14,0.00010926642449357146
2026-01-15,0.0
2026-01-16,0.0004372740117889005
2026-01-20,0.0
2026-01-21,0.01154117137292742
2026-01-22,0.00010919481788693014
2026-01-23,0.000362832457291745
2026-01-26,0.005078168996109355
2026-01-27,0.003984291573067929
2026-01-28,-0.00010064921396324765
2026-01-29,-0.0019844397281383913
2026-01-30,-0.002982534024791051
2026-02-02,0.004971211279279526
2026-02-03,-0.008455330750354657
2026-02-04,-0.00484383887388998
2026-02-05,-0.012489370624430882
2026-02-06,0.0003281274756502495
2026-02-09,0.004821764563112201
2026-02-10,-0.002637135056044106
2026-02-11,-0.0002311628084725924
2026-02-12,-0.015448908452140945
2026-02-13,0.0007046233276369358
2026-02-17,0.0016134293041962064
2026-02-18,0.005037695790158585
2026-02-19,0.0
2026-02-20,0.00032761221398905
2026-02-23,0.0
2026-02-24,0.00021856339724739388
2026-02-25,0.00010908776778368687
2026-02-26,0.00010924590147209915
2026-02-27,0.00021838292923849047
2026-03-02,0.0005685897092167128
2026-03-03,0.00010944952159172236
2026-03-04,0.00010943754370491967
2026-03-05,0.00010942556843949115
2026-03-06,0.00021874224314521275
2026-03-09,0.00010930473778710647
2026-03-10,0.00010937771215115049
2026-03-11,0.0
2026-03-12,0.00021873149995126092
2026-03-13,0.0003277708222336092
2026-03-16,0.0
2026-03-17,0.00010930600615287582
2026-03-18,0.00021875783058419458
2026-03-19,0.0
2026-03-20,0.0003276407937051567
2026-03-23,0.00010923436631897402
2026-03-24,0.000109137635447904
2026-03-25,-0.00010912572572423191
2026-03-26,0.000218275270895808
2026-03-27,0.0003275110188424389
2026-03-30,0.00010916284808582776
2026-03-31,0.0
2026-04-01,0.0002627079905770881
2026-04-02,0.0002187528646712768
2026-04-06,0.0002188744297745119
2026-04-07,0.00010924389673826517
2026-04-08,0.0
2026-04-09,0.005769096571727407
2026-04-10,-0.0006617946789001089
2026-04-13,0.00977233722544531
2026-04-14,0.012184915010662616
2026-04-15,0.007891042626046271
2026-04-16,0.002457314696140654
2026-04-17,0.012085709684532002
2026-04-20,-0.001999776957922015
2026-04-21,-0.006546877598048877
2026-04-22,0.010126679110719542
2026-04-23,-0.003880717280620487
2026-04-24,0.00021855275296995015
2026-04-27,0.0017229416659828574
2026-04-28,-0.004865980739709015
2026-04-29,0.0
2026-04-30,0.00010918640494043129
2026-05-01,0.002769057371556796
2026-05-04,-0.003663380950929797
2026-05-05,0.008022242913074554
2026-05-06,0.013899418730160049
2026-05-07,-0.0030660889376450734
2026-05-08,0.00825605475459787
2026-05-11,0.0022775635209937783
2026-05-12,-0.0015148976832113873
2026-05-13,0.005594852718878201
2026-05-14,0.00021865333176706323
2026-05-15,0.0002186055329389434
2026-05-18,0.0
2026-05-19,0.00021855775500443273
2026-05-20,0.00021834132948364427
2026-05-21,0.0
2026-05-22,0.0002183779827776499
2026-05-26,0.00021841460166099625
2026-05-27,0.00010922559307347924
2026-05-28,0.00010904512454107718
2026-05-29,0.00032752100806702697
2026-06-01,0.0027230637662388423
2026-06-02,-0.00010949215265530683
2026-06-03,0.00021892405104341866
2026-06-04,0.0
2026-06-05,0.0004374996210301647
2026-06-08,0.00010943229806731618
2026-06-09,0.0
2026-06-10,0.0001093361544698497
2026-06-11,0.00010932420138208009
2026-06-12,0.00032785260164419427
2026-06-15,0.0
2026-06-16,0.00010927642434752763
2026-06-17,0.00010934859862200578
2026-06-18,0.00043692604570406236
2026-06-22,0.0
2026-06-23,0.00010928889165006807
2026-06-24,0.00010910883051052762
2026-06-25,0.00010918097709325946
2026-06-26,0.0003275071737265459
2026-06-29,0.00010921732929520461
2026-06-30,0.0
2026-07-01,0.00030644715932807764
2026-07-02,0.00043761154958577226
2026-07-06,-0.00010937601779295146
2026-07-07,0.00021869201356075176
2026-07-08,0.0
2026-07-09,0.00010936406516721791
2026-07-10,0.00043740842390549493
2026-07-13,0.0
2026-07-14,0.0001093042953568156
2026-07-15,0.00010920847175912536
2026-07-16,-0.005418616825605735
2026-07-17,0.00021853694796464197
2026-07-20,0.00010916075917199803
2026-07-21,0.0
2026-07-22,0.00021854918383574357
2026-07-23,0.0
2026-07-24,0.00032754261238868745
2026-07-27,0.00010917304975710463
2026-07-28,0.00010907735553261375
2026-07-29,0.00010914922659438079
2026-07-30,0.00010913731434092789
2026-07-31,0.007199869193782943
2026-08-03,0.014242990614400514
2026-08-04,0.01802895214665108
2026-08-05,-0.0019965624761277556
2026-08-06,-0.0015978064697252158
2026-08-07,0.006115328078506501
2026-08-10,-0.0002974431285414842
2026-08-11,-0.003195199981383496
2026-08-12,0.0025046088948633602
2026-08-13,0.0
2026-08-14,0.00021851920581440052
2026-08-17,-0.004727362317670929
2026-08-18,-0.006755744960808332
2026-08-19,0.0020977847370852736
2026-08-20,-0.008399827926766561
2026-08-21,0.00409122999185862
2026-08-24,-0.0029384361156036846
2026-08-25,0.0031959397668177335
2026-08-26,0.00022200767959634386
2026-08-27,0.0065528446297567705
2026-08-28,-0.0022694869107554683
2026-08-31,0.00010913445356329001
2026-09-01,0.00010937301709224737
2026-09-02,0.00010944453766570078
2026-09-03,0.00021878164915286593
2026-09-04,-0.0038542322600894144
2026-09-08,0.00010937273443682719
2026-09-09,-0.004647717444469554
2026-09-10,-0.005994275703456624
2026-09-11,0.0003279630359301355
2026-09-14,0.0
2026-09-15,0.00010931296426741803
2026-09-16,0.0
2026-09-17,0.000218518660251339
2026-09-18,0.000218554274311454
2026-09-21,0.0002184231829582916
2026-09-22,0.0
2026-09-23,0.0002183754846898456
2026-09-24,-0.00010912225390932557
2026-09-25,0.0004367865770644643
