date,returns
2009-01-02,0.0
2009-01-05,0.0
2009-01-06,0.00021820725513021962
2009-01-07,0.0015282657664710537
2009-01-08,0.004080774989904167
2009-01-09,-0.021419030802360493
2009-01-12,-0.02402115000970994
2009-01-13,0.001840852095643994
2009-01-14,-0.03145431354260826
2009-01-15,0.0003551938714764905
2009-01-16,0.007820125011678225
2009-01-20,-0.052786428592252806
2009-01-21,0.04319191129925621
2009-01-22,0.00021830034167389994
2009-01-23,-0.00021825269703556582
2009-01-26,-0.0002176751378313971
2009-01-27,-0.00043565350788100324
2009-01-28,-0.0004360519220849663
2009-01-29,0.0
2009-01-30,0.0008722756641452872
2009-02-02,0.0006110613676330914
2009-02-03,-0.0008720248350006521
2009-02-04,0.0006534426880305313
2009-02-05,-0.0004350661663127934
2009-02-06,-0.0015262085115803402
2009-02-09,0.0013101634170765515
2009-02-10,-0.00021861348385450287
2009-02-11,-0.00021761855232047382
2009-02-12,0.0
2009-02-13,0.000872749603466301
2009-02-17,0.0
2009-02-18,0.00021716350285980575
2009-02-19,-0.01075535386120567
2009-02-20,-0.009721668136293672
2009-02-23,-0.03577861360665669
2009-02-24,0.037909951486926136
2009-02-25,-0.0004356541981767799
2009-02-26,0.00021813067540079557
2009-02-27,-0.022348157366547303
2009-03-02,-0.04504270100333955
2009-03-03,-0.007507492677749619
2009-03-04,0.023690970104863058
2009-03-05,-0.04084768531001417
2009-03-06,0.001744290249897583
2009-03-09,-0.011752887216555733
2009-03-10,0.05960924643947606
2009-03-11,0.0
2009-03-12,-0.00043624030662473673
2009-03-13,-0.0002181632302917717
2009-03-16,-0.00021789806353261136
2009-03-17,0.0006544623413546682
2009-03-18,0.0002182198574442828
2009-03-19,-0.0006543083653220317
2009-03-20,0.00043642167174522063
2009-03-23,0.0002182198574442828
2009-03-24,-0.0002181722479274418
2009-03-25,0.0004356060191581195
2009-03-26,-0.0002172915082249419
2009-03-27,0.00021733873408626722
2009-03-30,-0.03455493281236884
2009-03-31,0.00926608020031911
2009-04-01,0.019365872179417522
2009-04-02,0.029237278475667924
2009-04-03,0.009949076620668244
2009-04-06,-0.00021864620688433323
2009-04-07,-0.02332496506510574
2009-04-08,0.010777558421342611
2009-04-09,0.03974309347851852
2009-04-13,0.0006551825523760272
2009-04-14,-0.0004367802295263435
2009-04-15,0.01066993122107842
2009-04-16,0.014663632951945192
2009-04-17,-0.0010899418152536644
2009-04-20,0.00043591015328603254
2009-04-21,0.019537703865724402
2009-04-22,-0.006113638562598808
2009-04-23,0.009818199641241513
2009-04-24,0.015110576257031749
2009-04-27,-0.009462619376736123
2009-04-28,-0.003145143611184471
2009-04-29,0.021268777997460932
2009-04-30,0.0003436990259200293
2009-05-01,0.005376416437721876
2009-05-04,0.034019655527207884
2009-05-05,0.00021834844324024918
2009-05-06,-0.00021830077760530094
2009-05-07,0.0
2009-05-08,0.00021834844324024918
2009-05-11,-0.00021830077760530094
2009-05-12,0.0008728724060955711
2009-05-13,-0.0006539531451999975
2009-05-14,0.008570322998134983
2009-05-15,-0.0081621411908415
2009-05-18,0.028407667247639677
2009-05-19,-0.0012062329720872898
2009-05-20,-0.006694622912879068
2009-05-21,-0.014362888796484332
2009-05-22,-0.0021298225455195596
2009-05-26,0.025612420456768866
2009-05-27,-0.017853618075020818
2009-05-28,0.01394036970518071
2009-05-29,0.017707696026549292
2009-06-01,0.024208564641327698
2009-06-02,0.0
2009-06-03,0.00043666774869369733
2009-06-04,0.00939650124737876
2009-06-05,0.00021156883966551198
2009-06-08,-0.00412488487848321
2009-06-09,0.005097494573069488
2009-06-10,-0.0025357659496059006
2009-06-11,0.004449285283302117
2009-06-12,0.002742202646963945
2009-06-15,-0.022928148634723214
2009-06-16,-0.013563148651557852
2009-06-17,-0.0009818004507057103
2009-06-18,0.007317860332693698
2009-06-19,0.0036855219925616715
2009-06-22,-0.02998599636692893
2009-06-23,0.0007837468596206058
2009-06-24,0.008617939853664533
2009-06-25,0.021748295481175624
2009-06-26,-0.002606241645742492
2009-06-29,0.009364196826687961
2009-06-30,-0.008090630789112905
2009-07-01,0.004132354229327138
2009-07-02,-0.02729340426402678
2009-07-06,-0.00011112203631823184
2009-07-07,-0.019376349334571337
2009-07-08,-0.0006815101946142472
2009-07-09,0.0019316938013569384
2009-07-10,-0.0023813124564680444
2009-07-13,0.02432886389858542
2009-07-14,0.005660587648624178
2009-07-15,0.029246408852403764
2009-07-16,-0.0016089424073215204
2009-07-17,0.010955526785464116
2009-07-20,0.010622889936816747
2009-07-21,0.004625733578596825
2009-07-22,-0.00020928263826113425
2009-07-23,0.022082314916470405
2009-07-24,0.004096078047671818
2009-07-27,0.0
2009-07-28,0.00021916742640539158
2009-07-29,-0.002451343802581108
2009-07-30,0.010445323278117214
2009-07-31,0.0014190571878472888
2009-08-03,0.016496305045177323
2009-08-04,0.002588757930106834
2009-08-05,-0.002880107937994869
2009-08-06,-0.005178857189223977
2009-08-07,0.013114244735185781
2009-08-10,-0.0020753204128176176
2009-08-11,-0.012475665220683683
2009-08-12,0.010728748091270241
2009-08-13,0.007638708871690314
2009-08-14,-0.0076791593195462285
2009-08-17,-0.024605785743053006
2009-08-18,0.007934013205067331
2009-08-19,0.008780086309985868
2009-08-20,0.010303466853639628
2009-08-21,0.01960662305789471
2009-08-24,-9.712120092476274e-05
2009-08-25,0.0019422104901286217
2009-08-26,9.694235191579061e-05
2009-08-27,0.0022296586545123846
2009-08-28,-0.00019373498115864732
2009-08-31,-0.008899115716343466
2009-09-01,-0.022057740321125344
2009-09-02,-0.0037922201421813923
2009-09-03,0.008315028978768953
2009-09-04,0.014008921612966898
2009-09-08,0.008622771716919254
2009-09-09,0.007674005711103142
2009-09-10,0.010219123362832424
2009-09-11,-0.0001912639593793287
2009-09-14,0.004868085129929731
2009-09-15,0.00417937341258888
2009-09-16,0.0151344956100043
2009-09-17,-0.001490953282113326
2009-09-18,0.0006376154881052831
2009-09-21,-0.002530589420435067
2009-09-22,0.005824639414293534
2009-09-23,-0.008312168868181629
2009-09-24,-0.011019329458611164
2009-09-25,-0.005333066187793241
2009-09-28,0.017904096190866543
2009-09-29,-0.003010511350834323
2009-09-30,-0.0038674038519486225
2009-10-01,-0.02481285847872847
2009-10-02,-0.0046619318889649704
2009-10-05,0.014928239035194203
2009-10-06,0.014324438315490271
2009-10-07,0.0027484739597594897
2009-10-08,0.007656227525042186
2009-10-09,0.006096845556050601
2009-10-12,0.003915438065089643
2009-10-13,-0.0020430905322962743
2009-10-14,0.017216003632778695
2009-10-15,0.0036591449025151768
2009-10-16,-0.007474274633315852
2009-10-19,0.008265211972705848
2009-10-20,-0.0052822829642948975
2009-10-21,-0.00897396006201899
2009-10-22,0.010163157345583906
2009-10-23,-0.01143278862671582
2009-10-26,-0.010825328068338542
2009-10-27,-0.004583511828378761
2009-10-28,-0.018887363235832032
2009-10-29,0.02145396042637727
2009-10-30,-0.02897321674409977
2009-11-02,0.007338295241495051
2009-11-03,0.0031636402317533636
2009-11-04,0.0025799566003331773
2009-11-05,0.018394546028052343
2009-11-06,0.0026207598159161643
2009-11-09,0.022776443423211435
2009-11-10,0.0001824290712949737
2009-11-11,0.005109808851085114
2009-11-12,-0.010167756428826594
2009-11-13,0.005411525006000836
2009-11-16,0.014504389647117564
2009-11-17,0.0011689509867013643
2009-11-18,-0.000628351419643894
2009-11-19,-0.013031535016503438
2009-11-20,-0.0035513326692019746
2009-11-23,0.012702197467168304
2009-11-24,0.0015339003316229667
2009-11-25,0.0035136184393626266
2009-11-27,-0.016250328979776473
2009-11-30,0.0033769125666359796
2009-12-01,0.012370361852343461
2009-12-02,-0.0004493539495518264
2009-12-03,-0.007820087964412654
2009-12-04,0.0057071461142353345
2009-12-07,-0.0015314610834855126
2009-12-08,-0.011096790386264498
2009-12-09,0.0037402176374447026
2009-12-10,0.005635824887571948
2009-12-11,0.0042479506885703166
2009-12-14,0.0068397458616839026
2009-12-15,-0.004647942637213087
2009-12-16,0.0015265067811896834
2009-12-17,-0.012015772312233983
2009-12-18,0.005657657836262893
2009-12-21,0.01016192065238041
2009-12-22,0.003593214996761559
2009-12-23,0.001969036585538116
2009-12-24,0.004734178811988884
2009-12-28,0.002133940894365507
2009-12-29,-0.0014197797613922643
2009-12-30,-0.00035499436279149213
2009-12-31,-0.009598543596383546
2010-01-04,0.01695973914997883
2010-01-05,0.0026473069179578108
2010-01-06,0.0007040244566876596
2010-01-07,0.004221445309891254
2010-01-08,0.003327581094363763
2010-01-11,0.0013968543048579062
2010-01-12,-0.009326199566753828
2010-01-13,0.008445970619841247
2010-01-14,0.002704509049975032
2010-01-15,-0.011224363957018986
2010-01-19,0.012495652088435958
2010-01-20,-0.010168236705498788
2010-01-21,-0.019229454076358475
2010-01-22,-0.022291771680497143
2010-01-25,0.005128189728756225
2010-01-26,-0.00419081620458891
2010-01-27,0.004756729512198963
2010-01-28,-0.01147217363846669
2010-01-29,-0.010868381193704856
2010-02-01,0.015550821978426353
2010-02-02,0.012103640404493356
2010-02-03,-0.004983305883509689
2010-02-04,-0.030865490056441756
2010-02-05,0.002067088473774483
2010-02-08,-0.0072198374741474355
2010-02-09,0.012560641568095185
2010-02-10,-0.001958476101047809
2010-02-11,0.010466085779305068
2010-02-12,-0.0008326217110968524
2010-02-16,0.015734818788253904
2010-02-17,0.004739120507316654
2010-02-18,0.005895052743545501
2010-02-19,0.0020732237839803753
2010-02-22,0.00018054880751569913
2010-02-23,-0.012145108854135984
2010-02-24,0.009198000884186253
2010-02-25,-0.001353586671762769
2010-02-26,0.0006321039932378022
2010-03-01,0.01038462912382578
2010-03-02,0.002770680611967783
2010-03-03,0.0008915665621893024
2010-03-04,0.003027677003252264
2010-03-05,0.014293586901308997
2010-03-08,0.00017491636530968943
2010-03-09,0.0016626704519721062
2010-03-10,0.004455318509610004
2010-03-11,-0.00021786449245335526
2010-03-12,0.0
2010-03-15,0.0
2010-03-16,0.0
2010-03-17,0.0
2010-03-18,0.0
2010-03-19,0.0
2010-03-22,0.0053458644863000285
2010-03-23,0.007033833659069426
2010-03-24,-0.00485530404631272
2010-03-25,-0.0016258068979565952
2010-03-26,-0.000600477266996359
2010-03-29,0.006347977072026764
2010-03-30,0.0006816943322979746
2010-03-31,-0.003406932131901974
2010-04-01,0.006837506929581494
2010-04-05,0.008149339490138423
2010-04-06,0.0023577738558415726
2010-04-07,-0.005712565560795208
2010-04-08,0.0034640641288191734
2010-04-09,0.006567095945631826
2010-04-12,0.0015896356438997604
2010-04-13,0.0007513640475158703
2010-04-14,0.01134930116837755
2010-04-15,0.0008252442024678835
2010-04-16,-0.01591200165602759
2010-04-19,0.003769550202124643
2010-04-20,0.00893154081218191
2010-04-21,-0.0018201247009590083
2010-04-22,0.002983470754906664
2010-04-23,0.006527817883975992
2010-04-26,-0.0037764318178142913
2010-04-27,-0.02365064332777672
2010-04-28,0.007595873382871576
2010-04-29,0.012397923280523929
2010-04-30,-0.01696145462504978
2010-05-03,0.012961392348464407
2010-05-04,-0.02351497795791485
2010-05-05,-0.0059562404826341234
2010-05-06,-0.03321313012219665
2010-05-07,-0.014875822595161048
2010-05-10,0.04404158505050257
2010-05-11,-0.002841168688943341
2010-05-12,0.0139858537782001
2010-05-13,-0.012430719818694048
2010-05-14,-0.01810486131813851
2010-05-17,0.0005268479152541067
2010-05-18,-0.0136029665650577
2010-05-19,-0.0056932717711642355
2010-05-20,-0.03775966027785071
2010-05-21,0.014599324339458113
2010-05-24,-0.01283160344530835
2010-05-25,0.0010212915310693219
2010-05-26,-0.006028351540626057
2010-05-27,0.033498254066179206
2010-05-28,-0.012549779338514061
2010-06-01,0.0
2010-06-02,0.0002175044407156646
2010-06-03,-0.00043564330863125726
2010-06-04,0.0004358331764382521
2010-06-07,-0.00021745714282143562
2010-06-08,0.0002175044407156646
2010-06-09,0.0
2010-06-10,0.0
2010-06-11,0.0
2010-06-14,-0.00043564330863125726
2010-06-15,0.0
2010-06-16,0.0
2010-06-17,0.0
2010-06-18,0.00021828125857952142
2010-06-21,-0.00021823362226978802
2010-06-22,0.00021828125857952142
2010-06-23,0.0
2010-06-24,0.0
2010-06-25,0.0
2010-06-28,0.0
2010-06-29,0.0
2010-06-30,-0.009500476607811767
2010-07-01,-0.0044555456116984376
2010-07-02,-0.0054498622459636355
2010-07-06,0.0065553553010723395
2010-07-07,0.03149626825841823
2010-07-08,0.00021828125857952142
2010-07-09,-0.00021823362226978802
2010-07-12,0.00021828125857952142
2010-07-13,0.0
2010-07-14,0.0
2010-07-15,0.0
2010-07-16,0.0
2010-07-19,-0.00021823362226978802
2010-07-20,0.0
2010-07-21,0.0
2010-07-22,0.0
2010-07-23,0.00021828125857952142
2010-07-26,0.010416017860183854
2010-07-27,-8.986998626546229e-05
2010-07-28,-0.006454556257794327
2010-07-29,-0.004872389068163037
2010-07-30,-0.00018125714540442677
2010-08-02,0.022581291479415802
2010-08-03,0.0
2010-08-04,0.006683046834280968
2010-08-05,-0.0010620125979457326
2010-08-06,-0.004076321528029189
2010-08-09,0.005338640521174522
2010-08-10,-0.00539902338405086
2010-08-11,-0.027406586471447413
2010-08-12,-0.0061303635569621585
2010-08-13,-0.0029455538220945336
2010-08-16,-0.0004617079687250295
2010-08-17,0.01228496571621109
2010-08-18,0.0018251689979876889
2010-08-19,-0.017396568427486294
2010-08-20,-0.0032443668484765055
2010-08-23,-0.003812466476310997
2010-08-24,0.0
2010-08-25,0.003884527987400407
2010-08-26,-0.006701240538281564
2010-08-27,0.015489835582729226
2010-08-30,0.00021828125857952142
2010-08-31,-0.00021823362226978802
2010-09-01,0.0
2010-09-02,0.00021828125857952142
2010-09-03,0.0
2010-09-07,-0.00021823362226978802
2010-09-08,0.0
2010-09-09,0.0
2010-09-10,0.0
2010-09-13,0.01112308314019894
2010-09-14,0.00021828125857952142
2010-09-15,0.0
2010-09-16,0.0
2010-09-17,0.0003739708052978778
2010-09-20,0.015289975463859875
2010-09-21,-0.0020136059284465253
2010-09-22,-0.0049134634554285446
2010-09-23,-0.008111149228986052
2010-09-24,0.020622286216309474
2010-09-27,-0.004790399981414959
2010-09-28,0.0035006728832472408
2010-09-29,-0.0017443626300551118
2010-09-30,-0.0029699009668176434
2010-10-01,0.004205498966109808
2010-10-04,-0.007503532295277404
2010-10-05,0.020131502031830124
2010-10-06,-8.585321068804556e-05
2010-10-07,-0.0012066633733124935
2010-10-08,0.005608866216164848
2010-10-11,0.0009438011744021631
2010-10-12,0.0030860724835958474
2010-10-13,0.007777061261454811
2010-10-14,-0.003900850568102171
2010-10-15,0.002043222767796545
2010-10-18,0.004927798616449546
2010-10-19,-0.013104519836510209
2010-10-20,0.00976593809475832
2010-10-21,0.0022059281124939332
2010-10-22,0.0018624527138010184
2010-10-25,0.002957395524951152
2010-10-26,0.00016879486087319803
2010-10-27,-0.002864517708171365
2010-10-28,0.00016908049486216354
2010-10-29,0.0007603495867231186
2010-11-01,0.00033750585391027565
2010-11-02,0.00793058692736491
2010-11-03,0.004017439831220674
2010-11-04,0.019257983271140613
2010-11-05,0.0
2010-11-08,0.0
2010-11-09,-0.007184388865842878
2010-11-10,0.004029746109876758
2010-11-11,-0.003767720225982118
2010-11-12,-0.01183839308445535
2010-11-15,-0.0014140361114662592
2010-11-16,-0.015579537428003805
2010-11-17,0.0005080147644944111
2010-11-18,0.014718281288045972
2010-11-19,0.002750849975582627
2010-11-22,-0.0008315586415994015
2010-11-23,-0.01447704307880977
2010-11-24,0.014774068915913456
2010-11-26,-0.011646842673898409
2010-11-29,0.0030302213314348063
2010-11-30,-0.005622750670792324
2010-12-01,0.021267729289948398
2010-12-02,0.012808710975513532
2010-12-03,0.0026923286194087065
2010-12-06,-0.0010577440264389142
2010-12-07,0.0005700499258712871
2010-12-08,0.003663893746505539
2010-12-09,0.003893525925148837
2010-12-10,0.005817801045752616
2010-12-13,0.0006426111848436941
2010-12-14,0.0008832764274782114
2010-12-15,-0.0045721429698530325
2010-12-16,0.005801779744379739
2010-12-17,0.0010712581771061588
2010-12-20,0.002413371400441112
2010-12-21,0.006340034483153606
2010-12-22,0.003110608146898041
2010-12-23,-0.0014311764734085653
2010-12-27,0.00039843889416601915
2010-12-28,0.001432016912870066
2010-12-29,0.0007153839745203169
2010-12-30,-0.0015881888620523435
2010-12-31,0.00023832346914546526
2011-01-03,0.010338344287126622
2011-01-04,-0.0005510842261752191
2011-01-05,0.005197818193907185
2011-01-06,-0.0019588578431916815
2011-01-07,-0.0019621502022863324
2011-01-10,-0.0012587066737541712
2011-01-11,0.0035438122399290145
2011-01-12,0.009024840079628714
2011-01-13,-0.0016335801161297392
2011-01-14,0.0072445186735874
2011-01-18,0.0017019074905150957
2011-01-19,-0.009805853247208679
2011-01-20,-0.001325008099579292
2011-01-21,0.002263828458178853
2011-01-24,0.005687032502619234
2011-01-25,0.0005415548775479491
2011-01-26,0.003870924167096125
2011-01-27,0.0024685300592192975
2011-01-28,-0.017463479410536435
2011-01-31,0.007516610083219809
2011-02-01,0.016008803138961403
2011-02-02,-0.001912103804665281
2011-02-03,0.0022221725838590936
2011-02-04,0.0028290054136142716
2011-02-07,0.0062530032302687295
2011-02-08,0.0045458346591732155
2011-02-09,-0.0022625180547682215
2011-02-10,0.0003778907828007946
2011-02-11,0.005970515447942477
2011-02-14,0.0024041298569913105
2011-02-15,-0.003148026786588627
2011-02-16,0.006315256218135341
2011-02-17,0.002988567615638321
2011-02-18,0.002085741424214231
2011-02-22,-0.020070318885536814
2011-02-23,-0.006144050092923936
2011-02-24,-0.0006865856807531546
2011-02-25,0.010692762667803215
2011-02-28,0.006196405885586796
2011-03-01,-0.016672731989934055
2011-03-02,0.002138475767370193
2011-03-03,0.017223968118090228
2011-03-04,-0.007492201757415353
2011-03-07,-0.00785073623746309
2011-03-08,0.008750097122185522
2011-03-09,-0.0014332791715637291
2011-03-10,-0.018505863841950528
2011-03-11,0.006926479120741079
2011-03-14,-0.006038049212547767
2011-03-15,-0.011457055383045416
2011-03-16,-0.018513270232107196
2011-03-17,0.01323541266461324
2011-03-18,0.003637227263968785
2011-03-21,0.015497875476984693
2011-03-22,-0.0034686935538948
2011-03-23,0.002862002040671313
2011-03-24,0.009563181577266206
2011-03-25,0.0030560797592933905
2011-03-28,-0.002437323410667425
2011-03-29,0.006718519161452281
2011-03-30,0.0069015189261453615
2011-03-31,-0.0013558432865858347
2011-04-01,0.00422340288709394
2011-04-04,0.0008261563257328756
2011-04-05,-0.00015004528393704406
2011-04-06,0.003152250018063717
2011-04-07,-0.0025438098717193557
2011-04-08,-0.0034504641053249158
2011-04-11,-0.0030107692756158873
2011-04-12,-0.007473686612262672
2011-04-13,-7.61963280220712e-05
2011-04-14,0.0007606510752988993
2011-04-15,0.003648760808047584
2011-04-18,-0.011208895751228923
2011-04-19,0.005744208861703074
2011-04-20,0.01363191245139612
2011-04-21,0.00510917715796607
2011-04-25,-0.0010464588376025896
2011-04-26,0.008605018199855744
2011-04-27,0.006528761930387146
2011-04-28,0.0032433174854416213
2011-04-29,0.0023507497775676917
2011-05-02,-0.0015390891001434122
2011-05-03,-0.0035971109387274544
2011-05-04,-0.006631008330584391
2011-05-05,-0.009048413554984877
2011-05-06,0.004416389514125248
2011-05-09,0.0038745960637778885
2011-05-10,0.008535959931872774
2011-05-11,-0.010524511625803522
2011-05-12,0.004760273138992546
2011-05-13,-0.007699008478540496
2011-05-16,-0.006341234479340704
2011-05-17,-0.00015027438600139994
2011-05-18,0.008935756160597726
2011-05-19,0.002381889447080478
2011-05-20,-0.007945087913210667
2011-05-23,-0.011600372138284382
2011-05-24,-0.0008332780770039576
2011-05-25,0.0033346026974885776
2011-05-26,0.004607664074945389
2011-05-27,0.0038345369575216734
2011-05-31,0.010411393121425576
2011-06-01,-0.022461064135680935
2011-06-02,-0.001061918991510112
2011-06-03,-0.009944621686617016
2011-06-06,-0.010581181540205858
2011-06-07,-0.000619808896910006
2011-06-08,-0.004187546391304567
2011-06-09,0.007631186292324013
2011-06-10,-0.01391015144387174
2011-06-13,0.00078366125881315
2011-06-14,0.012686123686257773
2011-06-15,-0.01778548505259792
2011-06-16,0.0022046177058014805
2011-06-17,0.0029838609254780025
2011-06-20,0.005116006818416245
2011-06-21,0.013704043931295746
2011-06-22,-0.006025433797077957
2011-06-23,-0.0028756908580861227
2011-06-24,-0.011613398166643796
2011-06-27,0.008910982523872952
2011-06-28,0.013053091507539718
2011-06-29,0.00856404351008923
2011-06-30,0.009562556482174925
2011-07-01,0.01477612904355238
2011-07-05,-0.0008212948633713347
2011-07-06,0.001195335556856915
2011-07-07,0.010375749639883707
2011-07-08,-0.007092241887499787
2011-07-11,-0.01808034793079705
2011-07-12,-0.004319425772852972
2011-07-13,0.0033486386312975773
2011-07-14,-0.00690220152742583
2011-07-15,0.005804601119347418
2011-07-18,-0.008200940432779353
2011-07-19,0.016231539084095355
2011-07-20,-0.0006031311502271476
2011-07-21,0.013871679922815081
2011-07-22,0.000668615598453906
2011-07-25,-0.005572587407288797
2011-07-26,-0.0037362240133126607
2011-07-27,-0.02047535201405629
2011-07-28,-0.0029098245656841693
2011-07-29,-0.006834513063598986
2011-08-01,-0.0042528322763428555
2011-08-02,-0.02554733519165315
2011-08-03,0.00541909678916333
2011-08-04,-0.04684183238528176
2011-08-05,-0.001496787074834551
2011-08-08,-0.06512300328947532
2011-08-09,0.046499233800593
2011-08-10,-0.044178240080478964
2011-08-11,0.04488416380650827
2011-08-12,0.0
2011-08-15,0.0
2011-08-16,0.0
2011-08-17,0.0
2011-08-18,-0.0004360505693657912
2011-08-19,0.00043624079241170294
2011-08-22,0.0007986681673447625
2011-08-23,0.03291104129592994
2011-08-24,0.0
2011-08-25,-0.0004360505693657912
2011-08-26,0.00043624079241170294
2011-08-29,0.0
2011-08-30,0.0
2011-08-31,0.0
2011-09-01,0.0
2011-09-02,0.0
2011-09-06,-0.00021823362226978802
2011-09-07,-0.00021786449245335526
2011-09-08,0.0
2011-09-09,0.00021791196773360508
2011-09-12,0.0
2011-09-13,-0.00021786449245335526
2011-09-14,0.0
2011-09-15,0.0
2011-09-16,0.0
2011-09-19,0.00021791196773360508
2011-09-20,0.0
2011-09-21,0.0
2011-09-22,-0.00021786449245335526
2011-09-23,0.00021791196773360508
2011-09-26,0.0
2011-09-27,-0.00021786449245335526
2011-09-28,0.00021791196773360508
2011-09-29,0.0
2011-09-30,0.0
2011-10-03,0.0
2011-10-04,0.0
2011-10-05,0.0
2011-10-06,-0.00021786449245335526
2011-10-07,0.00021791196773360508
2011-10-10,-0.00021786449245335526
2011-10-11,0.00021791196773360508
2011-10-12,-0.00021786449245335526
2011-10-13,0.00021791196773360508
2011-10-14,-0.00021786449245335526
2011-10-17,0.0
2011-10-18,0.01954575264459331
2011-10-19,-0.011829039454161958
2011-10-20,0.004375868121510799
2011-10-21,0.018986780001260552
2011-10-24,0.012260840254259841
2011-10-25,0.00021791196773360508
2011-10-26,0.010158173839379265
2011-10-27,0.03483515210919366
2011-10-28,0.0
2011-10-31,-0.00021853725315034426
2011-11-01,-0.02788827984475453
2011-11-02,0.01631114028322849
2011-11-03,0.018227133565477158
2011-11-04,-0.006098728942337428
2011-11-07,0.006215972169094086
2011-11-08,0.012830717202904749
2011-11-09,-0.03690971603804814
2011-11-10,0.009418636303087518
2011-11-11,0.018822477895541784
2011-11-14,-0.00947397369391349
2011-11-15,0.004941605276288878
2011-11-16,-0.015862986791085453
2011-11-17,-0.015876753279405867
2011-11-18,-0.0010644381831176049
2011-11-21,-0.01901965550660943
2011-11-22,-0.003927656605579077
2011-11-23,-0.022065730314057615
2011-11-25,-0.001887546814696755
2011-11-28,0.028967256982007146
2011-11-29,0.002839988413952911
2011-11-30,0.00021858502212065831
2011-12-01,-0.00021853725315034426
2011-12-02,0.00021858502212065831
2011-12-05,0.0
2011-12-06,0.00021791196773360508
2011-12-07,-0.00021786449245335526
2011-12-08,0.0
2011-12-09,0.016942442771349635
2011-12-12,-0.014597138056783799
2011-12-13,-0.009338933604153289
2011-12-14,-0.01064631301548278
2011-12-15,0.0036143017433346103
2011-12-16,0.0014826295174387558
2011-12-19,-0.010691595722260595
2011-12-20,0.030259962926741442
2011-12-21,0.0019370395807447225
2011-12-22,0.0
2011-12-23,0.008940806284364179
2011-12-27,-0.00021853725315034426
2011-12-28,4.3988020665196855e-05
2011-12-29,0.010334205557947732
2011-12-30,-0.004916066023170243
2012-01-03,0.015936425614782982
2012-01-04,0.0015682424835969989
2012-01-05,0.002662940210389468
2012-01-06,-0.002577521115736649
2012-01-09,0.002427546127192101
2012-01-10,0.008670464446927904
2012-01-11,0.0005417390662632416
2012-01-12,0.0023997795814455244
2012-01-13,-0.005173607592863185
2012-01-17,0.0038810916171890014
2012-01-18,0.011055803130210652
2012-01-19,0.005276203656778687
2012-01-20,0.003727583632120887
2012-01-23,-0.0025767957964311925
2012-01-24,-0.001139881800562947
2012-01-25,0.008367649064217527
2012-01-26,-0.005129579968853575
2012-01-27,-0.0004546758156209322
2012-01-30,-0.003413897572020035
2012-01-31,-0.0003804548282392952
2012-02-01,0.008757164917335214
2012-02-02,0.0015852062674318998
2012-02-03,0.014018420457493101
2012-02-06,-0.0006687857565316917
2012-02-07,0.00252873548069368
2012-02-08,0.0029679472361689766
2012-02-09,0.0012573736990074416
2012-02-10,-0.007387784849284636
2012-02-13,0.007442770435948037
2012-02-14,-0.0012557946957856077
2012-02-15,-0.004660227289939146
2012-02-16,0.011073193696938127
2012-02-17,0.002645885115358594
2012-02-21,0.00043993742727248324
2012-02-22,-0.0032241398662820543
2012-02-23,0.004411012166305529
2012-02-24,0.002195207851245505
2012-02-27,0.0016798790165022267
2012-02-28,0.0029160892780229763
2012-02-29,-0.003925120211145088
2012-03-01,0.005181096244468596
2012-03-02,-0.0030491910423258595
2012-03-05,-0.004078166117194687
2012-03-06,-0.014625456066904642
2012-03-07,0.006976166014179978
2012-03-08,0.009948865953053606
2012-03-09,0.0038676746662065302
2012-03-12,7.263307936562912e-05
2012-03-13,0.018025648562713645
2012-03-14,-0.0010704787612585652
2012-03-15,0.005789805537540716
2012-03-16,0.0013839749372023908
2012-03-19,0.003920325647750399
2012-03-20,-0.002911017517948387
2012-03-21,-0.00163765656754023
2012-03-22,-0.007203597415605355
2012-03-23,0.003232879795075148
2012-03-26,0.014035428061114269
2012-03-27,-0.0031069141714267995
2012-03-28,-0.004959005443908194
2012-03-29,-0.001708897290604784
2012-03-30,0.004136374619564879
2012-04-02,0.0073149720259120185
2012-04-03,-0.004089490603431357
2012-04-04,-0.00991051938445996
2012-04-05,-0.0005007278248880861
2012-04-09,-0.011231037483722575
2012-04-10,-0.01678475235900736
2012-04-11,0.008094144127217989
2012-04-12,0.0130651286831147
2012-04-13,-0.01188794985442498
2012-04-16,-0.0006561023702662982
2012-04-17,0.014811973705204757
2012-04-18,-0.0033791535914069184
2012-04-19,-0.006420939945051864
2012-04-20,0.001669857922227878
2012-04-23,-0.008408766608838101
2012-04-24,0.0038015160635800588
2012-04-25,0.013691777431256118
2012-04-26,0.0069682330819919956
2012-04-27,0.0016413482986404942
2012-04-30,-0.0037042441336842765
2012-05-01,0.00622063688754284
2012-05-02,-0.002984745539265129
2012-05-03,-0.007625092072557191
2012-05-04,-0.016158028655324883
2012-05-07,0.000729747573160056
2012-05-08,-0.004011471273630512
2012-05-09,-0.005931798564765882
2012-05-10,0.002062765192810454
2012-05-11,-0.0030143859971999186
2012-05-14,-0.011061086452136843
2012-05-15,-0.005741751704210258
2012-05-16,-0.0038248982543544843
2012-05-17,-0.014830960594120951
2012-05-18,-0.008558535582243695
2012-05-21,0.017188303398708474
2012-05-22,0.0017423917602249098
2012-05-23,0.0005297414809673784
2012-05-24,0.0019657860743382514
2012-05-25,-0.0032447861846095043
2012-05-29,0.012112326386699027
2012-05-30,-0.014510268274026494
2012-05-31,-0.0022009513924270223
2012-06-01,-0.025176773151534798
2012-06-04,-0.0004679732391809008
2012-06-05,0.007572029811586823
2012-06-06,0.02246852440509563
2012-06-07,0.000605900766407281
2012-06-08,0.007951658831022721
2012-06-11,-0.012697487403289229
2012-06-12,0.011491140783424557
2012-06-13,-0.006394579112398381
2012-06-14,0.010599908448994156
2012-06-15,0.010227443299265844
2012-06-18,0.0019384941897512995
2012-06-19,0.009672412565974238
2012-06-20,-0.0016210209751879384
2012-06-21,-0.02243871248114021
2012-06-22,0.007701909614749169
2012-06-25,-0.016034909484120678
2012-06-26,0.005025410329182606
2012-06-27,0.009016968331892998
2012-06-28,-0.0028536110422416735
2012-06-29,0.024926219570850873
2012-07-02,0.003012704657935149
2012-07-03,0.006592898886883119
2012-07-05,-0.004511880791711213
2012-07-06,-0.009503843117407103
2012-07-09,-0.0012544798482216843
2012-07-10,-0.008720330092348294
2012-07-11,0.00014938334120594444
2012-07-12,-0.004845184567713204
2012-07-13,0.0167777465672155
2012-07-16,-0.002357332807725742
2012-07-17,0.00686687621608358
2012-07-18,0.007407348610980905
2012-07-19,0.002620351059607787
2012-07-20,-0.009148427841624068
2012-07-23,-0.010112105295536716
2012-07-24,-0.00858691932476583
2012-07-25,0.00022453559573574577
2012-07-26,0.016497186656087813
2012-07-27,0.018432709810565752
2012-07-30,0.0
2012-07-31,-0.006994161500780333
2012-08-01,-0.000871718645956333
2012-08-02,-0.0069046406666305234
2012-08-03,0.019833171316393464
2012-08-06,0.0019376022113156389
2012-08-07,0.005013496828484506
2012-08-08,0.001211785549120295
2012-08-09,0.0008542610991997167
2012-08-10,0.0016355664021582125
2012-08-13,-0.0004971037131431868
2012-08-14,0.00014213985314708857
2012-08-15,0.0011364724046160353
2012-08-16,0.007378788728869086
2012-08-17,0.0013379704588923462
2012-08-20,7.015936394329917e-05
2012-08-21,-0.003024115915162638
2012-08-22,0.00042330400677121325
2012-08-23,-0.008179497914250034
2012-08-24,0.006042964380748835
2012-08-27,0.00021175030194917774
2012-08-28,-0.000988532976141489
2012-08-29,0.0007775961823585797
2012-08-30,-0.007207847977477981
2012-08-31,0.004768675908483566
2012-09-04,-0.0009208730935194947
2012-09-05,-0.0008507138279992709
2012-09-06,0.020296392376805118
2012-09-07,0.0038956483333315245
2012-09-10,-0.005681352168977613
2012-09-11,0.0027866166572300477
2012-09-12,0.003335975652269834
2012-09-13,0.01523642879886762
2012-09-14,0.004433941279363378
2012-09-17,-0.0033960244659456827
2012-09-18,-0.0008174112245625528
2012-09-19,0.0005454752950634287
2012-09-20,6.813062202260873e-05
2012-09-21,-0.000417795037836505
2012-09-24,-0.0015081749772879434
2012-09-25,-0.010641894580342521
2012-09-26,-0.005621166380749768
2012-09-27,0.009421209841926364
2012-09-28,-0.004631937218521499
2012-10-01,0.002639341173230504
2012-10-02,0.0010390619845089457
2012-10-03,0.004083267430154601
2012-10-04,0.007167815443743348
2012-10-05,6.829869348382675e-05
2012-10-08,-0.0034212720171089483
2012-10-09,-0.009887747813048969
2012-10-10,-0.006379756003541491
2012-10-11,0.0005588148765117279
2012-10-12,-0.0032793009804954324
2012-10-15,0.00832860500244398
2012-10-16,0.010132807425362426
2012-10-17,0.004535252721398212
2012-10-18,-0.0025987516677567777
2012-10-19,-0.01666478318561144
2012-10-22,0.00013968108204745003
2012-10-23,-0.013876476405445192
2012-10-24,-0.0028286278010568587
2012-10-25,0.002907425207153702
2012-10-26,-0.0005654387513247006
2012-10-31,0.0
2012-11-01,0.010470617878440046
2012-11-02,-0.00889185779872584
2012-11-05,0.0020483723093445063
2012-11-06,0.007825216433973322
2012-11-07,-0.022663494747594565
2012-11-08,-0.012023979790211893
2012-11-09,0.0008686708513887773
2012-11-12,0.000796590897044751
2012-11-13,-0.003471499806605004
2012-11-14,-0.013498861667728049
2012-11-15,-0.0016920284219103874
2012-11-16,0.004937520848481651
2012-11-19,0.020238896317024004
2012-11-20,0.0004314556472796753
2012-11-21,0.0018681379864735074
2012-11-23,0.013624796921737648
2012-11-26,-0.002122435524785238
2012-11-27,-0.005104720871442245
2012-11-28,0.008052633550605445
2012-11-29,0.0046653707417770125
2012-11-30,0.00021142809097222525
2012-12-03,-0.004924728268619854
2012-12-04,-0.001413499960023747
2012-12-05,0.001769684964214899
2012-12-06,0.0033917762757443783
2012-12-07,0.003029108985211259
2012-12-10,0.0004209052609684131
2012-12-11,0.006808375812922741
2012-12-12,0.00048820643369527775
2012-12-13,-0.0061317057273274226
2012-12-14,-0.0037160018472225122
2012-12-17,0.011752290474514622
2012-12-18,0.011128692819298307
2012-12-19,-0.007429235510929079
2012-12-20,0.005752575914198977
2012-12-21,-0.00907763671861946
2012-12-24,-0.0030812295834731756
2012-12-26,-0.004214866018774279
2012-12-27,-0.001340173551965408
2012-12-28,-0.010808368571579801
2012-12-31,0.01699648774238116
2013-01-02,0.025629931180391342
2013-01-03,-0.002259234256540293
2013-01-04,0.004391833060778198
2013-01-07,-0.0027331317710612285
2013-01-08,-0.002876934197882718
2013-01-09,0.002541883679062157
2013-01-10,0.007950051292889029
2013-01-11,-6.83618484310432e-05
2013-01-14,-0.0006798670808123724
2013-01-15,0.0006803296145213873
2013-01-16,-0.0001359472220927071
2013-01-17,0.0064602048811950525
2013-01-18,0.0022295547254755814
2013-01-22,0.005393710828378823
2013-01-23,0.0016092838999860958
2013-01-24,0.00026790125192092615
2013-01-25,0.0056222923356092505
2013-01-28,0.0
2013-01-29,0.003931105443793278
2013-01-30,-0.003915712365596553
2013-01-31,-0.0024659656628480404
2013-02-01,0.010287508011281222
2013-02-04,-0.011240343941253771
2013-02-05,0.01009731502950519
2013-02-06,0.000728709987579604
2013-02-07,-0.0013228156259937284
2013-02-08,0.0055638609524090235
2013-02-11,-0.0001976302389619229
2013-02-12,0.001647730708792629
2013-02-13,0.0008550734452782454
2013-02-14,0.0009196672056764273
2013-02-15,-0.001181713231223006
2013-02-19,0.007494389148654336
2013-02-20,-0.012463365638500746
2013-02-21,-0.0060791037593625145
2013-02-22,0.009772726094052636
2013-02-25,-0.019026951953008738
2013-02-26,0.006845893737105735
2013-02-27,0.012598174776186771
2013-02-28,-0.0019748712688246756
2013-03-01,0.0032981133945240862
2013-03-04,0.005325203975269263
2013-03-05,0.00895852798091454
2013-03-06,0.001361148128383871
2013-03-07,0.0018122933368158356
2013-03-08,0.004264342041386138
2013-03-11,0.003795545037950184
2013-03-12,-0.0022431372936311837
2013-03-13,0.0014130234600497173
2013-03-14,0.005324241527551865
2013-03-15,-0.0013204777094956413
2013-03-18,-0.0055186486823572516
2013-03-19,-0.002323344373514035
2013-03-20,0.00698496228757887
2013-03-21,-0.008542479109235515
2013-03-22,0.00803343145836078
2013-03-25,-0.004176932247107469
2013-03-26,0.008002403901786057
2013-03-27,0.0
2013-03-28,0.0030728589743369374
2013-04-01,-0.0039567259567636565
2013-04-02,0.004933727063149151
2013-04-03,-0.01013914839346499
2013-04-04,0.004059152342799109
2013-04-05,-0.0044912727864869694
2013-04-08,0.006766777718069179
2013-04-09,0.003456954229361302
2013-04-10,0.012248994043228706
2013-04-11,0.0032773024236954877
2013-04-12,-0.002450218640453905
2013-04-15,-0.023174124739160678
2013-04-16,0.014763465600930442
2013-04-17,-0.014611721283061166
2013-04-18,-0.006254158275935758
2013-04-19,0.008694006178066638
2013-04-22,0.004437868636547606
2013-04-23,0.010309357469441532
2013-04-24,0.0006332819727332033
2013-04-25,0.004053998411025506
2013-04-26,-0.0017658922286164786
2013-04-29,0.006698084603021755
2013-04-30,0.002386050470727635
2013-05-01,-0.008768317542255455
2013-05-02,0.009287554164930354
2013-05-03,0.010140868503743383
2013-05-06,0.0025409454427569506
2013-05-07,0.0050685366674727015
2013-05-08,0.004551297776184321
2013-05-09,-0.002816719186645332
2013-05-10,0.0032541693456070303
2013-05-13,0.0007952956799496418
2013-05-14,0.010333793926363275
2013-05-15,0.005386789448419872
2013-05-16,-0.004695776525457832
2013-05-17,0.009677337044769195
2013-05-20,-5.9847649250962445e-05
2013-05-21,0.0014379229577950025
2013-05-22,-0.007417664418222151
2013-05-23,-0.0028929460862884273
2013-05-24,-0.0008462240223075826
2013-05-28,0.005988558818009015
2013-05-29,-0.0064941878874943465
2013-05-30,0.0036921941970420665
2013-05-31,-0.014352149249123017
2013-06-03,0.00550622494850673
2013-06-04,-0.004807023635835814
2013-06-05,-0.014000645783216156
2013-06-06,0.009053167247023817
2013-06-07,0.012720396507193876
2013-06-10,0.0
2013-06-11,-0.010315292006149054
2013-06-12,-0.008277294053810641
2013-06-13,0.015208312709437514
2013-06-14,-0.006271929916756529
2013-06-17,0.00772113836434602
2013-06-18,0.007905942214575766
2013-06-19,-0.01381706501653445
2013-06-20,-0.024778188253480635
2013-06-21,0.0032103226942746
2013-06-24,-0.012635968376531604
2013-06-25,0.009614428164331772
2013-06-26,0.009900966277720757
2013-06-27,0.005869545640586309
2013-06-28,-0.004097437053123271
2013-07-01,0.0058593032357979824
2013-07-02,-0.0009290720462921171
2013-07-03,0.0004339070364528058
2013-07-05,0.01078856401569478
2013-07-08,0.005704890509607944
2013-07-09,0.0071970637906490645
2013-07-10,0.00036353714363078764
2013-07-11,0.0136207023775142
2013-07-12,0.00041821837150938325
2013-07-15,0.0038205831382805123
2013-07-16,-0.0037463703633788667
2013-07-17,0.002566640415727425
2013-07-18,0.005478367297983928
2013-07-19,0.0017762978496234248
2013-07-22,0.0019507449308539854
2013-07-23,-0.0021244229637551633
2013-07-24,-0.003665458794180107
2013-07-25,0.002433121972251656
2013-07-26,0.0010658522572264309
2013-07-29,-0.003075599674820702
2013-07-30,0.0
2013-07-31,0.0007118128689113608
2013-08-01,0.011558759732835475
2013-08-02,0.001699432304214031
2013-08-05,-0.0014624423143724291
2013-08-06,-0.005682667094293363
2013-08-07,-0.0032408145732809473
2013-08-08,0.0036652686395998073
2013-08-09,-0.0028858271599834363
2013-08-12,-0.0011810838210106508
2013-08-13,0.0029564830733166065
2013-08-14,-0.0051299711532611075
2013-08-15,-0.013985638479469492
2013-08-16,-0.0033056088840531773
2013-08-19,-0.006392269552470962
2013-08-20,0.004915751718938616
2013-08-21,-0.006159763065476342
2013-08-22,0.009114919014561244
2013-08-23,0.003372516819507228
2013-08-26,-0.00372123822530458
2013-08-27,-0.016084280993488676
2013-08-28,0.003550700551513655
2013-08-29,0.0015870529438162077
2013-08-30,-0.0031679144551550824
2013-09-03,0.004521956972053597
2013-09-04,0.008272971027601751
2013-09-05,0.001266987052080545
2013-09-06,0.0004819469876704099
2013-09-09,0.009575934708282784
2013-09-10,0.00739786373455905
2013-09-11,0.003138483908040524
2013-09-12,-0.002656842557586505
2013-09-13,0.0022493268503823924
2013-09-16,0.005787111878455217
2013-09-17,0.004463067158817069
2013-09-18,0.011573914040257751
2013-09-19,-0.0016759615807523242
2013-09-20,-0.006991363097178931
2013-09-23,-0.004627897370093353
2013-09-24,-0.0023535286452296862
2013-09-25,-0.00289040027223264
2013-09-26,0.003845573345743142
2013-09-27,-0.00459669664308021
2013-09-30,-0.005328313144011568
2013-10-01,0.007916138779080612
2013-10-02,-0.0009452290650314682
2013-10-03,-0.009220439002589384
2013-10-04,0.007576345277221938
2013-10-07,-0.008644489159235786
2013-10-08,-0.01164697442951356
2013-10-09,0.0007255731081154406
2013-10-10,0.021557797654447056
2013-10-11,0.006442926902398247
2013-10-14,0.003994291480145612
2013-10-15,-0.007254292813614847
2013-10-16,0.01396613767290997
2013-10-17,0.006683066351205518
2013-10-18,0.0067544257631249605
2013-10-21,5.725722230192757e-05
2013-10-22,0.005791247330507644
2013-10-23,-0.004788565794891857
2013-10-24,0.0033224964895433354
2013-10-25,0.004567421050173026
2013-10-28,0.0015915772420421947
2013-10-29,0.00533363063355647
2013-10-30,-0.004967181181734608
2013-10-31,-0.0028360986317961566
2013-11-01,0.002389539157374284
2013-11-04,0.003518452105151516
2013-11-05,-0.0031672057704700655
2013-11-06,0.005105944140893559
2013-11-07,-0.012643013116812707
2013-11-08,0.013491281990289376
2013-11-11,0.0001691760217616042
2013-11-12,-0.002030411204838044
2013-11-13,0.008024459131566094
2013-11-14,0.004989675743973775
2013-11-15,0.004350524000681937
2013-11-18,-0.003499081422595686
2013-11-19,-0.0021732858196194986
2013-11-20,-0.0031282850279809897
2013-11-21,0.00806856916997561
2013-11-22,0.005002215797581615
2013-11-25,-0.000995295653203718
2013-11-26,0.0002766063345372855
2013-11-27,0.0024352907555820784
2013-11-29,-0.0006623947098978435
2013-12-02,-0.002596693235603109
2013-12-03,-0.0043203723215205795
2013-12-04,-0.00011152212600035928
2013-12-05,-0.004395581414581476
2013-12-06,0.011177025980501363
2013-12-09,0.0025425796855069707
2013-12-10,-0.0035832339269600447
2013-12-11,-0.011231244326089632
2013-12-12,-0.0033010037906629538
2013-12-13,-0.00011221665295129797
2013-12-16,0.006232080490432217
2013-12-17,-0.0031808948450035347
2013-12-18,0.01707285169741908
2013-12-19,-0.0011553856286284061
2013-12-20,0.005816453443426416
2013-12-23,0.0053425213955633
2013-12-24,0.002191335386440987
2013-12-26,0.005084011383858857
2013-12-27,-5.463098209253913e-05
2013-12-30,-0.00016328572784151055
2013-12-31,0.004733286208977005
2014-01-02,-0.00958359848804312
2014-01-03,-0.00016390941713274537
2014-01-06,-0.0028983068519793653
2014-01-07,0.00614218498200829
2014-01-08,0.00021784452260458493
2014-01-09,0.000653494110168284
2014-01-10,0.002723101609237284
2014-01-13,-0.013305280124516873
2014-01-14,0.010897805599633383
2014-01-15,0.005390007669612698
2014-01-16,-0.001299737690603741
2014-01-17,-0.004229644923386955
2014-01-21,0.0029407564497853215
2014-01-22,0.0006519725449850805
2014-01-23,-0.008193417892484785
2014-01-24,-0.021335875942645858
2014-01-27,-0.004919876151893775
2014-01-28,0.005955208710194091
2014-01-29,-0.00960528296889491
2014-01-30,0.010600468591109543
2014-01-31,-0.005858522589190144
2014-02-03,-0.02250534929608
2014-02-04,0.007005003341523181
2014-02-05,-0.0012546484158650858
2014-02-06,0.01318739356312919
2014-02-07,0.01239607878597682
2014-02-10,0.001835935345065372
2014-02-11,0.010944345624207388
2014-02-12,0.0004945794425103014
2014-02-13,0.005162673739241059
2014-02-14,0.005518906135162494
2014-02-18,0.0011953986948597857
2014-02-19,-0.006621822284665496
2014-02-20,0.005900920125117952
2014-02-21,-0.0011404222885280696
2014-02-24,0.005546706279299039
2014-02-25,-0.00037891794879492147
2014-02-26,5.434135317732462e-05
2014-02-27,0.005247230529029269
2014-02-28,0.002529803530243386
2014-03-03,-0.0070321905782936645
2014-03-04,0.014055486648272641
2014-03-05,0.0009061819363305278
2014-03-06,0.0022903041745180605
2014-03-07,0.0004249077619059707
2014-03-10,-0.0005306333180357962
2014-03-11,-0.004942597257243338
2014-03-12,0.0002671290314903682
2014-03-13,-0.011213096210835445
2014-03-14,-0.002808427423383816
2014-03-17,0.009043871770529633
2014-03-18,0.007138088911334286
2014-03-19,-0.005328929013647093
2014-03-20,0.005839050886943606
2014-03-21,-0.0038781813607152143
2014-03-24,-0.0041358719963365915
2014-03-25,0.00474597906587024
2014-03-26,-0.007192037272718284
2014-03-27,-0.0021085162287559217
2014-03-28,0.004930164908114562
2014-03-31,0.008194769267750587
2014-04-01,0.0066300639425238995
2014-04-02,0.0033476185026993636
2014-04-03,-0.0013247271351708337
2014-04-04,-0.011821864639799354
2014-04-07,-0.011051549560586219
2014-04-08,0.004123049255616919
2014-04-09,0.01075087767758944
2014-04-10,-0.021005892368375204
2014-04-11,-0.00900859571799723
2014-04-14,0.007878084847940049
2014-04-15,0.00688792899537181
2014-04-16,0.010477458615722291
2014-04-17,0.001396917449975267
2014-04-21,0.003487724536827398
2014-04-22,0.004544423503527612
2014-04-23,-0.0023418690632273633
2014-04-24,0.002027070323816813
2014-04-25,-0.00819886149663524
2014-04-28,0.0031673056641180765
2014-04-29,0.004654734776378901
2014-04-30,0.002982785009302681
2014-05-01,0.00010651069853549287
2014-05-02,-0.0014336989112512027
2014-05-05,0.0019145430505305824
2014-05-06,-0.00870393260724907
2014-05-07,0.0058889626358076905
2014-05-08,-0.0010644428658615893
2014-05-09,0.0014918480195980455
2014-05-12,0.009736021720233188
2014-05-13,0.0008959533335683981
2014-05-14,-0.004738285501220418
2014-05-15,-0.008780064490079264
2014-05-16,0.003468827098699576
2014-05-19,0.00366895223144947
2014-05-20,-0.006305169486039251
2014-05-21,0.008424889113753943
2014-05-22,0.0024319677182101894
2014-05-23,0.004008876181120338
2014-05-27,0.006146567621625348
2014-05-28,-0.0007312134098846705
2014-05-29,0.0051728232741982344
2014-05-30,0.0016114313420904284
2014-06-02,0.0011418258091266066
2014-06-03,-0.0005181274443444202
2014-06-04,0.00202269028337456
2014-06-05,0.006522185657574502
2014-06-06,0.00478258120759668
2014-06-09,0.0010237748399612196
2014-06-10,0.0
2014-06-11,-0.00021875758632731686
2014-06-12,-0.00707976157193794
2014-06-13,0.00304836711407649
2014-06-16,0.0008240223328449879
2014-06-17,0.002779632155883861
2014-06-18,0.007339769967668889
2014-06-19,0.0011207098678403294
2014-06-20,0.002029963439036279
2014-06-23,-0.000306006813497106
2014-06-24,-0.006024114796563041
2014-06-25,0.004519981709068299
2014-06-26,-0.0007156806178154543
2014-06-27,0.0019441170214863697
2014-06-30,-0.0005108332572226491
2014-07-01,0.006693166084632138
2014-07-02,0.0010153924918305246
2014-07-03,0.004918055178513196
2014-07-07,-0.003481357328203846
2014-07-08,-0.0064299020946909265
2014-07-09,0.004484128376275922
2014-07-10,-0.003957310737013416
2014-07-11,0.0013753210575241325
2014-07-14,0.005035568980948363
2014-07-15,-0.0018724036931522588
2014-07-16,0.0037011806026265672
2014-07-17,-0.011365859347195254
2014-07-18,0.010219443353920575
2014-07-21,-0.001871739878780217
2014-07-22,0.00435798169988968
2014-07-23,0.0022201286694868276
2014-07-24,5.010382416496138e-05
2014-07-25,-0.004681459236553919
2014-07-28,0.00040439884512621807
2014-07-29,-0.004297057953392437
2014-07-30,0.00015264615964774548
2014-07-31,-0.019748467645567737
2014-08-01,-0.0030557238700681293
2014-08-04,0.0072211688003602035
2014-08-05,-0.009696594507302212
2014-08-06,0.0003128545616017062
2014-08-07,-0.005414752805313767
2014-08-08,0.011568405356720001
2014-08-11,0.0028982600081070347
2014-08-12,-0.0013931526623869438
2014-08-13,0.00676871079070985
2014-08-14,0.0047218259122307074
2014-08-15,-0.00020441505947436565
2014-08-18,0.008379385511091951
2014-08-19,0.005219190354375063
2014-08-20,0.002671390659270246
2014-08-21,0.002915944616520131
2014-08-22,-0.001554212272537977
2014-08-25,0.005070557938882251
2014-08-26,0.0006492646666486627
2014-08-27,-0.00039922359182632887
2014-08-28,-0.0005489531493337544
2014-08-29,0.002847599403783875
2014-09-02,-0.0004982943717343123
2014-09-03,-0.0005481546083221769
2014-09-04,-0.001446249799624423
2014-09-05,0.004494726811397704
2014-09-08,-0.002585215073968537
2014-09-09,-0.00633107897317571
2014-09-10,0.0037629870075017585
2014-09-11,0.0011491067189033806
2014-09-12,-0.005841398311689998
2014-09-15,-0.0007532782589031844
2014-09-16,0.0075384611479201585
2014-09-17,0.0013471063668132565
2014-09-18,0.005330108205967921
2014-09-19,-0.0009015627179807813
2014-09-22,-0.0077225260708898855
2014-09-23,-0.0057246515980310005
2014-09-24,0.007827907166136797
2014-09-25,-0.016135595548339182
2014-09-26,0.007945513229054756
2014-09-29,-0.0018189958036636223
2014-09-30,-0.0026324149197201113
2014-10-01,-0.01355237102224225
2014-10-02,0.0001548309162081142
2014-10-03,0.011009015588753045
2014-10-06,-0.0011701077410647934
2014-10-07,-0.01543630909804978
2014-10-08,0.017489541039016596
2014-10-09,-0.019833093722473237
2014-10-10,-0.01141474273764274
2014-10-13,-0.016426541638643447
2014-10-14,0.001547021709970689
2014-10-15,-0.006766123647950858
2014-10-16,-0.0008581815959001453
2014-10-17,0.011810931919796267
2014-10-20,0.009709603086443478
2014-10-21,0.019810859381559024
2014-10-22,-0.0071108107254936334
2014-10-23,0.011624703361957409
2014-10-24,0.007695201398655107
2014-10-27,-0.0013744563650155684
2014-10-28,0.011470231951533258
2014-10-29,-0.0015115580319187824
2014-10-30,0.006410207606358606
2014-10-31,0.011435350233167503
2014-11-03,0.0005455334861344188
2014-11-04,-0.0034690966154943383
2014-11-05,0.006315657481456896
2014-11-06,0.004003301589568685
2014-11-07,0.0009355823975217836
2014-11-10,0.0031470727671978425
2014-11-11,0.0009805232713382028
2014-11-12,-0.0010774187476333998
2014-11-13,0.0011280637164276424
2014-11-14,0.0002447646001080831
2014-11-17,0.0006365604510881427
2014-11-18,0.0057735075037557045
2014-11-19,-0.0016051752611501205
2014-11-20,0.0017542043331832252
2014-11-21,0.005350586995769312
2014-11-24,0.002806108750814011
2014-11-25,-0.0007237768790661912
2014-11-26,0.0025593291259854174
2014-11-28,-0.0021192885389105394
2014-12-01,-0.006949676830276581
2014-12-02,0.006464011734352801
2014-12-03,0.0038627414449435033
2014-12-04,-0.0011063802725375044
2014-12-05,0.0016371079475282558
2014-12-08,-0.006682130374996419
2014-12-09,-0.000677836320508699
2014-12-10,-0.016031272507282146
2014-12-11,0.005070061176929517
2014-12-12,-0.01616194151220385
2014-12-15,-0.006869129580887345
2014-12-16,-0.008019558898127317
2014-12-17,0.019604773295198958
2014-12-18,0.024728820860280224
2014-12-19,0.004254674225248921
2014-12-22,0.004600171718462425
2014-12-23,0.0013496945000730143
2014-12-24,9.635957793256916e-05
2014-12-26,0.003224659828202346
2014-12-29,0.0013430579840874681
2014-12-30,-0.005366357270583192
2014-12-31,-0.00992266837676203
2015-01-02,-0.0005350906000555903
2015-01-05,-0.018059758863064265
2015-01-06,-0.009418718477391027
2015-01-07,0.012460680687376793
2015-01-08,0.017745674591935986
2015-01-09,-0.008013761569794628
2015-01-12,-0.007833700443124819
2015-01-13,-0.0028129405500156857
2015-01-14,-0.006036629593533485
2015-01-15,-0.009160784345542489
2015-01-16,0.01311410153232801
2015-01-20,0.002132547287736737
2015-01-21,0.005048236494510151
2015-01-22,0.014870941388276123
2015-01-23,-0.00548282609404709
2015-01-26,0.002341647213924986
2015-01-27,-0.013190772291274851
2015-01-28,-0.012823517741467871
2015-01-29,0.009243056465420564
2015-01-30,-0.012574814175898508
2015-02-02,0.012383892592523815
2015-02-03,0.014461492774343686
2015-02-04,-0.003808156015513243
2015-02-05,0.010095346858410677
2015-02-06,-0.0027654047328850824
2015-02-09,-0.004475837773584232
2015-02-10,0.01065283923373911
2015-02-11,0.0005806065762738758
2015-02-12,0.009617137464577732
2015-02-13,0.004116090851829416
2015-02-17,0.0015730912761936912
2015-02-18,9.527726212105695e-05
2015-02-19,-0.000714026675973161
2015-02-20,0.006000628108074452
2015-02-23,-0.00014166922287856256
2015-02-24,0.002840274165280388
2015-02-25,-0.000849126886502983
2015-02-26,-0.0011814049434547094
2015-02-27,-0.003406656388437851
2015-03-02,0.006313374502979333
2015-03-03,-0.004103831532727528
2015-03-04,-0.004215563824095931
2015-03-05,0.0010937858131831097
2015-03-06,-0.01406438920551661
2015-03-09,0.004144974878385719
2015-03-10,-0.016222427610158685
2015-03-11,-0.0023414434772725855
2015-03-12,0.012714237279786027
2015-03-13,-0.00613280626162336
2015-03-16,0.013360938784474237
2015-03-17,-0.002972508029678202
2015-03-18,0.012021208690925593
2015-03-19,-0.004561304618648695
2015-03-20,0.00882691986921471
2015-03-23,-0.0019485223150842422
2015-03-24,-0.0056188865242504885
2015-03-25,-0.01465402717571192
2015-03-26,-0.0023814276953822633
2015-03-27,0.002289842404594091
2015-03-30,0.012199795885979674
2015-03-31,-0.008739426848986756
2015-04-01,-0.003536611777839799
2015-04-02,0.003597562702580809
2015-04-06,0.006733429099484122
2015-04-07,-0.0026466333333688167
2015-04-08,0.0033771304521925108
2015-04-09,0.0044238311219644165
2015-04-10,0.005456959940608168
2015-04-13,-0.004522902989576731
2015-04-14,0.0019126799695445482
2015-04-15,0.004487167696616878
2015-04-16,-0.00028474218216245303
2015-04-17,-0.011503793320306831
2015-04-20,0.00913698779155018
2015-04-21,-0.0011915787720281298
2015-04-22,0.0049143204458864005
2015-04-23,0.002516130641676335
2015-04-24,0.0023205273598801966
2015-04-27,-0.0041575751377895265
2015-04-28,0.0031787185058448535
2015-04-29,-0.004114793235803436
2015-04-30,-0.010020112194367272
2015-05-01,0.01084108628427472
2015-05-04,0.002847439950689287
2015-05-05,-0.011451556476076393
2015-05-06,-0.004116901722562586
2015-05-07,0.003989382325007801
2015-05-08,0.01316630800708257
2015-05-11,-0.004772797285750328
2015-05-12,-0.0029914387758675025
2015-05-13,0.00019061538389947099
2015-05-14,0.010427860955065303
2015-05-15,0.001083542970054528
2015-05-18,0.0031067807818545047
2015-05-19,-0.00032841179932724027
2015-05-20,-0.000704205666479992
2015-05-21,0.0029122540883017405
2015-05-22,-0.002388787284809021
2015-05-26,-0.01075152193991183
2015-05-27,0.009492250107428974
2015-05-28,-0.001128286534333169
2015-05-29,-0.006213236334151513
2015-06-01,0.0020369627355794817
2015-06-02,-0.0009927958037842313
2015-06-03,0.0026494468034625814
2015-06-04,-0.008446448235849465
2015-06-05,-0.0017130852072350542
2015-06-08,-0.0061500047459843695
2015-06-09,-0.00014370274666797547
2015-06-10,0.011993341847654965
2015-06-11,0.0032236378786234137
2015-06-12,-0.0076550708964348325
2015-06-15,-0.004285467851748587
2015-06-16,0.005451833628263344
2015-06-17,0.0016169658652718437
2015-06-18,0.010399461064397814
2015-06-19,-0.004439360096515965
2015-06-22,0.005123381787068779
2015-06-23,0.0007077708896967555
2015-06-24,-0.007262889014891181
2015-06-25,-0.003040223143192061
2015-06-26,-0.00019067535444546344
2015-06-29,-0.020970419222132282
2015-06-30,0.0020935508184899477
2015-07-01,0.008015345112168039
2015-07-02,-0.0009155890553375659
2015-07-06,-0.0028464585075328535
2015-07-07,0.006289173091913912
2015-07-08,-0.01677755922075159
2015-07-09,0.0018091497695773991
2015-07-10,0.012591572344637054
2015-07-13,0.011037471764771632
2015-07-14,0.004337997510098933
2015-07-15,-0.00033231780171425824
2015-07-16,0.008024100701374872
2015-07-17,0.0008479616512540793
2015-07-20,0.0005174815151250875
2015-07-21,-0.003950864941590563
2015-07-22,-0.0017945112614657754
2015-07-23,-0.005630352534804415
2015-07-24,-0.010372191099509346
2015-07-27,-0.005816930490829641
2015-07-28,0.012282626122120376
2015-07-29,0.006879241130864223
2015-07-30,0.00023729344110831184
2015-07-31,-0.0015178477873937436
2015-08-03,-0.003372738016368796
2015-08-04,-0.0019543529545519144
2015-08-05,0.003295178602973959
2015-08-06,-0.008187614505945249
2015-08-07,-0.0019199564071357249
2015-08-10,0.012599495473163308
2015-08-11,-0.009023185436528693
2015-08-12,0.0011981433920989534
2015-08-13,-0.001244834376432822
2015-08-14,0.0036420847415808938
2015-08-17,0.005587112940667512
2015-08-18,-0.0028966527142702315
2015-08-19,-0.007905317581006897
2015-08-20,-0.0208812426388364
2015-08-21,-0.030102831093272983
2015-08-24,-0.042107009636544956
2015-08-25,-0.011767449840132851
2015-08-26,0.038393715706862966
2015-08-27,-0.00021904468093466868
2015-08-28,0.0002190926720191062
2015-08-31,0.0
2015-09-01,0.0
2015-09-02,-0.00021904468093466868
2015-09-03,0.0002190926720191062
2015-09-04,-0.00021904468093466868
2015-09-08,0.0
2015-09-09,0.0
2015-09-10,-0.00021867455623281022
2015-09-11,0.00021872238525334368
2015-09-14,0.0
2015-09-15,-0.00021867455623281022
2015-09-16,0.0
2015-09-17,0.0
2015-09-18,0.0
2015-09-21,0.00021872238525334368
2015-09-22,0.0
2015-09-23,-0.00021867455623281022
2015-09-24,0.0
2015-09-25,0.0
2015-09-28,0.00021872238525334368
2015-09-29,0.0005852062992972962
2015-09-30,0.01865821052369102
2015-10-01,0.00021872238525334368
2015-10-02,0.0
2015-10-05,-0.00021867455623281022
2015-10-06,0.0
2015-10-07,0.0
2015-10-08,0.0
2015-10-09,0.0
2015-10-12,0.0
2015-10-13,0.0
2015-10-14,0.0
2015-10-15,0.015354373545149546
2015-10-16,0.0
2015-10-19,0.0
2015-10-20,-0.00021914059249092177
2015-10-21,0.00021918862561620656
2015-10-22,0.016893440111808506
2015-10-23,0.0
2015-10-26,-0.00021914059249092177
2015-10-27,0.0
2015-10-28,0.0
2015-10-29,-0.0005739919370336698
2015-10-30,-0.004309902917712765
2015-11-02,0.011831007230152632
2015-11-03,0.0028994187715525037
2015-11-04,-0.0030334213536185404
2015-11-05,-0.0009980783759200643
2015-11-06,-0.0005236396053239096
2015-11-09,-0.009331560014824965
2015-11-10,0.002306707644783689
2015-11-11,-0.0039314654460217485
2015-11-12,-0.013959630473909435
2015-11-13,-0.011228826660769107
2015-11-16,0.015207128170671219
2015-11-17,-0.0007292205648543383
2015-11-18,0.01586596996527923
2015-11-19,-0.0008622887071309554
2015-11-20,0.0036438874761245948
2015-11-23,-0.0011465326847709188
2015-11-24,0.0013392150541042009
2015-11-25,-0.0001428968620319899
2015-11-27,0.001146215804925144
2015-11-30,-0.004151353019866972
2015-12-01,0.009535534309504205
2015-12-02,-0.010205082355224264
2015-12-03,-0.014002765541818098
2015-12-04,0.019503314097782973
2015-12-07,-0.006058717366868999
2015-12-08,-0.006719476002991495
2015-12-09,-0.0077799858250655034
2015-12-10,0.002581218746977808
2015-12-11,-0.019381245982077907
2015-12-14,0.0050523721837627015
2015-12-15,0.010498245434752473
2015-12-16,0.01463189429270483
2015-12-17,-0.015238437502138628
2015-12-18,-0.01781479985324062
2015-12-21,-0.00021914059249092177
2015-12-22,0.0
2015-12-23,0.0
2015-12-24,0.00021918862561620656
2015-12-28,-0.00021914059249092177
2015-12-29,0.0
2015-12-30,-0.007087989401085017
2015-12-31,-0.010003450346726365
2016-01-04,-0.013979291119146952
2016-01-05,0.0016913113909343795
2016-01-06,-0.012614128223692895
2016-01-07,0.00021881819764094738
2016-01-08,-0.01097660898491823
2016-01-11,0.0009901261552889924
2016-01-12,0.008068067805241694
2016-01-13,-0.024940466135380153
2016-01-14,0.016416711643805277
2016-01-15,0.0
2016-01-19,0.0013307989382591412
2016-01-20,-0.012814842687197892
2016-01-21,0.005602001900335403
2016-01-22,0.020515206385882202
2016-01-25,0.00021881819764094738
2016-01-26,-0.00021877032671235885
2016-01-27,0.00021881819764094738
2016-01-28,0.0
2016-01-29,0.00021918862561620656
2016-02-01,-0.00043786297774426545
2016-02-02,0.0
2016-02-03,0.00021881819764094738
2016-02-04,0.00021918862561620656
2016-02-05,0.0
2016-02-08,-0.00021914059249092177
2016-02-09,0.00021918862561620656
2016-02-10,-0.00021914059249092177
2016-02-11,0.00021918862561620656
2016-02-12,0.02061686578472864
2016-02-16,0.0
2016-02-17,0.0
2016-02-18,0.00021918862561620656
2016-02-19,0.0
2016-02-22,0.0
2016-02-23,-0.00021914059249092177
2016-02-24,0.00021918862561620656
2016-02-25,-0.00021914059249092177
2016-02-26,0.0
2016-02-29,0.00021918862561620656
2016-03-01,0.0
2016-03-02,-0.00021914059249092177
2016-03-03,0.00021918862561620656
2016-03-04,0.0
2016-03-07,0.0
2016-03-08,-0.00021914059249092177
2016-03-09,0.004939559624523232
2016-03-10,0.0008024687425775282
2016-03-11,0.0161370752089947
2016-03-14,0.0
2016-03-15,0.0
2016-03-16,0.00021918862561620656
2016-03-17,0.006344071447074158
2016-03-18,0.0039299737239201
2016-03-21,0.0014184447274660714
2016-03-22,-0.0005372048063557917
2016-03-23,-0.006599584247723903
2016-03-24,-0.0004430847117031304
2016-03-28,0.0005908933812031918
2016-03-29,0.009250293673509664
2016-03-30,0.004387476402001821
2016-03-31,-0.002426858661111417
2016-04-01,0.006811524573994261
2016-04-04,-0.003237470385054055
2016-04-05,-0.009988052531054361
2016-04-06,0.010921230520992857
2016-04-07,-0.01196596459007035
2016-04-08,0.002696834153904351
2016-04-11,-0.0023470939772368073
2016-04-12,0.009312607074321867
2016-04-13,0.010100926867227692
2016-04-14,4.825218605834661e-05
2016-04-15,-0.0011057548369180837
2016-04-18,0.007026822562283417
2016-04-19,0.0031543828140831926
2016-04-20,0.0009525238743710793
2016-04-21,-0.005378236571097963
2016-04-22,0.0
2016-04-25,-0.0017225364450652021
2016-04-26,0.001485905187273203
2016-04-27,0.00205836234435055
2016-04-28,-0.009075939676072273
2016-04-29,-0.005398906122414884
2016-05-02,0.00794844781607313
2016-05-03,-0.008703222382169811
2016-05-04,-0.005578211946136474
2016-05-05,-0.0001951192710569442
2016-05-06,0.0036589361106267406
2016-05-09,0.0008264827573619836
2016-05-10,0.012433909239651809
2016-05-11,-0.009354828820843169
2016-05-12,0.000290392255950091
2016-05-13,-0.008713695448081411
2016-05-16,0.009865021761725634
2016-05-17,-0.009333655282852906
2016-05-18,0.0002929074883773269
2016-05-19,-0.0034650570046540507
2016-05-20,0.0063175576495036415
2016-05-23,-0.0013625563950856612
2016-05-24,0.01296207908384747
2016-05-25,0.00678332355239339
2016-05-26,0.000286448477053243
2016-05-27,0.004299204563513638
2016-05-31,-0.0019025684717298278
2016-06-01,0.0020489941786164803
2016-06-02,0.0030438131039004263
2016-06-03,-0.0029871611638579688
2016-06-06,0.005088804706903992
2016-06-07,0.0015611893736631906
2016-06-08,0.0032594106079650983
2016-06-09,-0.0013651645634864846
2016-06-10,-0.009477546725752312
2016-06-13,-0.007711727058224248
2016-06-14,-0.00196670755783433
2016-06-15,-0.0013941847364189982
2016-06-16,0.0029843738093502385
2016-06-17,-0.0037238937169927406
2016-06-20,0.0064398275246193406
2016-06-21,0.0028385999131874846
2016-06-22,-0.001631139506839836
2016-06-23,0.013022369995918293
2016-06-24,-0.03590875934699792
2016-06-27,-0.017909890713245682
2016-06-28,0.0180356940587905
2016-06-29,0.01702755309676835
2016-06-30,0.013645607324024586
2016-07-01,0.0021003616417951134
2016-07-05,-0.007192953415568579
2016-07-06,0.005997905140574098
2016-07-07,-0.0006202912319581717
2016-07-08,0.014890401621745918
2016-07-11,0.003526955133567011
2016-07-12,0.007263647245103768
2016-07-13,-0.0001396855621186791
2016-07-14,0.00558352395862691
2016-07-15,-0.0013420144242246275
2016-07-18,0.00268746928755106
2016-07-19,-0.001016924511589952
2016-07-20,0.0041632101307216415
2016-07-21,-0.0037771818411705873
2016-07-22,0.004484671697702737
2016-07-25,-0.002715740058385146
2016-07-26,0.0004616059710211911
2016-07-27,-0.0010609801796541184
2016-07-28,0.001154666125909366
2016-07-29,0.0016146018995638089
2016-08-01,-0.0008289926940624918
2016-08-02,-0.006407239270649343
2016-08-03,0.0029226492276902957
2016-08-04,0.001064109746348135
2016-08-05,0.008178794829525944
2016-08-08,-0.0005958218394754398
2016-08-09,0.0005961770547848747
2016-08-10,-0.0024748952743731175
2016-08-11,0.004640524191685226
2016-08-12,-0.0008688562545125457
2016-08-15,0.002883635761620978
2016-08-16,-0.0051578332887168635
2016-08-17,0.0018813825191345294
2016-08-18,0.0022438801511753194
2016-08-19,-0.0014622392568368566
2016-08-22,-4.593393845065894e-05
2016-08-23,0.0020136259960891086
2016-08-24,-0.005114980027220846
2016-08-25,-0.0006882239272436273
2016-08-26,-0.0018837937562180991
2016-08-29,0.004924529175110165
2016-08-30,-0.0016483235875574143
2016-08-31,-0.002844084278341004
2016-09-01,4.5765993025394837e-05
2016-09-02,0.004508157043196164
2016-09-06,0.003022404427037547
2016-09-07,-9.149836692632472e-05
2016-09-08,-0.0022830767550496593
2016-09-09,-0.02393487036754419
2016-09-12,0.01434770820949183
2016-09-13,-0.01437577238223433
2016-09-14,-0.0003750224124948406
2016-09-15,0.009993088169480377
2016-09-16,-0.0038659115522479467
2016-09-19,0.00018766059174467575
2016-09-20,4.680169052059806e-05
2016-09-21,0.011245358979794336
2016-09-22,0.006301570847593401
2016-09-23,-0.00547930486929298
2016-09-26,-0.008101976703632108
2016-09-27,0.006207680967915514
2016-09-28,0.004963737373394113
2016-09-29,-0.009047580873166608
2016-09-30,0.0075461786047676055
2016-10-03,-0.0024039803875115276
2016-10-04,-0.005097935239346925
2016-10-05,0.004425518980801472
2016-10-06,0.0006954605970155932
2016-10-07,-0.003429675140150575
2016-10-10,0.005208955205278501
2016-10-11,-0.012629768110666241
2016-10-12,0.0013119988962867887
2016-10-13,-0.003275448707294259
2016-10-14,0.0005161208281386425
2016-10-17,-0.003472062697333452
2016-10-18,0.0062624691179793725
2016-10-19,0.0026668775777949376
2016-10-20,-0.0018663016891439478
2016-10-21,0.0004670718911440964
2016-10-24,0.004253037618599537
2016-10-25,-0.003350670936559006
2016-10-26,-0.0020080011366075652
2016-10-27,-0.0026664207867299733
2016-10-28,-0.0029555978874792437
2016-10-31,4.741360866404676e-05
2016-11-01,-0.007245363795188638
2016-11-02,-0.006018784738942832
2016-11-03,-0.0045773721307619565
2016-11-04,-0.0011012521222937572
2016-11-07,0.022056863713225815
2016-11-08,0.004503724015695261
2016-11-09,0.010602353897810833
2016-11-10,0.0024954092562012404
2016-11-11,-0.0023051024928384084
2016-11-14,0.0007857189857100197
2016-11-15,0.007802596768352391
2016-11-16,-0.0018781862965988906
2016-11-17,0.005140635748441727
2016-11-18,-0.002237704314128452
2016-11-21,0.00755138346627677
2016-11-22,0.0019536198902219987
2016-11-23,0.0005439316546433336
2016-11-25,0.0037154258867540327
2016-11-28,-0.0046947432829197245
2016-11-29,0.0019499657366173451
2016-11-30,-0.00239910719759659
2016-12-01,-0.003675175756585156
2016-12-02,0.0005007822586695792
2016-12-05,0.006008737912088627
2016-12-06,0.003167242106250361
2016-12-07,0.013080936623044203
2016-12-08,0.0024489494592327557
2016-12-09,0.006040200389300212
2016-12-12,-0.001148125549954505
2016-12-13,0.006674442829017352
2016-12-14,-0.008254396709663481
2016-12-15,0.004117252387017611
2016-12-16,-0.0019558883678368385
2016-12-19,0.0021777312886391413
2016-12-20,0.0038573687194301404
2016-12-21,-0.0027826609007545597
2016-12-22,-0.0017274251239964102
2016-12-23,0.001464342203374749
2016-12-27,0.0024807838216032883
2016-12-28,-0.008264542610316497
2016-12-29,-0.00022266872063323722
2016-12-30,-0.0036549397385842813
2017-01-03,0.007649946071011124
2017-01-04,0.005949098329557035
2017-01-05,-0.000794302471196344
2017-01-06,0.00357775170539681
2017-01-09,-0.003300911595094015
2017-01-10,0.0
2017-01-11,0.002826005177466756
2017-01-12,-0.002509792437631212
2017-01-13,0.0022953755392932803
2017-01-17,-0.0035236990884117466
2017-01-18,0.0022102861171530938
2017-01-19,-0.003704696548127135
2017-01-20,0.003674204831749583
2017-01-23,-0.002602379737176803
2017-01-24,0.006411901816859985
2017-01-25,0.008655713959044022
2017-01-26,-0.0010456370997056835
2017-01-27,-0.001569942490951666
2017-01-30,-0.006201516710698159
2017-01-31,-8.75847110816907e-05
2017-02-01,0.00039502447160988006
2017-02-02,0.0006591806572500157
2017-02-03,0.006892778822788087
2017-02-06,-0.001787204544882457
2017-02-07,4.3605948099610885e-05
2017-02-08,0.0013102938447224206
2017-02-09,0.005932308455244235
2017-02-10,0.00394664678296986
2017-02-13,0.0054423267734671765
2017-02-14,0.003995015997768065
2017-02-15,0.0052207699814846905
2017-02-16,0.0
2017-02-17,0.0015761944092169383
2017-02-21,0.005955299814868741
2017-02-22,0.0
2017-02-23,0.0006771197863768641
2017-02-24,0.0012689564979535249
2017-02-27,0.0015627452575168288
2017-02-28,0.00043694661911378873
2017-03-01,0.013997460606766703
2017-03-02,0.0
2017-03-03,0.0006296423637337927
2017-03-06,-0.002978079197401957
2017-03-07,-0.002986750470037707
2017-03-08,-0.0018567780606090314
2017-03-09,0.001268237674498128
2017-03-10,0.0035044215480904053
2017-03-13,0.0005045842661329273
2017-03-14,-0.0038266172146609687
2017-03-15,0.008653553009657314
2017-03-16,-0.001966957931557149
2017-03-17,-0.0017561729165184756
2017-03-20,-0.0010967596605544147
2017-03-21,-0.012839730889423185
2017-03-22,0.002353276608521313
2017-03-23,-0.001067207902698299
2017-03-24,-0.0007263134419979658
2017-03-27,-0.0010261690113747533
2017-03-28,0.007276712589270716
2017-03-29,0.0009345745224538387
2017-03-30,0.0031844228336858024
2017-03-31,-0.0023276310190627277
2017-04-03,-0.001739105383664383
2017-04-04,0.0006376029735566117
2017-04-05,-0.002972983731355951
2017-04-06,0.0028110764109280416
2017-04-07,-0.0010194329260684646
2017-04-10,0.0005951695244328558
2017-04-11,-0.001189555866327558
2017-04-12,-0.0043818973369434445
2017-04-13,-0.006494879040586117
2017-04-17,0.00885998584428639
2017-04-18,-0.0029844424167657763
2017-04-19,-0.001838389458912298
2017-04-20,0.008138813646653845
2017-04-21,-0.0031867532068747297
2017-04-24,0.01099814071546644
2017-04-25,0.005818514429844198
2017-04-26,-0.0006292189344558791
2017-04-27,0.0008394868002644576
2017-04-28,-0.0021794561996237487
2017-05-01,0.002519912785849682
2017-05-02,0.0003774591810202794
2017-05-03,-0.001214761455293112
2017-05-04,0.0011740413386251592
2017-05-05,0.003936955963930139
2017-05-08,-0.00016652926956661735
2017-05-09,-0.0009182405086121115
2017-05-10,0.0017960666612844743
2017-05-11,-0.0020430901048449548
2017-05-12,-0.001670695826747668
2017-05-15,0.00552341815328157
2017-05-16,-0.0009157950618016308
2017-05-17,-0.017743872442311254
2017-05-18,0.004028636717044687
2017-05-19,0.00650412309744278
2017-05-22,0.0050773374639747635
2017-05-23,0.002212730313681676
2017-05-24,0.002332872908231393
2017-05-25,0.004779403009034866
2017-05-26,-0.00020673535898870857
2017-05-30,-0.0008687460963864025
2017-05-31,-0.0002484813017637339
2017-06-01,0.00795205939131636
2017-06-02,0.0033286056600104245
2017-06-05,-0.0007372200819967205
2017-06-06,-0.0031966389624623255
2017-06-07,0.0018502520426654566
2017-06-08,0.0004923393077954667
2017-06-09,-0.0015177163273557414
2017-06-12,-0.00020569722458424057
2017-06-13,0.0048900750545998305
2017-06-14,-0.0012679892769459835
2017-06-15,-0.0019242033470117136
2017-06-16,0.00021867045173078314
2017-06-19,0.008325286704667645
2017-06-20,-0.006744004983207428
2017-06-21,-0.00024704255085230767
2017-06-22,-0.00045291459452082006
2017-06-23,0.0011940417497875548
2017-06-26,0.0006582381109224961
2017-06-27,-0.008056069042553907
2017-06-28,0.008950120778460607
2017-06-29,-0.008788613769601663
2017-06-30,0.0018644327601699349
2017-07-03,0.0016955894657273657
2017-07-05,0.002311893433164655
2017-07-06,-0.009144104669263409
2017-07-07,0.006484915198866806
2017-07-10,0.0010737705287463875
2017-07-11,-0.0007425040314882707
2017-07-12,0.007514927971917797
2017-07-13,0.0016800158394074504
2017-07-14,0.004664500249757929
2017-07-17,-0.00012241775057383322
2017-07-18,0.0005293710620187051
2017-07-19,0.00541428074219177
2017-07-20,0.00044493615764706586
2017-07-21,-0.0008901888200318553
2017-07-24,-0.00024295619516910693
2017-07-25,0.002430794137856383
2017-07-26,4.0546593691334146e-05
2017-07-27,-0.0009294040582364896
2017-07-28,-0.0011734086699529134
2017-07-31,-0.0005667576501234165
2017-08-01,0.002228803949626035
2017-08-02,0.00048504781058484486
2017-08-03,-0.0019396062561601829
2017-08-04,0.0018217943994235937
2017-08-07,0.0018591008692758434
2017-08-08,-0.0024607577097315596
2017-08-09,-4.0501648146594044e-05
2017-08-10,-0.014115075751115336
2017-08-11,0.0014766840313502937
2017-08-14,0.00991305082577996
2017-08-15,-0.00012164564281583964
2017-08-16,0.001744513642390839
2017-08-17,-0.015591103179258521
2017-08-18,-0.0015630026244803656
2017-08-21,0.0007829422574102689
2017-08-22,0.010456858250140606
2017-08-23,-0.0035854111627617474
2017-08-24,-0.0023306270664209643
2017-08-25,0.002336071578069911
2017-08-28,4.109272981091155e-05
2017-08-29,0.0011447920919247612
2017-08-30,0.004737748978732638
2017-08-31,0.006015756995096221
2017-09-01,0.0014143913484108348
2017-09-05,-0.007182194735774656
2017-09-06,0.003413866184857192
2017-09-07,-0.00012161081147201974
2017-09-08,-0.0011747635857794149
2017-09-11,0.01066582042450008
2017-09-12,0.0033710688519255198
2017-09-13,0.00047961134447644906
2017-09-14,-0.0003196814217043283
2017-09-15,0.0013462019041061445
2017-09-18,0.0021269633507853404
2017-09-19,0.001001051967178624
2017-09-20,0.0003599734720989732
2017-09-21,-0.002679499653042649
2017-09-22,0.00020084053872173986
2017-09-25,-0.0020447218576575056
2017-09-26,0.0006025795894016346
2017-09-27,0.003894123764146204
2017-09-28,0.001199971508293377
2017-09-29,0.003515082086204856
2017-10-02,0.0043388668838818785
2017-10-03,0.002140002173873511
2017-10-04,0.0011861512170343671
2017-10-05,0.00592525156654044
2017-10-06,-0.00021880960092870901
2017-10-09,-0.0016511396974204918
2017-10-10,0.0026383171761089302
2017-10-11,0.0015709700148320478
2017-10-12,-0.0014899432948019273
2017-10-13,0.001217474744723703
2017-10-16,0.0013331836753142715
2017-10-17,0.0007052185210140713
2017-10-18,0.0009786580429224775
2017-10-19,0.0002738056478475849
2017-10-20,0.005160419335164412
2017-10-23,-0.00021840224935614457
2017-10-24,0.0017571959591809745
2017-10-25,-0.004950454498168
2017-10-26,0.0012928548878435007
2017-10-27,0.008176343912751318
2017-10-30,-0.003725188374574395
2017-10-31,0.0015578006948235835
2017-11-01,0.0013224592648085403
2017-11-02,0.0003879567980450895
2017-11-03,0.0033390507120706495
2017-11-06,0.0015474860077774775
2017-11-07,-0.0006953164278367161
2017-11-08,0.0017008750955650504
2017-11-09,-0.0036276713623895804
2017-11-10,-0.0003100092839979448
2017-11-13,0.000929841261310705
2017-11-14,-0.0023222741650236293
2017-11-15,-0.005005445635649874
2017-11-16,0.00850109030363915
2017-11-17,-0.002938744807830387
2017-11-20,0.00170655765851623
2017-11-21,0.0065427167916509675
2017-11-22,-0.000884582763825361
2017-11-24,0.002309489063890021
2017-11-27,-0.0004993764520863631
2017-11-28,0.010145152645689017
2017-11-29,-0.0006086664076370046
2017-11-30,0.008754841765013005
2017-12-01,-0.0020753292166425224
2017-12-04,-0.0012102125649798058
2017-12-05,-0.0035966476904371446
2017-12-06,0.0001901766633404604
2017-12-07,0.0031531522541096762
2017-12-08,0.005453236536936814
2017-12-11,0.00301287329382701
2017-12-12,0.001764533198371621
2017-12-13,-0.00011232104782211391
2017-12-14,-0.004085964732481414
2017-12-15,0.008327084915764036
2017-12-18,0.006341216027810553
2017-12-19,-0.0038402516137586917
2017-12-20,-0.0005237596170965678
2017-12-21,0.002059334543921019
2017-12-22,-0.0002613808946715089
2017-12-26,-0.0011963223850110255
2017-12-27,0.00048641894058880754
2017-12-28,0.0020574271490564743
2017-12-29,-0.0037701786614951845
2018-01-02,0.007156959961231637
2018-01-03,0.0063253661509864965
2018-01-04,0.004214648885984481
2018-01-05,0.0066641489481746655
2018-01-08,0.0018288219354630673
2018-01-09,0.0022637572327100833
2018-01-10,-0.0015305570355580336
2018-01-11,0.0072959735737551405
2018-01-12,0.006519080147618912
2018-01-16,-0.00021811336089467943
2018-01-17,0.00953131314554723
2018-01-18,-0.0016808409925542726
2018-01-19,0.004549588208148498
2018-01-22,0.008130931024007165
2018-01-23,0.0
2018-01-24,0.00010861820132197056
2018-01-25,0.0
2018-01-26,0.00021876729036243554
2018-01-29,-0.00021871944170282463
2018-01-30,-0.010256514463347745
2018-01-31,0.0004965763748997031
2018-02-01,-0.001135377845823118
2018-02-02,-0.021770148312051457
2018-02-05,-0.041822310073294414
2018-02-06,0.019702099783190815
2018-02-07,-0.00542482039034804
2018-02-08,-0.037508756960164084
2018-02-09,0.015021587525482126
2018-02-12,0.01468420660208272
2018-02-13,0.002487532949255602
2018-02-14,0.013495938942850432
2018-02-15,0.012760519572649207
2018-02-16,0.00029279459808006386
2018-02-20,-0.006261214234073714
2018-02-21,-0.004974404435092246
2018-02-22,0.0012963706396697417
2018-02-23,0.01593962553417654
2018-02-26,0.011612059766934251
2018-02-27,-0.012486844156184522
2018-02-28,-0.010129821331780236
2018-03-01,-0.014540534528557993
2018-03-02,0.0051549122768649825
2018-03-05,0.011557735156356693
2018-03-06,0.0025354196661429647
2018-03-07,-0.00036676899249119666
2018-03-08,0.00483898784695829
2018-03-09,0.017402283985807475
2018-03-12,-0.0012549943445278754
2018-03-13,-0.006462777968549683
2018-03-14,-0.0051315807783679345
2018-03-15,-0.0010896227358492716
2018-03-16,0.0010842218351328932
2018-03-19,-0.013530373053938453
2018-03-20,0.0017009406212542702
2018-03-21,-0.0019193480544839668
2018-03-22,-0.02499719719916289
2018-03-23,-0.021314405449050736
2018-03-26,0.027359306672222642
2018-03-27,-0.017011818341425938
2018-03-28,-0.0029552726080319057
2018-03-29,0.012777592058688865
2018-04-02,-0.0215844489719444
2018-04-03,0.01281672348960636
2018-04-04,0.010699389152054992
2018-04-05,0.007891936447039715
2018-04-06,-0.02228584756138194
2018-04-09,0.0049284691409220635
2018-04-10,0.015900387625558073
2018-04-11,-0.005242176758723074
2018-04-12,0.008226778610809872
2018-04-13,-0.0029328487214297524
2018-04-16,0.008221679960173804
2018-04-17,0.010698390028564009
2018-04-18,0.0007403911335993954
2018-04-19,-0.0055477019895284595
2018-04-20,-0.00847901979425438
2018-04-23,-0.00015049617194890655
2018-04-24,-0.01346713797114036
2018-04-25,0.002471533186694662
2018-04-26,0.010165627232642601
2018-04-27,0.0009387937861834917
2018-04-30,-0.007690289915205634
2018-05-01,0.001776858183792694
2018-05-02,-0.00671771219754331
2018-05-03,-0.002203610294354729
2018-05-04,0.012946419455584668
2018-05-07,0.003383367755021785
2018-05-08,0.0
2018-05-09,0.00966556344266226
2018-05-10,0.009350741411121721
2018-05-11,0.003051120041260044
2018-05-14,0.00047678206200354816
2018-05-15,-0.006887031325216643
2018-05-16,0.004204917486032154
2018-05-17,-0.000844588995162849
2018-05-18,-0.0025000524765385213
2018-05-21,0.007518315600525658
2018-05-22,-0.002779895494111204
2018-05-23,0.0027512308506578904
2018-05-24,-0.0020486356216271777
2018-05-25,-0.0023824382808528936
2018-05-29,-0.011501402267860582
2018-05-30,0.013344878113416756
2018-05-31,-0.006126019703541618
2018-06-01,0.00981776020811666
2018-06-04,0.0047515782775424086
2018-06-05,0.0007272005059532716
2018-06-06,0.008361176268791575
2018-06-07,-0.00010841918447752589
2018-06-08,0.002956416831059777
2018-06-11,0.0013299002219245262
2018-06-12,0.0012926223337328077
2018-06-13,-0.0031914205218568628
2018-06-14,0.0025177665582975066
2018-06-15,-0.0012753345332672846
2018-06-18,-0.0020568687777818024
2018-06-19,-0.003832600505965738
2018-06-20,0.001705562591080504
2018-06-21,-0.006268665966955389
2018-06-22,0.0018229555820265752
2018-06-25,-0.013612638865656399
2018-06-26,0.0022141977308983768
2018-06-27,-0.008284245068262596
2018-06-28,0.0057172212785672645
2018-06-29,0.0014399948262742357
2018-07-02,0.0021379076196418488
2018-07-03,-0.0035313437180059955
2018-07-05,0.008157883106056881
2018-07-06,0.00845840041291225
2018-07-09,0.009004276593842772
2018-07-10,0.0035982046838022538
2018-07-11,-0.007314263045239305
2018-07-12,0.009065964753316271
2018-07-13,0.0007875052952835644
2018-07-16,-0.0008942219089125826
2018-07-17,0.0040451344552768125
2018-07-18,0.002103708109714375
2018-07-19,-0.0037714225226945855
2018-07-20,-0.0011430588959476418
2018-07-23,0.0018594650638816225
2018-07-24,0.005032158534081387
2018-07-25,0.008522609799860144
2018-07-26,-0.002359200755197304
2018-07-27,-0.006776165322628836
2018-07-30,-0.005223680110172028
2018-07-31,0.004929330302159005
2018-08-01,-0.001670710229634991
2018-08-02,0.005447922339471204
2018-08-03,0.004284713009331623
2018-08-06,0.003667403091767015
2018-08-07,0.003302259138571971
2018-08-08,-0.00042058163923992814
2018-08-09,-0.0013660128970500779
2018-08-10,-0.006700073600142739
2018-08-13,-0.0037432692084166264
2018-08-14,0.006380730799304045
2018-08-15,-0.0074676921945939
2018-08-16,0.008091705339837583
2018-08-17,0.0035201748160281843
2018-08-20,0.00213983668487138
2018-08-21,0.0023454921699195435
2018-08-22,-0.000593659339337223
2018-08-23,-0.001327667187144081
2018-08-24,0.006018263718342937
2018-08-27,0.007895223902122443
2018-08-28,0.00048305013907813617
2018-08-29,0.005380470693454285
2018-08-30,-0.004048017139020291
2018-08-31,3.4637327540924715e-05
2018-09-04,-0.0017223439446050481
2018-09-05,-0.0026916138433723973
2018-09-06,-0.003010250417040938
2018-09-07,-0.0019429439047644514
2018-09-10,0.0017385131975619003
2018-09-11,0.003297262521897594
2018-09-12,0.00024243393630406953
2018-09-13,0.0059145877288483886
2018-09-14,0.00017192047887754343
2018-09-17,-0.005294466264415763
2018-09-18,0.0054261870355133916
2018-09-19,0.0010656852669843292
2018-09-20,0.008103851367257208
2018-09-21,-0.0009134599936654533
2018-09-24,-0.0033223749856570754
2018-09-25,-0.0009275080422642023
2018-09-26,-0.002992620962165202
2018-09-27,0.002794297771895212
2018-09-28,0.00010306826290335368
2018-10-01,0.0034741428852187537
2018-10-02,-0.0005824823961203371
2018-10-03,0.0005484896595718524
2018-10-04,-0.007815554747441588
2018-10-05,-0.005596793866113106
2018-10-08,0.0
2018-10-09,-0.0014591364992974118
2018-10-10,-0.03166347469203873
2018-10-11,-0.022026896176487093
2018-10-12,0.01388880287663184
2018-10-15,-0.00561691201598464
2018-10-16,0.021865789894788754
2018-10-17,0.00017818657711007256
2018-10-18,-0.014440415058443677
2018-10-19,-0.0005433533025420683
2018-10-22,-0.004488650524102371
2018-10-23,-0.005090887304220636
2018-10-24,-0.030298437706750767
2018-10-25,0.017940540297712738
2018-10-26,-0.017587478246339067
2018-10-29,-0.005540118621169246
2018-10-30,0.01481847326254954
2018-10-31,0.00010881000749079619
2018-11-01,0.00021882453966757707
2018-11-02,0.0
2018-11-05,0.00010938833298217871
2018-11-06,0.0
2018-11-07,0.00010917173542746617
2018-11-08,0.00010967134505664085
2018-11-09,0.00021860257816013964
2018-11-12,-0.000109430808433904
2018-11-13,-0.0018709760385586006
2018-11-14,-0.006836796563862688
2018-11-15,0.010436865347798016
2018-11-16,0.002600534394352542
2018-11-19,-0.016914450888407814
2018-11-20,-0.01850611336594673
2018-11-21,0.0002186638321127925
2018-11-23,0.0
2018-11-26,0.0001089502976101047
2018-11-27,0.0
2018-11-28,0.00010924500967978234
2018-11-29,0.0001093352589963248
2018-11-30,0.00010911896347610514
2018-12-03,-3.258909311500752e-05
2018-12-04,0.00010921277713891538
2018-12-06,0.00021860600670058056
2018-12-07,0.00010958550431953785
2018-12-10,0.00010926714018483916
2018-12-11,-0.00010925520218134648
2018-12-12,0.00021822792390187036
2018-12-13,0.000109651686415371
2018-12-14,0.00010923132284746663
2018-12-17,0.00010942354106623646
2018-12-18,-0.001096566630415287
2018-12-19,-0.014975689385117764
2018-12-20,-0.016277991734608286
2018-12-21,-0.02048943769851959
2018-12-24,-0.026422984855442446
2018-12-26,0.050524704658896365
2018-12-27,0.0003277188523228655
2018-12-28,0.00010944182019800299
2018-12-31,0.00010912388916725113
2019-01-02,-0.00010911198244337216
2019-01-03,0.00032798357716063516
2019-01-04,0.00010949591607759937
2019-01-07,0.0
2019-01-08,0.0
2019-01-09,0.0
2019-01-10,0.0001093819876919269
2019-01-11,0.00021843426158211232
2019-01-14,-0.00010914232577098964
2019-01-15,0.00021851231435116315
2019-01-16,0.00010953797595014769
2019-01-17,0.0002176255725534214
2019-01-18,0.0
2019-01-22,0.00010960401069189162
2019-01-23,0.0
2019-01-24,0.000531589938181978
2019-01-25,0.008461277940844435
2019-01-28,-0.007600171726360106
2019-01-29,-0.001327049158062835
2019-01-30,0.01583072109470785
2019-01-31,0.0
2019-02-01,9.813105137241976e-05
2019-02-04,0.00010962320763001953
2019-02-05,0.0
2019-02-06,0.00021830641243790862
2019-02-07,0.0
2019-02-08,0.0012214593771550954
2019-02-11,0.0005548878048089686
2019-02-12,0.012859408422224425
2019-02-13,0.0
2019-02-14,0.000218594042585049
2019-02-15,0.01089660249106865
2019-02-19,0.0017310131670186355
2019-02-20,0.0020151742714955767
2019-02-21,-0.003556144346258067
2019-02-22,0.006200421238606196
2019-02-25,0.0013611926255103093
2019-02-26,-0.0007156719118686653
2019-02-27,-0.00042895158099603086
2019-02-28,-0.0018634053908061956
2019-03-01,0.006244361182750202
2019-03-04,-0.0036377909514752056
2019-03-05,-0.001360232388843108
2019-03-06,-0.006056701007235794
2019-03-07,-0.00836535481852601
2019-03-08,-0.001999922651833394
2019-03-11,0.01450131602744933
2019-03-12,0.003771006337189476
2019-03-13,0.006619099776734626
2019-03-14,-0.0006397495750551879
2019-03-15,0.004940524985210841
2019-03-18,0.0036259329825430527
2019-03-19,0.00024813165606383717
2019-03-20,-0.0030102387543613465
2019-03-21,0.01129475486299258
2019-03-22,-0.01924667709781211
2019-03-25,-0.0007514472645088274
2019-03-26,0.007453622447087029
2019-03-27,-0.0052288949617322455
2019-03-28,0.0037905181829814894
2019-03-29,0.006305560890833699
2019-04-01,0.01185939642313661
2019-04-02,0.0004898290780027792
2019-04-03,0.0015735437011400453
2019-04-04,0.0026530852666512366
2019-04-05,0.004840527690670991
2019-04-08,0.000762220482775823
2019-04-09,-0.0051250351049990225
2019-04-10,0.0034107867895028683
2019-04-11,-0.0002771934838862834
2019-04-12,0.006765774372825002
2019-04-15,-0.0006545463335607074
2019-04-16,0.000654975045075035
2019-04-17,-0.002446510668412906
2019-04-18,0.0019690430067506683
2019-04-22,0.0008616051307945704
2019-04-23,0.008992204488313536
2019-04-24,-0.0022195297693907174
2019-04-25,-0.0006162374908682902
2019-04-26,0.004657099943911011
2019-04-29,0.0015675285327211136
2019-04-30,0.000510723395430022
2019-05-01,-0.007516586273811122
2019-05-02,-0.0021592937081663095
2019-05-03,0.009788012917380007
2019-05-06,-0.004115176777048947
2019-05-07,-0.016699538537995908
2019-05-08,-0.0013895916733765422
2019-05-09,-0.00302592516717606
2019-05-10,0.005023555264631043
2019-05-13,-0.0251298509672891
2019-05-14,0.009043561688059585
2019-05-15,0.005857165255283451
2019-05-16,0.009261603341508657
2019-05-17,-0.006465210659899078
2019-05-20,-0.006612343430187549
2019-05-21,0.009015598690863987
2019-05-22,-0.003071042547760285
2019-05-23,-0.01221860103064887
2019-05-24,0.0022685392715367774
2019-05-28,-0.009300873700924873
2019-05-29,-0.006711094949381024
2019-05-30,0.002731525176399275
2019-05-31,-0.013475150693147295
2019-06-03,-0.0025427917558999077
2019-06-04,0.021706620380638267
2019-06-05,0.008662167633762118
2019-06-06,0.006502277698410048
2019-06-07,0.010007580241256227
2019-06-10,0.004588423262751979
2019-06-11,-0.00024201771607386464
2019-06-12,-0.0017650120307443975
2019-06-13,0.004125879343826269
2019-06-14,-0.0011048927335754056
2019-06-17,0.00038067207572572824
2019-06-18,0.010470499433150933
2019-06-19,0.0022574091543029868
2019-06-20,0.00955431366195401
2019-06-21,-0.001453619848315327
2019-06-24,-0.0012246575920299755
2019-06-25,-0.009808004421835236
2019-06-26,-0.0009971928967515541
2019-06-27,0.0035463272165478315
2019-06-28,0.005145455061134971
2019-07-01,0.009078547756163326
2019-07-02,0.002604145775319854
2019-07-03,0.007995039107039267
2019-07-05,-0.0011377387360406443
2019-07-08,-0.005494908459441147
2019-07-09,0.0012465845922372712
2019-07-10,0.004778097460281809
2019-07-11,0.0023443271990861436
2019-07-12,0.004476633803226677
2019-07-15,0.0003326959291069154
2019-07-16,-0.003225018164316281
2019-07-17,-0.006804905545130522
2019-07-18,0.003660711755622368
2019-07-19,-0.005554890344491644
2019-07-22,0.0024565959572947957
2019-07-23,0.007149948969558149
2019-07-24,0.004699665893891948
2019-07-25,-0.00477682484578396
2019-07-26,0.006699729720266688
2019-07-29,-0.0018210258419397588
2019-07-30,-0.002455018766697573
2019-07-31,-0.010940351221150113
2019-08-01,-0.008707852720325352
2019-08-02,-0.0075295046763191
2019-08-05,-0.03007317984841102
2019-08-06,0.014022884284149065
2019-08-07,0.0005905531278830083
2019-08-08,0.01962030171973566
2019-08-09,-0.006811612399336402
2019-08-12,-0.012173283587812425
2019-08-13,0.015551593734006877
2019-08-14,-0.0295674060298942
2019-08-15,0.0026417792352416416
2019-08-16,0.014754722425378251
2019-08-19,0.01204790445292097
2019-08-20,-0.007662658054130642
2019-08-21,0.008135432465690142
2019-08-22,-0.0003078450671506604
2019-08-23,-0.02568753920235578
2019-08-26,0.011058721481566775
2019-08-27,-0.0039235802478577025
2019-08-28,0.0070414583206851265
2019-08-29,0.012772960887066365
2019-08-30,-0.0004443645609939869
2019-09-03,-0.005846970761670334
2019-09-04,0.011350620593205523
2019-09-05,0.012855077510741662
2019-09-06,0.0007722895940348479
2019-09-09,0.0005033970776367212
2019-09-10,-0.0002349822428191506
2019-09-11,0.007111020086497882
2019-09-12,0.003463879011831854
2019-09-13,-0.0006639782146768426
2019-09-16,-0.00308891988412274
2019-09-17,0.002532368324862003
2019-09-18,0.0005980223487628954
2019-09-19,-6.673231115487411e-05
2019-09-20,-0.004724130134665338
2019-09-23,-0.000234970057713531
2019-09-24,-0.007846768040452397
2019-09-25,0.005914691644900997
2019-09-26,-0.002083496475394853
2019-09-27,-0.005387064141460713
2019-09-30,0.004637893231861436
2019-10-01,-0.011894659188919715
2019-10-02,-0.01766478454085788
2019-10-03,0.00819280465865363
2019-10-04,0.013531867619085557
2019-10-07,-0.004314693620085812
2019-10-08,-0.015524713734967489
2019-10-09,0.00949699798868398
2019-10-10,0.006763209280949012
2019-10-11,0.010367085269144068
2019-10-14,-0.0011139088798630206
2019-10-15,0.009900170902455225
2019-10-16,-0.0016058291032206183
2019-10-17,0.0029489436022730716
2019-10-18,-0.00437716364754321
2019-10-21,0.006779115389395603
2019-10-22,-0.0032663336922117976
2019-10-23,0.002909087135450436
2019-10-24,0.0016342159149011024
2019-10-25,0.0040945943942964705
2019-10-28,0.005636925248842304
2019-10-29,-0.00029669119261963977
2019-10-30,0.003067237963004265
2019-10-31,-0.002663400100760517
2019-11-01,0.00926367813566476
2019-11-04,0.004017973020198054
2019-11-05,-0.0011065284961812476
2019-11-06,0.00022838368723101203
2019-11-07,0.00351656930268602
2019-11-08,0.002466291642954078
2019-11-11,-0.0019097714071422372
2019-11-12,0.002107907447647962
2019-11-13,0.00032352734750253586
2019-11-14,0.0014558386692443005
2019-11-15,0.0072362507911738075
2019-11-18,0.0007374328121578948
2019-11-19,-0.00028807543879618406
2019-11-20,-0.0037185955946465892
2019-11-21,-0.0016091829025700367
2019-11-22,0.002224114664307612
2019-11-25,0.007749880526607044
2019-11-26,0.0022659375226359657
2019-11-27,0.004457626772822115
2019-11-29,-0.0037089304270850705
2019-12-02,-0.008494842980130375
2019-12-03,-0.006706433104233486
2019-12-04,0.0061704202272892935
2019-12-05,0.0017975082435878692
2019-12-06,0.009134315470602308
2019-12-09,-0.0031440029624389605
2019-12-10,-0.0011152779867185318
2019-12-11,0.0028390176618073863
2019-12-12,0.00861866260926055
2019-12-13,0.000599198707330357
2019-12-16,0.006870396232389415
2019-12-17,0.0002191531167721913
2019-12-18,6.226975362813664e-05
2019-12-19,0.004098888765177967
2019-12-20,0.004384332103539775
2019-12-23,0.001527828240293477
2019-12-24,3.103238150645599e-05
2019-12-26,0.0053231943136231585
2019-12-27,-0.00010933767752381143
2019-12-30,0.00010934963355878283
2019-12-31,0.0024292119240970317
2020-01-02,0.009351997493982096
2020-01-03,-0.007572370970553027
2020-01-06,0.0038149705452877195
2020-01-07,-0.0028115423504705608
2020-01-08,0.005329547001504528
2020-01-09,0.006780053059485753
2020-01-10,-0.00287739092444352
2020-01-13,0.00687717272040051
2020-01-14,-0.0015245882194371335
2020-01-15,0.002259983481385194
2020-01-16,0.008318611130854345
2020-01-17,0.003112380075696345
2020-01-21,-0.001958172536769196
2020-01-22,0.00012075805667463312
2020-01-23,0.0011469617264453231
2020-01-24,-0.008893314225377022
2020-01-27,-0.016029245798749335
2020-01-28,0.010479345554982741
2020-01-29,-0.000826318575175431
2020-01-30,0.0032454277263704594
2020-01-31,-0.01815772007309139
2020-02-03,0.007428766835763236
2020-02-04,0.015241085403365726
2020-02-05,0.011547862103320818
2020-02-06,0.0033647738528132768
2020-02-07,-0.00532970777202739
2020-02-10,0.007465604449962173
2020-02-11,0.0017332075772549976
2020-02-12,0.006442607484576986
2020-02-13,-0.001067109850146066
2020-02-14,0.001602175533315841
2020-02-18,-0.0025770764269882197
2020-02-19,0.0047812352389865085
2020-02-20,-0.004108134210888654
2020-02-21,-0.01029840769080054
2020-02-24,-0.03316539065794546
2020-02-25,-0.030302087118786732
2020-02-26,-0.0036781396469273636
2020-02-27,-0.04491186551857743
2020-02-28,-0.004201612889579055
2020-03-02,0.043306588409546154
2020-03-03,-0.02863223087862762
2020-03-04,0.042032937919118725
2020-03-05,-0.033241631983645666
2020-03-06,-0.016531287104541874
2020-03-09,-0.07809432200592933
2020-03-10,0.05174463088466062
2020-03-11,0.0002189475780355454
2020-03-12,-0.09567700840171038
2020-03-13,0.08548639013424404
2020-03-16,0.00010886670555616258
2020-03-17,0.053992203467718894
2020-03-18,0.00021870472672854346
2020-03-19,-0.00021865690542979412
2020-03-20,0.0003276590833107796
2020-03-23,-0.025567998282657687
2020-03-24,0.09060311657761486
2020-03-25,0.0
2020-03-26,0.0
2020-03-27,-0.0002181833593850035
2020-03-30,0.0
2020-03-31,0.00010886670555616258
2020-04-01,-8.706398357028003e-05
2020-04-02,0.00010926237448633997
2020-04-03,-0.000327950311547821
2020-04-06,0.00010918674586371842
2020-04-07,-0.00021815060831376746
2020-04-08,0.00010899956121455175
2020-04-09,-0.0002177762989515186
2020-04-13,0.00021782373579852459
2020-04-14,0.00010918674586371842
2020-04-15,-0.00010917482541980059
2020-04-16,-0.00010898768160507901
2020-04-17,0.00021819820838565976
2020-04-20,-0.00010917482541980059
2020-04-21,0.0
2020-04-22,0.0
2020-04-23,0.00010918674586371842
2020-04-24,-0.00010917482541980059
2020-04-27,0.014418596095359561
2020-04-28,-0.004598008986320121
2020-04-29,0.02617776468832452
2020-04-30,0.00021819820838565976
2020-05-01,-0.026473605882707005
2020-05-04,0.002758406840112696
2020-05-05,0.009239094623089089
2020-05-06,-0.0067788812484996346
2020-05-07,0.012066999916421487
2020-05-08,0.01654620752623544
2020-05-11,0.00020549060396780563
2020-05-12,-0.019932029779863365
2020-05-13,-0.017685460824837303
2020-05-14,0.011967268280660512
2020-05-15,0.004596910866530578
2020-05-18,0.03045964592557057
2020-05-19,-0.010271442007031919
2020-05-20,0.01698866690802971
2020-05-21,-0.006904514684862051
2020-05-22,0.0018994022868640593
2020-05-26,0.012320450294054767
2020-05-27,0.014879300157797405
2020-05-28,0.0
2020-05-29,0.0
2020-06-01,0.00010909430426202382
2020-06-02,0.008280063429197503
2020-06-03,0.013308285823210355
2020-06-04,-0.002626764416448616
2020-06-05,0.025629537023353677
2020-06-08,0.012087667404936022
2020-06-09,0.0
2020-06-10,-0.005580068316753415
2020-06-11,-0.0576491991490308
2020-06-12,0.011976143614269965
2020-06-15,0.0093350546333609
2020-06-16,0.019248012089218624
2020-06-17,-0.00415368872165669
2020-06-18,0.0003844582922707396
2020-06-19,-0.005714465508690812
2020-06-22,0.006415294582379413
2020-06-23,0.0046035319840876335
2020-06-24,-0.02550862022710762
2020-06-25,0.01072053576022759
2020-06-26,-0.023751540109204942
2020-06-29,0.01469746297484454
2020-06-30,0.012809686819644284
2020-07-01,0.007004711500454473
2020-07-02,0.005506782779869907
2020-07-06,0.015437285667880987
2020-07-07,-0.010313541943570896
2020-07-08,0.007648539230962
2020-07-09,-0.005692731006298243
2020-07-10,0.010210289224955737
2020-07-13,-0.008659187811237614
2020-07-14,0.012959473314849044
2020-07-15,0.00918702878534992
2020-07-16,-0.003293369816002947
2020-07-17,0.002899026194794594
2020-07-20,0.008081397390013156
2020-07-21,0.0021278136578943138
2020-07-22,0.005691900219310798
2020-07-23,-0.011931625189474363
2020-07-24,-0.006440357033454965
2020-07-27,0.007292431816570047
2020-07-28,-0.006342570984942381
2020-07-29,0.012298993471409113
2020-07-30,-0.0035681124776954652
2020-07-31,0.00790236272052029
2020-08-03,0.0069523032703081925
2020-08-04,0.0038622182803514787
2020-08-05,0.006211131987108303
2020-08-06,0.00668444049307514
2020-08-07,0.0007181096991808959
2020-08-10,0.002988834739710434
2020-08-11,-0.008254423957431012
2020-08-12,0.01394208549322361
2020-08-13,-0.0018078196098661684
2020-08-14,2.9588200304620386e-05
2020-08-17,0.0031765938223440914
2020-08-18,0.0021604088053838863
2020-08-19,-0.004163764127529845
2020-08-20,0.003113813841236967
2020-08-21,0.00354714889560128
2020-08-24,0.010133236832839707
2020-08-25,0.0034996377330020053
2020-08-26,0.010025754390883266
2020-08-27,0.0021863851526526946
2020-08-28,0.006459393344046694
2020-08-31,0.0
2020-09-01,0.009418585088573312
2020-09-02,0.014463979444282602
2020-09-03,-0.00010908240399305297
2020-09-04,-0.00816477989345043
2020-09-08,-0.027323119759060422
2020-09-09,0.01974764631002667
2020-09-10,-0.017363621511767225
2020-09-11,0.0005088212430580574
2020-09-14,0.013171509562396608
2020-09-15,0.005052293108381276
2020-09-16,-0.003969054228929524
2020-09-17,-0.008794815452417901
2020-09-18,-0.01151237989122575
2020-09-21,-0.011130196702790305
2020-09-22,0.010184611645017883
2020-09-23,-0.023190985987055435
2020-09-24,0.0026653919823491365
2020-09-25,0.016167290637391134
2020-09-28,0.016609114051410537
2020-09-29,-0.005446051466646759
2020-09-30,0.007582101017095815
2020-10-01,0.006419932151878223
2020-10-02,-0.009494397862501414
2020-10-05,0.01773256905935248
2020-10-06,-0.014215578957865713
2020-10-07,0.017406742431741586
2020-10-08,0.00886261633810388
2020-10-09,0.008930095071026798
2020-10-12,0.01608752719866163
2020-10-13,-0.0065261934018524806
2020-10-14,-0.006283383041698325
2020-10-15,-0.0012358263931624516
2020-10-16,-0.0006041570576018288
2020-10-19,-0.015203378160081884
2020-10-20,0.004005488221240871
2020-10-21,-0.0018929013309281807
2020-10-22,0.005485285105071637
2020-10-23,0.0033951380969540444
2020-10-26,-0.018479839674694958
2020-10-27,-0.0034471617510310384
2020-10-28,-0.034179187648017334
2020-10-29,0.010163583256925061
2020-10-30,-0.010424915191337028
2020-11-02,0.011208378585474311
2020-11-03,0.017656087430585693
2020-11-04,0.022348976740686997
2020-11-05,0.01950290655816415
2020-11-06,-0.0002285299684602191
2020-11-09,0.012565879206163007
2020-11-10,-0.0014664592931095078
2020-11-11,0.0074283927351790095
2020-11-12,-0.009701119035194527
2020-11-13,0.013844564625689112
2020-11-16,0.012482777922588038
2020-11-17,-0.005378416083613266
2020-11-18,-0.01203486417527438
2020-11-19,0.004210414088133209
2020-11-20,-0.006847824589151333
2020-11-23,0.005994574107276384
2020-11-24,0.016113479893509853
2020-11-25,-0.0015419048582938784
2020-11-27,0.0027852072984529313
2020-11-30,-0.00442710408907998
2020-12-01,0.010937123307275982
2020-12-02,0.002103697620790401
2020-12-03,-0.0002722543580994589
2020-12-04,0.00861741942306783
2020-12-07,-0.0020548048150138883
2020-12-08,0.0029261113844379644
2020-12-09,-0.008968859185567732
2020-12-10,-0.00032713877232133594
2020-12-11,-0.001172563211812681
2020-12-14,-0.004477067932864305
2020-12-15,0.013519099975210627
2020-12-16,0.0015695832457463148
2020-12-17,0.005591838515126335
2020-12-18,-0.003992912313974464
2020-12-21,-0.0035756314092958742
2020-12-22,-0.0016851845897370421
2020-12-23,0.0008988766867507604
2020-12-24,0.003890140266093518
2020-12-28,0.00859061148160212
2020-12-29,-0.0019076179271820771
2020-12-30,0.0014267955684719512
2020-12-31,0.005080909711795992
2021-01-04,-0.01361381274351924
2021-01-05,0.0068869609095037415
2021-01-06,0.005978562355393856
2021-01-07,0.014857490724707628
2021-01-08,0.0056977618040244225
2021-01-11,-0.006740867512826168
2021-01-12,0.00021124702477097576
2021-01-13,0.0026930916718488677
2021-01-14,-0.0035018527304622234
2021-01-15,-0.00729288501676943
2021-01-19,0.007851947188189956
2021-01-20,0.01383883786548704
2021-01-21,0.0009118154164264612
2021-01-22,-0.003539669725148247
2021-01-25,0.003943695907992763
2021-01-26,-0.0015606874087463296
2021-01-27,-0.024440685049319025
2021-01-28,0.008600329996700034
2021-01-29,-0.020019400632483652
2021-02-01,0.016645343717920983
2021-02-02,0.014140128492964046
2021-02-03,0.0007864111062283639
2021-02-04,0.01136582877492199
2021-02-05,0.003935573979960736
2021-02-08,0.007222059484751924
2021-02-09,-0.0006658564794112654
2021-02-10,-0.00043556036753561483
2021-02-11,0.0016151220425643191
2021-02-12,0.004939589618395282
2021-02-16,-0.000865818229694578
2021-02-17,0.00022919805122026337
2021-02-18,-0.004255943719372042
2021-02-19,-0.0017658652123962878
2021-02-22,-0.007691609149814978
2021-02-23,0.0012142899038826204
2021-02-24,0.01101934207048063
2021-02-25,-0.02409574719489589
2021-02-26,-0.00515256117389909
2021-03-01,0.02424036157629093
2021-03-02,-0.0078035855340497185
2021-03-03,-0.01324549994378579
2021-03-04,-0.012375055219559186
2021-03-05,0.01839686234557546
2021-03-08,-0.004978876789718635
2021-03-09,0.01427770188866921
2021-03-10,0.006224643720714279
2021-03-11,0.010138969467650189
2021-03-12,0.0013466102202223447
2021-03-15,0.005963638078421932
2021-03-16,-0.0012613582291448055
2021-03-17,0.0034100349866460545
2021-03-18,-0.014549556180811999
2021-03-19,-0.0018504698806507103
2021-03-22,0.007984832873237964
2021-03-23,-0.007870721119867325
2021-03-24,-0.005083610528690773
2021-03-25,0.005625849245951797
2021-03-26,0.016114948224253703
2021-03-29,-0.0005051506540709909
2021-03-30,-0.0026528212041158016
2021-03-31,0.004053253455756524
2021-04-01,0.010798904846572624
2021-04-05,0.014353084064527151
2021-04-06,-0.0005904381348361571
2021-04-07,0.0011574766652898349
2021-04-08,0.004746677737509561
2021-04-09,0.007270066862074282
2021-04-12,0.00036456286175461837
2021-04-13,0.0029637860448039886
2021-04-14,-0.0034153441756478173
2021-04-15,0.010742640828500225
2021-04-16,0.003342454334518187
2021-04-19,-0.004913277237061317
2021-04-20,-0.0073215569703881465
2021-04-21,0.009462200755650246
2021-04-22,-0.00913300863851547
2021-04-23,0.010842510415349838
2021-04-26,0.0020874011874916372
2021-04-27,-0.00021539062335965178
2021-04-28,-0.00028748533470843873
2021-04-29,0.0063727587889791356
2021-04-30,-0.006570383084715193
2021-05-03,0.002156843873290872
2021-05-04,-0.006169509360472421
2021-05-05,0.0003126621040808449
2021-05-06,0.007985755216199444
2021-05-07,0.0072780973740859765
2021-05-10,-0.009902468265134768
2021-05-11,-0.008925012342374927
2021-05-12,-0.0212450002564835
2021-05-13,0.012012455957649356
2021-05-14,0.015355437733511489
2021-05-17,-0.0025445665722879846
2021-05-18,-0.008615807264642818
2021-05-19,-0.0026216188809494046
2021-05-20,0.010757986781277208
2021-05-21,-0.0008187903933760379
2021-05-24,0.010194276607702224
2021-05-25,-0.00221882985145255
2021-05-26,0.001984670703744633
2021-05-27,0.0005248850197752665
2021-05-28,0.0017888265191514639
2021-06-01,-0.000880815003283315
2021-06-02,0.0015724036969250173
2021-06-03,-0.0037110753711837134
2021-06-04,0.009145720793277412
2021-06-07,-0.0009701298842589355
2021-06-08,0.00021305399483629924
2021-06-09,-0.0014916824375215566
2021-06-10,0.004648172733824974
2021-06-11,0.0016525915615730482
2021-06-14,0.0022390085299654012
2021-06-15,-0.0018342963138003518
2021-06-16,-0.005583326828168568
2021-06-17,-0.0003317394951818028
2021-06-18,-0.013490339278063724
2021-06-21,0.014316036275265061
2021-06-22,0.005346058429114677
2021-06-23,-0.0012051623777982136
2021-06-24,0.0059156587581825956
2021-06-25,0.003551976209790592
2021-06-28,0.002016192147554236
2021-06-29,0.000537932429714055
2021-06-30,0.0008417081946622017
2021-07-01,0.0055365471912975205
2021-07-02,0.007643451893569786
2021-07-06,-0.001821331548605017
2021-07-07,0.0035340826669281707
2021-07-08,-0.00814786324367758
2021-07-09,0.010674563566396702
2021-07-12,0.0035818361666017924
2021-07-13,-0.0034088618125097544
2021-07-14,0.0014920352894338051
2021-07-15,-0.0034153509283020916
2021-07-16,-0.007843595501286585
2021-07-19,-0.014767913277553354
2021-07-20,0.014330252045693392
2021-07-21,0.008096480413142083
2021-07-22,0.002094225220280826
2021-07-23,0.010287855184812013
2021-07-26,0.0024547219059451336
2021-07-27,-0.004557413967613214
2021-07-28,-0.00041008639551058293
2021-07-29,0.004147226812930152
2021-07-30,-0.004856147052568406
2021-08-02,-0.0020980799959153616
2021-08-03,0.008135512128689485
2021-08-04,-0.004919201975842732
2021-08-05,0.006332913500365263
2021-08-06,0.0016524376919992776
2021-08-09,-0.0008134267190999932
2021-08-10,0.0012438621278667464
2021-08-11,0.0024849294860774516
2021-08-12,0.002996932111016379
2021-08-13,0.0018198783041413979
2021-08-16,0.002354709996227678
2021-08-17,-0.0065551874930382574
2021-08-18,-0.010944916344992244
2021-08-19,0.0015481847920880692
2021-08-20,0.007957195294607925
2021-08-23,0.008796280641685583
2021-08-24,0.0015875472826279865
2021-08-25,0.0020984196674197
2021-08-26,-0.005903419471199858
2021-08-27,0.008940979340722792
2021-08-30,0.004397685847864395
2021-08-31,-0.001481649835549173
2021-09-01,0.000531633806226944
2021-09-02,0.0030764618464538132
2021-09-03,-0.00024283122428179343
2021-09-07,-0.003575369835015997
2021-09-08,-0.0012184461950691392
2021-09-09,-0.0042798183509080824
2021-09-10,-0.007884724812897266
2021-09-13,0.0025592572738071663
2021-09-14,-0.005396511870640278
2021-09-15,0.008352735376762222
2021-09-16,-0.0015853493026896782
2021-09-17,-0.009741018601946828
2021-09-20,-0.01667420164245717
2021-09-21,-0.0009448631850286282
2021-09-22,0.009755012194987978
2021-09-23,0.012150128368886867
2021-09-24,0.0016469627488978895
2021-09-27,-0.0028608709125532857
2021-09-28,-0.020151811591692364
2021-09-29,0.0016830358681033106
2021-09-30,-0.01222213894115652
2021-10-01,0.011884175215247851
2021-10-04,-0.012896187903987381
2021-10-05,0.010405151757401298
2021-10-06,0.004155979449806029
2021-10-07,0.008645632382363289
2021-10-08,-0.0018237068049524075
2021-10-11,-0.007239747386066977
2021-10-12,-0.0024615731053959974
2021-10-13,0.0035977056011020966
2021-10-14,0.016820678523906434
2021-10-15,0.007615838590587622
2021-10-18,0.0029604052566037037
2021-10-19,0.007714800107256407
2021-10-20,0.003927606632583242
2021-10-21,0.002608208674003125
2021-10-22,-0.0010359944406475245
2021-10-25,0.005362917566564993
2021-10-26,0.0009000341147739031
2021-10-27,-0.004430145455297486
2021-10-28,0.009648620854951115
2021-10-29,0.0020291051505326634
2021-11-01,0.0017204155313274062
2021-11-02,0.004042894886364241
2021-11-03,0.006105336102888431
2021-11-04,0.004712508146258998
2021-11-05,0.0
2021-11-08,0.00010959667328265252
2021-11-09,-0.0002189700814941291
2021-11-10,-0.008045022919159523
2021-11-11,0.00032352686367343673
2021-11-12,0.007546917329563803
2021-11-15,0.0003422274053276169
2021-11-16,0.003957897464348907
2021-11-17,-0.002429273711196561
2021-11-18,0.0033966777182639347
2021-11-19,-0.0017884477541876608
2021-11-22,-0.0028151350791647575
2021-11-23,0.0013259520305572592
2021-11-24,0.0026698572075900045
2021-11-26,-0.022303208253448576
2021-11-29,0.012266584732087362
2021-11-30,-0.019457330560209228
2021-12-01,-0.01110736204645738
2021-12-02,0.01531630515712411
2021-12-03,-0.008701426575988642
2021-12-06,0.011843417699721172
2021-12-07,0.020684813703044563
2021-12-08,0.002647883292464012
2021-12-09,-0.006751359274732879
2021-12-10,0.00941334214716164
2021-12-13,-0.008858246840662597
2021-12-14,-0.006880132458389612
2021-12-15,0.015625110027059966
2021-12-16,-0.008818517993377913
2021-12-17,-0.010643018809218623
2021-12-20,-0.010633356161080845
2021-12-21,0.01775911063164054
2021-12-22,0.009998722766542437
2021-12-23,0.0062219317166335815
2021-12-27,0.014152304037381123
2021-12-28,-0.0008173206299030211
2021-12-29,0.0012793140918257468
2021-12-30,-0.0027646852453515154
2021-12-31,-0.002520243617176442
2022-01-03,0.005790230746671551
2022-01-04,-0.00033514176483039743
2022-01-05,-0.019202081571331443
2022-01-06,-0.000939443420209925
2022-01-07,-0.003953221989875488
2022-01-10,-0.0012446536989312315
2022-01-11,0.009108219007675384
2022-01-12,0.002703656390543619
2022-01-13,-0.013778728147031453
2022-01-14,0.0004091152702047123
2022-01-18,-0.01770965072415624
2022-01-19,-0.01038359070438498
2022-01-20,-0.011068046555783233
2022-01-21,-0.019630654583681097
2022-01-24,0.004246878239750742
2022-01-25,-0.012209064568275814
2022-01-26,-0.002508678634614871
2022-01-27,-0.004937995216556276
2022-01-28,0.02483534547385813
2022-01-31,0.018011080550063542
2022-02-01,0.006756818770970973
2022-02-02,0.009714031026410084
2022-02-03,-0.02350494995023852
2022-02-04,0.0047024937901687875
2022-02-07,-0.003209476706239657
2022-02-08,0.008227887946432401
2022-02-09,0.014636210259183836
2022-02-10,-0.017965742909226215
2022-02-11,-0.01971867269550518
2022-02-14,-0.003269297774208217
2022-02-15,0.016126894040386447
2022-02-16,0.0011206184093515916
2022-02-17,-0.021361542714421734
2022-02-18,-0.006474822659342495
2022-02-22,-0.010731535499128718
2022-02-23,-0.017738579224251937
2022-02-24,0.015048906344937007
2022-02-25,0.0
2022-02-28,0.0
2022-03-01,0.00024069348427289836
2022-03-02,0.0
2022-03-03,0.00010970590348291832
2022-03-04,0.0
2022-03-07,0.0
2022-03-08,0.0
2022-03-09,0.026811111320279114
2022-03-10,0.0
2022-03-11,-0.00010969386941786728
2022-03-14,0.00010970590348291832
2022-03-15,-0.00021908884545857418
2022-03-16,0.0002191368558993306
2022-03-17,0.0
2022-03-18,-0.00010969386941786728
2022-03-21,0.0
2022-03-22,0.0
2022-03-23,0.00021881395463077986
2022-03-24,0.0
2022-03-25,-0.00021876608555845972
2022-03-28,0.0
2022-03-29,0.012371017480870578
2022-03-30,-0.0061748483676744865
2022-03-31,-0.015391424145027663
2022-04-01,0.0028341479445322297
2022-04-04,0.00856665553339477
2022-04-05,-0.012631597022997645
2022-04-06,-0.009999052089718163
2022-04-07,0.00503887865023617
2022-04-08,-0.0026740872473419836
2022-04-11,-0.017092317357777966
2022-04-12,-0.0037050373255709174
2022-04-13,0.011453597300591683
2022-04-14,-0.012451951870381133
2022-04-18,0.00041128802378140653
2022-04-19,0.01614257945123208
2022-04-20,-0.0007415137426582419
2022-04-21,-0.014953453177773707
2022-04-22,-0.02743919538765322
2022-04-25,0.005797616375719443
2022-04-26,-0.000109084182006609
2022-04-27,0.0028116747365797916
2022-04-28,0.025259523930298122
2022-04-29,-0.0002186425059558916
2022-05-02,0.00010909608266354649
2022-05-03,-0.000109084182006609
2022-05-04,0.00021869032095569364
2022-05-05,0.0
2022-05-06,0.0
2022-05-09,-0.00010957027633324864
2022-05-10,0.0023103171044546625
2022-05-11,-0.01588600702640783
2022-05-12,-0.0010440864276769807
2022-05-13,0.023908140026546242
2022-05-16,-0.00010965785951045386
2022-05-17,0.0
2022-05-18,0.0
2022-05-19,0.0002186425059558916
2022-05-20,0.0
2022-05-23,0.0
2022-05-24,-0.00010894879944199093
2022-05-25,0.00010896067057623662
2022-05-26,0.00021869429942834745
2022-05-27,-0.0002186464826889933
2022-05-31,-0.00010894879944199093
2022-06-01,1.0756629270780215e-05
2022-06-02,0.0002186161785135056
2022-06-03,-0.00021856839592604443
2022-06-06,0.00010905909588714744
2022-06-07,-0.00010904720329774676
2022-06-08,0.00010905909588714744
2022-06-09,0.0001095451357328963
2022-06-10,-0.00021856839592604443
2022-06-13,0.00010905909588714744
2022-06-14,-0.0030130856896538162
2022-06-15,0.014256207375122504
2022-06-16,0.00021928944443985241
2022-06-17,0.0021557525707028937
2022-06-21,0.025173650623942525
2022-06-22,0.00010940963694816203
2022-06-23,0.0
2022-06-24,-0.00021829762098396583
2022-06-27,0.0
2022-06-28,0.00021834528524028685
2022-06-29,0.00010929812487022092
2022-06-30,0.00010938571213582222
2022-07-01,-7.683033086305242e-05
2022-07-05,0.0
2022-07-06,0.0
2022-07-07,0.0
2022-07-08,-0.00010928262327662149
2022-07-11,0.00010929456727364303
2022-07-12,-0.00010928262327662149
2022-07-13,0.0
2022-07-14,0.00010929456727364303
2022-07-15,-0.00010928262327662149
2022-07-18,0.0
2022-07-19,0.0
2022-07-20,0.0
2022-07-21,0.0003284809398934627
2022-07-22,0.0001088606499100208
2022-07-25,-0.00010884880055885005
2022-07-26,0.0
2022-07-27,0.0
2022-07-28,0.0125423949236827
2022-07-29,0.00010974426601134515
2022-08-01,7.610621124179271e-05
2022-08-02,0.00010952491751560084
2022-08-03,-0.00010951292312172903
2022-08-04,0.00021904983503120168
2022-08-05,0.00021900186270930368
2022-08-08,0.00010927808747636326
2022-08-09,-0.00010926614708078437
2022-08-10,0.021004018213221863
2022-08-11,0.0
2022-08-12,0.00021922825688182852
2022-08-15,-0.00010973920537483543
2022-08-16,0.00010975124938973235
2022-08-17,0.0
2022-08-18,0.00043716759532475203
2022-08-19,0.0
2022-08-22,0.00010929381984185582
2022-08-23,-0.0024191420716391803
2022-08-24,0.003201280480884753
2022-08-25,0.014117425667753033
2022-08-26,-0.033848890535600085
2022-08-29,-0.0066125081529608935
2022-08-30,-0.010977790556828428
2022-08-31,-0.007608891577529792
2022-09-01,0.003137748891395422
2022-09-02,-0.010544525150357812
2022-09-06,-0.0037730337725812224
2022-09-07,0.017964905209541693
2022-09-08,0.000218450437059675
2022-09-09,0.0
2022-09-12,-0.00010935020673837408
2022-09-13,0.0002186250913129424
2022-09-14,0.0
2022-09-15,0.00032781634823303614
2022-09-16,0.0
2022-09-19,0.0
2022-09-20,-0.00010890568826907204
2022-09-21,0.00021803349264260959
2022-09-22,-0.008399945252927133
2022-09-23,-0.016754789570510676
2022-09-26,-0.009892578958453283
2022-09-27,-0.002552864859618901
2022-09-28,0.019676366759572204
2022-09-29,0.00021853683986016814
2022-09-30,-0.01546349280714618
2022-10-03,0.0264010822408173
2022-10-04,0.0003279719646908297
2022-10-05,0.0
2022-10-06,0.00021887353746601713
2022-10-07,0.0
2022-10-10,0.00010916516878252604
2022-10-11,0.0
2022-10-12,0.0
2022-10-13,0.00032815311011988335
2022-10-14,0.0
2022-10-17,0.0
2022-10-18,0.0
2022-10-19,0.0
2022-10-20,0.0004371629068016211
2022-10-21,0.00010877284143067463
2022-10-24,-0.00010876101118645101
2022-10-25,0.0
2022-10-26,0.0002184364522634203
2022-10-27,0.0003274346931553978
2022-10-28,-0.00010930701233665649
2022-10-31,0.0
2022-11-01,8.745516933259834e-05
2022-11-02,0.0003285217411949051
2022-11-03,0.00032831496005682615
2022-11-04,0.01439298858255291
2022-11-07,0.00956587924339315
2022-11-08,0.005395268081639034
2022-11-09,-0.020601881866343853
2022-11-10,0.05495400110173298
2022-11-11,0.009678651410888065
2022-11-14,0.0
2022-11-15,0.008529084889640978
2022-11-16,-0.00762881899703373
2022-11-17,-0.00305994930564502
2022-11-18,0.004540459751410012
2022-11-21,-0.003635931564721554
2022-11-22,0.013456887570368814
2022-11-23,0.0063014443810727756
2022-11-25,0.0
2022-11-28,0.00010931906555088867
2022-11-29,-0.0017174002259395305
2022-11-30,0.031500530118773115
2022-12-01,0.0002190359067011575
2022-12-02,0.00010954326964080752
2022-12-05,0.00010933409522141979
2022-12-06,-0.014414639060903182
2022-12-07,-0.001701088482799321
2022-12-08,0.00783377888962467
2022-12-09,-0.007470155475602062
2022-12-12,0.014417318206366455
2022-12-13,0.00756966805690315
2022-12-14,-0.006393415252464578
2022-12-15,-0.024461702831055695
2022-12-16,-0.01180623051797902
2022-12-19,-0.008479702491652447
2022-12-20,0.0013685678154609854
2022-12-21,0.014952367379695106
2022-12-22,-0.014266030334491905
2022-12-23,0.005752037878654817
2022-12-27,-0.003943362245028412
2022-12-28,0.00032812231440194423
2022-12-29,0.0004373201485256787
2022-12-30,-0.00010906117585240152
2023-01-03,0.00010907307148983203
2023-01-04,-0.00010906117585240152
2023-01-05,0.00032771053461134217
2023-01-06,-0.00010923380247876252
2023-01-09,0.0002186879567481199
2023-01-10,-0.00010941829247941753
2023-01-11,0.0
2023-01-12,0.0007649313128616221
2023-01-13,0.00010934662349601768
2023-01-17,0.0
2023-01-18,0.00010894208403262374
2023-01-19,-0.0072799867013995075
2023-01-20,0.018629026236299168
2023-01-23,0.011998548461660314
2023-01-24,-0.0010731907635315435
2023-01-25,0.00037479710149446345
2023-01-26,0.010990435465666368
2023-01-27,0.002297651203804492
2023-01-30,-0.012546910825895532
2023-01-31,0.014703494464065487
2023-02-01,0.01062782988010199
2023-02-02,0.014556675969540947
2023-02-03,-0.010628881570361499
2023-02-06,-0.0061113397934255105
2023-02-07,0.013078531851187162
2023-02-08,-0.010934599468104413
2023-02-09,-0.008669457587403786
2023-02-10,0.002333802257769379
2023-02-13,0.011738915687959754
2023-02-14,-0.000460053577331201
2023-02-15,0.003247289718800063
2023-02-16,-0.013768676496695324
2023-02-17,-0.0024983858566957344
2023-02-21,-0.020060873181813967
2023-02-22,-0.0013781317824286675
2023-02-23,0.005319431628444525
2023-02-24,-0.010682310641711648
2023-02-27,0.0034056817381052378
2023-02-28,-0.0036960313657071198
2023-03-01,-0.0038357827028210677
2023-03-02,0.007777214902593323
2023-03-03,0.016037848373104027
2023-03-06,0.0006926410490274291
2023-03-07,-0.015328492789969842
2023-03-08,0.0016318572468343752
2023-03-09,-0.018449653848427342
2023-03-10,-0.014429410018466161
2023-03-13,-0.0014255306959606012
2023-03-14,0.016530088683598246
2023-03-15,-0.006254241070188834
2023-03-16,0.01754537080788464
2023-03-17,-0.01169287907291198
2023-03-20,0.009615619587219461
2023-03-21,0.013130404436564859
2023-03-22,-0.017046249477542123
2023-03-23,0.0027032952222573476
2023-03-24,0.006562072896770312
2023-03-27,0.00186981162710982
2023-03-28,-0.002244634806711556
2023-03-29,0.014534805492768895
2023-03-30,0.005855264134920838
2023-03-31,0.01409466204882088
2023-04-03,0.0038106022314881687
2023-04-04,-0.005548157977114595
2023-04-05,-0.0026182430785609413
2023-04-06,0.0039008430165612226
2023-04-10,0.0010264927512615197
2023-04-11,0.0002683823841242132
2023-04-12,-0.004075843851297085
2023-04-13,0.013282640699515229
2023-04-14,-0.002442922228349014
2023-04-17,0.0035884297636895822
2023-04-18,0.0006521179202297081
2023-04-19,-0.00016890612851455563
2023-04-20,-0.005456935937743998
2023-04-21,0.000776874927547649
2023-04-24,0.0010431225630348757
2023-04-25,-0.015873778514523807
2023-04-26,-0.004235687717635889
2023-04-27,0.01990800822805484
2023-04-28,0.008535261697428655
2023-05-01,-0.0010098588059833482
2023-05-02,-0.011239189789701285
2023-05-03,-0.0068640316594974805
2023-05-04,-0.0070828626735972774
2023-05-05,0.018512552327754565
2023-05-08,0.0002667271237847907
2023-05-09,-0.0043854216315547725
2023-05-10,0.004672336121522003
2023-05-11,-0.0017439582950852478
2023-05-12,-0.0013101957451468582
2023-05-15,0.0034498839481001903
2023-05-16,-0.00668280271470242
2023-05-17,0.012139092852903585
2023-05-18,0.009633320941490416
2023-05-19,-0.0014551181322666573
2023-05-22,0.0004062055415268075
2023-05-23,-0.01122285578594544
2023-05-24,-0.007244745883154544
2023-05-25,0.008659739588312496
2023-05-26,0.012950691011508019
2023-05-30,0.00038094752425087657
2023-05-31,-0.005545303052002748
2023-06-01,0.009501062810068907
2023-06-02,0.014461157698108249
2023-06-05,-0.0019162010981770392
2023-06-06,0.002177570464505579
2023-06-07,-0.003457970545034152
2023-06-08,0.006048777892504397
2023-06-09,0.0017942604166558348
2023-06-12,0.009071859330796345
2023-06-13,0.0065928724031688165
2023-06-14,0.0011908263885492634
2023-06-15,0.012397598024619927
2023-06-16,0.00010880972654960216
2023-06-20,-0.005188169603242827
2023-06-21,-0.005123631200827138
2023-06-22,0.00360961962644792
2023-06-23,-0.007560147406906032
2023-06-26,-0.00408569873497056
2023-06-27,0.010963299774374628
2023-06-28,0.0005045435126188299
2023-06-29,0.0039413866188603534
2023-06-30,0.01180057147284837
2023-07-03,0.0011506484844816117
2023-07-05,-0.0014873546589527823
2023-07-06,-0.007830455296376524
2023-07-07,-0.00252472139585638
2023-07-10,0.002531111747841459
2023-07-11,0.0063683217128495785
2023-07-12,0.008045998130229663
2023-07-13,0.007936993324988472
2023-07-14,-0.0006230200834974059
2023-07-17,0.0034722155958565814
2023-07-18,0.007430786118229909
2023-07-19,0.002223644181133452
2023-07-20,-0.006634365931812392
2023-07-21,0.0
2023-07-24,0.0044671976646128275
2023-07-25,0.002730063884669483
2023-07-26,0.00015374414046566694
2023-07-27,-0.006630059574539283
2023-07-28,0.009790504839880549
2023-07-31,0.0019039354578737166
2023-08-01,-0.0028616095171390315
2023-08-02,-0.01391077137983521
2023-08-03,-0.002865861349962285
2023-08-04,-0.00452286808715303
2023-08-07,0.00872856096474788
2023-08-08,-0.004348534026385714
2023-08-09,-0.006685353264446259
2023-08-10,0.0003589119993799186
2023-08-11,-0.0005828981181684394
2023-08-14,0.005519847909178749
2023-08-15,-0.011648774475621607
2023-08-16,-0.00733816760626053
2023-08-17,-0.007619942183379896
2023-08-18,0.0004813316400474912
2023-08-21,0.006506309191295734
2023-08-22,-0.002708634772613891
2023-08-23,0.011137637578872756
2023-08-24,-0.013858939280687585
2023-08-25,0.007049641357818434
2023-08-28,0.0063414611965152134
2023-08-29,0.014454936346310268
2023-08-30,0.0041187755987379185
2023-08-31,-0.0014634034028776183
2023-09-01,0.001865076357072218
2023-09-05,-0.00432173730968263
2023-09-06,-0.006722664839912938
2023-09-07,-0.0030701695393151574
2023-09-08,0.0015059400253816854
2023-09-11,0.006576798719167202
2023-09-12,-0.005485667217962013
2023-09-13,0.0011660143555905177
2023-09-14,0.008622482362312243
2023-09-15,-0.012048338042223689
2023-09-18,0.0005863893298267975
2023-09-19,-0.00207377142435278
2023-09-20,-0.00919329032833578
2023-09-21,-0.016528425996965017
2023-09-22,-0.002248510058585376
2023-09-25,0.004205065016508687
2023-09-26,-0.014691275657660992
2023-09-27,0.00039930283241236346
2023-09-28,0.005797458390557636
2023-09-29,-0.002427062048295042
2023-10-02,-0.000397586205365008
2023-10-03,-0.013386085494372668
2023-10-04,0.007281829585297122
2023-10-05,-0.00037667932473133377
2023-10-06,0.011872888906381943
2023-10-09,0.0064019614971753975
2023-10-10,0.005204954651269868
2023-10-11,0.004096452064563633
2023-10-12,-0.006096582774771221
2023-10-13,-0.004980911855664762
2023-10-16,0.010521662492195325
2023-10-17,-4.6010270885832694e-05
2023-10-18,-0.013325158514127907
2023-10-19,-0.008786497561067464
2023-10-20,-0.012287919481365053
2023-10-23,-0.001733476471172924
2023-10-24,0.007539752245285566
2023-10-25,-0.014352423286569806
2023-10-26,-0.011974492268598882
2023-10-27,-0.004532718620987053
2023-10-30,0.011955819469930726
2023-10-31,0.006280152884896453
2023-11-01,0.00030638094289750777
2023-11-02,0.00032772625507586107
2023-11-03,0.00010961542546788368
2023-11-06,0.00010922579397806195
2023-11-07,0.002846068277167801
2023-11-08,0.0007324198593041222
2023-11-09,-0.0077986551662073906
2023-11-10,0.01560480603693346
2023-11-13,-0.0009531060477167792
2023-11-14,0.019400635971877144
2023-11-15,0.002116983581882626
2023-11-16,0.0012230329330820838
2023-11-17,0.0012438190339946278
2023-11-20,0.007697647513616612
2023-11-21,-0.002179402756151052
2023-11-22,0.003860996313675285
2023-11-24,0.0006151886931016526
2023-11-27,-0.001800992954352651
2023-11-28,0.000990164431630925
2023-11-29,-0.0007032318476801209
2023-11-30,0.003937319735281809
2023-12-01,0.005915785391006007
2023-12-04,-0.00524928557938719
2023-12-05,-0.00019712998148156103
2023-12-06,-0.004029729320089039
2023-12-07,0.00763037735913389
2023-12-08,0.004299219488911085
2023-12-11,0.003889424922904617
2023-12-12,0.0045671836766900545
2023-12-13,0.01379021669249578
2023-12-14,0.0032093312864133468
2023-12-15,-0.0016465279846738816
2023-12-18,0.005625155959611262
2023-12-19,0.006080888152631735
2023-12-20,0.00021960567413782493
2023-12-21,0.009482002831388867
2023-12-22,0.0020095866236111127
2023-12-26,0.004222707041198642
2023-12-27,0.0018079525795095615
2023-12-28,0.0003777242310193409
2023-12-29,-0.0028949686440654992
2024-01-02,-0.005596290004522121
2024-01-03,-0.00816668911557096
2024-01-04,-0.0032211407623655556
2024-01-05,0.0013696975395152142
2024-01-08,0.014275871949093345
2024-01-09,-0.001516977477493032
2024-01-10,0.005655408921280379
2024-01-11,-0.0004407091740717249
2024-01-12,0.0006927160084684698
2024-01-16,-0.003671233554176827
2024-01-17,-0.0055586294894236395
2024-01-18,0.008892805538544777
2024-01-19,0.012466150723920275
2024-01-22,0.0021142805066982594
2024-01-23,0.0029166152477959313
2024-01-24,0.0010930525318472775
2024-01-25,0.005438972343487593
2024-01-26,-0.0012703888957987918
2024-01-29,0.0079193810680004
2024-01-30,-0.0007735523863302041
2024-01-31,-0.016317140830551663
2024-02-01,0.013087979753571686
2024-02-02,0.0105274754230166
2024-02-05,-0.0036413122545751334
2024-02-06,0.0029033611676355627
2024-02-07,0.008340599699639137
2024-02-08,0.0004414553740310855
2024-02-09,0.005779457369023178
2024-02-12,-0.0004389765112667179
2024-02-13,-0.013772968157866924
2024-02-14,0.009087461071917779
2024-02-15,0.006899923827945978
2024-02-16,-0.004980034972307364
2024-02-20,-0.0055053611905854635
2024-02-21,0.0009057848034979268
2024-02-22,0.020695665060607688
2024-02-23,0.0006894453138584594
2024-02-26,-0.003662427635466568
2024-02-27,0.0018577522132514675
2024-02-28,-0.00132168981328357
2024-02-29,0.003594992932092496
2024-03-01,0.009388258356185746
2024-03-04,-0.0010724194381077682
2024-03-05,-0.009994155680371083
2024-03-06,0.005067222017711944
2024-03-07,0.009926432787449188
2024-03-08,-0.006002115368710162
2024-03-11,-0.0008599654929838567
2024-03-12,0.010757495576424074
2024-03-13,-0.0015675798339611926
2024-03-14,-0.001976722175369255
2024-03-15,-0.006866621560377706
2024-03-18,0.005943061528971177
2024-03-19,0.0055572273176933175
2024-03-20,0.009249280848751085
2024-03-21,0.003304668126688704
2024-03-22,-0.0018957679593013654
2024-03-25,-0.0027628825411430426
2024-03-26,-0.001846903912276114
2024-03-27,0.00840402189621535
2024-03-28,-0.0001913331718271573
2024-04-01,-0.0017399874438354301
2024-04-02,-0.006357860210351403
2024-04-03,0.001098417053798274
2024-04-04,-0.012206096297564775
2024-04-05,0.010446835242352579
2024-04-08,0.0005593698356392037
2024-04-09,0.0011568181860855831
2024-04-10,-0.010013104209318871
2024-04-11,0.007546842115330473
2024-04-12,-0.013803035186576402
2024-04-15,-0.012528156694058934
2024-04-16,-0.001823769846000381
2024-04-17,-0.0059182083243274
2024-04-18,-0.002057731214344501
2024-04-19,-0.008728309189330217
2024-04-22,0.009209032116670032
2024-04-23,0.011866617760247809
2024-04-24,-0.00047452623026532896
2024-04-25,-0.0037989445683938704
2024-04-26,0.009473891712670775
2024-04-29,0.0035415051721516076
2024-04-30,-0.01584126360521244
2024-05-01,-0.0032472647324405203
2024-05-02,0.0093535696158624
2024-05-03,0.012395379805483503
2024-05-06,0.010326690800438824
2024-05-07,0.0011034264975143405
2024-05-08,9.666059809033653e-05
2024-05-09,0.005761775612962446
2024-05-10,0.0012883475936439344
2024-05-13,0.00013439967531740914
2024-05-14,0.004588034402899603
2024-05-15,0.012382955354008476
2024-05-16,-0.0020577674107239226
2024-05-17,0.0014376667011741539
2024-05-20,0.001152303854064141
2024-05-21,0.0024523919208463154
2024-05-22,-0.0028793330278348533
2024-05-23,-0.007304094973099976
2024-05-24,0.006616516075709388
2024-05-28,0.0006987062718115755
2024-05-29,-0.007002524711322204
2024-05-30,-0.00663368734299263
2024-05-31,0.009108286132626096
2024-06-03,0.0008153582369293058
2024-06-04,0.0011176891693085982
2024-06-05,0.01188508170131484
2024-06-06,-1.8569008724025864e-05
2024-06-07,-0.001215940074110525
2024-06-10,0.0030897955202083428
2024-06-11,0.0024083368574664603
2024-06-12,0.008213025382427443
2024-06-13,0.0020135187932676718
2024-06-14,0.0006085063699716413
2024-06-17,0.007958794452240866
2024-06-18,0.00021829336818714214
2024-06-20,0.00021824572659239183
2024-06-21,-0.0013408349017762617
2024-06-24,-0.0032506448605785204
2024-06-25,0.0038508530722059188
2024-06-26,0.001248151828237202
2024-06-27,0.0015764724631710542
2024-06-28,-0.003934977773824012
2024-07-01,0.0020578397999337764
2024-07-02,0.006730064526888385
2024-07-03,0.004462305989858302
2024-07-05,0.005766492600443964
2024-07-08,0.0011540265804427334
2024-07-09,0.0009724430112412427
2024-07-10,0.00989528643591864
2024-07-11,0.00010916373019573568
2024-07-12,0.006307417670854503
2024-07-15,0.002750070521798674
2024-07-16,0.005930005125439413
2024-07-17,-0.01402101605544669
2024-07-18,-0.007684943087470562
2024-07-19,-0.006640471379173953
2024-07-22,0.010309784117930678
2024-07-23,-0.0015684495127292965
2024-07-24,-0.022662594740872805
2024-07-25,-0.005210285632945781
2024-07-26,0.011199675940903887
2024-07-29,0.0005877659773349432
2024-07-30,-0.005066489263848825
2024-07-31,0.016254647515698963
2024-08-01,-0.014160896117608329
2024-08-02,-0.018618694131834885
2024-08-05,-0.02912361694745364
2024-08-06,0.009219803592124824
2024-08-07,-0.00668420748321271
2024-08-08,0.02311740487817131
2024-08-09,0.004409429524374855
2024-08-12,0.0005255347362948485
2024-08-13,0.016445577232525634
2024-08-14,0.003154987869075688
2024-08-15,0.0171403347847808
2024-08-16,0.002241898034635943
2024-08-19,0.009561330893508045
2024-08-20,-0.0016260690385396718
2024-08-21,0.0034364727325479584
2024-08-22,-0.007848563580694159
2024-08-23,0.010625534750716923
2024-08-26,-0.0023838218344441643
2024-08-27,0.0013730179029561266
2024-08-28,-0.005805324216672171
2024-08-29,8.975134949568156e-05
2024-08-30,0.009545769921749455
2024-09-03,-0.020579018022183457
2024-09-04,-0.00204669505264794
2024-09-05,-0.002432194921198658
2024-09-06,-0.016830401140724278
2024-09-09,0.011196587309305695
2024-09-10,0.004355612483574892
2024-09-11,0.010258986742731192
2024-09-12,0.008423364442692087
2024-09-13,0.005222532049163523
2024-09-16,0.0014771396095309497
2024-09-17,0.0004084130415743332
2024-09-18,-0.0029658482496189237
2024-09-19,0.01706447020191545
2024-09-20,-0.0017286170032814981
2024-09-23,0.0024988461792048527
2024-09-24,0.0028612486764135244
2024-09-25,-0.0022054765727956465
2024-09-26,0.003964786421970311
2024-09-27,-0.001450508938349442
2024-09-30,0.004007314436067797
2024-10-01,-0.008958540182940759
2024-10-02,0.00042224331669544584
2024-10-03,-0.001828436518280139
2024-10-04,0.009087448005743123
2024-10-07,-0.009040374797282504
2024-10-08,0.009457612031593997
2024-10-09,0.006926360424582615
2024-10-10,-0.0017498383566125779
2024-10-11,0.005988037581308843
2024-10-14,0.008178293433608683
2024-10-15,-0.007769554234863374
2024-10-16,0.004346436726421017
2024-10-17,8.578901713989497e-05
2024-10-18,0.00384655677249943
2024-10-21,-0.0016422990434823107
2024-10-22,-0.0005311078445291987
2024-10-23,-0.009137361442769
2024-10-24,0.0021626632152788733
2024-10-25,-0.0003451845249530034
2024-10-28,0.0030914496242638303
2024-10-29,0.001618097753057706
2024-10-30,-0.003024993576061259
2024-10-31,-0.01960331509901835
2024-11-01,0.004220417517483497
2024-11-04,-0.002153773948651912
2024-11-05,0.012091594447102534
2024-11-06,0.02486562749038495
2024-11-07,0.007732140383788263
2024-11-08,0.00433187993776284
2024-11-11,0.0009529553830235523
2024-11-12,-0.003106644928808096
2024-11-13,0.00048592888051610355
2024-11-14,-0.006430280801580399
2024-11-15,-0.012808456182594274
2024-11-18,0.00409724392811775
2024-11-19,0.003655527840553543
2024-11-20,0.00033882287032160245
2024-11-21,0.005368359607974181
2024-11-22,0.0030994123875099583
2024-11-25,0.003392139861439213
2024-11-26,0.005221492547420589
2024-11-27,-0.0030302312032725
2024-11-29,0.0062121477551429
2024-12-02,0.0017924255924714808
2024-12-03,0.000463752703844813
2024-12-04,0.006209627212467273
2024-12-05,-0.0016456130139689054
2024-12-06,0.0018955640548519585
2024-12-09,-0.0051495161669781265
2024-12-10,-0.0031092756148897423
2024-12-11,0.007730773625350482
2024-12-12,-0.0051525854003124545
2024-12-13,-0.0001986980575844123
2024-12-16,0.004270118533562875
2024-12-17,-0.0041201367115223046
2024-12-18,-0.029803585875030573
2024-12-19,-0.00030716995818164334
2024-12-20,0.012011223032466782
2024-12-23,0.005988234505162919
2024-12-24,0.011114862227405414
2024-12-26,6.686066609783351e-05
2024-12-27,-0.010526642608095394
2024-12-30,-0.01141168285217496
2024-12-31,-0.0036379656551073134
2025-01-02,-0.0024569607126269178
2025-01-03,0.01250336910438667
2025-01-06,0.005760621688336415
2025-01-07,-0.011304205117055039
2025-01-08,0.0014611506783619337
2025-01-10,-0.01526754467506162
2025-01-13,0.0015505757543042334
2025-01-14,0.0013759416379806992
2025-01-15,0.01818998120754862
2025-01-16,-0.0019231528367921668
2025-01-17,0.010040007716690584
2025-01-21,0.009153297821010854
2025-01-22,0.005621566306886973
2025-01-23,0.005458066143519041
2025-01-24,-0.0029192675845250036
2025-01-27,-0.014145269437871255
2025-01-28,0.008592261866133658
2025-01-29,-0.004482877969565639
2025-01-30,0.005366966419412619
2025-01-31,-0.005321858304584046
2025-02-03,-0.006729511705034032
2025-02-04,0.006708265813236941
2025-02-05,0.004054563172681721
2025-02-06,0.003475607966170914
2025-02-07,-0.009153456656979605
2025-02-10,0.006791202782944942
2025-02-11,0.0007605776315476737
2025-02-12,-0.0032216703520272466
2025-02-13,0.010557622259588615
2025-02-14,-4.929908540500066e-05
2025-02-18,0.0029359409990487766
2025-02-19,0.0023549654159299026
2025-02-20,-0.0041604218033110965
2025-02-21,-0.01710406405686258
2025-02-24,-0.004550399360666089
2025-02-25,-0.004973235667949505
2025-02-26,0.0005050038000959947
2025-02-27,-0.015962082073510995
2025-02-28,0.015605415510955213
2025-03-03,-0.017519705203824506
2025-03-04,-0.011836943078773619
2025-03-05,0.010747773049082249
2025-03-06,-0.017751154657069706
2025-03-07,0.005604894848047681
2025-03-10,-0.026635628795154045
2025-03-11,-0.008312884821599757
2025-03-12,0.005306679813861514
2025-03-13,-0.0133305761278791
2025-03-14,0.020655846459250077
2025-03-17,0.00021829420161874905
2025-03-18,0.0
2025-03-19,0.00010907915395878343
2025-03-20,0.00021831099822395092
2025-03-21,0.00032748324625884355
2025-03-24,0.0
2025-03-25,0.00010927233532266603
2025-03-26,0.00010899584316662202
2025-03-27,0.00021814427819197367
2025-03-28,0.0003273213634622966
2025-03-31,0.0
2025-04-01,0.00022956992871875744
2025-04-02,0.00010925196763674778
2025-04-03,0.00010950432335049753
2025-04-04,-0.058543043984177694
2025-04-07,-0.0017811908092519018
2025-04-08,-0.015662713519200913
2025-04-09,0.10501927582631104
2025-04-10,0.00010924448678463017
2025-04-11,0.0004369302149214309
2025-04-14,0.0
2025-04-15,0.00021863363917408042
2025-04-16,0.00010916098130884281
2025-04-17,0.0004365962659585434
2025-04-21,0.00010927726146787055
2025-04-22,0.0
2025-04-23,0.0002181790244162722
2025-04-24,0.0
2025-04-25,0.00043643863612135246
2025-04-28,0.00010893028962192142
2025-04-29,0.0
2025-04-30,0.00010918193742513506
2025-05-01,0.00024064831006041679
2025-05-02,0.0003282215187928332
2025-05-05,0.0
2025-05-06,0.0002184792161222037
2025-05-07,0.0
2025-05-08,0.006968037013370497
2025-05-09,-0.0012745302043453935
2025-05-12,0.03304758799016369
2025-05-13,0.0002183121149277772
2025-05-14,0.0
2025-05-15,0.00010908838676077382
2025-05-16,0.006334010280944818
2025-05-19,0.0010939253311379642
2025-05-20,-0.0033621577891223093
2025-05-21,-0.016850859230970096
2025-05-22,0.00039473016073757054
2025-05-23,-0.006825881910519079
2025-05-27,0.02079067033052865
2025-05-28,-0.005785333975273546
2025-05-29,0.0039474262075908486
2025-05-30,-0.001118654451551736
2025-06-02,0.005632908134234327
2025-06-03,0.005702586168993525
2025-06-04,-0.00026824240953090157
2025-06-05,-0.004832886576524001
2025-06-06,0.010269002220969518
2025-06-09,0.0009011883528188648
2025-06-10,0.005669829436407697
2025-06-11,-0.0028520606578083816
2025-06-12,0.00397423915472665
2025-06-13,-0.011180074561920966
2025-06-16,0.009514273488879088
2025-06-17,-0.008545079722505228
2025-06-18,-0.00015077581007730688
2025-06-20,-0.002348386185523755
2025-06-23,0.009877236697241594
2025-06-24,0.011047406404075451
2025-06-25,0.0005602465941442149
2025-06-26,0.007823979515932663
2025-06-27,0.004968222907371933
2025-06-30,0.0047811802411285124
2025-07-01,-0.00032361685086559997
2025-07-02,0.004533304513562704
2025-07-03,0.007881527711180223
2025-07-07,-0.007452173445063172
2025-07-08,-0.0005477000385931674
2025-07-09,0.005996587938471199
2025-07-10,0.00282022332790318
2025-07-11,-0.0035152414781096145
2025-07-14,0.0019081606779421587
2025-07-15,-0.004273327826197077
2025-07-16,0.0033433222651619893
2025-07-17,0.00611957123061191
2025-07-18,-0.0007322815495487367
2025-07-21,0.0018961202137258205
2025-07-22,0.00014305906725881707
2025-07-23,0.008507550549488603
2025-07-24,0.0003310713053846982
2025-07-25,0.004224198978016691
2025-07-28,-0.0002509156625265906
2025-07-29,-0.0026377038873618757
2025-07-30,-0.0012592832087132153
2025-07-31,-0.0037513130619546827
2025-08-01,-0.016390305816590303
2025-08-04,0.015199695512541451
2025-08-05,-0.00506987210004051
2025-08-06,0.007659667282124921
2025-08-07,-0.0008375655634336883
2025-08-08,0.007797542947152248
2025-08-11,-0.001977557134390775
2025-08-12,0.010645956381075274
2025-08-13,0.003423258482342251
2025-08-14,9.305267750445765e-05
2025-08-15,-0.0023413520331988734
2025-08-18,-0.0002174840232890584
2025-08-19,-0.005425300682732955
2025-08-20,-0.0026570072365471303
2025-08-21,-0.004011786002919355
2025-08-22,0.015356711639223815
2025-08-25,-0.004401019998962707
2025-08-26,0.004187062906761274
2025-08-27,0.002278453022356763
2025-08-28,0.003541507690918234
2025-08-29,-0.005963861423187053
2025-09-02,-0.007410239855265111
2025-09-03,0.005419573443143225
2025-09-04,0.008357604688930868
2025-09-05,-0.002896523342831157
2025-09-08,0.002456847693508059
2025-09-09,0.002311713575207828
2025-09-10,0.00289084920514727
2025-09-11,0.00831015340252928
2025-09-12,-0.0003346147532463134
2025-09-15,0.005324103394338234
2025-09-16,-0.0013768404558391224
2025-09-17,-0.0012424489939771922
2025-09-18,0.004672370490589986
2025-09-19,0.004952930300824589
2025-09-22,0.004730992209795188
2025-09-23,-0.005443480659860358
2025-09-24,-0.0031816581403537004
2025-09-25,-0.00461344557576943
2025-09-26,0.0057291039210456375
2025-09-29,0.0028104341691521733
2025-09-30,0.0037667997530692744
2025-10-01,0.0034076065490575044
2025-10-02,0.0011516391661054448
2025-10-03,-1.465779713221582e-05
2025-10-06,0.003586234743913468
2025-10-07,-0.0037075342375781617
2025-10-08,0.005963018112918766
2025-10-09,-0.002897019428214447
2025-10-10,-0.02702778475355449
2025-10-13,0.01534405245669697
2025-10-14,-0.0012217024223204753
2025-10-15,0.00443965475479795
2025-10-16,-0.006810257707786735
2025-10-17,0.005676293099704839
2025-10-20,0.010400512350939221
2025-10-21,-1.4979984718577552e-05
2025-10-22,-0.0051988677902803804
2025-10-23,0.005929906487662103
2025-10-24,0.008172552647061038
2025-10-27,0.011797719544200343
2025-10-28,0.0026559489971361666
2025-10-29,0.00048039619845876327
2025-10-30,-0.010998213873983564
2025-10-31,0.0032802910562951017
2025-11-03,0.0018766966520846094
2025-11-04,-0.011853550232820505
2025-11-05,0.003465402168103389
2025-11-06,-0.010729329446956058
2025-11-07,0.0009845249103577966
2025-11-10,0.015604409628832212
2025-11-11,0.0022891577936339415
2025-11-12,0.0005564170786802655
2025-11-13,-0.016594035637111593
2025-11-14,-0.00016358859396429693
2025-11-17,-0.009316526675455255
2025-11-18,-0.008397461039591738
2025-11-19,0.003863236168279853
2025-11-20,-0.015242367922847156
2025-11-21,0.00996119766575232
2025-11-24,0.014718553120582647
2025-11-25,0.00940585235814696
2025-11-26,0.006903634543873075
2025-11-28,0.005458373086222326
2025-12-01,-0.0045654326011898005
2025-12-02,0.0018521605335180022
2025-12-03,0.003462839022884483
2025-12-04,0.0007310609522068902
2025-12-05,0.0018996042949284181
2025-12-08,-0.0030042909959623683
2025-12-09,-0.0008632759816425256
2025-12-10,0.006632356887458306
2025-12-11,0.0023268920365343494
2025-12-12,-0.010752009562036594
2025-12-15,-0.0015107595125137853
2025-12-16,-0.0027323632563165
2025-12-17,-0.011003655162279444
2025-12-18,0.007551453182203193
2025-12-19,0.009063394238406302
2025-12-22,0.006229909040435843
2025-12-23,0.004570434077165102
2025-12-24,0.003517646933646728
2025-12-26,-0.00010148328648678317
2025-12-29,-0.0035635921921759227
2025-12-30,-0.0012211161976793516
2025-12-31,-0.007408984561101224
2026-01-02,0.001833124841917563
2026-01-05,0.006660087823948728
2026-01-06,0.005947168223619464
2026-01-07,-0.003223414366969361
2026-01-08,-0.00010151182144409575
2026-01-09,0.006613390447410155
2026-01-12,0.001570344549670754
2026-01-13,-0.001999339894861002
2026-01-14,-0.004915311116992438
2026-01-15,0.002723288203887003
2026-01-16,-0.0008379420888714449
2026-01-20,-0.02035674687982771
2026-01-21,0.011540989809479119
2026-01-22,0.005223305017284176
2026-01-23,0.0003627431452660859
2026-01-26,0.005078168996109355
2026-01-27,0.003984291573067929
2026-01-28,-0.00010073765791224875
2026-01-29,-0.0019843514508082246
2026-01-30,-0.002982534024791051
2026-02-02,0.004971300173138569
2026-02-03,-0.008455418456572782
2026-02-04,-0.00484383887388998
2026-02-05,-0.012489280981794835
2026-02-06,0.019184768306484256
2026-02-09,0.004821764992575322
2026-02-10,-0.0026370466495768317
2026-02-11,-0.0002311628084725924
2026-02-12,-0.01544881955700174
2026-02-13,0.000704442683989829
2026-02-17,0.0016135196762241744
2026-02-18,0.005037695790158585
2026-02-19,-0.0026373503847036007
2026-02-20,0.007231744186485395
2026-02-23,-0.010211295817177574
2026-02-24,0.007268496179203397
2026-02-25,0.008438408868665433
2026-02-26,-0.005554482757151848
2026-02-27,-0.004801996079766445
2026-03-02,0.0005685897092167128
2026-03-03,-0.008814360718000052
2026-03-04,0.007055245231977172
2026-03-05,-0.005575510954580339
2026-03-06,-0.013107174917892817
2026-03-09,0.008760124399694627
2026-03-10,-0.0016071969630670274
2026-03-11,-0.0012550721328114661
2026-03-12,-0.015185020398155108
2026-03-13,-0.005660061445393586
2026-03-16,0.010176873245252587
2026-03-17,0.0026305491982851737
2026-03-18,-0.013953630828001017
2026-03-19,-0.0024643625774001796
2026-03-20,-0.014335866992629296
2026-03-23,0.01050005528435691
2026-03-24,-0.0033568197458091
2026-03-25,0.005572814791767021
2026-03-26,-0.017858712243157555
2026-03-27,-0.017051918792561804
2026-03-30,-0.0033434695152201386
2026-03-31,0.029067925398621318
2026-04-01,0.0002627080128401507
2026-04-02,0.0002188376054675682
2026-04-06,0.00021878972604781898
2026-04-07,0.0001093285911880478
2026-04-08,0.0
2026-04-09,0.00010940131569477032
2026-04-10,0.00032791404503352883
2026-04-13,0.0
2026-04-14,0.012184915010662616
2026-04-15,0.007891042626046271
2026-04-16,0.002457314696140654
2026-04-17,0.012085709684532002
2026-04-20,0.00010928182471550566
2026-04-21,-0.006546877598048877
2026-04-22,0.010126679110719542
2026-04-23,-0.003880717280620487
2026-04-24,0.007749242969428443
2026-04-27,0.0017229416659828574
2026-04-28,-0.004865980739709015
2026-04-29,-0.0001546344034137484
2026-04-30,0.00994968518325028
2026-05-01,0.002769057371556796
2026-05-04,-0.003663380950929797
2026-05-05,0.008022242913074554
2026-05-06,0.013899418730160049
2026-05-07,-0.0030660889376450734
2026-05-08,0.00825605475459787
2026-05-11,0.0022775635209937783
2026-05-12,-0.0015148976832113873
2026-05-13,0.005594852718878201
2026-05-14,0.00789424948476151
2026-05-15,-0.012029288059682034
2026-05-18,-0.000703513442567551
2026-05-19,-0.006660884222331552
2026-05-20,0.010249029332388027
2026-05-21,0.0019831294549137427
2026-05-22,0.003931565762728384
2026-05-26,0.006638589859918448
2026-05-27,-0.00017326372381500893
2026-05-28,0.005516626676954212
2026-05-29,0.002491413132097412
2026-06-01,0.0027230637662388423
2026-06-02,0.0013579961566573756
2026-06-03,-0.00701716271996524
2026-06-04,0.003778634283035885
2026-06-05,-0.025809369612244466
2026-06-08,0.0022642224409121364
2026-06-09,-0.0029354370646127266
2026-06-10,-0.015765592933211107
2026-06-11,0.016996857394829954
2026-06-12,0.005408207317551787
2026-06-15,0.017634009390668448
2026-06-16,-0.005961575485861169
2026-06-17,-0.01248789492983045
2026-06-18,0.010396979807429608
2026-06-22,-0.003146928266652639
2026-06-23,-0.014522012225013637
2026-06-24,-0.00046350036778925174
2026-06-25,0.001445636828724747
2026-06-26,-0.007231332133985836
2026-06-29,0.016474812758940246
2026-06-30,0.007786815227913101
2026-07-01,-0.0013525036475483814
2026-07-02,-0.0013140507435594202
2026-07-06,0.00872739222411633
2026-07-07,-0.004751890339538715
2026-07-08,-0.0030894091522385677
2026-07-09,0.008465256756416212
2026-07-10,0.004310118179872061
2026-07-13,-0.007656140611366311
2026-07-14,0.003550637916686847
2026-07-15,0.003963630921285592
2026-07-16,-0.005418616825605735
2026-07-17,-0.009897199757215737
2026-07-20,-0.0016143534967410409
2026-07-21,0.008341327043244197
2026-07-22,-0.001162766737217661
2026-07-23,-0.012349253784127882
2026-07-24,0.0010159657563921834
2026-07-27,0.0002166165423495277
2026-07-28,0.002394766697551571
2026-07-29,-0.015387445003102447
2026-07-30,0.016765743693375593
2026-07-31,0.007199869193782943
2026-08-03,0.014242990614400514
2026-08-04,0.01802895214665108
2026-08-05,-0.0019965624761277556
2026-08-06,-0.0015978064697252158
2026-08-07,0.006115328078506501
2026-08-10,-0.0002974431285414842
2026-08-11,-0.003195199981383496
2026-08-12,0.0025046088948633602
2026-08-13,0.006977515074108177
2026-08-14,-0.001979750679941985
2026-08-17,-0.004727362317670929
2026-08-18,-0.006755744960808332
2026-08-19,0.0020977847370852736
2026-08-20,-0.008399827926766561
2026-08-21,0.00409122999185862
2026-08-24,-0.0029384361156036846
2026-08-25,0.0031959397668177335
2026-08-26,0.00022200767959634386
2026-08-27,0.0065528446297567705
2026-08-28,-0.0022694869107554683
2026-08-31,-0.0029895480342588365
2026-09-01,-0.00687041393747412
2026-09-02,0.004436916429827645
2026-09-03,0.0104684179415366
2026-09-04,-0.0038542322600894144
2026-09-08,-0.00549217893001458
2026-09-09,-0.004647717444469554
2026-09-10,-0.005994275703456624
2026-09-11,0.0085243014611162
2026-09-14,-0.004461653484890733
2026-09-15,-0.0045867524091346475
2026-09-16,-0.004409880484782289
2026-09-17,0.011338753705953048
2026-09-18,0.0012869590529586057
2026-09-21,0.015504992215651728
2026-09-22,-0.0001551326660471881
2026-09-23,-0.007202161019229807
2026-09-24,-0.0008205218541250143
2026-09-25,0.005435468794763696
