date,returns
2009-01-02,0.0
2009-01-05,-0.0011831217291150928
2009-01-06,0.006677553122289679
2009-01-07,-0.029956238213989638
2009-01-08,0.004080542283658113
2009-01-09,-0.0214192586859424
2009-01-12,-0.024020682051996076
2009-01-13,0.001840429354326637
2009-01-14,-0.03145497747850768
2009-01-15,0.0003560641009835075
2009-01-16,0.0078194407397832
2009-01-20,-0.05278627296551365
2009-01-21,0.043192709015902206
2009-01-22,-0.01546709778244551
2009-01-23,0.004350460353922678
2009-01-26,0.006858381218654752
2009-01-27,0.010157569035130872
2009-01-28,0.03383412735828138
2009-01-29,-0.03249791029754615
2009-01-30,-0.020342786560008732
2009-02-02,-0.0030183789000712584
2009-02-03,0.014046620347629586
2009-02-04,-0.004895807416298648
2009-02-05,0.014880732924447367
2009-02-06,0.028497165849945588
2009-02-09,0.0013793483392818384
2009-02-10,-0.045809246997907165
2009-02-11,0.005895743849639828
2009-02-12,0.0007175582399918122
2009-02-13,-0.010757410485783646
2009-02-17,-0.042774495727985785
2009-02-18,-0.0023986933424926422
2009-02-19,-0.010755161265391916
2009-02-20,-0.009721135565115233
2009-02-23,-0.03577887963551112
2009-02-24,0.03791065912643025
2009-02-25,-0.007873231459634075
2009-02-26,-0.016261408002522973
2009-02-27,-0.02234864268059749
2009-03-02,-0.04504243970113112
2009-03-03,-0.007506751747196525
2009-03-04,0.02369043394278079
2009-03-05,-0.040847612219580325
2009-03-06,0.0017442139138265816
2009-03-09,-0.011752963287023153
2009-03-10,0.059609866829135556
2009-03-11,0.006512025730209248
2009-03-12,0.039371643285278625
2009-03-13,0.007815006921512102
2009-03-16,-0.003022676377393779
2009-03-17,0.030582618746228255
2009-03-18,0.02238387343404859
2009-03-19,-0.012385699128306631
2009-03-20,-0.021293760421717645
2009-03-23,0.07182911346492375
2009-03-24,-0.019703161330250036
2009-03-25,0.010545566758256237
2009-03-26,0.02038071430475052
2009-03-27,-0.018048202573697627
2009-03-30,-0.03455498778128682
2009-03-31,0.00926561588567225
2009-04-01,0.01936607363556762
2009-04-02,0.02923734457132942
2009-04-03,0.009948515075855969
2009-04-06,-0.007832682993400184
2009-04-07,-0.023325581925342148
2009-04-08,0.010778136330692894
2009-04-09,0.03974283366121432
2009-04-13,0.00023312913655592255
2009-04-14,-0.01724359300542707
2009-04-15,0.010670421635413386
2009-04-16,0.01466246113799017
2009-04-17,0.006705008972749561
2009-04-20,-0.04191561211752686
2009-04-21,0.019537142320912127
2009-04-22,-0.006112846352909871
2009-04-23,0.009817519902150532
2009-04-24,0.015111375394613758
2009-04-27,-0.009462796171151824
2009-04-28,-0.003145143038999919
2009-04-29,0.02126871328244899
2009-04-30,0.00034346071878001036
2009-05-01,0.005376655262398212
2009-05-04,0.034019888407999854
2009-05-05,-0.0034113095600180497
2009-05-06,0.017334946774043927
2009-05-07,-0.013892754139019064
2009-05-08,0.02333329628471489
2009-05-11,-0.01871411268754674
2009-05-12,-0.0029588854024402505
2009-05-13,-0.025173034714978823
2009-05-14,0.00856996878567494
2009-05-15,-0.008161676531001125
2009-05-18,0.028406953083795518
2009-05-19,-0.0012056627921506959
2009-05-20,-0.006694392870404753
2009-05-21,-0.014363457319869573
2009-05-22,-0.002129822794075428
2009-05-26,0.025612189548774592
2009-05-27,-0.017853054027031762
2009-05-28,0.013940018156332314
2009-05-29,0.01770781256190572
2009-06-01,0.024208227095459434
2009-06-02,0.0008443522436304466
2009-06-03,-0.012651744872577005
2009-06-04,0.009396728809779552
2009-06-05,0.00021178917912584704
2009-06-08,-0.0041247752212221775
2009-06-09,0.005097826275642405
2009-06-10,-0.002535765112751947
2009-06-11,0.004448842665657326
2009-06-12,0.0027420931501362425
2009-06-15,-0.022928044158217552
2009-06-16,-0.013563150171541177
2009-06-17,-0.000982254994350841
2009-06-18,0.007318774251442734
2009-06-19,0.003686085211777455
2009-06-22,-0.02998698169451231
2009-06-23,0.0007837469505007968
2009-06-24,0.008617477391215283
2009-06-25,0.021749112100034336
2009-06-26,-0.0026063534897557672
2009-06-29,0.00936408304726838
2009-06-30,-0.008090965823377975
2009-07-01,0.004132918570312814
2009-07-02,-0.027293510269082465
2009-07-06,-0.00011100675170037445
2009-07-07,-0.01937634486698174
2009-07-08,-0.0006816275969123845
2009-07-09,0.0019316935741072122
2009-07-10,-0.002381312176864063
2009-07-13,0.024328978731357514
2009-07-14,0.005659782042434692
2009-07-15,0.02924688257647599
2009-07-16,-0.0016083875484672586
2009-07-17,0.01095463242246533
2009-07-20,0.010623994425256947
2009-07-21,0.004624968780726159
2009-07-22,-0.00020906601221422138
2009-07-23,0.02208242087092794
2009-07-24,0.004095653154700269
2009-07-27,0.0029574373113661115
2009-07-28,-0.004677020630911473
2009-07-29,-0.0024520833242999175
2009-07-30,0.010445751775758719
2009-07-31,0.0014190571878472888
2009-08-03,0.016495990728064253
2009-08-04,0.0025885525864035334
2009-08-05,-0.002879698194552291
2009-08-06,-0.005178754620297864
2009-08-07,0.013114141095580486
2009-08-10,-0.002074809134847965
2009-08-11,-0.012476070148102397
2009-08-12,0.01072854047960371
2009-08-13,0.007638710440741761
2009-08-14,-0.007679262810339882
2009-08-17,-0.02460558789682075
2009-08-18,0.007933908735302808
2009-08-19,0.008780192620960631
2009-08-20,0.01030398575580721
2009-08-21,0.01960569242163694
2009-08-24,-9.681963095935888e-05
2009-08-25,0.0019421103313733922
2009-08-26,9.724344439692104e-05
2009-08-27,0.0022294579651645436
2009-08-28,-0.00019343465558068493
2009-08-31,-0.008899515388490835
2009-09-01,-0.022056837646951363
2009-09-02,-0.003792941023801684
2009-09-03,0.008315133553438488
2009-09-04,0.014008921612966898
2009-09-08,0.008622568844880083
2009-09-09,0.007674208392350492
2009-09-10,0.010218624348087136
2009-09-11,-0.00019057249994368776
2009-09-14,0.004867491294393996
2009-09-15,0.004179768390917003
2009-09-16,0.015133908064154915
2009-09-17,-0.0014906647517835307
2009-09-18,0.0006374224560318104
2009-09-21,-0.0025300113606730322
2009-09-22,0.005824638850516326
2009-09-23,-0.00831245676208927
2009-09-24,-0.011019622710864062
2009-09-25,-0.005331793255546453
2009-09-28,0.017903194255936436
2009-09-29,-0.0030102209123425067
2009-09-30,-0.0038677919108317032
2009-10-01,-0.024813058481413578
2009-10-02,-0.0046611332511549515
2009-10-05,0.014927730374354398
2009-10-06,0.01432463784021832
2009-10-07,0.0027485713454259665
2009-10-08,0.007655641715461307
2009-10-09,0.006097524438517651
2009-10-12,0.003915244815192049
2009-10-13,-0.0020431860229350096
2009-10-14,0.017215715986661658
2009-10-15,0.0036594287151336035
2009-10-16,-0.00747408680207546
2009-10-19,0.008265305031389707
2009-10-20,-0.005283126101589743
2009-10-21,-0.008973116031506903
2009-10-22,0.010163154442990954
2009-10-23,-0.011433350846646985
2009-10-26,-0.010825140500317645
2009-10-27,-0.004583512270116028
2009-10-28,-0.01888717142637225
2009-10-29,0.02145395830923826
2009-10-30,-0.028973020724536128
2009-11-02,0.007338392544006925
2009-11-03,0.0031633426777772805
2009-11-04,0.0025798578897347295
2009-11-05,0.018394938840989715
2009-11-06,0.002620565946200676
2009-11-09,0.022776054332526566
2009-11-10,0.00018280524809041865
2009-11-11,0.005109807890252657
2009-11-12,-0.010167848067093954
2009-11-13,0.005411240990597022
2009-11-16,0.01450476834460588
2009-11-17,0.0011689507700973925
2009-11-18,-0.0006287214661184926
2009-11-19,-0.013031444831003745
2009-11-20,-0.003551426823935339
2009-11-23,0.012702482326931986
2009-11-24,0.001533807214091204
2009-11-25,0.0035137112718929275
2009-11-27,-0.016250604998956517
2009-11-30,0.0033768191661146777
2009-12-01,0.012370177892065156
2009-12-02,-0.00044879871359180607
2009-12-03,-0.007820272471266486
2009-12-04,0.00570770672024452
2009-12-07,-0.0015317388201072394
2009-12-08,-0.011096788323189893
2009-12-09,0.0037399349304338826
2009-12-10,0.005635450811247377
2009-12-11,0.004248511423886913
2009-12-14,0.006839837959667963
2009-12-15,-0.004648310190178323
2009-12-16,0.0015268771933071312
2009-12-17,-0.012015954874594472
2009-12-18,0.0056574708062517775
2009-12-21,0.010162294497966285
2009-12-22,0.0035928461214291777
2009-12-23,0.00196931211845151
2009-12-24,0.00473426992222637
2009-12-28,0.0021338493932378296
2009-12-29,-0.0014201433053699056
2009-12-30,-0.0003552676024535498
2009-12-31,-0.00959782020240145
2010-01-04,0.01695982799322052
2010-01-05,0.002647487057589015
2010-01-06,0.0007035731885673551
2010-01-07,0.004221355183173991
2010-01-08,0.003327671140866715
2010-01-11,0.0013969437550567316
2010-01-12,-0.009326556035352141
2010-01-13,0.008446513902615464
2010-01-14,0.002704418913389927
2010-01-15,-0.011224094445289082
2010-01-19,0.012495285725184877
2010-01-20,-0.010168324869081547
2010-01-21,-0.019229184123611003
2010-01-22,-0.022291765544787442
2010-01-25,0.0051272498814092385
2010-01-26,-0.004190445496713529
2010-01-27,0.004757387131944247
2010-01-28,-0.011472169356563451
2010-01-29,-0.010868849057754306
2010-02-01,0.01555063260094045
2010-02-02,0.012103643816611434
2010-02-03,-0.004982657351643248
2010-02-04,-0.0308661317105743
2010-02-05,0.0020673779183587914
2010-02-08,-0.0072198374741474355
2010-02-09,0.012560544785478427
2010-02-10,-0.0019583807061888904
2010-02-11,0.010466277318519946
2010-02-12,-0.0008323372203538391
2010-02-16,0.015735001038679673
2010-02-17,0.00473809015071938
2010-02-18,0.005895426722266175
2010-02-19,0.0020735933919999823
2010-02-22,0.00017999547613828926
2010-02-23,-0.012145111093553238
2010-02-24,0.009198375911753081
2010-02-25,-0.0013538638525287152
2010-02-26,0.0006328448710534589
2010-03-01,0.010384159677369949
2010-03-02,0.002771046475342275
2010-03-03,0.0008909266962065101
2010-03-04,0.003027494762913166
2010-03-05,0.014293681785593409
2010-03-08,0.00017500609740618719
2010-03-09,0.0016629396561512176
2010-03-10,0.004456034000807258
2010-03-11,0.004174553975578075
2010-03-12,8.62828394084619e-05
2010-03-15,0.0002603351177783411
2010-03-16,0.007965796272151455
2010-03-17,0.005927220907497692
2010-03-18,-0.0005126779713705498
2010-03-19,-0.005061898785140789
2010-03-22,0.005346659380781297
2010-03-23,0.007032956412740524
2010-03-24,-0.004854437715305709
2010-03-25,-0.0016262432348691986
2010-03-26,-0.0005999524027844372
2010-03-29,0.006347624659407761
2010-03-30,0.0006819553178769554
2010-03-31,-0.0034075397946939016
2010-04-01,0.006837771014881889
2010-04-05,0.008149513477658302
2010-04-06,0.002357429891791639
2010-04-07,-0.005712224077216539
2010-04-08,0.0034641500609134393
2010-04-09,0.0065673526163240094
2010-04-12,0.0015892081031087437
2010-04-13,0.0007515345214914837
2010-04-14,0.011349299235070007
2010-04-15,0.0008253282806399124
2010-04-16,-0.01591233423003951
2010-04-19,0.0037702345913294692
2010-04-20,0.008930513240005095
2010-04-21,-0.001819787736743172
2010-04-22,0.0029837247685189886
2010-04-23,0.0065273951056765344
2010-04-26,-0.003776265190022328
2010-04-27,-0.023650729423076486
2010-04-28,0.00759647769598549
2010-04-29,0.012397661498666036
2010-04-30,-0.016962211784186335
2010-05-03,0.012961915567837186
2010-05-04,-0.023514979952102145
2010-05-05,-0.005956501541494242
2010-05-06,-0.03321314172920221
2010-05-07,-0.014875105020117503
2010-05-10,0.04404101848862866
2010-05-11,-0.00284081773235406
2010-05-12,0.013985586970646842
2010-05-13,-0.012430633999961242
2010-05-14,-0.01810494931089354
2010-05-17,0.0005270271929363121
2010-05-18,-0.013602786210607757
2010-05-19,-0.005693542629880593
2010-05-20,-0.0377595689546923
2010-05-21,0.014599228047084781
2010-05-24,-0.01283141636296967
2010-05-25,0.001021765122701834
2010-05-26,-0.006028631527053587
2010-05-27,0.033498050836529875
2010-05-28,-0.012549777025647925
2010-06-01,-0.016823608688839902
2010-06-02,0.026039155357152347
2010-06-03,0.0034440294793382283
2010-06-04,-0.03513658126185439
2010-06-07,-0.012451239032813251
2010-06-08,0.010712677916958653
2010-06-09,-0.005346567730960995
2010-06-10,0.02923172748762302
2010-06-11,0.00485571933495281
2010-06-14,-0.0015504831045544114
2010-06-15,0.02273798643872046
2010-06-16,-0.00035712863474525355
2010-06-17,0.0016076985752961014
2010-06-18,0.001084155475467524
2010-06-21,-0.0028640092893471255
2010-06-22,-0.016515672656705598
2010-06-23,-0.003103195216594182
2010-06-24,-0.01657011977233464
2010-06-25,0.0041891371795853794
2010-06-28,-0.003152194077370667
2010-06-29,-0.030875051814714737
2010-06-30,-0.009499794277372587
2010-07-01,-0.004456526648966526
2010-07-02,-0.005450061564521754
2010-07-06,0.006555954916180984
2010-07-07,0.031495771420716925
2010-07-08,0.009895940082716822
2010-07-09,0.00746537187893803
2010-07-12,0.0006487501233754314
2010-07-13,0.015088071263402884
2010-07-14,-9.105657679515308e-05
2010-07-15,0.0002733798860401447
2010-07-16,-0.027534824413236677
2010-07-19,0.005907059595731412
2010-07-20,0.01109127828146727
2010-07-21,-0.012997642827666665
2010-07-22,0.02232177460019743
2010-07-23,0.008678707600123908
2010-07-26,0.01041574089561093
2010-07-27,-8.968789522996978e-05
2010-07-28,-0.006454100948454885
2010-07-29,-0.004872661795532428
2010-07-30,-0.00018098080544287108
2010-08-02,0.022580544127698852
2010-08-03,-0.004789082887293949
2010-08-04,0.0066835018450324786
2010-08-05,-0.0010622822541676191
2010-08-06,-0.004075962210442139
2010-08-09,0.005338820318644513
2010-08-10,-0.005399201245096784
2010-08-11,-0.027406671906233745
2010-08-12,-0.00613036298722831
2010-08-13,-0.0029456470562932687
2010-08-16,-0.0004611452533457181
2010-08-17,0.012284958800082606
2010-08-18,0.0018247045305987916
2010-08-19,-0.017396844382853816
2010-08-20,-0.003244367459453881
2010-08-23,-0.0038126561290242134
2010-08-24,-0.014843577828361008
2010-08-25,0.003885106648401025
2010-08-26,-0.006701526262730282
2010-08-27,0.015489739051799848
2010-08-30,-0.014504976217314372
2010-08-31,0.0
2010-09-01,0.02991198821519462
2010-09-02,0.009311858472788153
2010-09-03,0.012971593831514965
2010-09-07,-0.011272312523776926
2010-09-08,0.007022920056819298
2010-09-09,0.004619333062111165
2010-09-10,0.005048936643501133
2010-09-13,0.011122714610084924
2010-09-14,-0.0006209038034368152
2010-09-15,0.0038168279660016646
2010-09-16,-0.00026526735814641624
2010-09-17,0.00037361135721019603
2010-09-20,0.015290159224026508
2010-09-21,-0.0020136061065849724
2010-09-22,-0.00491328659922488
2010-09-23,-0.008111504840712333
2010-09-24,0.020622471396871612
2010-09-27,-0.004790400402957521
2010-09-28,0.0035006731927800065
2010-09-29,-0.0017443627837552306
2010-09-30,-0.0029699012289602575
2010-10-01,0.004205587867793067
2010-10-04,-0.007503444136663131
2010-10-05,0.02013141141853876
2010-10-06,-8.576613846625241e-05
2010-10-07,-0.0012066632682366206
2010-10-08,0.005608865727156446
2010-10-11,0.0009433675995148346
2010-10-12,0.003086420020422533
2010-10-13,0.007777233962228959
2010-10-14,-0.003900935583623731
2010-10-15,0.0020428785138022253
2010-10-18,0.0049279715738982845
2010-10-19,-0.013104862648847837
2010-10-20,0.009766807896853174
2010-10-21,0.0022056700060167104
2010-10-22,0.0018621958001548808
2010-10-25,0.0029572250320275694
2010-10-26,0.00016879490397715013
2010-10-27,-0.002864007799851029
2010-10-28,0.00016908045156856471
2010-10-29,0.0007600933821697812
2010-11-01,0.00033725003845758974
2010-11-02,0.007930588955447624
2010-11-03,0.004017609995235193
2010-11-04,0.019258658764849074
2010-11-05,0.0037621281796235014
2010-11-08,-0.0018739726433421114
2010-11-09,-0.007184469575176106
2010-11-10,0.004029080767391415
2010-11-11,-0.0037675565952721216
2010-11-12,-0.011837732508644226
2010-11-15,-0.0014144559295729221
2010-11-16,-0.01557953873945463
2010-11-17,0.0005077582779862844
2010-11-18,0.014718457252903919
2010-11-19,0.002751187346559651
2010-11-22,-0.0008316424977127941
2010-11-23,-0.014476873730344909
2010-11-24,0.014774150435809331
2010-11-26,-0.011647259051378953
2010-11-29,0.003029966441246326
2010-11-30,-0.005622413408321457
2010-12-01,0.021267729289948398
2010-12-02,0.012808877967606038
2010-12-03,0.002692410615578438
2010-12-06,-0.0010579082029693947
2010-12-07,0.0005703791020998346
2010-12-08,0.0036635632040947805
2010-12-09,0.003893361688825952
2010-12-10,0.0058181280837242225
2010-12-13,0.0006420428488520745
2010-12-14,0.0008836822961787676
2010-12-15,-0.004572061554500928
2010-12-16,0.005801371714415051
2010-12-17,0.001071339384694215
2010-12-20,0.0024136143731710294
2010-12-21,0.006340195303957585
2010-12-22,0.003110366925183904
2010-12-23,-0.0014315760201627273
2010-12-27,0.0003986791253226464
2010-12-28,0.0014323371100499014
2010-12-29,0.000715383860233995
2010-12-30,-0.0015885877110424246
2010-12-31,0.0002387232638538841
2011-01-03,0.010338342634471389
2011-01-04,-0.0005511632495389041
2011-01-05,0.005197659474110685
2011-01-06,-0.0019590154872308856
2011-01-07,-0.001962071767264267
2011-01-10,-0.001258469709055464
2011-01-11,0.0035438911136051717
2011-01-12,0.009024523157324266
2011-01-13,-0.0016334240330799635
2011-01-14,0.007244596970700359
2011-01-18,0.00170167415633388
2011-01-19,-0.009805621963388817
2011-01-20,-0.001325164736495667
2011-01-21,0.0022639071102017153
2011-01-24,0.005687032502619234
2011-01-25,0.0005417105862533971
2011-01-26,0.003871157001288959
2011-01-27,0.002467909005399108
2011-01-28,-0.017463251497481954
2011-01-31,0.0075167674744166515
2011-02-01,0.01600856631268947
2011-02-02,-0.0019121808294358224
2011-02-03,0.0022223269763012384
2011-02-04,0.0028290054136142716
2011-02-07,0.006252543405538589
2011-02-08,0.004546598349006812
2011-02-09,-0.0022625931851691008
2011-02-10,0.0003779666851318666
2011-02-11,0.005970133835032402
2011-02-14,0.002403979020588275
2011-02-15,-0.003147801514346534
2011-02-16,0.006315407349630397
2011-02-17,0.0029884920752921585
2011-02-18,0.002085591532514849
2011-02-22,-0.02006987211330755
2011-02-23,-0.006144276477116803
2011-02-24,-0.0006869691427729772
2011-02-25,0.010692918662748008
2011-02-28,0.006196862080455529
2011-03-01,-0.016673329587201878
2011-03-02,0.0021385530260663497
2011-03-03,0.017224277166443893
2011-03-04,-0.0074923512396308355
2011-03-07,-0.00785073623746309
2011-03-08,0.008749638277214554
2011-03-09,-0.001432521715068732
2011-03-10,-0.018506161900522698
2011-03-11,0.00692624706752416
2011-03-14,-0.006037896966048765
2011-03-15,-0.011457365411102068
2011-03-16,-0.018512573836469214
2011-03-17,0.0132350101672968
2011-03-18,0.0036369917032281437
2011-03-21,0.015498271986186229
2011-03-22,-0.0034687704215470116
2011-03-23,0.002861924636965007
2011-03-24,0.00956318231537948
2011-03-25,0.0030560035412424396
2011-03-28,-0.0024372475634384053
2011-03-29,0.006718290459821254
2011-03-30,0.00690174870661466
2011-03-31,-0.0013558433887823633
2011-04-01,0.004223856069172153
2011-04-04,0.0008255547372328568
2011-04-05,-0.00014997021998460947
2011-04-06,0.003152175382567797
2011-04-07,-0.0025434360780679888
2011-04-08,-0.0034506887790987195
2011-04-11,-0.003010618854703914
2011-04-12,-0.0074739127015264915
2011-04-13,-7.573961830581664e-05
2011-04-14,0.0007603463397370258
2011-04-15,0.0036486847399005654
2011-04-18,-0.011209199767198499
2011-04-19,0.005744977571208978
2011-04-20,0.013631983469713884
2011-04-21,0.005108573349087725
2011-04-25,-0.0010463841883180346
2011-04-26,0.008605393265259099
2011-04-27,0.006528463010288838
2011-04-28,0.003243096194248819
2011-04-29,0.0023513384983372995
2011-05-02,-0.0015393085940732108
2011-05-03,-0.0035974777396514295
2011-05-04,-0.006630788603909033
2011-05-05,-0.009048190885097217
2011-05-06,0.0044157893136325685
2011-05-09,0.0038750449387837007
2011-05-10,0.008536182149393327
2011-05-11,-0.010524876800739144
2011-05-12,0.004760794563481678
2011-05-13,-0.00769967182916862
2011-05-16,-0.006341011917423123
2011-05-17,-0.00015057493477340275
2011-05-18,0.008935833995141198
2011-05-19,0.002381741013428306
2011-05-20,-0.00794449641733796
2011-05-23,-0.01160081893773284
2011-05-24,-0.0008330509260634528
2011-05-25,0.003334754384103425
2011-05-26,0.004607285422201205
2011-05-27,0.003834312089437485
2011-05-31,0.010411547718169522
2011-06-01,-0.022460996615987588
2011-06-02,-0.0010621469012304316
2011-06-03,-0.009944018459496854
2011-06-06,-0.010581410115487069
2011-06-07,-0.0006197313913066677
2011-06-08,-0.004187546391304567
2011-06-09,0.007631264220415554
2011-06-10,-0.013910614395523064
2011-06-13,0.0007840537106202613
2011-06-14,0.012686123686257773
2011-06-15,-0.01778556243832841
2011-06-16,0.0022044603054934475
2011-06-17,0.002984097470297582
2011-06-20,0.005116241957839815
2011-06-21,0.01370372880198115
2011-06-22,-0.006025280407280492
2011-06-23,-0.0028756906355278627
2011-06-24,-0.011613474881427716
2011-06-27,0.00891090399571676
2011-06-28,0.013052936854362162
2011-06-29,0.008563968652358913
2011-06-30,0.009562711754656936
2011-07-01,0.014776282188944025
2011-07-05,-0.0008215179402921237
2011-07-06,0.0011956335041721402
2011-07-07,0.010375600206165122
2011-07-08,-0.007092242409261319
2011-07-11,-0.01808042336384698
2011-07-12,-0.0043194264247210365
2011-07-13,0.003348639138851209
2011-07-14,-0.006902127037961019
2011-07-15,0.005804525503731855
2011-07-18,-0.008201168527566792
2011-07-19,0.01623177400220191
2011-07-20,-0.0006024560098325622
2011-07-21,0.013870996995363021
2011-07-22,0.0006690599603895179
2011-07-25,-0.005572807740870729
2011-07-26,-0.003736446962245925
2011-07-27,-0.020475280384535898
2011-07-28,-0.002909596039734717
2011-07-29,-0.0068345884900800815
2011-08-01,-0.004252677952831934
2011-08-02,-0.025547793226398004
2011-08-03,0.00541901872505104
2011-08-04,-0.04684153146755841
2011-08-05,-0.0014967042696190811
2011-08-08,-0.06512332960621253
2011-08-09,0.046498891350189635
2011-08-10,-0.044177333881930556
2011-08-11,0.044883881837351744
2011-08-12,0.006732893096894029
2011-08-15,0.02116470631280648
2011-08-16,-0.008538984182033343
2011-08-17,0.0006689842131716447
2011-08-18,-0.04311863760253355
2011-08-19,-0.01633029736109303
2011-08-22,0.0007987564330393244
2011-08-23,0.03291076756515336
2011-08-24,0.014084237227110741
2011-08-25,-0.015243957976038353
2011-08-26,0.014534045499735845
2011-08-29,0.028735910163371323
2011-08-30,0.0026374020236164903
2011-08-31,0.0044372208016361225
2011-09-01,-0.010472768894305502
2011-09-02,-0.025549580076045603
2011-09-06,-0.007297548029607953
2011-09-07,0.02820765124070493
2011-09-08,-0.010391862344518188
2011-09-09,-0.026209929898890073
2011-09-12,0.006470312579865223
2011-09-13,0.009171200058996123
2011-09-14,0.013844323588820004
2011-09-15,0.017257045495839632
2011-09-16,0.0059186363813425015
2011-09-19,-0.00995720189395295
2011-09-20,-0.001163778835084807
2011-09-21,-0.029457967883895757
2011-09-22,-0.03232445430084967
2011-09-23,0.006024897514154814
2011-09-26,0.02378005456387164
2011-09-27,0.011183788815921409
2011-09-28,-0.02041855272745356
2011-09-29,0.007903581077592883
2011-09-30,-0.024989548881314133
2011-10-03,-0.028457111117025972
2011-10-04,0.021922783339686797
2011-10-05,0.01851524907642017
2011-10-06,0.018091043901624717
2011-10-07,-0.006695854137485574
2011-10-10,0.03344595858622502
2011-10-11,0.0010032826646591071
2011-10-12,0.008771704037422097
2011-10-13,-0.001987287823058364
2011-10-14,0.017094026930885745
2011-10-17,-0.019091292281840273
2011-10-18,0.019546004675022644
2011-10-19,-0.011829120274037569
2011-10-20,0.0043756231173574835
2011-10-21,0.018987681927114336
2011-10-24,0.012260673568276833
2011-10-25,-0.01944386046531089
2011-10-26,0.010158578848826972
2011-10-27,0.03483506685483666
2011-10-28,-0.00023336629728555716
2011-10-31,-0.0241056633425392
2011-11-01,-0.027888674541981497
2011-11-02,0.01631171533473232
2011-11-03,0.01822721055355355
2011-11-04,-0.006098649036123269
2011-11-07,0.006215812302032785
2011-11-08,0.012830793653683129
2011-11-09,-0.03690986240038872
2011-11-10,0.009418555106177036
2011-11-11,0.018822637273000677
2011-11-14,-0.009474050428360423
2011-11-15,0.004941762815283947
2011-11-16,-0.015862904475423063
2011-11-17,-0.015876987737337825
2011-11-18,-0.001064519227711218
2011-11-21,-0.01901957428919944
2011-11-22,-0.003927821864560436
2011-11-23,-0.022065482792464272
2011-11-25,-0.0018878014758016166
2011-11-28,0.02896700398447561
2011-11-29,0.002840072111580953
2011-11-30,0.04115007871881843
2011-12-01,-0.00016066309551258543
2011-12-02,-0.0008800234905468623
2011-12-05,0.01089227573495428
2011-12-06,0.00031693919931959324
2011-12-07,0.0037225025838288875
2011-12-08,-0.02193643980414778
2011-12-09,0.01694251863548368
2011-12-12,-0.014597447847703655
2011-12-13,-0.00933917288197454
2011-12-14,-0.01064591303101653
2011-12-15,0.0036140570225300173
2011-12-16,0.0014827918066083361
2011-12-19,-0.010691999678733173
2011-12-20,0.030260382029824586
2011-12-21,0.0019367216840939314
2011-12-22,0.008858590775680677
2011-12-23,0.008940884870350803
2011-12-27,0.0007911245129661623
2011-12-28,-0.013123593064091992
2011-12-29,0.01033381042806746
2011-12-30,-0.004915755332654347
2012-01-03,0.01593626873086163
2012-01-04,0.0015686287832572118
2012-01-05,0.002662554141671655
2012-01-06,-0.002577444626228242
2012-01-09,0.0024274692297789908
2012-01-10,0.008670542678280603
2012-01-11,0.0005420440549926946
2012-01-12,0.0023992456639966475
2012-01-13,-0.00517322910000469
2012-01-17,0.0038809385037206334
2012-01-18,0.011055956197841617
2012-01-19,0.005276654944196248
2012-01-20,0.003727431906877031
2012-01-23,-0.0025768694427183163
2012-01-24,-0.001139657058670497
2012-01-25,0.008367420021030879
2012-01-26,-0.005129578445076483
2012-01-27,-0.00045504891551900436
2012-01-30,-0.0034138978269737134
2012-01-31,-0.00038067966757672587
2012-02-01,0.00875716754327551
2012-02-02,0.00158550399742455
2012-02-03,0.01401849465454742
2012-02-06,-0.0006689320502013674
2012-02-07,0.002529028546977181
2012-02-08,0.002967435336859783
2012-02-09,0.001257810982168838
2012-02-10,-0.00738800195871071
2012-02-13,0.0074429907892402825
2012-02-14,-0.0012562308811703625
2012-02-15,-0.004660010188902485
2012-02-16,0.011072828704986043
2012-02-17,0.0026463927784367287
2012-02-21,0.0004398652273150605
2012-02-22,-0.003224212002759653
2012-02-23,0.0044110848553428755
2012-02-24,0.002195351955217097
2012-02-27,0.0016796630924967883
2012-02-28,0.0029163048081132874
2012-02-29,-0.003925477473805102
2012-03-01,0.0051818876773900594
2012-03-02,-0.0030499040641847916
2012-03-05,-0.004078238397170505
2012-03-06,-0.014625171270338005
2012-03-07,0.006975946332715074
2012-03-08,0.009949157601278874
2012-03-09,0.003867961456299988
2012-03-12,7.227524991314447e-05
2012-03-13,0.01802600504530651
2012-03-14,-0.0010709703221661758
2012-03-15,0.005788820865226462
2012-03-16,0.0013850257574355238
2012-03-19,0.003920116064441838
2012-03-20,-0.0029108093607409205
2012-03-21,-0.0016375169846237552
2012-03-22,-0.007203736220317767
2012-03-23,0.0032326685555703187
2012-03-26,0.014035080085001199
2012-03-27,-0.0031067774620965674
2012-03-28,-0.004958868648649624
2012-03-29,-0.0017086186613227124
2012-03-30,0.004136374619564879
2012-04-02,0.007314484769477589
2012-04-03,-0.004088939760696272
2012-04-04,-0.009910449310476828
2012-04-05,-0.0005006576738438112
2012-04-09,-0.011231105237262961
2012-04-10,-0.016785246365243624
2012-04-11,0.008094147046087458
2012-04-12,0.013066063427535432
2012-04-13,-0.011888437486250942
2012-04-16,-0.0006562452650567621
2012-04-17,0.01481226083562226
2012-04-18,-0.0033796461942580546
2012-04-19,-0.006420658909699297
2012-04-20,0.0016699290920664418
2012-04-23,-0.008408766011385242
2012-04-24,0.0038011575226504536
2012-04-25,0.01369192410540578
2012-04-26,0.006968515736216762
2012-04-27,0.0016414179999749646
2012-04-30,-0.0037043131741330893
2012-05-01,0.006220075408656264
2012-05-02,-0.0029841200021700665
2012-05-03,-0.00762530002812207
2012-05-04,-0.016158380594683195
2012-05-07,0.0007303917293528403
2012-05-08,-0.004011899076613353
2012-05-09,-0.005931655857008599
2012-05-10,0.002062765192810454
2012-05-11,-0.0030147462938624257
2012-05-14,-0.011060584508850202
2012-05-15,-0.005741750864931527
2012-05-16,-0.003824236123076525
2012-05-17,-0.01483139129511447
2012-05-18,-0.008558682178508822
2012-05-21,0.01718792176651995
2012-05-22,0.0017427633728401785
2012-05-23,0.0005294447969463172
2012-05-24,0.00196608262926871
2012-05-25,-0.003244711507776532
2012-05-29,0.012111729210594772
2012-05-30,-0.014509759360738962
2012-05-31,-0.0022014716250883556
2012-06-01,-0.025176333340092828
2012-06-04,-0.00046835556110281064
2012-06-05,0.007572567151452567
2012-06-06,0.022468061943225974
2012-06-07,0.0006064950224851011
2012-06-08,0.007951506838232047
2012-06-11,-0.012697410022916092
2012-06-12,0.01149068897442224
2012-06-13,-0.006394800803735783
2012-06-14,0.010600579526351054
2012-06-15,0.010227439543950341
2012-06-18,0.0019382754073893043
2012-06-19,0.009672338610497704
2012-06-20,-0.0016213801434393996
2012-06-21,-0.022438503020194005
2012-06-22,0.0077016893047268066
2012-06-25,-0.01603513335930966
2012-06-26,0.0050260812241397735
2012-06-27,0.009016449823306752
2012-06-28,-0.0028534656427579635
2012-06-29,0.02492673908348642
2012-07-02,0.00301234556579437
2012-07-03,0.0065933279412772085
2012-07-05,-0.004512234004316377
2012-07-06,-0.009503700548711268
2012-07-09,-0.0012546955725957329
2012-07-10,-0.00871989836837429
2012-07-11,0.0001490198239254453
2012-07-12,-0.0048451118859471915
2012-07-13,0.01677759927057854
2012-07-16,-0.0023571174855881102
2012-07-17,0.0068671632280570384
2012-07-18,0.007406701850592099
2012-07-19,0.0026207775179154964
2012-07-20,-0.009148213505041691
2012-07-23,-0.01011210096038665
2012-07-24,-0.008587059968666055
2012-07-25,0.0002238802710152588
2012-07-26,0.01649755661174275
2012-07-27,0.01843285302841299
2012-07-30,0.0
2012-07-31,-0.006994441768649606
2012-08-01,-0.0008710814963228635
2012-08-02,-0.006905133330290654
2012-08-03,0.01983359949212649
2012-08-06,0.0019370415996512458
2012-08-07,0.005013707047230421
2012-08-08,0.0012117159738313267
2012-08-09,0.0008541916922205812
2012-08-10,0.0016357745588096598
2012-08-13,-0.00049696517532804
2012-08-14,0.00014151639352778965
2012-08-15,0.0011366113163989722
2012-08-16,0.007378790260273578
2012-08-17,0.0013379707345427057
2012-08-20,7.043370634850475e-05
2012-08-21,-0.0030244585935893793
2012-08-22,0.0004234416936402098
2012-08-23,-0.008179499039030562
2012-08-24,0.006042965218583059
2012-08-27,0.00021195705127224532
2012-08-28,-0.0009890151528199264
2012-08-29,0.0007778723453554608
2012-08-30,-0.00720771115738886
2012-08-31,0.004769022943379244
2012-09-04,-0.0009212872407416055
2012-09-05,-0.0008504373218359739
2012-09-06,0.02029652656346026
2012-09-07,0.003895172247648881
2012-09-10,-0.0056814204970009954
2012-09-11,0.0027873646355090808
2012-09-12,0.0033353640262712174
2012-09-13,0.015236024634154017
2012-09-14,0.004434408975514099
2012-09-17,-0.0033957595654413187
2012-09-18,-0.000817876162730776
2012-09-19,0.0005456084142341015
2012-09-20,6.85294399748907e-05
2012-09-21,-0.00041832661378763043
2012-09-24,-0.0015079758016395106
2012-09-25,-0.01064209435809643
2012-09-26,-0.00562096558913656
2012-09-27,0.009421277531298212
2012-09-28,-0.004632138080725552
2012-10-01,0.0026396110075302447
2012-10-02,0.0010389274602597815
2012-10-03,0.004083468797870979
2012-10-04,0.007167546607871111
2012-10-05,6.829869801707441e-05
2012-10-08,-0.0034211395055299583
2012-10-09,-0.00988774715455303
2012-10-10,-0.006380226410058556
2012-10-11,0.0005588151034826739
2012-10-12,-0.003278152154079443
2012-10-15,0.00832805575296987
2012-10-16,0.010133209288298344
2012-10-17,0.004534583572109329
2012-10-18,-0.0025992825767793444
2012-10-19,-0.016664261041983583
2012-10-22,0.00013954580714566525
2012-10-23,-0.013876614486431824
2012-10-24,-0.0028282172643127705
2012-10-25,0.002907287449225638
2012-10-26,-0.0005660560064892759
2012-10-31,0.0
2012-11-01,0.010470899536976488
2012-11-02,-0.008891318162551004
2012-11-05,0.002048440545241334
2012-11-06,0.007825214828789964
2012-11-07,-0.02266410074531806
2012-11-08,-0.012023984798363323
2012-11-09,0.0008694441192792453
2012-11-12,0.0007962396036745805
2012-11-13,-0.0034712893659127326
2012-11-14,-0.013498999599614593
2012-11-15,-0.0016920996556362424
2012-11-16,0.004937163471465983
2012-11-19,0.020239330259912196
2012-11-20,0.0004313859039009123
2012-11-21,0.0018677895702725166
2012-11-23,0.0136244538933415
2012-11-26,-0.0021218194152034585
2012-11-27,-0.005104652458119075
2012-11-28,0.00805284090210065
2012-11-29,0.004665095522045849
2012-11-30,0.00021142810540148306
2012-12-03,-0.004924796836863521
2012-12-04,-0.0014135687237822943
2012-12-05,0.0017696853287716488
2012-12-06,0.0033926680669633643
2012-12-07,0.003028082207315217
2012-12-10,0.00042172269634998736
2012-12-11,0.0068083725683727205
2012-12-12,0.0004880033468496128
2012-12-13,-0.00613177165527286
2012-12-14,-0.003716341102038962
2012-12-17,0.011752428591339893
2012-12-18,0.011128625355911529
2012-12-19,-0.007429236006614174
2012-12-20,0.0057526435211590924
2012-12-21,-0.009077035196527961
2012-12-24,-0.0030818347452114103
2012-12-26,-0.004214730705729919
2012-12-27,-0.001340513084270577
2012-12-28,-0.010808098641257298
2012-12-31,0.016996073908784062
2013-01-02,0.025630548499134598
2013-01-03,-0.0022594974126588564
2013-01-04,0.004391766973455035
2013-01-07,-0.0027328029591361306
2013-01-08,-0.0028771313745940994
2013-01-09,0.002541817341832349
2013-01-10,0.007949589283980573
2013-01-11,-6.764159176053383e-05
2013-01-14,-0.0006803252988284181
2013-01-15,0.0006807884564384836
2013-01-16,-0.00013647106774072803
2013-01-17,0.006460534044092721
2013-01-18,0.0022295545803902406
2013-01-22,0.005393580620327025
2013-01-23,0.0016092194233133128
2013-01-24,0.0002681591938434415
2013-01-25,0.005621711474761859
2013-01-28,-0.0011978860592933088
2013-01-29,0.0039314912571633345
2013-01-30,-0.003916095163266732
2013-01-31,-0.0024653243767475148
2013-02-01,0.01028673136206259
2013-02-04,-0.01124009280160921
2013-02-05,0.010097637697503919
2013-02-06,0.0007281997239969385
2013-02-07,-0.001323070816400191
2013-02-08,0.005564118983020809
2013-02-11,-0.00019743995496947865
2013-02-12,0.0016473500698854634
2013-02-13,0.0008552638831184974
2013-02-14,0.0009202371272194596
2013-02-15,-0.0011817760981088546
2013-02-19,0.0074942606198714155
2013-02-20,-0.012463929671587111
2013-02-21,-0.0060784700916451054
2013-02-22,0.009772788243662792
2013-02-25,-0.019026820313045895
2013-02-26,0.006845632534403652
2013-02-27,0.012598429948473195
2013-02-28,-0.0019751875112612
2013-03-01,0.0032983037576282247
2013-03-04,0.005324442842143446
2013-03-05,0.00895935123507318
2013-03-06,0.001361334965928237
2013-03-07,0.0018118560815523492
2013-03-08,0.004263906213725826
2013-03-11,0.0037957323259625872
2013-03-12,-0.0022431994337128148
2013-03-13,0.0014135187175700024
2013-03-14,0.005323684226458063
2013-03-15,-0.0013207853603349365
2013-03-18,-0.005518344426527507
2013-03-19,-0.0023229738619191423
2013-03-20,0.006985395964893361
2013-03-21,-0.008542351729317067
2013-03-22,0.008032867422467642
2013-03-25,-0.0041772400957618225
2013-03-26,0.00800265340131024
2013-03-27,0.0
2013-03-28,0.0030734114701569996
2013-04-01,-0.003957764183008328
2013-04-02,0.0049340981493706465
2013-04-03,-0.010138843924168235
2013-04-04,0.004058410373579566
2013-04-05,-0.004491090717891661
2013-04-08,0.006766903818927976
2013-04-09,0.003457323361687485
2013-04-10,0.012248992544708504
2013-04-11,0.0032768185962506998
2013-04-12,-0.00245021952593673
2013-04-15,-0.0231734689601697
2013-04-16,0.014762842919234668
2013-04-17,-0.01461087295619796
2013-04-18,-0.006254278428142126
2013-04-19,0.008693007114371753
2013-04-22,0.004438487787544606
2013-04-23,0.010309172647636726
2013-04-24,0.000633950517463933
2013-04-25,0.004053753270000714
2013-04-26,-0.0017661941250576734
2013-04-29,0.006698084603021755
2013-04-30,0.002385568951032216
2013-05-01,-0.00876736100686334
2013-05-02,0.009286762152259816
2013-05-03,0.010141171649182516
2013-05-06,0.0025409454427569506
2013-05-07,0.005068655202006553
2013-05-08,0.004550471682147242
2013-05-09,-0.0028161341582034127
2013-05-10,0.0032539342605911806
2013-05-13,0.0007956480165832761
2013-05-14,0.010334028444199296
2013-05-15,0.005386672138487832
2013-05-16,-0.004695660545657988
2013-05-17,0.009677334799968731
2013-05-20,-6.007737690455623e-05
2013-05-21,0.0014380378353980859
2013-05-22,-0.007417663567322269
2013-05-23,-0.002893292461652751
2013-05-24,-0.0008457605974776468
2013-05-28,0.00598867343198259
2013-05-29,-0.00649430095369442
2013-05-30,0.0036918451402815264
2013-05-31,-0.014352035269163973
2013-06-03,0.0055064595954405285
2013-06-04,-0.004807255875995201
2013-06-05,-0.014000763027808776
2013-06-06,0.009053049414115475
2013-06-07,0.012720517347783034
2013-06-10,0.0
2013-06-11,-0.010315293206461091
2013-06-12,-0.008277059876588354
2013-06-13,0.015208666575931416
2013-06-14,-0.006272394108753885
2013-06-17,0.00772113836434602
2013-06-18,0.00790605883171319
2013-06-19,-0.013817179120254583
2013-06-20,-0.024778305576947535
2013-06-21,0.003210262928287446
2013-06-24,-0.01263591068976219
2013-06-25,0.009614368604985303
2013-06-26,0.009900667320483753
2013-06-27,0.005869548437264741
2013-06-28,-0.004097083724770996
2013-07-01,0.0058598984839177415
2013-07-02,-0.0009295444771013817
2013-07-03,0.0004342620190296693
2013-07-05,0.010788323635279366
2013-07-08,0.005705357897178119
2013-07-09,0.007197175953720639
2013-07-10,0.00036307481744025206
2013-07-11,0.013620814708396687
2013-07-12,0.00041787645393777926
2013-07-15,0.003820241506405256
2013-07-16,-0.0037459178627530635
2013-07-17,0.0025666401234629055
2013-07-18,0.005477798781048081
2013-07-19,0.001776750492901696
2013-07-22,0.0019505194112088
2013-07-23,-0.0021241983613005384
2013-07-24,-0.003665233234425381
2013-07-25,0.0024326686423680527
2013-07-26,0.0010655137377422446
2013-07-29,-0.003074473410700512
2013-07-30,0.0
2013-07-31,0.0007120387617020227
2013-08-01,0.011557732979282125
2013-08-02,0.001699544459490651
2013-08-05,-0.0014626656490048786
2013-08-06,-0.005682780748567488
2013-08-07,-0.003240029315246682
2013-08-08,0.003664365374402549
2013-08-09,-0.0028853794149231544
2013-08-12,-0.0011815346204741123
2013-08-13,0.00295682314039817
2013-08-14,-0.005128847633872956
2013-08-15,-0.013986530208228294
2013-08-16,-0.003305723534749766
2013-08-19,-0.006392155256822716
2013-08-20,0.004916214802871537
2013-08-21,-0.006160566659232129
2013-08-22,0.009115617696757278
2013-08-23,0.0033721710424518382
2013-08-26,-0.0037210092542102344
2013-08-27,-0.016084162383758177
2013-08-28,0.0035510496823442698
2013-08-29,0.0015857716735512232
2013-08-30,-0.0031671029368294436
2013-09-03,0.004521722791303587
2013-09-04,0.008272854989015208
2013-09-05,0.0012671022843863192
2013-09-06,0.0004820619285212733
2013-09-09,0.009575933608147034
2013-09-10,0.007397293913872307
2013-09-11,0.0031388242066411995
2013-09-12,-0.002656617643332866
2013-09-13,0.002249100783086762
2013-09-16,0.005787112530392452
2013-09-17,0.004462507633148316
2013-09-18,0.011574590828775093
2013-09-19,-0.0016759615807523242
2013-09-20,-0.006991363097178931
2013-09-23,-0.004627563787870617
2013-09-24,-0.002353974700580942
2013-09-25,-0.002890064672055482
2013-09-26,0.00384467408874284
2013-09-27,-0.004596140383142586
2013-09-30,-0.005328088971634661
2013-10-01,0.007915911909436364
2013-10-02,-0.0009451170707581159
2013-10-03,-0.009220663415153032
2013-10-04,0.007576573494325752
2013-10-07,-0.00864460155816386
2013-10-08,-0.01164629547576795
2013-10-09,0.0007245402564936748
2013-10-10,0.02155860996326274
2013-10-11,0.0064428125206191095
2013-10-14,0.003993733116944801
2013-10-15,-0.007253962077417647
2013-10-16,0.01396613767290997
2013-10-17,0.006683286994552977
2013-10-18,0.006754095514928139
2013-10-21,5.747493662789539e-05
2013-10-22,0.005791246700143167
2013-10-23,-0.004788781718779795
2013-10-24,0.0033227143344306104
2013-10-25,0.0045674205551482815
2013-10-28,0.0015910376258227337
2013-10-29,0.005334494671806803
2013-10-30,-0.004967179052881241
2013-10-31,-0.0028366358143173493
2013-11-01,0.0023896474025529454
2013-11-04,0.0035186675645578324
2013-11-05,-0.003167205090458525
2013-11-06,0.00510615842725065
2013-11-07,-0.012643436282018423
2013-11-08,0.013491064954310671
2013-11-11,0.0001690689845357022
2013-11-12,-0.002029876580163799
2013-11-13,0.00802402831752539
2013-11-14,0.004989038290797049
2013-11-15,0.004351586595143717
2013-11-18,-0.003498764388451094
2013-11-19,-0.002174660099589572
2013-11-20,-0.003127651484385918
2013-11-21,0.008068677251952632
2013-11-22,0.0050029549246581265
2013-11-25,-0.0009957149819408548
2013-11-26,0.00027681646353831135
2013-11-27,0.002435079603158827
2013-11-29,-0.0006623945710476347
2013-12-02,-0.0025970073271433204
2013-12-03,-0.004320267623996865
2013-12-04,-0.0001114165179264953
2013-12-05,-0.004395792190004181
2013-12-06,0.0111773454247526
2013-12-09,0.0025424742384852167
2013-12-10,-0.0035835474943527
2013-12-11,-0.011230721566115117
2013-12-12,-0.003301108955502105
2013-12-13,-0.00011221662903377752
2013-12-16,0.0062317594206201
2013-12-17,-0.003180365579983504
2013-12-18,0.017072206890916368
2013-12-19,-0.0011556992941897223
2013-12-20,0.005816770272090799
2013-12-23,0.00534283447882562
2013-12-24,0.0021908179695068757
2013-12-26,0.0050845295424553
2013-12-27,-5.4220217260821326e-05
2013-12-30,-0.00016359373011881753
2013-12-31,0.004733285236644747
2014-01-02,-0.009583698756914083
2014-01-03,-0.0001645287052530176
2014-01-06,-0.0028974824720737796
2014-01-07,0.006141665401820426
2014-01-08,0.00021815327490255648
2014-01-09,0.0006540084431594955
2014-01-10,0.002722483052594404
2014-01-13,-0.013305075057200964
2014-01-14,0.010897283753355975
2014-01-15,0.0053905233121964045
2014-01-16,-0.0013002486494212886
2014-01-17,-0.004228724820121789
2014-01-21,0.00293962369485571
2014-01-22,0.0006520753906173517
2014-01-23,-0.00819342124997234
2014-01-24,-0.021335574884967436
2014-01-27,-0.004919348957253169
2014-01-28,0.005953933409070492
2014-01-29,-0.009604342139835324
2014-01-30,0.01060089329961414
2014-01-31,-0.005858835531024323
2014-02-03,-0.0225056624166532
2014-02-04,0.00700511250392148
2014-02-05,-0.0012545407669233555
2014-02-06,0.01318728435757568
2014-02-07,0.01239575964213337
2014-02-10,0.0018365663963200581
2014-02-11,0.010943712863758174
2014-02-12,0.0004946833471511976
2014-02-13,0.00516298590818434
2014-02-14,0.005518596065529459
2014-02-18,0.0011955015407010717
2014-02-19,-0.006621822963256809
2014-02-20,0.005901023895010013
2014-02-21,-0.0011406274004504668
2014-02-24,0.005547118110585471
2014-02-25,-0.0003789178714148177
2014-02-26,5.4034905936362614e-05
2014-02-27,0.005247639624423561
2014-02-28,0.002529193119115323
2014-03-03,-0.007032192716438192
2014-03-04,0.014056001292590336
2014-03-05,0.0009059804472892201
2014-03-06,0.002290404736721113
2014-03-07,0.0004252087164776906
2014-03-10,-0.0005314354232247811
2014-03-11,-0.004942398554899055
2014-03-12,0.00026722992684757223
2014-03-13,-0.011213298970360929
2014-03-14,-0.0028079184932835793
2014-03-17,0.00904356318638932
2014-03-18,0.007137785648979465
2014-03-19,-0.005328729937403219
2014-03-20,0.005839254366999397
2014-03-21,-0.003878382485121319
2014-03-24,-0.004135569970179275
2014-03-25,0.004746181330706827
2014-03-26,-0.007192539566383332
2014-03-27,-0.0021086182823678596
2014-03-28,0.004930471933766655
2014-03-31,0.008194262567039038
2014-04-01,0.00663056985709672
2014-04-02,0.0033467198131684377
2014-04-03,-0.001323235501883043
2014-04-04,-0.011822056877654388
2014-04-07,-0.011051343411821297
2014-04-08,0.00412263884372365
2014-04-09,0.010750672386709795
2014-04-10,-0.02100579189488383
2014-04-11,-0.009008594793451348
2014-04-14,0.007878187594319321
2014-04-15,0.006887722074372438
2014-04-16,0.010477662715432346
2014-04-17,0.0013965132010288225
2014-04-21,0.0034877252403074255
2014-04-22,0.004544323916618887
2014-04-23,-0.0023418697661091586
2014-04-24,0.0020270709336439622
2014-04-25,-0.008198663802843767
2014-04-28,0.0031673059837149476
2014-04-29,0.004654835830960166
2014-04-30,0.002983285610975832
2014-05-01,0.00010621117776816376
2014-05-02,-0.0014337984369850328
2014-05-05,0.0019142429934118496
2014-05-06,-0.008704233636763056
2014-05-07,0.005889569440782257
2014-05-08,-0.0010648429634270516
2014-05-09,0.0014918484678581021
2014-05-12,0.00973632466669927
2014-05-13,0.0008958542894236304
2014-05-14,-0.004737791192624491
2014-05-15,-0.008780458704422244
2014-05-16,0.0034686264840966784
2014-05-19,0.0036691528861017217
2014-05-20,-0.006304970295747786
2014-05-21,0.008424787197875507
2014-05-22,0.0024319674764975573
2014-05-23,0.004008677486424077
2014-05-27,0.006146370723129798
2014-05-28,-0.0007309191767496446
2014-05-29,0.005173216159285043
2014-05-30,0.001610844417639924
2014-06-02,0.0011424113836074991
2014-06-03,-0.0005183221369645053
2014-06-04,0.002022397395482087
2014-06-05,0.006522283593234152
2014-06-06,0.004782774548659789
2014-06-09,0.0010234860118286814
2014-06-10,0.00010245540234553671
2014-06-11,-0.0034764957653062156
2014-06-12,-0.0070800502014674305
2014-06-13,0.0030487562065353133
2014-06-16,0.0008241190031326399
2014-06-17,0.002779244348558612
2014-06-18,0.007339481229863607
2014-06-19,0.0011211891922955357
2014-06-20,0.0020303459318361723
2014-06-23,-0.00030648405690941093
2014-06-24,-0.006024114796563041
2014-06-25,0.004519981709068299
2014-06-26,-0.0007158719251177306
2014-06-27,0.001944500282380419
2014-06-30,-0.0005107376232109136
2014-07-01,0.006693164165328792
2014-07-02,0.0010151073534657737
2014-07-03,0.004918150031937148
2014-07-07,-0.0034814513888049873
2014-07-08,-0.006430091532617233
2014-07-09,0.004484510559062818
2014-07-10,-0.0039573099858655975
2014-07-11,0.0013752255120197169
2014-07-14,0.005035568501801095
2014-07-15,-0.0018724981916920082
2014-07-16,0.0037011806026265672
2014-07-17,-0.011365953850844135
2014-07-18,0.010219348740676617
2014-07-21,-0.0018714563635950736
2014-07-22,0.004357981286750618
2014-07-23,0.0022199396815232755
2014-07-24,4.991546862478457e-05
2014-07-25,-0.00468155473461788
2014-07-28,0.00040506132690937545
2014-07-29,-0.004297529634539737
2014-07-30,0.0001526461886469421
2014-07-31,-0.01974856637053837
2014-08-01,-0.0030553372095310245
2014-08-04,0.0072203906256985105
2014-08-05,-0.009696118619334306
2014-08-06,0.0003124648939796969
2014-08-07,-0.005414755969750924
2014-08-08,0.0115691956101398
2014-08-11,0.002898162634981276
2014-08-12,-0.0013933455922775795
2014-08-13,0.006768904778775434
2014-08-14,0.004721921475803537
2014-08-15,-0.0002043194547097928
2014-08-18,0.008379383108255619
2014-08-19,0.005218714915505257
2014-08-20,0.0026713911630881996
2014-08-21,0.0029156630222603092
2014-08-22,-0.0015537441304406129
2014-08-25,0.00507046401879003
2014-08-26,0.0006493581735962687
2014-08-27,-0.00039950374873287366
2014-08-28,-0.00054914014910491
2014-08-29,0.002847881157536986
2014-09-02,-0.0004981080469429551
2014-09-03,-0.000548247863614508
2014-09-04,-0.0014463432410162453
2014-09-05,0.004495288300962672
2014-09-08,-0.0025858652760284207
2014-09-09,-0.006331174009170894
2014-09-10,0.0037629884202600677
2014-09-11,0.0011493876696099545
2014-09-12,-0.005841398857274364
2014-09-15,-0.0007528085876360138
2014-09-16,0.007537988216951528
2014-09-17,0.0013470131767469786
2014-09-18,0.005330295579884215
2014-09-19,-0.0009016554141269854
2014-09-22,-0.007722712346987551
2014-09-23,-0.005724466200048602
2014-09-24,0.007828190022934528
2014-09-25,-0.016135499227348422
2014-09-26,0.00794494192800558
2014-09-29,-0.001819090409630782
2014-09-30,-0.002632133120347012
2014-10-01,-0.013551805226611804
2014-10-02,0.0001545434085415845
2014-10-03,0.011009779850385246
2014-10-06,-0.0011711489169857242
2014-10-07,-0.015436120833906075
2014-10-08,0.017489539353872336
2014-10-09,-0.0198330918443712
2014-10-10,-0.01141454841191034
2014-10-13,-0.016427416365496553
2014-10-14,0.001547718146585412
2014-10-15,-0.006766023771062724
2014-10-16,-0.0008580815430165936
2014-10-17,0.011810328574293347
2014-10-20,0.009710198766576231
2014-10-21,0.01981095141628899
2014-10-22,-0.007111287743244852
2014-10-23,0.011624994395078183
2014-10-24,0.007694817824099017
2014-10-27,-0.0013739826423542331
2014-10-28,0.011470038830870513
2014-10-29,-0.001512120993705252
2014-10-30,0.006410680582604576
2014-10-31,0.011435163445133444
2014-11-03,0.0005455335868814869
2014-11-04,-0.0034690049680352083
2014-11-05,0.006316028502466595
2014-11-06,0.004003208456543193
2014-11-07,0.0009353989043229453
2014-11-10,0.003147439067933127
2014-11-11,0.0009807967768812396
2014-11-12,-0.0010777828534761598
2014-11-13,0.0011275156265905617
2014-11-14,0.0002452206370173729
2014-11-17,0.0006361044768553518
2014-11-18,0.0057738735365891105
2014-11-19,-0.001605265706351788
2014-11-20,0.0017539321243693034
2014-11-21,0.005350950759314912
2014-11-24,0.0028061985933059007
2014-11-25,-0.0007238665922046297
2014-11-26,0.00255914907933479
2014-11-28,-0.0021191990501941947
2014-12-01,-0.006949856568721197
2014-12-02,0.006463922406143668
2014-12-03,0.003862922320832149
2014-12-04,-0.0011061116587877074
2014-12-05,0.0016372869941987905
2014-12-08,-0.0066824860764008375
2014-12-09,-0.000677836320508699
2014-12-10,-0.016031272507282146
2014-12-11,0.0050697862079597655
2014-12-12,-0.016161672351851945
2014-12-15,-0.006869036888839618
2014-12-16,-0.008019651482793192
2014-12-17,0.019604679207491715
2014-12-18,0.024728823142221554
2014-12-19,0.0042547646601307715
2014-12-22,0.004600171718462425
2014-12-23,0.0013495159808613124
2014-12-24,9.635959511142191e-05
2014-12-26,0.0032245712723125396
2014-12-29,0.001343413719007354
2014-12-30,-0.005366179344366293
2014-12-31,-0.00992311173997756
2015-01-02,-0.0005350005986997269
2015-01-05,-0.018059490053064446
2015-01-06,-0.009418716748040146
2015-01-07,0.012461049085080392
2015-01-08,0.017744932556129998
2015-01-09,-0.008013403250457324
2015-01-12,-0.007833517689085535
2015-01-13,-0.002812665373968256
2015-01-14,-0.006037725405513194
2015-01-15,-0.00916051197745377
2015-01-16,0.013114290071656416
2015-01-20,0.002132639132660624
2015-01-21,0.005048419330779246
2015-01-22,0.014870663752749124
2015-01-23,-0.00548282609404709
2015-01-26,0.002341737562224003
2015-01-27,-0.01319041055341009
2015-01-28,-0.012824425305441
2015-01-29,0.009243893499850428
2015-01-30,-0.012575176289188899
2015-02-02,0.012383799743737349
2015-02-03,0.014461402387620354
2015-02-04,-0.003807975892794101
2015-02-05,0.010095165355977093
2015-02-06,-0.00276522554134739
2015-02-09,-0.004476017960290094
2015-02-10,0.010653112657145991
2015-02-11,0.0005802483462922131
2015-02-12,0.009616961061424836
2015-02-13,0.004116801797054365
2015-02-17,0.0015726494760733498
2015-02-18,9.518914082281493e-05
2015-02-19,-0.0007137624756409498
2015-02-20,0.006000892686033362
2015-02-23,-0.0001421951850711537
2015-02-24,0.00284088866567753
2015-02-25,-0.0008500883268263063
2015-02-26,-0.0011810556469108269
2015-02-27,-0.0034064820667550635
2015-03-02,0.006313550873928358
2015-03-03,-0.004103831174231386
2015-03-04,-0.004215826603583356
2015-03-05,0.001094138357014853
2015-03-06,-0.014064034764389097
2015-03-09,0.004144347932096487
2015-03-10,-0.01622198466031056
2015-03-11,-0.0023418943505886854
2015-03-12,0.012714147875172227
2015-03-13,-0.006132360263020848
2015-03-16,0.013360575294951306
2015-03-17,-0.0029726858627842937
2015-03-18,0.012021657148927762
2015-03-19,-0.004561479798953482
2015-03-20,0.008827008263933903
2015-03-23,-0.0019486097656375957
2015-03-24,-0.005619062108967348
2015-03-25,-0.014653588320991048
2015-03-26,-0.0023814270552442156
2015-03-27,0.002289482526293213
2015-03-30,0.012199886589372521
2015-03-31,-0.008739426848986756
2015-04-01,-0.0035364331565727043
2015-04-02,0.0035974724301034715
2015-04-06,0.006733428498146358
2015-04-07,-0.0026460121355690014
2015-04-08,0.0033765943830753133
2015-04-09,0.004423298467469223
2015-04-10,0.005456961867016649
2015-04-13,-0.004522553474911388
2015-04-14,0.0019126799695445482
2015-04-15,0.004487255702730134
2015-04-16,-0.000285004996129697
2015-04-17,-0.011503357146901007
2015-04-20,0.009136630730109487
2015-04-21,-0.0011914910216029569
2015-04-22,0.0049143204458864005
2015-04-23,0.002515955582145153
2015-04-24,0.0023207896953829285
2015-04-27,-0.004157661883569788
2015-04-28,0.0031788934490757747
2015-04-29,-0.004115054101530245
2015-04-30,-0.010020113071675451
2015-05-01,0.010841441006726462
2015-05-04,0.002847089233818811
2015-05-05,-0.011451819207093563
2015-05-06,-0.0041168149212499295
2015-05-07,0.003989649244075787
2015-05-08,0.013166043205092673
2015-05-11,-0.0047725371722719435
2015-05-12,-0.0029915263139465667
2015-05-13,0.00019052759989836188
2015-05-14,0.010427687217840239
2015-05-15,0.0010838039808228814
2015-05-18,0.003106607483437921
2015-05-19,-0.0003284118845651259
2015-05-20,-0.0007038596746304153
2015-05-21,0.002912080626830443
2015-05-22,-0.0023885284316055334
2015-05-26,-0.010751952878169001
2015-05-27,0.009492777603456909
2015-05-28,-0.0011289796641508695
2015-05-29,-0.006212718374729617
2015-06-01,0.0020367006026538142
2015-06-02,-0.000992795976810419
2015-06-03,0.002649621720617731
2015-06-04,-0.008446796223705385
2015-06-05,-0.0017133490226549346
2015-06-08,-0.006149305420365717
2015-06-09,-0.00014370273395998928
2015-06-10,0.011992987006255992
2015-06-11,0.0032236387238323517
2015-06-12,-0.007654637316180506
2015-06-15,-0.004285554887487614
2015-06-16,0.005451656815584929
2015-06-17,0.0016169660070602838
2015-06-18,0.010399199335627865
2015-06-19,-0.004438928408318683
2015-06-22,0.00512320727779853
2015-06-23,0.0007076843629031043
2015-06-24,-0.0072627172180719625
2015-06-25,-0.003040223143192061
2015-06-26,-0.00019058792879005516
2015-06-29,-0.020970417388430158
2015-06-30,0.002093193370303913
2015-07-01,0.008015614641569678
2015-07-02,-0.000915500635341879
2015-07-06,-0.0028461927525631
2015-07-07,0.00628863833739603
2015-07-08,-0.016776944787440465
2015-07-09,0.0018087004384638632
2015-07-10,0.012591572344637054
2015-07-13,0.011037206479193476
2015-07-14,0.004337736258813336
2015-07-15,-0.0003319696336612332
2015-07-16,0.008024189213746017
2015-07-17,0.0008478753036505824
2015-07-20,0.0005178269951838721
2015-07-21,-0.003951468380528839
2015-07-22,-0.0017946853296149767
2015-07-23,-0.005629574745590198
2015-07-24,-0.010372101996118972
2015-07-27,-0.0058171053664534695
2015-07-28,0.012283068650218144
2015-07-29,0.0068786239842151264
2015-07-30,0.00023746755821458867
2015-07-31,-0.001517934682858086
2015-08-03,-0.0033729994959545186
2015-08-04,-0.001954440922151893
2015-08-05,0.0032955302623771
2015-08-06,-0.008187614505945249
2015-08-07,-0.0019201325256888724
2015-08-10,0.012599409467749857
2015-08-11,-0.009023100664233624
2015-08-12,0.0011980556785517963
2015-08-13,-0.0012443956092594273
2015-08-14,0.0036423478864288073
2015-08-17,0.005586672446546913
2015-08-18,-0.0028967398368855545
2015-08-19,-0.00790523089601966
2015-08-20,-0.0208812426388364
2015-08-21,-0.03010292104349453
2015-08-24,-0.042106364347442055
2015-08-25,-0.011768120735256786
2015-08-26,0.03839362149670512
2015-08-27,0.02473516402946376
2015-08-28,5.045536426609312e-05
2015-08-31,-0.008079263955981573
2015-09-01,-0.029847652827732704
2015-09-02,0.01898136525688499
2015-09-03,0.000716384636769986
2015-09-04,-0.015137076313903873
2015-09-08,0.025131187519630616
2015-09-09,-0.013371590715522146
2015-09-10,0.00544169631276897
2015-09-11,0.004543834740213387
2015-09-14,-0.0037103704607249263
2015-09-15,0.012499577615779843
2015-09-16,0.008666684724763632
2015-09-17,-0.002247796334712593
2015-09-18,-0.016341757208992225
2015-09-21,0.005167878783690575
2015-09-22,-0.012979671022736722
2015-09-23,-0.0015987548067360996
2015-09-24,-0.0036163224947364492
2015-09-25,-0.0002589759238495347
2015-09-28,-0.02509707487724797
2015-09-29,0.0005851091611571395
2015-09-30,0.01865840457280621
2015-10-01,0.00260901659447708
2015-10-02,0.014937822327494377
2015-10-05,0.01779492471082803
2015-10-06,-0.0034264256525962317
2015-10-07,0.008190863735624462
2015-10-08,0.009026359551071905
2015-10-09,0.0005965254028111259
2015-10-12,0.0009438448145423359
2015-10-13,-0.006302336437509295
2015-10-14,-0.0047938050410514105
2015-10-15,0.015354280552474944
2015-10-16,0.004546603793854702
2015-10-19,0.0004917973022893134
2015-10-20,-0.0012782957444858855
2015-10-21,-0.006203486432704142
2015-10-22,0.016893807921652997
2015-10-23,0.01096158177712058
2015-10-26,-0.002457647557806745
2015-10-27,-0.0019322707108267913
2015-10-28,0.011374443674951832
2015-10-29,-0.0005741666416256751
2015-10-30,-0.004309554061186805
2015-11-02,0.011830478468429117
2015-11-03,0.0028995932865605503
2015-11-04,-0.0030330758640066463
2015-11-05,-0.0009987723369129546
2015-11-06,-0.0005231187570774763
2015-11-09,-0.009331473115845463
2015-11-10,0.0023069705949843827
2015-11-11,-0.003931989163466221
2015-11-12,-0.013959545065840023
2015-11-13,-0.01122847124151086
2015-11-16,0.015207304293066402
2015-11-17,-0.0007299303765545972
2015-11-18,0.01586641835228633
2015-11-19,-0.0008629881109811979
2015-11-20,0.003644414508762401
2015-11-23,-0.0011466198868309106
2015-11-24,0.0013391278688581838
2015-11-25,-0.0001430712577689829
2015-11-27,0.0011465649962574668
2015-11-30,-0.004151527215910857
2015-12-01,0.009535710899719529
2015-12-02,-0.010205168990217176
2015-12-03,-0.014002591710988777
2015-12-04,0.019502779738882887
2015-12-07,-0.006058894150812688
2015-12-08,-0.0067191297080513215
2015-12-09,-0.0077798114906078245
2015-12-10,0.00258113008840535
2015-12-11,-0.019380894782044283
2015-12-14,0.005052190447327705
2015-12-15,0.010497975563915355
2015-12-16,0.014632076245185113
2015-12-17,-0.015238263361951615
2015-12-18,-0.017814798266008482
2015-12-21,0.008249012483371305
2015-12-22,0.009074026606504247
2015-12-23,0.012383492112856161
2015-12-24,-0.0016503522025451303
2015-12-28,-0.002284883643484756
2015-12-29,0.010671971986327737
2015-12-30,-0.007087901296563043
2015-12-31,-0.010003360474998824
2016-01-04,-0.013979999380565345
2016-01-05,0.0016918537207242694
2016-01-06,-0.01261430730431379
2016-01-07,-0.023991565403259765
2016-01-08,-0.010976421978725615
2016-01-11,0.0009897478048095183
2016-01-12,0.008068447118605361
2016-01-13,-0.024940742536145435
2016-01-14,0.01641709757283895
2016-01-15,-0.02146645398612005
2016-01-19,0.0013311858915742859
2016-01-20,-0.012815035649849971
2016-01-21,0.005602002995345135
2016-01-22,0.02051540475226682
2016-01-25,-0.015116451158168894
2016-01-26,0.013642822573587822
2016-01-27,-0.010883037798768879
2016-01-28,0.005209402269939123
2016-01-29,0.02437689576490414
2016-02-01,-0.00036116217792782075
2016-02-02,-0.018022282462651747
2016-02-03,0.005994977310112934
2016-02-04,0.001568204171950448
2016-02-05,-0.01905044828483559
2016-02-08,-0.013460460765342151
2016-02-09,5.35266791353494e-05
2016-02-10,-0.0008626434110423444
2016-02-11,-0.013008114634763089
2016-02-12,0.02061676451405715
2016-02-16,0.016878369361825577
2016-02-17,0.01633472587971734
2016-02-18,-0.00409582037240734
2016-02-19,-0.0004684130978465749
2016-02-22,0.0144795097265601
2016-02-23,-0.012629540375610033
2016-02-24,0.00457531404102329
2016-02-25,0.012111772863734714
2016-02-26,-0.002301485401300349
2016-02-29,-0.00784243151369726
2016-03-01,0.023506849145566385
2016-03-02,0.0044927029982065455
2016-03-03,0.003919436509997403
2016-03-04,0.0032533091869814956
2016-03-07,0.0007984461260697549
2016-03-08,-0.01091786401352621
2016-03-09,0.00493974343403896
2016-03-10,0.0008021957321184975
2016-03-11,0.016137170541595948
2016-03-14,-0.0012820728505883558
2016-03-15,-0.0016295799174681882
2016-03-16,0.005787105386490005
2016-03-17,0.006344161244382895
2016-03-18,0.0039296190491559715
2016-03-21,0.001418975158307673
2016-03-22,-0.000537381104540866
2016-03-23,-0.0065994960038311965
2016-03-24,-0.0004429958422170863
2016-03-28,0.0005907155371872182
2016-03-29,0.009249938405389702
2016-03-30,0.0043879179614842515
2016-03-31,-0.0024272089226520135
2016-04-01,0.0068124046861038874
2016-04-04,-0.003238079070090829
2016-04-05,-0.00998796501022112
2016-04-06,0.010921141151707121
2016-04-07,-0.011965877141303304
2016-04-08,0.0026968339152133826
2016-04-11,-0.0023471820398513394
2016-04-12,0.009312695551786612
2016-04-13,0.010101013642872872
2016-04-14,4.825217768326368e-05
2016-04-15,-0.0011061017662221896
2016-04-18,0.007026910659612535
2016-04-19,0.0031542105458400947
2016-04-20,0.0009528681158288594
2016-04-21,-0.005378322026075484
2016-04-22,0.0
2016-04-25,-0.0017227955900095478
2016-04-26,0.001485732511556827
2016-04-27,0.002058276831235211
2016-04-28,-0.009075254572483694
2016-04-29,-0.005398905182848039
2016-05-02,0.007948271451522989
2016-05-03,-0.00870304878816193
2016-05-04,-0.00557838608735975
2016-05-05,-0.000195207321269515
2016-05-06,0.0036592006350716637
2016-05-09,0.0008263948659977648
2016-05-10,0.012433820475653536
2016-05-11,-0.009355002015115356
2016-05-12,0.0002907419663300523
2016-05-13,-0.008713956093595198
2016-05-16,0.009865022631403235
2016-05-17,-0.009333481504618291
2016-05-18,0.0002927312246228376
2016-05-19,-0.0034650573099019558
2016-05-20,0.006317293009491807
2016-05-23,-0.0013622054956431299
2016-05-24,0.01296207908384747
2016-05-25,0.006783149874856651
2016-05-26,0.0002866210338609587
2016-05-27,0.0042993770214767935
2016-05-31,-0.0019027398646969161
2016-06-01,0.0020494242962071888
2016-06-02,0.003043554254640405
2016-06-03,-0.0029873318267152403
2016-06-06,0.0050887188633698
2016-06-07,0.0015612749159149258
2016-06-08,0.003259751711058392
2016-06-09,-0.0013655890928309887
2016-06-10,-0.009477632647363735
2016-06-13,-0.007711556524876672
2016-06-14,-0.0019667941549704245
2016-06-15,-0.0013941848573893272
2016-06-16,0.002984287179729577
2016-06-17,-0.003723980992597259
2016-06-20,0.006439916158745355
2016-06-21,0.0028385140058643384
2016-06-22,-0.0016309676218767284
2016-06-23,0.013022716295736153
2016-06-24,-0.03590909090909091
2016-06-27,-0.017909980653237737
2016-06-28,0.01803596721066937
2016-06-29,0.017027374842096092
2016-06-30,0.01364569540509648
2016-07-01,0.0021004473673427154
2016-07-05,-0.00719303834610419
2016-07-06,0.0059979913062299835
2016-07-07,-0.000620291178829039
2016-07-08,0.014890228935405796
2016-07-11,0.003527039879043965
2016-07-12,0.007263394792611961
2016-07-13,-0.00013976914114577945
2016-07-14,0.005583776491855617
2016-07-15,-0.0013417652605440913
2016-07-18,0.0026870528234897093
2016-07-19,-0.0010163439019656314
2016-07-20,0.004162627293720773
2016-07-21,-0.0037770173375518573
2016-07-22,0.004485253308826094
2016-07-25,-0.0027160693647925757
2016-07-26,0.000461440117555745
2016-07-27,-0.001060814479173148
2016-07-28,0.0011546659343774537
2016-07-29,0.0016146016320482766
2016-08-01,-0.0008291579749820087
2016-08-02,-0.0064074876036314225
2016-08-03,0.0029229832040727982
2016-08-04,0.0010637773832754358
2016-08-05,0.00817887984596183
2016-08-08,-0.0005957396303401847
2016-08-09,0.0005960947476047705
2016-08-10,-0.0024750602962088555
2016-08-11,0.004640773257581233
2016-08-12,-0.0008688563258719608
2016-08-15,0.002883800402081446
2016-08-16,-0.005157832865953311
2016-08-17,0.0018810528029507589
2016-08-18,0.002244045175964868
2016-08-19,-0.0014620752738611644
2016-08-22,-4.601610629457605e-05
2016-08-23,0.002013461645289558
2016-08-24,-0.00511465282508176
2016-08-25,-0.0006887184050946863
2016-08-26,-0.001883299445601715
2016-08-29,0.004924363072458757
2016-08-30,-0.0016485703056516453
2016-08-31,-0.0028437554805227625
2016-09-01,4.5765989244662084e-05
2016-09-02,0.004507826245560634
2016-09-06,0.003022651879498853
2016-09-07,-9.149836692632472e-05
2016-09-08,-0.0022829127644768215
2016-09-09,-0.02393461988476149
2016-09-12,0.014347281178471036
2016-09-13,-0.014375606367783103
2016-09-14,-0.00037544343887325197
2016-09-15,0.009993427693379865
2016-09-16,-0.003865994645698349
2016-09-19,0.00018757685207856925
2016-09-20,4.663424651616224e-05
2016-09-21,0.011245612964352251
2016-09-22,0.0063014052695060715
2016-09-23,-0.005479305770864632
2016-09-26,-0.008102060767978838
2016-09-27,0.006207932719873666
2016-09-28,0.004963737373394113
2016-09-29,-0.009047580873166608
2016-09-30,0.007546345062141867
2016-10-03,-0.002404062595667285
2016-10-04,-0.005098017621601346
2016-10-05,0.00442526929474008
2016-10-06,0.0006957922178992196
2016-10-07,-0.003429509247386797
2016-10-10,0.005208455370803635
2016-10-11,-0.012629605924917856
2016-10-12,0.0013117478577673197
2016-10-13,-0.0032751989833455955
2016-10-14,0.0005162047526067334
2016-10-17,-0.0034719788594357037
2016-10-18,0.00626204794114131
2016-10-19,0.0026672128954584977
2016-10-20,-0.0018665518412781374
2016-10-21,0.0004674897080837542
2016-10-24,0.004252953407393657
2016-10-25,-0.003350504363321855
2016-10-26,-0.0020079172072030734
2016-10-27,-0.0026670050579804426
2016-10-28,-0.00295517953949926
2016-10-31,4.690920068487433e-05
2016-11-01,-0.007245450294173302
2016-11-02,-0.006018279229730709
2016-11-03,-0.004577116174021907
2016-11-04,-0.0011020219711190995
2016-11-07,0.022057044511964007
2016-11-08,0.004503892800494373
2016-11-09,0.010602271332325866
2016-11-10,0.002495409668316951
2016-11-11,-0.0023044439187457208
2016-11-14,0.000785223239602727
2016-11-15,0.007802596768352391
2016-11-16,-0.0018782681526153039
2016-11-17,0.005140882200185392
2016-11-18,-0.002237540767765967
2016-11-21,0.007551135675530295
2016-11-22,0.0019535385709431143
2016-11-23,0.0005440126571235485
2016-11-25,0.0037151827106455568
2016-11-28,-0.00469506667536706
2016-11-29,0.0019505339595831275
2016-11-30,-0.0023991878850515382
2016-12-01,-0.0036754189846299333
2016-12-02,0.0005009451311282471
2016-12-05,0.006008657066446999
2016-12-06,0.003167808558354434
2016-12-07,0.01308068957207798
2016-12-08,0.002448551306294445
2016-12-09,0.0060403605440141625
2016-12-12,-0.001147731231163009
2016-12-13,0.0066740458580734465
2016-12-14,-0.008254475806151103
2016-12-15,0.004117411242149534
2016-12-16,-0.001956282255457234
2016-12-19,0.0021778110800391155
2016-12-20,0.0038575274554857966
2016-12-21,-0.0027825044218792957
2016-12-22,-0.0017273464473192377
2016-12-23,0.0014642632751516122
2016-12-27,0.0024809412167637493
2016-12-28,-0.008264541312736705
2016-12-29,-0.0002229061564289864
2016-12-30,-0.0036548608532986104
2017-01-03,0.007649946071011124
2017-01-04,0.005949256053176203
2017-01-05,-0.000794615928317741
2017-01-06,0.0035778307245605424
2017-01-09,-0.003300599140948303
2017-01-10,0.0
2017-01-11,0.0028258476385970926
2017-01-12,-0.0025098704572392816
2017-01-13,0.002295453952012827
2017-01-17,-0.0035234641133247697
2017-01-18,0.002209814364445
2017-01-19,-0.0037044621185866565
2017-01-20,0.003674047286994382
2017-01-23,-0.0026019882405235503
2017-01-24,0.0064118212579055015
2017-01-25,0.008655321712102754
2017-01-26,-0.0010454825127729614
2017-01-27,-0.0015698650356015772
2017-01-30,-0.006201826538145143
2017-01-31,-8.774085410881676e-05
2017-02-01,0.0003954930344511437
2017-02-02,0.0006591806058093735
2017-02-03,0.006893012242762739
2017-02-06,-0.0017879010588380084
2017-02-07,4.3838737071937037e-05
2017-02-08,0.0013104492226142105
2017-02-09,0.005932463426729481
2017-02-10,0.003946338059870151
2017-02-13,0.005442327608602947
2017-02-14,0.003995398160882139
2017-02-15,0.005220388756041321
2017-02-16,-0.0008510917580655234
2017-02-17,0.0015760425787283443
2017-02-21,0.0059553744725323945
2017-02-22,-0.0008880289595234402
2017-02-23,0.0006770445075196596
2017-02-24,0.001269106654993059
2017-02-27,0.0015625948438271764
2017-02-28,-0.0026989981089483384
2017-03-01,0.0139973103734807
2017-03-02,-0.006297221195394908
2017-03-03,0.0006294932653762899
2017-03-06,-0.002978079641149338
2017-03-07,-0.0029869003660395136
2017-03-08,-0.0018564038738574729
2017-03-09,0.001268012315044932
2017-03-10,0.0035044220737044532
2017-03-13,0.0005047338037356728
2017-03-14,-0.0038266172146609687
2017-03-15,0.008653627989971232
2017-03-16,-0.0019669577853393405
2017-03-17,-0.0017560983021776156
2017-03-20,-0.0010970579551475431
2017-03-21,-0.01283958341456579
2017-03-22,0.002352973936288706
2017-03-23,-0.001066906263229698
2017-03-24,-0.0007260867288228545
2017-03-27,-0.0010265469084065903
2017-03-28,0.007276637987335834
2017-03-29,0.0009351008307305909
2017-03-30,0.003184046444353823
2017-03-31,-0.002327481496761615
2017-04-03,-0.001739255298940647
2017-04-04,0.0006374527143032681
2017-04-05,-0.002972683978382474
2017-04-06,0.0028109255398894176
2017-04-07,-0.001019207647182283
2017-04-10,0.0005953198251803518
2017-04-11,-0.0011898561103015327
2017-04-12,-0.0043818973369434445
2017-04-13,-0.006494879040586117
2017-04-17,0.008860061909378332
2017-04-18,-0.002984065206401362
2017-04-19,-0.001838842361162524
2017-04-20,0.00813911669484131
2017-04-21,-0.0031869025497099157
2017-04-24,0.010997912885197227
2017-04-25,0.005818738575328504
2017-04-26,-0.0006289222846152471
2017-04-27,0.0008390413118422039
2017-04-28,-0.0021794561996237487
2017-05-01,0.0025200613568529154
2017-05-02,0.0003769404337045361
2017-05-03,-0.001214465621793658
2017-05-04,0.0011742639084344098
2017-05-05,0.0039368072328156995
2017-05-08,-0.00016660305302677094
2017-05-09,-0.0009180929848648597
2017-05-10,0.0017956972107787037
2017-05-11,-0.0020425008580464855
2017-05-12,-0.0016712125075258127
2017-05-15,0.005523419379575729
2017-05-16,-0.0009152800693716937
2017-05-17,-0.01774445654705804
2017-05-18,0.004028787920491005
2017-05-19,0.006504348158648818
2017-05-22,0.0050771144457680065
2017-05-23,0.002212878318274503
2017-05-24,0.002333020259981534
2017-05-25,0.004779328802032837
2017-05-26,-0.00020666218910782725
2017-05-30,-0.0008689654788902705
2017-05-31,-0.0002484813199608933
2017-06-01,0.007952499484124778
2017-06-02,0.0033285317767191144
2017-06-05,-0.0007373647337714931
2017-06-06,-0.0031969284435733867
2017-06-07,0.001850034155931097
2017-06-08,0.0004927749924348986
2017-06-09,-0.001517861314400283
2017-06-12,-0.00020526128635540677
2017-06-13,0.004889637235021407
2017-06-14,-0.0012675554476860188
2017-06-15,-0.001924275062281515
2017-06-16,0.0002185252851602613
2017-06-19,0.008325067889792733
2017-06-20,-0.006744005468349739
2017-06-21,-0.00024718741926846576
2017-06-22,-0.00045255247710723415
2017-06-23,0.001194041576708891
2017-06-26,0.0006581656260912722
2017-06-27,-0.008056068459762412
2017-06-28,0.008950484772952044
2017-06-29,-0.008788971370427402
2017-06-30,0.0018643597008069484
2017-07-03,0.0016958078288266223
2017-07-05,0.0023120382581366225
2017-07-06,-0.009144608832683846
2017-07-07,0.006485281977482014
2017-07-10,0.001073552211108285
2017-07-11,-0.0007422861818946801
2017-07-12,0.00751456298121025
2017-07-13,0.0016802324671402573
2017-07-14,0.0046642838914680365
2017-07-17,-0.00012248944128831656
2017-07-18,0.0005298012675375259
2017-07-19,0.005413993002531541
2017-07-20,0.0004452212221450813
2017-07-21,-0.0008904735357632819
2017-07-24,-0.00024281363255253946
2017-07-25,0.0024307226572402242
2017-07-26,4.040432494153999e-05
2017-07-27,-0.0009294041904563008
2017-07-28,-0.00117319524402397
2017-07-31,-0.0005667576097241948
2017-08-01,0.002228447182057395
2017-08-02,0.0004854037643449764
2017-08-03,-0.0019399617612582366
2017-08-04,0.00182207998622554
2017-08-07,0.0018593142810232922
2017-08-08,-0.0024606861803234572
2017-08-09,-4.0715177756985196e-05
2017-08-10,-0.014115145929636894
2017-08-11,0.0014768284362037408
2017-08-14,0.00991304939639826
2017-08-15,-0.00012164562544769374
2017-08-16,0.001744441996321914
2017-08-17,-0.015590959522775562
2017-08-18,-0.001563002284989444
2017-08-21,0.0007827245427435474
2017-08-22,0.010456858250140606
2017-08-23,-0.003585124329868727
2017-08-24,-0.002330914260439745
2017-08-25,0.002336360115550605
2017-08-28,4.066092059490741e-05
2017-08-29,0.0011448642199958536
2017-08-30,0.004737677438275776
2017-08-31,0.006015757855855611
2017-09-01,0.0014144626638392585
2017-09-05,-0.007182124231994465
2017-09-06,0.003413866184857192
2017-09-07,-0.00012146824311156018
2017-09-08,-0.0011748347111149957
2017-09-11,0.01066581966320906
2017-09-12,0.003370927366971042
2017-09-13,0.00047975215057910925
2017-09-14,-0.00031968139921396645
2017-09-15,0.0013461314344491418
2017-09-18,0.002127174191720192
2017-09-19,0.0010007712320419598
2017-09-20,0.00036011361934995567
2017-09-21,-0.002679219322203385
2017-09-22,0.0002003489006231532
2017-09-25,-0.0020445817250299113
2017-09-26,0.0006025795894016346
2017-09-27,0.0038943346981938068
2017-09-28,0.001199691101778546
2017-09-29,0.003515292196115683
2017-10-02,0.004338448021229647
2017-10-03,0.0021402804019973543
2017-10-04,0.001186497518335615
2017-10-05,0.005924972804327787
2017-10-06,-0.001138774284401158
2017-10-09,-0.0016511395837409775
2017-10-10,0.0026381790681886705
2017-10-11,0.0015710389044147905
2017-10-12,-0.0014898059475218018
2017-10-13,0.0012171994728449249
2017-10-16,0.0013335960134175668
2017-10-17,0.0007050125244854136
2017-10-18,0.0009786579758328516
2017-10-19,0.00027360017214553007
2017-10-20,0.005160351574882884
2017-10-23,-0.003889594715987315
2017-10-24,0.0017574702057137988
2017-10-25,-0.004950045605459057
2017-10-26,0.0012923743260465804
2017-10-27,0.00817641410575652
2017-10-30,-0.003725256837696082
2017-10-31,0.0015578692245216351
2017-11-01,0.0013224594449402476
2017-11-02,0.0003882969251971037
2017-11-03,0.003338846065591882
2017-11-06,0.0015475537700057815
2017-11-07,-0.0006953163807933278
2017-11-08,0.0017007395712064519
2017-11-09,-0.0036275364282858623
2017-11-10,-0.0003100092629682403
2017-11-13,0.0009297054846923629
2017-11-14,-0.0023222743224592638
2017-11-15,-0.005005378024242526
2017-11-16,0.00850109030363915
2017-11-17,-0.0029388802432202907
2017-11-20,0.0017064899730300418
2017-11-21,0.006542785924063843
2017-11-22,-0.0008845828829978818
2017-11-24,0.0023096916368168002
2017-11-27,-0.0004991746230680022
2017-11-28,0.01014461152477401
2017-11-29,-0.0006087331927146555
2017-11-30,0.008755444654234333
2017-12-01,-0.0020755930074561556
2017-12-04,-0.0012100801203762514
2017-12-05,-0.003596647213503439
2017-12-06,0.00019017663803104232
2017-12-07,0.0031528191885139716
2017-12-08,0.005453237621914606
2017-12-11,0.0030130717712640548
2017-12-12,0.001764664722909365
2017-12-13,-0.00011258361877493005
2017-12-14,-0.004085899615183286
2017-12-15,0.008327019541539938
2017-12-18,0.006341870644589479
2017-12-19,-0.003840964252110234
2017-12-20,-0.0005238901540672704
2017-12-21,0.0020595309700917447
2017-12-22,-0.00026131581139080375
2017-12-26,-0.0011959967912217664
2017-12-27,0.00048609275202709287
2017-12-28,0.0020574272831609176
2017-12-29,-0.0037701138599103485
2018-01-02,0.007157090547201572
2018-01-03,0.0063251708438583215
2018-01-04,0.004215100108144407
2018-01-05,0.006664018080864151
2018-01-08,0.0018283753841828291
2018-01-09,0.0022636304444236936
2018-01-10,-0.0015297959235482837
2018-01-11,0.007295779636296051
2018-01-12,0.0065195202254050835
2018-01-16,-0.0034186105123777924
2018-01-17,0.009531378453645526
2018-01-18,-0.0016808413067826088
2018-01-19,0.0045499635838122865
2018-01-22,0.008130618818833249
2018-01-23,0.0021227079143061847
2018-01-24,-0.00038828855775188
2018-01-25,0.00042332693871739566
2018-01-26,0.011578135903513443
2018-01-29,-0.006629641843692209
2018-01-30,-0.010257245794912372
2018-01-31,0.0004968239505506188
2018-02-01,-0.0011358107226070342
2018-02-02,-0.021769604865629365
2018-02-05,-0.041822375975665356
2018-02-06,0.019702432473809563
2018-02-07,-0.005425013563505043
2018-02-08,-0.03750888715098607
2018-02-09,0.01502158955736876
2018-02-12,0.014684608346811182
2018-02-13,0.002487269627789494
2018-02-14,0.013496528479672311
2018-02-15,0.012759995095740035
2018-02-16,0.0002927307619187592
2018-02-20,-0.006261405630473778
2018-02-21,-0.00497408438923833
2018-02-22,0.001296176907210535
2018-02-23,0.015939497684896557
2018-02-26,0.011611871694887754
2018-02-27,-0.012486472658782458
2018-02-28,-0.010130011807595807
2018-03-01,-0.014540216618048331
2018-03-02,0.00515458616537035
2018-03-05,0.011558061173135665
2018-03-06,0.0025347791972834327
2018-03-07,-0.00036644991697888445
2018-03-08,0.004838924898263129
2018-03-09,0.01740279695777
2018-03-12,-0.0012552439550069083
2018-03-13,-0.006462652849428459
2018-03-14,-0.005131831998097404
2018-03-15,-0.0010894329999021517
2018-03-16,0.001084348487072816
2018-03-19,-0.013530370484858001
2018-03-20,0.0017004270155077429
2018-03-21,-0.001919028414763779
2018-03-22,-0.02499700467706761
2018-03-23,-0.02131466451762207
2018-03-26,0.027358837742695135
2018-03-27,-0.01701149994128074
2018-03-28,-0.0029547404408129907
2018-03-29,0.012777320623250049
2018-04-02,-0.021584447548462917
2018-04-03,0.012816790029989514
2018-04-04,0.010699454279249301
2018-04-05,0.007891803194490994
2018-04-06,-0.022285976767831384
2018-04-09,0.004928536290606567
2018-04-10,0.01590025464025614
2018-04-11,-0.005242111992996118
2018-04-12,0.00822723973014601
2018-04-13,-0.0029333696526728224
2018-04-16,0.008221877392268711
2018-04-17,0.010698454252242648
2018-04-18,0.0007403910384872308
2018-04-19,-0.005547893827902328
2018-04-20,-0.008479278507803948
2018-04-23,-0.0001499754727612255
2018-04-24,-0.013467265547445711
2018-04-25,0.002471665007627357
2018-04-26,0.010165756883672106
2018-04-27,0.0009388586471312124
2018-04-30,-0.007690677545397401
2018-05-01,0.0017769237940941413
2018-05-02,-0.00671771175757398
2018-05-03,-0.0022034123384497267
2018-05-04,0.012946151703556659
2018-05-07,0.003383302517125926
2018-05-08,0.0
2018-05-09,0.009665889160699917
2018-05-10,0.009350739002539759
2018-05-11,0.003050927865885496
2018-05-14,0.00047652761223729523
2018-05-15,-0.006886969064171594
2018-05-16,0.004205110070703771
2018-05-17,-0.0008448439308134465
2018-05-18,-0.0025000529550581268
2018-05-21,0.007518956654978613
2018-05-22,-0.002780529097250781
2018-05-23,0.0027512950369548107
2018-05-24,-0.0020486993679378358
2018-05-25,-0.0023823115024969167
2018-05-29,-0.011501275464411185
2018-05-30,0.013344619210974714
2018-05-31,-0.006125638908346123
2018-06-01,0.009817566161858917
2018-06-04,0.004751451416555156
2018-06-05,0.0007275793809622053
2018-06-06,0.008360669481881494
2018-06-07,-0.00010798128057540634
2018-06-08,0.002956166002795803
2018-06-11,0.0013300250727193703
2018-06-12,0.0012928091563608783
2018-06-13,-0.0031914197275682865
2018-06-14,0.0025177659296633475
2018-06-15,-0.0012757077939899713
2018-06-18,-0.00205705606200943
2018-06-19,-0.003832414289813282
2018-06-20,0.0017056882278602308
2018-06-21,-0.006268603362307807
2018-06-22,0.0018232074654486751
2018-06-25,-0.013613011894996026
2018-06-26,0.002214070366495618
2018-06-27,-0.008284055813371218
2018-06-28,0.005717413708489579
2018-06-29,0.00143961187880065
2018-07-02,0.0021380990890342622
2018-07-03,-0.0035311530647198002
2018-07-05,0.008157690216320278
2018-07-06,0.00845840041291225
2018-07-09,0.009004213864193446
2018-07-10,0.003598577926653866
2018-07-11,-0.007314508567509277
2018-07-12,0.009065839380793647
2018-07-13,0.0007877527149113772
2018-07-16,-0.0008945925074586967
2018-07-17,0.00404544445275975
2018-07-18,0.0021034614498046597
2018-07-19,-0.0037713000445971246
2018-07-20,-0.0011426886744428815
2018-07-23,0.0018589084071251565
2018-07-24,0.005032282784029954
2018-07-25,0.008522794375185164
2018-07-26,-0.0023591396358088454
2018-07-27,-0.006776590916532778
2018-07-30,-0.005223251647276542
2018-07-31,0.004929144245756381
2018-08-01,-0.0016706488177537326
2018-08-02,0.005447860489693528
2018-08-03,0.004284468283958766
2018-08-06,0.003667403985444671
2018-08-07,0.003302138544872708
2018-08-08,-0.00042003731029958345
2018-08-09,-0.0013660126490229318
2018-08-10,-0.006699951169611146
2018-08-13,-0.0037436341562258877
2018-08-14,0.0063806699458466174
2018-08-15,-0.007467753959439517
2018-08-16,0.00809189076968336
2018-08-17,0.003520113994375092
2018-08-20,0.002140079247783054
2018-08-21,0.00234537078661063
2018-08-22,-0.0005940213276886525
2018-08-23,-0.0013278487075964126
2018-08-24,0.006018750256927366
2018-08-27,0.007894983534841237
2018-08-28,0.00048340798095367787
2018-08-29,0.005380827606016201
2018-08-30,-0.004048489406427035
2018-08-31,3.4637327540924715e-05
2018-09-04,-0.0017225819935936257
2018-09-05,-0.0026909587208875665
2018-09-06,-0.003010607812217933
2018-09-07,-0.0019430037445705825
2018-09-10,0.0017383329785020287
2018-09-11,0.003297323083870229
2018-09-12,0.000242194878534666
2018-09-13,0.005914589849484125
2018-09-14,0.00017215816357021575
2018-09-17,-0.005294526288980163
2018-09-18,0.005426605989950747
2018-09-19,0.001065209897899964
2018-09-20,0.008103734637752455
2018-09-21,-0.0009133426174139598
2018-09-24,-0.0033221401556740742
2018-09-25,-0.0009278626394512538
2018-09-26,-0.0029922670978156166
2018-09-27,0.002794297771895212
2018-09-28,0.00010342326266077051
2018-10-01,0.0034734317259344522
2018-10-02,-0.0005817751334168147
2018-10-03,0.0005483714853434507
2018-10-04,-0.007815317073423818
2018-10-05,-0.005597088316125678
2018-10-08,0.0
2018-10-09,-0.0014596740469631764
2018-10-10,-0.03166294746582178
2018-10-11,-0.022026706690466538
2018-10-12,0.013888355262027079
2018-10-15,-0.005617224001243549
2018-10-16,0.021866048834428536
2018-10-17,0.0001786159642679745
2018-10-18,-0.014441146553861065
2018-10-19,-0.0005425446070107789
2018-10-22,-0.004488773366005371
2018-10-23,-0.005090886030683029
2018-10-24,-0.030298492948576877
2018-10-25,0.01794040716047542
2018-10-26,-0.017587095036300147
2018-10-29,-0.005540440215822549
2018-10-30,0.014818340965048896
2018-10-31,0.010681044314537874
2018-11-01,0.01064144100378981
2018-11-02,-0.0059228307745477745
2018-11-05,0.0055169602532030085
2018-11-06,0.0063278059397352355
2018-11-07,0.021408976077417673
2018-11-08,-0.001814659540638789
2018-11-09,-0.009768622179486323
2018-11-12,-0.01868487818023402
2018-11-13,-0.0018711647479982027
2018-11-14,-0.0068368589176449526
2018-11-15,0.01043686468345614
2018-11-16,0.0026004082387061245
2018-11-19,-0.016914200621099475
2018-11-20,-0.01850649329898192
2018-11-21,0.0034077911252997496
2018-11-23,-0.006678799476173099
2018-11-26,0.01614419814877753
2018-11-27,0.0033645389082315887
2018-11-28,0.023025196492553295
2018-11-29,-0.0021851274282882333
2018-11-30,0.006095534178927761
2018-12-03,0.013241126202349043
2018-12-04,-0.03240207707595983
2018-12-06,-0.0015171521757282127
2018-12-07,-0.023236117335333525
2018-12-10,0.0018971460132265786
2018-12-11,0.00022730720229709232
2018-12-12,0.005035566144028835
2018-12-13,-0.0003393049580572553
2018-12-14,-0.01846466219758101
2018-12-17,-0.019618590683264266
2018-12-18,-0.0010962973679501165
2018-12-19,-0.014975754792066224
2018-12-20,-0.016278059071932135
2018-12-21,-0.020489716035619634
2018-12-24,-0.026422708204336783
2018-12-26,0.050524996530377765
2018-12-27,0.007677176429403442
2018-12-28,-0.0012899428913869327
2018-12-31,0.008758908972072078
2019-01-02,0.0010401748462555485
2019-01-03,-0.023862801042853144
2019-01-04,0.03349580496346489
2019-01-07,0.00788475217342024
2019-01-08,0.009395265410030032
2019-01-09,0.004673286801134652
2019-01-10,0.003527702884177655
2019-01-11,0.0003862664317627785
2019-01-14,-0.0061008908362311385
2019-01-15,0.011460909949376397
2019-01-16,0.002419449277439269
2019-01-17,0.007587099905605965
2019-01-18,0.013309953378813527
2019-01-22,-0.01351046794149201
2019-01-23,0.002092298573166082
2019-01-24,0.0005313302776919636
2019-01-25,0.008461669420633967
2019-01-28,-0.007600170748426898
2019-01-29,-0.0013271786439374574
2019-01-30,0.01583072109470785
2019-01-31,0.008782830974197754
2019-02-01,0.00048150143816960277
2019-02-04,0.007035364047513052
2019-02-05,0.0041920173170875395
2019-02-06,-0.0013184796398267756
2019-02-07,-0.009532570032240008
2019-02-08,0.0012210792033583318
2019-02-11,0.0005548246192171498
2019-02-12,0.012859283676053164
2019-02-13,0.003246994071018396
2019-02-14,-0.0022183252381302965
2019-02-15,0.010897730358263165
2019-02-19,0.001730087487658855
2019-02-20,0.0020158519716252034
2019-02-21,-0.003556143254207953
2019-02-22,0.006200111143545785
2019-02-25,0.0013613763966221644
2019-02-26,-0.0007153047379869882
2019-02-27,-0.0004298083903054425
2019-02-28,-0.001862487303380386
2019-03-01,0.006243682411699183
2019-03-04,-0.003637303353904677
2019-03-05,-0.0013605990062829172
2019-03-06,-0.0060568232028793394
2019-03-07,-0.008365047050037065
2019-03-08,-0.0019999221544368924
2019-03-11,0.014500814001105604
2019-03-12,0.003771191496681377
2019-03-13,0.006619283722691088
2019-03-14,-0.0006398102753153392
2019-03-15,0.004940767952490782
2019-03-18,0.003625689813645922
2019-03-19,0.0002475286480491758
2019-03-20,-0.0030098183969128607
2019-03-21,0.011294756228898369
2019-03-22,-0.019246260862015946
2019-03-25,-0.0007518128217738454
2019-03-26,0.007453988963366819
2019-03-27,-0.005229135613854484
2019-03-28,0.0037903961978545055
2019-03-29,0.006305682567865248
2019-04-01,0.011859455975684803
2019-04-02,0.0004893525322802327
2019-04-03,0.0015735442631952807
2019-04-04,0.0026536805954287222
2019-04-05,0.004840170857177612
2019-04-08,0.0007624565543122865
2019-04-09,-0.005124798698939918
2019-04-10,0.003410785576883878
2019-04-11,-0.000277665807292371
2019-04-12,0.00676624772495346
2019-04-15,-0.0006552501685063112
2019-04-16,0.0006556798028075871
2019-04-17,-0.0024469791840727273
2019-04-18,0.0019689256063021615
2019-04-22,0.0008621923376882421
2019-04-23,0.008991497525267839
2019-04-24,-0.00221918178003978
2019-04-25,-0.0006160044647798544
2019-04-26,0.00465663251857226
2019-04-29,0.001568109118949658
2019-04-30,0.0005100280411146094
2019-05-01,-0.0075163572776857784
2019-05-02,-0.0021590605986142528
2019-05-03,0.009787894839620248
2019-05-06,-0.004115292576828812
2019-05-07,-0.016699773036388015
2019-05-08,-0.0013888826477531082
2019-05-09,-0.003026042509775074
2019-05-10,0.005023435294274153
2019-05-13,-0.02512990708901283
2019-05-14,0.009043439910086283
2019-05-15,0.005857586108648341
2019-05-16,0.009260525030041569
2019-05-17,-0.006464860207723843
2019-05-20,-0.00661180976322487
2019-05-21,0.00901553711397411
2019-05-22,-0.003071161021983704
2019-05-23,-0.012218660633289982
2019-05-24,0.002268237708850019
2019-05-28,-0.00930045563707826
2019-05-29,-0.006710547624755521
2019-05-30,0.0027309117144904546
2019-05-31,-0.013474845630852049
2019-06-03,-0.0025432857361703002
2019-06-04,0.021706686421813132
2019-06-05,0.008661986626456787
2019-06-06,0.0065027609750110404
2019-06-07,0.010006681801243372
2019-06-10,0.004589491835668896
2019-06-11,-0.0002423711129452921
2019-06-12,-0.0017651298867827753
2019-06-13,0.004125997895383338
2019-06-14,-0.0011047751542699277
2019-06-17,0.00038031890287354414
2019-06-18,0.010470737226360683
2019-06-19,0.002257292708973661
2019-06-20,0.009554430955073634
2019-06-21,-0.0014538500153406322
2019-06-24,-0.0012241968700344797
2019-06-25,-0.00980811755063156
2019-06-26,-0.0009969597098922992
2019-06-27,0.003545976020625873
2019-06-28,0.005145338821694743
2019-07-01,0.009078780094867735
2019-07-02,0.002604260080820995
2019-07-03,0.007994694360483319
2019-07-05,-0.0011376254653922358
2019-07-08,-0.005494794930620267
2019-07-09,0.001246356137761737
2019-07-10,0.004778212019034863
2019-07-11,0.0023443271990861436
2019-07-12,0.004476973422420731
2019-07-15,0.0003326958166205904
2019-07-16,-0.0032251297386344767
2019-07-17,-0.006805243093483026
2019-07-18,0.0036610535822561466
2019-07-19,-0.0055555694141162446
2019-07-22,0.0024571671861114298
2019-07-23,0.007149606929720517
2019-07-24,0.004699666955403194
2019-07-25,-0.004776713513192699
2019-07-26,0.006699617530980239
2019-07-29,-0.0018213628335621724
2019-07-30,-0.002454345752080057
2019-07-31,-0.010940575339638058
2019-08-01,-0.008707967634312296
2019-08-02,-0.007529391484226857
2019-08-05,-0.03007347281716511
2019-08-06,0.014023307990705646
2019-08-07,0.000591024063391687
2019-08-08,0.01961946883495365
2019-08-09,-0.006811037756305383
2019-08-12,-0.012173280758945129
2019-08-13,0.015551590075541336
2019-08-14,-0.029567746647582244
2019-08-15,0.0026417795505412132
2019-08-16,0.01475508129198203
2019-08-19,0.012047432402773065
2019-08-20,-0.007662196192559028
2019-08-21,0.008135196956262688
2019-08-22,-0.000307729205251093
2019-08-23,-0.025687420327667913
2019-08-26,0.011058599897462372
2019-08-27,-0.003923815090434461
2019-08-28,0.0070418134990730885
2019-08-29,0.012772840601165647
2019-08-30,-0.000444480319933182
2019-09-03,-0.005847086623569902
2019-09-04,0.011350621916044744
2019-09-05,0.012855309462792409
2019-09-06,0.0007720619606460018
2019-09-09,0.0005031697648857988
2019-09-10,-0.00023441418384207916
2019-09-11,0.007111018470099615
2019-09-12,0.003463426822158619
2019-09-13,-0.0006638659015620585
2019-09-16,-0.003088245008723319
2019-09-17,0.002531802466577058
2019-09-18,0.0005980223487628954
2019-09-19,-6.639471092980728e-05
2019-09-20,-0.004724691244094417
2019-09-23,-0.00023474396060100785
2019-09-24,-0.00784722044715426
2019-09-25,0.005915150326827189
2019-09-26,-0.002083043171837519
2019-09-27,-0.005387515944167251
2019-09-30,0.004637893231861436
2019-10-01,-0.011895000140358342
2019-10-02,-0.017664215543065045
2019-10-03,0.008192802740113858
2019-10-04,0.013531632205228903
2019-10-07,-0.004314349865448706
2019-10-08,-0.015524938537911776
2019-10-09,0.009496412397588713
2019-10-10,0.006763328210108644
2019-10-11,0.010366973827741665
2019-10-14,-0.0011134540332228455
2019-10-15,0.00990039883317705
2019-10-16,-0.0016058287407910291
2019-10-17,0.002948829906011345
2019-10-18,-0.004376937759647537
2019-10-21,0.006778773509141276
2019-10-22,-0.0032666709840015757
2019-10-23,0.0029094265170996063
2019-10-24,0.0016342159149011024
2019-10-25,0.00409493125932274
2019-10-28,0.005636364205682058
2019-10-29,-0.0002968024622260763
2019-10-30,0.0030674614598429073
2019-10-31,-0.002663067706727645
2019-11-01,0.009263564882982042
2019-11-04,0.0040175318895587465
2019-11-05,-0.0011057607424321447
2019-11-06,0.0002281638816465501
2019-11-07,0.003516458702697134
2019-11-08,0.0024661819303307434
2019-11-11,-0.0019096622336781577
2019-11-12,0.002108125981774932
2019-11-13,0.00032341808932058843
2019-11-14,0.0014556201176302548
2019-11-15,0.0072362507911738075
2019-11-18,0.000737757338846537
2019-11-19,-0.0002887239202633387
2019-11-20,-0.0037181642927556725
2019-11-21,-0.0016089656667890168
2019-11-22,0.0022235704116317463
2019-11-25,0.007750316064950154
2019-11-26,0.002265721774618427
2019-11-27,0.0044574119991881555
2019-11-29,-0.003708931220130606
2019-12-02,-0.008494308261900004
2019-12-03,-0.006706755609544288
2019-12-04,0.0061704202272892935
2019-12-05,0.0017978331140457743
2019-12-06,0.009134096316829697
2019-12-09,-0.003144002625661557
2019-12-10,-0.0011148480459426998
2019-12-11,0.0028383706837886167
2019-12-12,0.008618770804479753
2019-12-13,0.0005995177694748355
2019-12-16,0.0068698625899933615
2019-12-17,0.00021883646771972084
2019-12-18,6.290303855449662e-05
2019-12-19,0.0040986772618552105
2019-12-20,0.00438443766893591
2019-12-23,0.0015275143029838277
2019-12-24,3.1554822062671844e-05
2019-12-26,0.005323193201257932
2019-12-27,-0.00024808002997330565
2019-12-30,-0.005513067820100571
2019-12-31,0.0024293169636673906
2020-01-02,0.009351998469193297
2020-01-03,-0.0075724750650815265
2020-01-06,0.0038153877416029665
2020-01-07,-0.002811852881832904
2020-01-08,0.005329235563984418
2020-01-09,0.006780779986763054
2020-01-10,-0.0028778010345000132
2020-01-13,0.006877585612251239
2020-01-14,-0.0015247924352119286
2020-01-15,0.0022601882461806343
2020-01-16,0.00831799497623211
2020-01-17,0.003112786716450699
2020-01-21,-0.001958172338780902
2020-01-22,0.00012065673735672393
2020-01-23,0.0011469617264453231
2020-01-24,-0.008893213046562895
2020-01-27,-0.016029448335762315
2020-01-28,0.010479554141700155
2020-01-29,-0.0008263184903341888
2020-01-30,0.003245324634194513
2020-01-31,-0.018157822499364956
2020-02-03,0.007428558969722329
2020-02-04,0.015241297240607176
2020-02-05,0.011547965277872692
2020-02-06,0.003364874685113331
2020-02-07,-0.005329908224722606
2020-02-10,0.0074656052042319345
2020-02-11,0.0017330071831397787
2020-02-12,0.006442809640438223
2020-02-13,-0.0010670104866829094
2020-02-14,0.0016018768057459252
2020-02-18,-0.0025768783623938006
2020-02-19,0.004781335388998563
2020-02-20,-0.0041083326091795715
2020-02-21,-0.010298210525676199
2020-02-24,-0.03316518936828259
2020-02-25,-0.030302289004531666
2020-02-26,-0.003678246997119902
2020-02-27,-0.0449116548646526
2020-02-28,-0.004201950854988191
2020-03-02,0.04330682480022304
2020-03-03,-0.028632339465256458
2020-03-04,0.04203305440523254
2020-03-05,-0.0332418465399154
2020-03-06,-0.01653084690587723
2020-03-09,-0.07809441721492719
2020-03-10,0.051744746941701635
2020-03-11,-0.048748438187847555
2020-03-12,-0.09567734613710077
2020-03-13,0.08548619300405859
2020-03-16,-0.10942353615305107
2020-03-17,0.05399212972333969
2020-03-18,-0.05063291811469211
2020-03-19,0.0021248897314453752
2020-03-20,-0.043094266282821946
2020-03-23,-0.02556806560666205
2020-03-24,0.0906032526784944
2020-03-25,0.014970200394473745
2020-03-26,0.058389586369070615
2020-03-27,-0.029785584237364403
2020-03-30,0.032475519643469154
2020-03-31,-0.014905343189718192
2020-04-01,-0.04500484191335742
2020-04-02,0.023075645732697943
2020-04-03,-0.014454343769361187
2020-04-06,0.0671663647689042
2020-04-07,0.0010193600940711326
2020-04-08,0.03356857162256151
2020-04-09,0.015217504464912199
2020-04-13,-0.009130599384824705
2020-04-14,0.02949308454546247
2020-04-15,-0.021248353792106975
2020-04-16,0.004824593147941316
2020-04-17,0.027015356213621593
2020-04-20,-0.017618045467778787
2020-04-21,-0.030363121322378447
2020-04-22,0.02219455095621068
2020-04-23,-7.179068871778543e-05
2020-04-24,0.013938436589026725
2020-04-27,0.014418715712083202
2020-04-28,-0.004598473948296693
2020-04-29,0.02617824402618899
2020-04-30,-0.009310192494628144
2020-05-01,-0.02647360284173973
2020-05-04,0.002758288523091478
2020-05-05,0.009239329957075082
2020-05-06,-0.006778996257584603
2020-05-07,0.01206688111439256
2020-05-08,0.01654632351218444
2020-05-11,0.00020514828638426943
2020-05-12,-0.019931578028767345
2020-05-13,-0.01768592228613836
2020-05-14,0.011967626587205573
2020-05-15,0.004596559061574595
2020-05-18,0.030459653025906502
2020-05-19,-0.010270878790939558
2020-05-20,0.016987975393320486
2020-05-21,-0.006903955148901158
2020-05-22,0.001898722933438672
2020-05-26,0.012321020557358635
2020-05-27,0.014878740673314223
2020-05-28,-0.0018447233448139816
2020-05-29,0.0044558487819791595
2020-06-01,0.00404191247456947
2020-06-02,0.008279843215777927
2020-06-03,0.013308285823210355
2020-06-04,-0.002626764416448616
2020-06-05,0.025629858517797022
2020-06-08,0.012087559129098077
2020-06-09,-0.0074571540393932895
2020-06-10,-0.005579862028823063
2020-06-11,-0.057648786786148515
2020-06-12,0.011975362646844958
2020-06-15,0.009335497463238456
2020-06-16,0.01924790342013132
2020-06-17,-0.004153582547575408
2020-06-18,0.00038488653876728174
2020-06-19,-0.005714784123732744
2020-06-22,0.006415078620771013
2020-06-23,0.00460363942589103
2020-06-24,-0.025508513767749968
2020-06-25,0.010720316096926603
2020-06-26,-0.023751434589113572
2020-06-29,0.014697795125904627
2020-06-30,0.012809464399932524
2020-07-01,0.007004710745813861
2020-07-02,0.005506782190732819
2020-07-06,0.015437709617335382
2020-07-07,-0.010313955661956578
2020-07-08,0.007648538421192941
2020-07-09,-0.005693255751962921
2020-07-10,0.010210821892490757
2020-07-13,-0.008658977700883471
2020-07-14,0.012958941632796046
2020-07-15,0.009187551529652695
2020-07-16,-0.0032938848849576228
2020-07-17,0.002899441030684077
2020-07-20,0.008081498980519275
2020-07-21,0.0021274032773626224
2020-07-22,0.005692003015319355
2020-07-23,-0.011931625189474363
2020-07-24,-0.006440562759510562
2020-07-27,0.007292640386174504
2020-07-28,-0.00634267376522086
2020-07-29,0.012299201616254897
2020-07-30,-0.003568009933493333
2020-07-31,0.007902053463325474
2020-08-03,0.006952303977646165
2020-08-04,0.0038628249050409505
2020-08-05,0.006210424309378029
2020-08-06,0.006684441830351717
2020-08-07,0.0007184079364700832
2020-08-10,0.0029886358558853755
2020-08-11,-0.00825462276991687
2020-08-12,0.013942389133335469
2020-08-13,-0.0018077211608322488
2020-08-14,2.9686824711036733e-05
2020-08-17,0.003176593195764792
2020-08-18,0.0021604083805952367
2020-08-19,-0.00416366521043515
2020-08-20,0.003113418879701159
2020-08-21,0.0035472474485223893
2020-08-24,0.010133334690289977
2020-08-25,0.0034994436424206623
2020-08-26,0.01002556228285599
2020-08-27,0.002186385779574846
2020-08-28,0.006459395192166745
2020-08-31,-0.0036224509327896434
2020-09-01,0.009418300673485723
2020-09-02,0.014464455976513772
2020-09-03,-0.03441433051086409
2020-09-04,-0.008164972259388925
2020-09-08,-0.027322834134070134
2020-09-09,0.019747145847110462
2020-09-10,-0.017363432765850985
2020-09-11,0.0005090203358399964
2020-09-14,0.013171410117250799
2020-09-15,0.005052195451934602
2020-09-16,-0.003968566709411989
2020-09-17,-0.008795303105770324
2020-09-18,-0.01151258000493799
2020-09-21,-0.011129500667017513
2020-09-22,0.010184406160270413
2020-09-23,-0.023191083840041097
2020-09-24,0.0026653919823491365
2020-09-25,0.016167188355492194
2020-09-28,0.016609015068597115
2020-09-29,-0.00544575551466657
2020-09-30,0.007581702053186002
2020-10-01,0.006420131661162012
2020-10-02,-0.009494496967488377
2020-10-05,0.01773316725802994
2020-10-06,-0.014215962968027084
2020-10-07,0.01740684122310825
2020-10-08,0.008862518376391217
2020-10-09,0.008930095071026798
2020-10-12,0.01608762259490567
2020-10-13,-0.006526192789135305
2020-10-14,-0.006283476950488489
2020-10-15,-0.0012360165934538194
2020-10-16,-0.0006041571726548847
2020-10-19,-0.015203381057097688
2020-10-20,0.004005585742541153
2020-10-21,-0.0018928051530398924
2020-10-22,0.005485092019019748
2020-10-23,0.003395330781666366
2020-10-26,-0.01847964829176863
2020-10-27,-0.003447648544388999
2020-10-28,-0.03417890418814818
2020-10-29,0.01016378584182738
2020-10-30,-0.010425314193835298
2020-11-02,0.011208887505400873
2020-11-03,0.017655280470938416
2020-11-04,0.022349578552014197
2020-11-05,0.01950309731052739
2020-11-06,-0.00022871884945632745
2020-11-09,0.012565783524261036
2020-11-10,-0.0014669259022774821
2020-11-11,0.0074287700421509124
2020-11-12,-0.009700934395633735
2020-11-13,0.013844657007285568
2020-11-16,0.012482775615788195
2020-11-17,-0.005378506362062292
2020-11-18,-0.01203486307103207
2020-11-19,0.004210042211867691
2020-11-20,-0.006847456561224905
2020-11-23,0.005994387309885883
2020-11-24,0.016113481385049613
2020-11-25,-0.0015418139019233274
2020-11-27,0.0027852072984529313
2020-11-30,-0.0044272860572697565
2020-12-01,0.01093749086113012
2020-12-02,0.002103516440541738
2020-12-03,-0.00027261519886566095
2020-12-04,0.008617783472595694
2020-12-07,-0.0020549837426362336
2020-12-08,0.0029262912051511046
2020-12-09,-0.008969037958498937
2020-12-10,-0.00032704863590232773
2020-12-11,-0.0011726535425469237
2020-12-14,-0.004477068741699158
2020-12-15,0.013519283902784267
2020-12-16,0.0015695832457463148
2020-12-17,0.005591749128660733
2020-12-18,-0.003992646000647293
2020-12-21,-0.003575630771076097
2020-12-22,-0.0016851842878665567
2020-12-23,0.0008983382223220675
2020-12-24,0.0038905002075536998
2020-12-28,0.008591057928031408
2020-12-29,-0.0019079711977087349
2020-12-30,0.0014267954419180898
2020-12-31,0.005080820690181715
2021-01-04,-0.013614253362761999
2021-01-05,0.006887678707097967
2021-01-06,0.005978383305955997
2021-01-07,0.014857401212544153
2021-01-08,0.0056977618040244225
2021-01-11,-0.006740608258662373
2021-01-12,0.00021124696963263908
2021-01-13,0.002693003982921489
2021-01-14,-0.0035020256279082156
2021-01-15,-0.007292972074164195
2021-01-19,0.007852123270714485
2021-01-20,0.013838749647594418
2021-01-21,0.0009117295904271741
2021-01-22,-0.0035395842808467496
2021-01-25,0.003943868012813204
2021-01-26,-0.001560687141199672
2021-01-27,-0.024440595004587735
2021-01-28,0.00859997572984911
2021-01-29,-0.02001948962791109
2021-02-01,0.016645257650710985
2021-02-02,0.014140482501601718
2021-02-03,0.00078649739069042
2021-02-04,0.011365309106484228
2021-02-05,0.003936001897402887
2021-02-08,0.00722188891022841
2021-02-09,-0.0006657721645138121
2021-02-10,-0.0004356447948214329
2021-02-11,0.0016150377149019642
2021-02-12,0.004939927763043353
2021-02-16,-0.0008662376512045386
2021-02-17,0.0002296180395457023
2021-02-18,-0.004256026971490908
2021-02-19,-0.0017658650634884187
2021-02-22,-0.0076918619247639515
2021-02-23,0.0012144603700366934
2021-02-24,0.01101934207048063
2021-02-25,-0.02409574719489589
2021-02-26,-0.005152819702499076
2021-03-01,0.024240541120677514
2021-03-02,-0.007803586194018206
2021-03-03,-0.013245501072800776
2021-03-04,-0.012374797143146645
2021-03-05,0.018396421806701434
2021-03-08,-0.004978706304165546
2021-03-09,0.014277703121033606
2021-03-10,0.0062246442504246225
2021-03-11,0.01013905489759585
2021-03-12,0.0013468613909920952
2021-03-15,0.0059635529715675855
2021-03-16,-0.0012616904807281767
2021-03-17,0.003409952333901201
2021-03-18,-0.014549642738423749
2021-03-19,-0.0018500496934692708
2021-03-22,0.007984832199972664
2021-03-23,-0.007870469511215804
2021-03-24,-0.005083693127895753
2021-03-25,0.005625763071181051
2021-03-26,0.01611469269700862
2021-03-29,-0.0005053165638672698
2021-03-30,-0.0026527388885961684
2021-03-31,0.00405342052334808
2021-04-01,0.01079915342870159
2021-04-05,0.014352998559281568
2021-04-06,-0.0005906804859015745
2021-04-07,0.0011573150323594566
2021-04-08,0.004746759657461791
2021-04-09,0.007269987642725237
2021-04-12,0.000364802373043028
2021-04-13,0.0029637062659064162
2021-04-14,-0.003415264904160043
2021-04-15,0.010742481197006335
2021-04-16,0.0033424548624083157
2021-04-19,-0.004913199306079268
2021-04-20,-0.007321320270548592
2021-04-21,0.009462119571513551
2021-04-22,-0.009133086847122062
2021-04-23,0.010842351101381277
2021-04-26,0.0020877167267930345
2021-04-27,-0.00021562650469671802
2021-04-28,-0.0002872493912271425
2021-04-29,0.006372679108223036
2021-04-30,-0.006570538930544797
2021-05-03,0.002156922739858497
2021-05-04,-0.006169587887925619
2021-05-05,0.0003128991736143189
2021-05-06,0.007985516983925647
2021-05-07,0.007278176308876286
2021-05-10,-0.009902468265134768
2021-05-11,-0.008924698037108608
2021-05-12,-0.02124546922234623
2021-05-13,0.012012700918449625
2021-05-14,0.015355596591113747
2021-05-17,-0.0025448813018074555
2021-05-18,-0.008615649877667287
2021-05-19,-0.002621618671951837
2021-05-20,0.010757826060683763
2021-05-21,-0.0008186322988716445
2021-05-24,0.010194038367630567
2021-05-25,-0.0022186735076092927
2021-05-26,0.0019845921837769267
2021-05-27,0.0005251201542463068
2021-05-28,0.0017884346223523782
2021-06-01,-0.000880580659405818
2021-06-02,0.001572716706519309
2021-06-03,-0.0037114648590203542
2021-06-04,0.009145799931068312
2021-06-07,-0.0009702075941182962
2021-06-08,0.00021297622608149803
2021-06-09,-0.0014916049007697785
2021-06-10,0.004648328865723485
2021-06-11,0.00165282400719118
2021-06-14,0.0022385434568674245
2021-06-15,-0.001834142149530271
2021-06-16,-0.005583481559540593
2021-06-17,-0.0003315839466378578
2021-06-18,-0.013490339278063724
2021-06-21,0.014316036275265061
2021-06-22,0.005346213982490756
2021-06-23,-0.0012053169175048764
2021-06-24,0.005915736214630578
2021-06-25,0.0035518989353543304
2021-06-28,0.0020158085055578985
2021-06-29,0.0005383920799163444
2021-06-30,0.0008414785317359093
2021-07-01,0.005536853911997921
2021-07-02,0.00764337468361419
2021-07-06,-0.0018213314111480757
2021-07-07,0.0035340823997222453
2021-07-08,-0.00814816399787656
2021-07-09,0.01067456599894703
2021-07-12,0.0035822127675949464
2021-07-13,-0.0034091608635342606
2021-07-14,0.0014924112466187793
2021-07-15,-0.0034154251940995187
2021-07-16,-0.00784374490368904
2021-07-19,-0.014767837390555772
2021-07-20,0.014330173917430526
2021-07-21,0.008096556349444284
2021-07-22,0.0020937731040246528
2021-07-23,0.010288159727575406
2021-07-26,0.0024547964921402318
2021-07-27,-0.004557413967613214
2021-07-28,-0.0004102355178362231
2021-07-29,0.004147525798680113
2021-07-30,-0.004856369182112285
2021-08-02,-0.0020979308601710607
2021-08-03,0.008135212307684943
2021-08-04,-0.004918906272920684
2021-08-05,0.006332987594410215
2021-08-06,0.0016524374471178892
2021-08-09,-0.0008137964726165365
2021-08-10,0.0012442325792446814
2021-08-11,0.002484929118591072
2021-08-12,0.0029967841494466583
2021-08-13,0.0018200253828421812
2021-08-16,0.002354636244779108
2021-08-17,-0.006555333479604669
2021-08-18,-0.010944990868362516
2021-08-19,0.0015484831520844338
2021-08-20,0.00795682202495249
2021-08-23,0.008796651738071109
2021-08-24,0.0015873274927624703
2021-08-25,0.0020983467509054815
2021-08-26,-0.00590320158159544
2021-08-27,0.008940978684903393
2021-08-30,0.0043975401284896826
2021-08-31,-0.0014815051797309419
2021-09-01,0.0005315612787655078
2021-09-02,0.0030764618464538132
2021-09-03,-0.0002425423114628978
2021-09-07,-0.0035755855389773285
2021-09-08,-0.0012183736017506181
2021-09-09,-0.004280035509797825
2021-09-10,-0.007884579576818805
2021-09-13,0.0025592570857405133
2021-09-14,-0.005396511475090692
2021-09-15,0.00835243998134633
2021-09-16,-0.00158513039668968
2021-09-17,-0.009741091802510442
2021-09-20,-0.01667412895439341
2021-09-21,-0.0009446376627472147
2021-09-22,0.009754709012242315
2021-09-23,0.0121502037925626
2021-09-24,0.0016469627488978895
2021-09-27,-0.002860723907213758
2021-09-28,-0.020151956047857193
2021-09-29,0.0016831863272368797
2021-09-30,-0.012222437517930878
2021-10-01,0.011884177022413912
2021-10-04,-0.012895964423557671
2021-10-05,0.010404998723067865
2021-10-06,0.004156055100162766
2021-10-07,0.008645707407810043
2021-10-08,-0.0018238554340180874
2021-10-11,-0.007239598889022029
2021-10-12,-0.002461422797254784
2021-10-13,0.0035974790482531283
2021-10-14,0.01682075350107776
2021-10-15,0.007615690555296084
2021-10-18,0.0029604786527937755
2021-10-19,0.007714800107256407
2021-10-20,0.00392782384743987
2021-10-21,0.0026082802313490113
2021-10-22,-0.0010362099446949468
2021-10-25,0.005362701154399679
2021-10-26,0.0009000342437030013
2021-10-27,-0.0044300745291860595
2021-10-28,0.009648909062811099
2021-10-29,0.002029175908827403
2021-11-01,0.0017200598049376872
2021-11-02,0.004043107949599207
2021-11-03,0.0061052646004356925
2021-11-04,0.004712437604153978
2021-11-05,0.0034697072010453217
2021-11-08,0.0008537202956313811
2021-11-09,-0.0033055095606572414
2021-11-10,-0.008044675545824121
2021-11-11,0.00032359719595077016
2021-11-12,0.007546493606379402
2021-11-15,0.0003424369612937302
2021-11-16,0.003958106876913159
2021-11-17,-0.002429273204481755
2021-11-18,0.003396258818229061
2021-11-19,-0.0017881008149327464
2021-11-22,-0.0028152738610064563
2021-11-23,0.001326021813833432
2021-11-24,0.0026697873306607816
2021-11-26,-0.022303069242848184
2021-11-29,0.012266511897159415
2021-11-30,-0.019457539881857337
2021-12-01,-0.01110736363754216
2021-12-02,0.01531637980322618
2021-12-03,-0.00870128452696779
2021-12-06,0.011843488808478044
2021-12-07,0.020684739642161856
2021-12-08,0.002647813430499026
2021-12-09,-0.006751498261655808
2021-12-10,0.009413553361893387
2021-12-13,-0.008858454166720096
2021-12-14,-0.006879993554988757
2021-12-15,0.015625039609741587
2021-12-16,-0.00881858793877311
2021-12-17,-0.010642880396514938
2021-12-20,-0.010633285457753843
2021-12-21,0.017759109362517386
2021-12-22,0.00999837098328011
2021-12-23,0.006222142010276059
2021-12-27,0.014152305015181419
2021-12-28,-0.0008171163043179835
2021-12-29,0.0012789730033603893
2021-12-30,-0.002764617714431517
2021-12-31,-0.0025201073923833022
2022-01-03,0.005789956918635011
2022-01-04,-0.0003349376672901685
2022-01-05,-0.019201878621522648
2022-01-06,-0.0009395127084817158
2022-01-07,-0.003953638619086444
2022-01-10,-0.001244235574338611
2022-01-11,0.009108078678109418
2022-01-12,0.0027036565776806195
2022-01-13,-0.013778591038904274
2022-01-14,0.00040904524751577103
2022-01-18,-0.01770958075872196
2022-01-19,-0.010383661191626318
2022-01-20,-0.011068046555783233
2022-01-21,-0.019630509024248163
2022-01-24,0.004246803372172414
2022-01-25,-0.012209063665744032
2022-01-26,-0.0025088281204279405
2022-01-27,-0.004937995587029378
2022-01-28,0.02483542274369015
2022-01-31,0.018010933409728595
2022-02-01,0.006756964284668973
2022-02-02,0.009714102809915054
2022-02-03,-0.023504948279203436
2022-02-04,0.004702202231170824
2022-02-07,-0.0032092600136839925
2022-02-08,0.008227887946432401
2022-02-09,0.014636210259183836
2022-02-10,-0.017965885035959486
2022-02-11,-0.0197185308224474
2022-02-14,-0.0032692239551652662
2022-02-15,0.01612681878484439
2022-02-16,0.0011206912951017933
2022-02-17,-0.021361249942575718
2022-02-18,-0.006475117824097356
2022-02-22,-0.010731759329984434
2022-02-23,-0.01773843052867494
2022-02-24,0.015048983402241829
2022-02-25,0.02206389587031494
2022-02-28,-0.0025584383491376664
2022-03-01,-0.015230273695893155
2022-03-02,0.018396180794461963
2022-03-03,-0.0049784675782570875
2022-03-04,-0.008124741148684196
2022-03-07,-0.029478905365870393
2022-03-08,-0.007581871107028376
2022-03-09,0.02681071656911064
2022-03-10,-0.004515386020393484
2022-03-11,-0.012714962897911427
2022-03-14,-0.007308467937001443
2022-03-15,0.021990451233486304
2022-03-16,0.022174170387411686
2022-03-17,0.012511026078794237
2022-03-18,0.010952863763270709
2022-03-21,-0.00029254814538913644
2022-03-22,0.01170141145458378
2022-03-23,-0.012878507578298413
2022-03-24,0.015074388504740733
2022-03-25,0.004883523798580258
2022-03-28,0.0071131866865845154
2022-03-29,0.012370732215050632
2022-03-30,-0.006174919896413993
2022-03-31,-0.015391075174780701
2022-04-01,0.0028341477411289884
2022-04-04,0.008566511788480922
2022-04-05,-0.012631314087096612
2022-04-06,-0.009999337397201343
2022-04-07,0.005038879016016846
2022-04-08,-0.002674015212750044
2022-04-11,-0.017092172514995754
2022-04-12,-0.003705110460346307
2022-04-13,0.01145344854401185
2022-04-14,-0.0124517334288733
2022-04-18,0.0004110658451667778
2022-04-19,0.01614280267236949
2022-04-20,-0.0007415864677294082
2022-04-21,-0.014953597862132814
2022-04-22,-0.027439049430763477
2022-04-25,0.00579738769101993
2022-04-26,-0.02896078086234312
2022-04-27,0.0028119086516455163
2022-04-28,0.025259520005965843
2022-04-29,-0.03695568073179458
2022-05-02,0.006019338038030951
2022-05-03,0.004583955374159023
2022-05-04,0.030453082581065632
2022-05-05,-0.03554281586468738
2022-05-06,-0.00596904094609816
2022-05-09,-0.032017197968595944
2022-05-10,0.0023107243251744725
2022-05-11,-0.01588616430314385
2022-05-12,-0.0010441687852789697
2022-05-13,0.02390797281893841
2022-05-16,-0.004057594801940913
2022-05-17,0.0205702528691567
2022-05-18,-0.04031129226298139
2022-05-19,-0.006124808788424397
2022-05-20,0.0004364430986061785
2022-05-23,0.018710199428379187
2022-05-24,-0.007633766073197885
2022-05-25,0.00883493592486626
2022-05-26,0.01998132689949366
2022-05-27,0.02454914723762314
2022-05-31,-0.005611151552921278
2022-06-01,-0.008088222134375685
2022-06-02,0.019043317021395976
2022-06-03,-0.016411525460109575
2022-06-06,0.0030446903026578333
2022-06-07,0.00959216776725905
2022-06-08,-0.010872144879807392
2022-06-09,-0.023782748346231817
2022-06-10,-0.02899576985218302
2022-06-13,-0.03796803539057693
2022-06-14,-0.0030134311746944733
2022-06-15,0.014256644571198303
2022-06-16,-0.03309635139794895
2022-06-17,0.0021557525707028937
2022-06-21,0.02517382705332931
2022-06-22,-0.0018129563260722722
2022-06-23,0.00980252116306493
2022-06-24,0.03179368469829203
2022-06-27,-0.0038196574933992058
2022-06-28,-0.02043278474597471
2022-06-29,-0.0008145500151684186
2022-06-30,-0.00812422276973364
2022-07-01,0.010576535299233615
2022-07-05,0.0018885890752203466
2022-07-06,0.0033773190339600116
2022-07-07,0.014977177301750152
2022-07-08,-0.0008225575582867571
2022-07-11,-0.011423648010942361
2022-07-12,-0.008848931631864688
2022-07-13,-0.005251521676012291
2022-07-14,-0.002428468379774117
2022-07-15,0.019104995274714744
2022-07-18,-0.008256897878522788
2022-07-19,0.02701908644733717
2022-07-20,0.006373145396259968
2022-07-21,0.010183259261027578
2022-07-22,-0.009278181229155878
2022-07-25,0.0012149499042490735
2022-07-26,-0.011830999475381694
2022-07-27,0.025966346263801836
2022-07-28,0.012542395933048527
2022-07-29,0.014578758462476197
2022-08-01,-0.002961310333995415
2022-08-02,-0.006597214392496622
2022-08-03,0.015659554489819177
2022-08-04,-0.0006757767519559017
2022-08-05,-0.0016900388620103685
2022-08-08,-0.0011610196209505888
2022-08-09,-0.003971076279284001
2022-08-10,0.021004178427713578
2022-08-11,0.0
2022-08-12,0.016928847171158577
2022-08-15,0.004120839054306996
2022-08-16,0.001958909852744615
2022-08-17,-0.007098224857937486
2022-08-18,0.0029064579995940853
2022-08-19,-0.013438051390905184
2022-08-22,-0.02082235583634842
2022-08-23,-0.0024192195846225585
2022-08-24,0.0032010451727913195
2022-08-25,0.014117582807678655
2022-08-26,-0.03384911873091097
2022-08-29,-0.0066121906920822765
2022-08-30,-0.010977868955416716
2022-08-31,-0.0076089720090945865
2022-09-01,0.003137748891395422
2022-09-02,-0.010544280907706646
2022-09-06,-0.003773361968503671
2022-09-07,0.017965154473749894
2022-09-08,0.006536142332414091
2022-09-09,0.01553528597851045
2022-09-12,0.010747729314671222
2022-09-13,-0.04348259719176496
2022-09-14,0.003815764173360291
2022-09-15,-0.011353150548555535
2022-09-16,-0.007629016853130857
2022-09-19,0.007755025072844299
2022-09-20,-0.011478455550175775
2022-09-21,-0.017443845527374876
2022-09-22,-0.008399774913559158
2022-09-23,-0.016755130256935646
2022-09-26,-0.0098924933319904
2022-09-27,-0.0025526004021060276
2022-09-28,0.01967627482532229
2022-09-29,-0.020888908936973448
2022-09-30,-0.015463758598803086
2022-10-03,0.026401449323356335
2022-10-04,0.03098664355812203
2022-10-05,-0.002328452548924631
2022-10-06,-0.010315693128437255
2022-10-07,-0.02789377023743535
2022-10-10,-0.007635574122382528
2022-10-11,-0.006332731980323285
2022-10-12,-0.0032986757048859556
2022-10-13,0.02639119598146866
2022-10-14,-0.02278874790641465
2022-10-17,0.025696944357514826
2022-10-18,0.011749572724090388
2022-10-19,-0.007086386132740069
2022-10-20,-0.008385316890139919
2022-10-21,0.024301520299689988
2022-10-24,0.012236512695214466
2022-10-25,0.015968609639872972
2022-10-26,-0.007534357532102937
2022-10-27,-0.005339868234001766
2022-10-28,0.023790616118667084
2022-10-31,-0.007223441607291358
2022-11-01,-0.004375703092353826
2022-11-02,-0.02509593673608796
2022-11-03,-0.010296953570678634
2022-11-04,0.014392899454420622
2022-11-07,0.009565707616311647
2022-11-08,0.00539526853805624
2022-11-09,-0.02060188359982465
2022-11-10,0.05495400582293077
2022-11-11,0.009678489325989602
2022-11-14,-0.008506779855958206
2022-11-15,0.008529167625216426
2022-11-16,-0.007628819612374013
2022-11-17,-0.0030597057142466998
2022-11-18,0.004540295952060658
2022-11-21,-0.003636093886718238
2022-11-22,0.01345705267705778
2022-11-23,0.006301685507771031
2022-11-25,-0.0002237221340743347
2022-11-28,-0.015957330372925432
2022-11-29,-0.0017173193191806781
2022-11-30,0.03150061400583915
2022-12-01,-0.0007357508778433574
2022-12-02,-0.001153751261705865
2022-12-05,-0.017989308739569054
2022-12-06,-0.014414717179859277
2022-12-07,-0.0017013331870803798
2022-12-08,0.007833780170501748
2022-12-09,-0.0074698322155272836
2022-12-12,0.014417234121255998
2022-12-13,0.007569667447038109
2022-12-14,-0.006393494702899642
2022-12-15,-0.024461783307242954
2022-12-16,-0.011806148997782805
2022-12-19,-0.008479619011937433
2022-12-20,0.0013685677002362726
2022-12-21,0.0149522820439435
2022-12-22,-0.014266196014355498
2022-12-23,0.005752375000829884
2022-12-27,-0.003943612260593256
2022-12-28,-0.012427821892214025
2022-12-29,0.018000204886596288
2022-12-30,-0.002634035895883863
2023-01-03,-0.004209758729070845
2023-01-04,0.007720216769982086
2023-01-05,-0.011413195045136116
2023-01-06,0.022931706172576713
2023-01-09,-0.0005669745604277645
2023-01-10,0.007013124035103567
2023-01-11,0.012647951890942493
2023-01-12,0.0036407230968230433
2023-01-13,0.0038795547873768945
2023-01-17,-0.0018320398870523083
2023-01-18,-0.015788176961492827
2023-01-19,-0.007279580446670322
2023-01-20,0.0186290247026418
2023-01-23,0.011998628312543981
2023-01-24,-0.0010733503168659513
2023-01-25,0.0003747171533072846
2023-01-26,0.010990356425762187
2023-01-27,0.0022978887154368097
2023-01-30,-0.01254714644102782
2023-01-31,0.014703576683186255
2023-02-01,0.01062775200363969
2023-02-02,0.0145569897781041
2023-02-03,-0.010629033473966749
2023-02-06,-0.00611149497840795
2023-02-07,0.013078533893259008
2023-02-08,-0.01093460115338334
2023-02-09,-0.008669147283487723
2023-02-10,0.0023336447007866186
2023-02-13,0.011738915687959754
2023-02-14,-0.0004601310796184872
2023-02-15,0.003247289970588299
2023-02-16,-0.013768754847826551
2023-02-17,-0.0024983078822789174
2023-02-21,-0.020060874757841633
2023-02-22,-0.0013779715517981575
2023-02-23,0.005319270639027782
2023-02-24,-0.01068247120757339
2023-02-27,0.003405844000172415
2023-02-28,-0.0036957903289383713
2023-03-01,-0.003835862826502924
2023-03-02,0.0077771332181988
2023-03-03,0.01603792880162073
2023-03-06,0.0006926409941986765
2023-03-07,-0.01532849157742199
2023-03-08,0.0016318571157381385
2023-03-09,-0.018449812778119894
2023-03-10,-0.014429329485228869
2023-03-13,-0.0014253648787341314
2023-03-14,0.016530085938712323
2023-03-15,-0.00625424004853564
2023-03-16,0.01754503916025256
2023-03-17,-0.01169255786708333
2023-03-20,0.009615699744783851
2023-03-21,0.013130401247809873
2023-03-22,-0.01704664490035689
2023-03-23,0.0027033769492020862
2023-03-24,0.0065622355653435615
2023-03-27,0.001869730936738018
2023-03-28,-0.002244634806711556
2023-03-29,0.014534886063090752
2023-03-30,0.005855184253900002
2023-03-31,0.01409474100255131
2023-04-03,0.003810290509348019
2023-04-04,-0.00554784902473066
2023-04-05,-0.0026184768549513725
2023-04-06,0.0039010782215174646
2023-04-10,0.0010262589880424275
2023-04-11,0.0002686936841421314
2023-04-12,-0.004075998804467036
2023-04-13,0.013282718811559614
2023-04-14,-0.002442999128133535
2023-04-17,0.003588507040581728
2023-04-18,0.0006521178700162533
2023-04-19,-0.00016890611551716243
2023-04-20,-0.005457012481153589
2023-04-21,0.0007767201561705104
2023-04-24,0.001043432026867872
2023-04-25,-0.015874085042295902
2023-04-26,-0.004235531400560457
2023-04-27,0.01990800822805484
2023-04-28,0.008535184411177694
2023-05-01,-0.0010096289868275412
2023-05-02,-0.011239418194281404
2023-05-03,-0.006863877028817065
2023-05-04,-0.007083018355884508
2023-05-05,0.018512789809378222
2023-05-08,0.0002664181024650665
2023-05-09,-0.00438534508442409
2023-05-10,0.0046723364839298944
2023-05-11,-0.0017438812258462838
2023-05-12,-0.0013104277613935637
2023-05-15,0.0034501945104945062
2023-05-16,-0.006682647851036963
2023-05-17,0.012138856944051446
2023-05-18,0.009633397702854762
2023-05-19,-0.0014551180216355575
2023-05-22,0.00040605323111928617
2023-05-23,-0.011222856640103923
2023-05-24,-0.007244746440802114
2023-05-25,0.008659972862957938
2023-05-26,0.012950689020501812
2023-05-30,0.000380719808585281
2023-05-31,-0.005545151758514786
2023-06-01,0.009501062085327326
2023-06-02,0.01446123216752548
2023-06-05,-0.0019163497826974946
2023-06-06,0.002177570464505579
2023-06-07,-0.003457747147492642
2023-06-08,0.006048328191185814
2023-06-09,0.0017945579164024643
2023-06-12,0.00907178451625799
2023-06-13,0.00659279892778847
2023-06-14,0.001190826475472617
2023-06-15,0.0123978176504696
2023-06-16,-0.003406141915234322
2023-06-20,-0.005188385635337877
2023-06-21,-0.005123704210498255
2023-06-22,0.003609693165129225
2023-06-23,-0.0075598569609327
2023-06-26,-0.004085771139639721
2023-06-27,0.010963150952728644
2023-06-28,0.0005043979012154767
2023-06-29,0.003941387192481856
2023-06-30,0.011800718150162084
2023-07-03,0.0011505768465483231
2023-07-05,-0.0014870685429690682
2023-07-06,-0.007830740261612783
2023-07-07,-0.0025247215782113674
2023-07-10,0.0025311119311207365
2023-07-11,0.006368466628352244
2023-07-12,0.00804592578206555
2023-07-13,0.007936993324988472
2023-07-14,-0.000622878809102055
2023-07-17,0.003472144423792176
2023-07-18,0.00743057428485838
2023-07-19,0.0022237144092079188
2023-07-20,-0.006634366394639041
2023-07-21,0.0
2023-07-24,0.004467268206254625
2023-07-25,0.0027299939690813694
2023-07-26,0.00015374415118551383
2023-07-27,-0.006630060036750707
2023-07-28,0.009790435347159553
2023-07-31,0.0019040747212935559
2023-08-01,-0.002861540149831996
2023-08-02,-0.013910770412113287
2023-08-03,-0.002866072791024803
2023-08-04,-0.004522727226096246
2023-08-07,0.00872856096474788
2023-08-08,-0.004348604483360493
2023-08-09,-0.006685282972830812
2023-08-10,0.00035898324034843387
2023-08-11,-0.0005831117228672518
2023-08-14,0.00552020498060457
2023-08-15,-0.011648984596405674
2023-08-16,-0.0073383827092740805
2023-08-17,-0.007619654910314661
2023-08-18,0.00048111324801737305
2023-08-21,0.006506455639300462
2023-08-22,-0.002708634772613891
2023-08-23,0.011137637578872756
2023-08-24,-0.013858939280687585
2023-08-25,0.007049641357818434
2023-08-28,0.0063415333734011285
2023-08-29,0.014454863587514395
2023-08-30,0.004118563498444456
2023-08-31,-0.001463403711992799
2023-09-01,0.0018653588048052274
2023-09-05,-0.004321948151543168
2023-09-06,-0.0067224537277734584
2023-09-07,-0.0030701693208236916
2023-09-08,0.001506011302972825
2023-09-11,0.006576726503860688
2023-09-12,-0.005485737641547065
2023-09-13,0.0011660143555905177
2023-09-14,0.008622340122894857
2023-09-15,-0.012048269229589514
2023-09-18,0.000586460743315618
2023-09-19,-0.00207377142435278
2023-09-20,-0.00919329032833578
2023-09-21,-0.016528353855715338
2023-09-22,-0.002248656600978949
2023-09-25,0.004205065325660794
2023-09-26,-0.014691203522099438
2023-09-27,0.0003992285296895476
2023-09-28,0.00579753309422356
2023-09-29,-0.0024269143583903778
2023-10-02,-0.0003978082203138021
2023-10-03,-0.013386086485666688
2023-10-04,0.0072819802494759585
2023-10-05,-0.0003767538128439667
2023-10-06,0.011872814362115769
2023-10-09,0.006402330316808751
2023-10-10,0.0052047335244073175
2023-10-11,0.004096378944326764
2023-10-12,-0.00609651024993509
2023-10-13,-0.004980984461905769
2023-10-16,0.010521369152287267
2023-10-17,-4.586514138945833e-05
2023-10-18,-0.013324942724003433
2023-10-19,-0.008786496914777784
2023-10-20,-0.012287992776404704
2023-10-23,-0.001733251080915328
2023-10-24,0.007539374240291974
2023-10-25,-0.014352051943946504
2023-10-26,-0.011974792686259523
2023-10-27,-0.004532642265123023
2023-10-30,0.011955819469930726
2023-10-31,0.006280076742449467
2023-11-01,0.010664769335574194
2023-11-02,0.019164464276355687
2023-11-03,0.009123483012962773
2023-11-06,0.0023003058411636594
2023-11-07,0.0028461409068895683
2023-11-08,0.0007322749590716164
2023-11-09,-0.007798583360001899
2023-11-10,0.01560458721866444
2023-11-13,-0.0009530344343478494
2023-11-14,0.0194006387611932
2023-11-15,0.0021171249186914586
2023-11-16,0.0012231033032163233
2023-11-17,0.00124381894657384
2023-11-20,0.007697646973265948
2023-11-21,-0.0021794026043324734
2023-11-22,0.0038607866057750254
2023-11-24,0.0006153974115337534
2023-11-27,-0.0018010623306986466
2023-11-28,0.000990164431630925
2023-11-29,-0.0007034405218188984
2023-11-30,0.003937390164487631
2023-12-01,0.0059160635473986395
2023-12-04,-0.005249422708247204
2023-12-05,-0.00019699140152972867
2023-12-06,-0.004029798065167449
2023-12-07,0.007630307244143668
2023-12-08,0.00429908137468952
2023-12-11,0.003889700503788002
2023-12-12,0.004567183051030885
2023-12-13,0.01379007844462692
2023-12-14,0.0032093312864133468
2023-12-15,-0.0016463939025904391
2023-12-18,0.005624953749335703
2023-12-19,0.006080955334676911
2023-12-20,-0.013857358320853113
2023-12-21,0.009482002831388867
2023-12-22,0.0020095866236111127
2023-12-26,0.004222640502056459
2023-12-27,0.0018080852180088415
2023-12-28,0.0003776580662703263
2023-12-29,-0.002894902529267864
2024-01-02,-0.0055963559401995345
2024-01-03,-0.008166889155312189
2024-01-04,-0.0032210069540969367
2024-01-05,0.0013698325243160449
2024-01-08,0.014275803633610697
2024-01-09,-0.001516977477493032
2024-01-10,0.005655342414442944
2024-01-11,-0.00044057693754983934
2024-01-12,0.0006925836386708851
2024-01-16,-0.0036711015645206763
2024-01-17,-0.005558629120554067
2024-01-18,0.008892804945121308
2024-01-19,0.012466083756833021
2024-01-22,0.002114345834856296
2024-01-23,0.002916484677014544
2024-01-24,0.00109311760364597
2024-01-25,0.005438972343487593
2024-01-26,-0.0012703888957987918
2024-01-29,0.007919316407323468
2024-01-30,-0.0007734241306917418
2024-01-31,-0.016317332389816516
2024-02-01,0.013088177263831343
2024-02-02,0.01052734589663053
2024-02-05,-0.0036411212279222798
2024-02-06,0.002903296810174272
2024-02-07,0.008340343964781003
2024-02-08,0.00044170854967677325
2024-02-09,0.005779330513448423
2024-02-12,-0.0004387878940319061
2024-02-13,-0.013772966424973651
2024-02-14,0.009087523700343459
2024-02-15,0.006899796092823185
2024-02-16,-0.004979971879519385
2024-02-20,-0.005505549778917402
2024-02-21,0.0009059117482459895
2024-02-22,0.02069560036256917
2024-02-23,0.0006895074148595275
2024-02-26,-0.0036625515246058015
2024-02-27,0.0018578146153024452
2024-02-28,-0.00132168981328357
2024-02-29,0.003594992932092496
2024-03-01,0.009388320386303725
2024-03-04,-0.0010724808253800633
2024-03-05,-0.009994155680371083
2024-03-06,0.005067159877519194
2024-03-07,0.009926557054981678
2024-03-08,-0.006002298658895255
2024-03-11,-0.0008598424211428236
2024-03-12,0.010757433934536932
2024-03-13,-0.0015675799295613595
2024-03-14,-0.0019766001329379643
2024-03-15,-0.006866743545241483
2024-03-18,0.005943123520944027
2024-03-19,0.0055572273176933175
2024-03-20,0.009249341771829546
2024-03-21,0.003304607562458948
2024-03-22,-0.0018958882911404781
2024-03-25,-0.0027627020336250213
2024-03-26,-0.001847145589442727
2024-03-27,0.008404023423034427
2024-03-28,-0.00019109298883907645
2024-04-01,-0.001739927273478642
2024-04-02,-0.006357979786310361
2024-04-03,0.0010984776093445443
2024-04-04,-0.012206095559228991
2024-04-05,0.010446712129505036
2024-04-08,0.0005596122833502316
2024-04-09,0.0011566362672096283
2024-04-10,-0.0100132857080629
2024-04-11,0.007547149056468867
2024-04-12,-0.013803154819655793
2024-04-15,-0.012528095191382491
2024-04-16,-0.0018237697324105906
2024-04-17,-0.005918332748571692
2024-04-18,-0.0020577313435046762
2024-04-19,-0.008728372635991053
2024-04-22,0.00920916018832151
2024-04-23,0.01186668063274377
2024-04-24,-0.0004745883359384534
2024-04-25,-0.003798882403733361
2024-04-26,0.009473828719766368
2024-04-29,0.0035414433560692882
2024-04-30,-0.015841264581001595
2024-05-01,-0.0032472023462525017
2024-05-02,0.009353506822527259
2024-05-03,0.012395318365177918
2024-05-06,0.010326753519334765
2024-05-07,0.0011034265646265723
2024-05-08,9.67213585851415e-05
2024-05-09,0.005761897110455497
2024-05-10,0.0012881662358383708
2024-05-13,0.00013409806833632738
2024-05-14,0.004588217008050174
2024-05-15,0.012383377860594869
2024-05-16,-0.0020577669225798553
2024-05-17,0.0014374286500424608
2024-05-20,0.001152185169971643
2024-05-21,0.0024526293065789003
2024-05-22,-0.002879332687332237
2024-05-23,-0.0073043313047378615
2024-05-24,0.006616636337803344
2024-05-28,0.0006983502128994921
2024-05-29,-0.00700211209072312
2024-05-30,-0.006633806386637647
2024-05-31,0.009107986086604384
2024-06-03,0.0008154776805879732
2024-06-04,0.0011179275456751978
2024-06-05,0.01188508170131484
2024-06-06,-1.8686534095696913e-05
2024-06-07,-0.0012154701067455887
2024-06-10,0.003089559088288246
2024-06-11,0.002408336574948889
2024-06-12,0.008213141447610943
2024-06-13,0.0020134022528376368
2024-06-14,0.0006082746199470983
2024-06-17,0.007959026912321506
2024-06-18,0.0025405972976406213
2024-06-20,-0.0027164305843207044
2024-06-21,-0.0013408350558062857
2024-06-24,-0.0032505302040605516
2024-06-25,0.003850968477776292
2024-06-26,0.0012479217590420008
2024-06-27,0.0015765874637471572
2024-06-28,-0.00393520705148017
2024-07-01,0.002058185548828188
2024-07-02,0.006729719187871643
2024-07-03,0.0044626492707465675
2024-07-05,0.005766378364785532
2024-07-08,0.0011541395099446848
2024-07-09,0.0009723301022345319
2024-07-10,0.00989528643591864
2024-07-11,-0.008622663565480422
2024-07-12,0.006307531646837657
2024-07-15,0.0027499589787905528
2024-07-16,0.005930341079943152
2024-07-17,-0.01402123627324994
2024-07-18,-0.007684943951743415
2024-07-19,-0.006640358797656568
2024-07-22,0.010309898209649924
2024-07-23,-0.0015686751905057829
2024-07-24,-0.022662371094375612
2024-07-25,-0.005210632212573889
2024-07-26,0.011199678546703505
2024-07-29,0.000587881157810657
2024-07-30,-0.00506648984638182
2024-07-31,0.016254764957279774
2024-08-01,-0.014161009832344678
2024-08-02,-0.01861858093128432
2024-08-05,-0.029123558179180234
2024-08-06,0.00921968197172735
2024-08-07,-0.006684087927766603
2024-08-08,0.023117343100527984
2024-08-09,0.004409665594162278
2024-08-12,0.0005254170960922177
2024-08-13,0.01644569275588241
2024-08-14,0.0031548715853327936
2024-08-15,0.01714010242799975
2024-08-16,0.002242124788661222
2024-08-19,0.009561442809821448
2024-08-20,-0.0016264044541387747
2024-08-21,0.003436697335542177
2024-08-22,-0.007848450978911254
2024-08-23,0.010625307140247838
2024-08-26,-0.0023838218344441643
2024-08-27,0.0013731295939919158
2024-08-28,-0.005805323569158616
2024-08-29,8.941477190370219e-05
2024-08-30,0.00954599642170967
2024-09-03,-0.020579018022183457
2024-09-04,-0.00204669505264794
2024-09-05,-0.0024324222928842894
2024-09-06,-0.01682994912461563
2024-09-09,0.011196352885878735
2024-09-10,0.004355497853143975
2024-09-11,0.010259102046946916
2024-09-12,0.008423251468383575
2024-09-13,0.005222644664893371
2024-09-16,0.001476805263761477
2024-09-17,0.0004087470306581417
2024-09-18,-0.002965737010842777
2024-09-19,0.01706435672837585
2024-09-20,-0.0017287267010225366
2024-09-23,0.002498846453797329
2024-09-24,0.00286135860384466
2024-09-25,-0.0022054765727956465
2024-09-26,0.003964786421970311
2024-09-27,-0.001450399828304433
2024-09-30,0.0040073139981944466
2024-10-01,-0.008958539207961308
2024-10-02,0.00042202363793600463
2024-10-03,-0.0018283269491177138
2024-10-04,0.009087557976675605
2024-10-07,-0.009040591773187903
2024-10-08,0.009457503096890441
2024-10-09,0.006926579822679818
2024-10-10,-0.001749946551651013
2024-10-11,0.005988146615026412
2024-10-14,0.008178293433608683
2024-10-15,-0.007769661100431085
2024-10-16,0.004346544896921285
2024-10-17,8.56817808684701e-05
2024-10-18,0.003846664412038513
2024-10-21,-0.0016422990434823107
2024-10-22,-0.0005311078445291987
2024-10-23,-0.009137361442769
2024-10-24,0.0021624471434220165
2024-10-25,-0.0003450767965661786
2024-10-28,0.0030913421176221923
2024-10-29,0.0016185281316960488
2024-10-30,-0.003025529596480133
2024-10-31,-0.01960299845142309
2024-11-01,0.004220417517483497
2024-11-04,-0.002153773948651912
2024-11-05,0.012091813620813262
2024-11-06,0.024865513828021848
2024-11-07,0.007732245217411883
2024-11-08,0.004331669349693946
2024-11-11,0.0009528509953159147
2024-11-12,-0.0031064366761221424
2024-11-13,0.0004857196030594372
2024-11-14,-0.006430072348900881
2024-11-15,-0.012808560073861093
2024-11-18,0.004097457137459901
2024-11-19,0.0036553147250503455
2024-11-20,0.00033882287032160245
2024-11-21,0.005368359607974181
2024-11-22,0.0030993072050214962
2024-11-25,0.0033920353596276803
2024-11-26,0.005221702644793905
2024-11-27,-0.003030023282920965
2024-11-29,0.0062118336311807335
2024-12-02,0.0017925294106125576
2024-12-03,0.00046395959775685623
2024-12-04,0.006209419130362853
2024-12-05,-0.001645715774866493
2024-12-06,0.001895770110546104
2024-12-09,-0.005149618373468509
2024-12-10,-0.0031092756148897423
2024-12-11,0.007730670035946559
2024-12-12,-0.005152585929971089
2024-12-13,-0.00019859475098160778
2024-12-16,0.004270015185904867
2024-12-17,-0.00411993131904178
2024-12-18,-0.029803479461340696
2024-12-19,-0.0003070633844647655
2024-12-20,0.012010793029405956
2024-12-23,0.005988445688672833
2024-12-24,0.011114965714091365
2024-12-26,6.655015387264971e-05
2024-12-27,-0.010526643697524736
2024-12-30,-0.01141137026498264
2024-12-31,-0.0036380706862343365
2025-01-02,-0.002456960451729031
2025-01-03,0.012503367773418227
2025-01-06,0.005760515948445527
2025-01-07,-0.011303996052868151
2025-01-08,0.0014609389149277444
2025-01-10,-0.01526754467506162
2025-01-13,0.0015505757543042334
2025-01-14,0.0013759416379806992
2025-01-15,0.01819008810431414
2025-01-16,-0.0019232576219280135
2025-01-17,0.010039902527342394
2025-01-21,0.009153611205534783
2025-01-22,0.005621358748384676
2025-01-23,0.005458168765753155
2025-01-24,-0.0029193693517148575
2025-01-27,-0.014145474165838457
2025-01-28,0.008592471315944048
2025-01-29,-0.004482877969565639
2025-01-30,0.005366966419412619
2025-01-31,-0.005321858304584046
2025-02-03,-0.006729511705034032
2025-02-04,0.006708265813236941
2025-02-05,0.004054459755776843
2025-02-06,0.003475608324156096
2025-02-07,-0.00915335495396071
2025-02-10,0.006790995601432909
2025-02-11,0.0007605777880624065
2025-02-12,-0.003221465386853958
2025-02-13,0.010557725405689085
2025-02-14,-4.940114886250283e-05
2025-02-18,0.0029358389255168416
2025-02-19,0.0023550674303435886
2025-02-20,-0.004160218732082137
2025-02-21,-0.01710426448858805
2025-02-24,-0.004550503094750817
2025-02-25,-0.004973027769632163
2025-02-26,0.0005046895598905958
2025-02-27,-0.015961876062660474
2025-02-28,0.015605521885163723
2025-03-03,-0.017519703368816
2025-03-04,-0.011837048424289008
2025-03-05,0.010747773049082249
2025-03-06,-0.01775104791980274
2025-03-07,0.005604894238985023
2025-03-10,-0.026635733977431773
2025-03-11,-0.008312773804027118
2025-03-12,0.0053064553234434585
2025-03-13,-0.013330354897815238
2025-03-14,0.020655618404500566
2025-03-17,0.007711356827039343
2025-03-18,-0.01080822529899644
2025-03-19,0.010890710737127489
2025-03-20,-0.0028917468128181025
2025-03-21,0.00032983072981294514
2025-03-24,0.017908623115347903
2025-03-25,0.002403846153846154
2025-03-26,-0.011938329377862756
2025-03-27,-0.0026556741081050113
2025-03-28,-0.020138325776888493
2025-03-31,0.00671283180870149
2025-04-01,0.002824468343526517
2025-04-02,0.006328306068178998
2025-04-03,-0.04928073526793271
2025-04-04,-0.058542986179473205
2025-04-07,-0.0017811906998882166
2025-04-08,-0.01566289708207384
2025-04-09,0.10501916397611154
2025-04-10,-0.04381874847813083
2025-04-11,0.017842727424663914
2025-04-14,0.009701543182761571
2025-04-15,-0.0028010717684582376
2025-04-16,-0.022227995474396096
2025-04-17,0.0014268371206644095
2025-04-21,-0.023802704228313785
2025-04-22,0.026017710751281252
2025-04-23,0.015495596298727946
2025-04-24,0.02104903301992019
2025-04-25,0.007225206368396317
2025-04-28,0.0003812053910532909
2025-04-29,0.006299600894990056
2025-04-30,0.00039669609463664415
2025-05-01,0.007086900065847369
2025-05-02,0.014844223315300978
2025-05-05,-0.005734332018031852
2025-05-06,-0.00835827120794741
2025-05-07,0.004205532915692917
2025-05-08,0.006967704526426082
2025-05-09,-0.0012742010630860197
2025-05-12,0.03304736446237658
2025-05-13,0.0066039766050004604
2025-05-14,0.0012779787149457217
2025-05-15,0.0048843763420683296
2025-05-16,0.006334220447853071
2025-05-19,0.001093716258634135
2025-05-20,-0.0033623664049997714
2025-05-21,-0.01685065343849973
2025-05-22,0.00039462370708041373
2025-05-23,-0.006825776225207945
2025-05-27,0.020790563187529927
2025-05-28,-0.005785229621702368
2025-05-29,0.003947320636030645
2025-05-30,-0.0011184442562377243
2025-06-02,0.005632802267017104
2025-06-03,0.005702690853543383
2025-06-04,-0.0002683464725606364
2025-06-05,-0.004832886576524001
2025-06-06,0.010269106845499284
2025-06-09,0.0009010846984405777
2025-06-10,0.005669725968590689
2025-06-11,-0.0028519580667510456
2025-06-12,0.00397423915472665
2025-06-13,-0.011180074561920966
2025-06-16,0.00951416955659056
2025-06-17,-0.008544977649466587
2025-06-18,-0.00015067196998772196
2025-06-20,-0.0023485936531058424
2025-06-23,0.009877550026144773
2025-06-24,0.011047404126497318
2025-06-25,0.0005600425685369044
2025-06-26,0.007823775718701126
2025-06-27,0.004968325019594648
2025-06-30,0.0047811807221521604
2025-07-01,-0.00032341662529670724
2025-07-02,0.004533203898120652
2025-07-03,0.007881328292426066
2025-07-07,-0.00745197706018585
2025-07-08,-0.0005476003661566627
2025-07-09,0.005996587340449191
2025-07-10,0.0028202230483271376
2025-07-11,-0.00351533998441471
2025-07-14,0.0019082598804728548
2025-07-15,-0.004273426416666601
2025-07-16,0.0033432228266317065
2025-07-17,0.006119770051491142
2025-07-18,-0.0007324784861533394
2025-07-21,0.001896218977212842
2025-07-22,0.00014305906725881707
2025-07-23,0.00850745217355718
2025-07-24,0.0003311688837423586
2025-07-25,0.0042243940055555545
2025-07-28,-0.00025120692449411225
2025-07-29,-0.002637607015591758
2025-07-30,-0.0012593805935410486
2025-07-31,-0.0037510209048551776
2025-08-01,-0.01639049835771051
2025-08-04,0.015199695512541451
2025-08-05,-0.00506987210004051
2025-08-06,0.007659568766771007
2025-08-07,-0.0008375656453195459
2025-08-08,0.0077975437101298105
2025-08-11,-0.001977460235009697
2025-08-12,0.010645956381075274
2025-08-13,0.003423258482342251
2025-08-14,9.305267750445765e-05
2025-08-15,-0.002341256111529276
2025-08-18,-0.00021767629592630926
2025-08-19,-0.005425205036764433
2025-08-20,-0.0026570072365471303
2025-08-21,-0.004011882952798594
2025-08-22,0.015356810474449752
2025-08-25,-0.004401019998962707
2025-08-26,0.004187062906761274
2025-08-27,0.0022785489128084426
2025-08-28,0.0035413160071788787
2025-08-29,-0.00596367132205789
2025-09-02,-0.0074103350513758355
2025-09-03,0.005419573443143225
2025-09-04,0.008357412484973254
2025-09-05,-0.002896237978525199
2025-09-08,0.0024566562940753884
2025-09-09,0.002311809143688578
2025-09-10,0.0028909443332924916
2025-09-11,0.00831015261427859
2025-09-12,-0.00033461472176837625
2025-09-15,0.005323914685996312
2025-09-16,-0.0013767469794032736
2025-09-17,-0.0012425427283411286
2025-09-18,0.004672464780074311
2025-09-19,0.004952930300824589
2025-09-22,0.0047310851639017935
2025-09-23,-0.005443572672652725
2025-09-24,-0.0031816581403537004
2025-09-25,-0.00461344557576943
2025-09-26,0.0057291039210456375
2025-09-29,0.0028104341691521733
2025-09-30,0.0037667067961630737
2025-10-01,0.0034076994727081215
2025-10-02,0.0011516391661054448
2025-10-03,-1.465779713221582e-05
2025-10-06,0.003586234743913468
2025-10-07,-0.0037075342375781617
2025-10-08,0.005963018112918766
2025-10-09,-0.002897019428214447
2025-10-10,-0.02702778475355449
2025-10-13,0.01534395798234142
2025-10-14,-0.0012216094893441579
2025-10-15,0.004439561594340614
2025-10-16,-0.006810165590735444
2025-10-17,0.005676293099704839
2025-10-20,0.010400512350939221
2025-10-21,-1.4888082971837812e-05
2025-10-22,-0.005198959215603237
2025-10-23,0.005929906487662103
2025-10-24,0.008172552647061038
2025-10-27,0.011797719544200343
2025-10-28,0.0026559489971361666
2025-10-29,0.0004804859921407182
2025-10-30,-0.01099821288688773
2025-10-31,0.003280200009982349
2025-11-03,0.0018766966520846094
2025-11-04,-0.011853550232820505
2025-11-05,0.003465402168103389
2025-11-06,-0.010729329446956058
2025-11-07,0.0009845249103577966
2025-11-10,0.015604317681877512
2025-11-11,0.0022892485351108946
2025-11-12,0.0005564170786802655
2025-11-13,-0.01659394535989554
2025-11-14,-0.00016377218004547982
2025-11-17,-0.009316343899685229
2025-11-18,-0.008397645619354863
2025-11-19,0.003863236529352943
2025-11-20,-0.015242276237766922
2025-11-21,0.009961292211046652
2025-11-24,0.014718458129947846
2025-11-25,0.009406036868025987
2025-11-26,0.00690345049140953
2025-11-28,0.005458463854877622
2025-12-01,-0.004565522464928946
2025-12-02,0.0018521605335180022
2025-12-03,0.0034629295451572622
2025-12-04,0.0007309706763756556
2025-12-05,0.001899514150938719
2025-12-08,-0.003004291266267696
2025-12-09,-0.0008630053269348989
2025-12-10,0.006632175045054948
2025-12-11,0.0023268920365343494
2025-12-12,-0.01075192004326979
2025-12-15,-0.0015108498675291614
2025-12-16,-0.0027323632563165
2025-12-17,-0.011003564285317673
2025-12-18,0.007551360600256901
2025-12-19,0.009063394238406302
2025-12-22,0.006229909040435843
2025-12-23,0.004570434077165102
2025-12-24,0.003517646933646728
2025-12-26,-0.00010148328648678317
2025-12-29,-0.0035635921921759227
2025-12-30,-0.0012211161976793516
2025-12-31,-0.007408984561101224
2026-01-02,0.001833124841917563
2026-01-05,0.006660087823948728
2026-01-06,0.005947168223619464
2026-01-07,-0.003223414366969361
2026-01-08,-0.00010151182144409575
2026-01-09,0.006613390447410155
2026-01-12,0.001570344549670754
2026-01-13,-0.001999339894861002
2026-01-14,-0.004915311116992438
2026-01-15,0.002723288203887003
2026-01-16,-0.0008379420888714449
2026-01-20,-0.02035674687982771
2026-01-21,0.011540989809479119
2026-01-22,0.005223305017284176
2026-01-23,0.0003627431452660859
2026-01-26,0.005078168996109355
2026-01-27,0.003984291573067929
2026-01-28,-0.00010073765791224875
2026-01-29,-0.0019843514508082246
2026-01-30,-0.002982534024791051
2026-02-02,0.004971300173138569
2026-02-03,-0.008455418456572782
2026-02-04,-0.00484383887388998
2026-02-05,-0.012489280981794835
2026-02-06,0.019184768306484256
2026-02-09,0.004821764992575322
2026-02-10,-0.0026370466495768317
2026-02-11,-0.0002311628084725924
2026-02-12,-0.01544881955700174
2026-02-13,0.000704442683989829
2026-02-17,0.0016135196762241744
2026-02-18,0.005037695790158585
2026-02-19,-0.0026373503847036007
2026-02-20,0.007231744186485395
2026-02-23,-0.010211295817177574
2026-02-24,0.007268496179203397
2026-02-25,0.008438408868665433
2026-02-26,-0.005554482757151848
2026-02-27,-0.004801996079766445
2026-03-02,0.0005685897092167128
2026-03-03,-0.008814360718000052
2026-03-04,0.007055245231977172
2026-03-05,-0.005575510954580339
2026-03-06,-0.013107174917892817
2026-03-09,0.008760124399694627
2026-03-10,-0.0016071969630670274
2026-03-11,-0.0012550721328114661
2026-03-12,-0.015185020398155108
2026-03-13,-0.005660061445393586
2026-03-16,0.010176873245252587
2026-03-17,0.0026305491982851737
2026-03-18,-0.013953630828001017
2026-03-19,-0.0024643625774001796
2026-03-20,-0.014335866992629296
2026-03-23,0.01050005528435691
2026-03-24,-0.0033568197458091
2026-03-25,0.005572814791767021
2026-03-26,-0.017858712243157555
2026-03-27,-0.017051918792561804
2026-03-30,-0.0033434695152201386
2026-03-31,0.029067925398621318
2026-04-01,0.007534429672273627
2026-04-02,0.0009005422726844623
2026-04-06,0.004726703240241921
2026-04-07,0.00044006913749614345
2026-04-08,0.025469604617288255
2026-04-09,0.005769096571727407
2026-04-10,-0.0006617946789001089
2026-04-13,0.00977233722544531
2026-04-14,0.012184915010662616
2026-04-15,0.007891042626046271
2026-04-16,0.002457314696140654
2026-04-17,0.012085709684532002
2026-04-20,-0.001999776957922015
2026-04-21,-0.006546877598048877
2026-04-22,0.010126679110719542
2026-04-23,-0.003880717280620487
2026-04-24,0.007749242969428443
2026-04-27,0.0017229416659828574
2026-04-28,-0.004865980739709015
2026-04-29,-0.0001546344034137484
2026-04-30,0.00994968518325028
2026-05-01,0.002769057371556796
2026-05-04,-0.003663380950929797
2026-05-05,0.008022242913074554
2026-05-06,0.013899418730160049
2026-05-07,-0.0030660889376450734
2026-05-08,0.00825605475459787
2026-05-11,0.0022775635209937783
2026-05-12,-0.0015148976832113873
2026-05-13,0.005594852718878201
2026-05-14,0.00789424948476151
2026-05-15,-0.012029288059682034
2026-05-18,-0.000703513442567551
2026-05-19,-0.006660884222331552
2026-05-20,0.010249029332388027
2026-05-21,0.0019831294549137427
2026-05-22,0.003931565762728384
2026-05-26,0.006638589859918448
2026-05-27,-0.00017326372381500893
2026-05-28,0.005516626676954212
2026-05-29,0.002491413132097412
2026-06-01,0.0027230637662388423
2026-06-02,0.0013579961566573756
2026-06-03,-0.00701716271996524
2026-06-04,0.003778634283035885
2026-06-05,-0.025809369612244466
2026-06-08,0.0022642224409121364
2026-06-09,-0.0029354370646127266
2026-06-10,-0.015765592933211107
2026-06-11,0.016996857394829954
2026-06-12,0.005408207317551787
2026-06-15,0.017634009390668448
2026-06-16,-0.005961575485861169
2026-06-17,-0.01248789492983045
2026-06-18,0.010396979807429608
2026-06-22,-0.003146928266652639
2026-06-23,-0.014522012225013637
2026-06-24,-0.00046350036778925174
2026-06-25,0.001445636828724747
2026-06-26,-0.007231332133985836
2026-06-29,0.016474812758940246
2026-06-30,0.007786815227913101
2026-07-01,-0.0013525036475483814
2026-07-02,-0.0013140507435594202
2026-07-06,0.00872739222411633
2026-07-07,-0.004751890339538715
2026-07-08,-0.0030894091522385677
2026-07-09,0.008465256756416212
2026-07-10,0.004310118179872061
2026-07-13,-0.007656140611366311
2026-07-14,0.003550637916686847
2026-07-15,0.003963630921285592
2026-07-16,-0.005418616825605735
2026-07-17,-0.009897199757215737
2026-07-20,-0.0016143534967410409
2026-07-21,0.008341327043244197
2026-07-22,-0.001162766737217661
2026-07-23,-0.012349253784127882
2026-07-24,0.0010159657563921834
2026-07-27,0.0002166165423495277
2026-07-28,0.002394766697551571
2026-07-29,-0.015387445003102447
2026-07-30,0.016765743693375593
2026-07-31,0.007199869193782943
2026-08-03,0.014242990614400514
2026-08-04,0.01802895214665108
2026-08-05,-0.0019965624761277556
2026-08-06,-0.0015978064697252158
2026-08-07,0.006115328078506501
2026-08-10,-0.0002974431285414842
2026-08-11,-0.003195199981383496
2026-08-12,0.0025046088948633602
2026-08-13,0.006977515074108177
2026-08-14,-0.001979750679941985
2026-08-17,-0.004727362317670929
2026-08-18,-0.006755744960808332
2026-08-19,0.0020977847370852736
2026-08-20,-0.008399827926766561
2026-08-21,0.00409122999185862
2026-08-24,-0.0029384361156036846
2026-08-25,0.0031959397668177335
2026-08-26,0.00022200767959634386
2026-08-27,0.0065528446297567705
2026-08-28,-0.0022694869107554683
2026-08-31,-0.0029895480342588365
2026-09-01,-0.00687041393747412
2026-09-02,0.004436916429827645
2026-09-03,0.0104684179415366
2026-09-04,-0.0038542322600894144
2026-09-08,-0.00549217893001458
2026-09-09,-0.004647717444469554
2026-09-10,-0.005994275703456624
2026-09-11,0.0085243014611162
2026-09-14,-0.004461653484890733
2026-09-15,-0.0045867524091346475
2026-09-16,-0.004409880484782289
2026-09-17,0.011338753705953048
2026-09-18,0.0012869590529586057
2026-09-21,0.015504992215651728
2026-09-22,-0.0001551326660471881
2026-09-23,-0.007202161019229807
2026-09-24,-0.0008205218541250143
2026-09-25,0.005435468794763696
