date,returns
2009-01-02,0.0
2009-01-05,0.0007250632630428196
2009-01-06,0.00045395486018163985
2009-01-07,0.00018127153695724982
2009-01-08,-0.0010877828292349307
2009-01-09,0.0007255686312787669
2009-01-12,0.0005439134931070083
2009-01-13,0.0
2009-01-14,0.00018129360350054453
2009-01-15,-0.0006336237449468528
2009-01-16,9.060012717346022e-05
2009-01-20,0.0
2009-01-21,-0.00036306926124964403
2009-01-22,0.00027257630579359315
2009-01-23,0.000361874273686057
2009-01-26,-0.0003617433680674768
2009-01-27,0.0001809371368430285
2009-01-28,0.0
2009-01-29,-0.0002721019715072494
2009-01-30,0.0
2009-02-02,0.00011841367774463169
2009-02-03,-0.000272582322843416
2009-02-04,-0.0006347074713535069
2009-02-05,0.0006351105807842663
2009-02-06,-0.0006347074713535069
2009-02-09,0.0003632463833151754
2009-02-10,0.00018067972960343916
2009-02-11,-0.00018064709033600358
2009-02-12,-0.00018146949044191946
2009-02-13,9.083898092881673e-05
2009-02-17,-0.00036279636487520386
2009-02-18,0.00045361614680342397
2009-02-19,-0.001088114933017312
2009-02-20,0.0003629829432276932
2009-02-23,0.0007260537285027987
2009-02-24,-9.064699401668413e-05
2009-02-25,-0.00036279636487520386
2009-02-26,9.033694891827429e-05
2009-02-27,0.00018171097473717088
2009-03-02,0.0003174537140285315
2009-03-03,0.0
2009-03-04,0.00018214674148604365
2009-03-05,-9.114450834599473e-05
2009-03-06,0.0
2009-03-09,0.0
2009-03-10,0.00018134058859452798
2009-03-11,0.0
2009-03-12,0.00018165857170575206
2009-03-13,0.00018092398219736079
2009-03-16,-0.0003624839780152678
2009-03-17,9.104857432668789e-05
2009-03-18,0.0003620561632606666
2009-03-19,-0.00018078721169831788
2009-03-20,-9.058533383983952e-05
2009-03-23,0.00018092398219736079
2009-03-24,-9.031410192446198e-05
2009-03-25,9.032225929819429e-05
2009-03-26,9.048946911266483e-05
2009-03-27,-0.00018078721169831788
2009-03-30,0.0002721067675750455
2009-03-31,0.0
2009-04-01,-0.0001727929557282706
2009-04-02,-0.00018088963680377217
2009-04-03,0.00018092236378444682
2009-04-06,-0.00018088963680377217
2009-04-07,0.00036298481032662406
2009-04-08,0.0
2009-04-09,-9.108585916144903e-05
2009-04-13,9.109415655096306e-05
2009-04-14,0.0001814703835074105
2009-04-15,0.00018117450514467228
2009-04-16,0.0
2009-04-17,-0.00018114168688918906
2009-04-20,0.0002718932341358362
2009-04-21,-0.0001820015296190183
2009-04-22,0.00018203466020561942
2009-04-23,9.034356140452955e-05
2009-04-24,-0.0006345382814001163
2009-04-27,9.109415655096306e-05
2009-04-28,9.073519175370524e-05
2009-04-29,0.0005445370755501362
2009-04-30,-9.146608303595904e-05
2009-05-01,-0.0005619895797984461
2009-05-04,-9.021085933602178e-05
2009-05-05,-0.0001817531418831835
2009-05-06,9.05861679218507e-05
2009-05-07,-9.057796281130147e-05
2009-05-08,-9.067386024316905e-05
2009-05-11,0.00018127646520189086
2009-05-12,9.119175345958715e-05
2009-05-13,9.021899806936604e-05
2009-05-14,0.0
2009-05-15,9.082453865123281e-05
2009-05-18,-0.00018101895702399574
2009-05-19,9.021899806936604e-05
2009-05-20,0.00036242146986891546
2009-05-21,0.0
2009-05-22,-0.00036229016813366143
2009-05-26,-0.00018138607188166088
2009-05-27,0.0001814189787575825
2009-05-28,0.0007255442875266435
2009-05-29,-0.0006342595654708742
2009-06-01,0.0006899758889762085
2009-06-02,-0.0008160822515600696
2009-06-03,0.00045352527572723605
2009-06-04,-0.00018095981964659293
2009-06-05,-0.00036382574648699117
2009-06-08,-0.00036325672675965794
2009-06-09,0.00027251961974610327
2009-06-10,0.000545416871672968
2009-06-11,0.0
2009-06-12,-0.00036291641064890173
2009-06-15,0.0
2009-06-16,0.0006344794936087391
2009-06-17,9.068258755009556e-05
2009-06-18,-9.067436496405616e-05
2009-06-19,-8.980642728391107e-05
2009-06-22,-0.0003631134242261846
2009-06-23,-9.098664231941256e-05
2009-06-24,0.00018216517068560904
2009-06-25,0.0003618974963249305
2009-06-26,9.068258755009556e-05
2009-06-29,-0.0002714974463996232
2009-06-30,0.0002715711772807707
2009-07-01,-0.00020798158688373848
2009-07-02,-9.09561064056758e-05
2009-07-06,0.0
2009-07-07,9.096438017151781e-05
2009-07-08,0.0003627729099417127
2009-07-09,0.0
2009-07-10,-0.00036264135348264466
2009-07-13,0.00018138645497085636
2009-07-14,0.0
2009-07-15,-9.067677994576564e-05
2009-07-16,0.0
2009-07-17,-9.068500296982433e-05
2009-07-20,-9.09561064056758e-05
2009-07-21,9.096438017151781e-05
2009-07-22,9.069322748542818e-05
2009-07-23,0.0
2009-07-24,-9.068500296982433e-05
2009-07-27,0.00018138645497085636
2009-07-28,-9.067677994576564e-05
2009-07-29,0.00018101953249821938
2009-07-30,-0.00018098677035766086
2009-07-31,9.068500296982433e-05
2009-08-03,-0.0003813681382646549
2009-08-04,9.106194973362845e-05
2009-08-05,0.00018140622954250401
2009-08-06,0.00018111046739643582
2009-08-07,-0.00036241815696569536
2009-08-10,9.052784305188726e-05
2009-08-11,0.00018165269249511496
2009-08-12,0.0
2009-08-13,9.03279843279633e-05
2009-08-14,0.0
2009-08-17,9.154628330412175e-05
2009-08-18,0.0
2009-08-19,-9.153790334928867e-05
2009-08-20,0.0
2009-08-21,9.154628330412175e-05
2009-08-24,-9.153790334928867e-05
2009-08-25,9.154628330412175e-05
2009-08-26,0.0002717230394157832
2009-08-27,-0.0004534492883788601
2009-08-28,9.03279843279633e-05
2009-08-31,0.0003632941979542516
2009-09-01,-0.000734731465720092
2009-09-02,0.0008172996196217811
2009-09-03,0.0
2009-09-04,-9.054232047883402e-05
2009-09-08,-0.0002723521416861663
2009-09-09,0.00027242633758265864
2009-09-10,-0.0001815389034454735
2009-09-11,0.00036270578692221847
2009-09-14,-0.0002719525986445448
2009-09-15,9.090907498527326e-05
2009-09-16,-9.090081127660469e-05
2009-09-17,9.090907498527326e-05
2009-09-18,0.0
2009-09-21,-0.0001815389034454735
2009-09-22,0.00018157186580288793
2009-09-23,0.0
2009-09-24,-9.090081127660469e-05
2009-09-25,-9.064633199398634e-05
2009-09-28,-9.08297273697997e-05
2009-09-29,9.083797815859068e-05
2009-09-30,0.00018157186580288793
2009-10-01,0.00010902842971037846
2009-10-02,-0.00018160667619065548
2009-10-05,0.0
2009-10-06,0.00027228433596121146
2009-10-07,0.00018123999677795562
2009-10-08,-9.086619646182087e-05
2009-10-09,-0.0002718354328425529
2009-10-12,0.0
2009-10-13,9.089916349125296e-05
2009-10-14,0.0
2009-10-15,0.0
2009-10-16,0.0
2009-10-19,9.062821111732325e-05
2009-10-20,0.0
2009-10-21,0.0002722977729369285
2009-10-22,9.007013916668052e-05
2009-10-23,-0.00018108681673095146
2009-10-26,-0.00018120715479380463
2009-10-27,0.0002722977729369285
2009-10-28,0.00018127819068434925
2009-10-29,-9.119152048382965e-05
2009-10-30,-9.006202726735093e-05
2009-11-02,-0.0002359855152510891
2009-11-03,9.079181847519825e-05
2009-11-04,-0.0002726133615039643
2009-11-05,0.000363583599752602
2009-11-06,-0.00018163819090462734
2009-11-09,9.079181847519825e-05
2009-11-10,0.0001813920632743141
2009-11-11,-0.00018135916616097045
2009-11-12,9.087112050132144e-05
2009-11-13,0.00018085036260672774
2009-11-16,-0.00018081766166704957
2009-11-17,0.0003629262358990771
2009-11-18,0.0
2009-11-19,-9.126742273661385e-05
2009-11-20,0.00018158886670344534
2009-11-23,-0.0005438802231553855
2009-11-24,0.000453830335914114
2009-11-25,0.0
2009-11-27,-9.126742273661385e-05
2009-11-30,-9.075067699830015e-05
2009-12-01,1.7504129880643715e-07
2009-12-02,-0.00018073010938241327
2009-12-03,0.0
2009-12-04,9.042515755686456e-05
2009-12-07,-0.0002723888157782447
2009-12-08,0.00018202141478880656
2009-12-09,9.042515755686456e-05
2009-12-10,-0.0002723888157782447
2009-12-11,0.0
2009-12-14,0.0
2009-12-15,0.00018202141478880656
2009-12-16,0.0
2009-12-17,-0.0001819882890229636
2009-12-18,9.079182642423877e-05
2009-12-21,0.00018165471247341933
2009-12-22,0.0
2009-12-23,0.0
2009-12-24,-0.00018162172003208796
2009-12-28,0.0003626090694288688
2009-12-29,-5.434539095076605e-05
2009-12-30,0.0
2009-12-31,-9.066809168434446e-05
2010-01-04,9.067631313261718e-05
2010-01-05,-0.00036267236673737785
2010-01-06,9.105118328454361e-05
2010-01-07,0.0
2010-01-08,0.00036233320876214315
2010-01-11,0.0
2010-01-12,-9.057237012403427e-05
2010-01-13,-9.066809168434446e-05
2010-01-14,0.0
2010-01-15,-9.04137369362872e-05
2010-01-19,0.00018110642457753358
2010-01-20,0.0
2010-01-21,0.0
2010-01-22,-0.0001810736309796416
2010-01-25,0.00036282558234600133
2010-01-26,0.0
2010-01-27,-0.0003626939876887048
2010-01-28,0.0
2010-01-29,0.00036282558234600133
2010-02-01,-0.0002542795484254225
2010-02-02,0.00018152440413564055
2010-02-03,-9.057071363159247e-05
2010-02-04,0.0
2010-02-05,-0.00018115783485756794
2010-02-08,0.00036281897652661884
2010-02-09,0.0
2010-02-10,-9.099997156250888e-05
2010-02-11,9.100825331097214e-05
2010-02-12,0.0
2010-02-16,-0.0002724749148515891
2010-02-17,0.00018152440413564055
2010-02-18,9.100825331097214e-05
2010-02-19,-0.00018156244326173647
2010-02-22,9.057891742878397e-05
2010-02-23,0.0
2010-02-24,-9.057071363159247e-05
2010-02-25,0.00027182426814860195
2010-02-26,-9.020433425264178e-05
2010-03-01,-1.8287494285158037e-05
2010-03-02,-0.00045317064574235724
2010-03-03,0.0002714653975287282
2010-03-04,9.10181854334496e-05
2010-03-05,-9.100990187732426e-05
2010-03-08,0.0001818613358949118
2010-03-09,-9.082663260872115e-05
2010-03-10,-9.100990187732426e-05
2010-03-11,-9.049308051748739e-05
2010-03-12,0.00018152769295107137
2010-03-15,0.0
2010-03-16,-0.00027154204377436266
2010-03-17,0.0002716157988835129
2010-03-18,0.0
2010-03-19,0.0
2010-03-22,0.0
2010-03-23,9.083488283525247e-05
2010-03-24,-0.00018182826836312383
2010-03-25,0.0
2010-03-26,-9.049308051748739e-05
2010-03-29,0.0
2010-03-30,0.0002723790648330444
2010-03-31,-9.082663260872115e-05
2010-04-01,-0.00033507395604641784
2010-04-05,-9.095286829368129e-05
2010-04-06,0.00018139700204684454
2010-04-07,-9.04194587576979e-05
2010-04-08,0.0
2010-04-09,9.042763517552721e-05
2010-04-12,9.050698969550788e-05
2010-04-13,-9.049879892164642e-05
2010-04-14,0.0
2010-04-15,0.0
2010-04-16,0.0003628157372223212
2010-04-19,-0.00045307081475834865
2010-04-20,0.00027180813864473573
2010-04-21,-9.084063821586886e-05
2010-04-22,9.084889098710733e-05
2010-04-23,0.0
2010-04-26,0.0
2010-04-27,0.0
2010-04-28,-0.00018133121616886348
2010-04-29,9.050698969550788e-05
2010-04-30,9.084889098710733e-05
2010-05-03,-0.00021729990817919304
2010-05-04,-9.094791625543883e-05
2010-05-05,0.00027199314510742374
2010-05-06,0.0
2010-05-07,-9.084393755433243e-05
2010-05-10,-9.015198136112162e-05
2010-05-11,9.01601094736304e-05
2010-05-12,9.08521909250915e-05
2010-05-13,9.075641931006042e-05
2010-05-14,9.07481833298825e-05
2010-05-17,-0.0002723073488945783
2010-05-18,0.0
2010-05-19,0.00018161685565468676
2010-05-20,9.07481833298825e-05
2010-05-21,0.0
2010-05-24,0.0
2010-05-25,-9.073994884436943e-05
2010-05-26,-0.00018158387696191533
2010-05-27,0.00027238152038428203
2010-05-28,0.0
2010-06-01,-3.622597764857179e-05
2010-06-02,9.048071951248219e-05
2010-06-03,-0.0001815575502872853
2010-06-04,0.00036335606584095927
2010-06-07,-0.0003632240861659913
2010-06-08,0.00036335606584095927
2010-06-09,-0.00027215561947552963
2010-06-10,0.0002722297083204372
2010-06-11,9.071853982517654e-05
2010-06-14,-9.071031071824108e-05
2010-06-15,-0.0003632240861659913
2010-06-16,0.00018159051941714607
2010-06-17,0.00018173254551647787
2010-06-18,-0.00018169952479931694
2010-06-21,0.00018173254551647787
2010-06-22,-0.00027215561947552963
2010-06-23,9.048071951248219e-05
2010-06-24,0.0
2010-06-25,0.00018173254551647787
2010-06-28,-9.045609467621267e-05
2010-06-29,0.0
2010-06-30,0.00018119102433384083
2010-07-01,-0.00039004558871035395
2010-07-02,0.00018096636388345417
2010-07-06,-0.00018093362098396042
2010-07-07,0.00027249964078001753
2010-07-08,0.0001804796436808679
2010-07-09,0.0
2010-07-12,0.0
2010-07-13,-0.0002719389051507013
2010-07-14,0.00036361708356351044
2010-07-15,-0.00027200146373520807
2010-07-16,9.063350017129381e-05
2010-07-19,-0.0001821253344213033
2010-07-20,9.151671544933396e-05
2010-07-21,-9.150834090653796e-05
2010-07-22,0.0001821585101008731
2010-07-23,-0.0001821253344213033
2010-07-26,-9.029182633242125e-05
2010-07-27,0.00018182495908938422
2010-07-28,0.0001804796436808679
2010-07-29,-0.0002719389051507013
2010-07-30,0.0
2010-08-02,-1.7585908035675072e-05
2010-08-03,0.0
2010-08-04,0.000362398567554479
2010-08-05,-0.0002721815023806698
2010-08-06,0.0
2010-08-09,0.0
2010-08-10,0.0
2010-08-11,9.151007813788364e-05
2010-08-12,0.00018072898865859987
2010-08-13,-0.0002721815023806698
2010-08-16,9.151007813788364e-05
2010-08-17,9.053944978782714e-05
2010-08-18,0.0001814998553249346
2010-08-19,-0.0002719817438157604
2010-08-20,0.00027205573800979943
2010-08-23,-0.0002719817438157604
2010-08-24,-9.150170480972675e-05
2010-08-25,9.151007813788364e-05
2010-08-26,-9.150170480972675e-05
2010-08-27,0.0002722556053203574
2010-08-30,-0.00018069633159333668
2010-08-31,9.053944978782714e-05
2010-09-01,-9.359269648080965e-06
2010-09-02,0.0
2010-09-03,9.09694535946011e-05
2010-09-07,-0.00018113519376349165
2010-09-08,0.0
2010-09-09,0.0
2010-09-10,0.0
2010-09-13,0.0003630358474717571
2010-09-14,-0.0002727464792180999
2010-09-15,0.0001821138484461149
2010-09-16,9.069052570857768e-05
2010-09-17,-0.00018180183722168317
2010-09-20,0.0
2010-09-21,0.0
2010-09-22,0.0
2010-09-23,0.00027218383534137426
2010-09-24,-0.00027210977146014434
2010-09-27,0.00018183489513969058
2010-09-28,0.0
2010-09-29,-9.068230168296558e-05
2010-09-30,9.069052570857768e-05
2010-10-01,-9.986421265375766e-05
2010-10-04,-0.00018138271700815416
2010-10-05,0.0001814156226667012
2010-10-06,0.0
2010-10-07,-9.095372501855368e-05
2010-10-08,0.00036306082226497823
2010-10-11,-0.00036292905694314064
2010-10-12,9.096199835113886e-05
2010-10-13,0.0001814701725129797
2010-10-14,-0.0002723744696895307
2010-10-15,0.0002724486777536515
2010-10-18,-0.00018143724706445465
2010-10-19,0.00027207407551223126
2010-10-20,-9.057925873117169e-05
2010-10-21,-9.137442081077354e-05
2010-10-22,0.00018197851306852325
2010-10-25,-0.0001819454029146412
2010-10-26,0.00018197851306852325
2010-10-27,-0.000272000071344281
2010-10-28,9.007916997029836e-05
2010-10-29,0.0
2010-11-01,-0.00028149391329532745
2010-11-02,0.00018237964233821374
2010-11-03,0.00036233145203170604
2010-11-04,0.0
2010-11-05,-0.00027171573009395964
2010-11-08,0.0
2010-11-09,-9.050907814798663e-05
2010-11-10,0.0
2010-11-11,-9.13043774851801e-05
2010-11-12,9.131271473575552e-05
2010-11-15,0.0
2010-11-16,0.0
2010-11-17,9.051727078272164e-05
2010-11-18,-9.050907814798663e-05
2010-11-19,0.00018164673566735542
2010-11-22,9.058827201909279e-05
2010-11-23,-0.0003634568885659715
2010-11-24,9.131271473575552e-05
2010-11-26,0.0
2010-11-29,-0.0001823463860695407
2010-11-30,0.00027291342162840613
2010-12-01,-0.0001904625818418501
2010-12-02,0.00018131503517975248
2010-12-03,9.068480759254835e-05
2010-12-06,9.058914334586454e-05
2010-12-07,0.0
2010-12-08,0.0
2010-12-09,0.0
2010-12-10,-0.00018124930873017505
2010-12-13,0.0
2010-12-14,0.00018128216599744718
2010-12-15,0.0
2010-12-16,0.0
2010-12-17,-0.00018124930873017505
2010-12-20,0.00027205442277764507
2010-12-21,0.0
2010-12-22,-0.0002719804292989453
2010-12-23,-9.077225678019787e-05
2010-12-27,0.0
2010-12-28,0.00045329028576965855
2010-12-29,0.0
2010-12-30,-9.030227835358228e-05
2010-12-31,9.03104335914947e-05
2011-01-03,-9.030227835358228e-05
2011-01-04,9.03104335914947e-05
2011-01-05,0.0
2011-01-06,0.0
2011-01-07,0.0
2011-01-10,-0.00036243295842589755
2011-01-11,0.0
2011-01-12,9.077226471815868e-05
2011-01-13,-9.076402586197624e-05
2011-01-14,0.0
2011-01-18,0.0
2011-01-19,9.077226471815868e-05
2011-01-20,0.0
2011-01-21,-9.076402586197624e-05
2011-01-24,0.0001813696310457236
2011-01-25,-0.00018133674206771973
2011-01-26,9.077226471815868e-05
2011-01-27,0.0
2011-01-28,9.058914334586454e-05
2011-01-31,0.0
2011-02-01,0.00018142417540526444
2011-02-02,-0.00018130384916638693
2011-02-03,0.00018133672621284454
2011-02-04,-0.0002719557737495804
2011-02-07,0.00018126572794978493
2011-02-08,0.0
2011-02-09,9.074757643647381e-05
2011-02-10,0.0
2011-02-11,-9.073934206109433e-05
2011-02-14,9.074757643647381e-05
2011-02-15,-0.00018130384916638693
2011-02-16,0.00018133672621284454
2011-02-17,9.091417701689605e-05
2011-02-18,-0.0002721932799552463
2011-02-22,9.058092977652216e-05
2011-02-23,-0.00018123287664047227
2011-02-24,9.067658460392039e-05
2011-02-25,0.00018133672621284454
2011-02-28,-9.073934206109433e-05
2011-03-01,-9.949011751898574e-05
2011-03-02,0.0
2011-03-03,0.0
2011-03-04,0.0
2011-03-07,0.0
2011-03-08,0.0
2011-03-09,0.00036293898917775564
2011-03-10,9.04614714978628e-05
2011-03-11,-9.045328896024162e-05
2011-03-14,9.04614714978628e-05
2011-03-15,-9.045328896024162e-05
2011-03-16,-0.000181796966874932
2011-03-17,0.0
2011-03-18,0.0002723079431309119
2011-03-21,-9.045328896024162e-05
2011-03-22,-0.000181796966874932
2011-03-23,0.0002723079431309119
2011-03-24,-0.00018108136688465765
2011-03-25,9.064449195291941e-05
2011-03-28,0.0
2011-03-29,-0.000181796966874932
2011-03-30,0.0
2011-03-31,9.11772663516986e-05
2011-04-01,0.00027193347585875824
2011-04-04,-9.061984938229508e-05
2011-04-05,-0.00027240855305176234
2011-04-06,9.082759323050322e-05
2011-04-07,0.00027228321230206146
2011-04-08,-9.061984938229508e-05
2011-04-11,-9.062806208363091e-05
2011-04-12,0.00027260804792447735
2011-04-13,0.0
2011-04-14,9.096108910044988e-05
2011-04-15,-0.00018225511434848384
2011-04-18,9.131894175940055e-05
2011-04-19,0.0001810483925227014
2011-04-20,-9.007099621317419e-05
2011-04-21,0.00018042033131812998
2011-04-25,-0.0004531970131626303
2011-04-26,9.062806208363091e-05
2011-04-27,0.00027238386742971433
2011-04-28,-0.00027230969466194373
2011-04-29,0.00027238386742971433
2011-05-02,-0.0001905381597875198
2011-05-03,0.00018183653149219113
2011-05-04,9.024651013338137e-05
2011-05-05,-9.02383664357304e-05
2011-05-06,9.024651013338137e-05
2011-05-09,-0.0004535504342055298
2011-05-10,0.00027249844807851454
2011-05-11,-0.0002724242129032794
2011-05-12,9.071628900112189e-05
2011-05-13,0.0003630070158926988
2011-05-16,-0.0004535504342055298
2011-05-17,0.00036347692288599804
2011-05-18,-0.00018180347297925135
2011-05-19,0.0
2011-05-20,-0.00018157439329205823
2011-05-23,0.00027249844807851454
2011-05-24,-0.0001817326372157861
2011-05-25,0.00018176566997034512
2011-05-26,-9.086631860789305e-05
2011-05-27,0.00018183653149219113
2011-05-31,-9.094541824670862e-05
2011-06-01,-9.2613747811891e-06
2011-06-02,0.0
2011-06-03,0.0
2011-06-06,-0.00018147220351727556
2011-06-07,0.0
2011-06-08,-9.07962648915924e-05
2011-06-09,0.0
2011-06-10,9.080450960189957e-05
2011-06-13,-0.00018133036539947473
2011-06-14,9.055052006677314e-05
2011-06-15,9.080450960189957e-05
2011-06-16,9.07962648915924e-05
2011-06-17,0.0
2011-06-20,9.070064148421901e-05
2011-06-21,9.060504335455693e-05
2011-06-22,0.0
2011-06-23,0.0
2011-06-24,-0.00018128103400255594
2011-06-27,-9.078802167832711e-05
2011-06-28,9.07962648915924e-05
2011-06-29,0.0001813139027743299
2011-06-30,9.068419917814605e-05
2011-07-01,-1.7995424968949157e-05
2011-07-05,0.0
2011-07-06,9.032817606621317e-05
2011-07-07,-0.00018081473547503
2011-07-08,-9.112264496450848e-05
2011-07-11,0.0
2011-07-12,-9.069407969493237e-05
2011-07-13,9.07023058570883e-05
2011-07-14,9.113094905762473e-05
2011-07-15,-9.112264496450848e-05
2011-07-18,0.0
2011-07-19,0.0
2011-07-20,-0.00018130078551732628
2011-07-21,0.0
2011-07-22,-9.10600844499263e-05
2011-07-25,0.0002724185523588982
2011-07-26,-0.0003625141971621141
2011-07-27,0.00018127912790230155
2011-07-28,-0.0002721315767534266
2011-07-29,9.091004451095641e-05
2011-08-01,-0.00013582823758928478
2011-08-02,0.0005439112622150563
2011-08-03,9.112681672623548e-05
2011-08-04,0.0
2011-08-05,0.0
2011-08-08,-0.0001817128550749998
2011-08-09,0.0003627927386578993
2011-08-10,-0.00027208322200340075
2011-08-11,9.112681672623548e-05
2011-08-12,-9.111851338616576e-05
2011-08-15,0.0
2011-08-16,9.112681672623548e-05
2011-08-17,0.0
2011-08-18,0.0
2011-08-19,0.0001810139594785575
2011-08-22,0.0
2011-08-23,0.0
2011-08-24,0.0
2011-08-25,-0.00018098119935507106
2011-08-26,0.0
2011-08-29,0.00027221983481427855
2011-08-30,-0.0002721457513428026
2011-08-31,-9.111851338616576e-05
2011-09-01,4.53449835866886e-05
2011-09-02,-9.024902527994889e-05
2011-09-06,0.0002718199987173521
2011-09-07,-0.00027174613268391454
2011-09-08,0.0
2011-09-09,0.0
2011-09-12,0.0
2011-09-13,0.0001815628278157048
2011-09-14,-0.00018152986873940348
2011-09-15,0.0002718199987173521
2011-09-16,-0.00018151348881940675
2011-09-19,0.0
2011-09-20,0.0
2011-09-21,-9.024902527994889e-05
2011-09-22,0.0001815628278157048
2011-09-23,-9.128908221014275e-05
2011-09-26,0.00018154644194746738
2011-09-27,-0.00018151348881940675
2011-09-28,0.0
2011-09-29,-9.024902527994889e-05
2011-09-30,0.0001815628278157048
2011-10-03,-0.00021778342770324008
2011-10-04,0.0001806956415215167
2011-10-05,0.0
2011-10-06,0.0
2011-10-07,-9.024413703585314e-05
2011-10-10,0.0001819024691731231
2011-10-11,-0.00027227996075394905
2011-10-12,0.0
2011-10-13,0.0
2011-10-14,9.043519776342834e-05
2011-10-17,9.025228177513745e-05
2011-10-18,0.0
2011-10-19,0.0
2011-10-20,-0.00018066299650546397
2011-10-21,0.0001806956415215167
2011-10-24,-0.00018066299650546397
2011-10-25,0.0
2011-10-26,0.0
2011-10-27,-9.069732877143827e-05
2011-10-28,0.0
2011-10-31,0.00018114895626130924
2011-11-01,-0.00014529481567478566
2011-11-02,0.0
2011-11-03,9.122659664238938e-05
2011-11-04,0.00018095119516473243
2011-11-07,0.0
2011-11-08,-9.050290788638495e-05
2011-11-09,-9.04237334780113e-05
2011-11-10,0.0
2011-11-11,0.00018095119516473243
2011-11-14,-0.00018091845775357457
2011-11-15,0.0
2011-11-16,0.0002714704796604653
2011-11-17,-0.0001809894357025421
2011-11-18,9.051109940407701e-05
2011-11-21,9.050290788638495e-05
2011-11-22,-0.00027139680344005713
2011-11-23,9.043191066899955e-05
2011-11-25,-0.00018163376029061402
2011-11-28,0.00018166675710682713
2011-11-29,0.0
2011-11-30,-0.00018163376029061402
2011-12-01,0.00023575608979038942
2011-12-02,0.0
2011-12-05,-0.0001808376873428208
2011-12-06,0.0
2011-12-07,9.034782076075836e-05
2011-12-08,9.051439698758302e-05
2011-12-09,0.0
2011-12-12,0.0
2011-12-13,9.137981688917419e-05
2011-12-14,-9.1371467381216e-05
2011-12-15,0.0
2011-12-16,0.0
2011-12-19,9.137981688917419e-05
2011-12-20,-0.00018186940256949494
2011-12-21,0.0
2011-12-22,0.0
2011-12-23,-0.00018129090130235016
2011-12-27,0.00011840660881899414
2011-12-28,0.0
2011-12-29,0.0
2011-12-30,0.0001811275570505933
2012-01-03,-0.0001810947557998806
2012-01-04,0.0
2012-01-05,0.0
2012-01-06,9.052009122258306e-05
2012-01-09,9.059926477429818e-05
2012-01-10,0.0
2012-01-11,0.0
2012-01-12,-0.0001810947557998806
2012-01-13,9.052009122258306e-05
2012-01-17,0.0
2012-01-18,0.0
2012-01-19,0.0
2012-01-20,-0.00018189746312448295
2012-01-23,9.140219087381456e-05
2012-01-24,9.052009122258306e-05
2012-01-25,9.059926477429818e-05
2012-01-26,0.0
2012-01-27,-9.059105729111249e-05
2012-01-30,-9.051189807731236e-05
2012-01-31,0.0
2012-02-01,-9.139383727685509e-05
2012-02-02,-9.061574754889645e-05
2012-02-03,-9.027439746427694e-05
2012-02-06,9.02825476668691e-05
2012-02-07,0.0
2012-02-08,0.0
2012-02-09,-9.027439746427694e-05
2012-02-10,0.0
2012-02-13,0.0
2012-02-14,0.0
2012-02-15,9.02825476668691e-05
2012-02-16,-9.027439746427694e-05
2012-02-17,0.0
2012-02-21,0.0
2012-02-22,0.00018091468893554605
2012-02-23,0.0
2012-02-24,0.0
2012-02-27,-0.00018088196473116266
2012-02-28,0.00018091468893554605
2012-02-29,0.0
2012-03-01,-0.00018088196473116266
2012-03-02,0.0
2012-03-05,0.00018091468893554605
2012-03-06,0.0
2012-03-07,-9.061574754889645e-05
2012-03-08,0.0
2012-03-09,9.062395950673301e-05
2012-03-12,0.0
2012-03-13,0.0
2012-03-14,0.0
2012-03-15,-9.061574754889645e-05
2012-03-16,-9.027439746427694e-05
2012-03-19,0.0
2012-03-20,0.0
2012-03-21,0.0
2012-03-22,9.02825476668691e-05
2012-03-23,0.0
2012-03-26,-9.027439746427694e-05
2012-03-27,0.0
2012-03-28,0.00018091468893554605
2012-03-29,-9.061574754889645e-05
2012-03-30,0.0
2012-04-02,9.062395950673301e-05
2012-04-03,-0.00018088196473116266
2012-04-04,0.0
2012-04-05,0.0
2012-04-09,0.0
2012-04-10,9.02825476668691e-05
2012-04-11,0.0
2012-04-12,9.062395950673301e-05
2012-04-13,0.00018193055583105345
2012-04-16,-9.051189807731236e-05
2012-04-17,0.0
2012-04-18,-9.139383727685509e-05
2012-04-19,0.0
2012-04-20,-9.061574754889645e-05
2012-04-23,0.0
2012-04-24,0.0
2012-04-25,0.0
2012-04-26,0.0
2012-04-27,9.062395950673301e-05
2012-04-30,-9.061574754889645e-05
2012-05-01,9.062395950673301e-05
2012-05-02,-9.061574754889645e-05
2012-05-03,-9.027439746427694e-05
2012-05-04,0.00027233341580829056
2012-05-07,-9.139383727685509e-05
2012-05-08,9.140219087381456e-05
2012-05-09,-0.00018200130310486534
2012-05-10,0.00018203443360899214
2012-05-11,-9.139383727685509e-05
2012-05-14,-9.061574754889645e-05
2012-05-15,9.062395950673301e-05
2012-05-16,-9.061574754889645e-05
2012-05-17,0.0
2012-05-18,-9.027439746427694e-05
2012-05-21,9.02825476668691e-05
2012-05-22,0.0
2012-05-23,0.0
2012-05-24,9.062395950673301e-05
2012-05-25,9.140219087381456e-05
2012-05-29,0.0
2012-05-30,0.0
2012-05-31,9.052009122258306e-05
2012-06-01,-0.00027249672789878113
2012-06-04,0.0002725710026051111
2012-06-05,0.0
2012-06-06,0.0
2012-06-07,-0.00018189746312448295
2012-06-08,9.140219087381456e-05
2012-06-11,9.052009122258306e-05
2012-06-12,0.0
2012-06-13,0.0
2012-06-14,0.0
2012-06-15,-9.051189807731236e-05
2012-06-18,-9.139383727685509e-05
2012-06-19,9.140219087381456e-05
2012-06-20,0.0
2012-06-21,9.052009122258306e-05
2012-06-22,-9.051189807731236e-05
2012-06-25,0.0
2012-06-26,-9.139383727685509e-05
2012-06-27,-9.061574754889645e-05
2012-06-28,0.00018203443360899214
2012-06-29,0.0
2012-07-02,-9.139383727685509e-05
2012-07-03,9.140219087381456e-05
2012-07-05,-9.139383727685509e-05
2012-07-06,9.140219087381456e-05
2012-07-09,0.0
2012-07-10,-9.139383727685509e-05
2012-07-11,0.0
2012-07-12,0.0
2012-07-13,9.140219087381456e-05
2012-07-16,-9.139383727685509e-05
2012-07-17,0.0
2012-07-18,9.140219087381456e-05
2012-07-19,-9.139383727685509e-05
2012-07-20,0.0
2012-07-23,9.140219087381456e-05
2012-07-24,0.0
2012-07-25,-9.139383727685509e-05
2012-07-26,0.0
2012-07-27,9.140219087381456e-05
2012-07-30,-9.139383727685509e-05
2012-07-31,9.140219087381456e-05
2012-08-01,0.0
2012-08-02,9.052009122258306e-05
2012-08-03,0.0
2012-08-06,-0.00018189746312448295
2012-08-07,9.140219087381456e-05
2012-08-08,-9.139383727685509e-05
2012-08-09,0.0
2012-08-10,9.140219087381456e-05
2012-08-13,0.0
2012-08-14,0.0
2012-08-15,-9.139383727685509e-05
2012-08-16,9.140219087381456e-05
2012-08-17,0.0
2012-08-20,-9.139383727685509e-05
2012-08-21,0.0
2012-08-22,0.0
2012-08-23,0.00018193055583105345
2012-08-24,0.0
2012-08-27,0.0
2012-08-28,0.0
2012-08-29,-9.051189807731236e-05
2012-08-30,9.052009122258306e-05
2012-08-31,9.059926477429818e-05
2012-09-04,-8.176782027433104e-05
2012-09-05,0.0
2012-09-06,0.0
2012-09-07,0.0
2012-09-10,0.0
2012-09-11,0.0
2012-09-12,0.0
2012-09-13,9.094792903440558e-05
2012-09-14,0.0
2012-09-17,0.0
2012-09-18,0.0
2012-09-19,-9.093965826081966e-05
2012-09-20,0.0
2012-09-21,0.0
2012-09-24,0.0
2012-09-25,-9.03363675519456e-05
2012-09-26,0.0
2012-09-27,0.0
2012-09-28,9.034452894851899e-05
2012-10-01,-7.233898678240905e-05
2012-10-02,9.016815837303091e-05
2012-10-03,-9.016002880927432e-05
2012-10-04,9.016815837303091e-05
2012-10-05,-9.016002880927432e-05
2012-10-08,9.016815837303091e-05
2012-10-09,0.0
2012-10-10,0.0
2012-10-11,-9.016002880927432e-05
2012-10-12,0.0
2012-10-15,0.0
2012-10-16,0.0
2012-10-17,0.0
2012-10-18,9.016815837303091e-05
2012-10-19,-9.016002880927432e-05
2012-10-22,9.016815837303091e-05
2012-10-23,0.0
2012-10-24,-9.016002880927432e-05
2012-10-25,0.0
2012-10-26,0.0
2012-10-31,0.0
2012-11-01,9.016815837303091e-05
2012-11-02,0.0
2012-11-05,-0.0001817178875225684
2012-11-06,0.0
2012-11-07,0.0
2012-11-08,0.0
2012-11-09,0.0
2012-11-12,0.0
2012-11-13,0.0
2012-11-14,0.0
2012-11-15,0.00018175091491488203
2012-11-16,-9.016002880927432e-05
2012-11-19,0.0
2012-11-20,0.0
2012-11-21,0.0
2012-11-23,0.0
2012-11-26,9.016815837303091e-05
2012-11-27,9.138312997529161e-05
2012-11-28,0.0
2012-11-29,0.0
2012-11-30,-9.137477986190702e-05
2012-12-03,-7.216296879501995e-05
2012-12-04,0.0
2012-12-05,0.0
2012-12-06,0.0
2012-12-07,9.051601818987535e-05
2012-12-10,-9.050782578187054e-05
2012-12-11,9.051601818987535e-05
2012-12-12,0.0
2012-12-13,9.111936514526157e-05
2012-12-14,0.0
2012-12-17,0.0
2012-12-18,0.0
2012-12-19,9.015016029170216e-05
2012-12-20,-9.014203397289048e-05
2012-12-21,9.015016029170216e-05
2012-12-24,-9.014203397289048e-05
2012-12-26,0.0
2012-12-27,9.015016029170216e-05
2012-12-28,0.0
2012-12-31,0.0001817689657922336
2013-01-02,-0.0001817359318398558
2013-01-03,0.0
2013-01-04,0.0
2013-01-07,-9.014203397289048e-05
2013-01-08,0.0
2013-01-09,9.015016029170216e-05
2013-01-10,0.0
2013-01-11,0.0
2013-01-14,-9.014203397289048e-05
2013-01-15,0.0
2013-01-16,0.0
2013-01-17,-9.111106316302844e-05
2013-01-18,9.111936514526157e-05
2013-01-22,0.0
2013-01-23,0.0
2013-01-24,-9.111106316302844e-05
2013-01-25,0.0
2013-01-28,0.0
2013-01-29,9.111936514526157e-05
2013-01-30,0.0
2013-01-31,0.0
2013-02-01,2.67305707841675e-05
2013-02-04,-9.102127530590181e-05
2013-02-05,9.102956093262843e-05
2013-02-06,0.0
2013-02-07,-9.102127530590181e-05
2013-02-08,0.0
2013-02-11,9.102956093262843e-05
2013-02-12,0.0
2013-02-13,0.0
2013-02-14,-9.102127530590181e-05
2013-02-15,0.0
2013-02-19,0.0
2013-02-20,0.0
2013-02-21,-9.01559567010293e-05
2013-02-22,9.016408553042038e-05
2013-02-25,0.0
2013-02-26,0.0
2013-02-27,0.0
2013-02-28,0.0
2013-03-01,9.347565278110596e-06
2013-03-04,-9.067927160957804e-05
2013-03-05,0.0
2013-03-06,9.068749508557649e-05
2013-03-07,0.0
2013-03-08,-9.067927160957804e-05
2013-03-11,0.0
2013-03-12,0.0001817244602870897
2013-03-13,0.0
2013-03-14,0.0
2013-03-15,0.0
2013-03-18,-9.102042456398421e-05
2013-03-19,0.0
2013-03-20,0.0
2013-03-21,9.102871003581919e-05
2013-03-22,9.110777621903602e-05
2013-03-25,-9.109947634833121e-05
2013-03-26,0.0
2013-03-27,9.110777621903602e-05
2013-03-28,-9.109947634833121e-05
2013-04-01,-9.102042456398421e-05
2013-04-02,0.0
2013-04-03,9.102871003581919e-05
2013-04-04,0.0
2013-04-05,0.0
2013-04-08,9.110777621903602e-05
2013-04-09,-9.109947634833121e-05
2013-04-10,9.110777621903602e-05
2013-04-11,0.0
2013-04-12,0.0
2013-04-15,0.0
2013-04-16,0.0
2013-04-17,0.0
2013-04-18,-9.109947634833121e-05
2013-04-19,9.110777621903602e-05
2013-04-22,0.0
2013-04-23,-9.109947634833121e-05
2013-04-24,0.0
2013-04-25,9.110777621903602e-05
2013-04-26,0.0
2013-04-29,0.0
2013-04-30,9.031338307207523e-05
2013-05-01,-0.00018139647689090107
2013-05-02,0.0
2013-05-03,9.110777621903602e-05
2013-05-06,0.0
2013-05-07,0.0
2013-05-08,0.0
2013-05-09,9.031338307207523e-05
2013-05-10,0.0
2013-05-13,0.0
2013-05-14,0.0
2013-05-15,0.0
2013-05-16,-9.030522730148854e-05
2013-05-17,0.0
2013-05-20,0.0
2013-05-21,0.0
2013-05-22,0.0
2013-05-23,-9.109947634833121e-05
2013-05-24,9.110777621903602e-05
2013-05-28,-9.109947634833121e-05
2013-05-29,0.0
2013-05-30,0.0
2013-05-31,9.110777621903602e-05
2013-06-03,9.031338307207523e-05
2013-06-04,0.0
2013-06-05,0.0
2013-06-06,0.0
2013-06-07,-9.030522730148854e-05
2013-06-10,9.031338307207523e-05
2013-06-11,-9.030522730148854e-05
2013-06-12,-9.109947634833121e-05
2013-06-13,9.110777621903602e-05
2013-06-14,9.031338307207523e-05
2013-06-17,0.0
2013-06-18,-9.030522730148854e-05
2013-06-19,0.0
2013-06-20,-9.109947634833121e-05
2013-06-21,0.0
2013-06-24,9.110777621903602e-05
2013-06-25,0.0
2013-06-26,-9.109947634833121e-05
2013-06-27,0.0
2013-06-28,-9.102042456398421e-05
2013-07-01,0.00018214477967819865
2013-07-02,0.0
2013-07-03,0.0
2013-07-05,9.031338307207523e-05
2013-07-08,0.0
2013-07-09,0.0
2013-07-10,0.0
2013-07-11,-0.00018139647689090107
2013-07-12,9.110777621903602e-05
2013-07-15,-9.109947634833121e-05
2013-07-16,9.110777621903602e-05
2013-07-17,9.031338307207523e-05
2013-07-18,-9.030522730148854e-05
2013-07-19,0.0
2013-07-22,-9.109947634833121e-05
2013-07-23,0.0
2013-07-24,9.110777621903602e-05
2013-07-25,0.0
2013-07-26,0.0
2013-07-29,0.0
2013-07-30,-9.109947634833121e-05
2013-07-31,0.00018142938754260577
2013-08-01,-9.030522730148854e-05
2013-08-02,0.0
2013-08-05,9.031338307207523e-05
2013-08-06,0.0
2013-08-07,0.0
2013-08-08,0.0
2013-08-09,-9.030522730148854e-05
2013-08-12,9.031338307207523e-05
2013-08-13,0.0
2013-08-14,-9.030522730148854e-05
2013-08-15,9.031338307207523e-05
2013-08-16,0.0
2013-08-19,-0.00018139647689090107
2013-08-20,0.00018142938754260577
2013-08-21,-0.00018139647689090107
2013-08-22,0.0
2013-08-23,0.0
2013-08-26,9.110777621903602e-05
2013-08-27,9.031338307207523e-05
2013-08-28,0.0
2013-08-29,0.0
2013-08-30,0.0
2013-09-03,9.082924216010453e-05
2013-09-04,0.0
2013-09-05,-9.082099295814191e-05
2013-09-06,9.082924216010453e-05
2013-09-09,-9.082099295814191e-05
2013-09-10,9.082924216010453e-05
2013-09-11,-9.082099295814191e-05
2013-09-12,9.082924216010453e-05
2013-09-13,0.0
2013-09-16,-9.082099295814191e-05
2013-09-17,0.0
2013-09-18,9.082924216010453e-05
2013-09-19,0.0
2013-09-20,0.0
2013-09-23,0.0
2013-09-24,0.0
2013-09-25,9.047168144676445e-05
2013-09-26,0.0
2013-09-27,0.0
2013-09-30,-9.046349706207568e-05
2013-10-01,-9.082099295814191e-05
2013-10-02,-9.030522730148854e-05
2013-10-03,0.0
2013-10-04,9.031338307207523e-05
2013-10-07,-9.030522730148854e-05
2013-10-08,0.0
2013-10-09,-0.00018211160899930063
2013-10-10,0.0
2013-10-11,9.102871003581919e-05
2013-10-14,-9.102042456398421e-05
2013-10-15,-0.0001812711836125958
2013-10-16,9.060833668345353e-05
2013-10-17,0.0002728487930175871
2013-10-18,9.031338307207523e-05
2013-10-21,0.0
2013-10-22,-9.030522730148854e-05
2013-10-23,9.031338307207523e-05
2013-10-24,0.0
2013-10-25,0.0
2013-10-28,-0.00018139647689090107
2013-10-29,0.0
2013-10-30,9.110777621903602e-05
2013-10-31,0.0
2013-11-01,-9.109947634833121e-05
2013-11-04,0.0
2013-11-05,0.0
2013-11-06,0.0
2013-11-07,0.0
2013-11-08,0.0
2013-11-11,9.110777621903602e-05
2013-11-12,9.031338307207523e-05
2013-11-13,0.0
2013-11-14,0.0
2013-11-15,-9.030522730148854e-05
2013-11-18,0.0
2013-11-19,0.0
2013-11-20,9.031338307207523e-05
2013-11-21,0.0
2013-11-22,0.0
2013-11-25,0.0
2013-11-26,0.0
2013-11-27,0.0
2013-11-29,-9.030522730148854e-05
2013-12-02,-9.109947634833121e-05
2013-12-03,0.0
2013-12-04,9.110777621903602e-05
2013-12-05,9.031338307207523e-05
2013-12-06,0.0
2013-12-09,-9.030522730148854e-05
2013-12-10,9.031338307207523e-05
2013-12-11,0.0
2013-12-12,0.0
2013-12-13,0.0
2013-12-16,0.0
2013-12-17,-9.030522730148854e-05
2013-12-18,0.00018115082832832112
2013-12-19,-0.00018111801864921764
2013-12-20,0.0
2013-12-23,0.0
2013-12-24,0.0
2013-12-26,1.7643426867078526e-05
2013-12-27,0.0
2013-12-30,0.0
2013-12-31,9.031178966261909e-05
2014-01-02,-0.00018121860824283538
2014-01-03,0.00018125145437913995
2014-01-06,-9.030363417980327e-05
2014-01-07,0.0
2014-01-08,9.031178966261909e-05
2014-01-09,0.0
2014-01-10,0.0
2014-01-13,-9.030363417980327e-05
2014-01-14,9.031178966261909e-05
2014-01-15,0.0
2014-01-16,-9.030363417980327e-05
2014-01-17,9.031178966261909e-05
2014-01-21,-9.030363417980327e-05
2014-01-22,0.0
2014-01-23,0.0
2014-01-24,0.0
2014-01-27,0.0
2014-01-28,9.031178966261909e-05
2014-01-29,0.0
2014-01-30,0.0
2014-01-31,-9.030363417980327e-05
2014-02-03,0.00027189613270767237
2014-02-04,-0.00018153498438484787
2014-02-05,-9.030363417980327e-05
2014-02-06,0.0001816716852014001
2014-02-07,-9.134330104734788e-05
2014-02-10,0.0
2014-02-11,0.0
2014-02-12,-9.030363417980327e-05
2014-02-13,9.031178966261909e-05
2014-02-14,-9.030363417980327e-05
2014-02-18,0.0
2014-02-19,0.0
2014-02-20,0.0
2014-02-21,0.0
2014-02-24,0.0
2014-02-25,9.031178966261909e-05
2014-02-26,0.0
2014-02-27,0.0
2014-02-28,9.135164540819557e-05
2014-03-03,-0.0001816386865951086
2014-03-04,0.0
2014-03-05,9.031178966261909e-05
2014-03-06,0.0
2014-03-07,-9.030363417980327e-05
2014-03-10,9.031178966261909e-05
2014-03-11,-9.030363417980327e-05
2014-03-12,0.0
2014-03-13,0.0
2014-03-14,9.031178966261909e-05
2014-03-17,9.135164540819557e-05
2014-03-18,-9.134330104734788e-05
2014-03-19,9.135164540819557e-05
2014-03-20,0.0
2014-03-21,0.0
2014-03-24,0.0
2014-03-25,0.0
2014-03-26,-9.134330104734788e-05
2014-03-27,0.00018156794531896614
2014-03-28,0.0
2014-03-31,0.0
2014-04-01,-9.019992249617501e-05
2014-04-02,9.020805925612845e-05
2014-04-03,9.054919615540513e-05
2014-04-04,0.0
2014-04-07,-0.00018073275344603664
2014-04-08,0.00018076542367878595
2014-04-09,-9.054099774084059e-05
2014-04-10,0.0
2014-04-11,0.0
2014-04-14,-9.019992249617501e-05
2014-04-15,9.020805925612845e-05
2014-04-16,0.0
2014-04-17,-9.019992249617501e-05
2014-04-21,0.0
2014-04-22,0.0
2014-04-23,0.0
2014-04-24,0.0
2014-04-25,0.0
2014-04-28,0.0
2014-04-29,9.020805925612845e-05
2014-04-30,0.0
2014-05-01,0.0
2014-05-02,0.0
2014-05-05,0.0
2014-05-06,-9.019992249617501e-05
2014-05-07,9.020805925612845e-05
2014-05-08,-9.019992249617501e-05
2014-05-09,9.020805925612845e-05
2014-05-12,-9.019992249617501e-05
2014-05-13,9.020805925612845e-05
2014-05-14,0.0
2014-05-15,-9.019992249617501e-05
2014-05-16,9.020805925612845e-05
2014-05-19,0.0
2014-05-20,-9.019992249617501e-05
2014-05-21,9.020805925612845e-05
2014-05-22,-9.019992249617501e-05
2014-05-23,0.00018076542367878595
2014-05-27,-9.054099774084059e-05
2014-05-28,0.0
2014-05-29,-9.019992249617501e-05
2014-05-30,9.020805925612845e-05
2014-06-02,0.0
2014-06-03,-9.019992249617501e-05
2014-06-04,0.0
2014-06-05,0.0
2014-06-06,9.020805925612845e-05
2014-06-09,0.0
2014-06-10,-9.019992249617501e-05
2014-06-11,0.0
2014-06-12,0.0
2014-06-13,9.020805925612845e-05
2014-06-16,0.0
2014-06-17,-0.00018153498438484787
2014-06-18,0.0
2014-06-19,9.135164540819557e-05
2014-06-20,-9.134330104734788e-05
2014-06-23,9.135164540819557e-05
2014-06-24,0.0
2014-06-25,0.0
2014-06-26,9.020805925612845e-05
2014-06-27,0.0
2014-06-30,0.0
2014-07-01,0.0
2014-07-02,-9.019992249617501e-05
2014-07-03,9.020805925612845e-05
2014-07-07,0.0
2014-07-08,0.0
2014-07-09,0.0
2014-07-10,-9.019992249617501e-05
2014-07-11,0.0
2014-07-14,9.020805925612845e-05
2014-07-15,0.0
2014-07-16,0.0
2014-07-17,0.0
2014-07-18,0.0
2014-07-21,0.0
2014-07-22,-9.019992249617501e-05
2014-07-23,9.020805925612845e-05
2014-07-24,0.0
2014-07-25,-9.019992249617501e-05
2014-07-28,0.0
2014-07-29,9.020805925612845e-05
2014-07-30,-9.019992249617501e-05
2014-07-31,0.0
2014-08-01,9.020805925612845e-05
2014-08-04,0.0
2014-08-05,-9.019992249617501e-05
2014-08-06,9.020805925612845e-05
2014-08-07,0.0
2014-08-08,9.054919615540513e-05
2014-08-11,-9.054099774084059e-05
2014-08-12,-9.019992249617501e-05
2014-08-13,0.0
2014-08-14,0.0
2014-08-15,9.020805925612845e-05
2014-08-18,0.0
2014-08-19,0.0
2014-08-20,0.0
2014-08-21,9.054919615540513e-05
2014-08-22,0.0
2014-08-25,-9.054099774084059e-05
2014-08-26,-9.019992249617501e-05
2014-08-27,0.0
2014-08-28,0.0
2014-08-29,9.020805925612845e-05
2014-09-02,0.0
2014-09-03,0.0
2014-09-04,-9.019992249617501e-05
2014-09-05,0.0
2014-09-08,0.0
2014-09-09,0.0
2014-09-10,0.0
2014-09-11,0.0
2014-09-12,0.0
2014-09-15,9.020805925612845e-05
2014-09-16,0.0
2014-09-17,0.0
2014-09-18,0.0
2014-09-19,9.054919615540513e-05
2014-09-22,0.0
2014-09-23,0.0
2014-09-24,0.0
2014-09-25,9.132679232104074e-05
2014-09-26,0.0
2014-09-29,0.0
2014-09-30,-0.0003633531542100644
2014-10-01,0.00018156794531896614
2014-10-02,0.0
2014-10-03,-0.00018153498438484787
2014-10-06,9.135164540819557e-05
2014-10-07,9.020805925612845e-05
2014-10-08,0.0
2014-10-09,9.054919615540513e-05
2014-10-10,-9.054099774084059e-05
2014-10-13,9.054919615540513e-05
2014-10-14,0.0
2014-10-15,-0.00018073275344603664
2014-10-16,0.0
2014-10-17,0.0
2014-10-20,0.00018076542367878595
2014-10-21,0.0
2014-10-22,0.0
2014-10-23,0.0
2014-10-24,0.0
2014-10-27,0.0
2014-10-28,0.0
2014-10-29,-9.054099774084059e-05
2014-10-30,-9.019992249617501e-05
2014-10-31,9.020805925612845e-05
2014-11-03,-9.019992249617501e-05
2014-11-04,9.020805925612845e-05
2014-11-05,0.0
2014-11-06,-9.019992249617501e-05
2014-11-07,0.0
2014-11-10,9.020805925612845e-05
2014-11-11,0.0
2014-11-12,0.0
2014-11-13,0.0
2014-11-14,0.0
2014-11-17,0.0
2014-11-18,0.0
2014-11-19,0.0
2014-11-20,0.0
2014-11-21,0.0
2014-11-24,-0.00018153498438484787
2014-11-25,0.0
2014-11-26,0.00018156794531896614
2014-11-28,-9.019992249617501e-05
2014-12-01,9.020805925612845e-05
2014-12-02,-9.019992249617501e-05
2014-12-03,0.0
2014-12-04,0.0
2014-12-05,0.0
2014-12-08,-0.0001816386865951086
2014-12-09,0.0
2014-12-10,0.0
2014-12-11,9.031178966261909e-05
2014-12-12,0.0
2014-12-15,9.135164540819557e-05
2014-12-16,0.0
2014-12-17,0.0
2014-12-18,-0.0001816386865951086
2014-12-19,9.031178966261909e-05
2014-12-22,-0.00027195891376780213
2014-12-23,9.076498987302074e-05
2014-12-24,9.093145253430587e-05
2014-12-26,0.0
2014-12-29,-0.0001816716852014001
2014-12-30,9.076498987302074e-05
2014-12-31,0.00018125145437913995
2015-01-02,-0.00018121860824283538
2015-01-05,0.0
2015-01-06,9.093145253430587e-05
2015-01-07,0.0
2015-01-08,0.0
2015-01-09,9.031178966261909e-05
2015-01-12,0.00018156794531896614
2015-01-13,-9.019992249617501e-05
2015-01-14,0.0
2015-01-15,9.020805925612845e-05
2015-01-16,0.0
2015-01-20,0.0
2015-01-21,-9.019992249617501e-05
2015-01-22,9.020805925612845e-05
2015-01-23,0.0
2015-01-26,-9.019992249617501e-05
2015-01-27,0.0
2015-01-28,-9.134330104734788e-05
2015-01-29,0.0002721335823058675
2015-01-30,-0.00018073275344603664
2015-02-02,0.00018076542367878595
2015-02-03,9.132679232104074e-05
2015-02-04,-0.00018185118217673332
2015-02-05,0.0
2015-02-06,0.0
2015-02-09,0.0
2015-02-10,-9.019992249617501e-05
2015-02-11,9.020805925612845e-05
2015-02-12,-9.019992249617501e-05
2015-02-13,9.020805925612845e-05
2015-02-17,9.054919615540513e-05
2015-02-18,9.132679232104074e-05
2015-02-19,0.0
2015-02-20,-9.131845249969422e-05
2015-02-23,-9.054099774084059e-05
2015-02-24,0.0
2015-02-25,0.0
2015-02-26,0.0
2015-02-27,9.054919615540513e-05
2015-03-02,-9.054099774084059e-05
2015-03-03,-9.019992249617501e-05
2015-03-04,0.00018076542367878595
2015-03-05,-0.00018073275344603664
2015-03-06,9.020805925612845e-05
2015-03-09,-9.019992249617501e-05
2015-03-10,9.020805925612845e-05
2015-03-11,-9.019992249617501e-05
2015-03-12,0.0
2015-03-13,9.020805925612845e-05
2015-03-16,0.0
2015-03-17,-9.019992249617501e-05
2015-03-18,-9.134330104734788e-05
2015-03-19,9.135164540819557e-05
2015-03-20,0.0
2015-03-23,9.020805925612845e-05
2015-03-24,-9.019992249617501e-05
2015-03-25,0.0
2015-03-26,0.0
2015-03-27,0.0
2015-03-30,0.0
2015-03-31,9.020805925612845e-05
2015-04-01,0.0
2015-04-02,-9.019992249617501e-05
2015-04-06,9.020805925612845e-05
2015-04-07,0.0
2015-04-08,9.054919615540513e-05
2015-04-09,0.0
2015-04-10,0.0
2015-04-13,-9.054099774084059e-05
2015-04-14,9.054919615540513e-05
2015-04-15,0.0
2015-04-16,0.0
2015-04-17,0.0
2015-04-20,-9.054099774084059e-05
2015-04-21,0.0
2015-04-22,0.0
2015-04-23,9.054919615540513e-05
2015-04-24,-9.054099774084059e-05
2015-04-27,0.0
2015-04-28,9.054919615540513e-05
2015-04-29,-9.054099774084059e-05
2015-04-30,9.054919615540513e-05
2015-05-01,-9.054099774084059e-05
2015-05-04,9.054919615540513e-05
2015-05-05,9.132679232104074e-05
2015-05-06,-9.131845249969422e-05
2015-05-07,9.132679232104074e-05
2015-05-08,0.0
2015-05-11,-9.131845249969422e-05
2015-05-12,9.132679232104074e-05
2015-05-13,-9.131845249969422e-05
2015-05-14,0.0
2015-05-15,0.0
2015-05-18,0.0
2015-05-19,0.0
2015-05-20,0.0
2015-05-21,0.0
2015-05-22,0.0
2015-05-26,0.0
2015-05-27,0.0
2015-05-28,9.132679232104074e-05
2015-05-29,-9.131845249969422e-05
2015-06-01,0.0
2015-06-02,0.0
2015-06-03,9.132679232104074e-05
2015-06-04,-9.131845249969422e-05
2015-06-05,-9.054099774084059e-05
2015-06-08,0.0
2015-06-09,0.0
2015-06-10,9.054919615540513e-05
2015-06-11,9.132679232104074e-05
2015-06-12,-9.131845249969422e-05
2015-06-15,-9.054099774084059e-05
2015-06-16,0.0
2015-06-17,0.000181884258044078
2015-06-18,-0.00018185118217673332
2015-06-19,9.054919615540513e-05
2015-06-22,0.0
2015-06-23,0.0
2015-06-24,0.0
2015-06-25,9.132679232104074e-05
2015-06-26,-0.00018185118217673332
2015-06-29,9.054919615540513e-05
2015-06-30,9.132679232104074e-05
2015-07-01,-9.131845249969422e-05
2015-07-02,9.132679232104074e-05
2015-07-06,0.0
2015-07-07,0.0
2015-07-08,0.00018071624921067595
2015-07-09,-0.00018068359674877762
2015-07-10,0.0
2015-07-13,9.079463728459082e-05
2015-07-14,0.0
2015-07-15,0.0
2015-07-16,0.0
2015-07-17,0.0
2015-07-20,-0.00018209655639349652
2015-07-21,0.0
2015-07-22,0.0
2015-07-23,0.0
2015-07-24,9.132679232104074e-05
2015-07-27,-9.131845249969422e-05
2015-07-28,0.0
2015-07-29,0.0
2015-07-30,0.0
2015-07-31,-9.054099774084059e-05
2015-08-03,9.054919615540513e-05
2015-08-04,-9.054099774084059e-05
2015-08-05,9.054919615540513e-05
2015-08-06,0.0
2015-08-07,0.0
2015-08-10,-0.00018073275344603664
2015-08-11,9.020805925612845e-05
2015-08-12,-9.019992249617501e-05
2015-08-13,0.0
2015-08-14,0.0
2015-08-17,0.0
2015-08-18,0.0
2015-08-19,0.0
2015-08-20,0.00018076542367878595
2015-08-21,-9.054099774084059e-05
2015-08-24,0.000181884258044078
2015-08-25,-9.131845249969422e-05
2015-08-26,0.0
2015-08-27,0.0
2015-08-28,-9.054099774084059e-05
2015-08-31,9.054919615540513e-05
2015-09-01,9.080292926757397e-06
2015-09-02,0.0
2015-09-03,9.123865333843105e-05
2015-09-04,0.0
2015-09-08,-9.123032960601419e-05
2015-09-09,0.0
2015-09-10,-0.00018099304150293548
2015-09-11,0.0
2015-09-14,9.073121676063183e-05
2015-09-15,-0.0002718196856653754
2015-09-16,0.00018114593934388486
2015-09-17,-9.108051884633206e-05
2015-09-18,0.00045457074155640304
2015-09-21,-9.113472156072924e-05
2015-09-22,9.114302785519503e-05
2015-09-23,0.0
2015-09-24,0.0
2015-09-25,0.0001803489796402937
2015-09-28,-9.068189819992505e-05
2015-09-29,0.0
2015-09-30,0.0
2015-10-01,8.196152521757119e-05
2015-10-02,9.076996847663729e-05
2015-10-05,-9.076173003726292e-05
2015-10-06,9.076996847663729e-05
2015-10-07,0.0
2015-10-08,-9.076173003726292e-05
2015-10-09,9.076996847663729e-05
2015-10-12,-9.076173003726292e-05
2015-10-13,0.0
2015-10-14,9.076996847663729e-05
2015-10-15,-9.076173003726292e-05
2015-10-16,0.0
2015-10-19,-9.050813202910853e-05
2015-10-20,9.05163244925565e-05
2015-10-21,-9.050813202910853e-05
2015-10-22,9.05163244925565e-05
2015-10-23,-0.00018110354287405997
2015-10-26,-9.096099946759008e-05
2015-10-27,9.09692741236852e-05
2015-10-28,-9.096099946759008e-05
2015-10-29,-9.07946689910102e-05
2015-10-30,0.0
2015-11-02,-0.00020832283788440738
2015-11-03,9.038519024248643e-05
2015-11-04,-9.037702149820477e-05
2015-11-05,9.038519024248643e-05
2015-11-06,-0.00027217891401923116
2015-11-09,0.00018185138863449784
2015-11-10,-0.00018181832471966838
2015-11-11,0.0
2015-11-12,9.092569431724892e-05
2015-11-13,-9.091742758702003e-05
2015-11-16,0.00018185138863449784
2015-11-17,-9.090916235983419e-05
2015-11-18,0.0
2015-11-19,9.091742758702003e-05
2015-11-20,-9.090916235983419e-05
2015-11-23,0.0
2015-11-24,9.091742758702003e-05
2015-11-25,9.038519024248643e-05
2015-11-27,0.0
2015-11-30,0.0
2015-12-01,-0.00012713907565351318
2015-12-02,0.0
2015-12-03,0.0
2015-12-04,0.0
2015-12-07,-0.00027230085489193985
2015-12-08,-0.00027176353305521613
2015-12-09,0.0
2015-12-10,9.07872283777633e-05
2015-12-11,9.042950081168123e-05
2015-12-14,-9.042132405648406e-05
2015-12-15,-9.077898680515631e-05
2015-12-16,0.0
2015-12-17,0.0001812249390331868
2015-12-18,9.059605125272847e-05
2015-12-21,0.0
2015-12-22,9.154875687620267e-05
2015-12-23,0.0
2015-12-24,0.00018989387255972397
2015-12-28,-9.021303025481295e-05
2015-12-29,0.00018140306757216231
2015-12-30,0.0
2015-12-31,-9.11653605162125e-05
2016-01-04,0.0
2016-01-05,9.117367239692616e-05
2016-01-06,-0.00018137016646759902
2016-01-07,9.022116937989584e-05
2016-01-08,9.117367239692616e-05
2016-01-11,-9.11653605162125e-05
2016-01-12,9.117367239692616e-05
2016-01-13,0.0
2016-01-14,0.0001814574896098559
2016-01-15,9.053766978214034e-05
2016-01-19,0.00036281628898474555
2016-01-20,9.058390753320384e-05
2016-01-21,0.0
2016-01-22,-0.00018106414583490946
2016-01-25,0.0
2016-01-26,0.0
2016-01-27,0.0
2016-01-28,0.0
2016-01-29,9.050483018256665e-05
2016-02-01,-0.00019006912389915026
2016-02-02,0.00027180338403068707
2016-02-03,9.048924840258554e-05
2016-02-04,0.0
2016-02-05,-0.00018122387981043826
2016-02-08,0.0
2016-02-09,0.0001812567278579024
2016-02-10,-9.048106083939551e-05
2016-02-11,9.048924840258554e-05
2016-02-12,9.065556626049366e-05
2016-02-16,0.0
2016-02-17,0.0
2016-02-18,9.082183817642313e-05
2016-02-19,-9.081359031921894e-05
2016-02-22,-0.00018112020754491298
2016-02-23,0.0001811530180171336
2016-02-24,-9.06473485737787e-05
2016-02-25,0.0
2016-02-26,0.0
2016-02-29,0.0001814856379420855
2016-03-01,-0.000453195582813009
2016-03-02,0.00018136042486865115
2016-03-03,9.040198779660426e-05
2016-03-04,-9.039381601595189e-05
2016-03-07,0.0
2016-03-08,9.040198779660426e-05
2016-03-09,9.065557417043824e-05
2016-03-10,0.0
2016-03-11,-9.06473564822893e-05
2016-03-14,0.0
2016-03-15,9.065557417043824e-05
2016-03-16,9.073460129122317e-05
2016-03-17,9.10753168443973e-05
2016-03-18,-9.106702288643384e-05
2016-03-21,9.10753168443973e-05
2016-03-22,-9.106702288643384e-05
2016-03-23,0.0
2016-03-24,0.00027174292334319693
2016-03-28,-0.00018061852469288965
2016-03-29,0.0003626107415123616
2016-03-30,8.998764501025048e-05
2016-03-31,-0.00018074380128539969
2016-04-01,-9.112948234965815e-05
2016-04-04,0.00018192672260230217
2016-04-05,0.000180585671333555
2016-04-06,0.0
2016-04-07,0.0
2016-04-08,9.040730539849308e-05
2016-04-11,-0.00018079826531299849
2016-04-12,0.00018083095923674338
2016-04-13,0.0
2016-04-14,-9.039913265649924e-05
2016-04-15,0.0
2016-04-18,0.00018159924507720452
2016-04-19,0.0
2016-04-20,0.0
2016-04-21,0.0
2016-04-22,9.03037247235647e-05
2016-04-25,-0.00018146272026214302
2016-04-26,0.0
2016-04-27,0.0003625554413870592
2016-04-28,-9.080208039591798e-05
2016-04-29,-9.020027598669951e-05
2016-05-02,-7.216673024834507e-05
2016-05-03,9.004059497221337e-05
2016-05-04,0.0
2016-05-05,0.0001816337907181298
2016-05-06,9.053898143210187e-05
2016-05-09,0.0
2016-05-10,-9.053078486705175e-05
2016-05-11,0.0
2016-05-12,-0.0001816008058753612
2016-05-13,0.0
2016-05-16,9.072973902954564e-05
2016-05-17,0.0
2016-05-18,-9.072150789081034e-05
2016-05-19,9.072973902954564e-05
2016-05-20,-0.00018074582840109575
2016-05-23,9.004059497221337e-05
2016-05-24,-9.00324883933916e-05
2016-05-25,9.004059497221337e-05
2016-05-26,0.0
2016-05-27,-0.00018041360210486023
2016-05-31,9.03974226361074e-05
2016-06-01,9.065074421210251e-06
2016-06-02,9.030126891587138e-05
2016-06-03,0.0
2016-06-06,0.00018154494135000235
2016-06-07,9.001530695916791e-05
2016-06-08,0.0
2016-06-09,0.0
2016-06-10,9.070425976305886e-05
2016-06-13,0.0
2016-06-14,-9.069603324649979e-05
2016-06-15,0.0
2016-06-16,0.0002722870429966945
2016-06-17,0.0
2016-06-20,-0.00018153335405345512
2016-06-21,0.0
2016-06-22,0.00018156631439549047
2016-06-23,-0.0002722129229448403
2016-06-24,0.0005440512948708353
2016-06-27,0.0
2016-06-28,-0.00018104862422639595
2016-06-29,0.0
2016-06-30,0.0002715785630271307
2016-07-01,0.00019923125297475423
2016-07-05,-0.0001809961841929999
2016-07-06,-0.00027184818715485096
2016-07-07,0.0002719221086871449
2016-07-08,-9.029678734131341e-05
2016-07-11,-0.00018156779480209284
2016-07-12,9.075683448174408e-05
2016-07-13,-9.074859842621725e-05
2016-07-14,0.0
2016-07-15,9.075683448174408e-05
2016-07-18,0.0
2016-07-19,-9.074859842621725e-05
2016-07-20,0.0
2016-07-21,9.075683448174408e-05
2016-07-22,-9.074859842621725e-05
2016-07-25,9.075683448174408e-05
2016-07-26,-9.074859842621725e-05
2016-07-27,0.00018160076765300998
2016-07-28,-9.082743883864884e-05
2016-07-29,0.00018114883371068318
2016-08-01,-2.6122503570293174e-07
2016-08-02,0.0
2016-08-03,-0.00018094192199679076
2016-08-04,0.0002718103650236408
2016-08-05,-0.0001813608261137997
2016-08-08,-0.0001806099775430564
2016-08-09,0.00018064260339959972
2016-08-10,9.056623753364449e-05
2016-08-11,9.081926113698401e-05
2016-08-12,-9.081101374781233e-05
2016-08-15,9.081926113698401e-05
2016-08-16,0.0
2016-08-17,-0.0001813608261137997
2016-08-18,0.0002720470442837552
2016-08-19,0.0
2016-08-22,0.0
2016-08-23,-0.000181431448860708
2016-08-24,0.0
2016-08-25,0.0
2016-08-26,0.0
2016-08-29,9.081926113698401e-05
2016-08-30,-9.081101374781233e-05
2016-08-31,0.0
2016-09-01,-6.347770025777694e-05
2016-09-02,-9.047670425150818e-05
2016-09-06,0.0004537307817581066
2016-09-07,-0.00018175819718152926
2016-09-08,-9.0460295765988e-05
2016-09-09,9.046847957140753e-05
2016-09-12,-0.0001813559153807055
2016-09-13,9.091210706311312e-05
2016-09-14,-0.0001813723223746313
2016-09-15,9.048489102623279e-05
2016-09-16,0.0002720396766907714
2016-09-19,-9.062621145088734e-05
2016-09-20,0.0003625377012219192
2016-09-21,0.0
2016-09-22,0.0
2016-09-23,0.00027189176966902834
2016-09-26,0.0001808928747001433
2016-09-27,-0.0004526288619929119
2016-09-28,0.00036258038170332014
2016-09-29,-9.065574204073905e-05
2016-09-30,-9.07509708091628e-05
2016-10-03,-0.00042577641543247634
2016-10-04,0.0
2016-10-05,0.0002720453825671926
2016-10-06,-0.0002719713940052631
2016-10-07,0.0003631044130200833
2016-10-10,-0.00027238175216306353
2016-10-11,0.00027245596419597854
2016-10-12,-0.00018196493411276864
2016-10-13,0.00027243132511118765
2016-10-14,0.0
2016-10-17,0.0
2016-10-18,-9.040864358841739e-05
2016-10-19,0.000180398521480521
2016-10-20,-0.0002713755442519632
2016-10-21,0.00018145931408031153
2016-10-24,8.99735683064712e-05
2016-10-25,0.0
2016-10-26,0.0
2016-10-27,-0.00018036598372373185
2016-10-28,0.000180398521480521
2016-10-31,0.00027172357316411705
2016-11-01,-3.575025653636032e-05
2016-11-02,-0.000181280287682422
2016-11-03,0.00018131315618353554
2016-11-04,9.037918373418256e-05
2016-11-07,-0.0003620059373496625
2016-11-08,0.00018080748553431353
2016-11-09,0.0
2016-11-10,-0.0006338427302736459
2016-11-11,9.035767799570305e-05
2016-11-14,0.0
2016-11-15,0.0
2016-11-16,9.026247230217264e-05
2016-11-17,0.00018198823055741664
2016-11-18,-0.00018195511686765702
2016-11-21,9.086356418074748e-05
2016-11-22,-0.0001811014343825381
2016-11-23,0.0
2016-11-25,0.0003629648114754676
2016-11-28,0.0
2016-11-29,-9.066477378573373e-05
2016-11-30,-0.00027219302035486905
2016-12-01,0.00015397715863311803
2016-12-02,0.00036299596031012094
2016-12-05,-0.00036286424205611356
2016-12-06,0.00036299596031012094
2016-12-07,-0.0004536020518054606
2016-12-08,0.0
2016-12-09,9.077898728423997e-05
2016-12-12,0.0
2016-12-13,0.0
2016-12-14,-9.077074720773342e-05
2016-12-15,0.00027233696185271995
2016-12-16,0.00027234982734935224
2016-12-19,0.0001805022433601706
2016-12-20,0.0
2016-12-21,9.080016076151068e-05
2016-12-22,-9.079191684086568e-05
2016-12-23,0.0
2016-12-27,0.0
2016-12-28,-9.027832075713418e-05
2016-12-29,0.000181007849269258
2016-12-30,-9.070495929147513e-05
2017-01-03,0.00027222653561640657
2017-01-04,-9.094934860354927e-05
2017-01-05,-9.052283327598482e-05
2017-01-06,0.0002719409469841253
2017-01-09,0.00018179530822042564
2017-01-10,-9.075074334768366e-05
2017-01-11,0.0
2017-01-12,9.07589797925653e-05
2017-01-13,0.0
2017-01-17,-9.075074334768366e-05
2017-01-18,9.07589797925653e-05
2017-01-19,8.98814833539319e-05
2017-01-20,0.0
2017-01-23,9.074258726933652e-05
2017-01-24,-0.0001805996045928965
2017-01-25,-9.075074334768366e-05
2017-01-26,0.00027140760049079396
2017-01-27,-0.0001805996045928965
2017-01-30,8.98814833539319e-05
2017-01-31,-8.987340539894057e-05
2017-02-01,9.005533535268225e-05
2017-02-02,-9.022106246339659e-05
2017-02-03,0.00018106688817733186
2017-02-06,0.00018172939111789127
2017-02-07,-9.097852750340844e-05
2017-02-08,0.00018093078198336114
2017-02-09,-0.0002716077379532715
2017-02-10,0.00018172939111789127
2017-02-13,0.0
2017-02-14,-0.00027250111007706674
2017-02-15,0.00018157206116188387
2017-02-16,-9.072609817033095e-05
2017-02-17,0.00018172939111789127
2017-02-21,8.993579366382783e-05
2017-02-22,-8.992770594422137e-05
2017-02-23,0.0
2017-02-24,0.0002715452707241178
2017-02-27,-9.060634583217325e-05
2017-02-28,-9.096207116205219e-05
2017-03-01,-0.00041636093418812443
2017-03-02,-9.11820840156416e-05
2017-03-03,0.000181424559200042
2017-03-06,-0.0001813916502998438
2017-03-07,0.0
2017-03-08,-0.00036224060286850745
2017-03-09,9.026685857505154e-05
2017-03-10,0.00036329566032116626
2017-03-13,-0.0002725031776825895
2017-03-14,0.0
2017-03-15,0.000362827981975631
2017-03-16,-9.021779253054041e-05
2017-03-17,0.0
2017-03-20,9.022593251500092e-05
2017-03-21,0.0
2017-03-22,0.0
2017-03-23,0.0
2017-03-24,-9.021779253054041e-05
2017-03-27,-9.11820840156416e-05
2017-03-28,9.119039894625973e-05
2017-03-29,0.00027154702618194883
2017-03-30,9.09835319807115e-05
2017-03-31,0.00018090781313213466
2017-04-03,-0.00020858842194388424
2017-04-04,-9.063020140672323e-05
2017-04-05,-0.0002716545430181393
2017-04-06,0.00027172835926139954
2017-04-07,-9.072531762985843e-05
2017-04-10,0.0001813801893897717
2017-04-11,0.0
2017-04-12,9.106467025335182e-05
2017-04-13,0.0001810701261834614
2017-04-17,-0.00018103734572842643
2017-04-18,0.0
2017-04-19,0.0001810701261834614
2017-04-20,-0.00018103734572842643
2017-04-21,9.001374794916795e-05
2017-04-24,0.00018157509707100256
2017-04-25,-9.051047997568551e-05
2017-04-26,-9.103989362926627e-05
2017-04-27,9.10481826461295e-05
2017-04-28,-9.103989362926627e-05
2017-05-01,0.0001004310106287459
2017-05-02,-9.086530087837905e-05
2017-05-03,-0.0001811389758167739
2017-05-04,9.115070069602988e-05
2017-05-05,9.001288765600967e-05
2017-05-08,0.0
2017-05-09,0.0
2017-05-10,-9.000478606531306e-05
2017-05-11,0.0002713419383684539
2017-05-12,0.0
2017-05-15,9.077022312797489e-05
2017-05-16,0.0
2017-05-17,0.00027193853963185027
2017-05-18,-9.08241396323029e-05
2017-05-19,9.083238940592144e-05
2017-05-22,0.0
2017-05-23,-9.08241396323029e-05
2017-05-24,9.083238940592144e-05
2017-05-25,0.0
2017-05-26,0.0
2017-05-30,-9.08241396323029e-05
2017-05-31,9.083238940592144e-05
2017-06-01,5.435555584112965e-05
2017-06-02,0.000181551580966101
2017-06-05,-9.071590824550311e-05
2017-06-06,-9.081095572540503e-05
2017-06-07,9.081920310403713e-05
2017-06-08,0.0
2017-06-09,-9.081095572540503e-05
2017-06-12,-9.029825165219753e-05
2017-06-13,0.00036296228630812476
2017-06-14,0.0
2017-06-15,0.0
2017-06-16,9.001323550448383e-05
2017-06-19,0.0
2017-06-20,0.0
2017-06-21,0.0
2017-06-22,0.00018165934922903269
2017-06-23,9.103012255309903e-05
2017-06-26,-0.00018160982313910454
2017-06-27,0.0
2017-06-28,9.060444097146707e-05
2017-06-29,9.103012255309903e-05
2017-06-30,9.067475641680088e-05
2017-07-03,-8.233736072058465e-05
2017-07-05,0.0
2017-07-06,0.0002723690808424231
2017-07-07,-9.021558227825921e-05
2017-07-10,9.022372186386246e-05
2017-07-11,0.00018164560508718728
2017-07-12,9.07195779787678e-05
2017-07-13,-9.071134868349735e-05
2017-07-14,0.0002714648939517622
2017-07-17,0.0
2017-07-18,-9.026142518021505e-05
2017-07-19,0.0
2017-07-20,9.026957304052809e-05
2017-07-21,-9.026142518021505e-05
2017-07-24,9.026957304052809e-05
2017-07-25,-0.00045295454864691966
2017-07-26,0.00045315980944387127
2017-07-27,0.0
2017-07-28,0.00018199686018565935
2017-07-31,0.00018049000174681726
2017-08-01,-0.0001177913778618256
2017-08-02,9.084614165687413e-05
2017-08-03,0.0001810690371426422
2017-08-04,-9.021481264827273e-05
2017-08-07,0.0
2017-08-08,0.00018087925170244903
2017-08-09,-0.0003624729650886456
2017-08-10,9.084614165687413e-05
2017-08-11,0.0001810690371426422
2017-08-14,0.00018146956549998375
2017-08-15,0.0
2017-08-16,0.00018160993219173816
2017-08-17,-9.070184777942904e-05
2017-08-18,0.00018064040793369207
2017-08-21,0.0
2017-08-22,-0.0001806077828701184
2017-08-23,0.00018064040793369207
2017-08-24,0.0
2017-08-25,9.130004947007425e-05
2017-08-28,0.0
2017-08-29,9.059879829268904e-05
2017-08-30,9.033077084365216e-05
2017-08-31,-0.00018090502044772303
2017-09-01,-0.00014525256667001865
2017-09-05,0.0003626210938752033
2017-09-06,-0.00036248964748271465
2017-09-07,0.0004534063080130946
2017-09-08,-9.074407020404601e-05
2017-09-11,0.00018133141945265275
2017-09-12,-0.00027168807646053985
2017-09-13,0.0
2017-09-14,9.041409656225513e-05
2017-09-15,9.075230543762182e-05
2017-09-18,-0.0002715395077861529
2017-09-19,0.0
2017-09-20,0.0002716132615174936
2017-09-21,0.0
2017-09-22,9.057089449754974e-05
2017-09-25,-9.056269215351329e-05
2017-09-26,0.0002713663320796567
2017-09-27,-9.011350146094675e-05
2017-09-28,9.012162263591982e-05
2017-09-29,0.00018143890399821748
2017-10-02,3.64369855655877e-05
2017-10-03,0.0
2017-10-04,-9.104587214718967e-05
2017-10-05,-9.010207500491406e-05
2017-10-06,0.0
2017-10-09,0.0001811725612814241
2017-10-10,-0.00018113974373010265
2017-10-11,0.0002714558777728361
2017-10-12,9.069150367724625e-05
2017-10-13,0.0
2017-10-16,0.0
2017-10-17,0.0
2017-10-18,0.00018197226787633084
2017-10-19,9.040723832360237e-05
2017-10-20,-9.0399065593735e-05
2017-10-23,-9.109935115287397e-05
2017-10-24,0.0
2017-10-25,-9.084808504349806e-05
2017-10-26,9.085633916792553e-05
2017-10-27,-9.084808504349806e-05
2017-10-30,0.00018197226787633084
2017-10-31,0.0
2017-11-01,-1.7302820731789926e-07
2017-11-02,9.075331044112078e-05
2017-11-03,0.0
2017-11-06,0.0
2017-11-07,-9.074507502515602e-05
2017-11-08,0.0
2017-11-09,9.075331044112078e-05
2017-11-10,0.0
2017-11-13,9.0139531149869e-05
2017-11-14,0.0
2017-11-15,9.06503975729221e-05
2017-11-16,-0.0001807654178630483
2017-11-17,9.0139531149869e-05
2017-11-20,0.0
2017-11-21,9.06503975729221e-05
2017-11-22,9.098814334541954e-05
2017-11-24,9.072041697144633e-05
2017-11-27,9.036628785752946e-05
2017-11-28,0.0
2017-11-29,0.0
2017-11-30,0.0
2017-12-01,9.952363543670902e-05
2017-12-04,-9.078142314665186e-05
2017-12-05,9.078966516166224e-05
2017-12-06,0.0
2017-12-07,9.086788164488676e-05
2017-12-08,0.00018197860277433943
2017-12-11,0.0
2017-12-12,-0.00027278858651171077
2017-12-13,9.086788164488676e-05
2017-12-14,9.120542799379007e-05
2017-12-15,9.07648965293146e-05
2017-12-18,-0.00018194549258781722
2017-12-19,9.120542799379007e-05
2017-12-20,9.07648965293146e-05
2017-12-21,0.00010821651150591314
2017-12-22,0.0
2017-12-26,9.074683870423539e-05
2017-12-27,-9.073860446273197e-05
2017-12-28,0.000363160205938283
2017-12-29,0.0
2018-01-02,-9.071389502743578e-05
2018-01-03,0.0
2018-01-04,0.0001813578475458758
2018-01-05,0.0
2018-01-08,0.0
2018-01-09,0.0
2018-01-10,-9.061928824207392e-05
2018-01-11,9.062750084169536e-05
2018-01-12,9.061928824207392e-05
2018-01-16,9.12157268351572e-05
2018-01-17,9.017095947514973e-05
2018-01-18,9.059464372339323e-05
2018-01-19,0.0
2018-01-22,9.058643707740002e-05
2018-01-23,-9.057823191809379e-05
2018-01-24,0.00018186371447569537
2018-01-25,9.074264436325861e-05
2018-01-26,9.056174787453996e-05
2018-01-29,0.0
2018-01-30,0.0
2018-01-31,0.00045302670699479104
2018-02-01,-0.00045299413592619697
2018-02-02,0.00018093447823883075
2018-02-05,0.0002723883173375682
2018-02-06,-0.0002723141421466016
2018-02-07,0.0
2018-02-08,9.079610577918939e-05
2018-02-09,-9.078786259481377e-05
2018-02-12,0.0
2018-02-13,-0.00018090174687564731
2018-02-14,0.0
2018-02-15,0.00018093447823883075
2018-02-16,0.00018176482772906165
2018-02-20,-9.095219004071794e-05
2018-02-21,0.00018157572518962754
2018-02-22,0.0
2018-02-23,9.051252696824624e-05
2018-02-26,-9.050433519216641e-05
2018-02-27,9.051252696824624e-05
2018-02-28,0.0
2018-03-01,0.00021793512935692312
2018-03-02,-9.100216326374644e-05
2018-03-05,0.0
2018-03-06,9.101044541115845e-05
2018-03-07,9.048461541580096e-05
2018-03-08,0.00027211928743559266
2018-03-09,0.0
2018-03-12,0.0
2018-03-13,9.105540195225886e-05
2018-03-14,-9.104711162091363e-05
2018-03-15,-9.062426842028794e-05
2018-03-16,0.00027224238385331026
2018-03-19,-9.052160358417272e-05
2018-03-20,0.0
2018-03-21,0.0003626365070810253
2018-03-22,-0.00027200806853844875
2018-03-23,0.0003626898916939187
2018-03-26,-9.057496401131782e-05
2018-03-27,0.0003625912371170006
2018-03-28,-0.00018101451527914144
2018-03-29,0.0004526613046451943
2018-04-02,-6.347999940740516e-05
2018-04-03,0.0
2018-04-04,9.113446821874925e-05
2018-04-05,9.060937994847152e-05
2018-04-06,0.0
2018-04-09,0.00018128846405092818
2018-04-10,-9.041253431155677e-05
2018-04-11,9.042070947705484e-05
2018-04-12,0.0
2018-04-13,9.084307018923085e-05
2018-04-16,0.0
2018-04-17,0.0
2018-04-18,0.0
2018-04-19,9.066261976743015e-05
2018-04-20,9.065440080196e-05
2018-04-23,0.0
2018-04-24,9.047401583682653e-05
2018-04-25,0.0
2018-04-26,9.063798294422124e-05
2018-04-27,0.00018160380951430104
2018-04-30,0.0
2018-05-01,0.00011746170167670771
2018-05-02,0.0
2018-05-03,0.0
2018-05-04,0.00018163555286644306
2018-05-07,9.075827029361376e-05
2018-05-08,-9.075003397750088e-05
2018-05-09,9.075827029361376e-05
2018-05-10,9.049197700884447e-05
2018-05-11,9.082783377680711e-05
2018-05-14,-9.081958483065244e-05
2018-05-15,0.00018156965634738619
2018-05-16,-9.07253496000302e-05
2018-05-17,0.00027177072733414935
2018-05-18,0.0
2018-05-21,-9.04509893205927e-05
2018-05-22,0.0
2018-05-23,0.00036295452724076485
2018-05-24,0.0
2018-05-25,0.00027162287879508093
2018-05-29,0.0002717209863729605
2018-05-30,-0.0001813558458566375
2018-05-31,9.082325914066933e-05
2018-06-01,-1.847230593231661e-05
2018-06-04,9.116036577559772e-05
2018-06-05,0.0
2018-06-06,0.0
2018-06-07,9.06365875762926e-05
2018-06-08,9.071427700119905e-05
2018-06-11,9.044836102931438e-05
2018-06-12,0.0
2018-06-13,0.0
2018-06-14,0.0001814815785032365
2018-06-15,9.050964314125825e-05
2018-06-18,0.0
2018-06-19,0.00018091703901917721
2018-06-20,-9.057093081763058e-05
2018-06-21,0.00036248825261601985
2018-06-22,0.0
2018-06-25,9.097544212348354e-05
2018-06-26,9.079553018239088e-05
2018-06-27,8.984337390958718e-05
2018-06-28,-8.983530280288718e-05
2018-06-29,0.0002715037584049034
2018-07-02,8.578699877444693e-06
2018-07-03,9.084765234739525e-05
2018-07-05,0.00018116412878196203
2018-07-06,0.0
2018-07-09,0.0
2018-07-10,0.0
2018-07-11,0.0001813028401510148
2018-07-12,9.072073508147674e-05
2018-07-13,0.0
2018-07-16,9.079824518458495e-05
2018-07-17,0.0
2018-07-18,9.036134249177832e-05
2018-07-19,0.0
2018-07-20,9.086752252443008e-05
2018-07-23,9.051640121189118e-05
2018-07-24,0.0
2018-07-25,9.05082087345564e-05
2018-07-26,0.00018108573625449565
2018-07-27,-9.048363244486004e-05
2018-07-30,9.049182047348303e-05
2018-07-31,9.056931770285706e-05
2018-08-01,4.5923139059034884e-05
2018-08-02,0.0001807712197139668
2018-08-03,0.0001817664443382665
2018-08-06,-9.060977811395318e-05
2018-08-07,9.061798898982869e-05
2018-08-08,0.0
2018-08-09,0.00018104827120311628
2018-08-10,0.00018118675267956883
2018-08-13,-9.049135349552603e-05
2018-08-14,0.000181684039810552
2018-08-15,0.0
2018-08-16,9.031189619970109e-05
2018-08-17,0.00018112105717176902
2018-08-20,9.09720314491083e-05
2018-08-21,9.010802951538567e-05
2018-08-22,9.052773562752406e-05
2018-08-23,-9.051954109843837e-05
2018-08-24,9.052773562752406e-05
2018-08-27,0.0
2018-08-28,9.034842665401788e-05
2018-08-29,9.12813089756817e-05
2018-08-30,8.998985218995694e-05
2018-08-31,9.07515606317506e-05
2018-09-04,0.00011828277022866292
2018-09-05,9.039052898812292e-05
2018-09-06,9.029685089732496e-05
2018-09-07,9.063070075657824e-05
2018-09-10,9.079347340264187e-05
2018-09-11,0.0
2018-09-12,9.044329009095449e-05
2018-09-13,-9.04351108419902e-05
2018-09-14,9.044329009095449e-05
2018-09-17,0.00018155404104762494
2018-09-18,-9.02477711535306e-05
2018-09-19,-9.128155196416019e-05
2018-09-20,0.00018155404104762494
2018-09-21,0.0001811792375430728
2018-09-24,0.0
2018-09-25,0.0
2018-09-26,0.00018114641757325321
2018-09-27,0.00018102817854384658
2018-09-28,9.113832277640643e-05
2018-10-01,0.00010812614990793904
2018-10-02,-9.060777406161601e-05
2018-10-03,0.00018140278156056098
2018-10-04,0.00018136988055973615
2018-10-05,0.0
2018-10-08,9.100999667121973e-05
2018-10-09,0.0
2018-10-10,0.0
2018-10-11,9.023340744651835e-05
2018-10-12,0.00018147484934429194
2018-10-15,0.0
2018-10-16,9.046492828350138e-05
2018-10-17,-0.0001810841633450836
2018-10-18,0.00045313380992756516
2018-10-19,0.0
2018-10-22,0.0
2018-10-23,9.043215050639872e-05
2018-10-24,9.09358070830122e-05
2018-10-25,0.00018049031097132874
2018-10-26,9.116697739340392e-05
2018-10-29,0.0
2018-10-30,9.064701846351002e-05
2018-10-31,9.029773439658987e-05
2018-11-01,0.00014519656016304304
2018-11-02,-9.078795505544416e-05
2018-11-05,9.079619825661069e-05
2018-11-06,-9.078795505544416e-05
2018-11-07,0.00018125137792822003
2018-11-08,9.086498349939633e-05
2018-11-09,9.077149635234955e-05
2018-11-12,0.0003622007933816626
2018-11-13,-9.030443071873892e-05
2018-11-14,9.03125863454356e-05
2018-11-15,9.081558787375066e-05
2018-11-16,9.089252627471231e-05
2018-11-19,0.00018083157995694453
2018-11-20,9.120848172453693e-05
2018-11-21,0.0
2018-11-23,0.0002713013267026585
2018-11-26,0.0
2018-11-27,9.092003412736263e-05
2018-11-28,9.031590477554072e-05
2018-11-29,9.039286424089784e-05
2018-11-30,9.029958611129385e-05
2018-12-03,9.071693440076358e-05
2018-12-04,0.0
2018-12-06,0.0002722963019439233
2018-12-07,9.051387380324326e-05
2018-12-10,9.101605216938036e-05
2018-12-11,-9.10077690015291e-05
2018-12-12,0.00018169185741476304
2018-12-13,0.00018106352752914027
2018-12-14,9.030279752454692e-05
2018-12-17,0.0001819496586105763
2018-12-18,9.920403004683501e-05
2018-12-19,9.086425763901509e-05
2018-12-20,0.00018137203782023448
2018-12-21,0.00018108421945775856
2018-12-24,-9.039827577183475e-05
2018-12-26,0.0
2018-12-27,0.0004535616741914741
2018-12-28,0.0001814952936070682
2018-12-31,-0.00018146235904293508
2019-01-02,9.079011177630131e-05
2019-01-03,0.0003623631786019066
2019-01-04,0.0002720771738202165
2019-01-07,0.0
2019-01-08,-9.089403834404471e-05
2019-01-09,-9.039304423402717e-05
2019-01-10,0.0002720524853331455
2019-01-11,0.0002712147467502601
2019-01-14,9.103082526018018e-05
2019-01-15,9.034389978053643e-05
2019-01-16,-0.0001813500553126151
2019-01-17,0.0002719047483307339
2019-01-18,0.0002715763923951486
2019-01-22,-9.055741395159062e-05
2019-01-23,0.0
2019-01-24,0.0003625168591539323
2019-01-25,0.0
2019-01-28,0.0
2019-01-29,-9.070233274532226e-05
2019-01-30,0.00027153824764152544
2019-01-31,0.000361557197865609
2019-02-01,7.260725010079869e-05
2019-02-04,0.0
2019-02-05,-9.039242852009042e-05
2019-02-06,0.00027171014466722453
2019-02-07,9.079954932253541e-05
2019-02-08,0.00018090506396975837
2019-02-11,0.0
2019-02-12,-9.03514935601486e-05
2019-02-13,9.03596576901785e-05
2019-02-14,0.0002718165832503065
2019-02-15,0.00018116181271525663
2019-02-19,9.031058037116887e-05
2019-02-20,0.0
2019-02-21,0.0002714150677763286
2019-02-22,0.0
2019-02-25,0.0
2019-02-26,0.0
2019-02-27,0.00027142603073781346
2019-02-28,0.0
2019-03-01,0.00013626829238996992
2019-03-04,0.00018124342802280504
2019-03-05,-9.039389414190066e-05
2019-03-06,0.00018063499798011849
2019-03-07,0.00018136333993315514
2019-03-08,0.00018133045323652456
2019-03-11,-0.00018129757846445092
2019-03-12,0.00018133045323652456
2019-03-13,0.00018129757846445092
2019-03-14,0.0
2019-03-15,0.0002714322920935965
2019-03-18,-0.00018070863128291976
2019-03-19,0.0002714076823076751
2019-03-20,9.055731352944003e-05
2019-03-21,9.038017873144915e-05
2019-03-22,0.00027145387197191476
2019-03-25,0.0
2019-03-26,0.00018103271904642366
2019-03-27,-9.058439768593587e-05
2019-03-28,0.00027160895335232314
2019-03-29,9.065241122330871e-05
2019-04-01,8.439869097630296e-08
2019-04-02,0.0002713417685879239
2019-04-03,-0.00018090169199613796
2019-04-04,0.00045292679573828546
2019-04-05,-9.025754949572179e-05
2019-04-08,0.00018070011424094057
2019-04-09,-0.00018066746760890401
2019-04-10,0.00027147197368223474
2019-04-11,0.00027165130935762435
2019-04-12,0.0
2019-04-15,-9.055394987644951e-05
2019-04-16,0.00018112430127379796
2019-04-17,0.0002718058658639738
2019-04-18,-9.085828290825058e-05
2019-04-22,0.0
2019-04-23,0.0
2019-04-24,0.00036194890350302306
2019-04-25,0.00018149880091982985
2019-04-26,8.997471862049548e-05
2019-04-29,0.0
2019-04-30,0.0
2019-05-01,0.00016325404224337337
2019-05-02,0.00018108302302862283
2019-05-03,0.0
2019-05-06,9.035670012615413e-05
2019-05-07,9.093794916400239e-05
2019-05-08,0.0
2019-05-09,0.00027194709913271606
2019-05-10,0.0
2019-05-13,0.0001807156913742978
2019-05-14,9.088853388126777e-05
2019-05-15,0.0
2019-05-16,0.0002714627440945283
2019-05-17,0.0
2019-05-20,-9.051910773397444e-05
2019-05-21,0.0001812228707301254
2019-05-22,9.017442779404665e-05
2019-05-23,0.0002719287672795255
2019-05-24,9.073039735709668e-05
2019-05-28,0.0
2019-05-29,0.0
2019-05-30,0.00027098938029361525
2019-05-31,0.00027116813618053713
2019-06-03,0.00037151560214267274
2019-06-04,-9.097533879493377e-05
2019-06-05,0.0003626743033536578
2019-06-06,0.00018072553745062276
2019-06-07,9.076626628471505e-05
2019-06-10,0.00018076043977596117
2019-06-11,-8.998614532342758e-05
2019-06-12,8.999424355850672e-05
2019-06-13,0.000452616880208882
2019-06-14,9.044886044084841e-05
2019-06-17,0.0
2019-06-18,0.0
2019-06-19,0.0
2019-06-20,0.0005423923909017346
2019-06-21,-9.01400986761564e-05
2019-06-24,0.0
2019-06-25,0.0
2019-06-26,0.00018096731980103657
2019-06-27,0.0002711503339114911
2019-06-28,-0.0001808017084713689
2019-07-01,8.140482426282944e-05
2019-07-02,0.000180903513292091
2019-07-03,0.00027206051645065125
2019-07-05,-0.0002719865196576456
2019-07-08,0.0001812898635498332
2019-07-09,0.0
2019-07-10,0.00018067041124809064
2019-07-11,0.00018139182914012398
2019-07-12,-0.00018135893211169732
2019-07-15,0.0002718782843231881
2019-07-16,-0.00018151004800928206
2019-07-17,0.0002724401641142017
2019-07-18,0.00027077464664871775
2019-07-19,-9.051288485664174e-05
2019-07-22,0.00027131201970864103
2019-07-23,-9.024537869154247e-05
2019-07-24,0.0
2019-07-25,9.025352365496296e-05
2019-07-26,9.058024095013817e-05
2019-07-29,0.0
2019-07-30,9.04046209484918e-05
2019-07-31,0.0
2019-08-01,0.00045281924761361747
2019-08-02,0.00018071106793380822
2019-08-05,0.00018184948116017628
2019-08-06,8.982099027892679e-05
2019-08-07,9.031467136748956e-05
2019-08-08,0.0001814492021670219
2019-08-09,9.087534611217378e-05
2019-08-12,9.036552226799572e-05
2019-08-13,-9.035735707823259e-05
2019-08-14,0.00018048026140296276
2019-08-15,0.00045224755584893743
2019-08-16,-9.055899881178908e-05
2019-08-19,0.0
2019-08-20,0.00018063310650594163
2019-08-21,0.0
2019-08-22,0.0
2019-08-23,0.0002714854640417503
2019-08-26,-0.00018071848961432387
2019-08-27,9.029205093340347e-05
2019-08-28,0.0
2019-08-29,0.00018090187351200692
2019-08-30,-9.043457697159903e-05
2019-09-03,0.00025345684657092094
2019-09-04,0.00018058920672663485
2019-09-05,-0.0001805566001534439
2019-09-06,0.0002711760256348174
2019-09-09,-9.056226059428208e-05
2019-09-10,-0.0001805566001534439
2019-09-11,0.00018058920672663485
2019-09-12,9.057046286014176e-05
2019-09-13,0.0
2019-09-16,0.0
2019-09-17,0.0
2019-09-18,9.106306572199239e-05
2019-09-19,0.0
2019-09-20,9.038709462577365e-05
2019-09-23,9.054583029358047e-05
2019-09-24,9.045418766590395e-05
2019-09-25,9.002882006926796e-05
2019-09-26,0.00018104258839174946
2019-09-27,9.025466496500754e-05
2019-09-30,0.00018099348239967663
2019-10-01,0.00012708947098757526
2019-10-02,0.0003615419430344642
2019-10-03,0.0003620780881743496
2019-10-04,0.00036261360420925074
2019-10-07,-9.05372498731479e-05
2019-10-08,0.0
2019-10-09,0.0
2019-10-10,0.00036159870107682445
2019-10-11,-0.0002709552763918683
2019-10-14,0.00018040817224032968
2019-10-15,0.0
2019-10-16,0.00018087528648996518
2019-10-17,0.00036168515307424885
2019-10-18,0.0
2019-10-21,-9.072151906109054e-05
2019-10-22,0.0
2019-10-23,0.0
2019-10-24,9.072975020185289e-05
2019-10-25,0.00018086042286215572
2019-10-28,0.0
2019-10-29,0.0
2019-10-30,9.037225129177813e-05
2019-10-31,0.00045190363261125
2019-11-01,-3.601286815464408e-05
2019-11-04,9.016017320734086e-05
2019-11-05,-0.00018121891719243577
2019-11-06,9.108337814025543e-05
2019-11-07,9.016017320734086e-05
2019-11-08,9.073420773609336e-05
2019-11-11,-9.072597578655928e-05
2019-11-12,0.0001813020832856861
2019-11-13,0.0
2019-11-14,0.0002709891670022503
2019-11-15,0.0
2019-11-18,0.0
2019-11-19,-9.052692656512245e-05
2019-11-20,0.0
2019-11-21,9.053512243150237e-05
2019-11-22,9.027754109249125e-05
2019-11-25,9.051875475452045e-05
2019-11-26,0.0
2019-11-27,9.051056185116955e-05
2019-11-29,-9.0502370430773e-05
2019-12-02,8.136808085610192e-05
2019-12-03,0.0003624283246254132
2019-12-04,-9.096886829327864e-05
2019-12-05,9.097714438114355e-05
2019-12-06,0.00018060851111377879
2019-12-09,-9.020488719446936e-05
2019-12-10,0.0
2019-12-11,9.021302485019944e-05
2019-12-12,9.053713355614328e-05
2019-12-13,0.00027200208233166663
2019-12-16,-9.075341442077567e-05
2019-12-17,0.00018127418563423253
2019-12-18,0.0
2019-12-19,-3.320958887027122e-07
2019-12-20,0.00018099231944978335
2019-12-23,-0.0001809595671579968
2019-12-24,0.00027148847917467505
2019-12-26,-9.047159772841588e-05
2019-12-27,0.00018120859408527845
2019-12-30,9.071237264476694e-05
2019-12-31,0.00018082738445262912
2020-01-02,0.0001808776632265339
2020-01-03,0.0
2020-01-06,-9.017360700649756e-05
2020-01-07,0.0001810271890891213
2020-01-08,9.082900755000573e-05
2020-01-09,0.0
2020-01-10,-9.082075839065616e-05
2020-01-13,9.082900755000573e-05
2020-01-14,0.0
2020-01-15,0.00018039739680335813
2020-01-16,0.00018135997591818152
2020-01-17,0.0
2020-01-21,9.078791222375912e-05
2020-01-22,0.0
2020-01-23,0.00018031578392349237
2020-01-24,9.068041560807228e-05
2020-01-27,9.050643072225873e-05
2020-01-28,0.0
2020-01-29,9.016674466476825e-05
2020-01-30,9.073867997677421e-05
2020-01-31,0.00018030087044885304
2020-02-03,9.278518936297333e-06
2020-02-04,-0.0001809294405005582
2020-02-05,9.081252351099776e-05
2020-02-06,-9.080427734542643e-05
2020-02-07,0.0002715261309722077
2020-02-10,0.0
2020-02-11,9.053936528177333e-05
2020-02-12,-9.05311686472258e-05
2020-02-13,0.00018124440186323884
2020-02-14,9.03573172241669e-05
2020-02-18,0.0
2020-02-19,9.01835272044531e-05
2020-02-20,0.0
2020-02-21,0.0003623576932488108
2020-02-24,0.0
2020-02-25,0.00027117317411925215
2020-02-26,0.0
2020-02-27,0.0004522465315421888
2020-02-28,0.0006326935042088304
2020-03-02,0.0003613223555043299
2020-03-03,0.0009044257115710796
2020-03-04,0.0003615259449560856
2020-03-05,0.0009027867299016269
2020-03-06,0.00027086383299946036
2020-03-09,0.0006315147368551209
2020-03-10,-0.0005409920296147622
2020-03-11,0.00018018101185567978
2020-03-12,0.00018047819304244203
2020-03-13,-0.0004507020900382479
2020-03-16,0.0002703783235719614
2020-03-17,9.015668638741169e-05
2020-03-18,0.0010819475121140215
2020-03-19,-0.0002699064439566721
2020-03-20,0.00026997931311301625
2020-03-23,-0.0002699064439566721
2020-03-24,0.00036005475335261364
2020-03-25,0.00027029367193459483
2020-03-26,-0.00017987280869498245
2020-03-27,0.0
2020-03-30,-0.00027002235070710303
2020-03-31,0.0
2020-04-01,0.00030639885442061845
2020-04-02,0.0
2020-04-03,-0.00036094942041941733
2020-04-06,9.039342627391135e-05
2020-04-07,0.00045093846319875394
2020-04-08,-0.0005410797255797662
2020-04-09,0.0001807868525478227
2020-04-13,-9.037708728475869e-05
2020-04-14,0.00018011196741125844
2020-04-15,-8.971055342605015e-05
2020-04-16,8.971860213149999e-05
2020-04-17,0.0
2020-04-20,9.053358602628914e-05
2020-04-21,0.0
2020-04-22,0.0
2020-04-23,-0.0001802278227812412
2020-04-24,0.00018026031070457336
2020-04-27,-0.00027058862160032925
2020-04-28,0.00027066185961984357
2020-04-29,-0.00027058862160032925
2020-04-30,0.00018011196741125844
2020-05-01,9.300268382700613e-06
2020-05-04,-9.020353406911763e-05
2020-05-05,9.021167148069947e-05
2020-05-06,-0.00018057167312741248
2020-05-07,0.0
2020-05-08,9.038445993144939e-05
2020-05-11,-0.00018050565288063318
2020-05-12,9.014563335786886e-05
2020-05-13,0.0
2020-05-14,9.038445993144939e-05
2020-05-15,9.021167148069947e-05
2020-05-18,0.0
2020-05-19,0.0
2020-05-20,0.0
2020-05-21,-9.020353406911763e-05
2020-05-22,9.021167148069947e-05
2020-05-26,-9.020353406911763e-05
2020-05-27,-9.03762913191679e-05
2020-05-28,9.038445993144939e-05
2020-05-29,-0.00018050565288063318
2020-06-01,9.944833342128364e-05
2020-06-02,0.0
2020-06-03,-9.046593578861231e-05
2020-06-04,-9.030947253340709e-05
2020-06-05,0.0
2020-06-08,0.0
2020-06-09,0.0
2020-06-10,0.0
2020-06-11,0.0001807999210935135
2020-06-12,0.0
2020-06-15,-0.00018076723839107608
2020-06-16,0.0
2020-06-17,0.0
2020-06-18,9.031762907084896e-05
2020-06-19,0.0
2020-06-22,0.0
2020-06-23,9.047412061459836e-05
2020-06-24,-9.046593578861231e-05
2020-06-25,0.0
2020-06-26,9.047412061459836e-05
2020-06-29,-9.046593578861231e-05
2020-06-30,0.00018078359314800546
2020-07-01,-0.0001807509163478833
2020-07-02,0.0
2020-07-06,9.047412061459836e-05
2020-07-07,0.0
2020-07-08,-9.046593578861231e-05
2020-07-09,9.047412061459836e-05
2020-07-10,0.0
2020-07-13,9.030130260246379e-05
2020-07-14,0.0
2020-07-15,0.0
2020-07-16,-9.029314901349178e-05
2020-07-17,0.0
2020-07-20,9.030130260246379e-05
2020-07-21,0.0
2020-07-22,-9.029314901349178e-05
2020-07-23,0.0
2020-07-24,0.0
2020-07-27,9.030130260246379e-05
2020-07-28,0.0
2020-07-29,-9.029314901349178e-05
2020-07-30,0.0
2020-07-31,9.030130260246379e-05
2020-08-03,5.41594275760051e-05
2020-08-04,0.0
2020-08-05,-9.045286845881316e-05
2020-08-06,0.0
2020-08-07,0.0
2020-08-10,0.0
2020-08-11,0.0
2020-08-12,-9.029642662386435e-05
2020-08-13,0.0
2020-08-14,9.030458080481878e-05
2020-08-17,9.04610509203527e-05
2020-08-18,-9.045286845881316e-05
2020-08-19,0.0
2020-08-20,0.0
2020-08-21,0.0
2020-08-24,0.0
2020-08-25,-9.029642662386435e-05
2020-08-26,0.0
2020-08-27,9.030458080481878e-05
2020-08-28,9.04610509203527e-05
2020-08-31,-9.045286845881316e-05
2020-09-01,-5.416139354466977e-05
2020-09-02,9.046595068231001e-05
2020-09-03,-9.04577673343915e-05
2020-09-04,0.0
2020-09-08,0.0
2020-09-09,0.0
2020-09-10,0.0
2020-09-11,0.0
2020-09-14,0.0
2020-09-15,0.0
2020-09-16,0.0
2020-09-17,0.0
2020-09-18,0.0
2020-09-21,0.0
2020-09-22,0.0
2020-09-23,0.0
2020-09-24,0.0
2020-09-25,0.0
2020-09-28,0.0
2020-09-29,9.046595068231001e-05
2020-09-30,-9.04577673343915e-05
2020-10-01,0.00011746579765573828
2020-10-02,-9.045532527537432e-05
2020-10-05,0.0
2020-10-06,9.046350818143243e-05
2020-10-07,-9.045532527537432e-05
2020-10-08,0.0
2020-10-09,0.0
2020-10-12,9.046350818143243e-05
2020-10-13,0.0
2020-10-14,-0.00018074603667399638
2020-10-15,9.030703403710804e-05
2020-10-16,0.0
2020-10-19,-9.029887941313137e-05
2020-10-20,0.0
2020-10-21,0.0
2020-10-22,0.0
2020-10-23,0.0
2020-10-26,0.0
2020-10-27,0.0
2020-10-28,0.0
2020-10-29,9.030703403710804e-05
2020-10-30,9.046350818143243e-05
2020-11-02,-0.0002076604055229931
2020-11-03,0.0001807835782651708
2020-11-04,-0.00018075090147042834
2020-11-05,9.030946509876703e-05
2020-11-06,0.0
2020-11-09,-9.030131003575998e-05
2020-11-10,0.0
2020-11-11,9.030946509876703e-05
2020-11-12,0.0
2020-11-13,0.0
2020-11-16,0.0
2020-11-17,0.0
2020-11-18,0.0
2020-11-19,0.0
2020-11-20,0.0
2020-11-23,0.0
2020-11-24,0.0
2020-11-25,0.0
2020-11-27,9.046594323546054e-05
2020-11-30,-0.00018075090147042834
2020-12-01,1.819361147386282e-05
2020-12-02,0.0
2020-12-03,0.0
2020-12-04,9.055478968156161e-05
2020-12-07,0.0
2020-12-08,-9.054659025412476e-05
2020-12-09,9.055478968156161e-05
2020-12-10,9.046427517207556e-05
2020-12-11,-9.045609212726638e-05
2020-12-14,0.0
2020-12-15,-9.054659025412476e-05
2020-12-16,9.055478968156161e-05
2020-12-17,0.0
2020-12-18,0.0
2020-12-21,0.0
2020-12-22,-9.054659025412476e-05
2020-12-23,9.055478968156161e-05
2020-12-24,0.0
2020-12-28,-9.054659025412476e-05
2020-12-29,9.055478968156161e-05
2020-12-30,0.0
2020-12-31,9.046427517207556e-05
2021-01-04,-9.045609212726638e-05
2021-01-05,0.0
2021-01-06,9.046427517207556e-05
2021-01-07,0.0
2021-01-08,-9.045609212726638e-05
2021-01-11,-9.054659025412476e-05
2021-01-12,0.0
2021-01-13,0.0
2021-01-14,0.0
2021-01-15,0.0
2021-01-19,0.0
2021-01-20,0.0
2021-01-21,0.0
2021-01-22,0.0
2021-01-25,0.0
2021-01-26,0.0
2021-01-27,9.055478968156161e-05
2021-01-28,-9.054659025412476e-05
2021-01-29,9.055478968156161e-05
2021-02-01,-9.054659025412476e-05
2021-02-02,0.0
2021-02-03,0.00018102725682704908
2021-02-04,-9.045609212726638e-05
2021-02-05,9.046427517207556e-05
2021-02-08,-9.045609212726638e-05
2021-02-09,9.046427517207556e-05
2021-02-10,0.0
2021-02-11,-9.045609212726638e-05
2021-02-12,0.0
2021-02-16,0.0
2021-02-17,0.0
2021-02-18,0.0
2021-02-19,0.0
2021-02-22,0.0
2021-02-23,0.0
2021-02-24,0.0
2021-02-25,-9.054659025412476e-05
2021-02-26,9.055478968156161e-05
2021-03-01,0.0
2021-03-02,-9.054659025412476e-05
2021-03-03,9.055478968156161e-05
2021-03-04,-9.054659025412476e-05
2021-03-05,0.0
2021-03-08,0.0
2021-03-09,9.055478968156161e-05
2021-03-10,-9.054659025412476e-05
2021-03-11,0.0
2021-03-12,0.0
2021-03-15,0.0
2021-03-16,0.0
2021-03-17,9.055478968156161e-05
2021-03-18,0.0
2021-03-19,0.0
2021-03-22,9.046427517207556e-05
2021-03-23,-9.045609212726638e-05
2021-03-24,0.0
2021-03-25,0.0
2021-03-26,0.0
2021-03-29,0.0
2021-03-30,-9.054659025412476e-05
2021-03-31,0.0
2021-04-01,0.0
2021-04-05,0.0
2021-04-06,0.00018102725682704908
2021-04-07,-9.045609212726638e-05
2021-04-08,0.0
2021-04-09,9.046427517207556e-05
2021-04-12,-9.045609212726638e-05
2021-04-13,0.0
2021-04-14,0.0
2021-04-15,-9.054659025412476e-05
2021-04-16,0.0
2021-04-19,0.0
2021-04-20,0.0
2021-04-21,0.0
2021-04-22,0.0
2021-04-23,9.055478968156161e-05
2021-04-26,-9.054659025412476e-05
2021-04-27,0.0
2021-04-28,0.0
2021-04-29,0.0
2021-04-30,0.0
2021-05-03,0.0
2021-05-04,9.055478968156161e-05
2021-05-05,0.0
2021-05-06,0.0
2021-05-07,0.0
2021-05-10,-9.054659025412476e-05
2021-05-11,0.0
2021-05-12,0.0
2021-05-13,9.055478968156161e-05
2021-05-14,-9.054659025412476e-05
2021-05-17,0.0
2021-05-18,0.0
2021-05-19,0.0
2021-05-20,0.0
2021-05-21,9.055478968156161e-05
2021-05-24,0.0
2021-05-25,0.0
2021-05-26,0.0
2021-05-27,0.0
2021-05-28,-9.054659025412476e-05
2021-06-01,-9.055478968156161e-05
2021-06-02,9.05629905941278e-05
2021-06-03,-9.055478968156161e-05
2021-06-04,9.05629905941278e-05
2021-06-07,-9.055478968156161e-05
2021-06-08,9.05629905941278e-05
2021-06-09,-0.00018102725682704908
2021-06-10,9.048884809343126e-05
2021-06-11,-9.048066060267859e-05
2021-06-14,0.0
2021-06-15,9.048884809343126e-05
2021-06-16,0.0
2021-06-17,0.0
2021-06-18,-0.00018145530115405242
2021-06-21,9.099115137814951e-05
2021-06-22,-9.098287274180304e-05
2021-06-23,9.099115137814951e-05
2021-06-24,9.048884809343126e-05
2021-06-25,-0.00018145530115405242
2021-06-28,9.099115137814951e-05
2021-06-29,0.0
2021-06-30,0.0
2021-07-01,0.0
2021-07-02,0.0
2021-07-06,-9.098287274180304e-05
2021-07-07,9.099115137814951e-05
2021-07-08,0.0
2021-07-09,0.0
2021-07-12,-9.098287274180304e-05
2021-07-13,9.099115137814951e-05
2021-07-14,0.0
2021-07-15,-9.098287274180304e-05
2021-07-16,0.0
2021-07-19,0.0
2021-07-20,9.099115137814951e-05
2021-07-21,-9.098287274180304e-05
2021-07-22,0.0
2021-07-23,9.099115137814951e-05
2021-07-26,-9.098287274180304e-05
2021-07-27,0.0
2021-07-28,9.099115137814951e-05
2021-07-29,0.0
2021-07-30,0.0
2021-08-02,0.0
2021-08-03,0.0
2021-08-04,-9.098287274180304e-05
2021-08-05,0.0
2021-08-06,9.099115137814951e-05
2021-08-09,-9.098287274180304e-05
2021-08-10,0.0
2021-08-11,-9.008535711103671e-05
2021-08-12,0.0
2021-08-13,0.0
2021-08-16,0.0
2021-08-17,9.009347321374454e-05
2021-08-18,-9.008535711103671e-05
2021-08-19,0.0
2021-08-20,9.009347321374454e-05
2021-08-23,-9.008535711103671e-05
2021-08-24,0.0
2021-08-25,9.009347321374454e-05
2021-08-26,-9.008535711103671e-05
2021-08-27,0.0
2021-08-30,0.0
2021-08-31,0.0
2021-09-01,0.0
2021-09-02,9.009347321374454e-05
2021-09-03,-9.008535711103671e-05
2021-09-07,0.0
2021-09-08,9.009347321374454e-05
2021-09-09,0.0
2021-09-10,-9.008535711103671e-05
2021-09-13,0.0
2021-09-14,0.0
2021-09-15,0.0
2021-09-16,9.009347321374454e-05
2021-09-17,-9.008535711103671e-05
2021-09-20,0.0
2021-09-21,0.0
2021-09-22,0.0
2021-09-23,0.0
2021-09-24,-9.025817791797442e-05
2021-09-27,0.0
2021-09-28,0.0
2021-09-29,0.0
2021-09-30,9.026632519201361e-05
2021-10-01,-9.025817791797442e-05
2021-10-04,-9.117228283536411e-05
2021-10-05,9.118059597844976e-05
2021-10-06,0.0
2021-10-07,9.026632519201361e-05
2021-10-08,0.0
2021-10-11,-9.025817791797442e-05
2021-10-12,9.026632519201361e-05
2021-10-13,0.0
2021-10-14,0.0
2021-10-15,-0.0001814222317092132
2021-10-18,0.0
2021-10-19,0.0
2021-10-20,9.118059597844976e-05
2021-10-21,-9.117228283536411e-05
2021-10-22,9.118059597844976e-05
2021-10-25,-9.117228283536411e-05
2021-10-26,9.118059597844976e-05
2021-10-27,0.0
2021-10-28,0.0
2021-10-29,-0.00018135624824161856
2021-11-01,0.0
2021-11-02,9.020032379856875e-05
2021-11-03,-9.019218843396791e-05
2021-11-04,0.0001813891442962999
2021-11-05,-9.117228283536411e-05
2021-11-08,-9.019218843396791e-05
2021-11-09,0.0
2021-11-10,0.0
2021-11-11,0.0
2021-11-12,9.020032379856875e-05
2021-11-15,-9.019218843396791e-05
2021-11-16,0.0
2021-11-17,9.020032379856875e-05
2021-11-18,9.118059597844976e-05
2021-11-19,-9.117228283536411e-05
2021-11-22,-9.019218843396791e-05
2021-11-23,9.020032379856875e-05
2021-11-24,-0.0001805491114586828
2021-11-26,0.0
2021-11-29,9.037323983286635e-05
2021-11-30,-0.00045314336184102896
2021-12-01,0.0002718774169914732
2021-12-02,9.104058482164778e-05
2021-12-03,-9.103229718807412e-05
2021-12-06,0.0
2021-12-07,-9.062863647403853e-05
2021-12-08,-9.030726221998981e-05
2021-12-09,0.00018096045503149174
2021-12-10,-9.062863647403853e-05
2021-12-13,9.063685076823794e-05
2021-12-14,0.0
2021-12-15,-9.062863647403853e-05
2021-12-16,0.00018168568722178608
2021-12-17,-9.103229718807412e-05
2021-12-20,-9.062863647403853e-05
2021-12-21,9.063685076823794e-05
2021-12-22,0.0
2021-12-23,0.0
2021-12-27,0.0
2021-12-28,-9.062863647403853e-05
2021-12-29,9.063685076823794e-05
2021-12-30,0.0
2021-12-31,0.0
2022-01-03,-0.00018092771426998964
2022-01-04,0.0
2022-01-05,-0.00018096045503149174
2022-01-06,9.008450635503746e-05
2022-01-07,9.090051256186571e-05
2022-01-10,0.0
2022-01-11,-0.00018096045503149174
2022-01-12,9.008450635503746e-05
2022-01-13,0.0
2022-01-14,-0.00018081208029078273
2022-01-18,-0.0004532659256536727
2022-01-19,0.0003625957534817274
2022-01-20,9.084277613215695e-05
2022-01-21,0.0
2022-01-24,-0.0001815041949971608
2022-01-25,0.0
2022-01-26,0.0
2022-01-27,-0.0001808776092563828
2022-01-28,0.0
2022-01-31,0.0
2022-02-01,9.045516594235194e-05
2022-02-02,0.0
2022-02-03,9.044698454535591e-05
2022-02-04,-0.00036208498625981463
2022-02-07,0.0
2022-02-08,0.0
2022-02-09,0.0
2022-02-10,-0.0006347029617354772
2022-02-11,0.00027232978377592836
2022-02-14,-0.00027225564045623113
2022-02-15,9.085911876887792e-05
2022-02-16,9.043828074187776e-05
2022-02-17,0.0002718678717192891
2022-02-18,9.164282592160636e-05
2022-02-22,-0.00018186670959985694
2022-02-23,9.024869454933358e-05
2022-02-24,0.0
2022-02-25,9.164282592160636e-05
2022-02-28,-9.163442828364674e-05
2022-03-01,0.0002721239268365251
2022-03-02,-0.00018043200105026598
2022-03-03,0.00018046456263242042
2022-03-04,-0.00018043200105026598
2022-03-07,9.014980208283158e-05
2022-03-08,-9.014167582859623e-05
2022-03-09,0.0
2022-03-10,-9.163442828364674e-05
2022-03-11,-9.024055045745938e-05
2022-03-14,-0.0001815698141710084
2022-03-15,0.0
2022-03-16,9.100766692151014e-05
2022-03-17,0.0002725031455839186
2022-03-18,-0.00018186670959985694
2022-03-21,-0.00027198349719300985
2022-03-22,0.0
2022-03-23,0.0
2022-03-24,-9.085086413942282e-05
2022-03-25,-9.069407041507433e-05
2022-03-28,-9.078482823758093e-05
2022-03-29,9.07930708709251e-05
2022-03-30,9.070229657554675e-05
2022-03-31,9.085911876887792e-05
2022-04-01,-0.0001997728810913194
2022-04-04,-9.06214178026188e-05
2022-04-05,-9.07121714356039e-05
2022-04-06,-9.072040088016125e-05
2022-04-07,0.0002721033398290851
2022-04-08,-9.06214178026188e-05
2022-04-11,-9.07121714356039e-05
2022-04-12,0.00027207865450501494
2022-04-13,9.094330155544405e-05
2022-04-14,-0.00018162250871433212
2022-04-18,0.0
2022-04-19,-9.06214178026188e-05
2022-04-20,9.062963078825575e-05
2022-04-21,-0.0002720293197426517
2022-04-22,-9.089374306790736e-05
2022-04-25,9.090200549143886e-05
2022-04-26,9.072863181801108e-05
2022-04-27,9.072040088016125e-05
2022-04-28,-9.07121714356039e-05
2022-04-29,9.072040088016125e-05
2022-05-02,-0.00015410338859897404
2022-05-03,-0.00018211273223913796
2022-05-04,0.0004546216426654072
2022-05-05,-0.00018173300994431146
2022-05-06,0.0002721537889304975
2022-05-09,0.0001817165879764521
2022-05-10,0.0
2022-05-11,-0.00018168357305746474
2022-05-12,0.0001817165879764521
2022-05-13,9.059426122483936e-05
2022-05-16,0.0
2022-05-17,-9.058605464814124e-05
2022-05-18,0.0
2022-05-19,0.00018160106462283373
2022-05-20,0.0
2022-05-23,0.0
2022-05-24,0.00036247623569831615
2022-05-25,0.0
2022-05-26,9.070991891522812e-05
2022-05-27,-9.070169137215828e-05
2022-05-31,-0.0002717174389324333
2022-06-01,-0.00011844986085853218
2022-06-02,0.0
2022-06-03,0.00018198561818641844
2022-06-06,-0.00018195250544723407
2022-06-07,0.0
2022-06-08,-9.049783461038125e-05
2022-06-09,-9.067103163668225e-05
2022-06-10,-0.0004538913322597592
2022-06-13,-0.0008174744554710446
2022-06-14,-0.00045463419131664394
2022-06-15,0.0004548409775766622
2022-06-16,0.0
2022-06-17,0.0
2022-06-21,9.095988454290841e-05
2022-06-22,0.00036314558089993026
2022-06-23,9.10837513028775e-05
2022-06-24,-9.107545580871082e-05
2022-06-27,-0.0005448509438770497
2022-06-28,0.00045442767890900343
2022-06-29,0.00018177109296208094
2022-06-30,0.00027273094336914945
2022-07-01,-2.748853818760556e-05
2022-07-05,9.080547510786659e-05
2022-07-06,9.104485903193478e-05
2022-07-07,0.0
2022-07-08,-0.00018182553497397244
2022-07-11,-0.0001812807484880682
2022-07-12,-9.14824625724852e-05
2022-07-13,-0.0001818256434105173
2022-07-14,0.0002733661807713568
2022-07-15,9.057424317871504e-05
2022-07-18,-9.056604022816368e-05
2022-07-19,0.0
2022-07-20,9.057424317871504e-05
2022-07-21,0.00027260625782442706
2022-07-22,0.00018157792870755307
2022-07-25,-0.0001815449641489956
2022-07-26,0.00018157792870755307
2022-07-27,0.00018204008677849285
2022-07-28,0.00027251539881139393
2022-07-29,9.064875225168118e-05
2022-08-01,-0.00017286857419220644
2022-08-02,-9.098616630819382e-05
2022-08-03,0.0002729008394010734
2022-08-04,9.129951875174177e-05
2022-08-05,-0.00018225249904461755
2022-08-08,0.0
2022-08-09,0.0
2022-08-10,0.0002731811349290455
2022-08-11,0.00018165871975048354
2022-08-12,9.093653001206414e-05
2022-08-15,0.0
2022-08-16,9.068094963068947e-05
2022-08-17,0.0
2022-08-18,0.0002725951902899071
2022-08-19,9.106005356968182e-05
2022-08-22,0.0
2022-08-23,9.088696282138182e-05
2022-08-24,-9.0878703132069e-05
2022-08-25,0.00018144432650288555
2022-08-26,9.070570521584992e-05
2022-08-29,-9.069747843710698e-05
2022-08-30,0.0001817409497785331
2022-08-31,0.0
2022-09-01,9.143055207085259e-06
2022-09-02,0.0
2022-09-06,9.093550144215963e-05
2022-09-07,0.0
2022-09-08,0.0
2022-09-09,0.0
2022-09-12,0.0
2022-09-13,-0.0005453163126997424
2022-09-14,0.0
2022-09-15,9.064721783910877e-05
2022-09-16,0.00018201959516337104
2022-09-19,-0.00018198647005976555
2022-09-20,0.00018201959516337104
2022-09-21,0.0
2022-09-22,0.00018190408596286208
2022-09-23,9.093550144215963e-05
2022-09-26,0.0
2022-09-27,-9.092723292863851e-05
2022-09-28,0.0003636596366550134
2022-09-29,0.0002727073316773279
2022-09-30,-0.00036334601010849343
2022-10-03,0.0002822842892653082
2022-10-04,0.00027306672953979406
2022-10-05,9.102482846222935e-05
2022-10-06,9.109883713609944e-05
2022-10-07,9.10905388939321e-05
2022-10-10,9.075312837058806e-05
2022-10-11,0.0
2022-10-12,9.107397691509157e-05
2022-10-13,0.0
2022-10-14,0.0
2022-10-17,-9.106568320116195e-05
2022-10-18,0.00018214795383018315
2022-10-19,-9.105739099764024e-05
2022-10-20,0.00018180231244315078
2022-10-21,0.00018218050905428906
2022-10-24,0.0
2022-10-25,0.00018206509180636367
2022-10-26,9.076931931232375e-05
2022-10-27,0.00018185100647790775
2022-10-28,-9.115555988090103e-05
2022-10-31,-0.00018142349957956934
2022-11-01,0.00029121823279370536
2022-11-02,0.0
2022-11-03,0.0004555227489310175
2022-11-04,9.119452004734885e-05
2022-11-07,9.126835409886917e-05
2022-11-08,9.076717152654365e-05
2022-11-09,0.0003642677561024089
2022-11-10,0.0004549431033753724
2022-11-11,-9.084876380847866e-05
2022-11-14,-9.093909304997981e-05
2022-11-15,0.00027308833853695075
2022-11-16,9.092253383705073e-05
2022-11-17,9.066810991699068e-05
2022-11-18,9.131625115037555e-05
2022-11-21,0.0
2022-11-22,0.00027252909957763735
2022-11-23,0.0003636558683674017
2022-11-25,9.07579394750305e-05
2022-11-28,9.083168127064668e-05
2022-11-29,0.0002727981773016014
2022-11-30,9.088061016700808e-05
2022-12-01,0.0005462173994414259
2022-12-02,-9.065895052805767e-05
2022-12-05,9.06671703185661e-05
2022-12-06,0.00018205496569455486
2022-12-07,0.00036412553659797355
2022-12-08,0.0003640748488123531
2022-12-09,0.0
2022-12-12,0.0
2022-12-13,0.00036369688184539716
2022-12-14,-9.10342993193039e-05
2022-12-15,0.0004831882868680761
2022-12-16,0.0001819972357023634
2022-12-19,9.147252869061611e-05
2022-12-20,0.00018211095036087068
2022-12-21,0.00018175090188981711
2022-12-22,0.00045584713212589
2022-12-23,-9.114422012929902e-05
2022-12-27,0.0
2022-12-28,0.00018238673420339346
2022-12-29,0.0005455904920750959
2022-12-30,-9.075973653232022e-05
2023-01-03,0.00018178082684890568
2023-01-04,9.107792189562209e-05
2023-01-05,0.00018205765131757188
2023-01-06,0.0001813718023225218
2023-01-09,9.128126097679596e-05
2023-01-10,-9.127292946870101e-05
2023-01-11,0.0002728648954132104
2023-01-12,0.0005455809209454877
2023-01-13,0.0
2023-01-17,0.0002725602051178558
2023-01-18,9.069283705039515e-05
2023-01-19,0.00027254270365295217
2023-01-20,0.00018115689694200805
2023-01-23,0.0
2023-01-24,9.113212733251214e-05
2023-01-25,0.0003627851935432542
2023-01-26,0.00027245829259415707
2023-01-27,9.057767560594267e-05
2023-01-30,9.089496878852305e-05
2023-01-31,9.039850688680399e-05
2023-02-01,0.00027320499315889164
2023-02-02,0.00036382136883214805
2023-02-03,-0.00018196648694427045
2023-02-06,0.0
2023-02-07,9.099980238648812e-05
2023-02-08,0.00018190172931868004
2023-02-09,0.0003637372941945284
2023-02-10,0.0
2023-02-13,0.00027241933071966816
2023-02-14,0.0
2023-02-15,9.099837567899412e-05
2023-02-16,0.00045421930822829934
2023-02-17,9.094878503385771e-05
2023-02-21,0.0
2023-02-22,0.00027241555787580173
2023-02-23,0.0003629324159934437
2023-02-24,9.080161761580594e-05
2023-02-27,0.00018150560890466355
2023-02-28,0.0
2023-03-01,0.00018220277968755387
2023-03-02,0.0004543695598025204
2023-03-03,9.080021172663656e-05
2023-03-06,9.103516056762166e-05
2023-03-07,-0.00018181057720927004
2023-03-08,9.080021172663656e-05
2023-03-09,0.0005455624493500389
2023-03-10,0.0004543604710279168
2023-03-13,0.001180088062816447
2023-03-14,-0.0005441322651505488
2023-03-15,0.0009982133486391635
2023-03-16,-9.031071900106804e-05
2023-03-17,0.0007247341839479342
2023-03-20,-0.00018107253114350575
2023-03-21,-0.00027194083731109104
2023-03-22,0.00036271335782679166
2023-03-23,0.0006344172189770505
2023-03-24,9.04466676378916e-05
2023-03-27,0.0
2023-03-28,9.05192364278477e-05
2023-03-29,9.051104343730746e-05
2023-03-30,0.00018132863999483303
2023-03-31,9.016356655750176e-05
2023-04-03,-8.184208948181448e-05
2023-04-04,0.00036347642314984004
2023-04-05,0.0005446534317765497
2023-04-06,0.0
2023-04-10,-9.056486670270981e-05
2023-04-11,0.0001813880972146644
2023-04-12,9.079855799632903e-05
2023-04-13,0.0005443387320511741
2023-04-14,-0.00018148184113811355
2023-04-17,9.091859456940333e-05
2023-04-18,0.00018125649841620184
2023-04-19,9.073269471268518e-05
2023-04-20,0.0005439439164896627
2023-04-21,9.059461230216854e-05
2023-04-24,9.058640566186776e-05
2023-04-25,0.00027181511548076456
2023-04-26,9.071457082872148e-05
2023-04-27,0.00018101026100407976
2023-04-28,9.052898621456785e-05
2023-05-01,-0.00010902726437960992
2023-05-02,0.0002730404758967545
2023-05-03,0.00018133369889692153
2023-05-04,0.0005449481257645361
2023-05-05,-9.084221262367504e-05
2023-05-08,9.085046568099539e-05
2023-05-09,0.0
2023-05-10,0.00036304728514028006
2023-05-11,0.0003632369782958673
2023-05-12,0.0
2023-05-15,9.069593829205812e-05
2023-05-16,0.0
2023-05-17,0.0001812951008714053
2023-05-18,0.00027225475849517166
2023-05-19,0.0
2023-05-22,0.0
2023-05-23,0.00018137348139853968
2023-05-24,0.0
2023-05-25,0.0004530705160428224
2023-05-26,0.00018125846815652194
2023-05-30,9.089359312481825e-05
2023-05-31,0.00018104871566110696
2023-06-01,0.0006550098387819239
2023-06-02,9.08093994861775e-05
2023-06-05,0.0
2023-06-06,0.00018176259224872304
2023-06-07,0.00018180968828492567
2023-06-08,0.000635937842483532
2023-06-09,0.0
2023-06-12,0.0001815009899690079
2023-06-13,0.0001818682916555834
2023-06-14,9.075754458104229e-05
2023-06-15,0.0007259944671731182
2023-06-16,9.068347269719757e-05
2023-06-20,0.0
2023-06-21,9.059528941276901e-05
2023-06-22,0.00036274809707161467
2023-06-23,9.055423427363475e-05
2023-06-26,0.00018133182108934632
2023-06-27,0.00018153865355049895
2023-06-28,9.051318740391962e-05
2023-06-29,0.00018148927607666198
2023-06-30,0.0005432509022102053
2023-07-03,-7.255909295546197e-05
2023-07-05,0.00018169029611766314
2023-07-06,0.0005452911293536393
2023-07-07,0.0
2023-07-10,0.00018195714251184936
2023-07-11,0.0
2023-07-12,0.00027196886315420077
2023-07-13,0.0005449061165193305
2023-07-14,9.07682259250629e-05
2023-07-17,9.091935564711593e-05
2023-07-18,9.05923833557331e-05
2023-07-19,0.00018132769316040067
2023-07-20,0.0004536353235590786
2023-07-21,9.044706967418035e-05
2023-07-24,9.059811313905107e-05
2023-07-25,9.082871932461007e-05
2023-07-26,0.00018132255140729145
2023-07-27,0.00036265894182694317
2023-07-28,0.00027191548949322684
2023-07-31,0.00018069749870759931
2023-08-01,0.00015482150916858224
2023-08-02,0.0001818294716235909
2023-08-03,0.0003635133401367217
2023-08-04,0.0002725558002377354
2023-08-07,0.0
2023-08-08,0.00018160139542321586
2023-08-09,9.110191619815103e-05
2023-08-10,0.00045387970654989316
2023-08-11,0.00018170766626152235
2023-08-14,0.00018143654887683156
2023-08-15,0.00018156234396986065
2023-08-16,9.068535276840246e-05
2023-08-17,0.0004535443135483452
2023-08-18,9.079461544317288e-05
2023-08-21,9.062779371274636e-05
2023-08-22,0.00018108059767379614
2023-08-23,0.00018120634916608615
2023-08-24,0.0004537263335155636
2023-08-25,0.0
2023-08-28,9.022880646934998e-05
2023-08-29,0.0002717709437493554
2023-08-30,9.043371996256265e-05
2023-08-31,0.0005435034354975681
2023-09-01,0.00028181299535400293
2023-09-05,0.0
2023-09-06,0.00018165131807968606
2023-09-07,0.0005450922867898929
2023-09-08,9.068063206377023e-05
2023-09-11,0.00018134481966467178
2023-09-12,9.097211969306908e-05
2023-09-13,0.0001812954468525759
2023-09-14,0.0004537095735643612
2023-09-15,9.06691708628143e-05
2023-09-18,0.00018147984732632723
2023-09-19,0.0
2023-09-20,0.00018128900111892267
2023-09-21,0.0004533771863726012
2023-09-22,0.00018117400121519148
2023-09-25,9.072838005818608e-05
2023-09-26,9.040460082108835e-05
2023-09-27,0.0001811872569116983
2023-09-28,0.0004528466522589611
2023-09-29,0.0
2023-10-02,0.000227266797109242
2023-10-03,9.094911310428553e-05
2023-10-04,0.0003636845635722193
2023-10-05,0.0005448164722377171
2023-10-06,9.101574596025115e-05
2023-10-09,9.069255813239461e-05
2023-10-10,9.068433373818535e-05
2023-10-11,9.059739893372136e-05
2023-10-12,0.0005448731318438717
2023-10-13,0.00018115838001458865
2023-10-16,9.068075529440337e-05
2023-10-17,9.067253304062279e-05
2023-10-18,9.082157908137629e-05
2023-10-19,0.00045312314122605233
2023-10-20,0.0002719236476121017
2023-10-23,0.00018149504777798206
2023-10-24,9.041683654191343e-05
2023-10-25,0.0
2023-10-26,0.0006341174013424312
2023-10-27,0.0001810952281446633
2023-10-30,9.04919773328977e-05
2023-10-31,0.0
2023-11-01,0.00034506263785436805
2023-11-02,0.0004544594807363075
2023-11-03,0.0002725675075065844
2023-11-06,-9.085720915502011e-05
2023-11-07,0.00027228279527885307
2023-11-08,9.076235202719046e-05
2023-11-09,0.0003631732027393636
2023-11-10,0.0002720068164657509
2023-11-13,9.07748190808513e-05
2023-11-14,0.00036306631904397965
2023-11-15,9.042049286918942e-05
2023-11-16,0.0005439612086537817
2023-11-17,9.059787320319108e-05
2023-11-20,9.074612480799567e-05
2023-11-21,0.00036216933958851147
2023-11-22,0.0003621164144454032
2023-11-24,9.059404052234695e-05
2023-11-27,0.0001810935093569539
2023-11-28,0.0002713175750335318
2023-11-29,0.00018093348553828962
2023-11-30,0.0003618796182025526
2023-12-01,0.0003178672551674511
2023-12-04,9.109142988098636e-05
2023-12-05,0.00018146382536202423
2023-12-06,0.0001815089370131214
2023-12-07,0.0004540020762851442
2023-12-08,0.0
2023-12-11,0.0
2023-12-12,0.0002717785256907912
2023-12-13,0.0003628446458896656
2023-12-14,0.0004916187881300717
2023-12-15,9.145162551758971e-05
2023-12-18,0.00018187395130389214
2023-12-19,0.0
2023-12-20,0.00027295600922583524
2023-12-21,0.0006368533155533438
2023-12-22,0.00018167555748720374
2023-12-26,0.0001817203487194822
2023-12-27,0.0
2023-12-28,0.0006360612177422347
2023-12-29,0.00027282412847264893
2024-01-02,-9.083886545132191e-05
2024-01-03,9.08471179004415e-05
2024-01-04,0.000453805794897964
2024-01-05,9.087533217069868e-05
2024-01-08,0.00018142349252494048
2024-01-09,9.085059216338321e-05
2024-01-10,0.00018168467816616804
2024-01-11,0.0006346164281272248
2024-01-12,0.0002718392250968427
2024-01-16,0.0
2024-01-17,0.00018133201628482497
2024-01-18,0.0002720262559618183
2024-01-19,0.0002717972308932206
2024-01-22,0.0001808905768564845
2024-01-23,0.0
2024-01-24,9.058390743177032e-05
2024-01-25,0.0005433767350302731
2024-01-26,9.029419490412398e-05
2024-01-29,9.044090716566094e-05
2024-01-30,9.089728003438921e-05
2024-01-31,0.0002710412722852286
2024-02-01,0.0006631397764441884
2024-02-02,-0.00027241252382932804
2024-02-05,9.098365164587956e-05
2024-02-06,0.0002722298830123215
2024-02-07,0.00018151453500647404
2024-02-08,0.0004536653211872376
2024-02-09,9.097016395034034e-05
2024-02-12,9.042090933294486e-05
2024-02-13,-0.00018136639915058395
2024-02-14,0.00036272130791754225
2024-02-15,0.0005442323615674603
2024-02-16,0.0
2024-02-20,0.00018115767165287843
2024-02-21,9.071684139245024e-05
2024-02-22,0.00036244845627837155
2024-02-23,0.0001809656403741212
2024-02-26,0.0
2024-02-27,0.00018108721150847422
2024-02-28,9.048864097555549e-05
2024-02-29,0.0005430369930067017
2024-03-01,0.00025464171840835283
2024-03-04,9.08707708962887e-05
2024-03-05,0.00018164796085713792
2024-03-06,0.00018138381053174198
2024-03-07,0.0003630099907098101
2024-03-08,9.079657708456118e-05
2024-03-11,9.094234286264318e-05
2024-03-12,0.0001814831586015741
2024-03-13,9.045567179387377e-05
2024-03-14,0.00045370000668926543
2024-03-15,0.00018127459585036597
2024-03-18,9.039008746144863e-05
2024-03-19,9.061268017539168e-05
2024-03-20,0.0002720441522198172
2024-03-21,0.00036262688576937837
2024-03-22,0.0002715641163032322
2024-03-25,0.0
2024-03-26,0.00018119851057590695
2024-03-27,0.0006335420810697226
2024-03-28,9.075583486307847e-05
2024-04-01,0.00010894318355782488
2024-04-02,9.0891246244115e-05
2024-04-03,9.080622649774815e-05
2024-04-04,0.0006357393749476165
2024-04-05,9.0816997843173e-05
2024-04-08,9.080875086504156e-05
2024-04-09,9.087719500060393e-05
2024-04-10,-9.086893708648882e-05
2024-04-11,0.000453619078842677
2024-04-12,9.098929975033517e-05
2024-04-15,9.059778210190993e-05
2024-04-16,9.081949766624548e-05
2024-04-17,0.00018108606270313748
2024-04-18,0.0004535909423405461
2024-04-19,0.00018135411635168515
2024-04-22,9.043090209993418e-05
2024-04-23,0.00018122827289685623
2024-04-24,0.0001811954351610852
2024-04-25,0.0002719352559888134
2024-04-26,0.00018080729423911845
2024-04-29,9.073156416473486e-05
2024-04-30,9.04173518088672e-05
2024-05-01,0.00030916573134216936
2024-05-02,0.00045442950630741733
2024-05-03,0.00018175038151911982
2024-05-06,9.070584507090149e-05
2024-05-07,9.08504364947044e-05
2024-05-08,0.00018168436688537298
2024-05-09,0.00036314995075628615
2024-05-10,0.00018120361811623835
2024-05-13,0.00018147617623207206
2024-05-14,9.098878937202088e-05
2024-05-15,0.00027194929637794525
2024-05-16,0.0002722568859703005
2024-05-17,0.0001810991942992964
2024-05-20,0.0001812952151181752
2024-05-21,9.082181849682799e-05
2024-05-22,0.00018109339234055014
2024-05-23,0.0005437916987334525
2024-05-24,9.029061233645589e-05
2024-05-28,-9.028246067779805e-05
2024-05-29,9.029061233645589e-05
2024-05-30,0.0002716854470692218
2024-05-31,0.0003622504282301241
2024-06-03,0.00019986607069776862
2024-06-04,0.00018170856291135638
2024-06-05,9.087583065951117e-05
2024-06-06,0.0002723744084950983
2024-06-07,0.0002727567375098717
2024-06-10,0.00018140793091134095
2024-06-11,9.072553813628603e-05
2024-06-12,0.00036294527236978167
2024-06-13,9.068439428753688e-05
2024-06-14,0.0004534568637187309
2024-06-17,9.08629894759234e-05
2024-06-18,0.0002719564784553115
2024-06-20,0.00018128034043946698
2024-06-21,0.000453308537280413
2024-06-24,9.046883500427451e-05
2024-06-25,0.0001811489716931016
2024-06-26,0.0
2024-06-27,0.00027163630599814697
2024-06-28,0.0004528570844484402
2024-07-01,0.0001455765540467742
2024-07-02,0.00018156515531932458
2024-07-03,0.00027248778390650006
2024-07-05,0.0003634201411897857
2024-07-08,0.000272390338081404
2024-07-09,0.0
2024-07-10,9.072156891670041e-05
2024-07-11,0.00027214001778072316
2024-07-12,0.0005445104557286807
2024-07-15,0.00018135426924746072
2024-07-16,9.084980575464304e-05
2024-07-17,9.046336150656896e-05
2024-07-18,0.0001813641457756297
2024-07-19,0.0005439181586544162
2024-07-22,9.046518832290162e-05
2024-07-23,0.00018114071951179516
2024-07-24,9.074284693631068e-05
2024-07-25,9.028131809817833e-05
2024-07-26,0.0005433764839076936
2024-07-29,0.0001809012931271401
2024-07-30,9.050977460273078e-05
2024-07-31,9.065254509850897e-05
2024-08-01,0.0002544230054549621
2024-08-02,0.000908400908808365
2024-08-05,0.0
2024-08-06,0.0
2024-08-07,0.00018153037037774148
2024-08-08,9.059796617364388e-05
2024-08-09,0.00036303732840701905
2024-08-12,0.00027197200421142243
2024-08-13,0.0002721993276360272
2024-08-14,0.0
2024-08-15,9.050762504151717e-05
2024-08-16,0.00045340065929063653
2024-08-19,9.053367683450918e-05
2024-08-20,0.00027187744279587236
2024-08-21,0.0001811522108130266
2024-08-22,0.00018081853784143132
2024-08-23,0.00045294224832169596
2024-08-26,9.035199996632471e-05
2024-08-27,0.00018091315822663315
2024-08-28,0.0001811058775770859
2024-08-29,9.05365420886352e-05
2024-08-30,0.00036181287482867227
2024-09-03,0.0003177484633771427
2024-09-04,0.0002725267168150861
2024-09-05,0.00018125969861353217
2024-09-06,0.00045378002437369803
2024-09-09,0.0
2024-09-10,0.0003628893644238059
2024-09-11,-9.095186411956459e-05
2024-09-12,0.00018147034774517845
2024-09-13,0.0005439373959921223
2024-09-16,0.000362527703808122
2024-09-17,9.033690948144291e-05
2024-09-18,0.00036236359029365905
2024-09-19,0.0001811910375725073
2024-09-20,0.00045222180442713243
2024-09-23,0.00018115115159306013
2024-09-24,9.052176521033106e-05
2024-09-25,0.00018057831589550724
2024-09-26,9.072160322200055e-05
2024-09-27,0.0003615821608897778
2024-09-30,0.0
2024-10-01,0.0002178427245800379
2024-10-02,0.0
2024-10-03,0.0
2024-10-04,0.0003630170461055566
2024-10-07,-9.062793578850114e-05
2024-10-08,0.0002722073324720035
2024-10-09,9.061148484509844e-05
2024-10-10,9.075266224615305e-05
2024-10-11,0.00045304995379876335
2024-10-14,9.085263970590322e-05
2024-10-15,9.069509391794221e-05
2024-10-16,0.00018114981993245133
2024-10-17,0.0
2024-10-18,0.00045297909124633205
2024-10-21,9.077857509264151e-05
2024-10-22,0.0
2024-10-23,0.0
2024-10-24,0.00018079481697657365
2024-10-25,0.00036241913429851166
2024-10-28,0.0002714176964039876
2024-10-29,0.0
2024-10-30,0.0002714930980164608
2024-10-31,0.000180747594701011
2024-11-01,0.00042705634745179285
2024-11-04,0.00018153129765615395
2024-11-05,0.0
2024-11-06,0.0
2024-11-07,0.00027239641621904393
2024-11-08,0.0005443467719655905
2024-11-11,-9.045194881550347e-05
2024-11-12,9.046013111065252e-05
2024-11-13,0.00018135020658897817
2024-11-14,9.073303366641777e-05
2024-11-15,0.00018144960385981976
2024-11-18,0.00018134233477326632
2024-11-19,0.00018101210521241268
2024-11-20,0.0001816482632597658
2024-11-21,0.0
2024-11-22,0.00036211588629813827
2024-11-25,0.0001813266798847205
2024-11-26,9.053549778778479e-05
2024-11-27,0.00018120313086334157
2024-11-29,0.00045233175460244963
2024-12-02,0.00014546444459337233
2024-12-03,0.00027255775304367905
2024-12-04,0.0
2024-12-05,0.00027226092893945246
2024-12-06,0.00045396608834012464
2024-12-09,0.00018140025428653545
2024-12-10,0.0
2024-12-11,0.00018129323595381366
2024-12-12,9.077839696466683e-05
2024-12-13,0.0002721622748112814
2024-12-16,0.00027186598888327376
2024-12-17,0.0
2024-12-18,0.0001547067281800564
2024-12-19,0.000272934797683564
2024-12-20,0.00027293435073862907
2024-12-23,9.08792867012077e-05
2024-12-24,0.00027253908601209233
2024-12-26,0.0001819884546820266
2024-12-27,0.00027263714902312544
2024-12-30,0.0002724888928425043
2024-12-31,9.10020217086025e-05
2025-01-02,0.00018147005230403026
2025-01-03,0.0002723404532070324
2025-01-06,0.00018138772768315858
2025-01-07,0.00018172419025252128
2025-01-08,0.0
2025-01-10,0.0002721674678558034
2025-01-13,0.00018127254508056218
2025-01-14,9.095205689700816e-05
2025-01-15,0.00018137084469207926
2025-01-16,9.077968456937992e-05
2025-01-17,0.000453045444686723
2025-01-21,0.00018131314979151202
2025-01-22,0.0
2025-01-23,0.00018142778355576921
2025-01-24,0.0003621261071908025
2025-01-27,0.0001813292094451879
2025-01-28,9.064816756203227e-05
2025-01-29,9.056626019929736e-05
2025-01-30,9.041069000672297e-05
2025-01-31,0.0003621994880727252
2025-02-03,0.00011813621414825521
2025-02-04,9.087460622538184e-05
2025-02-05,9.057180632213299e-05
2025-02-06,0.00018164261024922293
2025-02-07,0.0002723040099434029
2025-02-10,9.066969801765277e-05
2025-02-11,0.0
2025-02-12,0.0
2025-02-13,0.0002723523776156517
2025-02-14,0.0004533311007647185
2025-02-18,0.0
2025-02-19,0.0002723019167172346
2025-02-20,9.071809103259022e-05
2025-02-21,0.00036239839521463575
2025-02-24,0.00018128051944253778
2025-02-25,0.0001813211316260641
2025-02-26,0.0
2025-02-27,9.057067458184334e-05
2025-02-28,0.00036217644022792364
2025-03-03,0.00016343801932504063
2025-03-04,9.095535274086137e-05
2025-03-05,0.00018160054676885724
2025-03-06,9.085717728767254e-05
2025-03-07,0.0004537309297066365
2025-03-10,9.08077207394125e-05
2025-03-11,0.00018152560721232408
2025-03-12,0.0
2025-03-13,9.063633527084389e-05
2025-03-14,0.00045350722396313105
2025-03-17,0.0
2025-03-18,9.088020113254321e-05
2025-03-19,9.050552354843798e-05
2025-03-20,0.00018143432923633222
2025-03-21,0.00036258304188343317
2025-03-24,9.052135908592761e-05
2025-03-25,9.073285786093662e-05
2025-03-26,9.05049539380309e-05
2025-03-27,0.0001809935270652317
2025-03-28,0.00027166077409485024
2025-03-31,9.052899818722451e-05
2025-04-01,0.00021814269605785195
2025-04-02,9.094003167025013e-05
2025-04-03,9.093176233290374e-05
2025-04-04,0.0004538859882286626
2025-04-07,9.066289859961648e-05
2025-04-08,0.00018160179361745727
2025-04-09,0.0
2025-04-10,0.0
2025-04-11,0.0004537758603083761
2025-04-14,9.059710873939896e-05
2025-04-15,9.066195721267008e-05
2025-04-16,0.00018145357462081023
2025-04-17,0.0004531864595335532
2025-04-21,9.074224013316843e-05
2025-04-22,9.058801476037171e-05
2025-04-23,9.072578805711418e-05
2025-04-24,9.049860938669093e-05
2025-04-25,0.0003623265612443542
2025-04-28,9.067649406302402e-05
2025-04-29,0.0
2025-04-30,0.00027164010224871906
2025-05-01,0.00010894739605514167
2025-05-02,0.0001818508744081279
2025-05-05,9.069019907227718e-05
2025-05-06,9.068197510590255e-05
2025-05-07,0.0001817848384738937
2025-05-08,9.06572725132834e-05
2025-05-09,0.0002724572466559316
2025-05-12,9.047866491954939e-05
2025-05-13,9.090753472678752e-05
2025-05-14,0.0
2025-05-15,0.0001815071987779875
2025-05-16,0.0003626572288399884
2025-05-19,0.0
2025-05-20,0.00018140847080011545
2025-05-21,9.068778386786601e-05
2025-05-22,0.0001813591206789934
2025-05-23,0.0004532428254440292
2025-05-27,0.0
2025-05-28,9.054931359256475e-05
2025-05-29,0.0002716960692574807
2025-05-30,0.0001812511564485388
2025-06-02,0.0001543953836071065
2025-06-03,0.00018169909292905625
2025-06-04,9.09783750506485e-05
2025-06-05,0.0002725469971002918
2025-06-06,9.065475176542502e-05
2025-06-09,0.00027244803676530456
2025-06-10,9.069445814018705e-05
2025-06-11,9.083144754614597e-05
2025-06-12,0.00018157379540923945
2025-06-13,0.00036293649010653273
2025-06-16,0.0
2025-06-17,9.070120375009569e-05
2025-06-18,0.0002719338245990554
2025-06-20,0.00036303596130508127
2025-06-23,0.00018105331117285276
2025-06-24,9.069150642506913e-05
2025-06-25,9.068328222159688e-05
2025-06-26,0.00018120515489525364
2025-06-27,0.00036227218214166993
2025-06-30,0.0
2025-07-01,0.00010004334970344862
2025-07-02,9.083404120866643e-05
2025-07-03,0.00036337559340060094
2025-07-07,0.00018165800104665128
2025-07-08,0.00018155261800974462
2025-07-09,9.083220758090671e-05
2025-07-10,9.082395784031484e-05
2025-07-11,0.0002723024025639699
2025-07-14,0.0001814372871566274
2025-07-15,0.0
2025-07-16,0.0002722512210438332
2025-07-17,9.060518915369836e-05
2025-07-18,0.00036282174671701633
2025-07-21,9.063639979499116e-05
2025-07-22,9.084499942363654e-05
2025-07-23,9.05476884974518e-05
2025-07-24,9.053949035588234e-05
2025-07-25,0.00036263093621206953
2025-07-28,9.057070159142257e-05
2025-07-29,0.00018105277966570015
2025-07-30,-9.047389983232363e-05
2025-07-31,9.048208609951802e-05
2025-08-01,0.0008636538833953894
2025-08-04,0.00018136880639774497
2025-08-05,-9.059582842275331e-05
2025-08-06,0.00027231706911522635
2025-08-07,9.079572246134727e-05
2025-08-08,0.00036300569581463953
2025-08-11,9.082661955215989e-05
2025-08-12,0.00018149258550891983
2025-08-13,0.0001813875869347033
2025-08-14,0.0
2025-08-15,0.00027199601120551513
2025-08-18,9.076073704921717e-05
2025-08-19,0.0002719693976806974
2025-08-20,9.051180646228375e-05
2025-08-21,-9.050361481661534e-05
2025-08-22,0.0006343747135502943
2025-08-25,0.0
2025-08-26,9.052638502310761e-05
2025-08-27,0.0001813241976638104
2025-08-28,9.042983957372366e-05
2025-08-29,0.00045268378976251255
2025-09-02,0.00025446099459520245
2025-09-03,0.0001815781165446849
2025-09-04,0.00018147328131147184
2025-09-05,0.0005447522096021973
2025-09-08,0.00018141338695777076
2025-09-09,-9.069024105509155e-05
2025-09-10,0.00018139693304176734
2025-09-11,0.0001811486374470492
2025-09-12,0.00018161832986942432
2025-09-15,0.00018129825917784757
2025-09-16,0.00018119363622116043
2025-09-17,9.075977265717278e-05
2025-09-18,9.053631503423664e-05
2025-09-19,0.00036239941120855756
2025-09-22,9.056703136329842e-05
2025-09-23,0.0
2025-09-24,9.063053108845905e-05
2025-09-25,9.062231793965572e-05
2025-09-26,0.00036216967161634275
2025-09-29,9.050963805819204e-05
2025-09-30,9.042979086928538e-05
2025-10-01,0.00024525608948730516
2025-10-02,9.09008662659149e-05
2025-10-03,0.00036314066393286926
2025-10-06,-9.085960923064894e-05
2025-10-07,9.08678654493953e-05
2025-10-08,0.00018136122157701637
2025-10-09,9.0771547415069e-05
2025-10-10,0.00045353022385968394
2025-10-13,-9.065061599848148e-05
2025-10-14,0.00027204805676688416
2025-10-15,-9.070571189891549e-05
2025-10-16,0.0001814278803428758
2025-10-17,0.0004532728416394729
2025-10-20,9.065639303807518e-05
2025-10-21,9.064817520147593e-05
2025-10-22,0.0001810654698570312
2025-10-23,9.055208038223126e-05
2025-10-24,0.0001812306893019224
2025-10-27,0.00027165387552264967
2025-10-28,9.050288962797598e-05
2025-10-29,-9.049469959616651e-05
2025-10-30,9.050288962797598e-05
2025-10-31,0.00018098939919233302
2025-11-03,0.00028157539972209516
2025-11-04,9.080981148611327e-05
2025-11-05,9.073018093425531e-05
2025-11-06,0.00018158665623590277
2025-11-07,0.0003630360115737622
2025-11-10,9.074390095046389e-05
2025-11-11,0.0
2025-11-12,9.066433417033183e-05
2025-11-13,9.072744149898852e-05
2025-11-14,0.00027194367192852353
2025-11-17,9.076584771344573e-05
2025-11-18,0.00018130133722390936
2025-11-19,9.052731447870345e-05
2025-11-20,9.0732944718833e-05
2025-11-21,0.00036268504670006495
2025-11-24,9.047809265341398e-05
2025-11-25,9.054114325610599e-05
2025-11-26,0.00018120835199551423
2025-11-28,0.00027162084863070047
2025-12-01,0.00019985125427843302
2025-12-02,0.00018165959852801627
2025-12-03,0.00018141309341350906
2025-12-04,0.0
2025-12-05,0.0003631161642978609
2025-12-08,9.076387259284572e-05
2025-12-09,9.082676036593298e-05
2025-12-10,0.0002720999416115912
2025-12-11,0.00018151651395010933
2025-12-12,0.0002721898143287287
2025-12-15,0.00018122098598714057
2025-12-16,9.059407544589338e-05
2025-12-17,9.058586890285166e-05
2025-12-18,0.00018122636899791552
2025-12-19,0.0001545578696697867
2025-12-22,0.0001818046885014571
2025-12-23,0.0
2025-12-24,0.00027265746234717605
2025-12-26,0.000363373202166894
2025-12-29,0.0
2025-12-30,9.089900177143067e-05
2025-12-31,0.00027238840784753914
2026-01-02,0.00018151917719250906
2026-01-05,0.00018162807548777706
2026-01-06,0.0
2026-01-07,0.00018138236906646368
2026-01-08,9.08165277856747e-05
2026-01-09,0.00027207039974003737
2026-01-12,9.071271206133937e-05
2026-01-13,0.0
2026-01-14,9.077534688973261e-05
2026-01-15,9.062539458183431e-05
2026-01-16,0.0002720640971676923
2026-01-20,9.073419689717379e-05
2026-01-21,0.0001811686325847721
2026-01-22,0.0
2026-01-23,0.0002719869706840391
2026-01-26,9.061407388062771e-05
2026-01-27,0.0001812825132594249
2026-01-28,0.0
2026-01-29,9.058944143258143e-05
2026-01-30,0.0002716021740062708
2026-02-02,0.00019986133514446615
2026-02-03,9.068001167098435e-05
2026-02-04,0.0
2026-02-05,0.0002724397296056902
2026-02-06,0.0001816477251715878
2026-02-09,0.00018140265110854978
2026-02-10,0.0
2026-02-11,9.075555697547635e-05
2026-02-12,9.081799663556427e-05
2026-02-13,0.0004536247329857687
2026-02-17,9.062730055954412e-05
2026-02-18,0.0
2026-02-19,0.00018152069848034684
2026-02-20,0.00018127590128619737
2026-02-23,9.065682564701367e-05
2026-02-24,9.050741052368208e-05
2026-02-25,9.064040410372311e-05
2026-02-26,9.056160334836529e-05
2026-02-27,0.0002719425257623725
2026-03-02,0.00012714954705972671
2026-03-03,9.079947989606387e-05
2026-03-04,0.0
2026-03-05,0.00018158247219809392
2026-03-06,0.00027253585514578233
2026-03-09,9.075002036058149e-05
2026-03-10,9.081229197956837e-05
2026-03-11,9.073354582044064e-05
2026-03-12,0.0
2026-03-13,0.00036304224324295556
2026-03-16,9.062192076613998e-05
2026-03-17,9.068417084897788e-05
2026-03-18,0.0
2026-03-19,0.0
2026-03-20,0.0002721687544915242
2026-03-23,0.00018137298717365452
2026-03-24,9.05644134813369e-05
2026-03-25,9.069704623380516e-05
2026-03-26,0.0
2026-03-27,0.0003625440523764555
2026-03-30,0.00018124152343952632
2026-03-31,9.056915429943809e-05
2026-04-01,0.00012729196787682697
2026-04-02,0.0003632530588398191
2026-04-06,9.086820277534842e-05
2026-04-07,9.085994649530611e-05
2026-04-08,9.085169171545785e-05
2026-04-09,0.00018154625235308763
2026-04-10,0.00027219964944453205
2026-04-13,0.0
2026-04-14,0.0001815341852485026
2026-04-15,0.0
2026-04-16,9.078575208968845e-05
2026-04-17,0.0004535362477692059
2026-04-20,0.0
2026-04-21,9.066612917781412e-05
2026-04-22,0.000181315819152147
2026-04-23,9.071168512541803e-05
2026-04-24,0.00027189976004302096
2026-04-27,9.060861688648438e-05
2026-04-28,9.060040770885254e-05
2026-04-29,0.0
2026-04-30,0.00018118440003719123
2026-05-01,0.0002543979947881386
2026-05-04,0.00018180692090971078
2026-05-05,0.0
2026-05-06,0.00018156348673425916
2026-05-07,9.087043782723173e-05
2026-05-08,0.0003630981760258452
2026-05-11,0.0
2026-05-12,9.082920122375529e-05
2026-05-13,0.0
2026-05-14,9.068079623905953e-05
2026-05-15,0.0003631107251570636
2026-05-18,9.063966174455012e-05
2026-05-19,9.070148669892465e-05
2026-05-20,0.0001813865213706938
2026-05-21,9.067681313364361e-05
2026-05-22,0.000181337183189413
2026-05-26,9.065215298863348e-05
2026-05-27,0.00018121787652406054
2026-05-28,9.062751259529973e-05
2026-05-29,0.00027185789998064456
2026-06-01,9.996894596563042e-05
2026-06-02,0.00018173083299314179
2026-06-03,0.0
2026-06-04,9.084890644912538e-05
2026-06-05,0.000272591892244383
2026-06-08,9.074598583593587e-05
2026-06-09,9.080765756718945e-05
2026-06-10,9.079941228525134e-05
2026-06-11,0.00018151244387669483
2026-06-12,0.0002723240752930995
2026-06-15,9.074997836042664e-05
2026-06-16,0.00018155334217419175
2026-06-17,-0.0002722456586141411
2026-06-18,0.0005444998701625598
2026-06-22,-9.070059189991346e-05
2026-06-23,0.0001814176384870188
2026-06-24,9.069236604863206e-05
2026-06-25,0.00018136828337851833
2026-06-26,0.00027200309233384726
2026-06-29,9.057326316347707e-05
2026-06-30,9.063483316422739e-05
2026-07-01,8.183604646920017e-05
2026-07-02,0.00045435170994041735
2026-07-06,0.00018171393053437632
2026-07-07,-9.084045829046065e-05
2026-07-08,0.00018169742205801127
2026-07-09,0.0001815249939840219
2026-07-10,0.0002723774677761007
2026-07-13,-9.072131387874449e-05
2026-07-14,0.0002723280044475595
2026-07-15,0.0001814793528049184
2026-07-16,0.0
2026-07-17,0.00036296250118845666
2026-07-20,9.072510876917011e-05
2026-07-21,-9.071687847050369e-05
2026-07-22,0.00018138058967282283
2026-07-23,-9.063904074099574e-05
2026-07-24,0.0002720810138624163
2026-07-27,9.069220284400447e-05
2026-07-28,0.00027198233924298715
2026-07-29,0.0002719083849643847
2026-07-30,9.063467645159469e-05
2026-07-31,0.00027174028333741025
2026-08-03,0.00018175995087057732
2026-08-04,9.079393946978008e-05
2026-08-05,9.085521099471788e-05
2026-08-06,9.084695707526458e-05
2026-08-07,0.000363285316934642
2026-08-10,9.080571627194666e-05
2026-08-11,9.072800120377856e-05
2026-08-12,0.00018157846843354882
2026-08-13,0.00018147605245345482
2026-08-14,0.0002721994066191813
2026-08-17,0.0
2026-08-18,0.00018146316932853143
2026-08-19,9.064571607721155e-05
2026-08-20,9.070690101850595e-05
2026-08-21,0.0002720266275207396
2026-08-24,9.067400827818314e-05
2026-08-25,0.00018126220510987381
2026-08-26,9.064935594568918e-05
2026-08-27,0.0
2026-08-28,9.064113938478177e-05
2026-08-31,9.063292431325623e-05
2026-09-01,0.0001635682422446361
2026-09-02,9.081786968453754e-05
2026-09-03,0.0001817578857412533
2026-09-04,0.0004541735240885237
2026-09-08,0.0
2026-09-09,9.082117933275737e-05
2026-09-10,-0.00018155659321971674
2026-09-11,0.0002724189842776418
2026-09-14,9.080468535553152e-05
2026-09-15,9.072718322153805e-05
2026-09-16,-9.071895254650869e-05
2026-09-17,0.00018152362383484826
2026-09-18,0.00027227064089475943
2026-09-21,9.075525191505004e-05
2026-09-22,9.07470161467391e-05
2026-09-23,-9.073878187303533e-05
2026-09-24,9.07470161467391e-05
2026-09-25,0.00036281670067006197
