date,returns
2008-09-30,0.0
2008-10-01,-0.0016153561674636461
2008-10-02,-0.028608566048973612
2008-10-03,-0.006842950526214956
2008-10-06,-0.02311830061189067
2008-10-07,-0.013130189992807965
2008-10-08,-0.008320825361462019
2008-10-09,-0.034618596880806186
2008-10-10,-0.038017168191946026
2008-10-13,0.06968711831826085
2008-10-14,0.0033978327566461138
2008-10-15,-0.05097015942013919
2008-10-16,0.00621938203508839
2008-10-17,-0.009088485783026831
2008-10-20,0.02924241449040027
2008-10-21,-0.022144968748047278
2008-10-22,-0.04171557607414672
2008-10-23,-0.00143600525440998
2008-10-24,-0.01659182269903727
2008-10-27,-0.023213998789962206
2008-10-28,0.04178945799260661
2008-10-29,0.01642178079507453
2008-10-30,0.006173104253126738
2008-10-31,0.00015966489133757613
2008-11-03,0.001847537504902422
2008-11-04,0.04014617112577931
2008-11-05,-0.028516746064605338
2008-11-06,-0.028921481475156986
2008-11-07,0.02042038700356679
2008-11-10,-0.0014628524674949852
2008-11-11,-0.019100729693456418
2008-11-12,-0.029661097532614915
2008-11-13,0.040296785525776785
2008-11-14,-0.020282734004698225
2008-11-17,-0.010746827493266765
2008-11-18,0.0017328875606163379
2008-11-19,-0.026623158746308214
2008-11-20,-0.025569357516337966
2008-11-21,0.04315098541062384
2008-11-24,0.029777580827798543
2008-11-25,0.010245956479769856
2008-11-26,0.012000462735584925
2008-11-28,0.001282723854133705
2008-12-01,-0.04640341368968637
2008-12-02,0.023662589337500414
2008-12-03,0.004599991309454373
2008-12-04,-0.015013036920142947
2008-12-05,0.007086900514284766
2008-12-08,0.02166146342665271
2008-12-09,-0.004039811358934655
2008-12-10,0.01750855388132641
2008-12-11,-0.0007551074864475277
2008-12-12,0.00238791569158841
2008-12-15,0.0051719001669470865
2008-12-16,0.03148486618743229
2008-12-17,-0.0003276293352607243
2008-12-18,-0.01271609450668531
2008-12-19,-0.008416785870290296
2008-12-22,0.0009317657687053509
2008-12-23,-0.004904258976387141
2008-12-24,0.005080521479796219
2008-12-26,0.009049857669870482
2008-12-29,0.003261930120239079
2008-12-30,0.011070155731246242
2008-12-31,0.007739435643631428
2009-01-02,0.008755167045150485
2009-01-05,-0.00693766235454213
2009-01-06,0.0025304391869924946
2009-01-07,-0.017407701525341542
2009-01-08,0.005852587671954546
2009-01-09,-0.01357038696935622
2009-01-12,-0.02119441501237202
2009-01-13,-0.0006769340736024762
2009-01-14,-0.019795487509571497
2009-01-15,0.003030767723528756
2009-01-16,0.011144760978503582
2009-01-20,-0.028829437095709794
2009-01-21,0.019209618921115192
2009-01-22,-0.008208686704425162
2009-01-23,0.010196191049416397
2009-01-26,0.004193037819664446
2009-01-27,0.008118054711171715
2009-01-28,0.013748263202823819
2009-01-29,-0.016512350599825865
2009-01-30,-0.002250453286456144
2009-02-02,-0.0075499646137632
2009-02-03,0.005588471795980656
2009-02-04,0.0001027765855223209
2009-02-05,0.017418326505260935
2009-02-06,0.00602355146286471
2009-02-09,-0.004035026237517545
2009-02-10,-0.01646517916654864
2009-02-11,0.009595794348470412
2009-02-12,0.0018216282632347223
2009-02-13,-0.0069115359179839865
2009-02-17,-0.014917840771584298
2009-02-18,0.0010490023524252102
2009-02-19,-0.006836781876803667
2009-02-20,-0.0019218660078098792
2009-02-23,-0.011932352457340402
2009-02-24,0.008051010629814396
2009-02-25,-0.011202814906497698
2009-02-26,-0.0020767860776181686
2009-02-27,-0.00985234274516162
2009-03-02,-0.026693954975511296
2009-03-03,-0.006369713654419633
2009-03-04,0.012977796777638006
2009-03-05,-0.008824834459339079
2009-03-06,-0.0009275726719974218
2009-03-09,-0.012165354346183157
2009-03-10,0.022126794265471546
2009-03-11,0.005669086132360139
2009-03-12,0.019818573409785784
2009-03-13,0.007216993914621313
2009-03-16,-0.003440897901702455
2009-03-17,0.009690942206638253
2009-03-18,0.024484219693568968
2009-03-19,0.00020510736693579203
2009-03-20,-0.012016576127818663
2009-03-23,0.029693790534721473
2009-03-24,-0.015700932635539427
2009-03-25,0.0078061935076284734
2009-03-26,0.00984617946010903
2009-03-27,-0.014284979947821
2009-03-30,-0.01910593893803325
2009-03-31,0.008939722901896178
2009-04-01,0.01305933773331809
2009-04-02,0.014786318048071623
2009-04-03,-0.00039169695424224335
2009-04-06,-0.011232583801344901
2009-04-07,-0.0077717804649148035
2009-04-08,0.007607363783007521
2009-04-09,0.0173539211505986
2009-04-13,0.006548823614643701
2009-04-14,-0.007155399699834496
2009-04-15,0.006891849371191911
2009-04-16,0.002301433078901337
2009-04-17,-0.002698424678367244
2009-04-20,-0.017594426059519427
2009-04-21,0.010036585968991122
2009-04-22,-0.0014354908283247215
2009-04-23,0.012452141073614784
2009-04-24,0.009766763532847896
2009-04-27,-0.007825184487476445
2009-04-28,-0.006998229214408184
2009-04-29,0.015211756298874887
2009-04-30,0.0007770746937592216
2009-05-01,0.0049770464443239185
2009-05-04,0.024699868238064953
2009-05-05,-0.004545282970867156
2009-05-06,0.014331152928197397
2009-05-07,-0.009884092668810837
2009-05-08,0.02035018775131346
2009-05-11,-0.012751881426741026
2009-05-12,0.003983049770523739
2009-05-13,-0.015148682283005862
2009-05-14,0.005216794569059945
2009-05-15,-0.0035815813690264894
2009-05-18,0.017032253081881554
2009-05-19,0.004337780506648673
2009-05-20,0.0030186316088506074
2009-05-21,-0.00432674489584404
2009-05-22,0.0026452651322820156
2009-05-26,0.010128382844610418
2009-05-27,-0.010954401372147853
2009-05-28,0.009740840855918559
2009-05-29,0.015113571792950586
2009-06-01,0.01116564513275723
2009-06-02,0.004151154206075832
2009-06-03,-0.015494471891002283
2009-06-04,0.007701397038923045
2009-06-05,-0.00959683537276613
2009-06-08,-0.0031771980028019696
2009-06-09,0.005173699128598178
2009-06-10,-0.0003176443515062223
2009-06-11,0.008028445842546413
2009-06-12,-0.004587175964811469
2009-06-15,-0.01760501591181103
2009-06-16,-0.0039365055864448995
2009-06-17,-0.0011408678266968133
2009-06-18,-0.001802159532943469
2009-06-19,0.005701811272404218
2009-06-22,-0.02036094959194826
2009-06-23,0.00605955626373673
2009-06-24,0.00543034686577525
2009-06-25,0.014815795143005813
2009-06-26,0.00012814064575672848
2009-06-29,0.004105381763231047
2009-06-30,-0.00827391809550555
2009-07-01,0.009827055350733692
2009-07-02,-0.01668757639800503
2009-07-06,-0.002077672717248278
2009-07-07,-0.010290319868564997
2009-07-08,-0.002494476069071295
2009-07-09,0.003361989090076738
2009-07-10,-0.0012087685044797924
2009-07-13,0.01001057462536074
2009-07-14,0.003928443289411269
2009-07-15,0.018193508867925222
2009-07-16,0.0046880558348876
2009-07-17,-0.0003465932936832091
2009-07-20,0.012861173485338459
2009-07-21,0.002297893031949069
2009-07-22,0.0012409168436684197
2009-07-23,0.009938042066540288
2009-07-24,0.001695590501197583
2009-07-27,0.0027064341732155467
2009-07-28,-0.005086310850795952
2009-07-29,-0.006735592421616998
2009-07-30,0.011105651860103104
2009-07-31,0.008648711469068182
2009-08-03,0.011450588517240621
2009-08-04,0.000482277757109907
2009-08-05,-0.0013816806395707635
2009-08-06,-0.003985231796475511
2009-08-07,0.0007726028984591314
2009-08-10,-0.0027358735566136803
2009-08-11,-0.0061422637467449135
2009-08-12,0.006395219327770878
2009-08-13,0.008403445638954728
2009-08-14,-0.004951395105015032
2009-08-17,-0.018674554420253404
2009-08-18,0.00821578767990813
2009-08-19,0.0046314671770747
2009-08-20,0.0055531818643017195
2009-08-21,0.011593048396274033
2009-08-24,-0.0013155631175561279
2009-08-25,0.003513068158514858
2009-08-26,-0.0014797974026796903
2009-08-27,0.002548814041946003
2009-08-28,0.0019537853581427468
2009-08-31,-0.005506858088960126
2009-09-01,-0.010392857183724827
2009-09-02,0.005318838476191955
2009-09-03,0.007355540142207917
2009-09-04,0.007110411960741832
2009-09-08,0.008135799102893396
2009-09-09,0.004413440252234907
2009-09-10,0.007841012210143954
2009-09-11,0.0019029739499950816
2009-09-14,-0.0008822684885034845
2009-09-15,0.004418972931110493
2009-09-16,0.011478831850369697
2009-09-17,-0.002181788180727974
2009-09-18,-0.001030111832244824
2009-09-21,-0.0042329421790418854
2009-09-22,0.0083387926715974
2009-09-23,-0.006814056917173689
2009-09-24,-0.009464207683789114
2009-09-25,-0.0020598475244266385
2009-09-28,0.008545954436426985
2009-09-29,-0.0005830796966810566
2009-09-30,0.002581512993131094
2009-10-01,-0.015107349443425112
2009-10-02,-0.002968598868806707
2009-10-05,0.011030991074018693
2009-10-06,0.012736474604535596
2009-10-07,0.0015224736343751725
2009-10-08,0.00906103930165953
2009-10-09,-0.002554215782994077
2009-10-12,0.0050707944736451535
2009-10-13,0.0005924858259034037
2009-10-14,0.009913478954817437
2009-10-15,-0.0014705551034244623
2009-10-16,-0.004644327705683032
2009-10-19,0.008970680544173978
2009-10-20,-0.005198960061463491
2009-10-21,-0.0026555022267542726
2009-10-22,0.0053039208027131305
2009-10-23,-0.008800312749136332
2009-10-26,-0.01023312490432393
2009-10-27,-0.003225429111255118
2009-10-28,-0.01636856209071925
2009-10-29,0.019440500324843235
2009-10-30,-0.015900955839924482
2009-11-02,0.0063715079674913485
2009-11-03,0.005247313953779006
2009-11-04,0.004823422770739409
2009-11-05,0.008498600643445216
2009-11-06,0.0014308521879135452
2009-11-09,0.015875785160092776
2009-11-10,-0.00020533486937062377
2009-11-11,0.005274358930239358
2009-11-12,-0.009352018949382108
2009-11-13,0.0077616375836982564
2009-11-16,0.012267248566655188
2009-11-17,-0.0002197875990088667
2009-11-18,0.0008488019197363959
2009-11-19,-0.008977046012867133
2009-11-20,-0.0012115582824486506
2009-11-23,0.010258279844862595
2009-11-24,-0.00014171043333183572
2009-11-25,0.009190864029613735
2009-11-27,-0.015144418620595486
2009-11-30,0.0031219594885013736
2009-12-01,0.013049788232818969
2009-12-02,0.0041604989102127675
2009-12-03,-0.004634655340922576
2009-12-04,-0.009361170027459084
2009-12-07,-0.002232534591808208
2009-12-08,-0.010628010293117975
2009-12-09,0.0005026825754933849
2009-12-10,0.0018655685042251982
2009-12-11,-0.0021047660185959907
2009-12-14,0.005246161386065526
2009-12-15,-0.0036042993438553813
2009-12-16,0.0054778632215691046
2009-12-17,-0.01583675757612152
2009-12-18,0.004630434061234598
2009-12-21,-0.001984999725450497
2009-12-22,0.000969897504051264
2009-12-23,0.0036924918295552773
2009-12-24,0.005327589007985654
2009-12-28,0.0015409416446579343
2009-12-29,-0.0019385047532187384
2009-12-30,-0.0016322502397263306
2009-12-31,-0.0026213908591045895
2010-01-04,0.017180283207417026
2010-01-05,0.0017912459122049807
2010-01-06,0.004970847041114098
2010-01-07,-0.0024172350122351914
2010-01-08,0.004610823602781753
2010-01-11,0.0029497728797207873
2010-01-12,-0.0074749028249616566
2010-01-13,0.0053905278219776335
2010-01-14,0.0027758937544262972
2010-01-15,-0.007913400870263753
2010-01-19,0.007180632606429843
2010-01-20,-0.013161346523743442
2010-01-21,-0.01348079717760119
2010-01-22,-0.010249845566968643
2010-01-25,0.0036657954903248427
2010-01-26,-0.001875669441822233
2010-01-27,-0.0026633296209251835
2010-01-28,-0.006601824426529344
2010-01-29,-0.00635772756858912
2010-02-01,0.013712314739255507
2010-02-02,0.008047075219624833
2010-02-03,-0.004294082380456088
2010-02-04,-0.025615552449389314
2010-02-05,-0.001835022390225885
2010-02-08,-0.004598427615508443
2010-02-09,0.012370317298662455
2010-02-10,-0.003465832450011603
2010-02-11,0.009449607687231546
2010-02-12,-0.0029054735671233314
2010-02-16,0.015954170489162808
2010-02-17,-0.0004203931733285538
2010-02-18,0.004641304115805467
2010-02-19,-0.0015323703162284413
2010-02-22,-0.0009380932299553737
2010-02-23,-0.008509367666587275
2010-02-24,0.003367790466876153
2010-02-25,0.0010783381031589563
2010-02-26,0.004819091053362759
2010-03-01,0.005453600293002866
2010-03-02,0.006286749636966231
2010-03-03,0.0031743731782950574
2010-03-04,-0.0010901051099375244
2010-03-05,0.00844973203296489
2010-03-08,-0.0017155581564452297
2010-03-09,2.56305758195135e-05
2010-03-10,7.343464881425909e-05
2010-03-11,0.0014753570914035814
2010-03-12,-0.00010336780695671422
2010-03-15,-0.0008322675871619939
2010-03-16,0.009642507191685948
2010-03-17,0.0015550898904723178
2010-03-18,-0.0012638759742856723
2010-03-19,-0.007455303903464616
2010-03-22,0.0017518587485717075
2010-03-23,0.004853807185716244
2010-03-24,-0.01005148531524513
2010-03-25,-0.0011755148481329494
2010-03-26,0.005650318963033204
2010-03-29,0.004312991312544243
2010-03-30,-0.0001948841449230261
2010-03-31,0.001365324401742999
2010-04-01,0.008695413203416467
2010-04-05,0.0029686885310346127
2010-04-06,0.0008784933884257557
2010-04-07,9.984533703477486e-05
2010-04-08,0.0008553156968593438
2010-04-09,0.007039990262410459
2010-04-12,-4.384060251972808e-05
2010-04-13,-0.000173079799652281
2010-04-14,0.0067517717308494376
2010-04-15,0.0011525508946639662
2010-04-16,-0.013299846685002698
2010-04-19,-0.0008308986329800021
2010-04-20,0.005285322068214889
2010-04-21,-0.00021187369374212148
2010-04-22,-0.0014493420887690884
2010-04-23,0.0059539108949780515
2010-04-26,-0.0019009891034206142
2010-04-27,-0.010953871428593024
2010-04-28,0.000594712699113994
2010-04-29,0.008115957048518242
2010-04-30,-0.0043725745949044735
2010-05-03,0.005264437977463794
2010-05-04,-0.016622941207806382
2010-05-05,-0.006004976755005536
2010-05-06,-0.011748137862033995
2010-05-07,-0.004590892729688011
2010-05-10,0.0245339548699423
2010-05-11,0.0015703702317089033
2010-05-12,0.006998921952141013
2010-05-13,-0.006672815963227895
2010-05-14,-0.010086044132100933
2010-05-17,-0.0014030650696579133
2010-05-18,-0.0067667808634000685
2010-05-19,-0.007463862233830318
2010-05-20,-0.019078146428164182
2010-05-21,0.008546678003778388
2010-05-24,-0.0046910352854436285
2010-05-25,-0.0005158781813066098
2010-05-26,-0.0013952509196326081
2010-05-27,0.019530302709524723
2010-05-28,-0.006040159162133839
2010-06-01,-0.0049877181904371265
2010-06-02,0.012176463079939005
2010-06-03,-0.0029635266246028228
2010-06-04,-0.014300053205881293
2010-06-07,-0.0010038198932031204
2010-06-08,0.005222634717565435
2010-06-09,-0.002314482391978884
2010-06-10,0.01053946407206738
2010-06-11,0.004599648544417913
2010-06-14,-9.01080577036555e-05
2010-06-15,0.014986622020774543
2010-06-16,-0.0012803987312398491
2010-06-17,0.004201851063533535
2010-06-18,0.0020323967917237696
2010-06-21,-0.00424358951768584
2010-06-22,-0.004592820755771391
2010-06-23,0.00035641815369587043
2010-06-24,-0.007539692710655091
2010-06-25,0.005628130495771278
2010-06-28,-0.0045039034142601315
2010-06-29,-0.014225010719344483
2010-06-30,-0.002996551559430849
2010-07-01,-0.0079775660466573
2010-07-02,0.0016700006053208013
2010-07-06,0.002854984711340382
2010-07-07,0.01690924020587769
2010-07-08,0.0032141579601088115
2010-07-09,0.005117494824811636
2010-07-12,-0.003315661445333105
2010-07-13,0.009835201616805287
2010-07-14,0.000786273553842144
2010-07-15,0.001153860353712211
2010-07-16,-0.017041590066304207
2010-07-19,0.0015161114376521798
2010-07-20,0.007547396859642189
2010-07-21,-0.0077515256675353885
2010-07-22,0.015613627597622446
2010-07-23,0.0032559560032333207
2010-07-26,0.0037085323556259307
2010-07-27,-0.0034366961645603345
2010-07-28,-0.0021429848263859646
2010-07-29,0.0009366801668127848
2010-07-30,0.0032024425090718903
2010-08-02,0.01419275438500489
2010-08-03,-0.0007348722950844699
2010-08-04,0.0031457563453674807
2010-08-05,6.441339380972982e-05
2010-08-06,0.0013535790103637963
2010-08-09,0.0006944721023604352
2010-08-10,-0.002618365627831398
2010-08-11,-0.01856168132516147
2010-08-12,0.00012625830531134876
2010-08-13,-0.0008215204447319044
2010-08-16,0.004399179848755882
2010-08-17,0.006461626873929578
2010-08-18,0.0015970381998555148
2010-08-19,-0.006872459542383738
2010-08-20,-0.004404054620263247
2010-08-23,-0.0020905456242818745
2010-08-24,-0.006155077259668986
2010-08-25,0.0023221456795472378
2010-08-26,-0.0023733296788193475
2010-08-27,0.008341102041380615
2010-08-30,-0.006212849428770568
2010-08-31,0.00284020638693621
2010-09-01,0.014205682424141969
2010-09-02,0.004702413927313555
2010-09-03,0.0045356726630738555
2010-09-07,-0.003412126492636589
2010-09-08,0.0026014237793965922
2010-09-09,0.00041080223325340405
2010-09-10,0.001979527989731621
2010-09-13,0.008776977664713609
2010-09-14,0.0054162400203509676
2010-09-15,0.00047559092246127037
2010-09-16,-0.0002511885101395318
2010-09-17,-0.0015334887940990072
2010-09-20,0.009227905187355088
2010-09-21,0.0021669021831007443
2010-09-22,-0.00044777809597111893
2010-09-23,-0.004905164434762892
2010-09-24,0.01215044005183542
2010-09-27,-0.0009482602410668332
2010-09-28,0.005719230657753103
2010-09-29,-0.0007887793701778953
2010-09-30,-0.0013916888669097392
2010-10-01,0.00544495415895948
2010-10-04,-0.004750447166505632
2010-10-05,0.015606048890622472
2010-10-06,0.0031079973884066453
2010-10-07,-0.002902886624516618
2010-10-08,0.004985264869428274
2010-10-11,0.0007471040849546195
2010-10-12,-0.00023580730262010084
2010-10-13,0.008761125155031512
2010-10-14,5.470889204776486e-05
2010-10-15,-0.0027260442479136865
2010-10-18,0.0036463457928254486
2010-10-19,-0.015946185050121936
2010-10-20,0.009242234418603487
2010-10-21,-0.003788592287202955
2010-10-22,0.0015153563631238368
2010-10-25,0.003780490478565981
2010-10-26,-0.002236709378558456
2010-10-27,-0.006060516455986491
2010-10-28,0.0063774064432349205
2010-10-29,0.0029358232011055703
2010-11-01,-0.0010420295468024751
2010-11-02,0.007067812748290328
2010-11-03,0.0014755377970690855
2010-11-04,0.018682847795276892
2010-11-05,-0.0008420918446627938
2010-11-08,0.0005979562310081943
2010-11-09,-0.009277663880338571
2010-11-10,0.004219235798747354
2010-11-11,-0.0019086764612904756
2010-11-12,-0.013522420830097732
2010-11-15,-0.0038054644500492385
2010-11-16,-0.011525307475846217
2010-11-17,0.0007118936844620556
2010-11-18,0.01241938956271963
2010-11-19,0.001003435271942888
2010-11-22,0.0010355628814498984
2010-11-23,-0.010023259514749548
2010-11-24,0.0063840835432505795
2010-11-26,-0.006801874646041306
2010-11-29,-0.0012653943553127148
2010-11-30,-0.0012454256830787013
2010-12-01,0.01034332608005684
2010-12-02,0.008120268024243284
2010-12-03,0.007373698934359971
2010-12-06,0.0013574771956697776
2010-12-07,-0.005912257864833364
2010-12-08,-0.00313253965931971
2010-12-09,0.0023972726224201824
2010-12-10,0.001507683222293635
2010-12-13,0.00440246543838262
2010-12-14,-0.0011570060309562397
2010-12-15,-0.007826697503159693
2010-12-16,0.0022907473879356117
2010-12-17,0.001588041787720465
2010-12-20,0.0021150256324107036
2010-12-21,0.004700969779659536
2010-12-22,0.0009481272783646
2010-12-23,-0.0017173560689551113
2010-12-27,0.0012251077433742587
2010-12-28,0.0019547335539373636
2010-12-29,0.0050244804171084775
2010-12-30,-0.0012575082699330666
2010-12-31,0.004828642728382494
2011-01-03,0.0033535169147752204
2011-01-04,-0.005593013408516755
2011-01-05,-0.001508940466014408
2011-01-06,-0.0034883430530489156
2011-01-07,-0.0013310353774964563
2011-01-10,0.00048507750685714164
2011-01-11,0.004133339465745314
2011-01-12,0.00812038630525721
2011-01-13,-0.0016699514616657276
2011-01-14,0.0006916938133512001
2011-01-18,0.0026899701751575238
2011-01-19,-0.004034220014615205
2011-01-20,-0.007710079863554025
2011-01-21,0.0014755305069359057
2011-01-24,0.0024081672954951398
2011-01-25,-0.0005273174649353694
2011-01-26,0.0035541332167367016
2011-01-27,-0.002725937758362833
2011-01-28,-0.006805693541271053
2011-01-31,0.0032368269238151875
2011-02-01,0.010619911492558289
2011-02-02,-0.0016312112530714516
2011-02-03,0.0021093897354351834
2011-02-04,-0.0012407600471699704
2011-02-07,0.002007428087987844
2011-02-08,0.0034457132035663413
2011-02-09,-0.002324402735956484
2011-02-10,-0.0031147369625072426
2011-02-11,0.0030087334781844855
2011-02-14,0.00228544672906843
2011-02-15,0.0007020345956001042
2011-02-16,0.004424613887049951
2011-02-17,0.00426602412029971
2011-02-18,0.002048344755258178
2011-02-22,-0.010542174520795719
2011-02-23,-6.54739117460681e-05
2011-02-24,-0.0008849895284423161
2011-02-25,0.008308957619813033
2011-02-28,0.004495135544023112
2011-03-01,-0.003961580065363263
2011-03-02,0.0017867464068121667
2011-03-03,0.00391238638568886
2011-03-04,-0.0004662346520507767
2011-03-07,-0.0039994484320422475
2011-03-08,0.0025237441100474847
2011-03-09,-6.943796339691958e-05
2011-03-10,-0.012301942247085685
2011-03-11,0.003055805118922357
2011-03-14,-0.003174390112059038
2011-03-15,-0.011659915446316676
2011-03-16,-0.009744643561461402
2011-03-17,0.010294138126378437
2011-03-18,0.006136057337056111
2011-03-21,0.009934033634663782
2011-03-22,-0.001443417733312472
2011-03-23,0.0031047684298529162
2011-03-24,0.0036472318543501843
2011-03-25,-0.0014437809616005626
2011-03-28,-0.0025796887600986955
2011-03-29,0.002702541106567757
2011-03-30,0.006023213032557043
2011-03-31,0.001054735653462629
2011-04-01,0.0035397262030059055
2011-04-04,0.002308819547114754
2011-04-05,0.0021479134602375408
2011-04-06,0.0024767405714835183
2011-04-07,-0.0017259771619448324
2011-04-08,0.0020882839852792664
2011-04-11,-0.0034389020504614195
2011-04-12,-0.0051355533158727075
2011-04-13,0.001743828389654862
2011-04-14,0.0037879671277323257
2011-04-15,0.0034714725734549274
2011-04-18,-0.006581542605076622
2011-04-19,0.004652287091099437
2011-04-20,0.009829802288519138
2011-04-21,0.003428873451869488
2011-04-25,-0.000322119227161194
2011-04-26,0.0041592111497980085
2011-04-27,0.00776983030520869
2011-04-28,0.002741974110362142
2011-04-29,0.005905434903520276
2011-05-02,-0.0037735112892127937
2011-05-03,-0.004429432268634729
2011-05-04,-0.007368872750416988
2011-05-05,-0.011900159898600103
2011-05-06,0.005025352595444579
2011-05-09,0.005643881575824576
2011-05-10,0.004680053613159234
2011-05-11,-0.009227723393451778
2011-05-12,0.0012108121576170012
2011-05-13,-0.0069095459542929125
2011-05-16,-0.0016902323874778296
2011-05-17,0.00033186035466501525
2011-05-18,0.004779384915705045
2011-05-19,0.0013139919131133345
2011-05-20,-0.002237076138505303
2011-05-23,-0.007575938567702575
2011-05-24,0.00262713548353033
2011-05-25,0.0025765593698027513
2011-05-26,0.0034761481347096823
2011-05-27,0.005270522356997182
2011-05-31,0.007317751883878047
2011-06-01,-0.008807630017381463
2011-06-02,-0.0011887409811292796
2011-06-03,-0.0006140152875912411
2011-06-06,-0.006088923118892348
2011-06-07,0.0022906292615383476
2011-06-08,-0.003991327074224211
2011-06-09,0.004418988677113059
2011-06-10,-0.01061011593092662
2011-06-13,-0.0020024118533153758
2011-06-14,0.00746155283021948
2011-06-15,-0.009624540210820102
2011-06-16,-0.0013935205020505319
2011-06-17,0.00448033844448866
2011-06-20,0.00036553811946724393
2011-06-21,0.009826508930627517
2011-06-22,-0.0031059560455019212
2011-06-23,-0.005300418682540609
2011-06-24,-0.007390907868105731
2011-06-27,0.0022926412230914414
2011-06-28,0.006302088503530445
2011-06-29,0.006455841723809368
2011-06-30,0.003362085683586145
2011-07-01,0.004531677224589137
2011-07-05,0.003444436013827283
2011-07-06,0.000996334321179786
2011-07-07,0.004643429172961825
2011-07-08,-0.001738103578954726
2011-07-11,-0.0088656904898382
2011-07-12,-0.0009692199619214486
2011-07-13,0.0069248926827991065
2011-07-14,-0.004583274144920137
2011-07-15,0.0043455675159521645
2011-07-18,-0.004294246692742698
2011-07-19,0.005913154948532206
2011-07-20,0.0037203396730588812
2011-07-21,0.005342809338867016
2011-07-22,0.0032044934749639754
2011-07-25,-0.002846121262400798
2011-07-26,0.0018999864902853481
2011-07-27,-0.01237862125172963
2011-07-28,-4.3531909307741924e-05
2011-07-29,0.001569088377954951
2011-08-01,-0.0028928701134752263
2011-08-02,-0.006000296466204897
2011-08-03,0.0021376194927145353
2011-08-04,-0.026714018354115264
2011-08-05,0.0010461510503524767
2011-08-08,-0.024290388763101908
2011-08-09,0.0274107564483591
2011-08-10,-0.010421944602648475
2011-08-11,0.011456715652540916
2011-08-12,0.0039776119335567925
2011-08-15,0.011873410202925799
2011-08-16,-0.0010989151771157316
2011-08-17,0.003047353194572434
2011-08-18,-0.015095576365300484
2011-08-19,-0.0035090869802992695
2011-08-22,0.007103809548585254
2011-08-23,0.0035081038893273325
2011-08-24,-0.007649332195116784
2011-08-25,-0.006826036839643213
2011-08-26,0.014331594287612232
2011-08-29,0.006528501817358865
2011-08-30,0.008484769507598335
2011-08-31,0.0019494419287374937
2011-09-01,-0.0023484808955538897
2011-09-02,-0.0030318371700945265
2011-09-06,-0.006851662876873705
2011-09-07,0.0033409159687588256
2011-09-08,0.0003228742309902288
2011-09-09,-0.014321774827846854
2011-09-12,-0.006392618642756741
2011-09-13,0.0061885027250699115
2011-09-14,0.0036821454183840327
2011-09-15,0.003355944685177346
2011-09-16,0.0029962132162463916
2011-09-19,-0.010910539785740352
2011-09-20,0.003290243253261528
2011-09-21,-0.01579348642636364
2011-09-22,-0.02230915719162027
2011-09-23,-0.011147041816270865
2011-09-26,0.005119374387213826
2011-09-27,0.011989418399341926
2011-09-28,-0.01668716972025213
2011-09-29,0.007780471946015367
2011-09-30,-0.011407042410773994
2011-10-03,-0.00602853895643129
2011-10-04,0.00447649114401571
2011-10-05,0.010703977487953093
2011-10-06,0.01317326770062661
2011-10-07,-0.006623643083810301
2011-10-10,0.024020563746428247
2011-10-11,-0.0029134470135863473
2011-10-12,0.00995556562630948
2011-10-13,-0.002443639775018363
2011-10-14,0.009835692752844124
2011-10-17,-0.012140152598839219
2011-10-18,0.008448330602414669
2011-10-19,-0.009919660517047723
2011-10-20,-0.0023721661131544504
2011-10-21,0.0135827067398719
2011-10-24,0.01098897070301994
2011-10-25,-0.0027276667772382136
2011-10-26,0.008603120437233517
2011-10-27,0.024488760462882786
2011-10-28,-0.0008373808609408026
2011-10-31,-0.02020177924554294
2011-11-01,-0.01330578132466385
2011-11-02,0.010308095379386808
2011-11-03,0.013465496015359327
2011-11-04,-0.004930832885269359
2011-11-07,0.007581339545170288
2011-11-08,0.0034455542535428703
2011-11-09,-0.02521132972715278
2011-11-10,0.003653388267025545
2011-11-11,0.014359688726485298
2011-11-14,-0.007978309770015698
2011-11-15,0.0010533962086755064
2011-11-16,-0.010502899341851809
2011-11-17,-0.013325217161461204
2011-11-18,0.00043096851237464
2011-11-21,-0.016638615778533213
2011-11-22,0.0010635177636693386
2011-11-23,-0.013372528499379817
2011-11-25,-0.0038028025805444407
2011-11-28,0.022406093578470083
2011-11-29,0.0014542721846633627
2011-11-30,0.027242267683675343
2011-12-01,-0.002974560993403909
2011-12-02,0.001209363243339293
2011-12-05,0.0035854675847341896
2011-12-06,-0.0008730008050050522
2011-12-07,0.0035316487438793813
2011-12-08,-0.01740945295098427
2011-12-09,0.010144086760518818
2011-12-12,-0.01652802685946369
2011-12-13,-0.009659048514530786
2011-12-14,-0.012357030090495397
2011-12-15,0.0009781714069904439
2011-12-16,0.005307367581787886
2011-12-19,-0.006914259501768244
2011-12-20,0.018735098745519766
2011-12-21,-0.0009553941647034237
2011-12-22,0.005093595080897611
2011-12-23,0.00414024413972683
2011-12-27,-0.0038010518677446714
2011-12-28,-0.01107567735388848
2011-12-29,0.005805596555332517
2011-12-30,0.0025688986144799955
2012-01-03,0.014222860637499342
2012-01-04,0.0007829548791722953
2012-01-05,-0.0007480887689573513
2012-01-06,-0.004281314327555466
2012-01-09,0.0010082415748457656
2012-01-10,0.009363113392859621
2012-01-11,0.001739270693875681
2012-01-12,0.002177811318252043
2012-01-13,-0.00443651680875208
2012-01-17,0.005182337846588328
2012-01-18,0.008855963021346974
2012-01-19,0.003959670159499847
2012-01-20,0.0011228629392992814
2012-01-23,0.0024884500390745814
2012-01-24,-0.00349862575299923
2012-01-25,0.011964497502653264
2012-01-26,0.0006070614962209586
2012-01-27,0.003283792269162724
2012-01-30,-0.0043510490235962665
2012-01-31,0.0030702318965040035
2012-02-01,0.006863027095912308
2012-02-02,0.00369185068429629
2012-02-03,0.002970187331090427
2012-02-06,-0.0016534663954562417
2012-02-07,0.004675621693491636
2012-02-08,-9.289507054952663e-05
2012-02-09,0.00016404486228958594
2012-02-10,-0.007556184208347021
2012-02-13,0.004989441037212663
2012-02-14,-0.0020693884694305865
2012-02-15,0.0001259728528458131
2012-02-16,0.006413322503110093
2012-02-17,-0.00011183036567616108
2012-02-21,0.004474091770377548
2012-02-22,0.001851810096634229
2012-02-23,0.0026594909095807705
2012-02-24,0.0016024912740138474
2012-02-27,-0.001563575474391042
2012-02-28,0.005159766959534705
2012-02-29,-0.014779839758375485
2012-03-01,0.006967008449816732
2012-03-02,-0.0030577485240185693
2012-03-05,-0.0050368886235998885
2012-03-06,-0.015327801921758647
2012-03-07,0.006482796824107417
2012-03-08,0.00996073703049178
2012-03-09,0.001260831289285955
2012-03-12,-0.002371319646027112
2012-03-13,0.004981917953557425
2012-03-14,-0.007669370658974146
2012-03-15,0.005252506348270921
2012-03-16,0.001807034925627895
2012-03-19,0.0010619830809748478
2012-03-20,-0.005659930896588703
2012-03-21,-0.00037638608475010877
2012-03-22,-0.00536402355997072
2012-03-23,0.006081186791096241
2012-03-26,0.01091043151606752
2012-03-27,-0.0037163419850980697
2012-03-28,-0.005698291769321478
2012-03-29,-0.0014655177640067948
2012-03-30,0.0029785753261194472
2012-04-02,0.006257834894161834
2012-04-03,-0.009191849776046765
2012-04-04,-0.010520060372242141
2012-04-05,0.0014650347561019229
2012-04-09,-0.0023910691549663366
2012-04-10,-0.006414790201647435
2012-04-11,0.004622427260593664
2012-04-12,0.010553152920742168
2012-04-13,-0.009175054317684724
2012-04-16,0.00036270992361638174
2012-04-17,0.007246090547221808
2012-04-18,-0.003288564530273046
2012-04-19,-0.002472534062255803
2012-04-20,0.0019826505918564795
2012-04-23,-0.0065309390383396625
2012-04-24,0.0020816738279232877
2012-04-25,0.00694334971849655
2012-04-26,0.0057766166710211935
2012-04-27,0.0019549859593124387
2012-04-30,-0.0017145560002986622
2012-05-01,0.0015430868883883377
2012-05-02,-0.0025477582943878164
2012-05-03,-0.005838485450986351
2012-05-04,-0.007222513622636612
2012-05-07,0.0010549855503118237
2012-05-08,-0.008374460347684798
2012-05-09,-0.006658867603318519
2012-05-10,0.0018579549718172824
2012-05-11,-0.0036058583285445175
2012-05-14,-0.00990300193637488
2012-05-15,-0.00622037682738238
2012-05-16,-0.00412689955514987
2012-05-17,-0.002460483921452661
2012-05-18,-0.0016560228595557164
2012-05-21,0.009463047851644394
2012-05-22,-0.005006434213526046
2012-05-23,-0.0018037112014068148
2012-05-24,-0.0014492617514269652
2012-05-25,0.0008161408419329809
2012-05-29,0.004203126749735801
2012-05-30,-0.006728999340904317
2012-05-31,1.1863042023237949e-05
2012-06-01,-0.0022531218527264063
2012-06-04,-0.00011782402812519953
2012-06-05,0.0020458886087831203
2012-06-06,0.011937994381836865
2012-06-07,-0.003262674308659736
2012-06-08,0.0015799828394206013
2012-06-11,-0.004878972952980901
2012-06-12,0.00746658269932874
2012-06-13,-0.001664929826119388
2012-06-14,0.004104948916075882
2012-06-15,0.006615559405103296
2012-06-18,0.0006560905712837994
2012-06-19,0.005622392271311696
2012-06-20,-0.0018278768078463768
2012-06-21,-0.016826858077429636
2012-06-22,0.00417471234918532
2012-06-25,-0.0067800376110469605
2012-06-26,0.0008002487380041126
2012-06-27,0.005098141526674457
2012-06-28,-0.002847933411727105
2012-06-29,0.02015564650740297
2012-07-02,0.002597723932124405
2012-07-03,0.007801213783643705
2012-07-05,-0.0062200141189709
2012-07-06,-0.007494440464635538
2012-07-09,-0.0002932251351140473
2012-07-10,-0.006274786722215665
2012-07-11,0.001492377064671855
2012-07-12,-0.004167658052368792
2012-07-13,0.009620832495039606
2012-07-16,-0.0001351612456729384
2012-07-17,0.0020340469295335134
2012-07-18,0.0027563216344852507
2012-07-19,0.002753452475040816
2012-07-20,-0.005963997004839194
2012-07-23,-0.008358825241987118
2012-07-24,-0.003858871963610979
2012-07-25,0.004720708924284499
2012-07-26,0.011373020544956184
2012-07-27,0.010571044241619667
2012-07-30,-0.0006597464323125186
2012-07-31,-0.003137864151173298
2012-08-01,-0.0031888836833434938
2012-08-02,-0.005832823308904866
2012-08-03,0.013335961929828478
2012-08-06,0.003693847924089501
2012-08-07,0.002671557780069813
2012-08-08,0.0002517653518262394
2012-08-09,0.0012458331043953964
2012-08-10,0.001715709588952439
2012-08-13,-0.00287397313232374
2012-08-14,-0.001644577681719981
2012-08-15,-0.00017040087600766817
2012-08-16,0.005833808111045328
2012-08-17,0.0009610120640031327
2012-08-20,0.00034531475710599844
2012-08-21,0.0027794914031336595
2012-08-22,0.002824844480227916
2012-08-23,-0.0017326114979789532
2012-08-24,0.0010212113868638007
2012-08-27,-0.00044698889277976174
2012-08-28,0.00015333939312146862
2012-08-29,-0.0020672275033257635
2012-08-30,-0.005208947730661571
2012-08-31,0.009698912966215969
2012-09-04,-0.0009452707534259412
2012-09-05,-0.0009303356174894552
2012-09-06,0.011425890332981754
2012-09-07,0.009214138891646828
2012-09-10,-0.004980080328700534
2012-09-11,0.003614314074441941
2012-09-12,0.0018259505499282746
2012-09-13,0.01332212989474241
2012-09-14,0.0032004746398933814
2012-09-17,-0.004010314737497389
2012-09-18,0.0005676598938366879
2012-09-19,0.0015146126519382803
2012-09-20,-0.0029703029849090018
2012-09-21,0.0015114091836289894
2012-09-24,-0.0020856949490110086
2012-09-25,-0.00438690934518616
2012-09-26,-0.004418752199429972
2012-09-27,0.009001213558983482
2012-09-28,-0.0052256247792985926
2012-10-01,0.0031956109381275203
2012-10-02,0.00111004240089062
2012-10-03,-3.455663531760553e-05
2012-10-04,0.00567741574549414
2012-10-05,-0.0015464026665396305
2012-10-08,-0.002939334139723682
2012-10-09,-0.00746354968450089
2012-10-10,-0.00202172164570732
2012-10-11,0.003141856089210669
2012-10-12,-0.0031400581081257924
2012-10-15,0.002525798608590135
2012-10-16,0.00688542547344056
2012-10-17,0.002495878712580928
2012-10-18,-0.0020713147345684632
2012-10-19,-0.009739563742662034
2012-10-22,0.0023379616127777976
2012-10-23,-0.010164550462686448
2012-10-24,-0.0014494170934550804
2012-10-25,0.0036365566785792687
2012-10-26,-0.0007172136820170232
2012-10-31,0.00155327316109315
2012-11-01,0.005076839168720015
2012-11-02,-0.00899145519682771
2012-11-05,0.002099666672563108
2012-11-06,0.006624066502493244
2012-11-07,-0.008479635437633285
2012-11-08,-0.0032927032606135734
2012-11-09,-0.00010132788664543276
2012-11-12,0.0003826007411922959
2012-11-13,-0.003384291650101338
2012-11-14,-0.005906963184374782
2012-11-15,-0.001637425995025222
2012-11-16,0.0011767199002691566
2012-11-19,0.01234596816063009
2012-11-20,-0.0009035416904737788
2012-11-21,0.0009712262791988413
2012-11-23,0.010890311448346752
2012-11-26,-0.0014828298554154802
2012-11-27,-0.0031901633989483897
2012-11-28,0.0016224942836156992
2012-11-29,0.0039836482978923065
2012-11-30,-0.0013606120817326736
2012-12-03,-0.0006184797147969795
2012-12-04,-0.0013790095114627106
2012-12-05,0.0017512543204742667
2012-12-06,0.0018220249607411821
2012-12-07,0.0014100190921223453
2012-12-10,0.0012711698690135037
2012-12-11,0.0028532436435423714
2012-12-12,0.0011361347810816059
2012-12-13,-0.005117820424323119
2012-12-14,0.00018479610474336056
2012-12-17,0.004195117349386014
2012-12-18,0.0014847913091625468
2012-12-19,-0.0007354329075017078
2012-12-20,0.0008152641125734991
2012-12-21,-0.0031340606420790567
2012-12-24,-0.003073085256995547
2012-12-26,-0.00040854658680627824
2012-12-27,0.0013925230890259618
2012-12-28,-0.004815885324078343
2012-12-31,0.009673887216988312
2013-01-02,0.01170152041541173
2013-01-03,-0.006059304570845064
2013-01-04,0.002146458958817518
2013-01-07,-0.003843349744052164
2013-01-08,-0.000512134043603399
2013-01-09,0.0019896087096404813
2013-01-10,0.006964149929544706
2013-01-11,-0.0010584111411246152
2013-01-14,0.0007242013960796411
2013-01-15,0.001252583029060447
2013-01-16,-0.0012450276340292253
2013-01-17,0.004034025020614946
2013-01-18,0.0008432882065255336
2013-01-22,0.002139236215118345
2013-01-23,-0.0006349593856982388
2013-01-24,-0.0014748134654073897
2013-01-25,0.0011114609383133015
2013-01-28,-0.0026055813915794998
2013-01-29,0.0032107641954674283
2013-01-30,8.755659599029761e-05
2013-01-31,-0.002039766855413216
2013-02-01,0.004170338673898066
2013-02-04,-0.0051929360512912946
2013-02-05,0.0027903493534621997
2013-02-06,0.001921072506323735
2013-02-07,-0.0033531315678774756
2013-02-08,0.0026512146642413636
2013-02-11,-0.0030472869805004735
2013-02-12,0.0016501230092016963
2013-02-13,-0.0002783917674137698
2013-02-14,-0.0011464678684794548
2013-02-15,-0.004495062991262813
2013-02-19,0.003716935928272132
2013-02-20,-0.010556929584803518
2013-02-21,-0.0033649544316106273
2013-02-22,0.005805483607489411
2013-02-25,-0.007172952620872535
2013-02-26,0.005613275805034645
2013-02-27,0.0038626476767207197
2013-02-28,-0.0024883160586433783
2013-03-01,0.00027330748478916067
2013-03-04,0.001207265517680883
2013-03-05,0.004728742674548224
2013-03-06,0.0014584567444613005
2013-03-07,0.0004917239447477013
2013-03-08,0.0011814509739231822
2013-03-11,0.001447108394908498
2013-03-12,-5.257078450216499e-05
2013-03-13,-0.001377120840998316
2013-03-14,0.0035947864103424956
2013-03-15,-8.416468773645694e-05
2013-03-18,-0.0017550140898853596
2013-03-19,-0.0013088182812270204
2013-03-20,0.0027553181541128445
2013-03-21,-0.0031985593617866468
2013-03-22,0.002898210425807655
2013-03-25,-0.0035919405407634237
2013-03-26,0.003419108773298708
2013-03-27,0.0009259221942485209
2013-03-28,0.0008793855887582553
2013-04-01,-0.003629543550134671
2013-04-02,-0.00023508066047457426
2013-04-03,-0.006910343918042789
2013-04-04,0.0028098964043778898
2013-04-05,0.0023493330212674157
2013-04-08,0.0012748406555134224
2013-04-09,0.0031029232325610013
2013-04-10,0.0027606235648174526
2013-04-11,0.00290495378518653
2013-04-12,-0.010560059381402753
2013-04-15,-0.02845828813429753
2013-04-16,0.01018029616610161
2013-04-17,-0.008861511732104163
2013-04-18,8.072931443898796e-05
2013-04-19,0.006500379408253582
2013-04-22,0.005374531856169546
2013-04-23,0.004086256029735998
2013-04-24,0.0042539913478402205
2013-04-25,0.006738399003167918
2013-04-26,-0.0015217610553544013
2013-04-29,0.006940284846186581
2013-04-30,0.002858908803504866
2013-05-01,-0.006541978785495433
2013-05-02,0.005045382411235899
2013-05-03,0.004042911763510825
2013-05-06,0.0010001789547103006
2013-05-07,-0.0004765513236909478
2013-05-08,0.006589557003648621
2013-05-09,-0.005499469963479875
2013-05-10,-0.0014034681619604437
2013-05-13,-0.0022319643823487324
2013-05-14,0.0019375302755909006
2013-05-15,-0.0020083815453181345
2013-05-16,-0.0029950714578908053
2013-05-17,-2.621845870997338e-07
2013-05-20,0.006120734981530324
2013-05-21,-0.0018245502167269657
2013-05-22,-0.007370142758481614
2013-05-23,3.137241516881008e-05
2013-05-24,-0.003623415079888137
2013-05-28,0.00031904045099130944
2013-05-29,-0.0021070044916708143
2013-05-30,0.004291306542467923
2013-05-31,-0.012998344692544388
2013-06-03,0.006102406618903952
2013-06-04,-0.003394111864191192
2013-06-05,-0.008488359963788807
2013-06-06,0.005905459987582977
2013-06-07,0.00019265807912261478
2013-06-10,7.469604381454846e-05
2013-06-11,-0.007397436273077686
2013-06-12,-0.002099577596390235
2013-06-13,0.008564871329385597
2013-06-14,-0.003334103549364909
2013-06-17,0.004285194091697192
2013-06-18,0.0010839245094981555
2013-06-19,-0.01245911044337252
2013-06-20,-0.0281109587737293
2013-06-21,0.0023275532525055963
2013-06-24,-0.01126247984764975
2013-06-25,0.006483508002833448
2013-06-26,-0.0020461674737017113
2013-06-27,0.003301376293117486
2013-06-28,0.0025222432367928063
2013-07-01,0.00807796651198307
2013-07-02,-0.0040922269897456665
2013-07-03,0.0011190042474313456
2013-07-05,-0.004247305208357433
2013-07-08,0.005820320352113342
2013-07-09,0.005656168487200826
2013-07-10,0.0003661402175551368
2013-07-11,0.018440974499583283
2013-07-12,-0.0018879902008386682
2013-07-15,0.0036147613761323217
2013-07-16,0.00020720774197656563
2013-07-17,-2.1127783365932902e-05
2013-07-18,0.003167122496182684
2013-07-19,0.0026664450289352838
2013-07-22,0.008376753921879854
2013-07-23,0.001778284561120465
2013-07-24,-0.0064096605800515564
2013-07-25,0.0032139023650763956
2013-07-26,-0.0008873662066785404
2013-07-29,-0.0035478600761747
2013-07-30,-0.0010124712317287686
2013-07-31,0.0006085602313287571
2013-08-01,0.0029729350175822958
2013-08-02,0.0019367110285773504
2013-08-05,-0.0018318026117928696
2013-08-06,-0.005396058401339588
2013-08-07,-0.0019688602432584995
2013-08-08,0.008643639247536031
2013-08-09,9.675880214262414e-05
2013-08-12,0.0027618588668285116
2013-08-13,-0.0008206994834951519
2013-08-14,0.0006403500255424261
2013-08-15,-0.0025185962852755884
2013-08-16,1.2470104103290327e-05
2013-08-19,-0.005823622969934777
2013-08-20,0.0028525517189121694
2013-08-21,-0.0066526883234441425
2013-08-22,0.0061994374709965945
2013-08-23,0.007284879459973764
2013-08-26,-0.0008954106175455209
2013-08-27,-0.006032072056385827
2013-08-28,9.976020120942798e-05
2013-08-29,-0.00040691587377557825
2013-08-30,-0.005385120520573534
2013-09-03,0.00719287901876238
2013-09-04,0.0014101703558980498
2013-09-05,-0.004917708814437111
2013-09-06,0.005668864349885514
2013-09-09,0.007429093860859138
2013-09-10,0.0004702535112185017
2013-09-11,0.0022947210291627564
2013-09-12,-0.008911810472135524
2013-09-13,0.0023971292985204666
2013-09-16,0.0016562397270190137
2013-09-17,0.001985631628528684
2013-09-18,0.02147409205252834
2013-09-19,-0.003018519187990464
2013-09-20,-0.01007222806811875
2013-09-23,-0.001377921126052282
2013-09-24,-0.0002292246944613382
2013-09-25,0.0019149714783087252
2013-09-26,-8.168233540574899e-05
2013-09-27,-4.4572287564948626e-05
2013-09-30,-0.003985733181226797
2013-10-01,-0.002071359294585523
2013-10-02,0.003675710707228449
2013-10-03,-0.002797789478092061
2013-10-04,0.0010584175184399007
2013-10-07,-0.0021822486442589955
2013-10-08,-0.005741337539758807
2013-10-09,-0.0013701213682597948
2013-10-10,0.007320659720225164
2013-10-11,0.0006782252686464668
2013-10-14,0.0013337048872861456
2013-10-15,-0.0020551170346577753
2013-10-16,0.006580270088528914
2013-10-17,0.012011027663696414
2013-10-18,0.0026123676258233757
2013-10-21,-1.1424318644960194e-05
2013-10-22,0.008324755510620379
2013-10-23,-0.005051530366356605
2013-10-24,0.004073020368243505
2013-10-25,0.0018457499821373322
2013-10-28,-3.0432288443354186e-05
2013-10-29,0.000665397209764846
2013-10-30,-0.0027783411332875227
2013-10-31,-0.005255964552129597
2013-11-01,-0.002566936543096936
2013-11-04,0.0024352590877903327
2013-11-05,-0.004582384847247873
2013-11-06,0.0040332582374674655
2013-11-07,-0.008216091954362115
2013-11-08,-0.0004999325408977262
2013-11-11,-0.0008469203073827637
2013-11-12,-0.0036648042079807726
2013-11-13,0.004431422673090788
2013-11-14,0.005821818976360237
2013-11-15,0.0037123129842937517
2013-11-18,-0.0022774996570675064
2013-11-19,-0.002125147129875779
2013-11-20,-0.007696770300471891
2013-11-21,0.0030775035641707137
2013-11-22,0.002635560044599353
2013-11-25,-0.0006318877740277452
2013-11-26,-0.0008138996571169438
2013-11-27,0.0011380225231101878
2013-11-29,0.002587036404774393
2013-12-02,-0.009886320746717506
2013-12-03,-0.0010902511272932107
2013-12-04,0.0010977994859381697
2013-12-05,-0.0051658496749585735
2013-12-06,0.006876380337160788
2013-12-09,0.0027917596962907555
2013-12-10,0.0029171085227897163
2013-12-11,-0.008193883739432401
2013-12-12,-0.007078772874755505
2013-12-13,0.002015595758296602
2013-12-16,0.004296571031787785
2013-12-17,-0.0030156823076957382
2013-12-18,0.005756784330151157
2013-12-19,-0.005574311222439287
2013-12-20,0.0051712787789250075
2013-12-23,0.0030938426924471667
2013-12-24,0.001421077993301363
2013-12-26,0.0027441477505283796
2013-12-27,0.0016916781275460179
2013-12-30,-0.0008476021919036587
2013-12-31,0.0030755040425894725
2014-01-02,-0.004355051380367856
2014-01-03,0.0023601995091628663
2014-01-06,-0.0006406833268020973
2014-01-07,0.00182954656665908
2014-01-08,-0.0021710972112186974
2014-01-09,0.0009794860177647854
2014-01-10,0.007811163019693664
2014-01-13,-0.0037063756238488853
2014-01-14,0.002259198477379907
2014-01-15,0.001101657688949001
2014-01-16,0.0007550428671376099
2014-01-17,0.0005168891965733676
2014-01-21,-0.00046282396830081487
2014-01-22,-0.0004381119316005789
2014-01-23,0.0005570733356019212
2014-01-24,-0.010488846200903432
2014-01-27,-0.005696488241764784
2014-01-28,0.004086874826897012
2014-01-29,-0.0017673506230802879
2014-01-30,-0.00031457098063835407
2014-01-31,-0.0038197395048717104
2014-02-03,-0.006937571955852057
2014-02-04,0.0031288783031326334
2014-02-05,-0.00039293676773286836
2014-02-06,0.0071028643080749635
2014-02-07,0.007782140531077253
2014-02-10,0.000695458937432249
2014-02-11,0.008629370851052552
2014-02-12,0.0002659980753019728
2014-02-13,0.004537465454000823
2014-02-14,0.005012133789965198
2014-02-18,0.003068230998127898
2014-02-19,-0.0055483736420676895
2014-02-20,0.004886881149061573
2014-02-21,0.00043698434827805274
2014-02-24,0.0054687845830465286
2014-02-25,-0.00015579255685735553
2014-02-26,-0.001507254864832149
2014-02-27,0.0029671204919799656
2014-02-28,-0.00012906853208892064
2014-03-03,-0.0016374983689379824
2014-03-04,0.0045433589181416295
2014-03-05,0.0006985130818969448
2014-03-06,0.004231225934572924
2014-03-07,-0.004292847082604409
2014-03-10,-0.001554111188782573
2014-03-11,-0.0018610797398493826
2014-03-12,0.0033323817994548094
2014-03-13,-0.005126702193123752
2014-03-14,0.0007777507723879041
2014-03-17,0.001481568514296346
2014-03-18,0.0024054156134083226
2014-03-19,-0.010110017404306962
2014-03-20,0.00014630951827157535
2014-03-21,0.0008270445142692199
2014-03-24,-0.004398156400824351
2014-03-25,0.0036520097306796746
2014-03-26,-0.002781325198944468
2014-03-27,0.00013390040246690123
2014-03-28,0.002299573314384846
2014-03-31,0.002674387937698354
2014-04-01,0.002922199591396807
2014-04-02,0.0021528547294271433
2014-04-03,-0.001863650578024733
2014-04-04,-0.0006647294922438741
2014-04-07,-0.004152705660476596
2014-04-08,0.0040969733528940094
2014-04-09,0.006034790629227622
2014-04-10,-0.0074840646231099355
2014-04-11,-0.0034483794553620633
2014-04-14,0.0041085362499075654
2014-04-15,-0.0034196064257674165
2014-04-16,0.0052147613851251185
2014-04-17,-0.0003099083829194627
2014-04-21,0.0002241709344252963
2014-04-22,0.0011444199728763039
2014-04-23,-0.0007983927855214914
2014-04-24,0.0016704231263833965
2014-04-25,-0.0023451718506888757
2014-04-28,4.108444017585726e-05
2014-04-29,0.002810873962209597
2014-04-30,0.0013393534146892104
2014-05-01,0.000797146801863307
2014-05-02,0.002321085408419694
2014-05-05,0.001502209876410028
2014-05-06,-0.0023796407168589946
2014-05-07,-0.0009631822659853993
2014-05-08,-0.0005059147252387624
2014-05-09,-0.00025182388335248196
2014-05-12,0.005716784144142168
2014-05-13,1.899157326511246e-05
2014-05-14,0.0014623479174949348
2014-05-15,-0.004623690853373521
2014-05-16,0.0016513289296045679
2014-05-19,0.0007421629661663926
2014-05-20,-0.0032087142951696783
2014-05-21,0.0028232115129451247
2014-05-22,0.002164853290740181
2014-05-23,0.002024346769747435
2014-05-27,-0.0015182484115640181
2014-05-28,-0.0010219490311850186
2014-05-29,0.0021124953278256393
2014-05-30,-0.001720591881537117
2014-06-02,-0.0004980660937048614
2014-06-03,-0.0006843283001220192
2014-06-04,5.4181168889496235e-05
2014-06-05,0.005377955113051693
2014-06-06,0.002682736842597959
2014-06-09,0.0005082628189834066
2014-06-10,0.00032612967987894186
2014-06-11,-0.0017019187344045066
2014-06-12,0.0008098501416720803
2014-06-13,0.0016435632082680116
2014-06-16,-0.001002344106491681
2014-06-17,-0.00037787495664225125
2014-06-18,0.005256948058355705
2014-06-19,0.007507995090229803
2014-06-20,-9.980310722312245e-05
2014-06-23,-0.00019510846139153039
2014-06-24,-0.0022259582538633254
2014-06-25,0.001716579905302628
2014-06-26,5.456786383373601e-05
2014-06-27,0.0011643313127897687
2014-06-30,0.0028412655696507102
2014-07-01,0.003010192091723196
2014-07-02,-0.0005172457900364954
2014-07-03,0.0011083325114734075
2014-07-07,-0.0028637778221305994
2014-07-08,-0.0033366704839421866
2014-07-09,0.0033951572366570557
2014-07-10,-0.002230598842992271
2014-07-11,0.0010501288805660855
2014-07-14,-0.00221950906610876
2014-07-15,-0.0035993712948537656
2014-07-16,0.0031351734758751867
2014-07-17,-0.0020572360792182735
2014-07-18,0.003633242328451917
2014-07-21,-0.0008159041584158039
2014-07-22,0.002092011896637586
2014-07-23,0.0007989001334380676
2014-07-24,-0.0021599065065390694
2014-07-25,0.0006444423542496129
2014-07-28,-3.9414340936794054e-05
2014-07-29,-0.0024537280283000954
2014-07-30,-0.0014018679805918848
2014-07-31,-0.01190275703931461
2014-08-01,0.000875255424377816
2014-08-04,0.0029048157303168854
2014-08-05,-0.005819250676880961
2014-08-06,0.0027354995040128763
2014-08-07,-0.0015690038668698457
2014-08-08,0.003934476776843549
2014-08-11,0.0018992741948205927
2014-08-12,-0.0008276828740906666
2014-08-13,0.0039646205197215525
2014-08-14,0.0026808358552408065
2014-08-15,-0.0007905010034576903
2014-08-18,0.0025443098795259536
2014-08-19,0.001196489795564814
2014-08-20,-0.0010212448716591593
2014-08-21,-0.000641317839723342
2014-08-22,-0.0006471697357081881
2014-08-25,0.0022092611506465505
2014-08-26,0.0017683464806824856
2014-08-27,0.0010735248196561678
2014-08-28,-0.00018275415040446046
2014-08-29,0.000780915590579348
2014-09-02,-0.0039295687064983586
2014-09-03,0.003036101891392682
2014-09-04,-0.0034779927381520994
2014-09-05,0.0023169240102491615
2014-09-08,-0.00544635958948374
2014-09-09,-0.003023457689632962
2014-09-10,0.0002218942913458817
2014-09-11,-0.002476322642756077
2014-09-12,-0.0047679241151400605
2014-09-15,-0.0005888632993434825
2014-09-16,0.0033571758984897605
2014-09-17,-0.003987328717471344
2014-09-18,0.003270804376477025
2014-09-19,-0.0025718340969066973
2014-09-22,-0.003817345432488126
2014-09-23,-0.0020906994780354356
2014-09-24,0.0025427552410683184
2014-09-25,-0.006829408939997754
2014-09-26,0.0022909649222499565
2014-09-29,-0.0024305739566907016
2014-09-30,-0.0028803322606774794
2014-10-01,-0.0045304946708427905
2014-10-02,-0.001825744653950679
2014-10-03,-0.000585458668176486
2014-10-06,0.0043096765461223124
2014-10-07,-0.006013498732040681
2014-10-08,0.01067340413258047
2014-10-09,-0.011629202090967818
2014-10-10,-0.006814777084122238
2014-10-13,-0.0011005272625716983
2014-10-14,0.0015063551507249265
2014-10-15,-0.0017118415802906918
2014-10-16,-0.0009706766854255034
2014-10-17,0.005406055200671483
2014-10-20,0.0056003276479631575
2014-10-21,0.007322305616472985
2014-10-22,-0.005315852901345128
2014-10-23,0.0026981569854515495
2014-10-24,0.0030869674612171508
2014-10-27,-0.0019479213147647301
2014-10-28,0.006643256691435534
2014-10-29,-0.005153401929195823
2014-10-30,0.0011972746470542903
2014-10-31,0.0021573501791257747
2014-11-03,-0.003118561922426672
2014-11-04,-0.002052084802183961
2014-11-05,-0.0024470586685687804
2014-11-06,-0.0008819408008009229
2014-11-07,0.0069384148447235
2014-11-10,-0.0032053625620959577
2014-11-11,0.004248569958715977
2014-11-12,-0.002360102160190149
2014-11-13,0.0007276887683702989
2014-11-14,0.005914750561115918
2014-11-17,-0.0019456425120159102
2014-11-18,0.005766634069608789
2014-11-19,-0.003878872677845217
2014-11-20,0.0020620914897592412
2014-11-21,0.005966474154471739
2014-11-24,0.0007690064502401705
2014-11-25,0.0012912567029694055
2014-11-26,0.0016960251713306204
2014-11-28,-0.007967944521883607
2014-12-01,0.0035329492499746465
2014-12-02,-0.0010441014869754192
2014-12-03,0.0033778241511810084
2014-12-04,-0.001406899478523164
2014-12-05,-0.002529173817677392
2014-12-08,-0.0015739198615595446
2014-12-09,0.002932517650852008
2014-12-10,-0.007292253032897238
2014-12-11,-0.000299031186188886
2014-12-12,-0.007679348676798202
2014-12-15,-0.011419660879918242
2014-12-16,0.0009021339371473999
2014-12-17,0.007338124035222295
2014-12-18,0.010879179766285888
2014-12-19,0.0015301494467724825
2014-12-22,-0.0014159540394247773
2014-12-23,-0.0009784110220051481
2014-12-24,0.0010947261641189173
2014-12-26,0.005782280987192686
2014-12-29,-0.0024327165721716717
2014-12-30,-0.000123803781971811
2014-12-31,-0.006301554767929315
2015-01-02,0.0006743308625365848
2015-01-05,-0.005898583101316655
2015-01-06,-0.0015327449170550297
2015-01-07,0.004810218951992774
2015-01-08,0.0063444628831652
2015-01-09,-0.0005937994769924055
2015-01-12,-4.045428375850811e-05
2015-01-13,0.00021207140430980724
2015-01-14,-0.0019269943635132562
2015-01-15,0.0054077053300874015
2015-01-16,0.007766977044820864
2015-01-20,0.003295189380933268
2015-01-21,0.003022662401810608
2015-01-22,0.007292681582774723
2015-01-23,-0.0036689197578050566
2015-01-26,0.0009054015180157451
2015-01-27,-0.00041659431960882655
2015-01-28,-0.007156199490693263
2015-01-29,-0.0004099961192293325
2015-01-30,-0.0009447666144232307
2015-02-02,0.004048403502057071
2015-02-03,0.004146395994945628
2015-02-04,-0.0016488219268796132
2015-02-05,0.005512008767111734
2015-02-06,-0.011535380609543672
2015-02-09,-0.0009085104301480193
2015-02-10,0.0023781138819684265
2015-02-11,-0.0036627110874835377
2015-02-12,0.007103667464669658
2015-02-13,0.0034532066607558276
2015-02-17,-0.0036422131551991275
2015-02-18,0.002721018977731649
2015-02-19,-0.001335128449823984
2015-02-20,0.002765570408494383
2015-02-23,-0.00045777616956272624
2015-02-24,0.0031551184825390818
2015-02-25,0.0010465581836388135
2015-02-26,-0.0009391138284991304
2015-02-27,-0.00020619445948525425
2015-03-02,-4.47409854500765e-05
2015-03-03,-0.0033335964733590875
2015-03-04,-0.0030015876518478136
2015-03-05,0.0005673001706569523
2015-03-06,-0.013815505037727388
2015-03-09,0.001580232450704292
2015-03-10,-0.009108425590502636
2015-03-11,-0.000388207349634278
2015-03-12,0.0062055457814948305
2015-03-13,-0.0031966154395801126
2015-03-16,0.006539896273000419
2015-03-17,-0.0014969288399598229
2015-03-18,0.014000987328969731
2015-03-19,-0.005094259230848599
2015-03-20,0.01018943624551095
2015-03-23,0.002000908896038138
2015-03-24,-0.0005890136884028382
2015-03-25,-0.0062246196685497674
2015-03-26,-0.002101191866311499
2015-03-27,0.000815571691067161
2015-03-30,0.0020882386915870056
2015-03-31,-0.004292301262150218
2015-04-01,0.005612987092305773
2015-04-02,0.0021210248687009606
2015-04-06,0.007121221435860556
2015-04-07,-0.0018958440711973395
2015-04-08,0.001680454647603202
2015-04-09,-0.0003231573362632912
2015-04-10,0.003987153189819966
2015-04-13,-0.0038358193174242703
2015-04-14,0.0016235952630001768
2015-04-15,0.004700430581481871
2015-04-16,6.640034508016181e-05
2015-04-17,-0.0048430571938447445
2015-04-20,0.0004144858536171555
2015-04-21,0.0025653552204423047
2015-04-22,-0.0018115865942908461
2015-04-23,0.004208306394836365
2015-04-24,-0.0008407255622953746
2015-04-27,0.00344578656880044
2015-04-28,0.0019170003839538072
2015-04-29,-0.005424675237068432
2015-04-30,-0.008492758620939577
2015-05-01,0.00287299593959616
2015-05-04,0.00237890375558628
2015-05-05,-0.006240958548064885
2015-05-06,-0.002039834790645548
2015-05-07,-0.0007277395364917079
2015-05-08,0.009635763612977903
2015-05-11,-0.005279202694337168
2015-05-12,0.0004492180556350462
2015-05-13,0.004816558582053288
2015-05-14,0.006994534918330021
2015-05-15,0.0027454314104308746
2015-05-18,-0.0013939420051595499
2015-05-19,-0.004080797348936656
2015-05-20,0.0002963848137078805
2015-05-21,0.001891559462417538
2015-05-22,-0.0020795365073925337
2015-05-26,-0.008804514305087888
2015-05-27,0.004339393281198656
2015-05-28,-0.0011203692982180978
2015-05-29,-0.003914157412313679
2015-06-01,-0.0011047892943263568
2015-06-02,0.0007840167271775259
2015-06-03,-0.000895337020889465
2015-06-04,-0.005607110193470034
2015-06-05,-0.004878463602573548
2015-06-08,-0.0012524662311103264
2015-06-09,-0.0017730578981704126
2015-06-10,0.00900195413663551
2015-06-11,0.0013473218430552344
2015-06-12,-0.0035816560560064945
2015-06-15,-0.0020512212397392105
2015-06-16,0.0014170261609187367
2015-06-17,0.0014072901888143798
2015-06-18,0.007228084307537665
2015-06-19,-0.0018407209353501022
2015-06-22,0.0019823827940056975
2015-06-23,-0.0007537149917379497
2015-06-24,-0.0038467207067011144
2015-06-25,-0.0018028622613806278
2015-06-26,-0.0006038806205480199
2015-06-29,-0.010328055419256025
2015-06-30,-0.0004440757001215139
2015-07-01,0.0014398901847819585
2015-07-02,0.00036414537027424124
2015-07-06,-0.0038512733074612887
2015-07-07,-0.0015681375516483076
2015-07-08,-0.00914144477664878
2015-07-09,0.0036329655839869445
2015-07-10,0.008780904334902655
2015-07-13,0.0022398347279034042
2015-07-14,0.002854584596713311
2015-07-15,-0.0019039239100333766
2015-07-16,0.003345057515076473
2015-07-17,-0.002597735545783304
2015-07-20,-0.005746938726104141
2015-07-21,-0.0015031351336675406
2015-07-22,-0.003409790460427573
2015-07-23,-0.002478705529986021
2015-07-24,-0.003915863520268672
2015-07-27,-0.004155828772364459
2015-07-28,0.005668852679042329
2015-07-29,0.0027524757617599527
2015-07-30,-0.0012509328646187693
2015-07-31,0.0031623489921354365
2015-08-03,-0.002861067148966269
2015-08-04,-0.0008258153027599857
2015-08-05,0.00038550914891653007
2015-08-06,-0.0021934406514865687
2015-08-07,0.00021805135657465763
2015-08-10,0.007833885582578597
2015-08-11,-0.004389677068857961
2015-08-12,0.0012697969909325076
2015-08-13,-0.003071677114305508
2015-08-14,0.0011767810664630842
2015-08-17,0.0019118349426357148
2015-08-18,-0.0029172976704327645
2015-08-19,-0.0009484792337617434
2015-08-20,-0.007318306852037337
2015-08-21,-0.011463788582351518
2015-08-24,-0.01998719793336807
2015-08-25,-0.004318519978011393
2015-08-26,0.010197199656024829
2015-08-27,0.011110131254399792
2015-08-28,0.0015769619353420475
2015-08-31,-0.0034576125467728302
2015-09-01,-0.013626740302002841
2015-09-02,0.006663852993396252
2015-09-03,-0.00048384659880638947
2015-09-04,-0.008858524740739553
2015-09-08,0.012066039834348126
2015-09-09,-0.007398659843683843
2015-09-10,0.002778579337520881
2015-09-11,0.0013691089288215652
2015-09-14,-0.002194349217206076
2015-09-15,0.0031083531438552774
2015-09-16,0.008505866444898482
2015-09-17,0.003838660276211993
2015-09-18,-0.006920033465990809
2015-09-21,-0.001570799544222375
2015-09-22,-0.009530546792646602
2015-09-23,-0.0011264616435940145
2015-09-24,0.002622439362012405
2015-09-25,-0.0010024305052379766
2015-09-28,-0.013069723060198766
2015-09-29,-0.00033226594826656563
2015-09-30,0.00727941328256842
2015-10-01,0.0015237935836382578
2015-10-02,0.013417660656881126
2015-10-05,0.008347024392107053
2015-10-06,0.0016851797058932447
2015-10-07,0.0059632658006807
2015-10-08,0.0029450940888282014
2015-10-09,0.003932944938930857
2015-10-12,0.0004699029136813723
2015-10-13,-0.004067861113082375
2015-10-14,0.004255608997219846
2015-10-15,0.006828843224160733
2015-10-16,-0.0006255115064277752
2015-10-19,-0.002058978648638843
2015-10-20,0.00020210007427931372
2015-10-21,-0.004422403670561428
2015-10-22,0.007452803629109673
2015-10-23,0.0038381544833808773
2015-10-26,-0.0018019230112766994
2015-10-27,-0.002480453935703215
2015-10-28,0.002080991031671673
2015-10-29,-0.005531628358025191
2015-10-30,-0.0015065769893371872
2015-11-02,0.004117442911550276
2015-11-03,-0.0017771281456090233
2015-11-04,-0.0038733121670829255
2015-11-05,-0.0019265725003177266
2015-11-06,-0.005596821698991008
2015-11-09,-0.00509961544799087
2015-11-10,0.00015284699821926137
2015-11-11,-0.001021344869363202
2015-11-12,-0.006642685760320833
2015-11-13,-0.005163044757307463
2015-11-16,0.007282981838853935
2015-11-17,-0.0022427979843319405
2015-11-18,0.006502435071894209
2015-11-19,0.003893971187984028
2015-11-20,7.071311616126932e-05
2015-11-23,-0.0034645698532156087
2015-11-24,0.002488126600090219
2015-11-25,-0.000575216081265785
2015-11-27,-0.0025270215207742496
2015-11-30,-0.00035179256873135094
2015-12-01,0.00699666577620362
2015-12-02,-0.008739624337715394
2015-12-03,-0.005906847785537801
2015-12-04,0.012360448348350957
2015-12-07,-0.006565774830191684
2015-12-08,-0.004918548469279498
2015-12-09,-0.003488174772499307
2015-12-10,-0.00016280108390807479
2015-12-11,-0.008387240556577368
2015-12-14,-0.0020870494400997866
2015-12-15,0.0040450633984997885
2015-12-16,0.010271416622402777
2015-12-17,-0.010665840061607486
2015-12-18,-0.003138417583192875
2015-12-21,0.005205308044770951
2015-12-22,0.0029757022097380527
2015-12-23,0.006855000002582759
2015-12-24,0.0007725814668462739
2015-12-28,-0.002826118737834408
2015-12-29,0.00402857047085909
2015-12-30,-0.005311906262653938
2015-12-31,-0.004202770472784233
2016-01-04,-0.0058903330322401335
2016-01-05,0.0009471848929707052
2016-01-06,-0.0033361678102257495
2016-01-07,-0.008492686696233948
2016-01-08,-0.006249071056017052
2016-01-11,-0.0028342802777757904
2016-01-12,0.002433690962451446
2016-01-13,-0.00859865952713124
2016-01-14,0.0033211467569169233
2016-01-15,-0.011215760921671553
2016-01-19,0.0011478132618239708
2016-01-20,-0.004464763102808992
2016-01-21,0.002803291818855978
2016-01-22,0.010924590175926768
2016-01-25,-0.005520600425519592
2016-01-26,0.010830921813714535
2016-01-27,-0.003387800435063009
2016-01-28,-1.066993597570703e-05
2016-01-29,0.012801865175204163
2016-02-01,0.0013802705439010187
2016-02-02,-0.009702460232352453
2016-02-03,0.006634120192948659
2016-02-04,0.0041982733344227245
2016-02-05,-0.005118436647199905
2016-02-08,-0.003555339267431369
2016-02-09,-0.003616308312110154
2016-02-10,0.002497139940620254
2016-02-11,0.003142440996422735
2016-02-12,0.00569792606960727
2016-02-16,0.0013243861107993592
2016-02-17,0.009920200956283794
2016-02-18,0.004486707740092911
2016-02-19,-0.0023746229736542356
2016-02-22,0.002682700762168269
2016-02-23,-0.0031990298567262407
2016-02-24,0.0015105415259160887
2016-02-25,0.0061900162078803046
2016-02-26,-0.002718136540269152
2016-02-29,0.0004518949085184354
2016-03-01,0.009176804006544487
2016-03-02,0.0049017670074914125
2016-03-03,0.007745925906537308
2016-03-04,0.00283029204163099
2016-03-07,0.001382102749760007
2016-03-08,-0.006160703703353953
2016-03-09,0.00018258289756918752
2016-03-10,0.003038484356661589
2016-03-11,0.005794909040699686
2016-03-14,-0.0033131977615646698
2016-03-15,-0.0037150575463052414
2016-03-16,0.010891279281447569
2016-03-17,0.00422044326348721
2016-03-18,0.000557113450128568
2016-03-21,-0.001859453790233417
2016-03-22,-4.997975238478759e-05
2016-03-23,-0.009268950667145214
2016-03-24,-0.002103797310408365
2016-03-28,0.002241206734495826
2016-03-29,0.010587073133972849
2016-03-30,-0.00015085131721988125
2016-03-31,-1.2869454047148934e-05
2016-04-01,-0.0015085241136274196
2016-04-04,-0.0033997598075189107
2016-04-05,-0.003953113483881913
2016-04-06,0.00470891860958012
2016-04-07,-0.0029237191775274294
2016-04-08,0.00447290585837391
2016-04-11,0.002927874977462155
2016-04-12,0.005846059453225132
2016-04-13,0.0048827247676628514
2016-04-14,-0.0032266508289086728
2016-04-15,0.001204809151171476
2016-04-18,0.003044607043333641
2016-04-19,0.008494119976051798
2016-04-20,-0.0016861458240297919
2016-04-21,-0.0026449605869672452
2016-04-22,-0.002648861136356407
2016-04-25,-0.0016091133260812127
2016-04-26,0.0021094285293805277
2016-04-27,0.002452981597569781
2016-04-28,-0.0005167890420239513
2016-04-29,0.0016584858168818086
2016-05-02,0.002293034901547777
2016-05-03,-0.006651883651625991
2016-05-04,-0.005503531274704278
2016-05-05,1.932402612454375e-05
2016-05-06,0.0032669294888454845
2016-05-09,-0.005320364691214694
2016-05-10,0.007661872449420079
2016-05-11,-0.0018404310248621772
2016-05-12,-0.0021228850259972926
2016-05-13,-0.003963354740135437
2016-05-16,0.005103602742353886
2016-05-17,-0.0033618914867490956
2016-05-18,-0.00540700040085169
2016-05-19,-0.002769972256716781
2016-05-20,0.003704286494307195
2016-05-23,-0.0016963269944157188
2016-05-24,0.003166117910881475
2016-05-25,0.0033728090761089196
2016-05-26,0.0005775038207481016
2016-05-27,-0.0009614973214666609
2016-05-31,0.0003805763495966192
2016-06-01,0.000554189931346279
2016-06-02,0.0012362976077746782
2016-06-03,0.008827133949567656
2016-06-06,0.002656407796354714
2016-06-07,0.0026458744855519327
2016-06-08,0.005046950970898103
2016-06-09,-0.00234206374416861
2016-06-10,-0.008107479685459771
2016-06-13,-0.00382669158318412
2016-06-14,-0.0032810291111239754
2016-06-15,0.003933417342686187
2016-06-16,-0.0012943904641696518
2016-06-17,0.003305017631059276
2016-06-20,0.005090510485454077
2016-06-21,-0.0018604397136577587
2016-06-22,-0.0004902721526983116
2016-06-23,0.008183552909310296
2016-06-24,-0.016651843051794762
2016-06-27,-0.007148323014154527
2016-06-28,0.008647975472462635
2016-06-29,0.00980329859300557
2016-06-30,0.007846877360027107
2016-07-01,0.005633674718438837
2016-07-05,-0.0040486422482740115
2016-07-06,0.002891353462353926
2016-07-07,-0.0023688143317230513
2016-07-08,0.009888835206319668
2016-07-11,0.0016059226743958279
2016-07-12,0.0006839846637923541
2016-07-13,0.0019242730660606363
2016-07-14,0.001713056890646791
2016-07-15,-0.0030953136745887192
2016-07-18,0.001979644283282429
2016-07-19,-0.0020907620283614286
2016-07-20,6.613305358417465e-05
2016-07-21,0.0016799078552881138
2016-07-22,0.00018996266746395293
2016-07-25,-0.0027968327354149784
2016-07-26,0.002301438752378992
2016-07-27,0.004628302408511778
2016-07-28,-0.0005493287105355468
2016-07-29,0.006074883226862294
2016-08-01,-0.002304093001517471
2016-08-02,-0.001971493853980525
2016-08-03,-0.00022732914632844542
2016-08-04,0.0022573550626168873
2016-08-05,-0.00112630561035746
2016-08-08,0.0008620476089300252
2016-08-09,0.0039032461892960077
2016-08-10,0.001054064369452397
2016-08-11,0.0014558526094806627
2016-08-12,-0.000808975726845063
2016-08-15,0.002637062573964448
2016-08-16,-0.0013470276700673152
2016-08-17,0.0006522004972339666
2016-08-18,0.003253139307997906
2016-08-19,-0.004257575553273809
2016-08-22,-0.00041628280953340344
2016-08-23,0.0015865410370285863
2016-08-24,-0.004553931601587577
2016-08-25,-0.0010246978505698717
2016-08-26,-0.0033086262686070783
2016-08-29,0.004076504564715964
2016-08-30,-0.0030980518750156148
2016-08-31,-0.002477328033329899
2016-09-01,0.00313337498818447
2016-09-02,0.005888370995492758
2016-09-06,0.007434291314507458
2016-09-07,0.00014608903047920154
2016-09-08,-0.003850830028698182
2016-09-09,-0.014898133421347427
2016-09-12,0.005703455024016132
2016-09-13,-0.0120167070168162
2016-09-14,0.001092963712287535
2016-09-15,0.004357901585870834
2016-09-16,-0.004335383172003653
2016-09-19,0.0021588168724312852
2016-09-20,0.0014942176854683992
2016-09-21,0.011387732216312266
2016-09-22,0.005118299929478349
2016-09-23,-0.003994380075009562
2016-09-26,-0.004259463220707539
2016-09-27,0.00211189441637234
2016-09-28,0.0029900914942913425
2016-09-29,-0.005760222128508926
2016-09-30,0.0025037647355953645
2016-10-03,-0.0015629243051631363
2016-10-04,-0.010016848356102214
2016-10-05,0.0021216057431919545
2016-10-06,-0.00304745706730345
2016-10-07,-0.001852053933271242
2016-10-10,0.0027321454517011605
2016-10-11,-0.008842481857437485
2016-10-12,0.0008008823487723646
2016-10-13,-0.0014665919357659258
2016-10-14,-0.0013051339325994113
2016-10-17,-0.00010079114557264739
2016-10-18,0.00606769665062265
2016-10-19,0.0031863347910856894
2016-10-20,-0.0011445997070060302
2016-10-21,-0.00035758181781939043
2016-10-24,0.0006332656341730617
2016-10-25,0.00019930518703238837
2016-10-26,-0.0039023241687634914
2016-10-27,-0.00149899607642549
2016-10-28,-0.0005707046199554932
2016-10-31,0.0014419481157162276
2016-11-01,-0.0017255252534936604
2016-11-02,-0.0018239797892415411
2016-11-03,-0.0005426895791747837
2016-11-04,-0.0017802581696765441
2016-11-07,0.005892924910607801
2016-11-08,0.0005548619657130539
2016-11-09,-0.0016394888563099736
2016-11-10,-0.0053038590910971534
2016-11-11,-0.007252488211086952
2016-11-14,-0.0035576699978758742
2016-11-15,0.006387718029114453
2016-11-16,-0.002644752133338761
2016-11-17,0.0004085201418001094
2016-11-18,-0.004948515141376253
2016-11-21,0.005116825336177501
2016-11-22,0.0017806151981821475
2016-11-23,-0.005112952456916322
2016-11-25,0.0009288092679865556
2016-11-28,0.00035845516052585404
2016-11-29,0.0006934702263466095
2016-11-30,-0.004255623490186108
2016-12-01,-0.0035706049344608583
2016-12-02,0.002904289518280644
2016-12-05,0.0031085342809659394
2016-12-06,0.0025183578375696986
2016-12-07,0.008349040507725553
2016-12-08,0.0002572717929981911
2016-12-09,-0.000903198831330205
2016-12-12,-0.001464081022972125
2016-12-13,0.003912430538352359
2016-12-14,-0.01088614660608511
2016-12-15,-0.0020648135253075093
2016-12-16,0.0007140815030183763
2016-12-19,0.0020563119484920686
2016-12-20,0.0006840248720463928
2016-12-21,-0.0004465999805963305
2016-12-22,-0.002431623530789501
2016-12-23,0.0016585806053962266
2016-12-27,0.001688761128705361
2016-12-28,-0.0016114867497867848
2016-12-29,0.004340851152467502
2016-12-30,-0.0014216487890418136
2017-01-03,0.005450053496435852
2017-01-04,0.00564259942084394
2017-01-05,0.006396942822852641
2017-01-06,-0.0027316273425414817
2017-01-09,0.0011003371562427811
2017-01-10,0.0011505840994038385
2017-01-11,0.003576724123069637
2017-01-12,0.00011721989370922517
2017-01-13,0.0015829670282891764
2017-01-17,0.002293371445957483
2017-01-18,-0.00385032264406782
2017-01-19,-0.0021087582703295765
2017-01-20,0.0026617275741001854
2017-01-23,0.0021630891133722313
2017-01-24,0.0019423730999475319
2017-01-25,0.0019229179667141173
2017-01-26,-0.002896029819906405
2017-01-27,-3.8656308589385874e-05
2017-01-30,-0.002606921110180664
2017-01-31,0.004348321939741796
2017-02-01,-0.0005086886687319232
2017-02-02,0.001966562059149454
2017-02-03,0.003525043613123892
2017-02-06,0.0016506478164429073
2017-02-07,-0.00043563190875795557
2017-02-08,0.0030603355830599605
2017-02-09,9.530556796234508e-05
2017-02-10,0.002736310721878982
2017-02-13,0.0007440188827195257
2017-02-14,0.00038848702357006384
2017-02-15,0.0031931580741286973
2017-02-16,0.0017170295635150715
2017-02-17,-0.0002801644004471632
2017-02-21,0.0027594743470791628
2017-02-22,0.00024645757599725147
2017-02-23,0.0024527940417205032
2017-02-24,0.0008274191446153269
2017-02-27,-0.001475247589049825
2017-02-28,-0.0017927662813766185
2017-03-01,0.0046650456221579845
2017-03-02,-0.006810242702936261
2017-03-03,0.001755821211231465
2017-03-06,-0.0030750662286470366
2017-03-07,-0.0036550076476237247
2017-03-08,-0.003782721696301587
2017-03-09,-0.0015945997279627514
2017-03-10,0.003958521107341932
2017-03-13,0.0013247725765224466
2017-03-14,-0.003916795201349135
2017-03-15,0.011937466664946618
2017-03-16,0.0015343039450262603
2017-03-17,0.0010844334101888587
2017-03-20,0.0009491777047546859
2017-03-21,-0.002722987390015171
2017-03-22,0.0018197726120783725
2017-03-23,-0.00032792203740565867
2017-03-24,0.0010537493862372198
2017-03-27,0.002078845993616797
2017-03-28,0.0012693020486059339
2017-03-29,0.0018972015336029538
2017-03-30,-0.0020777529013666814
2017-03-31,-0.0006672508148628741
2017-04-03,0.001601560038054947
2017-04-04,0.00044518211262472776
2017-04-05,-0.0018944889048485845
2017-04-06,0.00018512065232530845
2017-04-07,-0.000734035438552114
2017-04-10,0.00033675027587732036
2017-04-11,0.0044952351938571085
2017-04-12,0.0010663616563662474
2017-04-13,-0.001937410837271624
2017-04-17,0.003440109173557685
2017-04-18,-0.00039098915728241713
2017-04-19,-0.0036684681786614093
2017-04-20,0.004211228674981792
2017-04-21,-6.350503357787751e-05
2017-04-24,0.00602078875267498
2017-04-25,0.0003047731757188652
2017-04-26,0.000656536724789479
2017-04-27,-0.00035576526206065905
2017-04-28,4.5570355327005435e-05
2017-05-01,-0.001142217463880027
2017-05-02,0.002206559119480882
2017-05-03,-0.004662284017739367
2017-05-04,-0.0011103456775590382
2017-05-05,0.004257024818157435
2017-05-08,-0.0027030168732387772
2017-05-09,-0.0011689864115293981
2017-05-10,0.0009649264702358725
2017-05-11,6.893503313428395e-05
2017-05-12,0.0018638421508691667
2017-05-15,0.0035809641385314223
2017-05-16,0.0020554500751541866
2017-05-17,-0.0025535415922836894
2017-05-18,-0.0018340264526884927
2017-05-19,0.0063809532867318275
2017-05-22,0.0024306405237407343
2017-05-23,-0.001639758906942097
2017-05-24,0.002579332832816067
2017-05-25,0.0010994426139259695
2017-05-26,0.0014437670269379934
2017-05-30,-0.0009348918935237424
2017-05-31,0.000768764727986816
2017-06-01,0.0041997365655273185
2017-06-02,0.005451684800826396
2017-06-05,-0.0014269028778523412
2017-06-06,0.001563297476335948
2017-06-07,-0.0014269885474360133
2017-06-08,-0.0014401420459094053
2017-06-09,-0.0031304534092750193
2017-06-12,-0.0012831908245145346
2017-06-13,0.003587562965677348
2017-06-14,-0.0007573866683718792
2017-06-15,-0.004350973987503558
2017-06-16,0.0022865277113685257
2017-06-19,0.001225407453595951
2017-06-20,-0.004342536997140815
2017-06-21,0.00057650963865934
2017-06-22,0.0012836336088460367
2017-06-23,0.002031860706813078
2017-06-26,-0.00033484141794961014
2017-06-27,-0.0027612882506805898
2017-06-28,0.004652005845741047
2017-06-29,-0.0063367747445344826
2017-06-30,0.00023415144287613818
2017-07-03,-0.0022695500141342926
2017-07-05,0.0009119784759708961
2017-07-06,-0.0047329808126519955
2017-07-07,-6.387786423500859e-05
2017-07-10,0.0015350661833552141
2017-07-11,0.001263243878232759
2017-07-12,0.005754706724395463
2017-07-13,0.0009494522854668844
2017-07-14,0.004839707472857518
2017-07-17,0.0007026443753392841
2017-07-18,0.0026710709579868927
2017-07-19,0.002662721915018887
2017-07-20,0.0013742151140454793
2017-07-21,0.0009806252313157866
2017-07-24,-0.00017760705217194475
2017-07-25,-0.0007279890932389278
2017-07-26,0.0035863733506824387
2017-07-27,-0.001634261575886936
2017-07-28,0.001809149657769207
2017-07-31,0.00025790100813089623
2017-08-01,0.003100257043052744
2017-08-02,-0.0007710111854526471
2017-08-03,4.511772895322581e-05
2017-08-04,-0.001094449479504697
2017-08-07,0.0009339478550865981
2017-08-08,-0.0015757461247736452
2017-08-09,0.0015374464495179114
2017-08-10,-0.005689904887268131
2017-08-11,0.0015775515473347847
2017-08-14,0.002884780197965424
2017-08-15,-0.002670675332465519
2017-08-16,0.004166242528019725
2017-08-17,-0.005192433174753923
2017-08-18,-5.7519475347373215e-05
2017-08-21,0.001533104129697329
2017-08-22,0.0025548367888120075
2017-08-23,0.0012453167586293388
2017-08-24,-0.0017913284890464913
2017-08-25,0.0033019142538276173
2017-08-28,0.0033598065493813186
2017-08-29,-0.000759006169771446
2017-08-30,0.0008767743773943763
2017-08-31,0.006202114285425837
2017-09-01,0.0012697207392315746
2017-09-05,-0.00019917963445057873
2017-09-06,0.0006126714825684115
2017-09-07,0.004904006003551795
2017-09-08,-0.0009519025681000427
2017-09-11,0.0007702639347984507
2017-09-12,0.0015216430798091107
2017-09-13,-0.0030691909020564793
2017-09-14,0.0015330422672114998
2017-09-15,-0.00010401723387926787
2017-09-18,-0.0008665985448560885
2017-09-19,0.0011314700535397788
2017-09-20,-0.0018637856962698232
2017-09-21,-0.0028314159910956377
2017-09-22,0.0016938080282858261
2017-09-25,0.0004821671582043206
2017-09-26,-0.00298760561659081
2017-09-27,-0.0016935053352571882
2017-09-28,0.001232656648723024
2017-09-29,0.0015611732850794907
2017-10-02,-0.00020104040576748394
2017-10-03,0.0021973165673876464
2017-10-04,0.0007048279281999702
2017-10-05,1.971769052860515e-05
2017-10-06,0.00016003100372996145
2017-10-09,0.001236791455705529
2017-10-10,0.0035217131023037285
2017-10-11,0.0019509404222587718
2017-10-12,0.00018450389808505463
2017-10-13,0.0037338173559661385
2017-10-16,-0.0015866768289583483
2017-10-17,-0.0017987720085497854
2017-10-18,-0.0006117198983515673
2017-10-19,0.0006570279262874126
2017-10-20,-0.0008056334037677722
2017-10-23,-0.0013620352071902304
2017-10-24,-0.000334342250194722
2017-10-25,-0.0023421618448763444
2017-10-26,-0.002098494387145449
2017-10-27,0.004678906235821082
2017-10-30,0.000219465743861846
2017-10-31,0.0006647274276452744
2017-11-01,0.0018331872520975872
2017-11-02,0.0011788507753187631
2017-11-03,-0.00046905245394425417
2017-11-06,0.0032858501097424338
2017-11-07,-0.0019036274862003382
2017-11-08,0.0017090854357405467
2017-11-09,-0.0020153904990710186
2017-11-10,-0.003387764828914187
2017-11-13,-0.0005232813170351287
2017-11-14,-3.7130091524796875e-05
2017-11-15,-0.002336366744646234
2017-11-16,0.004578218096115644
2017-11-17,0.0018853807418072093
2017-11-20,-0.0016880522965831812
2017-11-21,0.004477659932622108
2017-11-22,0.003077474411509333
2017-11-24,0.0012445068842126365
2017-11-27,-0.0013620700464957235
2017-11-28,0.003855474417397235
2017-11-29,-0.00351279345182306
2017-11-30,-0.00013848861601310747
2017-12-01,0.0004106363631701804
2017-12-04,-0.001652651460893011
2017-12-05,-0.002513619028780329
2017-12-06,-0.0016476229823924164
2017-12-07,-0.0014178756950778396
2017-12-08,0.002929154766488168
2017-12-11,0.0003042215791484697
2017-12-12,0.0003666167891590913
2017-12-13,0.0037684643735540757
2017-12-14,-0.0026578623957801547
2017-12-15,0.0027070708665043533
2017-12-18,0.005167825884516288
2017-12-19,-0.0025749643037018457
2017-12-20,-0.00028051002805681174
2017-12-21,0.0020939711341417793
2017-12-22,0.0019016735343856139
2017-12-26,0.0015465236871478054
2017-12-27,0.0021897002620844277
2017-12-28,0.0021649387734611982
2017-12-29,0.0010527312455514421
2018-01-02,0.006097387283473588
2018-01-03,0.002891354029134546
2018-01-04,0.003826416277954663
2018-01-05,0.002334796543307382
2018-01-08,0.0005940752577086733
2018-01-09,-0.0011377795019283554
2018-01-10,-0.0008117692260727538
2018-01-11,0.004347938169590371
2018-01-12,0.0062742431748781646
2018-01-16,-0.0007108182450318041
2018-01-17,0.0022088052493051914
2018-01-18,-0.0018409516661046874
2018-01-19,0.002779471747880665
2018-01-22,0.0037019763823627075
2018-01-23,0.0032907384099591106
2018-01-24,0.002938767971640118
2018-01-25,-0.0013506424268791442
2018-01-26,0.004763456447623477
2018-01-29,-0.005878572709167489
2018-01-30,-0.006481290704834131
2018-01-31,0.0019343860726837394
2018-02-01,-0.0004974277497979746
2018-02-02,-0.014704036050074277
2018-02-05,-0.017724801280258468
2018-02-06,0.006468331780780297
2018-02-07,-0.00758751347195457
2018-02-08,-0.015662967475025998
2018-02-09,0.004339306007127827
2018-02-12,0.007995050898567762
2018-02-13,0.002141250329927759
2018-02-14,0.010550563764953813
2018-02-15,0.006058645006727914
2018-02-16,0.000371920974550297
2018-02-20,-0.006861846172527492
2018-02-21,-0.004023114157779526
2018-02-22,0.002346646821268564
2018-02-23,0.007256149789814132
2018-02-26,0.00531542111560996
2018-02-27,-0.010064298421130366
2018-02-28,-0.005635021598318277
2018-03-01,-0.005799407410321333
2018-03-02,0.0030417075069607237
2018-03-05,0.0033864749770290237
2018-03-06,0.005133354106628961
2018-03-07,-0.0016346182729325412
2018-03-08,0.0015043234931710046
2018-03-09,0.006383810280437557
2018-03-12,0.0006155232543526578
2018-03-13,-0.0029825173433111365
2018-03-14,-0.00018248316282707473
2018-03-15,-0.001911903532412203
2018-03-16,-0.0007611185130359525
2018-03-19,-0.0051532060320007966
2018-03-20,-0.00025205350911622484
2018-03-21,0.003993751709572832
2018-03-22,-0.012002157697594332
2018-03-23,-0.005515520892976048
2018-03-26,0.012478681984675746
2018-03-27,-0.0071639155290672205
2018-03-28,-0.0028856079795290643
2018-03-29,0.00709382418725073
2018-04-02,-0.007300962362197733
2018-04-03,0.0033928799509789337
2018-04-04,0.0037404898613307416
2018-04-05,0.0017663551884958698
2018-04-06,-0.00632076153094189
2018-04-09,0.003664851680567961
2018-04-10,0.0071968945368056855
2018-04-11,-0.0002280440179675406
2018-04-12,-7.318311862163215e-05
2018-04-13,0.0001999348841093912
2018-04-16,0.002961473722727424
2018-04-17,0.004212273727057106
2018-04-18,0.0009986827806486103
2018-04-19,-0.00397723132807061
2018-04-20,-0.005563998288633878
2018-04-23,-0.002511319802506583
2018-04-24,-0.003758493727113892
2018-04-25,-0.0020376973262406887
2018-04-26,0.004292985413711307
2018-04-27,0.0020552921268020253
2018-04-30,-0.00426797334365995
2018-05-01,-0.0022832165518988645
2018-05-02,-0.002031286571466129
2018-05-03,0.0009671524435496137
2018-05-04,0.004869692165737043
2018-05-07,0.0006808767313750015
2018-05-08,1.569332485750128e-05
2018-05-09,0.00237536088416539
2018-05-10,0.006609365451798109
2018-05-11,0.0010633271716354096
2018-05-14,-0.000544638088408348
2018-05-15,-0.008781624727185616
2018-05-16,0.002063413022252
2018-05-17,-0.0005484816463789958
2018-05-18,-0.0009625709827042184
2018-05-21,0.003513910240232091
2018-05-22,-0.0008695101591475439
2018-05-23,-0.00027540639438305276
2018-05-24,0.0008153464553981775
2018-05-25,-0.0014816301901230317
2018-05-29,-0.005682624265264535
2018-05-30,0.005829415614513541
2018-05-31,-0.003283639657941483
2018-06-01,0.0042617601141593554
2018-06-04,0.001642146321011108
2018-06-05,0.0008223530298372763
2018-06-06,0.003932366436976061
2018-06-07,-0.001398681514530478
2018-06-08,0.0009434543304174918
2018-06-11,0.0015399924828019235
2018-06-12,-0.0012142192544433617
2018-06-13,-0.0010760234879257154
2018-06-14,0.0011863256774186691
2018-06-15,-0.005033985433292493
2018-06-18,-0.0025813882410965134
2018-06-19,-0.0034585078300124294
2018-06-20,-0.00026121707801602816
2018-06-21,-0.004169900663733151
2018-06-22,0.0037867339153288293
2018-06-25,-0.008158505657027262
2018-06-26,0.00021752969304339277
2018-06-27,-0.005583509738782369
2018-06-28,0.0019689509225186675
2018-06-29,0.003001427288015876
2018-07-02,-0.0038182510183914493
2018-07-03,0.002479610518995537
2018-07-05,0.004894173047158405
2018-07-06,0.003607986896337437
2018-07-09,0.005238564133417875
2018-07-10,0.0001674268290445215
2018-07-11,-0.007902917632248254
2018-07-12,0.005201535238776243
2018-07-13,0.00024138911625327096
2018-07-16,-0.0012294849026032028
2018-07-17,-0.0004423606521434904
2018-07-18,0.0004838035961696779
2018-07-19,-0.002183112273857632
2018-07-20,0.0018842308798419783
2018-07-23,-0.0019962167572098195
2018-07-24,0.0028929524685397
2018-07-25,0.005915507364095115
2018-07-26,-0.0033100414771869897
2018-07-27,-0.001442061984681242
2018-07-30,-0.002554350678261981
2018-07-31,0.0026673568767873208
2018-08-01,-0.0031338373593593123
2018-08-02,-0.0013667111642068344
2018-08-03,0.0030871798872555293
2018-08-06,-0.0007877907979611953
2018-08-07,0.0022829865666340148
2018-08-08,0.00012166102968314598
2018-08-09,-0.0007321382585456816
2018-08-10,-0.005770609887990241
2018-08-13,-0.005549499670232869
2018-08-14,0.0023784131458930748
2018-08-15,-0.009062762361493098
2018-08-16,0.0036148997919051625
2018-08-17,0.0045922420483609705
2018-08-20,0.0032911767381331386
2018-08-21,0.0028256974733569286
2018-08-22,0.001955471015771019
2018-08-23,-0.00443670387038364
2018-08-24,0.007188511517039525
2018-08-27,0.005665821908266359
2018-08-28,-0.0023754479768725244
2018-08-29,0.003265369710418851
2018-08-30,-0.005010587192794208
2018-08-31,-0.0007560374092440691
2018-09-04,-0.004759534443552118
2018-09-05,-0.0026093055058169076
2018-09-06,-0.0003861728118549147
2018-09-07,-0.0037066174534876022
2018-09-10,0.0011617349066017086
2018-09-11,0.000594272495432829
2018-09-12,0.0029448721153146414
2018-09-13,0.002758295341517128
2018-09-14,-0.0012233879097314597
2018-09-17,-0.0010575913280510504
2018-09-18,0.0029005617977011225
2018-09-19,0.0016044329665036367
2018-09-20,0.005835730771288708
2018-09-21,-0.0012082253728445944
2018-09-24,-0.002734403471739242
2018-09-25,0.0010081358790446286
2018-09-26,-0.0010735936115693775
2018-09-27,-0.0011357736579110352
2018-09-28,-0.0005274121576510851
2018-10-01,0.00039076399850989524
2018-10-02,0.0005620517958751049
2018-10-03,-0.0025825746564720037
2018-10-04,-0.006292303118216089
2018-10-05,-0.002876876870782828
2018-10-08,-0.0033709827379651497
2018-10-09,-0.0005864528995574345
2018-10-10,-0.013483769368544778
2018-10-11,-0.0022151507177473368
2018-10-12,0.004284787557370613
2018-10-15,-0.0005940964548580927
2018-10-16,0.009535819791111805
2018-10-17,-0.002526950696100874
2018-10-18,-0.00769912164704393
2018-10-19,0.0006946014716230691
2018-10-22,-0.002022434303968676
2018-10-23,-0.0018854829397790106
2018-10-24,-0.013130514130154829
2018-10-25,0.00677590566025886
2018-10-26,-0.004750242793009715
2018-10-29,-0.0042455823732284745
2018-10-30,0.005634794984601956
2018-10-31,0.0025826601486049054
2018-11-01,0.01037514349181791
2018-11-02,-0.0018331987410992105
2018-11-05,0.0010634769460708248
2018-11-06,0.0017431163221005579
2018-11-07,0.008414071280501543
2018-11-08,-0.004588280828149384
2018-11-09,-0.0060561471816700085
2018-11-12,-0.009517581426458744
2018-11-13,0.0007627144860585017
2018-11-14,0.0006479790536369071
2018-11-15,0.004682734157589271
2018-11-16,0.0031641167429426404
2018-11-19,-0.006425231005271183
2018-11-20,-0.008954311489112547
2018-11-21,0.005305213256422612
2018-11-23,-0.0032506976581754433
2018-11-26,0.006536342901683588
2018-11-27,-0.0010196882952935944
2018-11-28,0.010201824074018193
2018-11-29,-0.0006913593103388456
2018-11-30,0.0006991879552166107
2018-12-03,0.008606889485846939
2018-12-04,-0.011995619217792944
2018-12-06,-0.0017995547907864963
2018-12-07,-0.006226011369481057
2018-12-10,-0.001902274073088686
2018-12-11,0.0004141100105242082
2018-12-12,0.005045358367632501
2018-12-13,-0.001146895436519539
2018-12-14,-0.007820011171282757
2018-12-17,-0.005099589481459808
2018-12-18,0.0014359518661422874
2018-12-19,-0.006762660606982454
2018-12-20,-0.0013466293451173826
2018-12-21,-0.00920835470803469
2018-12-24,-0.005445346215658169
2018-12-26,0.014575978990697323
2018-12-27,0.00475839033571951
2018-12-28,0.002513599643367904
2018-12-31,0.003562280012020972
2019-01-02,0.0005587040051894355
2019-01-03,-0.005141064708224464
2019-01-04,0.01335117688756805
2019-01-07,0.0035044216166157157
2019-01-08,0.003224821703987188
2019-01-09,0.006320044602790163
2019-01-10,0.000425444436808256
2019-01-11,-0.0005024648539593557
2019-01-14,-0.0028992850049234633
2019-01-15,0.004107953270150771
2019-01-16,0.0026544959227048207
2019-01-17,0.002284683099434601
2019-01-18,0.003814401204285144
2019-01-22,-0.006372619769908166
2019-01-23,0.0014567618498044395
2019-01-24,0.0017320343347608535
2019-01-25,0.007959026766420617
2019-01-28,-0.0028112553783445106
2019-01-29,0.002115237829541715
2019-01-30,0.008558409059507196
2019-01-31,0.004119283566977775
2019-02-01,-0.0012720357303844772
2019-02-04,0.001730523410638989
2019-02-05,0.004527905049081073
2019-02-06,-0.0034977320821231897
2019-02-07,-0.004769945932608138
2019-02-08,0.00043817331034736644
2019-02-11,-0.0011665159345904202
2019-02-12,0.006502097751189116
2019-02-13,-0.0008249860827794046
2019-02-14,0.0013597162572252842
2019-02-15,0.006820462547585159
2019-02-19,0.004811105949288689
2019-02-20,0.0014584589284815336
2019-02-21,-0.004510947015601535
2019-02-22,0.004536410504212426
2019-02-25,0.0011233068675766604
2019-02-26,0.0011252850387697593
2019-02-27,-0.0028478207819240104
2019-02-28,-0.0032053791164676935
2019-03-01,-0.0012380865040389213
2019-03-04,-0.001765957741567403
2019-03-05,0.000821915805840142
2019-03-06,-0.002731267537673195
2019-03-07,-0.00495229026372507
2019-03-08,0.0012503382725809163
2019-03-11,0.005722769865238066
2019-03-12,0.0030995347286298636
2019-03-13,0.004466858045620761
2019-03-14,-0.0031260276713497865
2019-03-15,0.005416069840709333
2019-03-18,0.002470310379347632
2019-03-19,0.0006760081769549548
2019-03-20,0.0013204334053713903
2019-03-21,0.0025121207334178504
2019-03-22,-0.009035829000849751
2019-03-25,0.0020016998716929943
2019-03-26,0.002451759533996066
2019-03-27,-0.0024015217571744345
2019-03-28,-0.0012044799100407006
2019-03-29,0.0028506409708130855
2019-04-01,0.004791880161810119
2019-04-02,0.0008227192444327928
2019-04-03,0.0016080523697779218
2019-04-04,0.0013503216600687941
2019-04-05,0.002175140856250371
2019-04-08,0.000921149957472669
2019-04-09,-0.0011233100511834548
2019-04-10,0.003175521325799524
2019-04-11,-0.004070716383425967
2019-04-12,0.0026618973154697717
2019-04-15,-0.0008362650901114902
2019-04-16,-0.001288149172803281
2019-04-17,-0.0009385165775726047
2019-04-18,0.0008733839216551293
2019-04-22,-0.0007338159346408017
2019-04-23,0.0032280143821915163
2019-04-24,-0.0014513235486566444
2019-04-25,-0.0005001703039821183
2019-04-26,0.004575689831824133
2019-04-29,-0.0005492460515091319
2019-04-30,0.0012446819085559333
2019-05-01,-0.004793204825331583
2019-05-02,-0.0020129694648801703
2019-05-03,0.006920465869953122
2019-05-06,-0.0030748082866709023
2019-05-07,-0.0074495969096023485
2019-05-08,-0.0010447261012449598
2019-05-09,-0.002010658997714162
2019-05-10,0.0030501756505544875
2019-05-13,-0.00979634316159677
2019-05-14,0.004624372427281058
2019-05-15,0.0026484249543543585
2019-05-16,0.0016147424534061325
2019-05-17,-0.0053265237415023505
2019-05-20,-0.0031315865439829928
2019-05-21,0.003728824922781416
2019-05-22,-0.0015483431751866276
2019-05-23,-0.003065450200016022
2019-05-24,0.0027591772017111606
2019-05-28,-0.004010602648502772
2019-05-29,-0.0025197850198624694
2019-05-30,0.003791502376939741
2019-05-31,-0.0006876936335361101
2019-06-03,0.004923736194753175
2019-06-04,0.007293941183440128
2019-06-05,0.0021410665589108625
2019-06-06,0.0028644963221054233
2019-06-07,0.0068242374278056185
2019-06-10,-0.00038918818364706853
2019-06-11,0.0009454399435643715
2019-06-12,-0.0008448507512166222
2019-06-13,0.0029914439166853356
2019-06-14,-0.002288790731343991
2019-06-17,0.0003769786643794235
2019-06-18,0.008108115554899127
2019-06-19,0.004651814705931481
2019-06-20,0.01051375706285431
2019-06-21,-0.0006882294165122628
2019-06-24,0.002908172006733254
2019-06-25,-0.003673572308481853
2019-06-26,-0.0024418726992804125
2019-06-27,0.0030392075600356996
2019-06-28,0.0031898718229961343
2019-07-01,-0.00031005966129844385
2019-07-02,0.005772745278857431
2019-07-03,0.0039050778102116173
2019-07-05,-0.005470844189244412
2019-07-08,-0.004056438819582181
2019-07-09,-0.00031263721452101293
2019-07-10,0.0056539019146842956
2019-07-11,-0.002248376967640457
2019-07-12,0.003015606970139507
2019-07-15,0.0006244025546392668
2019-07-16,-0.0037211780944280074
2019-07-17,0.0020711578378103043
2019-07-18,0.005340463888055907
2019-07-19,-0.005422855465474042
2019-07-22,0.0009616286954028494
2019-07-23,0.0015541746401285554
2019-07-24,0.002991808100221914
2019-07-25,-0.0052993482724957176
2019-07-26,0.002736365084625417
2019-07-29,0.0009412493992051784
2019-07-30,-0.0021852793670078677
2019-07-31,-0.006744404070662235
2019-08-01,0.0029137208476365277
2019-08-02,-0.004715719807761769
2019-08-05,-0.009645820763268538
2019-08-06,0.007640496003112329
2019-08-07,0.0045410975157498855
2019-08-08,0.008622205313036167
2019-08-09,-0.004758566166670917
2019-08-12,-0.001702274536083303
2019-08-13,0.0041431914832549075
2019-08-14,-0.01117799021787264
2019-08-15,0.0043847096779468155
2019-08-16,0.004655071927114519
2019-08-19,0.0004988144423088206
2019-08-20,0.00014821426991882712
2019-08-21,0.0030324787669861793
2019-08-22,-0.002328558794249524
2019-08-23,-0.004010929787006066
2019-08-26,0.004208507975772016
2019-08-27,0.0017336853681156538
2019-08-28,0.001691185146640073
2019-08-29,0.0034579777672721535
2019-08-30,0.0004017740077955512
2019-09-03,0.0008541268811326213
2019-09-04,0.00789610192420098
2019-09-05,-0.0016835196459059733
2019-09-06,-0.0007517021100956209
2019-09-09,-0.0014793193159164679
2019-09-10,-0.0029702513998954875
2019-09-11,0.004650347519044991
2019-09-12,0.0019217308792269588
2019-09-13,-0.0023481445666993003
2019-09-16,0.0002954161988894712
2019-09-17,0.0022704924803094834
2019-09-18,-0.0016194080806069034
2019-09-19,0.001599092793401019
2019-09-20,0.001959422083950273
2019-09-23,0.0012957457349198947
2019-09-24,-0.001129162173664301
2019-09-25,-0.0043377516521380475
2019-09-26,0.0005167225734729005
2019-09-27,-0.0038279067712875515
2019-09-30,-0.0012115625520358604
2019-10-01,-0.0038042950977748187
2019-10-02,-0.005322583955606833
2019-10-03,0.00578414458491605
2019-10-04,0.005653475275314169
2019-10-07,-0.004292745535156512
2019-10-08,-0.004437654879898332
2019-10-09,0.0040824641210435685
2019-10-10,0.000748457711754396
2019-10-11,0.004568623825060618
2019-10-14,-2.4245850141498237e-05
2019-10-15,0.0030196023519341456
2019-10-16,0.0011861920701145869
2019-10-17,0.0018038775268842452
2019-10-18,-0.0015240651368967004
2019-10-21,0.0016878899154159905
2019-10-22,-6.462631271648365e-05
2019-10-23,0.0021047425019428156
2019-10-24,0.0025275510482972575
2019-10-25,0.0017518047935505773
2019-10-28,0.00031056094763648814
2019-10-29,-0.000898173321204279
2019-10-30,0.003490810116885773
2019-10-31,0.0017808554012029333
2019-11-01,0.005034805532823259
2019-11-04,0.0011095295041097593
2019-11-05,-0.004110159830706265
2019-11-06,0.001200478441088925
2019-11-07,-0.002655248258535033
2019-11-08,-0.0013867043900308478
2019-11-11,-0.0016246553568148663
2019-11-12,0.0008898360187450467
2019-11-13,0.0004060740521696695
2019-11-14,0.001604394530644251
2019-11-15,0.003177499997561794
2019-11-18,0.0011200686394964889
2019-11-19,0.000572805990633443
2019-11-20,-0.0015771868469570418
2019-11-21,-0.0023717638691714902
2019-11-22,0.0008287569692691
2019-11-25,0.0037167486325203223
2019-11-26,0.001860924325515274
2019-11-27,0.0004469934729951563
2019-11-29,-0.0022371154097286803
2019-12-02,-0.004347601135603984
2019-12-03,0.0008872609397723645
2019-12-04,0.0029952050683020536
2019-12-05,0.0002670260277872526
2019-12-06,0.002013900358815336
2019-12-09,-0.0018484118440136724
2019-12-10,0.0002572229970266437
2019-12-11,0.004586324540800171
2019-12-12,0.0025367681897220887
2019-12-13,0.0031844230020473645
2019-12-16,0.003707649286402214
2019-12-17,-0.00013600764352532797
2019-12-18,-0.00025488959562603396
2019-12-19,0.001976091201487075
2019-12-20,0.0017717131807922035
2019-12-23,0.0010513030308486313
2019-12-24,0.0019184117592798034
2019-12-26,0.004296542791524556
2019-12-27,0.0008110383192508316
2019-12-30,-0.0028338553920462866
2019-12-31,0.0016295772163155402
2020-01-02,0.007226729596236629
2020-01-03,-0.0009645715954889921
2020-01-06,0.003256770935316944
2020-01-07,-0.0005907841491814447
2020-01-08,-0.00011937482267433057
2020-01-09,0.0017911162074497294
2020-01-10,0.0005216340789258338
2020-01-13,0.0019177843556885048
2020-01-14,6.547910765772731e-05
2020-01-15,0.0016688148579012204
2020-01-16,0.003099977903949259
2020-01-17,0.0017424684605732784
2020-01-21,-0.002341518985982091
2020-01-22,0.0011521015978364073
2020-01-23,0.00038799471332118945
2020-01-24,-0.0021395040164975464
2020-01-27,-0.00687885852599779
2020-01-28,0.0022079715165108124
2020-01-29,0.001745379458104445
2020-01-30,-0.0002708750931898087
2020-01-31,-0.006574072322190648
2020-02-03,0.001460289504409925
2020-02-04,0.004512418518456811
2020-02-05,0.004397329135301665
2020-02-06,0.0026689952299737254
2020-02-07,-0.002401179876688509
2020-02-10,0.0034858422389711535
2020-02-11,0.0014264404498760728
2020-02-12,0.002600512436320466
2020-02-13,-0.0005992793311563859
2020-02-14,0.0014730166551523193
2020-02-18,0.0008314266575518453
2020-02-19,0.0038707833274994863
2020-02-20,-0.001285409735058553
2020-02-21,-4.499401960721518e-05
2020-02-24,-0.014123984206913662
2020-02-25,-0.0148630070201544
2020-02-26,0.00012110621083590923
2020-02-27,-0.01697145661239197
2020-02-28,-0.00830811774824243
2020-03-02,0.014052005043624097
2020-03-03,-0.000334355847338901
2020-03-04,0.015883297960956267
2020-03-05,-0.007899092171336514
2020-03-06,-0.005664019879770003
2020-03-09,-0.036650409522745425
2020-03-10,0.010482644692463777
2020-03-11,-0.029422873256709385
2020-03-12,-0.07211650908783399
2020-03-13,0.04087222038723667
2020-03-16,-0.04977593294488354
2020-03-17,0.01784925419094895
2020-03-18,-0.03935379065089992
2020-03-19,-0.0006822796451933907
2020-03-20,-0.001111773096601502
2020-03-23,0.008628189525539284
2020-03-24,0.04780124452699482
2020-03-25,0.01099210832996142
2020-03-26,0.026002924445965955
2020-03-27,-0.014178995081028585
2020-03-30,0.012455192790595686
2020-03-31,-0.014427494638717247
2020-04-01,-0.01505767373812101
2020-04-02,0.015320731486828831
2020-04-03,-0.00825411466372395
2020-04-06,0.03699582256526948
2020-04-07,0.0007146115449555375
2020-04-08,0.010791467567827055
2020-04-09,0.017473887524073653
2020-04-13,-0.0021567323295674226
2020-04-14,0.014116803358255211
2020-04-15,-0.013031011620046395
2020-04-16,0.0014031352454419678
2020-04-17,0.009465330602497437
2020-04-20,-0.006746662005082593
2020-04-21,-0.015117385597719217
2020-04-22,0.014696140864838076
2020-04-23,0.001998662334225401
2020-04-24,0.00481080614377844
2020-04-27,0.0061029100830994375
2020-04-28,0.000558398925266436
2020-04-29,0.015744769705437475
2020-04-30,-0.012211155890940247
2020-05-01,-0.012808783410151672
2020-05-04,0.002531121005431103
2020-05-05,0.004199513152707087
2020-05-06,-0.006781684793923776
2020-05-07,0.010720913777173545
2020-05-08,0.007384610612589056
2020-05-11,-0.002385336649404202
2020-05-12,-0.0071215215561702214
2020-05-13,-0.005000347894071738
2020-05-14,0.004448850118505779
2020-05-15,0.002224095248128456
2020-05-18,0.016425280932143876
2020-05-19,-0.003414067799818699
2020-05-20,0.010599065798248514
2020-05-21,-0.007138528277537139
2020-05-22,0.0003330186576104752
2020-05-26,0.007593934237063254
2020-05-27,0.007283303945633217
2020-05-28,0.0011329059391796412
2020-05-29,0.003460270264182823
2020-06-01,0.008008069013564614
2020-06-02,0.004885905444176313
2020-06-03,0.005822009945371398
2020-06-04,-0.0013499820727133614
2020-06-05,0.008979954192977167
2020-06-08,0.009173076112477078
2020-06-09,-0.0036979272483311275
2020-06-10,0.001701803141120774
2020-06-11,-0.03305111118340433
2020-06-12,0.00907341623650812
2020-06-15,0.0034899757165392014
2020-06-16,0.008208761338623471
2020-06-17,-5.154194383944822e-05
2020-06-18,-0.0007778356681781651
2020-06-19,-0.0003820736026803723
2020-06-22,0.006202895719696178
2020-06-23,0.00408371149143906
2020-06-24,-0.013812289807122869
2020-06-25,0.006267478362777884
2020-06-26,-0.008863290195953867
2020-06-29,0.006487414659392249
2020-06-30,0.004578314995181312
2020-07-01,0.0023572138466395882
2020-07-02,0.005632444111082252
2020-07-06,0.010482442922446714
2020-07-07,-0.004395080502418524
2020-07-08,0.006226397194694946
2020-07-09,-0.0030751299515105017
2020-07-10,0.00313407915788339
2020-07-13,-0.003830563378959929
2020-07-14,0.0072963701293784645
2020-07-15,0.005687299312825877
2020-07-16,-0.004871778345512945
2020-07-17,0.00392513085234291
2020-07-20,0.005223638759693406
2020-07-21,0.0045662128717617895
2020-07-22,0.004992997393376218
2020-07-23,-0.002911217224274642
2020-07-24,-0.0011328010461713006
2020-07-27,0.009397645981485904
2020-07-28,-0.0015143698383004067
2020-07-29,0.008308179109109831
2020-07-30,-0.005006242310361626
2020-07-31,-0.0002652253265282787
2020-08-03,0.005984155490400192
2020-08-04,0.00786093401858561
2020-08-05,0.005058852883577108
2020-08-06,0.005162377201826692
2020-08-07,-0.0057327755911010456
2020-08-10,0.0003507737491950665
2020-08-11,-0.013968761150897171
2020-08-12,0.006313747367189735
2020-08-13,0.0023877396432292228
2020-08-14,-0.0022636663572142427
2020-08-17,0.008131907856422866
2020-08-18,0.0027001908009425717
2020-08-19,-0.009779457296240074
2020-08-20,0.001976763212289228
2020-08-21,-0.0009128808543370137
2020-08-24,0.003996973759550706
2020-08-25,0.0014375353682695227
2020-08-26,0.0060755562588415855
2020-08-27,-0.00481710441300013
2020-08-28,0.0077054701813114275
2020-08-31,-0.0019738429381656406
2020-09-01,0.004856621872004176
2020-09-02,0.003667974954037875
2020-09-03,-0.016530620767730576
2020-09-04,-0.00302900717062269
2020-09-08,-0.011174325573913697
2020-09-09,0.0110884161188616
2020-09-10,-0.007866298611208302
2020-09-11,0.002563168079703518
2020-09-14,0.007882340585527302
2020-09-15,0.002973552436843148
2020-09-16,-0.0006276143559726503
2020-09-17,-0.003520697689665846
2020-09-18,-0.004470244887364882
2020-09-21,-0.011901598247576212
2020-09-22,0.0012624359695422888
2020-09-23,-0.014240663422889124
2020-09-24,0.0008593794938136292
2020-09-25,0.004567660406694871
2020-09-28,0.010373086154100604
2020-09-29,0.00018828401101257382
2020-09-30,0.0005098708908956675
2020-10-01,0.006138819514643781
2020-10-02,-0.0035104217002541837
2020-10-05,0.008103035743740276
2020-10-06,-0.007111519413133494
2020-10-07,0.006516131354192399
2020-10-08,0.005288585789770499
2020-10-09,0.0074833631803267525
2020-10-12,0.005224669244951668
2020-10-13,-0.006296763733466064
2020-10-14,-0.0016594580050179563
2020-10-15,-0.001883182649581139
2020-10-16,-0.0005337589054169314
2020-10-19,-0.004753701973658077
2020-10-20,0.0029356848867632458
2020-10-21,-0.00026304172971504093
2020-10-22,-0.0005611609078775819
2020-10-23,0.0025015616000620823
2020-10-26,-0.008592415278840485
2020-10-27,-0.0007799234655325036
2020-10-28,-0.018948905573916767
2020-10-29,0.0025096272923003536
2020-10-30,-0.004182336134343983
2020-11-02,0.00824160928439307
2020-11-03,0.010412872831882556
2020-11-04,0.011494450861822193
2020-11-05,0.01570187416007007
2020-11-06,0.00021171857275469643
2020-11-09,-0.0019457822364328287
2020-11-10,0.0005734232602806459
2020-11-11,0.003131658304657208
2020-11-12,-0.0036815503665275718
2020-11-13,0.008777971288933824
2020-11-16,0.00655045648825174
2020-11-17,-0.0011096647793965926
2020-11-18,-0.004816765555128678
2020-11-19,0.00311727060532036
2020-11-20,0.0003500335436453588
2020-11-23,-0.0015776314499978475
2020-11-24,0.004872193752711248
2020-11-25,-0.00112286536370578
2020-11-27,0.001613463799447375
2020-11-30,-0.008233029268923085
2020-12-01,0.011628422024352818
2020-12-02,0.0013320227965119952
2020-12-03,0.0038712473522088944
2020-12-04,0.00376478465415514
2020-12-07,0.001462709368072013
2020-12-08,0.0024104957759043524
2020-12-09,-0.006710481417187324
2020-12-10,0.0018081359939466572
2020-12-11,-0.0006406479378330978
2020-12-14,-0.0021786107890377137
2020-12-15,0.009307178654951809
2020-12-16,0.00191883192693377
2020-12-17,0.005813824034288208
2020-12-18,-0.002383550882912389
2020-12-21,-0.004460796486557874
2020-12-22,-0.0017730472325212007
2020-12-23,0.003740201186734488
2020-12-24,0.0019544763568301693
2020-12-28,0.002115583129272647
2020-12-29,0.0018270718349825306
2020-12-30,0.0037099234373094638
2020-12-31,0.0009711045857564053
2021-01-04,0.0011055993175741476
2021-01-05,0.005825378192683946
2021-01-06,-0.0009571379641614987
2021-01-07,0.003947796480209417
2021-01-08,-0.002177872388424531
2021-01-11,-0.005536964552967473
2021-01-12,0.003500731447729677
2021-01-13,0.00026873225665085274
2021-01-14,0.0010945111812781174
2021-01-15,-0.007834620822737351
2021-01-19,0.006681773534943149
2021-01-20,0.009051147550781319
2021-01-21,-0.0003734369470028921
2021-01-22,-0.00359556348716027
2021-01-25,0.0018469025374522718
2021-01-26,-0.001853042240779468
2021-01-27,-0.01362965609604411
2021-01-28,0.003806574550395744
2021-01-29,-0.010432603611759992
2021-02-01,0.010551499660724783
2021-02-02,0.0040913444878055445
2021-02-03,0.0002477373192711263
2021-02-04,-0.000371003442336574
2021-02-05,0.0046740337351185626
2021-02-08,0.0059162372133571475
2021-02-09,0.0023087589112376593
2021-02-10,0.0009719323551047122
2021-02-11,0.0006473353139420694
2021-02-12,0.001222856595697596
2021-02-16,-0.003263922928531891
2021-02-17,-0.0029301069200032524
2021-02-18,-0.003685057194467025
2021-02-19,0.0013808158760426146
2021-02-22,-0.003494186865537213
2021-02-23,0.00025512278971566796
2021-02-24,0.0028201612509028157
2021-02-25,-0.01785250268209292
2021-02-26,-0.006457415781810825
2021-03-01,0.011663940957800812
2021-03-02,-0.00220334658718075
2021-03-03,-0.008442201210192032
2021-03-04,-0.010375007224580506
2021-03-05,0.0071138994413958295
2021-03-08,-0.007207562949338235
2021-03-09,0.012818863669317844
2021-03-10,0.003959407389279666
2021-03-11,0.006800332938205651
2021-03-12,-0.001969912763894887
2021-03-15,0.003393472765229796
2021-03-16,-0.0004021821155401131
2021-03-17,0.003415049663464077
2021-03-18,-0.010021731545803322
2021-03-19,0.0022005120918411132
2021-03-22,0.00227213810239065
2021-03-23,-0.0073626622314340254
2021-03-24,-0.003773401595443345
2021-03-25,0.0024725740574917435
2021-03-26,0.008520049101858837
2021-03-29,-0.00480941561280136
2021-03-30,-0.0028909016920498688
2021-03-31,0.003864424621245594
2021-04-01,0.009976802647526348
2021-04-05,0.005094157927502714
2021-04-06,0.0014704750799039083
2021-04-07,-0.0017671668168895806
2021-04-08,0.005960388825457837
2021-04-09,-0.00037132137359812984
2021-04-12,-0.002417239076551192
2021-04-13,0.00415460098750051
2021-04-14,-0.001144059354543784
2021-04-15,0.009241133158500583
2021-04-16,0.002362825304462802
2021-04-19,-0.003043960916267933
2021-04-20,-0.004714714317884368
2021-04-21,0.007469730940405404
2021-04-22,-0.0040778652677552025
2021-04-23,0.0050226855066318795
2021-04-26,0.0017795790451486555
2021-04-27,-0.002001660656103956
2021-04-28,0.001952344747912158
2021-04-29,-0.0001275494136139955
2021-04-30,-0.005640052353118532
2021-05-03,0.005092239554914191
2021-05-04,-0.006143389639469981
2021-05-05,0.0034836912472759217
2021-05-06,0.00682861222233698
2021-05-07,0.006719031262864956
2021-05-10,-0.005148551399548062
2021-05-11,-0.005042298279629006
2021-05-12,-0.013696195041080744
2021-05-13,0.005638764290827643
2021-05-14,0.010944762116427665
2021-05-17,0.0012097519922234757
2021-05-18,-0.0005989646168588342
2021-05-19,-0.0027021230721970676
2021-05-20,0.007485108669644783
2021-05-21,-0.0006033797416505324
2021-05-24,0.004845909739723388
2021-05-25,0.00275027658780484
2021-05-26,0.0008466913342079317
2021-05-27,0.0003787253293103806
2021-05-28,0.0022686371041947366
2021-06-01,0.001595739901247336
2021-06-02,0.0022365158567236474
2021-06-03,-0.007570387549820224
2021-06-04,0.008085808153731614
2021-06-07,0.0010646649967755964
2021-06-08,-0.00022457656391571278
2021-06-09,-0.001221476486382948
2021-06-10,0.003762535486829441
2021-06-11,-0.0015188129722300873
2021-06-14,-0.001021585514163223
2021-06-15,-0.0017630468023012362
2021-06-16,-0.007659652742915864
2021-06-17,-0.006480150068424437
2021-06-18,-0.007549530006743521
2021-06-21,0.007921301830548545
2021-06-22,0.0008083031936144752
2021-06-23,-0.0011287322575284221
2021-06-24,0.0039967675456030905
2021-06-25,0.002053029981723633
2021-06-28,0.00015299036916544665
2021-06-29,-0.001982061056322191
2021-06-30,-0.0005562106721928069
2021-07-01,0.0023399176247314206
2021-07-02,0.003809569199273553
2021-07-06,-0.000805787220859142
2021-07-07,0.0026388578536508268
2021-07-08,-0.005823871825077464
2021-07-09,0.007162157621580062
2021-07-12,0.0008732250340441834
2021-07-13,-0.0029044252204804065
2021-07-14,0.0035340397965947746
2021-07-15,-0.0015239004834837063
2021-07-16,-0.006132835125510838
2021-07-19,-0.005719870742246393
2021-07-20,0.005199749760858982
2021-07-21,0.0035087412733314817
2021-07-22,0.0015830146548760037
2021-07-23,0.0018790479075346932
2021-07-26,-0.0012599963109658518
2021-07-27,-0.0023024525108907047
2021-07-28,0.004191254766331283
2021-07-29,0.0042384868582638294
2021-07-30,-0.004203035318429006
2021-08-02,0.0012696011852032906
2021-08-03,0.003416723121517669
2021-08-04,-0.001474478440415438
2021-08-05,0.0011218532135843797
2021-08-06,-0.007212636216990089
2021-08-09,-0.004094090152769782
2021-08-10,0.00021281321842092085
2021-08-11,0.004781629332025639
2021-08-12,3.4785848999639756e-05
2021-08-13,0.0050737223966682565
2021-08-16,-8.735056300703776e-05
2021-08-17,-0.0054109878476161725
2021-08-18,-0.003082638646128003
2021-08-19,-0.002848773253042505
2021-08-20,0.0029004206806071266
2021-08-23,0.007693088896268746
2021-08-24,0.0022798494617568537
2021-08-25,-0.001034948512361483
2021-08-26,-0.0030610374789458846
2021-08-27,0.009230301375441445
2021-08-30,0.00041370722073307665
2021-08-31,0.000269440610063463
2021-09-01,0.0027328511578669345
2021-09-02,0.0014388885113605612
2021-09-03,0.002621868950291663
2021-09-07,-0.005874055591142507
2021-09-08,-0.0028679551984866726
2021-09-09,0.0007096036416541409
2021-09-10,-0.0043180040922515105
2021-09-13,0.0031366941385674104
2021-09-14,-0.0009370553022183862
2021-09-15,0.0015407982341022531
2021-09-16,-0.006467460398998651
2021-09-17,-0.005487701852030631
2021-09-20,-0.007303030993094828
2021-09-21,0.0033182307280511976
2021-09-22,0.0040584727038064415
2021-09-23,0.0016327751867565487
2021-09-24,-0.0028550633825958223
2021-09-27,-3.207165825730836e-05
2021-09-28,-0.013573864157040252
2021-09-29,-0.0014967000661538056
2021-09-30,0.00030305402846120895
2021-10-01,0.005560058271732924
2021-10-04,-0.0055176198424315565
2021-10-05,0.002279065697215073
2021-10-06,0.0003253962140661492
2021-10-07,0.003305789326901064
2021-10-08,-0.0010468178979160022
2021-10-11,-0.0034406419257105173
2021-10-12,0.001551892448098865
2021-10-13,0.008220717089769066
2021-10-14,0.0074708265372716385
2021-10-15,-0.0003151630269559744
2021-10-18,-0.0004002351175138
2021-10-19,0.003545430087242269
2021-10-20,0.0032135555025271565
2021-10-21,-0.0012757151079094732
2021-10-22,0.0021667076271296914
2021-10-25,0.00322928564209105
2021-10-26,-0.0011033286156365723
2021-10-27,-0.0014895788979985528
2021-10-28,0.004148303350312625
2021-10-29,-0.003259089626740049
2021-11-01,0.0043379946058761725
2021-11-02,-0.00016296055506285036
2021-11-03,0.0013148359383994995
2021-11-04,0.004334154013935715
2021-11-05,0.004965175385740631
2021-11-08,0.001322868668660002
2021-11-09,0.00037861383596829196
2021-11-10,-0.004784475288763572
2021-11-11,0.0025703943300726412
2021-11-12,0.003712067728357045
2021-11-15,-0.001982497954985873
2021-11-16,-0.0009054079898685038
2021-11-17,0.0006502436579037446
2021-11-18,-0.00035180996135847397
2021-11-19,-0.0032629571701196522
2021-11-22,-0.008808037937813335
2021-11-23,-0.0029468594775324524
2021-11-24,0.00043085189397558984
2021-11-26,-0.011094258533158409
2021-11-29,0.00353199403119675
2021-11-30,-0.008093115846344819
2021-12-01,-0.003693032677867128
2021-12-02,0.006467622065771212
2021-12-03,-0.0018184043272664893
2021-12-06,0.0041568870888256376
2021-12-07,0.010397607113774762
2021-12-08,0.0009131959183191186
2021-12-09,-0.005429424112123352
2021-12-10,0.0032201089734575855
2021-12-13,-0.003700157139009963
2021-12-14,-0.005343669535006123
2021-12-15,0.006606965313160561
2021-12-16,5.696315251089122e-05
2021-12-17,-0.004036591932791323
2021-12-20,-0.0063421562681047795
2021-12-21,0.00796689451271342
2021-12-22,0.006760439612930126
2021-12-23,0.003317289792956914
2021-12-27,0.0056897676281809735
2021-12-28,-0.0014959462510610257
2021-12-29,-0.0011202498966639458
2021-12-30,0.001951691291421011
2021-12-31,-1.4358726367899111e-05
2022-01-03,-0.0018884280879056898
2022-01-04,0.0015352992604128516
2022-01-05,-0.009681980773054598
2022-01-06,-0.0033872870014262555
2022-01-07,-0.0001618417557876161
2022-01-10,-0.0015630066124714308
2022-01-11,0.009180430005292292
2022-01-12,0.0034468189149171997
2022-01-13,-0.006050778717645018
2022-01-14,-0.0022753965204521387
2022-01-18,-0.010687084389182144
2022-01-19,0.0015016517147861388
2022-01-20,-0.003850954242036981
2022-01-21,-0.007831065193726845
2022-01-24,-0.00039432902551784273
2022-01-25,-0.004218444209616964
2022-01-26,-0.007516388847062202
2022-01-27,-0.005000593612356082
2022-01-28,0.006659362350338564
2022-01-31,0.01107114321119082
2022-02-01,0.004084912231481305
2022-02-02,0.0040660922672221406
2022-02-03,-0.010881869274731027
2022-02-04,0.0005131132789490781
2022-02-07,0.0014191828240658082
2022-02-08,0.003431482484141997
2022-02-09,0.008772373759800485
2022-02-10,-0.010539404683713805
2022-02-11,-0.0022693291198496984
2022-02-14,-0.003033408490323996
2022-02-15,0.006062972478135823
2022-02-16,0.003890848587117038
2022-02-17,-0.005484870388851362
2022-02-18,-0.003048682816939887
2022-02-22,-0.005482602303245426
2022-02-23,-0.007028269616002753
2022-02-24,9.678376799376236e-05
2022-02-25,0.010215356528484541
2022-02-28,0.0010096804557638665
2022-03-01,-0.0024639654940406307
2022-03-02,0.0006346468985396242
2022-03-03,-0.0028225679146526997
2022-03-04,-0.0027681188088713093
2022-03-07,-0.01300585443200615
2022-03-08,0.004684663894643369
2022-03-09,0.006260876334219771
2022-03-10,-0.004768371198588256
2022-03-11,-0.007894432793543044
2022-03-14,-0.008903711499338928
2022-03-15,0.002851615705032281
2022-03-16,0.01769154168738104
2022-03-17,0.005924704128057181
2022-03-18,0.004254843618800283
2022-03-21,-0.003149021645457788
2022-03-22,0.0032609120045376315
2022-03-23,-0.0015990880263538425
2022-03-24,0.006408647646746675
2022-03-25,-0.0024742446436922957
2022-03-28,-0.0019280774201906649
2022-03-29,0.009553204060508897
2022-03-30,-0.0003486526914808709
2022-03-31,-0.007132872868044835
2022-04-01,0.0013140026871259788
2022-04-04,0.005294069126711446
2022-04-05,-0.011481782666025772
2022-04-06,-0.006189970715813335
2022-04-07,0.0010476615472133535
2022-04-08,-0.0011340160402215404
2022-04-11,-0.0071096076265190905
2022-04-12,0.0003747626519902892
2022-04-13,0.007325678802188693
2022-04-14,-0.0073524192813296104
2022-04-18,-0.0019156090399160474
2022-04-19,0.0001943939427025941
2022-04-20,0.003372070584818554
2022-04-21,-0.009785035530202092
2022-04-22,-0.013097188995969912
2022-04-25,-0.0018601814477601183
2022-04-26,-0.012113695671555316
2022-04-27,-0.0005606999416062966
2022-04-28,0.010723262379575351
2022-04-29,-0.013761842798120844
2022-05-02,-0.004079976619677664
2022-05-03,0.004166978192151553
2022-05-04,0.015284496550092215
2022-05-05,-0.020839597503381335
2022-05-06,-0.005566290209878704
2022-05-09,-0.017443383495538395
2022-05-10,0.0007924810246476194
2022-05-11,-0.003048408082281724
2022-05-12,-0.0031792355798747956
2022-05-13,0.01005328096867288
2022-05-16,0.0012025312593925638
2022-05-17,0.006743001156071688
2022-05-18,-0.014073609717248595
2022-05-19,0.005163144229310879
2022-05-20,0.0024718437638447666
2022-05-23,0.007303945727839378
2022-05-24,9.030125337237981e-05
2022-05-25,0.0031572376414031977
2022-05-26,0.007070563259085851
2022-05-27,0.010262363486668879
2022-05-31,-0.005848784222374639
2022-06-01,-0.003786335632651532
2022-06-02,0.012559616012234001
2022-06-03,-0.010262745129996005
2022-06-06,-0.0009482662388535061
2022-06-07,0.005959832114842724
2022-06-08,-0.006211253674420672
2022-06-09,-0.012085911493339374
2022-06-10,-0.011978456031051112
2022-06-13,-0.02832917937066281
2022-06-14,-0.004695341117675045
2022-06-15,0.013809616153336002
2022-06-16,-0.011381795680469603
2022-06-17,-0.0013659473481910575
2022-06-21,0.007255806472680867
2022-06-22,0.0007865579275416099
2022-06-23,0.0024219030531621604
2022-06-24,0.013165975352646337
2022-06-27,-0.0027802983306359033
2022-06-28,-0.006463699445964325
2022-06-29,-1.0730376941922419e-05
2022-06-30,-0.00312354001315203
2022-07-01,0.004937817914563857
2022-07-05,-0.006981795367258756
2022-07-06,-0.0048298948896541806
2022-07-07,0.007539502574246317
2022-07-08,-0.0009434730006254559
2022-07-11,-0.00781454229274695
2022-07-12,-0.002866296482834937
2022-07-13,0.0002930213961530759
2022-07-14,-0.007794463978196927
2022-07-15,0.008734286478634258
2022-07-18,-0.001305418208393783
2022-07-19,0.013120438727829076
2022-07-20,-0.0010142574569497343
2022-07-21,0.010472413961805867
2022-07-22,-0.0012649887430392919
2022-07-25,0.00043822494375797473
2022-07-26,-0.006327859536424648
2022-07-27,0.0148935008643272
2022-07-28,0.009254189825653531
2022-07-29,0.006040009338540079
2022-08-01,0.001307553036005568
2022-08-02,-0.008547672985569446
2022-08-03,0.00789791801048165
2022-08-04,0.004895723240359132
2022-08-05,-0.006917634584315228
2022-08-08,0.003891806598737993
2022-08-09,-0.0028723079024650907
2022-08-10,0.011423331123805199
2022-08-11,-0.0017635287931728346
2022-08-12,0.009936909683502856
2022-08-15,-0.0024569737203473407
2022-08-16,0.00010217627776529898
2022-08-17,-0.007143733462594207
2022-08-18,-0.00010895115412810842
2022-08-19,-0.01039027463888401
2022-08-22,-0.011961775063619184
2022-08-23,0.0011544484349760966
2022-08-24,0.00133689109308606
2022-08-25,0.009628400505418433
2022-08-26,-0.017773400109688812
2022-08-29,-0.004011322380526492
2022-08-30,-0.006512031942706066
2022-08-31,-0.005803260282882346
2022-09-01,-0.00565515134838988
2022-09-02,-0.0017709902826719582
2022-09-06,-0.006298936811628215
2022-09-07,0.011113958124852875
2022-09-08,0.00025652900423152086
2022-09-09,0.010739951955835238
2022-09-12,0.0068402665492574965
2022-09-13,-0.024032195474218074
2022-09-14,0.0017321899163417116
2022-09-15,-0.00952627424144732
2022-09-16,-0.003653099220091509
2022-09-19,0.002923925722140487
2022-09-20,-0.009026966619606855
2022-09-21,-0.006307508801259535
2022-09-22,-0.007026955194934893
2022-09-23,-0.015940684120282246
2022-09-26,-0.012406554420863223
2022-09-27,-0.002442136883927235
2022-09-28,0.019154630051264197
2022-09-29,-0.010810915348957137
2022-09-30,-0.005475974762150679
2022-10-03,0.019008993883897787
2022-10-04,0.020731485222843
2022-10-05,-0.0051946225316763985
2022-10-06,-0.007274812500050905
2022-10-07,-0.015541482548434338
2022-10-10,-0.00847397026070107
2022-10-11,-0.005032250830125979
2022-10-12,0.0002752120771618485
2022-10-13,0.007903351754069293
2022-10-14,-0.014049552847908936
2022-10-17,0.01435123967208585
2022-10-18,0.005582652390496618
2022-10-19,-0.010563000510349486
2022-10-20,-0.004424213089384678
2022-10-21,0.014266833760813592
2022-10-24,-0.0007382100764755655
2022-10-25,0.01254799156791651
2022-10-26,0.003200782867838332
2022-10-27,-0.0018935704419967853
2022-10-28,0.005017725700339798
2022-10-31,-0.006142527360512759
2022-11-01,0.0038920856731760765
2022-11-02,-0.01226848317517804
2022-11-03,-0.0054041370070946355
2022-11-04,0.018778027106380192
2022-11-07,0.0012509451987417022
2022-11-08,0.009663257728558066
2022-11-09,-0.010199856422611585
2022-11-10,0.03935253994988702
2022-11-11,0.009067912606180803
2022-11-14,-0.005372458445344824
2022-11-15,0.007768038033686668
2022-11-16,-0.003080067889432557
2022-11-17,-0.003707039395184398
2022-11-18,-0.0006523741338620955
2022-11-21,-0.004410412745924528
2022-11-22,0.008206134430551248
2022-11-23,0.007073832197843496
2022-11-25,0.0009706448584306117
2022-11-28,-0.009180401414718434
2022-11-29,0.001366302619191661
2022-11-30,0.0183761582477133
2022-12-01,0.007336098837639225
2022-12-02,0.0003716482923910658
2022-12-05,-0.014395689769797718
2022-12-06,-0.0036565964836271477
2022-12-07,0.0034774891435356073
2022-12-08,0.0033103256009128826
2022-12-09,-0.0035867007928311804
2022-12-12,0.0025307428431710407
2022-12-13,0.010281888608047001
2022-12-14,-0.0016256108701491856
2022-12-15,-0.015769101001329864
2022-12-16,-0.0035385971307367063
2022-12-19,-0.005274914771613421
2022-12-20,0.0026218982149910676
2022-12-21,0.006821787549075366
2022-12-22,-0.008252412937166366
2022-12-23,0.00184205124623876
2022-12-27,-0.00026752191588547554
2022-12-28,-0.007577053118708354
2022-12-29,0.010891595939355826
2022-12-30,-0.0035130911660353585
2023-01-03,0.003907662774112568
2023-01-04,0.009997593493685501
2023-01-05,-0.007924539034572032
2023-01-06,0.01865579430060132
2023-01-09,0.0026018013702242856
2023-01-10,0.0024102320532753563
2023-01-11,0.006371312826620044
2023-01-12,0.008472258681840723
2023-01-13,0.004074319675688123
2023-01-17,-0.0018754552271455559
2023-01-18,-0.0031255521874529457
2023-01-19,0.0007906328242180158
2023-01-20,0.005522701248752956
2023-01-23,0.004079458923114674
2023-01-24,0.0016182961721564327
2023-01-25,0.0023924427783230244
2023-01-26,0.0014039915904169962
2023-01-27,-0.00030428809097266874
2023-01-30,-0.00750322664361358
2023-01-31,0.007438327075369946
2023-02-01,0.009946236327547736
2023-02-02,-0.0004815791033117834
2023-02-03,-0.013101131993196225
2023-02-06,-0.006078334669712601
2023-02-07,0.0050798838460568325
2023-02-08,-0.0030625948243572392
2023-02-09,-0.005075250214036583
2023-02-10,-0.0016955646318490294
2023-02-13,0.005302868902479324
2023-02-14,-0.0005142366312003366
2023-02-15,-0.0025094684198202657
2023-02-16,-0.005987134375751936
2023-02-17,6.679471499660718e-05
2023-02-21,-0.011783718452788612
2023-02-22,-0.0020627731882580007
2023-02-23,0.0035859036386234507
2023-02-24,-0.00997392685175461
2023-02-27,0.004311729513723709
2023-02-28,-0.0016123734310845904
2023-03-01,0.0019137624311435857
2023-03-02,0.0008771183327708979
2023-03-03,0.0117608641456137
2023-03-06,-0.002575744714534781
2023-03-07,-0.011951804466895803
2023-03-08,0.0011841905852860049
2023-03-09,-0.005427436670718935
2023-03-10,0.001052149873051837
2023-03-13,0.005100284383017054
2023-03-14,0.003498714295700356
2023-03-15,-0.003630680537715137
2023-03-16,0.007161521765218096
2023-03-17,0.0022220476433260144
2023-03-20,0.004013905254998382
2023-03-21,0.0017209434359375803
2023-03-22,0.0008822076342735745
2023-03-23,0.004579587142247815
2023-03-24,-0.000769068852026607
2023-03-27,-0.0030781685064693535
2023-03-28,0.0018537700848372876
2023-03-29,0.005159257409776468
2023-03-30,0.006416162445760954
2023-03-31,0.005242813942589247
2023-04-03,0.005156220787260882
2023-04-04,0.0030919844645271536
2023-04-05,-0.0019011294638482167
2023-04-06,8.08743984873682e-05
2023-04-10,-0.0028904351122993914
2023-04-11,0.002671190435274295
2023-04-12,0.0008729575720514838
2023-04-13,0.009024271382358794
2023-04-14,-0.0066007807988982
2023-04-17,-0.0013621212475882528
2023-04-18,0.0021748133413103505
2023-04-19,-0.0026969354481080113
2023-04-20,0.0004964881805669572
2023-04-21,-0.002283209007740408
2023-04-24,0.0022141298422483136
2023-04-25,-0.005146060630630769
2023-04-26,-0.0030753441458464892
2023-04-27,0.006582436643948061
2023-04-28,0.004455480923477196
2023-05-01,-0.004616387111940292
2023-05-02,0.0011507782889586017
2023-05-03,0.0016198355790402082
2023-05-04,-0.0005515658405553941
2023-05-05,0.003915740269082039
2023-05-08,-0.0007747327948363095
2023-05-09,-0.0009280444690361595
2023-05-10,0.0023512504440361807
2023-05-11,-0.0019671441292803456
2023-05-12,-0.00354331860904119
2023-05-15,0.0032909083020000274
2023-05-16,-0.007572457954856679
2023-05-17,0.0034007774473399175
2023-05-18,-0.0016910894399971993
2023-05-19,0.0013359146632311966
2023-05-22,0.0003867146308730336
2023-05-23,-0.005886673206388375
2023-05-24,-0.007313226995047814
2023-05-25,-0.0015970572689194813
2023-05-26,0.007447609478427418
2023-05-30,0.0009323871632631054
2023-05-31,-0.002538685382332831
2023-06-01,0.008747012908559688
2023-06-02,0.0031809285881789842
2023-06-05,-0.000584197792560339
2023-06-06,0.003830541369678038
2023-06-07,-0.006218148218206765
2023-06-08,0.0073199321495552
2023-06-09,-0.0006277418699013315
2023-06-12,0.0036232241089936496
2023-06-13,0.0016001147408812092
2023-06-14,0.0012567756873658905
2023-06-15,0.008990434298014369
2023-06-16,-0.002630307969487571
2023-06-20,-0.006694304702664896
2023-06-21,-0.0011395323158102017
2023-06-22,-0.0037538926041521285
2023-06-23,-0.004600732273532675
2023-06-26,0.00041538123129193204
2023-06-27,0.003945942568367862
2023-06-28,0.0005080400730674752
2023-06-29,-0.0016930957250595848
2023-06-30,0.007980054271621245
2023-07-03,0.0010844620308052603
2023-07-05,-0.005144491270943793
2023-07-06,-0.009124756868270623
2023-07-07,0.003089818538135241
2023-07-10,0.0028511607003864564
2023-07-11,0.005574717276573112
2023-07-12,0.011581994493456892
2023-07-13,0.007792874301475702
2023-07-14,-0.0038702457083565037
2023-07-17,0.001488047945851337
2023-07-18,0.005554635835298773
2023-07-19,0.0013138111204703342
2023-07-20,-0.0056809600769507996
2023-07-21,-0.0002715717207977666
2023-07-24,0.00039190407384914446
2023-07-25,0.0022289361047807934
2023-07-26,0.0030481419766343887
2023-07-27,-0.009036657982801021
2023-07-28,0.008100780701830276
2023-07-31,0.0019174383813723205
2023-08-01,-0.0072619550292669964
2023-08-02,-0.010450495543423751
2023-08-03,-0.0028631075858973195
2023-08-04,0.0025552790372834417
2023-08-07,0.0024872856091241475
2023-08-08,-0.003404164934525119
2023-08-09,-0.0024831063640339632
2023-08-10,-0.0011018680696897412
2023-08-11,-0.0031578148177563905
2023-08-14,-0.0007191041349703521
2023-08-15,-0.007117600457444698
2023-08-16,-0.005975714803071323
2023-08-17,-0.003794991688226066
2023-08-18,0.0004172848356290182
2023-08-21,0.001358990227226091
2023-08-22,-0.0003016557153123922
2023-08-23,0.010372615846927521
2023-08-24,-0.006789645662809587
2023-08-25,0.0025491441118985665
2023-08-28,0.005236399013445461
2023-08-29,0.010674146206306181
2023-08-30,0.0013807336906894799
2023-08-31,-0.0014766271340311524
2023-09-01,0.0005101985663650107
2023-09-05,-0.006737213500879923
2023-09-06,-0.003885715435945971
2023-09-07,-0.0009049531141835172
2023-09-08,0.0002803871193554499
2023-09-11,0.004106453522111204
2023-09-12,-0.002936638741118486
2023-09-13,-0.00044585920520020145
2023-09-14,0.004677458917614758
2023-09-15,-0.0031108258703030573
2023-09-18,0.0008004486865261428
2023-09-19,-0.0017136337543005465
2023-09-20,-0.0034828440818596472
2023-09-21,-0.011517479430287492
2023-09-22,0.0021062887333867745
2023-09-25,-0.0030830396982477206
2023-09-26,-0.008820897528202549
2023-09-27,-0.0036320848662296785
2023-09-28,0.003154491668763136
2023-09-29,-0.0036183809023970343
2023-10-02,-0.007246838998136447
2023-10-03,-0.009789139435795492
2023-10-04,0.0038412129758418744
2023-10-05,0.0013744507331041585
2023-10-06,0.005540705854319147
2023-10-09,0.007971805813914351
2023-10-10,0.004195202870782554
2023-10-11,0.004994285892155477
2023-10-12,-0.007555459880976773
2023-10-13,0.0046009811390114105
2023-10-16,0.002264778393944687
2023-10-17,-0.001418871002530097
2023-10-18,-0.006045759310965161
2023-10-19,-0.0029127001819788455
2023-10-20,-0.003937882168192882
2023-10-23,-0.0003208850015759067
2023-10-24,0.004485288968847811
2023-10-25,-0.00733508862299474
2023-10-26,-0.001719359508277309
2023-10-27,0.0005300625532504564
2023-10-30,0.0036996815014993176
2023-10-31,0.0006878258967304116
2023-11-01,0.007007558552441064
2023-11-02,0.012314778758663823
2023-11-03,0.008600259029054572
2023-11-06,-0.00308133767225619
2023-11-07,1.2676072921219775e-05
2023-11-08,-0.0017227193418793588
2023-11-09,-0.00421248082662197
2023-11-10,0.003528512021655448
2023-11-13,0.001357098409412864
2023-11-14,0.01713825735373728
2023-11-15,-0.0012096823929180081
2023-11-16,0.0029601765148496518
2023-11-17,0.0033625391477597405
2023-11-20,0.0034551511518769954
2023-11-21,0.0009269455685325216
2023-11-22,0.0007360470850677536
2023-11-24,0.0011535092938151767
2023-11-27,0.002106671798690415
2023-11-28,0.004812347001924702
2023-11-29,0.0019031451537137093
2023-11-30,-0.00045753780088091936
2023-12-01,0.010206862085404375
2023-12-04,-0.008725901681277085
2023-12-05,-0.00023825804903413334
2023-12-06,0.0008888021333381522
2023-12-07,0.00346334534142068
2023-12-08,-0.0027674444910754394
2023-12-11,-0.0003934688116484506
2023-12-12,0.0019015905065919263
2023-12-13,0.01581829980554486
2023-12-14,0.007270598111723461
2023-12-15,-0.0047824909257592075
2023-12-18,0.0020642941370690787
2023-12-19,0.005901000329003773
2023-12-20,-0.007103954999510185
2023-12-21,0.008213239128716493
2023-12-22,0.0014290374021268017
2023-12-26,0.004354241153017777
2023-12-27,0.004468409556513004
2023-12-28,-0.0018066162487816325
2023-12-29,-0.0019077467276666113
2024-01-02,-0.006153907213650883
2024-01-03,-0.00551692334508167
2024-01-04,-0.0016624154327462945
2024-01-05,-0.00018694118452088602
2024-01-08,0.005489532604972118
2024-01-09,-0.0028297202512242233
2024-01-10,0.0013616866771162962
2024-01-11,0.0018935383895373563
2024-01-12,0.0034677556947099895
2024-01-16,-0.009372038178082855
2024-01-17,-0.007153700779280747
2024-01-18,0.005468415591037522
2024-01-19,0.0050404165090023635
2024-01-22,0.000756759767716876
2024-01-23,0.0007046321209946386
2024-01-24,-0.0005663645714098508
2024-01-25,0.004285977243103678
2024-01-26,-0.00010272795567390281
2024-01-29,0.00616688830384975
2024-01-30,-0.00045387059672180206
2024-01-31,-0.004720551778261107
2024-02-01,0.009738793501816997
2024-02-02,-0.003581848826257076
2024-02-05,-0.005748112887103908
2024-02-06,0.005741244751851055
2024-02-07,0.0015889911030455748
2024-02-08,-0.0008135871306318189
2024-02-09,0.0017357937303617223
2024-02-12,0.00041178985555488396
2024-02-13,-0.013592215369504232
2024-02-14,0.0069362136624487696
2024-02-15,0.006603678003072509
2024-02-16,-0.0012554451454302082
2024-02-20,0.0005452631420732317
2024-02-21,-0.0006594874179609292
2024-02-22,0.008215829391215495
2024-02-23,0.0025624647933029806
2024-02-26,-0.002315060841920292
2024-02-27,0.00047195309585664337
2024-02-28,-0.0012506252814619848
2024-02-29,0.0033417632723610705
2024-03-01,0.009968448991639248
2024-03-04,0.0015831318573742458
2024-03-05,-0.001040357217969577
2024-03-06,0.0066264995992710764
2024-03-07,0.0067278793840536665
2024-03-08,-0.00023999289589680733
2024-03-11,-0.0009041875529712435
2024-03-12,0.0016315813909440439
2024-03-13,0.00022949670263452802
2024-03-14,-0.0050336756694124695
2024-03-15,-0.002827116433460337
2024-03-18,0.0016232355538001262
2024-03-19,0.0021803565177862024
2024-03-20,0.008114499332791882
2024-03-21,0.001292690225762417
2024-03-22,-0.002268161132686404
2024-03-25,-0.0009351722294881534
2024-03-26,0.0005144062525011118
2024-03-27,0.006129582890617808
2024-03-28,0.002345234511576365
2024-04-01,-0.0009149920976838798
2024-04-02,-0.00046330171935070417
2024-04-03,0.003382391726492074
2024-04-04,-0.005338152259206221
2024-04-05,0.005507094220419515
2024-04-08,0.0024413216436822136
2024-04-09,0.002990273295968671
2024-04-10,-0.011422283256659027
2024-04-11,0.006668696097996687
2024-04-12,-0.010115555318783614
2024-04-15,-0.0022464809226941376
2024-04-16,-0.0036635101192076516
2024-04-17,-0.0016872737899643877
2024-04-18,-0.0006502142108086714
2024-04-19,-0.0010496229899405237
2024-04-22,-0.0003350599721373012
2024-04-23,0.005362270003989407
2024-04-24,-0.001326743677227991
2024-04-25,-0.0012385940982285945
2024-04-26,0.005639280662645558
2024-04-29,0.002790908732904103
2024-04-30,-0.012771377548641948
2024-05-01,0.002196463072253101
2024-05-02,0.007018183922175545
2024-05-03,0.006493775794624041
2024-05-06,0.00658096957945315
2024-05-07,-0.00022985481648348652
2024-05-08,-0.0017578739262445596
2024-05-09,0.0071291994732607155
2024-05-10,0.001553006083219433
2024-05-13,-0.0017133175690372305
2024-05-14,0.005451747875331378
2024-05-15,0.010093810870001232
2024-05-16,-0.0027703302481010697
2024-05-17,0.004093321909285482
2024-05-20,0.0007481839015324224
2024-05-21,0.0001240860683707238
2024-05-22,-0.006867866296815564
2024-05-23,-0.008519161363943048
2024-05-24,0.003983579834461639
2024-05-28,0.0005371836794443112
2024-05-29,-0.008812694246161273
2024-05-30,0.001731780434979802
2024-05-31,0.002993149164509056
2024-06-03,0.004624528654553915
2024-06-04,-0.002038528626870065
2024-06-05,0.00838367790770837
2024-06-06,0.00214352275123996
2024-06-07,-0.012709735559667186
2024-06-10,0.002670522635327941
2024-06-11,0.00032106312168716275
2024-06-12,0.006871202075193262
2024-06-13,-0.0025694538693331404
2024-06-14,0.0013103219572925336
2024-06-17,0.0008688727744643107
2024-06-18,0.0036435902537200874
2024-06-20,0.0011172066070345942
2024-06-21,-0.004706835779986559
2024-06-24,0.0019816434968724797
2024-06-25,0.0001749859675544238
2024-06-26,-0.004522044572460658
2024-06-27,0.003760825688588267
2024-06-28,-0.0020543043394442035
2024-07-01,-0.00021500197139103264
2024-07-02,0.003106401039960632
2024-07-03,0.008055998771516668
2024-07-05,0.006490269179581212
2024-07-08,-0.0028402021049957764
2024-07-09,1.2161581621025316e-06
2024-07-10,0.006263266945726682
2024-07-11,0.004653321914213079
2024-07-12,0.004343453770887734
2024-07-15,-0.0009931844963449942
2024-07-16,0.008713549886848105
2024-07-17,-0.006483482662607008
2024-07-18,-0.006465815445227205
2024-07-19,-0.007756762107372667
2024-07-22,0.004950552879214441
2024-07-23,-0.0009799211637195621
2024-07-24,-0.010638432705138699
2024-07-25,-0.004592366655646175
2024-07-26,0.009253002361953205
2024-07-29,-0.0007321704206091727
2024-07-30,0.0013658008826027178
2024-07-31,0.013031658699656244
2024-08-01,-0.00899100308331568
2024-08-02,-0.005892332508666914
2024-08-05,-0.015654062473287458
2024-08-06,-0.0003545738417661793
2024-08-07,-0.00157845425580833
2024-08-08,0.012906310394660113
2024-08-09,0.003605745192806078
2024-08-12,0.004136627307126767
2024-08-13,0.008349149083631685
2024-08-14,3.796627274766138e-05
2024-08-15,0.006593932184731007
2024-08-16,0.0073551517316037054
2024-08-19,0.005105264921143242
2024-08-20,5.693411734754636e-05
2024-08-21,0.00330904477074476
2024-08-22,-0.007747662044345058
2024-08-23,0.01108672493224238
2024-08-26,-0.0017579709816176812
2024-08-27,0.0018343668725301122
2024-08-28,-0.0044398716559785984
2024-08-29,0.0014523038913841168
2024-08-30,0.0011684494122820304
2024-09-03,-0.009302036107377998
2024-09-04,0.0004157545190674871
2024-09-05,0.0018276657322235084
2024-09-06,-0.009515668142723565
2024-09-09,0.006255545185251354
2024-09-10,0.002072687039613462
2024-09-11,0.0034388848284423023
2024-09-12,0.0074967729810902165
2024-09-13,0.005217009822963108
2024-09-16,0.002776108289252744
2024-09-17,-0.0021289935569358495
2024-09-18,-0.0038735632411159376
2024-09-19,0.01205660728947814
2024-09-20,0.0005981835478394068
2024-09-23,0.001920411442108931
2024-09-24,0.007096124740792195
2024-09-25,-0.004003487004830951
2024-09-26,0.008093332563694247
2024-09-27,-0.0022808471922048422
2024-09-30,-0.0025905124249150286
2024-10-01,0.00015020985414540165
2024-10-02,0.00048738210624949734
2024-10-03,-0.004588544871249062
2024-10-04,0.002061667055304632
2024-10-07,-0.004422273734534945
2024-10-08,-0.000752183708526535
2024-10-09,-0.0003131930940070526
2024-10-10,0.0005782904525869667
2024-10-11,0.005592773951942255
2024-10-14,0.001643638420146377
2024-10-15,-0.0037410480837604034
2024-10-16,0.003908551164258044
2024-10-17,-0.0006183730229138642
2024-10-18,0.005009921446191383
2024-10-21,-0.004965530623875364
2024-10-22,0.0010404508601696003
2024-10-23,-0.007567439584734862
2024-10-24,0.0033296417838712183
2024-10-25,-0.0010427280073410858
2024-10-28,0.0022493668338695455
2024-10-29,0.002025165239459298
2024-10-30,-0.0012050128292584701
2024-10-31,-0.009918893527422454
2024-11-01,-0.0003173248684161747
2024-11-04,0.0015098344386992285
2024-11-05,0.007121569242907329
2024-11-06,-0.003609125454951484
2024-11-07,0.011091020204838167
2024-11-08,-0.003237595057263853
2024-11-11,-0.004826395775527346
2024-11-12,-0.008246018780389937
2024-11-13,-0.0033618543300315703
2024-11-14,-0.0029617409184946944
2024-11-15,-0.00471143843812789
2024-11-18,0.007026799773528606
2024-11-19,0.0034639352257702953
2024-11-20,0.0004096702668017223
2024-11-21,0.0038061369682432966
2024-11-22,0.004778552564703778
2024-11-25,-0.0012492808981028562
2024-11-26,-0.0002539171895227843
2024-11-27,0.0012200613691559755
2024-11-29,0.0066967979139666445
2024-12-02,-0.0004470302757050429
2024-12-03,0.0006329421905424693
2024-12-04,0.003683927630782927
2024-12-05,-0.001206743261198627
2024-12-06,0.0014190287381406297
2024-12-09,0.0005178717747392882
2024-12-10,-0.0012233413176100942
2024-12-11,0.004947798999262748
2024-12-12,-0.007607948400638189
2024-12-13,-0.004167059626652504
2024-12-16,0.0011144746485646712
2024-12-17,-0.0027991577439792077
2024-12-18,-0.020405179825167055
2024-12-19,-0.0008186179652437166
2024-12-20,0.0065259045703637275
2024-12-23,0.0009320843960738985
2024-12-24,0.0047386727793227645
2024-12-26,0.0021501908207023582
2024-12-27,-0.005674228198831966
2024-12-30,-0.0042224598279847455
2024-12-31,-0.0002509404824681091
2025-01-02,0.001597436237618665
2025-01-03,0.0030495234661675084
2025-01-06,0.002513513411082706
2025-01-07,-0.0038989917010266483
2025-01-08,0.0012545438899778888
2025-01-10,-0.007679457401802551
2025-01-13,-0.002512282634373608
2025-01-14,0.0031886139033067513
2025-01-15,0.011451590187134953
2025-01-16,0.0024017344762111417
2025-01-17,0.002782899888911737
2025-01-21,0.010488568740248064
2025-01-22,0.0015058229823508545
2025-01-23,0.002020350240368986
2025-01-24,0.002308548685393267
2025-01-27,-0.005854957871032402
2025-01-28,0.0043569339529284205
2025-01-29,-0.0022817156853558113
2025-01-30,0.007950039549840547
2025-01-31,-0.0036899049703132242
2025-02-03,-0.0028408029994786772
2025-02-04,0.007261901188138403
2025-02-05,0.005473658930831295
2025-02-06,0.000788911286404313
2025-02-07,-0.004425684531340128
2025-02-10,0.007084354885021493
2025-02-11,-0.0008506376467757173
2025-02-12,-0.0015308029295725183
2025-02-13,0.009200661016973368
2025-02-14,-0.0016917287779326653
2025-02-18,0.004716491002347268
2025-02-19,-0.0007266866741766489
2025-02-20,0.0003429303422502291
2025-02-21,-0.005262773725234687
2025-02-24,-0.0010184381287790603
2025-02-25,-0.000921612482973918
2025-02-26,0.001643778345987759
2025-02-27,-0.010803776286802413
2025-02-28,0.003405958904206548
2025-03-03,-0.0006693824470154906
2025-03-04,-0.002074097361347268
2025-03-05,0.008221801178766485
2025-03-06,-0.008188624768762521
2025-03-07,0.0030759736232514783
2025-03-10,-0.012820250733453036
2025-03-11,-0.0005485552064145092
2025-03-12,0.003001790375602878
2025-03-13,-0.0004230035229430477
2025-03-14,0.009119305748050758
2025-03-17,0.00663632752760005
2025-03-18,-0.00019402803307511964
2025-03-19,0.005354760331433674
2025-03-20,-0.002606872045536953
2025-03-21,-0.0030740819913867997
2025-03-24,0.002748025069864293
2025-03-25,0.0025575496373702673
2025-03-26,-0.006241799567133891
2025-03-27,0.002432872450637645
2025-03-28,-0.00476081290033273
2025-03-31,0.0036669495488616108
2025-04-01,0.002018252442658706
2025-04-02,0.002887777579767905
2025-04-03,-0.01802617303685867
2025-04-04,-0.03392544844458671
2025-04-07,-0.015019758331628618
2025-04-08,-0.006341364645409122
2025-04-09,0.04943315358892664
2025-04-10,-0.011647415767765703
2025-04-11,0.013967700709714832
2025-04-14,0.005237364589764086
2025-04-15,0.002611052208659035
2025-04-16,0.000977554006869837
2025-04-17,0.0012218161991097694
2025-04-21,-0.0018296887425410685
2025-04-22,0.007904998844739948
2025-04-23,0.001023686483665331
2025-04-24,0.013034894519456794
2025-04-25,0.0006600022887046266
2025-04-28,0.005397342288888443
2025-04-29,0.0008481924704172119
2025-04-30,-0.0018619478583462704
2025-05-01,-0.00391216166035621
2025-05-02,0.007746919169088862
2025-05-05,0.005007917409676184
2025-05-06,0.003989415504379219
2025-05-07,-0.0029098706800052823
2025-05-08,-0.004265275776354523
2025-05-09,0.002796981981901938
2025-05-12,0.004363085969930914
2025-05-13,0.0030458766845644363
2025-05-14,-0.005347167768202964
2025-05-15,0.007678580123086037
2025-05-16,-2.129818628036342e-05
2025-05-19,0.004295296348060401
2025-05-20,0.003026206969357202
2025-05-21,-0.006138516495586982
2025-05-22,-0.0014506075002555107
2025-05-23,0.004008171229248814
2025-05-27,0.005506833012051052
2025-05-28,-0.004723501133692034
2025-05-29,0.0041275834342561065
2025-05-30,-0.0015316466348832395
2025-06-02,0.008464353249284422
2025-06-03,-0.001333219751944349
2025-06-04,0.00456869318836957
2025-06-05,-0.002873533734955106
2025-06-06,-0.0003732381105613224
2025-06-09,0.0022264684045283445
2025-06-10,0.0029208029661125807
2025-06-11,0.0012641744708480657
2025-06-12,0.005862298042877744
2025-06-13,-0.004815151126420664
2025-06-16,0.0007146751098624331
2025-06-17,-0.0042079972594191856
2025-06-18,-0.0006647395512121623
2025-06-20,-0.0023374391033056793
2025-06-23,0.005861634711257605
2025-06-24,0.00434870162410155
2025-06-25,-0.000358497516834726
2025-06-26,0.005327729349826923
2025-06-27,-0.0019341940925533723
2025-06-30,0.00541793489854557
2025-07-01,0.0015938710762622146
2025-07-02,0.0029464908173457843
2025-07-03,0.00044813117046249996
2025-07-07,-0.005709068068342146
2025-07-08,-0.0008686953661044858
2025-07-09,0.004881507746525035
2025-07-10,0.0014880636774248525
2025-07-11,-0.0020862170963888223
2025-07-14,0.00010262523765027881
2025-07-15,-0.0043151946017785945
2025-07-16,0.0035450063253055987
2025-07-17,0.002167052446644919
2025-07-18,0.0004051981181251122
2025-07-21,0.005524095527764885
2025-07-22,0.0037226306024410924
2025-07-23,0.0033666342358884362
2025-07-24,-0.003193626055866943
2025-07-25,-0.0003681289852801717
2025-07-28,-0.004720710731245829
2025-07-29,0.001135332438383581
2025-07-30,-0.006116643171279468
2025-07-31,-0.0017340929505715488
2025-08-01,0.0012626452871855854
2025-08-04,0.008319573456809662
2025-08-05,-0.00047719820590181894
2025-08-06,0.002687785677451462
2025-08-07,0.002943805291706139
2025-08-08,0.001960646059959427
2025-08-11,-0.0040931588309260965
2025-08-12,0.005817935115653164
2025-08-13,0.0045058531878290845
2025-08-14,-0.0034420062650607616
2025-08-15,7.650372093335279e-05
2025-08-18,-0.00035219694408652655
2025-08-19,-0.0027306935878339883
2025-08-20,0.001779005761131382
2025-08-21,-0.0032817052365242136
2025-08-22,0.012231889973324748
2025-08-25,-0.004541011751003106
2025-08-26,0.0029100821129086213
2025-08-27,0.0006547891069388154
2025-08-28,0.00379340508438786
2025-08-29,-0.0011481072908421505
2025-09-02,0.0005894876361049208
2025-09-03,0.004285578876382653
2025-09-04,0.0035030032685675443
2025-09-05,0.0050221008674505435
2025-09-08,0.00630720464210361
2025-09-09,-0.0007621616322915711
2025-09-10,0.002371642168082319
2025-09-11,0.005409278399737118
2025-09-12,-0.0010579910740723102
2025-09-15,0.005724223157481096
2025-09-16,0.00025952286711743025
2025-09-17,-0.0026202770774433498
2025-09-18,0.0004853385252951073
2025-09-19,0.0026557510798734256
2025-09-22,0.005019411316981132
2025-09-23,-0.0002669231153725525
2025-09-24,-0.004794172521452831
2025-09-25,-0.0022922328604119313
2025-09-26,0.003812250735270398
2025-09-29,0.006228267344660291
2025-09-30,0.0033523224697082485
2025-10-01,0.003842463663833967
2025-10-02,0.0005055229596405103
2025-10-03,0.0029532561012427226
2025-10-06,0.004748810913228106
2025-10-07,-0.0015248348590628444
2025-10-08,0.0060308674985681335
2025-10-09,-0.006927762121783305
2025-10-10,-0.0094320930593082
2025-10-13,0.013205595482634582
2025-10-14,0.0018280034719166318
2025-10-15,0.006699701781843707
2025-10-16,0.0050202063325162334
2025-10-17,-0.0032801244082775495
2025-10-20,0.013358260653858676
2025-10-21,-0.015644331436114236
2025-10-22,-0.0017147520660817604
2025-10-23,0.0032607794674714297
2025-10-24,0.0027786435185020663
2025-10-27,-0.0009415697257188682
2025-10-28,-0.0010047945763967169
2025-10-29,-0.0030902445156128096
2025-10-30,-0.0007466757797472624
2025-10-31,-0.0007094694915095222
2025-11-03,0.0009615952243202827
2025-11-04,-0.009719112426091862
2025-11-05,0.0042440281204733235
2025-11-06,-0.003016876461489998
2025-11-07,0.0021402463584980994
2025-11-10,0.012356391533178131
2025-11-11,0.0032978108662636662
2025-11-12,0.004436187374355577
2025-11-13,-0.00990089602301036
2025-11-14,-0.004487757796358628
2025-11-17,-0.007824183200110704
2025-11-18,-0.0021417351200110893
2025-11-19,0.0005050308342268916
2025-11-20,-0.006921233943593319
2025-11-21,0.005604935184478145
2025-11-24,0.008456171709788324
2025-11-25,0.005888499131422721
2025-11-26,0.00613731040922936
2025-11-28,0.0044323007155438136
2025-12-01,-0.0024389978840986077
2025-12-02,-0.00020957939719171603
2025-12-03,0.002266055621082117
2025-12-04,0.0005084393547010715
2025-12-05,0.0003228853875838647
2025-12-08,-0.0024732916090622337
2025-12-09,0.00030628291724644997
2025-12-10,0.006238951872525122
2025-12-11,0.003687602179861139
2025-12-12,-0.004274862507378676
2025-12-15,0.0008525782407625808
2025-12-16,-0.0014458913279736716
2025-12-17,-0.002715733110530154
2025-12-18,0.0039813827305007436
2025-12-19,0.003934298192030781
2025-12-22,0.007820224414718793
2025-12-23,0.005244024372689146
2025-12-24,0.0008587364914078568
2025-12-26,0.003165870750514934
2025-12-29,-0.010930414626641415
2025-12-30,3.4629242456373334e-05
2025-12-31,-0.00521642587720757
2026-01-02,0.005236543073372612
2026-01-05,0.01028517127268724
2026-01-06,0.004926498603830713
2026-01-07,-0.0037756006450282925
2026-01-08,0.0009152251611098592
2026-01-09,0.005492219828781175
2026-01-12,0.006159510298450636
2026-01-13,-0.001922439984047499
2026-01-14,0.0026636860398526327
2026-01-15,-0.0005034987418069139
2026-01-16,-0.0015734540769819718
2026-01-20,-0.0014188411501990963
2026-01-21,0.009680217837515557
2026-01-22,0.0067647237051405565
2026-01-23,0.004417112662577769
2026-01-26,0.005643795294601019
2026-01-27,0.009788283819777857
2026-01-28,0.007693527675720512
2026-01-29,0.0006556180640575769
2026-01-30,-0.028754083648164303
2026-02-02,-0.006272529292345921
2026-02-03,0.011878777087025573
2026-02-04,-0.0017244933401046308
2026-02-05,-0.010635714042821556
2026-02-06,0.01751616666997802
2026-02-09,0.00981239001729875
2026-02-10,-0.0013636524234471375
2026-02-11,0.003576949700685458
2026-02-12,-0.012783586033453651
2026-02-13,0.007426889193767283
2026-02-17,-0.007050414581545745
2026-02-18,0.006693915184754717
2026-02-19,-0.00032600239919948547
2026-02-20,0.008824514092209829
2026-02-23,0.0023616089594471045
2026-02-24,0.0001939265617565051
2026-02-25,0.0035971089277312294
2026-02-26,0.0006219564782009628
2026-02-27,0.0017018553042043203
2026-03-02,-0.001979045625775614
2026-03-03,-0.021131863119459148
2026-03-04,0.005807378822581034
2026-03-05,-0.009725436432211552
2026-03-06,-0.002192411965320493
2026-03-09,0.004865264842062075
2026-03-10,0.0018322128286752135
2026-03-11,-0.0026239660111609057
2026-03-12,-0.014091784708462127
2026-03-13,-0.006853690185772788
2026-03-16,0.008161829034585939
2026-03-17,0.0016825558896505248
2026-03-18,-0.015684915642749462
2026-03-19,-0.009606017088947979
2026-03-20,-0.019743402813308258
2026-03-23,0.005222260297037042
2026-03-24,-0.003350668506713067
2026-03-25,0.012230965947061247
2026-03-26,-0.01964174008398835
2026-03-27,0.000984921588364474
2026-03-30,8.669740862322917e-05
2026-03-31,0.023580139133755403
2026-04-01,0.008887028023162916
2026-04-02,-0.00442125156452214
2026-04-06,0.0012108863329908972
2026-04-07,0.002608757375602492
2026-04-08,0.01841694686027548
2026-04-09,0.0025268134393172667
2026-04-10,-0.0005266300522849117
2026-04-13,0.004432910451063997
2026-04-14,0.011071819993514594
2026-04-15,-0.000931747399271051
2026-04-16,2.9246658671293368e-05
2026-04-17,0.010694364767678433
2026-04-20,-0.0032178349028810687
2026-04-21,-0.0127727265644184
2026-04-22,0.0074098954162433
2026-04-23,-0.005784302336768057
2026-04-24,0.005698938216131809
2026-04-27,-0.0020556913227894893
2026-04-28,-0.006518869666358137
2026-04-29,-0.00549343176851244
2026-04-30,0.011731490152293673
2026-05-01,0.0007903440561223544
2026-05-04,-0.007885262927324466
2026-05-05,0.007888849664869538
2026-05-06,0.01730732649320797
2026-05-07,-0.005302822147275511
2026-05-08,0.006823667464011123
2026-05-11,4.485290564933646e-05
2026-05-12,-0.0053958599313668415
2026-05-13,0.002976280464457282
2026-05-14,0.000348651624821655
2026-05-15,-0.01495451619996544
2026-05-18,0.001285099428183308
2026-05-19,-0.007838083776049866
2026-05-20,0.011515265505301424
2026-05-21,0.0021709031191833594
2026-05-22,-0.00015367753526933804
2026-05-26,0.007755381139211036
2026-05-27,-0.0029843004064644034
2026-05-28,0.004564108611033896
2026-05-29,0.0029234666769739
2026-06-01,-0.0009065516004917191
2026-06-02,0.002976725316188317
2026-06-03,-0.006923636953419819
2026-06-04,0.003653113857131355
2026-06-05,-0.024732885433889316
2026-06-08,0.003406736151574902
2026-06-09,-0.0026546818232016734
2026-06-10,-0.015495095894128137
2026-06-11,0.020360054975016566
2026-06-12,0.002250168901748204
2026-06-15,0.013102876975336514
2026-06-16,-0.001635199524539663
2026-06-17,-0.009889269487359943
2026-06-18,0.006467996317290959
2026-06-22,-0.001937564939669395
2026-06-23,-0.014605034997361887
2026-06-24,-0.004076213123275052
2026-06-25,0.004284285302669987
2026-06-26,-0.0006006122892629059
2026-06-29,0.003741998520769182
2026-06-30,0.002613016159252738
2026-07-01,-0.002977320841836539
2026-07-02,0.004616786845922553
2026-07-06,0.00798389547683325
2026-07-07,-0.008850970127766812
2026-07-08,-0.003945450206100357
2026-07-09,0.006246927126820487
2026-07-10,0.001017488043711316
2026-07-13,-0.012627722390837353
2026-07-14,0.006933191173599137
2026-07-15,0.002274476257313108
2026-07-16,-0.007900029758620648
2026-07-17,-0.002297018193688976
2026-07-20,-0.002702014214251543
2026-07-21,0.00951210033488273
2026-07-22,0.0014998734489945168
2026-07-23,-0.010112304999821938
2026-07-24,1.116408448825903e-06
2026-07-27,0.003340394157911771
2026-07-28,-0.0027778258000785527
2026-07-29,-0.006851939758179434
2026-07-30,0.014583591025662607
2026-07-31,-0.0028718309260811117
2026-08-03,0.005982873127864196
2026-08-04,0.011405125129929328
2026-08-05,0.0074772442827800885
2026-08-06,-0.001742653593514375
2026-08-07,0.009583004526656653
2026-08-10,-3.819066558349877e-05
2026-08-11,-0.0009962129162607732
2026-08-12,0.004821126664512882
2026-08-13,-7.488449764345715e-06
2026-08-14,0.00023595995992782153
2026-08-17,0.0006437479252593623
2026-08-18,-0.009328998608024957
2026-08-19,0.01155006223722878
2026-08-20,-0.0023533189503720468
2026-08-21,0.006751667237098926
2026-08-24,0.0001521151040525799
2026-08-25,0.004963541226899609
2026-08-26,-0.004543889018546377
2026-08-27,0.0023595043287379987
2026-08-28,-0.00983671936196076
2026-08-31,-0.0018771117094312632
2026-09-01,-0.010653571461252717
2026-09-02,0.005896007611112455
2026-09-03,0.009421460072713224
2026-09-04,-0.001380090707320568
2026-09-08,-0.00636164665727132
2026-09-09,-0.00201754859860431
2026-09-10,-0.010103066245303596
2026-09-11,0.005667466785050444
2026-09-14,-0.007472185950631997
2026-09-15,-0.0015567563851025226
2026-09-16,-0.0033644048929184368
