date,returns
2009-01-02,0.0
2009-01-05,-0.0024037910235545864
2009-01-06,-0.002501341013893115
2009-01-07,-0.011030322868512778
2009-01-08,-0.00567169390575525
2009-01-09,-0.006494344294953713
2009-01-12,-0.0003986407512571862
2009-01-13,0.0019414103840303288
2009-01-14,-0.007527345471194365
2009-01-15,0.008450703274034148
2009-01-16,0.005021588848107912
2009-01-20,-0.01681945951242082
2009-01-21,-0.0002914908272282139
2009-01-22,0.003683803089637892
2009-01-23,-0.007885430700671818
2009-01-26,0.0009613527042591873
2009-01-27,0.012190753924112216
2009-01-28,0.004786721384291743
2009-01-29,-0.0071714130393849725
2009-01-30,-0.012561266096745266
2009-02-02,-0.004247459524330319
2009-02-03,0.011229701991545344
2009-02-04,-0.011050046872001626
2009-02-05,-0.0030244116457867035
2009-02-06,0.0128376608733654
2009-02-09,-0.004113029163405515
2009-02-10,-0.02031780697360959
2009-02-11,0.00749071369133923
2009-02-12,0.00520229341120918
2009-02-13,-0.005283942375380209
2009-02-17,-0.0057962951861242834
2009-02-18,0.0027904644525772273
2009-02-19,0.0009872039220350944
2009-02-20,-0.0013956620855123591
2009-02-23,-0.01599050082501739
2009-02-24,0.012164309307523501
2009-02-25,-0.0056263889956200235
2009-02-26,-0.012908700780077827
2009-02-27,0.004515914994005722
2009-03-02,-0.009873763393903485
2009-03-03,-0.004141449139012668
2009-03-04,0.051408852873810626
2009-03-05,-0.011223715756721767
2009-03-06,0.002070954994181291
2009-03-09,-0.04653041362461967
2009-03-10,0.12730771063545757
2009-03-11,-0.0026391221658701343
2009-03-12,0.012998658641619702
2009-03-13,0.007210893485546275
2009-03-16,-0.0052954561678628135
2009-03-17,0.010457247526163057
2009-03-18,0.008347861344047663
2009-03-19,-0.0037183426026728074
2009-03-20,-0.003152890253437976
2009-03-23,0.019349901401435075
2009-03-24,-0.007520364884168828
2009-03-25,0.006724472056325394
2009-03-26,0.012106315598976526
2009-03-27,-0.006061027863719709
2009-03-30,-0.005904629272469614
2009-03-31,0.0008599585807018737
2009-04-01,0.004349667900745158
2009-04-02,0.009281448749636632
2009-04-03,-0.0017302781514723091
2009-04-06,-0.00503646666459784
2009-04-07,-0.00795703589903791
2009-04-08,0.0069118463928539795
2009-04-09,-1.1775836897306774e-05
2009-04-13,-0.0011738649021819114
2009-04-14,-0.006024145920556101
2009-04-15,0.0037647976225178847
2009-04-16,0.0066980296093583
2009-04-17,-0.0010959469754055285
2009-04-20,-0.005849777934005886
2009-04-21,0.0022771738573859296
2009-04-22,-0.0034122329775347028
2009-04-23,0.01012835962257375
2009-04-24,-0.0001492360186538897
2009-04-27,0.0010754554758710725
2009-04-28,0.0002870147936909176
2009-04-29,0.005145420853939158
2009-04-30,-0.0022695047682832056
2009-05-01,-0.0023918766933625343
2009-05-04,0.008560323023400884
2009-05-05,0.0031911640113197887
2009-05-06,-0.005563780300786493
2009-05-07,-0.006207646990947343
2009-05-08,0.008129176306964383
2009-05-11,0.0001397042268265463
2009-05-12,0.002254347939623343
2009-05-13,-0.005382563689345508
2009-05-14,0.00300333135802595
2009-05-15,-0.001155571087628893
2009-05-18,0.009469179628944594
2009-05-19,-3.589840246070509e-05
2009-05-20,0.0037275524105409913
2009-05-21,-0.004225442238714734
2009-05-22,0.0025882352060748936
2009-05-26,0.008757324437327591
2009-05-27,-0.007910347288210473
2009-05-28,-0.00011079961867391567
2009-05-29,0.006936094962613045
2009-06-01,0.02521111139013793
2009-06-02,0.001311958595644582
2009-06-03,-0.007314644387395029
2009-06-04,0.009046943359891146
2009-06-05,0.00195443567327906
2009-06-08,-0.0030140400345075673
2009-06-09,0.0042478375659704215
2009-06-10,-0.002365640244624211
2009-06-11,0.002263928812281176
2009-06-12,0.001061280279799585
2009-06-15,-0.021330175483287656
2009-06-16,-0.012505195532276157
2009-06-17,0.002770953011269231
2009-06-18,0.003274979968842215
2009-06-19,0.004721056589842602
2009-06-22,-0.027742193147375225
2009-06-23,-0.0010689352429796562
2009-06-24,0.00792405207779129
2009-06-25,0.020582491865442126
2009-06-26,-0.00186063007246706
2009-06-29,0.007664111157356502
2009-06-30,-0.005606030327162258
2009-07-01,0.0029925512720650168
2009-07-02,-0.024399658136871824
2009-07-06,-0.0008228558634757537
2009-07-07,-0.021578105115187943
2009-07-08,0.0030788308498506125
2009-07-09,0.0005748422466055671
2009-07-10,-0.0006589056424656589
2009-07-13,0.022148537828467763
2009-07-14,0.004496158141259694
2009-07-15,0.031088420604472464
2009-07-16,0.00746433181791884
2009-07-17,0.006766040653135993
2009-07-20,0.010035244890007617
2009-07-21,0.006997994652987243
2009-07-22,0.001712634275149757
2009-07-23,0.0212915181641235
2009-07-24,-4.8791683190713706e-05
2009-07-27,0.004208743562374692
2009-07-28,-0.004422027108663201
2009-07-29,0.0003406871419145657
2009-07-30,0.008105791302026252
2009-07-31,0.00032468341207744203
2009-08-03,0.014826412376819122
2009-08-04,0.0020208528679115404
2009-08-05,-0.004862816631530724
2009-08-06,-0.005415250688215321
2009-08-07,0.012777300151916759
2009-08-10,-0.004088664294878596
2009-08-11,-0.010298411326955356
2009-08-12,0.013059383725805895
2009-08-13,0.00587121788551326
2009-08-14,-0.00916526390642099
2009-08-17,-0.0243060117930421
2009-08-18,0.009942843965705677
2009-08-19,0.00822110049673364
2009-08-20,0.009716715688548741
2009-08-21,0.016549073713782288
2009-08-24,-1.7340426335890602e-05
2009-08-25,0.0028689197498519866
2009-08-26,-0.0006215414305499022
2009-08-27,0.002829701294482854
2009-08-28,-0.0005654323639938989
2009-08-31,-0.00820326128780928
2009-09-01,-0.02004251018093644
2009-09-02,-0.0028664287327941464
2009-09-03,0.00720034802003156
2009-09-04,0.0154363268858107
2009-09-08,0.008166223633067208
2009-09-09,0.007090175309248834
2009-09-10,0.0093972888240134
2009-09-11,-0.00014638110815144283
2009-09-14,0.0032630812826893907
2009-09-15,0.0044279009264193755
2009-09-16,0.01397597178927928
2009-09-17,-0.0006408753424302255
2009-09-18,0.0015389887395409392
2009-09-21,-0.0010311351148881817
2009-09-22,0.004141894892960111
2009-09-23,-0.006446280979806896
2009-09-24,-0.008681048886946836
2009-09-25,-0.005610177693292074
2009-09-28,0.015448537489929495
2009-09-29,-0.003866235459669568
2009-09-30,-0.0022156904950689105
2009-10-01,-0.024962022035464902
2009-10-02,-0.0034354413386056405
2009-10-05,0.011525736424418107
2009-10-06,0.015270940706104921
2009-10-07,0.0018458520160701778
2009-10-08,0.006116376613262765
2009-10-09,0.006571191148112453
2009-10-12,0.0028524307573958864
2009-10-13,-0.0009626551307896714
2009-10-14,0.014990308672179329
2009-10-15,0.0018043255538355391
2009-10-16,0.0014319074386445634
2009-10-19,0.008996802022226842
2009-10-20,-0.0032337912137692677
2009-10-21,-0.006783602740879626
2009-10-22,0.009076745157427053
2009-10-23,-0.008196273323190386
2009-10-26,-0.008076025282133546
2009-10-27,-0.006589597464622676
2009-10-28,-0.01762134842168918
2009-10-29,0.01910971467751112
2009-10-30,-0.026901685657632478
2009-11-02,0.00654663544057276
2009-11-03,0.0019238225231051351
2009-11-04,0.002692046220158505
2009-11-05,0.021113798841900858
2009-11-06,0.003537230337538981
2009-11-09,0.021513016969421445
2009-11-10,0.0017904547487222503
2009-11-11,0.005270266047665129
2009-11-12,-0.008385211538396463
2009-11-13,0.006976677211031124
2009-11-16,0.01260073721804111
2009-11-17,0.002503128074192653
2009-11-18,-0.0022130427176472677
2009-11-19,-0.012384785997808664
2009-11-20,-0.003049284075865386
2009-11-23,0.013501632069462435
2009-11-24,-0.0009503106153438818
2009-11-25,0.0034644177341285583
2009-11-27,-0.015080631640662135
2009-11-30,0.0028040706491986875
2009-12-01,0.01126344562757084
2009-12-02,-0.00018160181238421018
2009-12-03,-0.006804868618601667
2009-12-04,0.004600532460380533
2009-12-07,-0.0018942805367833562
2009-12-08,-0.009309238301988964
2009-12-09,0.0062627877039668125
2009-12-10,0.005898354791908866
2009-12-11,0.0025123631599985796
2009-12-14,0.006314959954863313
2009-12-15,-0.004875945504110898
2009-12-16,0.0007274253243997107
2009-12-17,-0.01217269735561764
2009-12-18,0.007812092094299561
2009-12-21,0.00952595056663208
2009-12-22,0.00504384780252071
2009-12-23,0.003104718251305632
2009-12-24,0.006427524344967841
2009-12-28,0.0033866146273474258
2009-12-29,-0.0018616060392793587
2009-12-30,0.0006929509146507872
2009-12-31,-0.009871345192451003
2010-01-04,0.015613176833563785
2010-01-05,0.0003296647537164799
2010-01-06,-0.001599862587351614
2010-01-07,0.002807501523429291
2010-01-08,0.004411015689329107
2010-01-11,0.000421427994183799
2010-01-12,-0.008534821267324499
2010-01-13,0.008887411455567328
2010-01-14,0.0020566676997941214
2010-01-15,-0.010798145254248017
2010-01-19,0.013199418007745942
2010-01-20,-0.011776330333300679
2010-01-21,-0.016758963797757022
2010-01-22,-0.023901852948342225
2010-01-25,0.0037517105543803447
2010-01-26,-0.0011724322212971138
2010-01-27,0.005604448935870374
2010-01-28,-0.016064918102198292
2010-01-29,-0.011584404826274685
2010-02-01,0.013112733180369922
2010-02-02,0.01045021480074949
2010-02-03,-0.0006432113564716365
2010-02-04,-0.028329557003304646
2010-02-05,0.0039055493599672877
2010-02-08,-0.007937682556467126
2010-02-09,0.012427054729328157
2010-02-10,-0.0017776444414165284
2010-02-11,0.012048049681489353
2010-02-12,-0.0006059568417421991
2010-02-16,0.014568149013136807
2010-02-17,0.005312287764520654
2010-02-18,0.00661199855750497
2010-02-19,0.0008052063264575634
2010-02-22,-0.0010997625443281557
2010-02-23,-0.011490257685878082
2010-02-24,0.009149585876349352
2010-02-25,-0.001815174647044785
2010-02-26,0.0014132363312938756
2010-03-01,0.010635395749263536
2010-03-02,0.0019185878169459092
2010-03-03,0.0009201975410064473
2010-03-04,0.003419505972403536
2010-03-05,0.01380140087667327
2010-03-08,0.00017926620477092144
2010-03-09,0.0028183822552904384
2010-03-10,0.004411146905998664
2010-03-11,0.0042655898233831605
2010-03-12,0.0005355260812078944
2010-03-15,-0.00031280679393638175
2010-03-16,0.006331883796564066
2010-03-17,0.00427355334467381
2010-03-18,0.0022965417547612583
2010-03-19,-0.004955144105165558
2010-03-22,0.006223847470123783
2010-03-23,0.007971794361570339
2010-03-24,-0.004650989166524031
2010-03-25,-0.0009078064392619477
2010-03-26,0.00012718383144516001
2010-03-29,0.0052101803750756615
2010-03-30,0.0019951209386806805
2010-03-31,-0.004316881729650804
2010-04-01,0.004283875646144984
2010-04-05,0.007207621540703467
2010-04-06,0.0017759814482471614
2010-04-07,0.004828448109075697
2010-04-08,0.002883940366756464
2010-04-09,0.006275722012864202
2010-04-12,0.003556435089720875
2010-04-13,0.0026222677676822777
2010-04-14,0.0011839447691087998
2010-04-15,0.001629821243477244
2010-04-16,-0.0022583345033182515
2010-04-19,0.0030484552211109163
2010-04-20,0.00544311382187016
2010-04-21,0.004924920914152383
2010-04-22,5.9093436161970986e-05
2010-04-23,0.0006279012846151972
2010-04-26,-0.00034423840274640433
2010-04-27,-0.002282835591628735
2010-04-28,0.004792796454071166
2010-04-29,0.01336858250518349
2010-04-30,-0.016969299714440732
2010-05-03,0.013349737503880452
2010-05-04,-0.024385366748543826
2010-05-05,-0.005413688993665608
2010-05-06,-0.033053920280950534
2010-05-07,-0.01793720539477668
2010-05-10,0.04550362567031913
2010-05-11,-0.0023181357783949074
2010-05-12,0.015861228037391713
2010-05-13,-0.012966617574589832
2010-05-14,-0.017338540134359037
2010-05-17,0.0012622429564823885
2010-05-18,-0.012663705829860544
2010-05-19,-0.006508302518560805
2010-05-20,-0.03659788489395162
2010-05-21,0.01693133818615119
2010-05-24,-0.002408756399833539
2010-05-25,-0.0035189869205411923
2010-05-26,-0.006395039453289859
2010-05-27,0.07691029118000121
2010-05-28,-0.010191374069116386
2010-06-01,-0.0017887535919095623
2010-06-02,0.008181680767364901
2010-06-03,0.0045745094766713465
2010-06-04,-0.03368829175384395
2010-06-07,-0.0028406522535485046
2010-06-08,0.00558763550468979
2010-06-09,0.0010119318978726879
2010-06-10,0.0059865155912375
2010-06-11,0.0007139938956346734
2010-06-14,-0.0004828355205853752
2010-06-15,0.008558458975612826
2010-06-16,0.0016192521412286037
2010-06-17,0.002465548733894006
2010-06-18,0.0010202573960464696
2010-06-21,-0.003920874663926386
2010-06-22,-0.012932600712258338
2010-06-23,-0.00026735159343099595
2010-06-24,-0.003034623202964204
2010-06-25,-0.003778454992642593
2010-06-28,0.003699664995381854
2010-06-29,-0.006982078508859762
2010-06-30,-0.03211299904277981
2010-07-01,-0.007418708177685785
2010-07-02,-0.00555858838796989
2010-07-06,0.011387372868021606
2010-07-07,0.06741546688063718
2010-07-08,0.0065331757516567685
2010-07-09,0.00011522468034722976
2010-07-12,0.00032453457791316147
2010-07-13,0.0037806596344755095
2010-07-14,0.0007429996775734613
2010-07-15,0.0018279462036802667
2010-07-16,-0.008094271724580753
2010-07-19,-0.002239480991790589
2010-07-20,0.009414062506336272
2010-07-21,-0.004596755229490795
2010-07-22,0.005546842412467503
2010-07-23,0.003786568950614577
2010-07-26,0.0031738834436274106
2010-07-27,0.00039625896755327093
2010-07-28,-0.00591246929529648
2010-07-29,-0.005412344726683086
2010-07-30,0.0029303354841935638
2010-08-02,0.0038607542877322557
2010-08-03,-0.004082509444477951
2010-08-04,0.007383004750716216
2010-08-05,-0.0013857702617312792
2010-08-06,-0.002448590537113345
2010-08-09,0.0054002391750328435
2010-08-10,-0.006139514943750834
2010-08-11,-0.02613799772631605
2010-08-12,-0.0010002720202720427
2010-08-13,-0.0009205010749971146
2010-08-16,0.00021535570120268465
2010-08-17,0.004447315079162834
2010-08-18,-0.00040232045213183665
2010-08-19,-0.00139671667220867
2010-08-20,0.0018147138179903696
2010-08-23,0.0003555514363698591
2010-08-24,-0.0016830179477261746
2010-08-25,0.015076192338190011
2010-08-26,-0.0026070942897842217
2010-08-27,0.002781304824006221
2010-08-30,-0.00467109131582036
2010-08-31,0.000710729670213009
2010-09-01,0.009010654366768667
2010-09-02,0.006239177955769263
2010-09-03,0.002495582303577292
2010-09-07,0.00056527132568184
2010-09-08,0.0010103043084496001
2010-09-09,-0.0016879974848493674
2010-09-10,0.0029360306998002413
2010-09-13,0.011177206757624628
2010-09-14,0.00048440116270449915
2010-09-15,0.004963486001579943
2010-09-16,0.0020294408630780734
2010-09-17,0.00148822123430492
2010-09-20,0.015484662104579135
2010-09-21,-0.0004278034474377009
2010-09-22,-0.0032031521179389636
2010-09-23,-0.005072279893686995
2010-09-24,0.019596587222602255
2010-09-27,-0.004584689235604482
2010-09-28,0.0021494915337407577
2010-09-29,-0.0018871440661481008
2010-09-30,-0.0037154070362589173
2010-10-01,0.0022308933324045
2010-10-04,-0.008437521523315571
2010-10-05,0.020514234802056025
2010-10-06,-0.0018356240404492216
2010-10-07,0.00031208699853665207
2010-10-08,0.005871987978181214
2010-10-11,0.0007492564372876961
2010-10-12,0.0033235597246056513
2010-10-13,0.00774145865533105
2010-10-14,-0.0019307899547079236
2010-10-15,0.006961673390524965
2010-10-18,0.0013334454968704213
2010-10-19,-0.010972218118785008
2010-10-20,0.009446855375545656
2010-10-21,0.002724801563478791
2010-10-22,0.002406895950705109
2010-10-25,0.003663209100851391
2010-10-26,0.00112705336167726
2010-10-27,-0.0012050580399902942
2010-10-28,0.00016582112507489523
2010-10-29,7.347178266368666e-05
2010-11-01,0.0004047630625512577
2010-11-02,0.007945766043029946
2010-11-03,0.004114907234748664
2010-11-04,0.0167419813887529
2010-11-05,0.0015521318687290624
2010-11-08,-0.001080500397279692
2010-11-09,-0.005738243019920637
2010-11-10,0.003182974156352073
2010-11-11,-0.005280245613716976
2010-11-12,-0.012173738746632448
2010-11-15,-0.001514794738455799
2010-11-16,-0.015878137774535613
2010-11-17,0.000990182964089708
2010-11-18,0.015437131896494483
2010-11-19,0.0018167204156361537
2010-11-22,0.002047352963143429
2010-11-23,-0.01440918944596685
2010-11-24,0.016129150117208862
2010-11-26,-0.00961619260384781
2010-11-29,0.000760882830925033
2010-11-30,-0.007471537449173145
2010-12-01,0.021680206102856956
2010-12-02,0.010812494110346467
2010-12-03,0.002360929180204984
2010-12-06,-0.0010479565492660572
2010-12-07,0.0003520220886070357
2010-12-08,0.0029467958485083277
2010-12-09,0.0016892893637530631
2010-12-10,0.0052728461130890905
2010-12-13,-0.0004288225140596641
2010-12-14,0.0023974618541536567
2010-12-15,-0.0033702596379194746
2010-12-16,0.005575667362925603
2010-12-17,0.0005810073738126474
2010-12-20,0.0004866237215899107
2010-12-21,0.005766391745695615
2010-12-22,-0.0029077524786499096
2010-12-23,-0.0015759808762820906
2010-12-27,0.004877015625783571
2010-12-28,-0.010445890123852533
2010-12-29,0.009815617484291564
2010-12-30,-0.001191343719859943
2010-12-31,0.0058046204085304655
2011-01-03,0.000651847763837231
2011-01-04,0.0004989857396600989
2011-01-05,-0.009488355010265022
2011-01-06,0.001990406465993929
2011-01-07,0.0020952728767388564
2011-01-10,0.002953997827069307
2011-01-11,-0.0016920237557049803
2011-01-12,-0.0005255677866626654
2011-01-13,0.004308777258541449
2011-01-14,-0.0005443716215600834
2011-01-18,-0.001173045636145553
2011-01-19,-5.2279472569788116e-05
2011-01-20,-0.008808998868484437
2011-01-21,0.004299860643276697
2011-01-24,0.004187080132089075
2011-01-25,0.005329354043613431
2011-01-26,-0.006335026965307581
2011-01-27,0.0037870002002610742
2011-01-28,-0.0058449542197900415
2011-01-31,0.005752696558775746
2011-02-01,0.004466542679199939
2011-02-02,-0.0004030687366874489
2011-02-03,-0.0035538922012517743
2011-02-04,-0.003905661647665562
2011-02-07,0.005450941045620926
2011-02-08,-0.0023403350701670807
2011-02-09,0.004020823390786113
2011-02-10,-0.0059565414890489846
2011-02-11,0.010463823593641973
2011-02-14,0.0011858978738774038
2011-02-15,0.0011145374839285026
2011-02-16,0.001137837974667231
2011-02-17,0.00182571731342358
2011-02-18,-0.0007781607985576638
2011-02-22,-0.0018155598176389318
2011-02-23,-0.0015951500996574043
2011-02-24,0.0003521398764636738
2011-02-25,0.01020035292015469
2011-02-28,0.0031999261166777843
2011-03-01,-0.005650477026962916
2011-03-02,0.0026911164576987707
2011-03-03,0.017621416991748448
2011-03-04,0.0015824394636217904
2011-03-07,-0.009178345341802126
2011-03-08,0.007799352798595888
2011-03-09,-0.0026718873217836674
2011-03-10,-0.017612440954829417
2011-03-11,0.006306602949902727
2011-03-14,-0.004775250066981281
2011-03-15,-0.01249760911057815
2011-03-16,-0.020592397542562136
2011-03-17,0.011897442485469537
2011-03-18,0.0027912831558643126
2011-03-21,0.01663816670475589
2011-03-22,-0.0021735483058546216
2011-03-23,0.004789673262011322
2011-03-24,0.011330699204901923
2011-03-25,0.003220005195693888
2011-03-28,-0.003160658891750206
2011-03-29,0.007517360393910527
2011-03-30,0.005786750963067525
2011-03-31,-0.0005137103211321495
2011-04-01,0.0027878924964131564
2011-04-04,6.7969454775490025e-06
2011-04-05,-0.0012097351655995364
2011-04-06,0.0032790948229984404
2011-04-07,-0.0017882784292235778
2011-04-08,-0.0034082780107900974
2011-04-11,-0.0021266826057682493
2011-04-12,-0.007972063726732948
2011-04-13,0.0030087103628459065
2011-04-14,0.00014298437973060191
2011-04-15,0.0022500471615912454
2011-04-18,-0.010042581447376648
2011-04-19,0.005769334337501638
2011-04-20,0.017371926483885844
2011-04-21,0.005533993024885606
2011-04-25,-0.00014883868411010048
2011-04-26,0.007835762201904156
2011-04-27,0.007066145614622498
2011-04-28,0.0025226119938382223
2011-04-29,0.0021519420732114035
2011-05-02,-0.0016529608222196099
2011-05-03,-0.0028045436133790347
2011-05-04,-0.004970445577728447
2011-05-05,-0.008356874655767777
2011-05-06,0.0042341152101232835
2011-05-09,0.0037049919282576846
2011-05-10,0.007608078327271622
2011-05-11,-0.008916402698389525
2011-05-12,0.005366420590613783
2011-05-13,-0.00920588174681292
2011-05-16,-0.00911306619943131
2011-05-17,-0.0009349852567590726
2011-05-18,0.008162768378833896
2011-05-19,0.0030211667604272225
2011-05-20,-0.007591210451940961
2011-05-23,-0.012311168873281052
2011-05-24,-0.002893532862307335
2011-05-25,0.003349414528623657
2011-05-26,0.0039605067044619436
2011-05-27,0.004117915160938667
2011-05-31,0.012238160098572518
2011-06-01,-0.02218057584312361
2011-06-02,-0.0007692789065131182
2011-06-03,-0.010965610698145655
2011-06-06,-0.007849481237044603
2011-06-07,-0.0014685561264089582
2011-06-08,-0.004282186367756732
2011-06-09,0.005448798438273511
2011-06-10,-0.014552624386386239
2011-06-13,0.0005186374849185984
2011-06-14,0.011940666832514164
2011-06-15,-0.01725257845232009
2011-06-16,0.0013436270576605404
2011-06-17,0.0011864746686683658
2011-06-20,0.005681784793038701
2011-06-21,0.014481746925573021
2011-06-22,-0.006553049452461525
2011-06-23,0.000666009930248938
2011-06-24,-0.01270466986296265
2011-06-27,0.011036684990009758
2011-06-28,0.013199827741584966
2011-06-29,0.006541923173853485
2011-06-30,0.011358496099905916
2011-07-01,0.014654922217952213
2011-07-05,0.0011202433349112983
2011-07-06,0.003088816736418474
2011-07-07,0.010661911131159139
2011-07-08,-0.00513752278614496
2011-07-11,-0.015828848213017027
2011-07-12,-0.005610015797987731
2011-07-13,0.0037701341452959004
2011-07-14,-0.00770599347279139
2011-07-15,0.007560909751165365
2011-07-18,-0.0070403962816071195
2011-07-19,0.018397642563278836
2011-07-20,-0.0020672788145793333
2011-07-21,0.011034929096124635
2011-07-22,0.0024720322820770716
2011-07-25,-0.004749869723583106
2011-07-26,-0.002893118522824336
2011-07-27,-0.020744276951664847
2011-07-28,-0.0019248510740408498
2011-07-29,-0.006508804259410967
2011-08-01,-0.003013918680454215
2011-08-02,-0.024251220987999166
2011-08-03,0.005300456288824168
2011-08-04,-0.012976051340865574
2011-08-05,-0.015562990688102196
2011-08-08,-0.1156832984110952
2011-08-09,0.08799102527970844
2011-08-10,-0.01525713986691512
2011-08-11,0.08753020230480703
2011-08-12,0.001766592587504909
2011-08-15,0.0047553211980684235
2011-08-16,0.0035672744977619194
2011-08-17,0.002226976206517167
2011-08-18,-0.009813667793707927
2011-08-19,-0.000912788830965335
2011-08-22,0.0007195768595841796
2011-08-23,0.012822811609802963
2011-08-24,0.004953346881936198
2011-08-25,-0.007090815679251466
2011-08-26,0.00606098379295843
2011-08-29,0.011815652372715108
2011-08-30,0.0004937852030350842
2011-08-31,-0.0013402037054328635
2011-09-01,-0.0014871304664083986
2011-09-02,-0.006775191658788199
2011-09-06,9.34326330985471e-06
2011-09-07,0.005766359493441411
2011-09-08,-0.0005741723908957238
2011-09-09,-0.013418106349641662
2011-09-12,0.002506033177802588
2011-09-13,0.0025042682412091026
2011-09-14,0.0068849628651915865
2011-09-15,0.0058466568598775906
2011-09-16,0.0031388218030136187
2011-09-19,0.00025205279388483646
2011-09-20,-0.0007409249260515386
2011-09-21,-0.007319824427172465
2011-09-22,-0.008295903454701091
2011-09-23,0.0005599946923665932
2011-09-26,0.010029269337198438
2011-09-27,0.0013173801266936542
2011-09-28,-0.004861010174035798
2011-09-29,-0.0023151643061865776
2011-09-30,-0.004017555900420931
2011-10-03,-0.011964539800273424
2011-10-04,0.004085548410741474
2011-10-05,-0.0005693276418689814
2011-10-06,0.002694341106970315
2011-10-07,0.003878730173876693
2011-10-10,0.008908063872977962
2011-10-11,0.0028483972710656837
2011-10-12,0.0014331769109181738
2011-10-13,0.002416257349559558
2011-10-14,0.003367231460774496
2011-10-17,-0.005022155445963186
2011-10-18,0.005873999494119698
2011-10-19,-0.0027241672775121972
2011-10-20,0.00025160250687500645
2011-10-21,0.0076550949124388964
2011-10-24,0.0006836105718963921
2011-10-25,-0.008173639342602772
2011-10-26,0.0006886692514472546
2011-10-27,0.008049200288440517
2011-10-28,0.0007048254254240494
2011-10-31,-0.021014179809791807
2011-11-01,-0.007130867494612399
2011-11-02,0.004090270887349663
2011-11-03,0.005134258816803157
2011-11-04,0.0019482037934640151
2011-11-07,0.0006596194258474527
2011-11-08,0.006671502089576619
2011-11-09,-0.03467871917280709
2011-11-10,0.0017614810648322232
2011-11-11,0.007944737628945195
2011-11-14,-0.007474110295800682
2011-11-15,0.0011975284558695804
2011-11-16,-0.007286768738823218
2011-11-17,-0.005146008431731198
2011-11-18,0.0007422779130407466
2011-11-21,-0.005947301860750084
2011-11-22,0.0019156796880163362
2011-11-23,-0.006142781064156739
2011-11-25,-0.014634403080002687
2011-11-28,0.06945861311388603
2011-11-29,0.004710942158811153
2011-11-30,0.011837898168256096
2011-12-01,0.0014971892377961017
2011-12-02,-0.0006223560440475063
2011-12-05,0.0028480555011566044
2011-12-06,0.0003861312428611529
2011-12-07,0.00311059500261669
2011-12-08,-0.018739199889444075
2011-12-09,0.004088585624268757
2011-12-12,-0.012809565286821263
2011-12-13,-0.003778151418568536
2011-12-14,-0.0040401422235396165
2011-12-15,0.003034365493123276
2011-12-16,0.0036452489537174867
2011-12-19,-0.0036502172264426718
2011-12-20,0.007946363124535954
2011-12-21,0.003560141185051068
2011-12-22,-0.0026823229031022336
2011-12-23,0.008866101431714981
2011-12-27,0.0016140799918905437
2011-12-28,-0.01208520607096768
2011-12-29,0.009332551815243173
2011-12-30,-0.004415119688794783
2012-01-03,0.016572546687476496
2012-01-04,0.002851384699599233
2012-01-05,0.0035853944773558675
2012-01-06,-0.0008072798687126342
2012-01-09,4.3441766052528506e-05
2012-01-10,0.007262120584945968
2012-01-11,0.0006386425793303548
2012-01-12,0.0027688623345124693
2012-01-13,-0.003918708356671793
2012-01-17,0.005589912776955473
2012-01-18,0.010814514665673805
2012-01-19,0.005302532299088511
2012-01-20,0.0032174957738269547
2012-01-23,-0.0011292642216062434
2012-01-24,-0.0019900284607526483
2012-01-25,0.009172129505183422
2012-01-26,-0.0033691423962270645
2012-01-27,-0.0007139734498019755
2012-01-30,-0.001417257657010651
2012-01-31,-8.728302734696092e-05
2012-02-01,0.007845183769148764
2012-02-02,0.001410736391286234
2012-02-03,0.013265362322059712
2012-02-06,-0.0011334716704292334
2012-02-07,0.002547796643505221
2012-02-08,0.0033167311817162695
2012-02-09,0.0030209325183654435
2012-02-10,-0.007147732443579444
2012-02-13,0.007544010806750738
2012-02-14,0.0006396650732945155
2012-02-15,-0.005963156610745096
2012-02-16,0.011464883490443693
2012-02-17,0.0010172947134943651
2012-02-21,0.0014276359609150103
2012-02-22,-0.0031674359032558205
2012-02-23,0.004854382414941718
2012-02-24,0.002022280125640186
2012-02-27,0.0011422409195545524
2012-02-28,0.0049821257628172135
2012-02-29,-0.004269014665881462
2012-03-01,0.005165593705241081
2012-03-02,-0.001322465327803137
2012-03-05,-0.005279009027887936
2012-03-06,-0.013128123523223798
2012-03-07,0.006955884893221212
2012-03-08,0.008775915236789193
2012-03-09,0.0033027747102227687
2012-03-12,0.0009541534344921169
2012-03-13,0.017946891657979556
2012-03-14,0.0013517870657418392
2012-03-15,0.004190934077239783
2012-03-16,-4.645346154873593e-05
2012-03-19,0.003818318352965577
2012-03-20,-0.00199376924846901
2012-03-21,-0.0014303158777893832
2012-03-22,-0.005092570778870029
2012-03-23,0.0018953570567589429
2012-03-26,0.014421503440611255
2012-03-27,-0.0015057827644214036
2012-03-28,-0.004691818712046105
2012-03-29,-0.001560976455129637
2012-03-30,0.0022926540177694134
2012-04-02,0.007270568603915293
2012-04-03,-0.0029541361955132813
2012-04-04,-0.010887198080727538
2012-04-05,0.0017607332276242328
2012-04-09,-0.009450136156510252
2012-04-10,-0.016372898707405655
2012-04-11,0.006462395481725364
2012-04-12,0.012990734324793203
2012-04-13,-0.012517809718321973
2012-04-16,-0.0025299163310355047
2012-04-17,0.016633082296405487
2012-04-18,-0.0039343103378585076
2012-04-19,-0.007582497273304053
2012-04-20,0.0010351767022619674
2012-04-23,-0.00834543395512432
2012-04-24,0.0010991939076958179
2012-04-25,0.016061707879044474
2012-04-26,0.0073191281638073855
2012-04-27,0.0030094646079164345
2012-04-30,-0.004218112243204717
2012-05-01,0.004392429317724229
2012-05-02,-0.0002983890639474822
2012-05-03,-0.007653871425413772
2012-05-04,-0.01821739123099377
2012-05-07,-5.68540945960626e-05
2012-05-08,-0.0044978643652361806
2012-05-09,-0.004873914629745697
2012-05-10,0.00022118558944719038
2012-05-11,-0.00169561084929856
2012-05-14,-0.0099916475102583
2012-05-15,-0.004663013285850459
2012-05-16,-0.0039598695912559405
2012-05-17,-0.016348056936023037
2012-05-18,-0.009504416534103444
2012-05-21,0.019296873611861186
2012-05-22,0.00023144661684091155
2012-05-23,0.0005352289418809899
2012-05-24,-0.0005883390868201561
2012-05-25,-0.003737657429990185
2012-05-29,0.01189873286653465
2012-05-30,-0.011845871648092029
2012-05-31,-0.00299080634025048
2012-06-01,-0.024542659477279904
2012-06-04,0.0018913945106587148
2012-06-05,0.004749283589319987
2012-06-06,0.022914273292908995
2012-06-07,0.00032807682690107133
2012-06-08,0.0083320040444454
2012-06-11,-0.01378397630999878
2012-06-12,0.012184347895538619
2012-06-13,-0.006295815888125693
2012-06-14,0.008603404843712888
2012-06-15,0.010730061807087665
2012-06-18,0.0033570603082202785
2012-06-19,0.009160752621453752
2012-06-20,-0.0005125099735359663
2012-06-21,-0.022414310815603758
2012-06-22,0.008236093437921211
2012-06-25,-0.015753987397142188
2012-06-26,0.004666141354391197
2012-06-27,0.00748225293175256
2012-06-28,-0.005359694226730816
2012-06-29,0.02596421331008439
2012-07-02,0.0017990765565858405
2012-07-03,0.007079904450475854
2012-07-05,-0.002193417271121427
2012-07-06,-0.010499406352805381
2012-07-09,-0.0018997889303504474
2012-07-10,-0.008568021895411213
2012-07-11,-0.0029962000799872678
2012-07-12,-0.005728508008861809
2012-07-13,0.016090634796610423
2012-07-16,-0.0030274434947994058
2012-07-17,0.005864815776377111
2012-07-18,0.010028122351042695
2012-07-19,0.005601285439447509
2012-07-20,-0.010294968058940146
2012-07-23,-0.010407164163826022
2012-07-24,-0.008240124572806002
2012-07-25,-0.000589920560956118
2012-07-26,0.015337858316338163
2012-07-27,0.019206152922203536
2012-07-30,-0.0006127347649418389
2012-07-31,-0.004175344172311454
2012-08-01,-0.001903697080562236
2012-08-02,-0.00578093796692143
2012-08-03,0.018608622475853553
2012-08-06,0.003716427389755524
2012-08-07,0.005740405013729964
2012-08-08,0.0006546591963123031
2012-08-09,0.0013812542111511963
2012-08-10,0.0016228592627051703
2012-08-13,-7.615308449357341e-05
2012-08-14,0.0003014973338843764
2012-08-15,0.0014115818006194068
2012-08-16,0.008675407902907587
2012-08-17,0.002475646681974854
2012-08-20,0.00044537128824610284
2012-08-21,-0.0038495638431910737
2012-08-22,0.0008721128373483232
2012-08-23,-0.008216345962582796
2012-08-24,0.00660870976192145
2012-08-27,-0.00012850423422837084
2012-08-28,-0.0008074702266087695
2012-08-29,0.00039996242301562157
2012-08-30,-0.008376091918340007
2012-08-31,0.006263399311428266
2012-09-04,-0.0022365443515733902
2012-09-05,-0.00030708954343938006
2012-09-06,0.020519132960986265
2012-09-07,0.0010540198993381979
2012-09-10,-0.007515517152332349
2012-09-11,0.0018082890285263786
2012-09-12,0.00279980125067799
2012-09-13,0.014614330842377139
2012-09-14,0.005705623127419332
2012-09-17,-0.0017432864706586563
2012-09-18,0.0002195334197193146
2012-09-19,0.001114590982534618
2012-09-20,0.00018235932606412556
2012-09-21,-0.0005013764120189975
2012-09-24,-0.002914906913091692
2012-09-25,-0.010767909494267269
2012-09-26,-0.005763635612614456
2012-09-27,0.009614525579353841
2012-09-28,-0.005729879288417605
2012-10-01,0.0020894065378223754
2012-10-02,0.0006551356132111545
2012-10-03,0.004073433980886182
2012-10-04,0.005572124418481582
2012-10-05,-0.00081736538193651
2012-10-08,-0.005056626112064539
2012-10-09,-0.011332927612923711
2012-10-10,-0.00699649403997865
2012-10-11,-0.0012628226200730776
2012-10-12,-0.0012476821310971286
2012-10-15,0.007468717703493056
2012-10-16,0.011338690286372138
2012-10-17,0.0016086762722432562
2012-10-18,-0.005057766974011033
2012-10-19,-0.01871941036993245
2012-10-22,0.0017980662728085683
2012-10-23,-0.01362676007218475
2012-10-24,-0.002748895841875849
2012-10-25,0.0016573539779315993
2012-10-26,0.0008411779895788693
2012-10-31,-0.002576558000547577
2012-11-01,0.011772171566387718
2012-11-02,-0.009821163323824206
2012-11-05,0.003452326312934354
2012-11-06,0.006139979757534613
2012-11-07,-0.022512420556172707
2012-11-08,-0.012571927872628251
2012-11-09,0.001581521085278575
2012-11-12,0.0005134718864923737
2012-11-13,-0.004827944635002744
2012-11-14,-0.01303493023725439
2012-11-15,-0.007789417694056847
2012-11-16,0.007091571744097982
2012-11-19,0.05155779952598909
2012-11-20,0.00045681699082727973
2012-11-21,0.00244761549372572
2012-11-23,0.014124948767680022
2012-11-26,-0.0002218480423069486
2012-11-27,-0.0049850599154469735
2012-11-28,0.008046750562558599
2012-11-29,0.004829567849618228
2012-11-30,-0.0005925616204305224
2012-12-03,-0.003707286037806687
2012-12-04,-0.0010841939312580923
2012-12-05,-0.0009685448632080589
2012-12-06,0.004566822860540302
2012-12-07,0.0011091295278733934
2012-12-10,0.00156734358462756
2012-12-11,0.008533171282760606
2012-12-12,-0.0005193432346465024
2012-12-13,-0.006416947094356022
2012-12-14,-0.005303726287352387
2012-12-17,0.010818617401776812
2012-12-18,0.011578505997674716
2012-12-19,-0.0062511003704896675
2012-12-20,0.0033511396978537777
2012-12-21,-0.009006251348567336
2012-12-24,-0.0037693138645510885
2012-12-26,-0.004724220530992613
2012-12-27,-0.0014986045916807423
2012-12-28,-0.010720979961832428
2012-12-31,0.01659016872262519
2013-01-02,0.027279141574420275
2013-01-03,-0.002841508260822495
2013-01-04,0.0014357970872867789
2013-01-07,-0.002181734300019611
2013-01-08,-0.002732624564296669
2013-01-09,0.0037251507051813343
2013-01-10,0.006717012179190032
2013-01-11,0.0008676724578217919
2013-01-14,-0.0012922452505616522
2013-01-15,-0.0009392423102661842
2013-01-16,0.0008260776821328801
2013-01-17,0.006072567035988961
2013-01-18,0.0010055073157294561
2013-01-22,0.003943056489149339
2013-01-23,0.004312734380401207
2013-01-24,-0.003086226907012185
2013-01-25,0.005021743596887045
2013-01-28,0.0004024223937954087
2013-01-29,0.002779817397420031
2013-01-30,-0.003136889961461062
2013-01-31,-0.002412587388572344
2013-02-01,0.010558019076340727
2013-02-04,0.0016807106726938357
2013-02-05,0.010241711520328508
2013-02-06,-0.0003975001119303668
2013-02-07,-0.0008335938021930604
2013-02-08,0.006331761008366032
2013-02-11,-0.0004646043733686961
2013-02-12,0.0004228520133940398
2013-02-13,0.0010423984809342945
2013-02-14,0.005192578263774293
2013-02-15,-0.0022390361474745905
2013-02-19,0.0061458775637108255
2013-02-20,-0.0038523834345669796
2013-02-21,-0.006479825235448671
2013-02-22,0.009745098858723513
2013-02-25,-0.015576412703073512
2013-02-26,0.006253598207908028
2013-02-27,0.011980372347774477
2013-02-28,-0.002113703798083198
2013-03-01,0.0035852417048181867
2013-03-04,0.004037160814871581
2013-03-05,0.010904789709866887
2013-03-06,0.0008006806578818946
2013-03-07,0.0021793393206246386
2013-03-08,-0.004089063460677203
2013-03-11,0.0020841975936117156
2013-03-12,0.0031137424897243523
2013-03-13,-0.0002988594195068451
2013-03-14,0.000635113455776228
2013-03-15,0.0018043966848093136
2013-03-18,0.0021629109015438093
2013-03-19,0.003042079864815279
2013-03-20,0.005845782066394331
2013-03-21,0.001437371733909411
2013-03-22,0.008247922861231383
2013-03-25,-0.004194149412586693
2013-03-26,0.006943827116330249
2013-03-27,0.0046689437204303985
2013-03-28,-0.0015105131172092217
2013-04-01,0.0023710309539607226
2013-04-02,0.006307182074672919
2013-04-03,0.0006741793610995708
2013-04-04,0.0028943122296433005
2013-04-05,-0.005319431866925918
2013-04-08,0.005491380597452307
2013-04-09,0.00466814739397438
2013-04-10,0.013463860560973446
2013-04-11,0.002276274399335554
2013-04-12,0.0074532459151165605
2013-04-15,-0.00464111012263924
2013-04-16,0.012875853684084794
2013-04-17,-0.014585955152359418
2013-04-18,-0.008432629444618726
2013-04-19,0.007665386769718824
2013-04-22,0.005313296663966289
2013-04-23,0.01003910639968338
2013-04-24,-0.000723293217498023
2013-04-25,0.003838835345115206
2013-04-26,-0.0013738490600330418
2013-04-29,0.00751624905093401
2013-04-30,0.00358300313230498
2013-05-01,-0.007353808006075788
2013-05-02,0.010093857811177413
2013-05-03,0.010471318704186267
2013-05-06,-0.00015392187862162815
2013-05-07,-0.00037790799734738027
2013-05-08,0.002968100832601927
2013-05-09,-0.0023367432591480035
2013-05-10,-0.004158482906808919
2013-05-13,-0.004030888485767598
2013-05-14,-0.0019247596502555012
2013-05-15,0.005445743043369628
2013-05-16,0.004176847614672812
2013-05-17,-0.0025763978598954086
2013-05-20,-0.0009066000424716355
2013-05-21,0.005041486772259063
2013-05-22,-0.011480392470805291
2013-05-23,0.0016460768811461268
2013-05-24,0.00042257509822561965
2013-05-28,-0.010537532224725345
2013-05-29,0.0029970230211853553
2013-05-30,0.00043839511752990167
2013-05-31,-0.007658155654902841
2013-06-03,0.005091348714828879
2013-06-04,-0.0047891696442742635
2013-06-05,-0.014114973953697662
2013-06-06,0.0067393123187933415
2013-06-07,0.013389863675840443
2013-06-10,-0.0001053540605016933
2013-06-11,-0.008962897172465562
2013-06-12,-0.009569626761452333
2013-06-13,0.013519034968872908
2013-06-14,-0.006713081440190078
2013-06-17,0.008275021487314667
2013-06-18,0.008274578817811674
2013-06-19,-0.01268861848183965
2013-06-20,-0.023929165130033063
2013-06-21,0.0003385574572829077
2013-06-24,-0.010800853206184347
2013-06-25,0.007967716287631148
2013-06-26,0.009665344810120456
2013-06-27,0.0058627645441027935
2013-06-28,-0.003936768514685647
2013-07-01,0.005963036002291795
2013-07-02,-0.0012683145597852793
2013-07-03,0.002851342876289794
2013-07-05,0.009444100759421144
2013-07-08,0.004437099635791209
2013-07-09,0.006106434771108645
2013-07-10,0.0018433338367216108
2013-07-11,0.014809633965161571
2013-07-12,0.0011536284253906124
2013-07-15,0.003042273922151474
2013-07-16,-0.002424145302555224
2013-07-17,0.0020005109561845045
2013-07-18,0.002916139724144417
2013-07-19,-0.0028808793972864995
2013-07-22,0.0016093878886529831
2013-07-23,-0.00261270101764137
2013-07-24,-0.0007308527652522206
2013-07-25,0.002948789070493918
2013-07-26,0.0022151526695635103
2013-07-29,-0.002140800952120613
2013-07-30,0.0017282409005018437
2013-07-31,0.0007053625236470497
2013-08-01,0.009499228528975102
2013-08-02,0.007157704357213991
2013-08-05,-0.004622074086817425
2013-08-06,-0.0011071962746067676
2013-08-07,-0.0023545503900144074
2013-08-08,0.003204265393878589
2013-08-09,-0.0035579018319619547
2013-08-12,0.0002196690093559075
2013-08-13,0.0037470759776411116
2013-08-14,-0.005375619002686872
2013-08-15,-0.015093525245996069
2013-08-16,-0.0017558685175820847
2013-08-19,-0.00438393196822419
2013-08-20,0.003130213151346265
2013-08-21,-0.005655406939600129
2013-08-22,0.008029965521763178
2013-08-23,0.004333315118490113
2013-08-26,-0.0024158422922365393
2013-08-27,-0.016057586633726667
2013-08-28,0.0036918156581903167
2013-08-29,0.0033754627047006096
2013-08-30,-0.004129263278254643
2013-09-03,0.004011086091690549
2013-09-04,0.008751950557821147
2013-09-05,0.0008647124815487269
2013-09-06,0.0004936739181736407
2013-09-09,0.010195248430921428
2013-09-10,0.006989409281013714
2013-09-11,0.003326739516430401
2013-09-12,-0.0013576272373588137
2013-09-13,0.0023850694469278342
2013-09-16,0.003690432142911414
2013-09-17,0.004475477423533365
2013-09-18,0.010868764169039355
2013-09-19,-0.000528104683944208
2013-09-20,-0.007110747186004291
2013-09-23,-0.0034828285333600283
2013-09-24,-0.002166242392629502
2013-09-25,-0.0034963588480931207
2013-09-26,0.00506499005231374
2013-09-27,-0.003535174566195589
2013-09-30,-0.0051874266255024885
2013-10-01,0.007447332939725611
2013-10-02,-0.0018142760001459953
2013-10-03,-0.009891579160153655
2013-10-04,0.0071247303103416934
2013-10-07,-0.008817761881738384
2013-10-08,-0.013713565830325304
2013-10-09,-0.00027413768396673756
2013-10-10,0.021413902148110026
2013-10-11,0.007447638561936847
2013-10-14,0.005088894242425633
2013-10-15,-0.0068464475592830715
2013-10-16,0.01319898069885251
2013-10-17,0.004097138852168671
2013-10-18,0.008435016537934284
2013-10-21,0.0006306488052126461
2013-10-22,0.003934138058237571
2013-10-23,-0.004587846539701403
2013-10-24,0.004677687376778757
2013-10-25,0.005348635143210496
2013-10-28,0.0004461993003070456
2013-10-29,0.004689591246313669
2013-10-30,-0.005089058330804766
2013-10-31,-0.002946131033722538
2013-11-01,0.0020986730267036364
2013-11-04,0.002082697874893912
2013-11-05,-0.001058963880697596
2013-11-06,0.004460913471170183
2013-11-07,-0.013369424992713222
2013-11-08,0.01249927676776374
2013-11-11,-0.0002073729800647951
2013-11-12,-0.0006692446921643087
2013-11-13,0.008163634398705846
2013-11-14,0.004115612205664701
2013-11-15,0.0029252409848136806
2013-11-18,0.001380415269404598
2013-11-19,-0.005158468884986676
2013-11-20,-0.0030153215757589514
2013-11-21,0.008365446667867744
2013-11-22,0.007236708126113864
2013-11-25,0.0017734645600426893
2013-11-26,0.0027127150879658352
2013-11-27,0.0006774738582539473
2013-11-29,0.0005150402053483955
2013-12-02,-0.005705188555824872
2013-12-03,0.00036375500894300465
2013-12-04,-0.00020705962936179147
2013-12-05,-0.0032357104355455997
2013-12-06,0.0104438135738949
2013-12-09,0.0023298515185412798
2013-12-10,0.002736331278344237
2013-12-11,-0.01096298375521519
2013-12-12,-0.0037319850312538703
2013-12-13,-8.646149793692452e-05
2013-12-16,0.006568010292958927
2013-12-17,-0.0019731125797533035
2013-12-18,0.015832783320608022
2013-12-19,-0.0010582953275499532
2013-12-20,0.006390207498893703
2013-12-23,-0.00022975032615109607
2013-12-24,-0.003394754724084858
2013-12-26,0.00030841962842228414
2013-12-27,-0.0018988196214604208
2013-12-30,0.0036574115838420977
2013-12-31,-0.001127787304597626
2014-01-02,-0.0023128522659013086
2014-01-03,-0.0006695979004136772
2014-01-06,0.0008918971126343754
2014-01-07,0.007325650717700789
2014-01-08,-0.0015687581301777299
2014-01-09,0.002895541616635051
2014-01-10,0.007546223680218322
2014-01-13,-0.003116737923194208
2014-01-14,0.012461819614546026
2014-01-15,0.006830178572663788
2014-01-16,0.003069144138530107
2014-01-17,0.0009327044354803351
2014-01-21,0.0028074072067184657
2014-01-22,0.0005601458241157233
2014-01-23,-0.007427463463517056
2014-01-24,-0.02032385546128304
2014-01-27,-0.005859090588529345
2014-01-28,0.0037140422216130472
2014-01-29,-0.01063055908247609
2014-01-30,0.011968913237154051
2014-01-31,-0.0058151272404671035
2014-02-03,-0.02203281966816646
2014-02-04,0.00599716064181627
2014-02-05,-0.0010819713699301845
2014-02-06,0.012884343843770449
2014-02-07,0.013607386199825681
2014-02-10,0.002492529199052649
2014-02-11,0.011683403727587029
2014-02-12,0.0007135058736938591
2014-02-13,0.005428752880303964
2014-02-14,0.005166532317041032
2014-02-18,0.0016996817975935392
2014-02-19,-0.006345267931373174
2014-02-20,0.005172261931362718
2014-02-21,-0.0009650946669494576
2014-02-24,0.0053901412546130305
2014-02-25,-0.000825713739762916
2014-02-26,0.00040543201703517135
2014-02-27,0.005387769382221168
2014-02-28,0.00141182050506317
2014-03-03,-0.007924799836292854
2014-03-04,0.013337808551005227
2014-03-05,0.00067633492105028
2014-03-06,0.0019429654979367646
2014-03-07,-0.001036304989432447
2014-03-10,-0.0005778388093572481
2014-03-11,-0.0042470875579795255
2014-03-12,0.0009811585140292356
2014-03-13,-0.012903560772091014
2014-03-14,-0.004068967377914751
2014-03-17,0.009503922684250644
2014-03-18,0.00829798064598682
2014-03-19,-0.005802916147691937
2014-03-20,0.005128541708909087
2014-03-21,-0.006144925114250571
2014-03-24,-0.004717138173605768
2014-03-25,0.004619734571861965
2014-03-26,-0.0088590636373682
2014-03-27,-0.002680180026394965
2014-03-28,0.0034737700534676315
2014-03-31,0.00794401226213511
2014-04-01,0.009484175698381192
2014-04-02,0.002825931488585639
2014-04-03,-0.00315755254255832
2014-04-04,-0.01573726357717498
2014-04-07,-0.01035557864515216
2014-04-08,0.004781047498820821
2014-04-09,0.012910575653895626
2014-04-10,-0.022666877920373425
2014-04-11,-0.009862392330577932
2014-04-14,0.008221070623581545
2014-04-15,0.005293760475530804
2014-04-16,0.011311763659202796
2014-04-17,0.00026714303231615855
2014-04-21,0.004186790183107791
2014-04-22,0.005708586581720536
2014-04-23,-0.004016934145158959
2014-04-24,0.0039263527755870045
2014-04-25,-0.010747262879931168
2014-04-28,0.0038110439882099315
2014-04-29,0.005879024062408423
2014-04-30,0.002784290121458426
2014-05-01,0.000572095945470503
2014-05-02,-0.0020513710345991063
2014-05-05,0.0027447954741872875
2014-05-06,-0.009628049864321808
2014-05-07,0.0036794380543347873
2014-05-08,-1.5181883532838975e-05
2014-05-09,0.0024629094790806433
2014-05-12,0.010854732456418749
2014-05-13,0.0010257628990804654
2014-05-14,-0.005189536540321781
2014-05-15,-0.008679915441863225
2014-05-16,0.004300702547779091
2014-05-19,0.0037367769011733645
2014-05-20,-0.006123538601913964
2014-05-21,0.009370435729885763
2014-05-22,0.002678190055956501
2014-05-23,0.005068232499419978
2014-05-27,0.007494334563038386
2014-05-28,-0.0020280364903922645
2014-05-29,0.005247944600602506
2014-05-30,0.000874386582379522
2014-06-02,0.0005850390135988619
2014-06-03,-0.0006742079269334583
2014-06-04,0.0021434518029125747
2014-06-05,0.006998520051498046
2014-06-06,0.005369092486571538
2014-06-09,-0.0004629324430090604
2014-06-10,-0.0017622802191734556
2014-06-11,-0.0004765392414004797
2014-06-12,-0.0074658266860394085
2014-06-13,0.0026512646874782666
2014-06-16,0.0007031216161912024
2014-06-17,0.0017239710275769793
2014-06-18,0.006167845623724483
2014-06-19,-0.006753838796211444
2014-06-20,0.004973637750250638
2014-06-23,-0.0018723896758292224
2014-06-24,0.0032708998600505597
2014-06-25,0.004437889350446267
2014-06-26,-0.0004551172954937598
2014-06-27,0.00229217251813408
2014-06-30,-0.00015085358531103862
2014-07-01,0.008496760268003395
2014-07-02,-0.005505123569349532
2014-07-03,0.0006084379017871349
2014-07-07,0.002240576449774211
2014-07-08,0.002512006698460888
2014-07-09,0.005405690564666575
2014-07-10,-0.001564861589693089
2014-07-11,0.003076906411901008
2014-07-14,0.0058202563639262
2014-07-15,-0.0019443028820376805
2014-07-16,0.0039059385508356196
2014-07-17,0.001894317595998755
2014-07-18,0.010946103641348
2014-07-21,-0.0018200676592671256
2014-07-22,0.004672551082177635
2014-07-23,0.0025466216080892085
2014-07-24,-0.0005968712818412151
2014-07-25,-0.005355663875284611
2014-07-28,0.0007254821799529648
2014-07-29,-0.003250537197114181
2014-07-30,0.0007957510534855452
2014-07-31,-0.019657076218080455
2014-08-01,-0.0036990319554196997
2014-08-04,0.006251420500979465
2014-08-05,-0.008622187296402493
2014-08-06,0.00041334626967553937
2014-08-07,-0.0041815214183699365
2014-08-08,0.009888719845754823
2014-08-11,0.003377064594435282
2014-08-12,-0.0007246412818839328
2014-08-13,0.007817092684466868
2014-08-14,0.004532431668060171
2014-08-15,0.0006882959379329805
2014-08-18,0.008766261582813115
2014-08-19,0.005258514744176475
2014-08-20,0.00226171390438927
2014-08-21,0.00277720205635046
2014-08-22,-0.0005975639696607823
2014-08-25,0.004332371052870791
2014-08-26,0.0011525330207630335
2014-08-27,8.90947462972493e-05
2014-08-28,-0.0010188878166877693
2014-08-29,0.002425451982840495
2014-09-02,0.00025166385950605916
2014-09-03,-0.0019306340811255066
2014-09-04,-0.0009038779708558159
2014-09-05,0.004338282875588304
2014-09-08,-0.0005724588793191471
2014-09-09,-0.006728916046378411
2014-09-10,0.005120118907379884
2014-09-11,-0.00019948526245302026
2014-09-12,-0.004844115647547298
2014-09-15,-0.002741433098229007
2014-09-16,0.007518172022568567
2014-09-17,0.0013431987036582802
2014-09-18,0.006300661771569443
2014-09-19,-2.7618764749353123e-05
2014-09-22,-0.007697090727577278
2014-09-23,-0.005124770343691346
2014-09-24,0.009294972530520907
2014-09-25,-0.01749968085306472
2014-09-26,0.009222824459971489
2014-09-29,-0.0017602131048747084
2014-09-30,-0.000887313290633617
2014-10-01,-0.014549407758721433
2014-10-02,-7.820180130044367e-06
2014-10-03,0.01106316909072386
2014-10-06,-0.0014046135503159134
2014-10-07,-0.01517623140689137
2014-10-08,0.017851941788248525
2014-10-09,-0.018414142149741186
2014-10-10,-0.014539979126964683
2014-10-13,-0.015301905565184615
2014-10-14,0.0021507232689636324
2014-10-15,-0.009922967328444192
2014-10-16,-0.012752932905938402
2014-10-17,0.025911266954166297
2014-10-20,0.0086233901631305
2014-10-21,0.019721116734324737
2014-10-22,-0.00693172890740153
2014-10-23,0.013094794084408775
2014-10-24,0.00787601475865234
2014-10-27,5.6837651593969276e-05
2014-10-28,0.012405849322282243
2014-10-29,-0.0022561904667383276
2014-10-30,0.007122903705584055
2014-10-31,0.012011926439483714
2014-11-03,0.0010027409123967153
2014-11-04,-0.0020873400392371565
2014-11-05,0.0042101886600258796
2014-11-06,0.0037983284358902945
2014-11-07,0.000564870477125662
2014-11-10,0.0029337619588287994
2014-11-11,0.0015091358918202925
2014-11-12,0.000269816502335885
2014-11-13,0.0025738603087264856
2014-11-14,0.0009562500843140401
2014-11-17,-0.0005381089835076931
2014-11-18,0.005312272088822379
2014-11-19,-0.002115396417956794
2014-11-20,0.002680092345552359
2014-11-21,0.004107591953253165
2014-11-24,0.0037387505253843266
2014-11-25,0.0005735161621779341
2014-11-26,0.003132086091468415
2014-11-28,0.0010402752585507544
2014-12-01,-0.007068556349710792
2014-12-02,0.005286225305227957
2014-12-03,0.002628761847951668
2014-12-04,-0.0007667416177177908
2014-12-05,0.001835072936859329
2014-12-08,-0.006398052408857694
2014-12-09,-0.00024236991024936079
2014-12-10,-0.015584731281775992
2014-12-11,0.00467780698341489
2014-12-12,-0.01472759446690635
2014-12-15,-0.008092426210325413
2014-12-16,-0.009895590857336507
2014-12-17,0.017964249486857726
2014-12-18,0.02432803080471722
2014-12-19,0.003346146504547824
2014-12-22,0.00555347098878081
2014-12-23,0.0005017391246092977
2014-12-24,0.00032126278929747997
2014-12-26,0.0037411308043879266
2014-12-29,0.00023248856195968464
2014-12-30,-0.005222475434085884
2014-12-31,-0.009662523387428346
2015-01-02,-0.0010712244344540922
2015-01-05,-0.016713916131468904
2015-01-06,-0.01037929736069695
2015-01-07,0.012680738379287505
2015-01-08,0.018295661635392556
2015-01-09,-0.007734895437366143
2015-01-12,-0.007932933088828354
2015-01-13,-0.001523711231339755
2015-01-14,-0.0074955704824818115
2015-01-15,-0.009298257737724143
2015-01-16,0.011668341519394262
2015-01-20,0.003798122607743851
2015-01-21,0.004242078959523156
2015-01-22,0.016035116260359365
2015-01-23,-0.003889544826803857
2015-01-26,0.0005551055047935314
2015-01-27,-0.01858690654287536
2015-01-28,-0.009564104470252025
2015-01-29,0.01051000748815403
2015-01-30,-0.011465350100430882
2015-02-02,0.010555081551758896
2015-02-03,0.013885011110517558
2015-02-04,-0.001181016633918479
2015-02-05,0.01005880858266877
2015-02-06,-0.003809949589916311
2015-02-09,-0.00442893371750519
2015-02-10,0.011418389448318175
2015-02-11,0.0017685245113018412
2015-02-12,0.0092248844175645
2015-02-13,0.005184622553045719
2015-02-17,0.0012585273567520122
2015-02-18,0.0003241286473714451
2015-02-19,0.000745299554302043
2015-02-20,0.007080884875540466
2015-02-23,-0.00010166173576254975
2015-02-24,0.002989348129230523
2015-02-25,-0.0010349948579653958
2015-02-26,0.0014274407652115427
2015-02-27,-0.0041108254626044
2015-03-02,0.007873589228403245
2015-03-03,-0.004403061730648814
2015-03-04,-0.0046806691656927895
2015-03-05,0.0016695794831190118
2015-03-06,-0.013533498793363505
2015-03-09,0.004928359318695289
2015-03-10,-0.01737864884099159
2015-03-11,-0.0033728038156620958
2015-03-12,0.011332377376768373
2015-03-13,-0.006107253811408215
2015-03-16,0.01291069653501975
2015-03-17,-0.002797262546527799
2015-03-18,0.011428063923920437
2015-03-19,-0.002954888598590619
2015-03-20,0.008072892694374726
2015-03-23,-0.0015007794503293002
2015-03-24,-0.004937662110352424
2015-03-25,-0.017949014535737585
2015-03-26,-0.0027669806041479795
2015-03-27,0.002731098327627011
2015-03-30,0.01274043232422438
2015-03-31,-0.009823742909073369
2015-04-01,-0.004493501959451958
2015-04-02,0.00251858394757904
2015-04-06,0.007345551648633467
2015-04-07,-0.0017668292459188612
2015-04-08,0.004418089319950093
2015-04-09,0.0047959531535412036
2015-04-10,0.004979247982430997
2015-04-13,-0.0036803824495406684
2015-04-14,0.0006399193103948916
2015-04-15,0.004882382104279634
2015-04-16,-0.0005122896950599451
2015-04-17,-0.01429056134933155
2015-04-20,0.011984720946988969
2015-04-21,-0.0003509771770600844
2015-04-22,0.0049528750399109546
2015-04-23,0.0026856029739579187
2015-04-24,0.005715888086403878
2015-04-27,-0.0029099631930623038
2015-04-28,0.0015704455005115655
2015-04-29,-0.004903021065851351
2015-04-30,-0.01213461168317645
2015-05-01,0.011255928613580001
2015-05-04,0.002490436867301864
2015-05-05,-0.011951666823598623
2015-05-06,-0.004846639055739018
2015-05-07,0.0050022243579927435
2015-05-08,0.013332159169333207
2015-05-11,-0.004286328973480706
2015-05-12,-0.0031817934128372145
2015-05-13,0.0008114961526785738
2015-05-14,0.011683206437227433
2015-05-15,0.0009762420139586368
2015-05-18,0.0028770854379269483
2015-05-19,-3.0373235722466166e-05
2015-05-20,-0.0004114962601772887
2015-05-21,0.0028745627248418252
2015-05-22,-0.0020803459589186597
2015-05-26,-0.010881709426165193
2015-05-27,0.010732586452877987
2015-05-28,-0.0015602596810590874
2015-05-29,-0.006223607923489447
2015-06-01,0.0023529354985736624
2015-06-02,-0.0018699856769334928
2015-06-03,0.0032282537834992745
2015-06-04,-0.00841562561427172
2015-06-05,-0.0026753274907946253
2015-06-08,-0.006780537418218981
2015-06-09,-0.000802742288342673
2015-06-10,0.012995184186810723
2015-06-11,0.0026182968602609484
2015-06-12,-0.008075312928327505
2015-06-15,-0.005003659024317495
2015-06-16,0.005713462708444705
2015-06-17,0.0019735832924041067
2015-06-18,0.011811473338025898
2015-06-19,-0.00513217692603567
2015-06-22,0.006331252732839569
2015-06-23,0.0008742934076363857
2015-06-24,-0.007246581616601027
2015-06-25,-0.003070206781800625
2015-06-26,-0.0014760080248409516
2015-06-29,-0.021392702052337544
2015-06-30,0.0022465520028797613
2015-07-01,0.008298739153481092
2015-07-02,-0.0008531785890834819
2015-07-06,-0.002413915695597824
2015-07-07,0.004686996328708484
2015-07-08,-0.016365128514030686
2015-07-09,0.0008908495345661896
2015-07-10,0.013404267352347954
2015-07-13,0.013713289292578378
2015-07-14,0.005017445544182482
2015-07-15,0.000283483153732895
2015-07-16,0.00883164851263521
2015-07-17,0.004732755408259698
2015-07-20,0.001639117938471629
2015-07-21,-0.00457802549746603
2015-07-22,-0.005774916167155499
2015-07-23,-0.0052106249091006225
2015-07-24,-0.009814341827289555
2015-07-27,-0.00717265540822715
2015-07-28,0.010521077334730176
2015-07-29,0.005684619276259802
2015-07-30,0.0016637603161188989
2015-07-31,-0.001886578496425326
2015-08-03,-0.003893725099129516
2015-08-04,-0.00208696432058507
2015-08-05,0.0038600319226251858
2015-08-06,-0.010418639299854465
2015-08-07,-0.0017755711082205494
2015-08-10,0.012482198806966034
2015-08-11,-0.01124422040291118
2015-08-12,0.001783755076683766
2015-08-13,-0.0007968477647457978
2015-08-14,0.0028260587726098014
2015-08-17,0.006217528250347396
2015-08-18,-0.0034222418630868133
2015-08-19,-0.007817978173045003
2015-08-20,-0.023059670783854944
2015-08-21,-0.08411638224027407
2015-08-24,-0.07433107200853617
2015-08-25,-0.018193228100849043
2015-08-26,0.1070227826316517
2015-08-27,0.007155627606730597
2015-08-28,-0.0030638224113302102
2015-08-31,-0.0049867454704550325
2015-09-01,-0.010769731252856346
2015-09-02,0.0052288287567341255
2015-09-03,-0.0002425823024092064
2015-09-04,-0.005340958835511233
2015-09-08,0.010994893221482158
2015-09-09,-0.008243681004060656
2015-09-10,-0.0008623159794028331
2015-09-11,0.007012376204433528
2015-09-14,-0.0017960507327706345
2015-09-15,0.0027641017831897415
2015-09-16,0.0047182981876302856
2015-09-17,0.001927957012370444
2015-09-18,-0.006284347522292146
2015-09-21,0.0020230653506990814
2015-09-22,-0.0018160436951597404
2015-09-23,0.0011691499241282509
2015-09-24,-0.0003256393538371266
2015-09-25,0.0010997493165599268
2015-09-28,-0.005590639192320964
2015-09-29,-0.011681374798964087
2015-09-30,0.04370238564078042
2015-10-01,-3.572531086537084e-05
2015-10-02,0.005262011183011351
2015-10-05,0.007153789135450664
2015-10-06,-0.0032967752207616464
2015-10-07,-0.008394956181329192
2015-10-08,0.003675701192788403
2015-10-09,0.004088196705349442
2015-10-12,0.0011965867349861452
2015-10-13,-0.005087811214118334
2015-10-14,-0.010884551328984686
2015-10-15,0.005466630213261332
2015-10-16,0.005119145984849416
2015-10-19,0.0011100815202354185
2015-10-20,0.002807952381618227
2015-10-21,0.000432192255309213
2015-10-22,0.011040397809267051
2015-10-23,0.015959456140160824
2015-10-26,-0.001263550871739841
2015-10-27,-0.000609004349728028
2015-10-28,0.010358657154729063
2015-10-29,-0.0012825072338937663
2015-10-30,-0.004601471067379869
2015-11-02,0.010793050616932066
2015-11-03,0.00390226547581616
2015-11-04,-0.0017514439373989888
2015-11-05,-0.0012630224073735161
2015-11-06,0.0009891706500278089
2015-11-09,-0.009859060933066002
2015-11-10,0.0005720771229309791
2015-11-11,-0.002782267323163772
2015-11-12,-0.01265612249526368
2015-11-13,-0.0048795381895122905
2015-11-16,0.005938930743266046
2015-11-17,0.00023262260485263668
2015-11-18,0.016575735336002134
2015-11-19,-0.00018308267879610227
2015-11-20,0.005311606851994302
2015-11-23,-0.0019445566984890041
2015-11-24,0.0006007632903636546
2015-11-25,0.00015138613055628748
2015-11-27,0.0007940734430149054
2015-11-30,-0.003486222481482628
2015-12-01,0.009483810376868207
2015-12-02,-0.008275570593810993
2015-12-03,-0.014951178122778559
2015-12-04,0.021143734620657856
2015-12-07,-0.005538553411606078
2015-12-08,-0.005133800286937778
2015-12-09,-0.009174755282673601
2015-12-10,0.004065988077011243
2015-12-11,-0.02011267334029851
2015-12-14,0.0039131313177857
2015-12-15,0.0023724979341575502
2015-12-16,0.005066859213751325
2015-12-17,-0.014685532066139602
2015-12-18,-0.007467510656911029
2015-12-21,0.005108942407504397
2015-12-22,0.0045016211902678595
2015-12-23,0.002483109444993947
2015-12-24,-0.0017260892968148922
2015-12-28,-0.0013949158042611599
2015-12-29,0.012613108414312412
2015-12-30,-0.007585280016154475
2015-12-31,-0.010929789729548401
2016-01-04,-0.004739451451269448
2016-01-05,0.00498859159580796
2016-01-06,-0.00019130605203877295
2016-01-07,-0.007197902501202209
2016-01-08,-0.016411589571061758
2016-01-11,0.008461701491554606
2016-01-12,0.02449651941091489
2016-01-13,-0.01034712584880361
2016-01-14,0.04116509343183018
2016-01-15,-0.007745977971140962
2016-01-19,0.0008770672156183236
2016-01-20,-0.006601695917262369
2016-01-21,0.0022957596609817733
2016-01-22,0.055997074878429726
2016-01-25,-0.0036776564516722465
2016-01-26,0.005675846298104678
2016-01-27,0.0006484368836268274
2016-01-28,0.004788165295961847
2016-01-29,0.009364788288582735
2016-02-01,0.004261860838109041
2016-02-02,-0.003241437981085974
2016-02-03,-0.002388962043159056
2016-02-04,-0.007824630228398893
2016-02-05,-0.008935973807874462
2016-02-08,-0.002644624437930872
2016-02-09,-0.009737121957713549
2016-02-10,0.006818161399313027
2016-02-11,-0.0021302757077551735
2016-02-12,0.027897306506174988
2016-02-16,0.005704189696752731
2016-02-17,0.005455194230654681
2016-02-18,-0.003875289146038047
2016-02-19,0.0002410590404264039
2016-02-22,0.006360308441091815
2016-02-23,-0.00012847322376041524
2016-02-24,0.0037750283770042496
2016-02-25,0.004846023892608832
2016-02-26,-0.0073729752947987144
2016-02-29,-0.0018906693230463035
2016-03-01,0.008847071846033458
2016-03-02,-0.0031565020260343724
2016-03-03,-0.003947519438442194
2016-03-04,0.0013629569475917445
2016-03-07,-0.0019415689459265067
2016-03-08,0.0013461211885942455
2016-03-09,0.003606907148480277
2016-03-10,0.003297931480961522
2016-03-11,0.004119704863773464
2016-03-14,0.0004837850329092245
2016-03-15,-0.00022208446024504205
2016-03-16,0.006502705762334282
2016-03-17,0.004741811183801596
2016-03-18,0.003989424542583494
2016-03-21,0.0023830850260448157
2016-03-22,0.00024807053358522015
2016-03-23,-0.006629230347250941
2016-03-24,0.00019523292154424937
2016-03-28,7.517706397605677e-05
2016-03-29,0.010225264597872324
2016-03-30,0.004638657515435839
2016-03-31,-0.0017663662436660761
2016-04-01,0.007844660782310635
2016-04-04,-0.0034740469212149383
2016-04-05,-0.008987361401153401
2016-04-06,0.0114394898448242
2016-04-07,-0.01209375400541234
2016-04-08,0.0013490192319370615
2016-04-11,-0.0024242241108965654
2016-04-12,0.009030579422931551
2016-04-13,0.011077863918677093
2016-04-14,0.00040081625255357345
2016-04-15,-0.0017717323976853476
2016-04-18,0.006168400958491228
2016-04-19,-7.868974480800591e-07
2016-04-20,0.0013855922012545228
2016-04-21,-0.003707423428243058
2016-04-22,-0.004668001555439592
2016-04-25,-0.001248190533178294
2016-04-26,-0.00092246806852063
2016-04-27,-0.0008072156961947167
2016-04-28,-0.010847418637735615
2016-04-29,-0.004683291847575715
2016-05-02,0.007865097574184084
2016-05-03,-0.008597195215537628
2016-05-04,-0.005833633916084246
2016-05-05,7.265467324211496e-05
2016-05-06,0.004693220506708798
2016-05-09,0.000514910465346674
2016-05-10,0.012883329035879429
2016-05-11,-0.009673012103047876
2016-05-12,-0.0011232478395257878
2016-05-13,-0.00781930397395283
2016-05-16,0.010827046642221118
2016-05-17,-0.010473288474152504
2016-05-18,0.0014141449089907123
2016-05-19,-0.004687872936893681
2016-05-20,0.00706910267520719
2016-05-23,-0.0008517438376191285
2016-05-24,0.014931394503176331
2016-05-25,0.0073353732337848865
2016-05-26,0.0006898170945382019
2016-05-27,0.003953278965369823
2016-05-31,-0.0015929205812733175
2016-06-01,0.0008646225435053761
2016-06-02,0.0027409714601320696
2016-06-03,-0.0029744284615615
2016-06-06,0.005007224995468091
2016-06-07,5.2690780991650513e-05
2016-06-08,0.0029287489327333134
2016-06-09,-0.001332235947338604
2016-06-10,-0.009097443979523504
2016-06-13,-0.007878140448522038
2016-06-14,-0.0017007947485021923
2016-06-15,-0.0018686528690436222
2016-06-16,0.0036686786970253744
2016-06-17,-0.006225484720906368
2016-06-20,0.006664986194418865
2016-06-21,0.0024842225275524717
2016-06-22,-0.002267131005280409
2016-06-23,0.013306315333664463
2016-06-24,-0.03714211386903171
2016-06-27,-0.017205145489387456
2016-06-28,0.04013915110720807
2016-06-29,0.016970017581200536
2016-06-30,0.012857366088396572
2016-07-01,0.0029504266445745013
2016-07-05,-0.006477973631985866
2016-07-06,0.006172396880059879
2016-07-07,0.00043094446219405473
2016-07-08,0.014800758479996515
2016-07-11,0.0045952172068951785
2016-07-12,0.006422759394149426
2016-07-13,-0.00047991195858330233
2016-07-14,0.00660761582478511
2016-07-15,-0.0008848099403140221
2016-07-18,0.0034696243879441114
2016-07-19,-0.0009516074833134262
2016-07-20,0.005942480375835435
2016-07-21,-0.003452248876809877
2016-07-22,0.0038320853271474583
2016-07-25,-0.002118234440899992
2016-07-26,0.00016351317521657612
2016-07-27,0.0019593998829389053
2016-07-28,0.0012106191836296874
2016-07-29,0.0008280123287871632
2016-08-01,0.0010675528872384197
2016-08-02,-0.006320648229415197
2016-08-03,0.002794229371485345
2016-08-04,0.0014929243020458194
2016-08-05,0.009216869324626757
2016-08-08,-0.0005431716174612941
2016-08-09,0.001114405578619167
2016-08-10,-0.0020998517712542426
2016-08-11,0.005087947684735066
2016-08-12,-0.0007558151087277599
2016-08-15,0.0035060315396320285
2016-08-16,-0.004932988521323801
2016-08-17,0.0018345210414650822
2016-08-18,0.001249135531248574
2016-08-19,-0.0012118201911150675
2016-08-22,-0.00010577242395808366
2016-08-23,0.0015959836082424855
2016-08-24,-0.005036278813023695
2016-08-25,-0.0012994695337293321
2016-08-26,-0.001095056576491855
2016-08-29,0.003887879477582584
2016-08-30,-0.002223052805261368
2016-08-31,-0.002304896630556986
2016-09-01,0.0011834113738391453
2016-09-02,0.0039526449837987525
2016-09-06,0.003952377709421853
2016-09-07,0.0001741673157830136
2016-09-08,-0.003645959928530001
2016-09-09,-0.023449502305940617
2016-09-12,0.015206674026542907
2016-09-13,-0.012264941879523372
2016-09-14,0.0008537344246381228
2016-09-15,0.011976014063468843
2016-09-16,-0.0031023034206324697
2016-09-19,-0.0014383469875389068
2016-09-20,0.0007964764015785492
2016-09-21,0.009987913747326263
2016-09-22,0.006609423177434115
2016-09-23,-0.006200205009989553
2016-09-26,-0.008535092931371838
2016-09-27,0.007717135013095983
2016-09-28,0.0041642456633400144
2016-09-29,-0.008815455667960903
2016-09-30,0.00787050398079209
2016-10-03,-0.0021013069720614806
2016-10-04,-0.0036896377139014735
2016-10-05,0.004788958708194806
2016-10-06,-0.00019691592893398565
2016-10-07,-0.002418169168770484
2016-10-10,0.005512576678776475
2016-10-11,-0.012517955472789862
2016-10-12,0.00043724733911664864
2016-10-13,-0.003265677792996077
2016-10-14,0.0013941447512559606
2016-10-17,-0.003108152813668547
2016-10-18,0.006308750326801959
2016-10-19,0.001965322930815646
2016-10-20,-0.0018464858660121142
2016-10-21,0.0012065041180203
2016-10-24,0.0069161417021192315
2016-10-25,-0.0030599518777714913
2016-10-26,-0.0025218297132362
2016-10-27,-0.002893599803799651
2016-10-28,-0.003459721803008545
2016-10-31,-0.000652665685553982
2016-11-01,-0.006869162627628045
2016-11-02,-0.006142911611918924
2016-11-03,-0.0053340304978593545
2016-11-04,-0.0023053193122316664
2016-11-07,0.022107946650664505
2016-11-08,0.005562021549580937
2016-11-09,0.009652044117714278
2016-11-10,-0.0009164510735636643
2016-11-11,-7.587863185974826e-06
2016-11-14,-0.0026364767035081957
2016-11-15,0.00824512590643543
2016-11-16,0.0007634727566384662
2016-11-17,0.004722487577723744
2016-11-18,-0.00254416678395278
2016-11-21,0.007565522282730976
2016-11-22,0.002866122746901359
2016-11-23,-0.000209827748012815
2016-11-25,0.003546007593053368
2016-11-28,-0.0032127683149449507
2016-11-29,0.0025310029022732857
2016-11-30,-0.004548595775869644
2016-12-01,-0.006186156260978964
2016-12-02,0.0005507164298752094
2016-12-05,0.005420480131455755
2016-12-06,0.0023177297844569973
2016-12-07,0.013761785853887785
2016-12-08,0.002774411139230947
2016-12-09,0.0070225078454345235
2016-12-12,0.00032563616997667013
2016-12-13,0.008354504599147725
2016-12-14,-0.008940662244415781
2016-12-15,0.0027711855732345395
2016-12-16,-0.0019514421636630183
2016-12-19,0.00277819924543689
2016-12-20,0.003943023593379771
2016-12-21,0.0015653450840832452
2016-12-22,-0.0018325277949985215
2016-12-23,0.0008433873438755008
2016-12-27,0.0028141325221629626
2016-12-28,-0.007239630620069678
2016-12-29,-0.0006992615596894815
2016-12-30,-0.0054460182759625666
2017-01-03,0.007064533510569821
2017-01-04,0.005021113863052215
2017-01-05,0.0009438393605085552
2017-01-06,0.005393993845005723
2017-01-09,-0.0012485657192339876
2017-01-10,0.0001445655912548331
2017-01-11,0.003392144768751314
2017-01-12,-0.0023173722760962637
2017-01-13,0.001832120732579967
2017-01-17,-0.003198088727981942
2017-01-18,0.0011887230146769398
2017-01-19,-0.0025119493141368627
2017-01-20,0.0034212031590451306
2017-01-23,-0.0008879475789560442
2017-01-24,0.006173115470856185
2017-01-25,0.008900272074953357
2017-01-26,0.0018593458435352112
2017-01-27,-3.565014430304594e-05
2017-01-30,-0.006741732312667422
2017-01-31,-0.002401787467944892
2017-02-01,0.0028897606552271845
2017-02-02,-0.0001075675335505218
2017-02-03,0.006216249106874519
2017-02-06,-0.00036293827835453445
2017-02-07,0.0017343542931826483
2017-02-08,0.0008759360277192782
2017-02-09,0.005197532864166801
2017-02-10,0.0015427728565024531
2017-02-13,0.0009073289580481439
2017-02-14,-0.002159618505310621
2017-02-15,6.163226816993965e-05
2017-02-16,0.002774138569070821
2017-02-17,0.004044387734349284
2017-02-21,0.0016268291554308604
2017-02-22,0.0009069218478407475
2017-02-23,0.0013882678344104417
2017-02-24,0.006641580020533384
2017-02-27,-0.002451399012793681
2017-02-28,0.0007700612512013968
2017-03-01,-0.0030998423363101605
2017-03-02,-0.004606912213111374
2017-03-03,0.0017893368510462028
2017-03-06,-0.003858493250113141
2017-03-07,-0.0027061290614884648
2017-03-08,-0.0035525693612873162
2017-03-09,-0.003960948566538221
2017-03-10,0.003456780112703231
2017-03-13,-0.0031543501982308777
2017-03-14,0.0011873922836561782
2017-03-15,0.009883611912412247
2017-03-16,-0.0032389524591274156
2017-03-17,0.00295140578530219
2017-03-20,0.0019879815888764764
2017-03-21,-0.0017272356654645877
2017-03-22,0.0031379862709838796
2017-03-23,-0.0013618707299781418
2017-03-24,-0.00045422966306936613
2017-03-27,-0.000642222694773786
2017-03-28,0.006929081525643817
2017-03-29,0.0011593732964839535
2017-03-30,0.0026605203859145117
2017-03-31,0.0007275648959045357
2017-04-03,-0.0009255702912385294
2017-04-04,0.0013865155708430014
2017-04-05,-0.0029816126645023184
2017-04-06,0.0014205317875874914
2017-04-07,-0.0006291590304012225
2017-04-10,0.00034060286019829954
2017-04-11,-0.0019309835032381222
2017-04-12,-0.003866265438833023
2017-04-13,-0.005598969960531587
2017-04-17,0.008650088194438174
2017-04-18,-0.0032647163673007232
2017-04-19,-0.0020824943786096773
2017-04-20,0.008517421172531351
2017-04-21,-0.0015712858509977935
2017-04-24,0.011161756882466074
2017-04-25,0.00804178569742865
2017-04-26,-0.001013216097380746
2017-04-27,0.0024324007258853557
2017-04-28,-0.0008900794498908736
2017-05-01,0.0035783689139676244
2017-05-02,0.0010243452390445774
2017-05-03,-0.0013435565608167753
2017-05-04,0.00046306134615906394
2017-05-05,0.0034540690680221276
2017-05-08,-0.002857131201063664
2017-05-09,4.649572151021683e-05
2017-05-10,-0.00019515349588719144
2017-05-11,-0.000759145276143598
2017-05-12,-0.00023917582308481043
2017-05-15,0.004365181690364057
2017-05-16,0.0023596801612349493
2017-05-17,-0.0007061527032023052
2017-05-18,0.005043741780378607
2017-05-19,0.005862982405933247
2017-05-22,0.0059118340865751354
2017-05-23,0.0018222984308630943
2017-05-24,0.0034290667655692527
2017-05-25,0.005646040794245195
2017-05-26,0.0010745472978275457
2017-05-30,0.0023596356791066946
2017-05-31,-0.0005329886043248426
2017-06-01,0.006164206089833043
2017-06-02,0.008819089145076725
2017-06-05,-0.00369664117710942
2017-06-06,0.0016433904629267497
2017-06-07,-0.0016776393179242786
2017-06-08,-0.0010085734146346665
2017-06-09,-0.0034952281909202097
2017-06-12,-0.0009566902923106382
2017-06-13,0.0026178186190547637
2017-06-14,0.007951684806394748
2017-06-15,-0.0019097016069953162
2017-06-16,0.0007137365143823429
2017-06-19,0.00359612947808433
2017-06-20,0.00229097439944725
2017-06-21,0.0017897939736834414
2017-06-22,0.0010993985055636412
2017-06-23,0.001691395866227445
2017-06-26,0.0017618541717785764
2017-06-27,-0.01023370169753866
2017-06-28,0.00983031874016264
2017-06-29,-0.01126646253735739
2017-06-30,0.0017303107754867064
2017-07-03,-0.000973035514201412
2017-07-05,0.0041526048688420285
2017-07-06,-0.008286908841595393
2017-07-07,0.007166515749167536
2017-07-10,0.002434030718803929
2017-07-11,0.0006735355988188184
2017-07-12,0.00841111477874797
2017-07-13,0.0016509250591523637
2017-07-14,0.005417914842730539
2017-07-17,6.366633745422564e-05
2017-07-18,0.0016223109819763063
2017-07-19,0.0024676409137633836
2017-07-20,0.0017862570836671018
2017-07-21,0.001806222071287722
2017-07-24,-0.001877599314522167
2017-07-25,-0.006386941799986932
2017-07-26,0.0016762657404906546
2017-07-27,-0.003233218263132635
2017-07-28,0.0029702179405121684
2017-07-31,0.0004111171400678557
2017-08-01,0.004933828769640633
2017-08-02,0.0008301063423878824
2017-08-03,0.00484205646792422
2017-08-04,-0.0037692887744268998
2017-08-07,0.0019006474141729597
2017-08-08,-0.0028362210614721927
2017-08-09,0.0026089091778145274
2017-08-10,-0.0019209975837013787
2017-08-11,0.003170657704772379
2017-08-14,0.009543142957727298
2017-08-15,0.0004788989415820729
2017-08-16,0.0016300674703941937
2017-08-17,-0.016055112847580273
2017-08-18,-0.0019085190433354093
2017-08-21,0.00015558572923676117
2017-08-22,0.011560225398239247
2017-08-23,-0.003559254425875234
2017-08-24,-0.0021614807439861165
2017-08-25,0.0006512543032458471
2017-08-28,0.0008962977886456252
2017-08-29,0.002688760314882967
2017-08-30,0.006042193938409532
2017-08-31,0.006508520034612146
2017-09-01,0.0006054301919676914
2017-09-05,-0.008793397764870264
2017-09-06,0.0030411084509318546
2017-09-07,0.0005403814625147814
2017-09-08,-0.003131251495678727
2017-09-11,0.011241265167337994
2017-09-12,0.002917905014367621
2017-09-13,0.0011273881562299149
2017-09-14,-0.001252756384412417
2017-09-15,0.0024764357311893395
2017-09-18,0.0013242798033509806
2017-09-19,-0.0007795781064464945
2017-09-20,0.00042998817830979224
2017-09-21,-0.00182530412718162
2017-09-22,-0.0006582763984258328
2017-09-25,-0.004757009508088944
2017-09-26,0.0008644462772778448
2017-09-27,0.004937301705074059
2017-09-28,0.0010017364666878986
2017-09-29,0.0029238891826679865
2017-10-02,0.0008845318141337602
2017-10-03,0.0017389874081769042
2017-10-04,0.0004840924397316741
2017-10-05,0.0009202986466194901
2017-10-06,-0.001637388535656007
2017-10-09,0.0011613536133921847
2017-10-10,0.001895686598395643
2017-10-11,0.0019018314289823437
2017-10-12,0.0016667112393272184
2017-10-13,0.0047957494917771236
2017-10-16,0.0005838424309514352
2017-10-17,0.0011714104644673052
2017-10-18,-0.0026892113098604836
2017-10-19,0.000688433394284582
2017-10-20,-0.003469161646869233
2017-10-23,-0.0009459294765637927
2017-10-24,-0.001958246522972176
2017-10-25,-0.004741877682545777
2017-10-26,-0.0015279263718285879
2017-10-27,0.00891996252540923
2017-10-30,0.004078827292686793
2017-10-31,0.0011684643473763013
2017-11-01,0.0028929085599523952
2017-11-02,0.0026193759426875914
2017-11-03,0.003373403447377776
2017-11-06,0.002925108068882733
2017-11-07,0.0020805387410850465
2017-11-08,-0.0003380166626662925
2017-11-09,-0.003386337457907225
2017-11-10,-0.008355929526207648
2017-11-13,0.0015556865556088945
2017-11-14,0.0025644800257314296
2017-11-15,0.0035441165401907636
2017-11-16,-0.0003362807803429556
2017-11-17,0.002556261740099491
2017-11-20,0.0005447264270676652
2017-11-21,0.0052717403270155574
2017-11-22,0.0014421775806331906
2017-11-24,-0.0004033228962989767
2017-11-27,-0.0008692529781872444
2017-11-28,0.004571301932930094
2017-11-29,-0.006907255997701587
2017-11-30,0.002715027237187636
2017-12-01,0.006065791371602265
2017-12-04,-0.001039589518990239
2017-12-05,0.0013313708543168218
2017-12-06,0.0021551616352586847
2017-12-07,-0.0027010216903821157
2017-12-08,0.0023710860642440546
2017-12-11,0.0006632929668138798
2017-12-12,0.0005733652748517013
2017-12-13,0.004676921368963242
2017-12-14,0.000851856084083576
2017-12-15,0.005902481927532575
2017-12-18,-0.0016996615294965467
2017-12-19,-0.00872402221078566
2017-12-20,-0.006257832314330067
2017-12-21,0.00389165137795375
2017-12-22,0.0003916162941840939
2017-12-26,0.0006368089043127753
2017-12-27,0.007166750591661954
2017-12-28,0.00047386526247109696
2017-12-29,-0.001088723527732564
2018-01-02,-0.0018292788065897509
2018-01-03,0.005535448750306687
2018-01-04,0.0018384326272418375
2018-01-05,0.0021357514159647895
2018-01-08,0.0005427439193085345
2018-01-09,-0.0059762409993098006
2018-01-10,-0.001372881644941024
2018-01-11,0.0057835127224135155
2018-01-12,0.004315029274249427
2018-01-16,0.0008623971307332699
2018-01-17,0.004347309569430459
2018-01-18,-0.005648044407588568
2018-01-19,-0.0009378068991435337
2018-01-22,0.004404027754144395
2018-01-23,0.0037265417282423496
2018-01-24,-0.003418105593511013
2018-01-25,0.004828874573150469
2018-01-26,0.0036213424898742163
2018-01-29,-0.006553987582551839
2018-01-30,-0.008164216910750905
2018-01-31,0.004026995776291372
2018-02-01,-0.008588908957306223
2018-02-02,-0.015588026227855403
2018-02-05,-0.015414032923004852
2018-02-06,0.023173623275655014
2018-02-07,-0.006389840635727923
2018-02-08,-0.04008717680685306
2018-02-09,0.015434562459363914
2018-02-12,0.016511538198737758
2018-02-13,0.0030861603241482153
2018-02-14,0.01441385316596738
2018-02-15,0.014729722459803954
2018-02-16,-0.0012643259874858877
2018-02-20,-0.004858111914797528
2018-02-21,-0.0047735048416872716
2018-02-22,0.0027543952809597253
2018-02-23,0.01671832567534163
2018-02-26,0.013573769277252574
2018-02-27,-0.012130821394668078
2018-02-28,-0.010427551328990477
2018-03-01,-0.015915991070629916
2018-03-02,0.003973338973045066
2018-03-05,0.012271103439944975
2018-03-06,0.0022774354134022876
2018-03-07,-0.0002943785544529046
2018-03-08,0.004842050056990118
2018-03-09,0.018205962320899848
2018-03-12,-0.0006567572491878214
2018-03-13,-0.009073891327952166
2018-03-14,-0.004807116874427072
2018-03-15,0.0008017200527630174
2018-03-16,5.949517814297738e-05
2018-03-19,-0.01597153943837686
2018-03-20,0.0032690683398708897
2018-03-21,-0.0027570042112622997
2018-03-22,-0.026346490329047574
2018-03-23,-0.021840908145165316
2018-03-26,0.03104946554570915
2018-03-27,-0.02148609735553207
2018-03-28,-0.004883180251091571
2018-03-29,0.014743005073161997
2018-04-02,-0.02408800230282942
2018-04-03,0.013661589442356712
2018-04-04,0.012033168671129033
2018-04-05,0.007888921690992123
2018-04-06,-0.023640401224019864
2018-04-09,0.004822105796734938
2018-04-10,0.018613294025013744
2018-04-11,-0.006576784539706193
2018-04-12,0.010795067342074716
2018-04-13,-0.004382090728786923
2018-04-16,0.008070555650551599
2018-04-17,0.013722187098107103
2018-04-18,0.00037965574691214293
2018-04-19,-0.006038941260020808
2018-04-20,-0.010802349738631386
2018-04-23,-0.0010773098270815847
2018-04-24,-0.01737399179462854
2018-04-25,0.0020679206995230207
2018-04-26,0.013776018985247296
2018-04-27,0.00028973204278296837
2018-04-30,-0.0068667972217095865
2018-05-01,0.003378806565410271
2018-05-02,-0.006483390975533375
2018-05-03,-0.0007872653704163832
2018-05-04,0.015440862798786155
2018-05-07,0.005179053215241749
2018-05-08,-0.0003507096978474592
2018-05-09,0.009577092891736569
2018-05-10,0.009385489133747702
2018-05-11,0.0021060927818925667
2018-05-14,0.0017036719394417743
2018-05-15,-0.008639527674575405
2018-05-16,0.00452181263633407
2018-05-17,-0.0018982870775941664
2018-05-18,-0.002646813599234287
2018-05-21,0.008301075161244025
2018-05-22,-0.003688125315858575
2018-05-23,0.00437606347418748
2018-05-24,-0.0017285303910462096
2018-05-25,-0.001158288956620596
2018-05-29,-0.01049282912588875
2018-05-30,0.011212814327066934
2018-05-31,-0.005579818456576256
2018-06-01,0.011548651153678787
2018-06-04,0.007114022517257651
2018-06-05,0.0012493028228444387
2018-06-06,0.009167268397842297
2018-06-07,-0.0015561509078812152
2018-06-08,0.0019477343729207798
2018-06-11,0.0015192848622397656
2018-06-12,0.002118815029615371
2018-06-13,-0.002506407995801885
2018-06-14,0.004086502836556596
2018-06-15,-0.002755611360601511
2018-06-18,-0.0021786014617951746
2018-06-19,-0.005924468098540216
2018-06-20,0.0025027695346044065
2018-06-21,-0.007648970808644475
2018-06-22,0.0013752512734254247
2018-06-25,-0.0167801522606163
2018-06-26,0.0026312057340135836
2018-06-27,-0.009524854713425377
2018-06-28,0.006159447984663051
2018-06-29,0.002273385713048478
2018-07-02,0.0030390426232151935
2018-07-03,-0.006618853978256949
2018-07-05,0.0095260215400218
2018-07-06,0.009597269561976846
2018-07-09,0.010355167434086997
2018-07-10,0.003238911210818491
2018-07-11,-0.006954421523408898
2018-07-12,0.01189808853977518
2018-07-13,0.0017049799434038038
2018-07-16,-0.0005334927504735337
2018-07-17,0.004247170641849378
2018-07-18,0.0009854746039685215
2018-07-19,-0.0045710302544265365
2018-07-20,-0.0004960233799802271
2018-07-23,0.001495559568183126
2018-07-24,0.005595438790606925
2018-07-25,0.009999519555278752
2018-07-26,-0.00472377364733426
2018-07-27,-0.008021736557924423
2018-07-30,-0.008384532383599543
2018-07-31,0.005934911712581769
2018-08-01,-0.0005983097838942744
2018-08-02,0.006492860342004033
2018-08-03,0.004124097086517625
2018-08-06,0.0038410748338834474
2018-08-07,0.003960983220509829
2018-08-08,-0.0003449793892303028
2018-08-09,-0.001239325756538216
2018-08-10,-0.0072256275175802
2018-08-13,-0.003218688596577977
2018-08-14,0.005784554092626524
2018-08-15,-0.008579016604679756
2018-08-16,0.009148763376373693
2018-08-17,0.0026402013387730548
2018-08-20,0.001560123702734453
2018-08-21,0.0028468651942542863
2018-08-22,2.9459110610872584e-05
2018-08-23,-0.0018029419655438373
2018-08-24,0.006922895499899931
2018-08-27,0.009561816257743704
2018-08-28,0.0007430853246370173
2018-08-29,0.0066378700731318145
2018-08-30,-0.0035719666563044693
2018-08-31,0.0002661111758359353
2018-09-04,-0.002219139493331902
2018-09-05,-0.005170254745727041
2018-09-06,-0.0036447886135481476
2018-09-07,-0.0029096769117983173
2018-09-10,0.0009841405948695869
2018-09-11,0.005113519763903827
2018-09-12,-0.0006699287027004684
2018-09-13,0.007551696510793956
2018-09-14,-0.0008227328529382464
2018-09-17,-0.007870971142156083
2018-09-18,0.007045200535609987
2018-09-19,0.0019540267337355205
2018-09-20,0.009707810925639644
2018-09-21,-0.001415679410139173
2018-09-24,-0.0022300023941555554
2018-09-25,-0.0006835890214029563
2018-09-26,-0.0019107212363744
2018-09-27,0.004427579683674577
2018-09-28,0.00014283730717998855
2018-10-01,0.004704446038640671
2018-10-02,5.2598978524260155e-05
2018-10-03,0.0010170612767291017
2018-10-04,-0.01127303310375197
2018-10-05,-0.008413057812840904
2018-10-08,-0.0014535284557817439
2018-10-09,-0.0001277053264223542
2018-10-10,-0.03561867839128814
2018-10-11,-0.01896755150923885
2018-10-12,0.055685936629984334
2018-10-15,-0.007163360006141826
2018-10-16,0.0243477654228376
2018-10-17,-0.0010391880502900385
2018-10-18,-0.01681537305462915
2018-10-19,0.0005593346220472314
2018-10-22,-0.0014826626818925184
2018-10-23,-0.00472899468015411
2018-10-24,-0.0023872871914418226
2018-10-25,0.06790035311316443
2018-10-26,-0.006476157355060322
2018-10-29,0.004475179888493872
2018-10-30,0.012418251426611342
2018-10-31,-0.0006210763948235574
2018-11-01,-0.0003855926828152011
2018-11-02,0.001093492303356557
2018-11-05,0.007925791742023902
2018-11-06,0.0026207231193749324
2018-11-07,0.024787291630183693
2018-11-08,-0.0023336865335522286
2018-11-09,-0.011425322036045628
2018-11-12,-0.023828547584435613
2018-11-13,0.00039628660304720184
2018-11-14,-0.004432461525301497
2018-11-15,-0.0012629474644170005
2018-11-16,0.0026172166590010147
2018-11-19,0.0015367063160047828
2018-11-20,-0.011999350197228637
2018-11-21,-0.0026698744770037126
2018-11-23,0.003468851957999179
2018-11-26,0.00029429252237287427
2018-11-27,0.0038915442998461638
2018-11-28,0.010225765628271039
2018-11-29,-0.0021413734618044794
2018-11-30,0.0026325219242293346
2018-12-03,0.014425530480201208
2018-12-04,-0.033897482636547245
2018-12-06,0.004110482574278778
2018-12-07,-0.007365448517676574
2018-12-10,0.00010138762786008628
2018-12-11,0.003176074889802075
2018-12-12,0.00043304348621890133
2018-12-13,0.0004949330275194797
2018-12-14,-0.014044864031674573
2018-12-17,-0.008406001846815253
2018-12-18,0.0005936408816010386
2018-12-19,-0.004923395489670513
2018-12-20,-0.00882803370075058
2018-12-21,-0.06547935886644854
2018-12-24,-0.04844918701709261
2018-12-26,0.12491659196939889
2018-12-27,0.003725112872510723
2018-12-28,0.001945371087111515
2018-12-31,0.004734510859709789
2019-01-02,-0.0016990890723928033
2019-01-03,-0.004280730227441994
2019-01-04,0.009142812339718295
2019-01-07,0.0025566467175916472
2019-01-08,0.0069207970628322995
2019-01-09,-0.003257656333405509
2019-01-10,0.002463661073511155
2019-01-11,0.001913506313416401
2019-01-14,-0.002635775126959238
2019-01-15,0.003729900002212788
2019-01-16,-0.00472709005681585
2019-01-17,0.003460467878953049
2019-01-18,0.006172011419139792
2019-01-22,-3.76365781278059e-05
2019-01-23,0.0014192317464105726
2019-01-24,-0.0022136363699472713
2019-01-25,-0.001656806377279761
2019-01-28,-0.0007484238649983375
2019-01-29,0.00073888601769691
2019-01-30,0.002979032749797
2019-01-31,0.005028924525012815
2019-02-01,-0.002601439369523747
2019-02-04,0.002761498894729987
2019-02-05,0.006506735005895171
2019-02-06,-0.0015531472923985094
2019-02-07,-0.010251674623628668
2019-02-08,-0.0011029250826438252
2019-02-11,-0.0010430401476711052
2019-02-12,0.00558584219805196
2019-02-13,0.002976884730495756
2019-02-14,-0.0011654061959882611
2019-02-15,0.010525866869398475
2019-02-19,0.0014389977574286693
2019-02-20,0.0015063383171720801
2019-02-21,-0.0036504853795057864
2019-02-22,0.006645645039346584
2019-02-25,0.002586363728367799
2019-02-26,-0.00034454685570991893
2019-02-27,-0.001214789148329863
2019-02-28,-0.002145861946204506
2019-03-01,0.005852647996409121
2019-03-04,-0.0038990744657793307
2019-03-05,-0.00031989435567679003
2019-03-06,-0.0056138863679355555
2019-03-07,-0.009555241544769794
2019-03-08,-0.001301651987884562
2019-03-11,0.014442823390435008
2019-03-12,0.001932583023787849
2019-03-13,0.0066570207902552185
2019-03-14,-0.0005412038645163584
2019-03-15,0.006495518010323705
2019-03-18,0.002840251808290792
2019-03-19,0.0010760518176527673
2019-03-20,-0.001682791215765991
2019-03-21,0.011995636254576256
2019-03-22,-0.019699692632142447
2019-03-25,-0.0007567870334577824
2019-03-26,0.005852977027856876
2019-03-27,-0.004364995396464364
2019-03-28,0.003285986959378539
2019-03-29,0.007282428789478006
2019-04-01,0.012578770800698063
2019-04-02,0.0005697611050145425
2019-04-03,0.0028648185303525244
2019-04-04,0.002972661057313196
2019-04-05,0.0038376832377404442
2019-04-08,-4.870158034417046e-05
2019-04-09,-0.005022957368922622
2019-04-10,0.0030798837907303105
2019-04-11,-0.0011523082456322991
2019-04-12,0.007051617002616554
2019-04-15,-0.000484231615269495
2019-04-16,0.0022821669886837186
2019-04-17,0.00037959121605809945
2019-04-18,0.0025567848565012236
2019-04-22,0.0006490451928505989
2019-04-23,0.009072746667273509
2019-04-24,-0.002502183790474429
2019-04-25,-0.0005065215626510423
2019-04-26,0.002839339208584017
2019-04-29,0.0013116923045943564
2019-04-30,-0.0020776426711343037
2019-05-01,-0.005606079700752387
2019-05-02,-0.003767374632973928
2019-05-03,0.011321421480621027
2019-05-06,-0.004331699065168092
2019-05-07,-0.018070556462613758
2019-05-08,-0.0011563442999881794
2019-05-09,-0.0043816340152017675
2019-05-10,0.003955159234721879
2019-05-13,-0.028276921956953215
2019-05-14,0.009752629053836124
2019-05-15,0.008183048294393966
2019-05-16,0.009355840033287124
2019-05-17,-0.0070069719877685465
2019-05-20,-0.008953813325608068
2019-05-21,0.009228137557381184
2019-05-22,-0.004009854701092578
2019-05-23,-0.012874827672723948
2019-05-24,0.0023349180822873766
2019-05-28,-0.007776934374705458
2019-05-29,-0.007868042389965904
2019-05-30,0.0031209978060894304
2019-05-31,-0.014646681162178913
2019-06-03,-0.04813869072321736
2019-06-04,0.059200450615836474
2019-06-05,0.008090146695647133
2019-06-06,0.007409039082357181
2019-06-07,0.013031930279309512
2019-06-10,0.006372001496305956
2019-06-11,0.0002403279151394708
2019-06-12,-0.003077890660208622
2019-06-13,0.004780758589140242
2019-06-14,-0.0018627889531152191
2019-06-17,0.002365499907244937
2019-06-18,0.012979917514487672
2019-06-19,0.002302080410433829
2019-06-20,0.009436784944824677
2019-06-21,-0.0014053452014409968
2019-06-24,-0.0003063179457647956
2019-06-25,-0.011405159580392756
2019-06-26,0.0011821694547357344
2019-06-27,0.002373844912179042
2019-06-28,0.0030099380662871426
2019-07-01,0.008960638593021257
2019-07-02,0.003058244512482042
2019-07-03,0.007540259869986555
2019-07-05,-0.0014222949551450075
2019-07-08,-0.005679424968935299
2019-07-09,0.0018640532930663018
2019-07-10,0.005989272298522166
2019-07-11,0.0032502703250995575
2019-07-12,0.006447234808053114
2019-07-15,0.0014533848871214016
2019-07-16,-0.0030300459796181816
2019-07-17,-0.0052864349983076575
2019-07-18,0.001581411443525674
2019-07-19,-0.005038052151908615
2019-07-22,0.003750406504065752
2019-07-23,0.00664904283253062
2019-07-24,0.0030360282464374252
2019-07-25,-0.006281238780223923
2019-07-26,0.00628268391735143
2019-07-29,-0.0014483810709567625
2019-07-30,-0.002548100398631163
2019-07-31,-0.012426631061481924
2019-08-01,-0.007964535010045591
2019-08-02,-0.008682088745937348
2019-08-05,-0.031540923065112594
2019-08-06,0.013466242744929219
2019-08-07,0.0019577044535236503
2019-08-08,0.018805154927166494
2019-08-09,-0.006634571959149036
2019-08-12,-0.012659133341176807
2019-08-13,0.017357998222636773
2019-08-14,-0.030091050106201854
2019-08-15,0.002128513547571932
2019-08-16,0.014450715718477586
2019-08-19,0.01252176251092273
2019-08-20,-0.007249397491494459
2019-08-21,0.008675958153943425
2019-08-22,-0.0005409644552251907
2019-08-23,-0.027118792113586917
2019-08-26,0.012398850256644597
2019-08-27,-0.0036720751932378982
2019-08-28,0.006852995570299974
2019-08-29,0.013859357821264276
2019-08-30,-0.0006731647412212714
2019-09-03,-0.00862261768185254
2019-09-04,0.011819178180862214
2019-09-05,0.01513978641746767
2019-09-06,0.0007044218279442115
2019-09-09,4.5326556159996576e-05
2019-09-10,-0.0003285199899540557
2019-09-11,0.008353168154512439
2019-09-12,0.0033198565574919844
2019-09-13,-0.001089078084894984
2019-09-16,-0.004268571520643737
2019-09-17,0.002936578302811
2019-09-18,0.0005552222081512535
2019-09-19,-0.00012965372703614697
2019-09-20,-0.007005886205001819
2019-09-23,0.00020635072870035556
2019-09-24,-0.008794293559522956
2019-09-25,0.007730046109637518
2019-09-26,-0.0027900474562957585
2019-09-27,-0.007060632462678632
2019-09-30,0.006206578948747997
2019-10-01,-0.011216302819311012
2019-10-02,-0.017600848095050272
2019-10-03,0.008059306241486054
2019-10-04,0.014068109025487725
2019-10-07,-0.00359433542018279
2019-10-08,-0.014156252176757887
2019-10-09,0.008784072390928968
2019-10-10,0.006843539071669418
2019-10-11,0.011719608868233321
2019-10-14,-0.0007722545605447503
2019-10-15,0.010498177942244055
2019-10-16,-0.0015461186874654977
2019-10-17,0.002238046600130936
2019-10-18,-0.00784714890737301
2019-10-21,0.005960038623565539
2019-10-22,-0.004273829203559626
2019-10-23,0.0021375894156974388
2019-10-24,0.003532301191559259
2019-10-25,0.0060635959181828975
2019-10-28,0.006707166519057498
2019-10-29,-0.002682165920328501
2019-10-30,0.0037228220259297768
2019-10-31,-0.002241430667178926
2019-11-01,0.009628797951378882
2019-11-04,0.004894228672308522
2019-11-05,0.00013248528418268187
2019-11-06,-0.0007076450855518528
2019-11-07,0.004988467529851548
2019-11-08,0.002202364378913008
2019-11-11,-0.0009840865559494563
2019-11-12,0.0018392296205239351
2019-11-13,0.00108817307922044
2019-11-14,0.0004206771946720305
2019-11-15,0.007527380623635768
2019-11-18,0.000899958153794393
2019-11-19,-0.0006901993720612854
2019-11-20,-0.004607736017827749
2019-11-21,-0.0018584750445453193
2019-11-22,0.002296194853922904
2019-11-25,0.008889620818712078
2019-11-26,0.0020547168791645184
2019-11-27,0.0045073799664958865
2019-11-29,-0.003903339187734802
2019-12-02,-0.009515988762039377
2019-12-03,-0.008052064790258778
2019-12-04,0.005601822899767501
2019-12-05,0.0016376857874206526
2019-12-06,0.010618892876384326
2019-12-09,-0.003685593420774517
2019-12-10,-0.0010045489337384551
2019-12-11,0.0030597752343334682
2019-12-12,0.008019690813378055
2019-12-13,0.0015160422306922262
2019-12-16,0.006826452295018031
2019-12-17,-0.0004958103193402784
2019-12-18,-0.004442333373727212
2019-12-19,0.003036841539672612
2019-12-20,0.0026014015899904785
2019-12-23,8.956511035802014e-05
2019-12-24,0.0015178028678725646
2019-12-26,0.0038866187869148455
2019-12-27,0.0004735180256816256
2019-12-30,-0.0046832596567394705
2019-12-31,-0.004333851828666505
2020-01-02,0.01147333149520666
2020-01-03,0.004811672298960306
2020-01-06,-0.001303184005551005
2020-01-07,-0.003773663434759457
2020-01-08,-0.0009221093163282817
2020-01-09,0.005227300820836901
2020-01-10,0.0033329919563245872
2020-01-13,0.0015427005114846124
2020-01-14,0.002169982923389458
2020-01-15,0.004628332044066354
2020-01-16,0.002306957980530294
2020-01-17,-0.0032288158055714814
2020-01-21,0.004579478930463824
2020-01-22,0.0022870280756660875
2020-01-23,0.004333341775656353
2020-01-24,0.0006703069931567078
2020-01-27,0.0009337547456532199
2020-01-28,0.010856524670255175
2020-01-29,0.005394747087935218
2020-01-30,0.0037156905956248583
2020-01-31,-0.0031975249302017353
2020-02-03,0.009344501194972437
2020-02-04,0.017489562432467368
2020-02-05,0.010483890457793254
2020-02-06,0.004485513857446917
2020-02-07,0.0041674482346118116
2020-02-10,0.005203018682269024
2020-02-11,-0.00227043027409336
2020-02-12,0.0007825127619190716
2020-02-13,0.0014489546015735127
2020-02-14,0.0029897181409738825
2020-02-18,0.0026618180664793045
2020-02-19,0.002591147317437763
2020-02-20,0.0019612758168648685
2020-02-21,-0.00011984483612958313
2020-02-24,-0.03558576406262258
2020-02-25,-0.02973377021361006
2020-02-26,-0.0006931395623544596
2020-02-27,-0.046795635144260536
2020-02-28,0.01656882167483753
2020-03-02,0.09517380984191465
2020-03-03,-0.029852853391128
2020-03-04,0.0212934255657221
2020-03-05,-0.0327788474296732
2020-03-06,-0.003162214325957983
2020-03-09,-0.01754451013086564
2020-03-10,0.11515655911993825
2020-03-11,-0.027493241537186158
2020-03-12,-0.04108825288473551
2020-03-13,0.20824793335370295
2020-03-16,-0.04253432202069046
2020-03-17,0.10131018117738877
2020-03-18,-0.02544592654337479
2020-03-19,-0.009219553634035605
2020-03-20,-0.01310008702461217
2020-03-23,-0.006861071470976501
2020-03-24,0.033644747790133316
2020-03-25,0.0002296544977766163
2020-03-26,0.020697393466263873
2020-03-27,-0.012895965772514022
2020-03-30,0.019590745664690275
2020-03-31,-0.011228637194118625
2020-04-01,-0.01006770995462001
2020-04-02,0.010927058616821132
2020-04-03,-0.0030843225167901515
2020-04-06,0.03306294605625376
2020-04-07,-0.003465233530014988
2020-04-08,0.011319055655342938
2020-04-09,0.007459434955881571
2020-04-13,-0.007544517038635967
2020-04-14,0.022277750985291098
2020-04-15,-0.008456788729468244
2020-04-16,0.006805636629510595
2020-04-17,0.007992038810069003
2020-04-20,-0.010320728428584577
2020-04-21,-0.009544820376373052
2020-04-22,0.011879101644428023
2020-04-23,-0.00536339103217052
2020-04-24,0.0034614597446336044
2020-04-27,0.007196064963363551
2020-04-28,-0.0022350003023958714
2020-04-29,-0.0013117103477611935
2020-04-30,-0.004831943079638007
2020-05-01,-0.0074543071624987595
2020-05-04,0.0006624667802123984
2020-05-05,0.0018737751255638632
2020-05-06,-0.002737998951427291
2020-05-07,0.002788872744852652
2020-05-08,0.009627085312460855
2020-05-11,0.001232969872646785
2020-05-12,-0.006716091484703501
2020-05-13,-0.006020558438083388
2020-05-14,0.0013013055330686966
2020-05-15,0.003590845294498811
2020-05-18,0.008194134614437115
2020-05-19,-0.0020984019009480165
2020-05-20,0.0060021225956515736
2020-05-21,-0.0024447958788038895
2020-05-22,-6.429733263082983e-05
2020-05-26,0.0028369430991312013
2020-05-27,0.014117465739527303
2020-05-28,-0.002911670148165471
2020-05-29,0.006259386651270874
2020-06-01,0.0036310486805385105
2020-06-02,0.008363320082748302
2020-06-03,0.012820879666098172
2020-06-04,-0.002987570220092602
2020-06-05,0.025590606230314124
2020-06-08,0.012492044103159662
2020-06-09,-0.0037082373390894927
2020-06-10,-0.0015139052455744291
2020-06-11,-0.05845938376852276
2020-06-12,0.012847039515773682
2020-06-15,0.009260601164634143
2020-06-16,0.019191577952002995
2020-06-17,-0.002844803706056626
2020-06-18,0.0005711761049392796
2020-06-19,-0.0043554534998140005
2020-06-22,0.00813257946604832
2020-06-23,0.005917297084723933
2020-06-24,-0.02408616551345845
2020-06-25,0.010411983107885098
2020-06-26,-0.02493680216561915
2020-06-29,0.01582092822269102
2020-06-30,0.013425938763102874
2020-07-01,0.005607473444458867
2020-07-02,0.005561920647867016
2020-07-06,0.01934516930752437
2020-07-07,-0.010658737936559864
2020-07-08,0.009200450201913334
2020-07-09,-0.003202876602351607
2020-07-10,0.010202120290793435
2020-07-13,-0.009822867327630722
2020-07-14,0.01358228819215408
2020-07-15,0.006547630093043221
2020-07-16,-0.00519202986287021
2020-07-17,0.0007152251014311425
2020-07-20,0.012544597252681935
2020-07-21,-0.0011276250328231395
2020-07-22,0.005078962777415038
2020-07-23,-0.01693753767950447
2020-07-24,-0.007836756137563631
2020-07-27,0.010085902981908975
2020-07-28,-0.008956727853058906
2020-07-29,0.009980831443016206
2020-07-30,-0.002079260125916477
2020-07-31,0.010130423428657753
2020-08-03,0.009881479431176232
2020-08-04,0.004595094230148537
2020-08-05,0.007193271360631855
2020-08-06,0.009084138483623614
2020-08-07,-0.002972137744126707
2020-08-10,0.0036364758972166765
2020-08-11,-0.010364073156889185
2020-08-12,0.01657554739649315
2020-08-13,-0.0005297477119479238
2020-08-14,4.534057362892875e-05
2020-08-17,0.004068952416197919
2020-08-18,0.003187030181424446
2020-08-19,-0.004611605745577238
2020-08-20,0.006387111864162336
2020-08-21,0.005942802700906893
2020-08-24,0.009978528305520812
2020-08-25,0.0032634363139078426
2020-08-26,0.011721339517626717
2020-08-27,0.0014094754971169766
2020-08-28,0.005768637061815624
2020-08-31,-0.0010297340041981848
2020-09-01,0.011978782445361994
2020-09-02,0.012979833814577044
2020-09-03,-0.015002189153388124
2020-09-04,-0.009001840297991368
2020-09-08,-0.032632651158007994
2020-09-09,0.021657946544393673
2020-09-10,-0.017250473567452997
2020-09-11,-0.0005174146988922508
2020-09-14,0.01429850104613873
2020-09-15,0.006387485949185153
2020-09-16,-0.00604879282357684
2020-09-17,-0.009800514149412737
2020-09-18,-0.010896960231334941
2020-09-21,-0.00921582039738726
2020-09-22,0.011201285712607754
2020-09-23,-0.024263421781904847
2020-09-24,0.003072225530564603
2020-09-25,0.017573889776430884
2020-09-28,0.01759532478694497
2020-09-29,-0.005107719128190657
2020-09-30,0.008558599630189777
2020-10-01,0.00816654130908157
2020-10-02,-0.01415711977883221
2020-10-05,0.01867362284653795
2020-10-06,-0.015161305411648817
2020-10-07,0.017815102257473205
2020-10-08,0.006343237800845767
2020-10-09,0.009947599068892917
2020-10-12,0.018524824404441597
2020-10-13,-0.004170736592454193
2020-10-14,-0.0067628380312711785
2020-10-15,-0.0027645988428532534
2020-10-16,-0.0008081388288991456
2020-10-19,-0.015099843022317004
2020-10-20,0.0031404932949498166
2020-10-21,-0.002048502456636114
2020-10-22,0.0038100901194172373
2020-10-23,0.0014202653168844388
2020-10-26,-0.018627965606265413
2020-10-27,-0.0013755818448485124
2020-10-28,-0.03553948479768643
2020-10-29,0.010629132509623381
2020-10-30,-0.013902482644804509
2020-11-02,0.00969119910837072
2020-11-03,0.01840252181326222
2020-11-04,0.026903736239828203
2020-11-05,0.02166522195665717
2020-11-06,-0.0006271187031168698
2020-11-09,0.0071847068727215295
2020-11-10,-0.0031551309401968344
2020-11-11,0.009257916580937576
2020-11-12,-0.008300289305119748
2020-11-13,0.012248368333424558
2020-11-16,0.012260616318153833
2020-11-17,-0.00472298014658489
2020-11-18,-0.01047510467230224
2020-11-19,0.004622565964591834
2020-11-20,-0.006994173315227623
2020-11-23,0.005890208979669026
2020-11-24,0.01517971851040131
2020-11-25,-0.0004195076535746941
2020-11-27,0.004519297283351407
2020-11-30,-0.003747249657943725
2020-12-01,0.009957499122795806
2020-12-02,0.0019586385844927684
2020-12-03,0.0013575512597914768
2020-12-04,0.007047769114794079
2020-12-07,-0.0004590369105569841
2020-12-08,0.003321061272218222
2020-12-09,-0.01198977195746369
2020-12-10,0.0008373512226023938
2020-12-11,-0.0006910318635826162
2020-12-14,-0.0011386861853665282
2020-12-15,0.01199230299415626
2020-12-16,0.0018368916264584303
2020-12-17,0.00552366993449614
2020-12-18,-0.0034411985778449285
2020-12-21,-0.0015551725159433623
2020-12-22,-0.0019344642322046278
2020-12-23,-5.823994398617511e-05
2020-12-24,0.0035870241074542407
2020-12-28,0.00840384267286668
2020-12-29,-0.0009251143161775355
2020-12-30,0.0012167284125984606
2020-12-31,0.0043284004643694505
2021-01-04,-0.013031341308337382
2021-01-05,0.006721365879931553
2021-01-06,0.002125287802811738
2021-01-07,0.01543277402711756
2021-01-08,0.006751330666116997
2021-01-11,-0.0042881734364406034
2021-01-12,0.0001529682002659975
2021-01-13,0.0030271039647249186
2021-01-14,-0.003573942627797402
2021-01-15,-0.007002428097454992
2021-01-19,0.008774081171090683
2021-01-20,0.015030317717412079
2021-01-21,-0.0029005642332161365
2021-01-22,0.00017201277460082557
2021-01-25,0.003722238656413417
2021-01-26,-0.0015497961692091692
2021-01-27,-0.024019316622460127
2021-01-28,0.007932331055162695
2021-01-29,-0.020481663115244877
2021-02-01,0.0162995489359979
2021-02-02,0.015448189378991733
2021-02-03,-0.0005870797437937476
2021-02-04,0.011430109772119152
2021-02-05,0.003376415084423104
2021-02-08,0.00715503584280222
2021-02-09,-0.0002606015046829512
2021-02-10,-0.00028895391754706816
2021-02-11,0.0025619739429375075
2021-02-12,0.003887088066326701
2021-02-16,-0.008784106309116886
2021-02-17,0.0030849736083911937
2021-02-18,-0.004213433309347153
2021-02-19,-0.0020815535835512233
2021-02-22,-0.010885094488895058
2021-02-23,-0.0003767515685817133
2021-02-24,0.010823783551163287
2021-02-25,-0.025325473332449635
2021-02-26,-0.005312931802622401
2021-03-01,0.024677729931087206
2021-03-02,-0.009353833480804805
2021-03-03,-0.015176615479798148
2021-03-04,-0.013161235907496426
2021-03-05,0.017290116313348123
2021-03-08,-0.0074251643114345844
2021-03-09,0.017527163383959377
2021-03-10,0.006283238702897873
2021-03-11,0.012841212970325044
2021-03-12,0.0010247147703301342
2021-03-15,0.007261049490743591
2021-03-16,2.3041085657738618e-05
2021-03-17,0.004465440818615926
2021-03-18,-0.016120241524245578
2021-03-19,-0.002367405451344573
2021-03-22,0.009921785658323204
2021-03-23,-0.007390725524246772
2021-03-24,-0.007078466637759533
2021-03-25,0.0036072815746407277
2021-03-26,0.014868535146908975
2021-03-29,0.0008452995364539615
2021-03-30,-0.0033608216052531904
2021-03-31,0.005491920583300992
2021-04-01,0.010366850503490756
2021-04-05,0.015094668929281851
2021-04-06,0.0033532971052357835
2021-04-07,-0.0035392865138110007
2021-04-08,0.007161542735541681
2021-04-09,0.0010973288413400053
2021-04-12,-0.00041871951035395616
2021-04-13,0.005834286420019463
2021-04-14,-0.0035057785997308034
2021-04-15,0.014281404134581536
2021-04-16,-0.002976306011387693
2021-04-19,-0.00427464752967884
2021-04-20,-0.001034769601379256
2021-04-21,0.005522390799606064
2021-04-22,-0.0019123854148837736
2021-04-23,0.003439420235659592
2021-04-26,0.0004130671398825547
2021-04-27,-0.005372022373331092
2021-04-28,-0.0005600630620704837
2021-04-29,0.0006763031759544375
2021-04-30,-0.001603204862150888
2021-05-03,0.0008875847189190535
2021-05-04,0.0002710721269429512
2021-05-05,0.0008148745121650518
2021-05-06,0.004282651843347263
2021-05-07,0.0007435829990756647
2021-05-10,-0.010857063908493765
2021-05-11,-0.006770369778158942
2021-05-12,-0.022403967557498544
2021-05-13,0.011002477779738104
2021-05-14,0.016184993711326416
2021-05-17,-0.0034599379174089897
2021-05-18,-0.00758740017864532
2021-05-19,-0.0021297107837148373
2021-05-20,0.01207506346731382
2021-05-21,-0.0009444646678611552
2021-05-24,0.010875785693659504
2021-05-25,-0.0010245279407599065
2021-05-26,0.0019214345225746295
2021-05-27,0.0001887824162943269
2021-05-28,0.0026545650382689403
2021-06-01,-0.0011889608006229928
2021-06-02,0.0016500747891349478
2021-06-03,-0.005054351703186218
2021-06-04,0.01052280648155798
2021-06-07,-0.0005673052075939149
2021-06-08,-7.240113459275143e-06
2021-06-09,-0.0018918831641630632
2021-06-10,0.0052513755858174405
2021-06-11,0.0015707518055369555
2021-06-14,0.003224680875558694
2021-06-15,-0.0036892891191389033
2021-06-16,-0.005624021935261495
2021-06-17,0.002219717773193843
2021-06-18,-0.012142613653893363
2021-06-21,0.012506172280786664
2021-06-22,0.005629677814526501
2021-06-23,-0.0008664399602751401
2021-06-24,0.007141449148579301
2021-06-25,0.003075027435528725
2021-06-28,0.0033178900099554024
2021-06-29,0.0014934251957880208
2021-06-30,0.0016787963509282632
2021-07-01,0.0032862481736952555
2021-07-02,0.006615250636512677
2021-07-06,0.005791336686108421
2021-07-07,0.00603471220254034
2021-07-08,-0.0011742330917562096
2021-07-09,0.009839839520890972
2021-07-12,0.0008665323887943393
2021-07-13,-0.005547814927317149
2021-07-14,0.006565282554418989
2021-07-15,0.004665124848597106
2021-07-16,-0.004660590314850171
2021-07-19,-0.014234231558794408
2021-07-20,0.01372743571864534
2021-07-21,0.008082184716329776
2021-07-22,0.0031694407857400814
2021-07-23,0.009544961788824056
2021-07-26,-0.0007658173943979234
2021-07-27,0.003234417474162984
2021-07-28,0.00018774174530105257
2021-07-29,-0.0014419493077165277
2021-07-30,0.0003540978104549504
2021-08-02,-0.001747959906793125
2021-08-03,0.007352803261523749
2021-08-04,-0.0007602366105181374
2021-08-05,0.006728203125583344
2021-08-06,-0.008879970685623195
2021-08-09,-0.002187647477064995
2021-08-10,-0.00237161410759146
2021-08-11,0.0007003087953086181
2021-08-12,0.0002746341267478579
2021-08-13,0.0092839287707789
2021-08-16,0.0020613287808924977
2021-08-17,-0.0036852476521685253
2021-08-18,-0.002811089552405727
2021-08-19,0.0015157901747756461
2021-08-20,0.008289546179065249
2021-08-23,0.0101048274556796
2021-08-24,-0.003261139554886869
2021-08-25,-0.0037135535861333242
2021-08-26,-0.0012999401456150962
2021-08-27,0.008493140768427268
2021-08-30,0.003467302254538442
2021-08-31,-0.0042579801971692754
2021-09-01,0.0012486816677643973
2021-09-02,0.0034862523317828633
2021-09-03,-0.0049417476265674705
2021-09-07,-0.006196868719203491
2021-09-08,0.002674749795300903
2021-09-09,0.0048928978223220145
2021-09-10,-0.007640950491462536
2021-09-13,0.0031195644719541884
2021-09-14,-0.005455161956558034
2021-09-15,0.007522506965794703
2021-09-16,-0.0009114024491421726
2021-09-17,-0.008916521474051477
2021-09-20,-0.018460382447566467
2021-09-21,-0.00019218678750866278
2021-09-22,0.009698097395425683
2021-09-23,0.012058643549463876
2021-09-24,0.0011585575864325685
2021-09-27,-0.0028820126991821174
2021-09-28,-0.021521092819394336
2021-09-29,0.0008665363285822871
2021-09-30,-0.010699991062913184
2021-10-01,0.010895460618188833
2021-10-04,-0.014302096990554177
2021-10-05,0.01099148402505494
2021-10-06,0.004458137670199316
2021-10-07,0.009346687006468745
2021-10-08,-0.0023327230835190585
2021-10-11,-0.007405426305363563
2021-10-12,-0.0031417834912819643
2021-10-13,0.003912818815603908
2021-10-14,0.016805930700543495
2021-10-15,0.008330894487690862
2021-10-18,0.003929780210667542
2021-10-19,0.006938133063801302
2021-10-20,0.0023753520694935054
2021-10-21,0.0028042487835427416
2021-10-22,-0.0023636348032556238
2021-10-25,0.005903651871275597
2021-10-26,0.0012872584770425967
2021-10-27,-0.0030983618771068385
2021-10-28,0.009083544944064097
2021-10-29,0.0031778156426703758
2021-11-01,0.0025477966584216685
2021-11-02,0.004082023920736073
2021-11-03,0.006483303098572747
2021-11-04,0.00812002281022527
2021-11-05,0.009772726055326218
2021-11-08,-0.0006007456218870635
2021-11-09,0.005415573967925311
2021-11-10,-0.014474875488486735
2021-11-11,-0.00045382599360710364
2021-11-12,0.007716232408900581
2021-11-15,-0.006905453068989313
2021-11-16,0.0005625185506262672
2021-11-17,0.002983208097399519
2021-11-18,0.0036464008283316448
2021-11-19,0.005047547565825709
2021-11-22,-0.008560377782074524
2021-11-23,-0.007698095707092846
2021-11-24,0.009808915560323442
2021-11-26,0.0039489507494201315
2021-11-29,0.013382191598637166
2021-11-30,-0.017342630406292848
2021-12-01,-0.013681781171562171
2021-12-02,0.013500862444444112
2021-12-03,-0.009069350210200054
2021-12-06,0.012974228962869178
2021-12-07,0.021495004826480084
2021-12-08,0.0026012474551984728
2021-12-09,-0.007036031670409095
2021-12-10,0.008717003812009998
2021-12-13,-0.01071621653251654
2021-12-14,-0.0065321709564597884
2021-12-15,0.016150691976067427
2021-12-16,-0.011776867914291915
2021-12-17,-0.010055780255243556
2021-12-20,-0.010901787620955119
2021-12-21,0.018732075857454213
2021-12-22,0.009701100494904618
2021-12-23,0.006424463824242058
2021-12-27,0.013499423038960326
2021-12-28,-0.0008230317682850221
2021-12-29,0.0011613285044622518
2021-12-30,-0.002621338091547816
2021-12-31,-0.003590989635741604
2022-01-03,0.0072894985570234275
2022-01-04,-0.002367329532499488
2022-01-05,-0.019931093489571464
2022-01-06,-0.0021377391159673395
2022-01-07,-0.004902806872032263
2022-01-10,-0.0016458024505503275
2022-01-11,0.009541359633264369
2022-01-12,0.0025750158222475543
2022-01-13,-0.014374278166585767
2022-01-14,0.00017241654207695656
2022-01-18,-0.018989100025274024
2022-01-19,-0.010406838844525814
2022-01-20,-0.010842925387245243
2022-01-21,-0.02014106203517626
2022-01-24,0.013060888849480628
2022-01-25,-0.012608172009260302
2022-01-26,0.005856771523445979
2022-01-27,-0.0190277623224061
2022-01-28,0.06949794706219173
2022-01-31,0.02045496426175283
2022-02-01,0.007231207489099787
2022-02-02,0.007918067809048
2022-02-03,-0.02617124367809726
2022-02-04,0.005653974435286266
2022-02-07,-0.0037304536555834485
2022-02-08,0.009943727882004105
2022-02-09,0.014879033884133752
2022-02-10,-0.018316980732872863
2022-02-11,-0.022129533065732183
2022-02-14,-0.0043970964273279045
2022-02-15,0.0033942133025616
2022-02-16,-0.00023395075751526918
2022-02-17,-0.022743867265102607
2022-02-18,0.0031477462534784846
2022-02-22,-0.004596396635649113
2022-02-23,-0.008274504767681842
2022-02-24,0.07460819239894642
2022-02-25,0.015943948672116886
2022-02-28,-0.001364596392923016
2022-03-01,-0.0003964057071300537
2022-03-02,0.002296011135466005
2022-03-03,0.009364434886379636
2022-03-04,0.003607653295171081
2022-03-07,-0.012998711707871447
2022-03-08,-0.008393106506101223
2022-03-09,0.003215137572095921
2022-03-10,0.0005401685320293825
2022-03-11,-0.00359154938723374
2022-03-14,0.0007508013262758138
2022-03-15,0.009267224779973193
2022-03-16,0.002643785874589539
2022-03-17,0.004884495996569686
2022-03-18,0.0048365978253167696
2022-03-21,-0.002701729325404181
2022-03-22,0.013055163915507836
2022-03-23,-0.013612552494924747
2022-03-24,0.015998615322336436
2022-03-25,0.002753124845468367
2022-03-28,0.008473932848581937
2022-03-29,0.013214759436166557
2022-03-30,-0.00660526518030881
2022-03-31,-0.01425772251323128
2022-04-01,0.0014144567337672793
2022-04-04,0.010979279500664022
2022-04-05,-0.01448477858713032
2022-04-06,-0.012184142128012493
2022-04-07,0.003651002854050995
2022-04-08,-0.004239229866458083
2022-04-11,-0.01755422597820335
2022-04-12,0.0014704734440003757
2022-04-13,0.0057521545201268485
2022-04-14,-0.0016827417570325946
2022-04-18,-0.0035342128922751757
2022-04-19,0.0046771258073453285
2022-04-20,0.005924946684830444
2022-04-21,-0.0021565316607714165
2022-04-22,-0.00974133578210663
2022-04-25,0.004337991065252579
2022-04-26,-0.006025779688846529
2022-04-27,-0.000548703843513197
2022-04-28,0.0798037299051367
2022-04-29,-0.014492703169518058
2022-05-02,-0.005261672791793456
2022-05-03,0.00016952271260771805
2022-05-04,0.013660629462803837
2022-05-05,-0.013646257920920144
2022-05-06,0.00030897859910659453
2022-05-09,-0.004954850770598198
2022-05-10,0.027311515550773956
2022-05-11,-0.004342740278159125
2022-05-12,-0.009628638502621096
2022-05-13,0.07318874737234704
2022-05-16,0.0016213804769506035
2022-05-17,-0.011561945423772865
2022-05-18,-0.03222467494143219
2022-05-19,-0.002570574301835941
2022-05-20,0.0026460929298561375
2022-05-23,0.009252104987417827
2022-05-24,0.008681976139111576
2022-05-25,0.0018606368142607193
2022-05-26,0.017198109554503616
2022-05-27,0.00672260021389516
2022-05-31,-0.005215935617046438
2022-06-01,-0.008107808330946494
2022-06-02,0.007518468707324699
2022-06-03,-0.005287377576837604
2022-06-06,0.0004999765442291772
2022-06-07,0.0010625949350969487
2022-06-08,-0.003920597290624018
2022-06-09,-0.007355585048193343
2022-06-10,-0.008490489154135245
2022-06-13,-0.010717794002585193
2022-06-14,0.007600806786378615
2022-06-15,0.04889060681993648
2022-06-16,-0.0043057999600593765
2022-06-17,-0.005321945460506089
2022-06-21,0.014176691018115311
2022-06-22,0.001305617545387632
2022-06-23,0.008265218145371052
2022-06-24,0.007788277726895493
2022-06-27,-0.00041248736216132394
2022-06-28,-0.009996442104550059
2022-06-29,0.0051611859502083204
2022-06-30,0.0008652945970439832
2022-07-01,0.010560279422274936
2022-07-05,0.003083023267457511
2022-07-06,0.0002975326191573372
2022-07-07,0.0022339563964338103
2022-07-08,-0.0007040501062410055
2022-07-11,-0.0015947383836687561
2022-07-12,-0.0036038614882175166
2022-07-13,0.0014351235958674912
2022-07-14,0.003768509236684252
2022-07-15,0.0037220910284164735
2022-07-18,-0.005035619731906518
2022-07-19,0.002637547617789928
2022-07-20,0.00019770255690555998
2022-07-21,0.0013602970486675837
2022-07-22,0.0019263675071226677
2022-07-25,-0.0030103874851922984
2022-07-26,-0.005511772209500755
2022-07-27,0.006890067895180585
2022-07-28,0.010202289410439587
2022-07-29,0.0030227300091593334
2022-08-01,0.0018943466406791119
2022-08-02,-0.006326953206377451
2022-08-03,-0.00016866378514313832
2022-08-04,-0.0036242105848410416
2022-08-05,-0.005609250405001297
2022-08-08,-0.0013876372009826508
2022-08-09,-0.00023863305370362578
2022-08-10,0.003151884055628089
2022-08-11,-0.0033805677535699665
2022-08-12,0.0046496384323346275
2022-08-15,0.004578671923490488
2022-08-16,0.00821878359157047
2022-08-17,-0.007662304926275494
2022-08-18,0.0013724974923805672
2022-08-19,-0.0025147199361724494
2022-08-22,-0.0054740664673680805
2022-08-23,-0.0018839649886679775
2022-08-24,9.953097920471256e-05
2022-08-25,-0.0012409165116594725
2022-08-26,-0.014413593289225052
2022-08-29,-0.0028751686039034585
2022-08-30,-0.0038524023780562434
2022-08-31,-0.0015013256095289319
2022-09-01,0.006362402844351705
2022-09-02,-0.004651443147799796
2022-09-06,-0.016578683846564
2022-09-07,0.03794006282109661
2022-09-08,-0.0005457812540300899
2022-09-09,0.005780160330602985
2022-09-12,0.001120966550373245
2022-09-13,-0.01888807790113338
2022-09-14,0.0006079425510560451
2022-09-15,-0.004995830047987144
2022-09-16,0.0024572128137752792
2022-09-19,0.0018739178788993946
2022-09-20,-0.003412652632743307
2022-09-21,-0.006060028814550093
2022-09-22,-0.004452321598064717
2022-09-23,-0.030351719239601286
2022-09-26,-0.011032460741136247
2022-09-27,0.00385884291340353
2022-09-28,0.03240217378374617
2022-09-29,-0.006786536259161488
2022-09-30,-0.03710236168576285
2022-10-03,0.0544084522841642
2022-10-04,0.007849482353375657
2022-10-05,-0.0019084940733134538
2022-10-06,-0.007735920070808316
2022-10-07,-0.00770918199383345
2022-10-10,0.0010010945705464412
2022-10-11,0.0032021648524756478
2022-10-12,-0.002603654500505463
2022-10-13,0.04865690664165051
2022-10-14,-0.013984317874757669
2022-10-17,0.006470785484135225
2022-10-18,0.007754189661778703
2022-10-19,-0.00503403176759304
2022-10-20,-0.0052382787007548975
2022-10-21,0.011790947578923482
2022-10-24,0.009393596748471789
2022-10-25,0.007487517114172938
2022-10-26,0.0035505255531720296
2022-10-27,0.004458853610850605
2022-10-28,0.010771599664015459
2022-10-31,-0.002754262570917929
2022-11-01,-0.0011471498630024675
2022-11-02,-0.00937555814387223
2022-11-03,0.0022748683772940374
2022-11-04,0.005863759738250319
2022-11-07,0.004194387581730595
2022-11-08,0.002371449691153288
2022-11-09,-0.004645603741565352
2022-11-10,0.015864514994488797
2022-11-11,-0.0038262314600669566
2022-11-14,-0.003955017271121919
2022-11-15,0.008291130923707812
2022-11-16,0.0029803459944258426
2022-11-17,-0.0013908987060921156
2022-11-18,0.002656426367929523
2022-11-21,0.0033618886321098544
2022-11-22,-0.000898511585267191
2022-11-23,0.0013137855689721208
2022-11-25,0.002176433936314416
2022-11-28,-0.0027016890125757223
2022-11-29,-0.0031864972283806884
2022-11-30,0.009801124535829524
2022-12-01,-0.0015102175049582793
2022-12-02,-0.0013978224769789947
2022-12-05,-0.016146827941630262
2022-12-06,-0.003212669125615178
2022-12-07,0.0014381554725597441
2022-12-08,0.001403996347893272
2022-12-09,-0.005938039302603171
2022-12-12,0.005262862042397249
2022-12-13,0.0004972515458145483
2022-12-14,-0.006146995772300851
2022-12-15,-0.008112184638083107
2022-12-16,-0.002528730348409457
2022-12-19,-0.002681116510148658
2022-12-20,0.000434242223550513
2022-12-21,0.0041179968547520995
2022-12-22,-0.002132814757044157
2022-12-23,0.0027572668963464593
2022-12-27,-0.0005199982310656136
2022-12-28,-0.005105053892217944
2022-12-29,0.05262948836661571
2022-12-30,-0.003624351415762031
2023-01-03,-0.0004652060574601538
2023-01-04,0.0034233996268619813
2023-01-05,-0.0038635378393574752
2023-01-06,0.015332358067144568
2023-01-09,-0.004249088169397649
2023-01-10,-0.0006675614158088929
2023-01-11,0.0020073523485613465
2023-01-12,0.005207606155076725
2023-01-13,0.00459856598741728
2023-01-17,-0.0036988630296282583
2023-01-18,-0.01566642646221539
2023-01-19,-0.006404108022919018
2023-01-20,0.0046298704525903345
2023-01-23,0.013888376014420434
2023-01-24,-0.00012755820147511648
2023-01-25,-0.0004025216608435808
2023-01-26,0.012205256207334555
2023-01-27,0.004361300769315831
2023-01-30,-0.013490017728365809
2023-01-31,0.013634033859530222
2023-02-01,0.010773507628370729
2023-02-02,0.016649252760684883
2023-02-03,-0.01106306469733179
2023-02-06,-0.00542382835474251
2023-02-07,0.014375222794366191
2023-02-08,-0.01175778902814196
2023-02-09,-0.008150351455006767
2023-02-10,0.00010563074900751899
2023-02-13,0.013046404392344767
2023-02-14,0.0010331035558478964
2023-02-15,0.004213274700654517
2023-02-16,-0.015099178226495775
2023-02-17,-0.0018531799856742195
2023-02-21,-0.021565692095430248
2023-02-22,-0.0009209426998473681
2023-02-23,0.005882086959594144
2023-02-24,-0.012768506120164289
2023-02-27,0.0045138797099789655
2023-02-28,-0.00413368920259611
2023-03-01,-0.003607304159795554
2023-03-02,0.008834275024049923
2023-03-03,0.01610967493606993
2023-03-06,0.0010765086923828753
2023-03-07,-0.01493513219084893
2023-03-08,0.0018876997726436022
2023-03-09,-0.017437793101560232
2023-03-10,-0.012980163248420284
2023-03-13,0.00640347079732356
2023-03-14,0.0021956416629911662
2023-03-15,-0.0030746074633958005
2023-03-16,-0.00200666467404079
2023-03-17,-0.009487523192752888
2023-03-20,0.008352049422813226
2023-03-21,0.012568965498269335
2023-03-22,-0.015781702533211248
2023-03-23,0.005559272046483743
2023-03-24,0.0049457770064028255
2023-03-27,0.0003624985807183531
2023-03-28,-0.0030351004899966897
2023-03-29,0.014284884919048954
2023-03-30,0.006532352178507481
2023-03-31,0.014449216520040456
2023-04-03,0.003726173071364678
2023-04-04,-0.0049271982867935965
2023-04-05,-0.0033016214406202298
2023-04-06,0.0036175048810851186
2023-04-10,0.0012103947735252001
2023-04-11,-0.0011131445524120175
2023-04-12,-0.004570521746454989
2023-04-13,0.014662801360430886
2023-04-14,-0.002945842873211444
2023-04-17,0.0025439039120412356
2023-04-18,0.00012031403647154177
2023-04-19,-0.0010106159554209718
2023-04-20,-0.005374130654391301
2023-04-21,0.0009450597234476551
2023-04-24,0.00029641893246642304
2023-04-25,-0.014919161799767194
2023-04-26,-0.0018244154297190887
2023-04-27,0.020927714649337358
2023-04-28,0.007934275356754672
2023-05-01,-0.0013743645367817123
2023-05-02,-0.01007162679322144
2023-05-03,-0.00720140396531017
2023-05-04,-0.0063131983018690566
2023-05-05,0.018690740957150884
2023-05-08,0.00041602954293783797
2023-05-09,-0.004028146676707737
2023-05-10,0.004918911816417495
2023-05-11,-0.001611484809868764
2023-05-12,-0.001779231287637035
2023-05-15,0.0035402265451399155
2023-05-16,-0.00520600250036793
2023-05-17,0.01237441691236079
2023-05-18,0.010948899939431897
2023-05-19,-0.002363339378687111
2023-05-22,3.198367010497018e-05
2023-05-23,-0.010328079434195291
2023-05-24,-0.006718288911248439
2023-05-25,0.010979950570660235
2023-05-26,0.016230196395898917
2023-05-30,0.0014130401743656757
2023-05-31,-0.0047935007081004784
2023-06-01,0.008573973921841485
2023-06-02,0.014242325211630952
2023-06-05,-0.002212848146395899
2023-06-06,0.000694343993907641
2023-06-07,-0.006166884547398427
2023-06-08,0.007883309589342566
2023-06-09,0.0023645688902718554
2023-06-12,0.01069984001666575
2023-06-13,0.006232967112192133
2023-06-14,0.0009228407322147462
2023-06-15,0.0123465205330077
2023-06-16,-0.0043138714744215935
2023-06-20,-0.004514695519568226
2023-06-21,-0.007495277742605483
2023-06-22,0.005272467933966585
2023-06-23,-0.008041232486631123
2023-06-26,-0.0061260588082016725
2023-06-27,0.011646479953957147
2023-06-28,0.0003005395952016816
2023-06-29,0.002939653299192777
2023-06-30,0.011841124979854137
2023-07-03,0.0014159611861396472
2023-07-05,-0.0016517345242935562
2023-07-06,-0.008574617516334263
2023-07-07,-0.003678515626655898
2023-07-10,0.002951253044816432
2023-07-11,0.006691343280127537
2023-07-12,0.00804156507407715
2023-07-13,0.008935662085969959
2023-07-14,-0.0030871828647000476
2023-07-17,0.0023697505693678206
2023-07-18,0.006373586675763087
2023-07-19,0.0070489209807354965
2023-07-20,-0.010268326934833392
2023-07-21,-0.00019128940579632474
2023-07-24,-0.0002798420209140788
2023-07-25,0.0004131408693091672
2023-07-26,0.0005735237054618598
2023-07-27,-0.013312913907838297
2023-07-28,0.010939933778185031
2023-07-31,0.002283722351904669
2023-08-01,-0.009702725033348542
2023-08-02,-0.012603368313742803
2023-08-03,-0.0021960789117809448
2023-08-04,-0.004337550025462238
2023-08-07,0.009507651008171913
2023-08-08,-0.0057864232132220665
2023-08-09,-0.007527612941227434
2023-08-10,0.0013135290153318854
2023-08-11,-0.0012446705861635823
2023-08-14,0.005730815725390754
2023-08-15,-0.010805984208032481
2023-08-16,-0.007716867623763604
2023-08-17,-0.008760262120240461
2023-08-18,0.0003041141663141097
2023-08-21,0.007034418551384781
2023-08-22,-0.003036284180217991
2023-08-23,0.010792095161687526
2023-08-24,-0.01542697576135155
2023-08-25,0.007339974336766005
2023-08-28,0.006759331512346459
2023-08-29,0.014903695528252173
2023-08-30,0.003984410139828142
2023-08-31,-0.0009903862511103363
2023-09-01,0.001372954726468727
2023-09-05,-0.002907601568914426
2023-09-06,-0.007084206444648047
2023-09-07,-0.002775577654919304
2023-09-08,0.0017549749671527679
2023-09-11,0.006958645888125288
2023-09-12,-0.005715512535229619
2023-09-13,0.0010331346421609817
2023-09-14,0.00885678523272489
2023-09-15,-0.012493816868328927
2023-09-18,0.0005530513372865779
2023-09-19,-0.002438452241607734
2023-09-20,-0.0086052064737315
2023-09-21,-0.015215586552514825
2023-09-22,-0.0016890612808043931
2023-09-25,0.0033718873365825275
2023-09-26,-0.013748268546018553
2023-09-27,0.0003027286166480675
2023-09-28,0.005904681301855076
2023-09-29,-0.002222644779654975
2023-10-02,0.001808424714574374
2023-10-03,-0.014430513486850607
2023-10-04,0.00800633754279875
2023-10-05,-0.0009385255036368481
2023-10-06,0.012516788642374464
2023-10-09,0.005814979715740057
2023-10-10,0.004935176491734905
2023-10-11,0.004339029493208947
2023-10-12,-0.004915256194850619
2023-10-13,-0.005526104349998467
2023-10-16,0.010459144070697462
2023-10-17,-0.0010220195260970627
2023-10-18,-0.012115781582613077
2023-10-19,-0.008536479311120877
2023-10-20,-0.011819070875874674
2023-10-23,-0.0014449010543914963
2023-10-24,0.007918810529132327
2023-10-25,-0.014087612215339586
2023-10-26,-0.0008046647411116113
2023-10-27,0.01032122631188519
2023-10-30,0.00636291315051501
2023-10-31,0.0030864119527978786
2023-11-01,0.004399357125341395
2023-11-02,0.018142281616666964
2023-11-03,0.009144067693533731
2023-11-06,0.002550009310316175
2023-11-07,0.004604003136976177
2023-11-08,5.322553889973479e-05
2023-11-09,-0.007134913245737392
2023-11-10,0.016557176127323117
2023-11-13,-0.0008342853275574304
2023-11-14,0.018394816700262988
2023-11-15,0.002701671725270751
2023-11-16,0.0004617356244889564
2023-11-17,0.0006032152134305423
2023-11-20,0.008646290952100087
2023-11-21,-0.0033483961826428375
2023-11-22,0.004295865424031311
2023-11-24,0.0008854913741934945
2023-11-27,-0.0013416847521626003
2023-11-28,0.0019535679428370934
2023-11-29,-6.029399726168458e-05
2023-11-30,0.0054382826939882115
2023-12-01,0.0057416057960479
2023-12-04,-0.005220778012476808
2023-12-05,9.189238268456209e-05
2023-12-06,-0.0039025746320924593
2023-12-07,0.007753635704655588
2023-12-08,0.004110904540275815
2023-12-11,0.005592603250734017
2023-12-12,0.005758392033306792
2023-12-13,0.01369425383557801
2023-12-14,0.015719716800603894
2023-12-15,0.0008591506407568869
2023-12-18,-0.0025210807487166895
2023-12-19,0.005804280874346237
2023-12-20,-0.0025485300705337093
2023-12-21,0.009798081863521439
2023-12-22,-0.0018736700906451843
2023-12-26,0.0037541595553701253
2023-12-27,0.010722781194142727
2023-12-28,-0.0039376107867394915
2023-12-29,-0.006253032915665524
2024-01-02,-0.006395131429550912
2024-01-03,-0.008786409098162251
2024-01-04,-0.002495038286027935
2024-01-05,0.000939312859268518
2024-01-08,0.013582856157533681
2024-01-09,-0.0013093110128097106
2024-01-10,0.005721018563087389
2024-01-11,0.003264115225600379
2024-01-12,-0.0013028125486739097
2024-01-16,-0.011316649224977687
2024-01-17,-0.004567239369917077
2024-01-18,0.009560872366612174
2024-01-19,0.014353185579308002
2024-01-22,0.004585006063975691
2024-01-23,-0.003673197048524878
2024-01-24,-0.0027613163572752565
2024-01-25,0.005671003803073884
2024-01-26,-0.001782945926355248
2024-01-29,0.01004446113098315
2024-01-30,0.004319400498343701
2024-01-31,-0.0014488614875393076
2024-02-01,0.011536538720314184
2024-02-02,-0.007703879290975644
2024-02-05,-0.012890922791968273
2024-02-06,0.006197163222156476
2024-02-07,0.0009165522438155278
2024-02-08,-0.0023654390121432677
2024-02-09,0.0012677917657050056
2024-02-12,0.0006377562289857535
2024-02-13,-0.016025988130404047
2024-02-14,0.006796672347837308
2024-02-15,0.00599654401728981
2024-02-16,-0.005779492250813739
2024-02-20,-0.0019732919479218992
2024-02-21,-0.004019472528917861
2024-02-22,0.01214055728227001
2024-02-23,0.007086433293345773
2024-02-26,-0.0026030219464996153
2024-02-27,-0.0032245137175695065
2024-02-28,0.0023465800658904034
2024-02-29,0.005784275079017119
2024-03-01,0.007678154674384001
2024-03-04,-0.003116167139190185
2024-03-05,0.0017913172498390728
2024-03-06,0.005460678972689182
2024-03-07,0.00394458458170775
2024-03-08,-0.004168548009799096
2024-03-11,-0.0008775729985838173
2024-03-12,0.00028533673716945023
2024-03-13,-0.0036896006932926727
2024-03-14,-0.009469744187627749
2024-03-15,-0.003732441570227373
2024-03-18,0.0010514933505598018
2024-03-19,0.004065616154281537
2024-03-20,0.004769617720316911
2024-03-21,0.003397199859800232
2024-03-22,0.003622350337923968
2024-03-25,-0.004123717323346477
2024-03-26,0.0006122774816455187
2024-03-27,0.009077223598182554
2024-03-28,-0.000548705360581193
2024-04-01,-0.010583696113855671
2024-04-02,-0.006882172534054182
2024-04-03,0.00036477226228664967
2024-04-04,-0.002549710842111904
2024-04-05,0.0098527826971274
2024-04-08,0.00023685425622764836
2024-04-09,0.005751650731350079
2024-04-10,-0.01662738331429732
2024-04-11,0.007856526599201948
2024-04-12,-0.003408185753410731
2024-04-15,-0.01189407905002704
2024-04-16,1.841720600894456e-05
2024-04-17,-0.0064928075411518
2024-04-18,-0.002220158164950387
2024-04-19,-0.007781784554192053
2024-04-22,0.008636825283773207
2024-04-23,0.011171607252266538
2024-04-24,0.00043275477882797394
2024-04-25,-0.005957542187357366
2024-04-26,0.009437996402285358
2024-04-29,0.003828626412493818
2024-04-30,-0.01645751636989976
2024-05-01,-0.0027808241168155025
2024-05-02,0.010285479210101445
2024-05-03,0.01474653697432136
2024-05-06,0.008511310158118563
2024-05-07,0.0006716475176291126
2024-05-08,0.0013456817158534892
2024-05-09,0.005679685142965157
2024-05-10,0.0022201787105122764
2024-05-13,0.0001861045158639108
2024-05-14,0.004599137261730912
2024-05-15,0.0124305199463422
2024-05-16,-0.0013219912143279501
2024-05-17,-0.0030632522669607675
2024-05-20,-0.0011072598163932067
2024-05-21,0.003746787482184371
2024-05-22,-0.0006722833568160333
2024-05-23,-0.00752582432130513
2024-05-24,0.005335253545911167
2024-05-28,-0.0002348901607417543
2024-05-29,-0.008120976664501008
2024-05-30,-0.00846732690564286
2024-05-31,0.007643970835878956
2024-06-03,0.0009514108016224951
2024-06-04,0.0023779277009866448
2024-06-05,0.011586181769191918
2024-06-06,-0.0007309478751352855
2024-06-07,-0.010765359440073521
2024-06-10,-0.002207789796290496
2024-06-11,0.006480517239322478
2024-06-12,0.007530016012540618
2024-06-13,0.008681506328806968
2024-06-14,0.005070822374436181
2024-06-17,-0.0016970346056620058
2024-06-18,0.005771880868516158
2024-06-20,-0.004293755118601949
2024-06-21,-0.0005921497962919505
2024-06-24,0.001094573027860222
2024-06-25,0.0021904103748813675
2024-06-26,-0.007391080738126469
2024-06-27,0.0030080017666002093
2024-06-28,-0.011685211484324028
2024-07-01,-0.008070368548892919
2024-07-02,0.00739312400854521
2024-07-03,0.008889227068462506
2024-07-05,0.007202680614959283
2024-07-08,0.0016678745773996983
2024-07-09,-0.002345170273677795
2024-07-10,0.006423719172424004
2024-07-11,0.0011664669177846873
2024-07-12,0.00524643020385876
2024-07-15,-0.004509335122925126
2024-07-16,0.01131817169140114
2024-07-17,-0.005918699578631326
2024-07-18,-0.0080125106588692
2024-07-19,-0.00668184161129691
2024-07-22,0.009385696172754131
2024-07-23,-0.0016136869833500652
2024-07-24,-0.016416049664188352
2024-07-25,-0.0047223468853560425
2024-07-26,0.01257443849585549
2024-07-29,0.000476744311278535
2024-07-30,-0.004657844766766917
2024-07-31,0.01601813235320504
2024-08-01,-0.01707075138178104
2024-08-02,-0.01913405802769987
2024-08-05,-0.028290493183321528
2024-08-06,0.008974024191014448
2024-08-07,-0.007682822441348434
2024-08-08,0.023625514806245744
2024-08-09,0.003729187254682336
2024-08-12,-0.00028737367937989506
2024-08-13,0.01712591602967985
2024-08-14,0.0030870163131342552
2024-08-15,0.018945764412046463
2024-08-16,0.002150003301914908
2024-08-19,0.009521367591654107
2024-08-20,-0.0016911853217170605
2024-08-21,0.0030586578694821905
2024-08-22,-0.009154834110387266
2024-08-23,0.010715286318081949
2024-08-26,-0.003309345989361317
2024-08-27,0.001585053217720772
2024-08-28,-0.006960148812812631
2024-08-29,0.0016398574455671255
2024-08-30,0.008982474526000287
2024-09-03,-0.02170388009426137
2024-09-04,-0.0013952606157877233
2024-09-05,-0.0021284618983018603
2024-09-06,-0.017726142489844655
2024-09-09,0.01178020522013534
2024-09-10,0.0038060158622653666
2024-09-11,0.01137377293428822
2024-09-12,0.008262797165712476
2024-09-13,0.0056423642628866625
2024-09-16,0.0010053758534313744
2024-09-17,0.0002128525020499019
2024-09-18,-0.003282283964219099
2024-09-19,0.018236634449738814
2024-09-20,-0.0008820363178798963
2024-09-23,0.002140775824739028
2024-09-24,0.003361320184962314
2024-09-25,-0.002818500940168005
2024-09-26,0.005810823101535587
2024-09-27,-0.0012812659364681608
2024-09-30,0.0023665576655474596
2024-10-01,-0.008886313722363802
2024-10-02,0.0009341105109039814
2024-10-03,-0.0023941412925426292
2024-10-04,0.009705729216556918
2024-10-07,-0.009571639837238674
2024-10-08,0.00905217564034988
2024-10-09,0.008296820035483033
2024-10-10,-0.001267864347700677
2024-10-11,0.005721609667197395
2024-10-14,0.007196977201586454
2024-10-15,0.0026505855295134925
2024-10-16,0.003964827894981402
2024-10-17,0.001600038945343054
2024-10-18,0.0037197083408467774
2024-10-21,-0.0024314274010057784
2024-10-22,0.0001405672731692399
2024-10-23,-0.011379867019567188
2024-10-24,0.0023417387627218374
2024-10-25,-0.00013609714535335062
2024-10-28,0.0033758608561896756
2024-10-29,0.002547266579995063
2024-10-30,-0.004144075191038658
2024-10-31,-0.01823702097971797
2024-11-01,0.006070107049324374
2024-11-04,-0.003564811125101082
2024-11-05,0.01167794361477349
2024-11-06,0.029109270927132898
2024-11-07,0.00796319416447646
2024-11-08,0.008833292355325133
2024-11-11,-0.0015930421348125437
2024-11-12,-0.01016088142186542
2024-11-13,-0.005224627967778
2024-11-14,0.00024774933448379896
2024-11-15,-0.01442522252772699
2024-11-18,0.003413860720276814
2024-11-19,0.0024564679400577477
2024-11-20,0.0010372648801989267
2024-11-21,0.006575708830692738
2024-11-22,0.004763748953829951
2024-11-25,0.004987571446938394
2024-11-26,0.004502077195314595
2024-11-27,0.0019733766329749717
2024-11-29,0.006742443764930658
2024-12-02,0.002628300240380862
2024-12-03,-0.004556566755049041
2024-12-04,0.009511424919458345
2024-12-05,-0.0002754062713127858
2024-12-06,0.0019860059100987406
2024-12-09,-0.007766255535012376
2024-12-10,-0.00409294098180977
2024-12-11,0.007650245522755601
2024-12-12,-0.00920308304993265
2024-12-13,0.0018021430890090926
2024-12-16,0.005490530606301154
2024-12-17,-0.0009009893685089359
2024-12-18,-0.03061536212659288
2024-12-19,-0.0013319077126082543
2024-12-20,0.011047142341225306
2024-12-23,0.005489587645906053
2024-12-24,0.01101202771273158
2024-12-26,0.0003450391632041858
2024-12-27,-0.01040409651351492
2024-12-30,-0.011509230524415387
2024-12-31,-0.004231463662546072
2025-01-02,-0.002813074474845692
2025-01-03,0.012236815991266782
2025-01-06,0.005698964317758099
2025-01-07,-0.01111447962572026
2025-01-08,0.001177076097538678
2025-01-10,-0.015651073321638644
2025-01-13,0.002367535330059563
2025-01-14,0.0018996491972968097
2025-01-15,0.01927000616243985
2025-01-16,-0.0034720337319217123
2025-01-17,0.01149312810816387
2025-01-21,0.009157311473928023
2025-01-22,0.006964901907884903
2025-01-23,0.005653554321129512
2025-01-24,-0.003784827573780395
2025-01-27,-0.01199090871826523
2025-01-28,0.008615682293476798
2025-01-29,-0.0030421263604682395
2025-01-30,0.00442616016368962
2025-01-31,-0.004864239507384049
2025-02-03,-0.0057019621920272896
2025-02-04,0.007196074199697791
2025-02-05,0.005228724261268223
2025-02-06,0.0018570460051413505
2025-02-07,-0.0103951806569898
2025-02-10,0.00748519187046144
2025-02-11,0.0004861812228064955
2025-02-12,-0.002771007628257354
2025-02-13,0.011008125271109007
2025-02-14,0.0002540548048621525
2025-02-18,0.0018210787569651267
2025-02-19,0.001443055331792094
2025-02-20,-0.0060152578004949
2025-02-21,-0.018349040677441815
2025-02-24,-0.005121069498243749
2025-02-25,-0.004549132705681642
2025-02-26,-0.0004458318651821611
2025-02-27,-0.0159583477463142
2025-02-28,0.015088535609587086
2025-03-03,-0.01782911272253366
2025-03-04,-0.010124724754688785
2025-03-05,0.011749674133644614
2025-03-06,-0.01847280193485736
2025-03-07,0.006144271206825487
2025-03-10,-0.02840213025934228
2025-03-11,-0.008082087488812461
2025-03-12,0.027016778446568804
2025-03-13,-0.03688950807858837
2025-03-14,0.05275038124257586
2025-03-17,0.007695046308833581
2025-03-18,-0.002950167968795751
2025-03-19,0.0004975031663611068
2025-03-20,-0.0006387506699269978
2025-03-21,0.002143924148163996
2025-03-24,0.003584382747385215
2025-03-25,0.002959099859458157
2025-03-26,-0.011364725665198104
2025-03-27,0.008265907432254018
2025-03-28,-0.004353648490105679
2025-03-31,0.008737293658148824
2025-04-01,-0.0005543852821253113
2025-04-02,0.0015629757413665223
2025-04-03,0.0019914689436874083
2025-04-04,-0.12781456611966507
2025-04-07,0.006905884222877214
2025-04-08,-0.038075323496841756
2025-04-09,0.2499705640568618
2025-04-10,0.00020841579553221794
2025-04-11,0.0027161193541991448
2025-04-14,0.009318521470351752
2025-04-15,-0.004814900284026266
2025-04-16,-0.002272312042921033
2025-04-17,0.012363861289827187
2025-04-21,-0.0037562632583072308
2025-04-22,0.010343119014606755
2025-04-23,-0.001771573130904817
2025-04-24,-0.003641183725327071
2025-04-25,-0.002102141853618049
2025-04-28,0.0012647939516620492
2025-04-29,0.003936316821387419
2025-04-30,0.005897914769299139
2025-05-01,-0.005521575761395301
2025-05-02,0.0032137436627973047
2025-05-05,0.000597954064844423
2025-05-06,-0.000761987404840376
2025-05-07,0.0030902386850593143
2025-05-08,-0.0049129808753801555
2025-05-09,-0.0007395870132729659
2025-05-12,-0.0009096766410848531
2025-05-13,0.0051392519355695394
2025-05-14,0.001694940824466711
2025-05-15,0.004288027516974257
2025-05-16,0.006219543468629227
2025-05-19,0.001840246356394898
2025-05-20,-0.0030678182442543784
2025-05-21,-0.016650564825622615
2025-05-22,0.0008174731275424064
2025-05-23,-0.007349767538016397
2025-05-27,0.02083271604318375
2025-05-28,-0.005316570860664744
2025-05-29,0.00279080315525756
2025-05-30,-0.0006029400964577679
2025-06-02,0.005212218970678631
2025-06-03,0.006327286825531785
2025-06-04,3.163351080796807e-05
2025-06-05,-0.004914920640610071
2025-06-06,0.010145135448984438
2025-06-09,0.0007838583583502774
2025-06-10,0.005092868857787202
2025-06-11,-0.00210243926666617
2025-06-12,0.002798933622680849
2025-06-13,-0.013824019274630311
2025-06-16,0.010578234852103692
2025-06-17,-0.008586356098555506
2025-06-18,-0.00031612590555576606
2025-06-20,-0.0020806654537142916
2025-06-23,0.009845653582424728
2025-06-24,0.012756191406656684
2025-06-25,0.00035253746352571346
2025-06-26,0.00887874122303643
2025-06-27,0.005875206401165898
2025-06-30,0.005766680673692192
2025-07-01,0.00015470879541049825
2025-07-02,0.0037302936957733486
2025-07-03,0.008453274932041423
2025-07-07,-0.008029056231056847
2025-07-08,-0.0011887327727212954
2025-07-09,0.005985567002812348
2025-07-10,0.0019022111025408645
2025-07-11,-0.004082863774128017
2025-07-14,0.0026128091247005353
2025-07-15,-0.004359583489173159
2025-07-16,0.0030934860277384776
2025-07-17,0.0069048364216287225
2025-07-18,-0.0018717536317781492
2025-07-21,0.0025381057056109877
2025-07-22,-0.0006169236637801807
2025-07-23,0.008231456897168248
2025-07-24,-0.0014103944485354687
2025-07-25,0.003615714802215342
2025-07-28,0.0004908286350643886
2025-07-29,-0.0027547823943980783
2025-07-30,-0.0012066351978016164
2025-07-31,-0.0055614821439775985
2025-08-01,-0.016340741559361514
2025-08-04,0.01591701342974321
2025-08-05,-0.004515532812327539
2025-08-06,0.007477166314762048
2025-08-07,-0.0007556285576670669
2025-08-08,0.007431396540404478
2025-08-11,-0.003064963213181908
2025-08-12,0.011300826092134822
2025-08-13,0.004720202930835332
2025-08-14,-0.00042215012496549
2025-08-15,-0.0018467620705716096
2025-08-18,-0.0005534151800407667
2025-08-19,-0.006313145288636745
2025-08-20,-0.002864317259480683
2025-08-21,-0.003937768981424727
2025-08-22,0.016694649710527885
2025-08-25,-0.004999466050444967
2025-08-26,0.003786421127390453
2025-08-27,0.0023886471815160555
2025-08-28,0.003856372258221252
2025-08-29,-0.006441608658860781
2025-09-02,-0.007095964305753174
2025-09-03,0.004231140938554986
2025-09-04,0.008594775215314803
2025-09-05,-0.001944536844557541
2025-09-08,0.003348059478353685
2025-09-09,0.003026512132701633
2025-09-10,-0.00039391372643758833
2025-09-11,0.009018149386338166
2025-09-12,-0.0027111494863742177
2025-09-15,0.005166003444518565
2025-09-16,0.00044003642002685475
2025-09-17,-0.001259873843094646
2025-09-18,-0.0031006605570721344
2025-09-19,0.0011176677134061193
2025-09-22,-6.8633136371247e-05
2025-09-23,0.001595722827068938
2025-09-24,-0.0037032093861612695
2025-09-25,-0.002010922838019076
2025-09-26,0.005342376352986582
2025-09-29,0.005826791626647906
2025-09-30,-0.00033395918566430575
2025-10-01,0.002862137920610578
2025-10-02,0.0025660369180328774
2025-10-03,-0.0008823602424235177
2025-10-06,-0.002844441671505415
2025-10-07,0.0013681837384067824
2025-10-08,0.003175061789847258
2025-10-09,-0.0019034453108433358
2025-10-10,-0.00327627048213186
2025-10-13,0.01642969431122925
2025-10-14,-0.001175267972308471
2025-10-15,0.0038283052628776595
2025-10-16,-0.005771579116568089
2025-10-17,0.005806382881787801
2025-10-20,0.011451964799542979
2025-10-21,0.0014714115943737522
2025-10-22,-0.007394796605812274
2025-10-23,0.005862008778073995
2025-10-24,0.009794214677947792
2025-10-27,0.00720946655183867
2025-10-28,0.0032119023984617315
2025-10-29,-0.0052255700929755
2025-10-30,-0.007720281434764779
2025-10-31,0.0031613614051367684
2025-11-03,-0.0010185293763621598
2025-11-04,-0.004383762926459865
2025-11-05,0.0048839165833784535
2025-11-06,-0.012490078910220262
2025-11-07,-0.0003057404963746611
2025-11-10,0.015358386641629621
2025-11-11,0.0038062657236688844
2025-11-12,0.0022722752709939593
2025-11-13,-0.01786163142449287
2025-11-14,-0.0018989383108728958
2025-11-17,-0.00983277703581202
2025-11-18,-0.010439858383055145
2025-11-19,0.0035984234611783172
2025-11-20,-0.015596810780305061
2025-11-21,0.009517867806765872
2025-11-24,0.014659593057132879
2025-11-25,0.010038242019297462
2025-11-26,0.007480161848887397
2025-11-28,0.006502550727330038
2025-12-01,-0.00534321415881237
2025-12-02,0.004579858538971739
2025-12-03,0.0048844765568736865
2025-12-04,-0.0003020167208354532
2025-12-05,0.0026553106086296486
2025-12-08,-0.0029493468331229485
2025-12-09,-0.0010900033527792067
2025-12-10,0.007028615629295297
2025-12-11,0.004238759755431751
2025-12-12,-0.011581563032370457
2025-12-15,-0.0023056538577135533
2025-12-16,-0.002505808293928744
2025-12-17,-0.011263636927596552
2025-12-18,0.007729890099705837
2025-12-19,0.008474940613774741
2025-12-22,0.005274286824118675
2025-12-23,0.003601057422043812
2025-12-24,0.004072185952101972
2025-12-26,-4.106807426020014e-05
2025-12-29,-0.004471316680403077
2025-12-30,-0.0018661539730827573
2025-12-31,-0.007296475323103387
2026-01-02,0.0021290652270847866
2026-01-05,0.009117674215909182
2026-01-06,0.008214709249625838
2026-01-07,-0.003965473878001235
2026-01-08,-0.00012168044715068918
2026-01-09,0.007173262968611335
2026-01-12,0.0013986912090738588
2026-01-13,-0.0038737895486364578
2026-01-14,-0.005388821699711316
2026-01-15,0.0040946937370825946
2026-01-16,-0.001159396362895714
2026-01-20,-0.019607356547557762
2026-01-21,0.012412184773217793
2026-01-22,0.006122991742039584
2026-01-23,-0.0007622349431166235
2026-01-26,0.005297596075770757
2026-01-27,0.0015384314579398018
2026-01-28,0.0011040840313594953
2026-01-29,-0.0025809157120634777
2026-01-30,-0.005758385208047311
2026-02-02,0.007371764244049909
2026-02-03,-0.009023426662805246
2026-02-04,-0.00560027396035503
2026-02-05,-0.012864603925254741
2026-02-06,0.021749076171166393
2026-02-09,0.004188518263687737
2026-02-10,-0.0018993330746217357
2026-02-11,0.0003872096032696534
2026-02-12,-0.016269769423163927
2026-02-13,0.00134449292475589
2026-02-17,0.0006069773529908799
2026-02-18,0.004864392441771281
2026-02-19,-0.003927780189774511
2026-02-20,0.006867884340353706
2026-02-23,-0.012924604832636875
2026-02-24,0.00854750597763424
2026-02-25,0.009604615077885402
2026-02-26,-0.005724356833114189
2026-02-27,-0.006256525080888548
2026-03-02,0.0002784838772292399
2026-03-03,-0.008977019373356276
2026-03-04,0.008840172036623423
2026-03-05,-0.008377808343201199
2026-03-06,-0.012551821606642016
2026-03-09,0.00917096899834918
2026-03-10,-0.0006606429411562958
2026-03-11,-0.002513194724095126
2026-03-12,-0.015917244146693224
2026-03-13,-0.004607978729953625
2026-03-16,0.00990466544065815
2026-03-17,0.0029083052495542426
2026-03-18,-0.014917067071139047
2026-03-19,-0.003274229355158669
2026-03-20,-0.013923349864984532
2026-03-23,0.0033725639119657974
2026-03-24,-0.0021782907775918965
2026-03-25,0.0026961372383766664
2026-03-26,-0.004029233800556204
2026-03-27,0.0031780583241282595
2026-03-30,-0.026103007022081827
2026-03-31,0.07530193336396868
2026-04-01,-0.002500446662015311
2026-04-02,0.00430702159305823
2026-04-06,0.003486296733994139
2026-04-07,-0.008386674153493158
2026-04-08,0.007024330309541775
2026-04-09,0.0060779127154325565
2026-04-10,-0.0015698431539251543
2026-04-13,0.008723816543226482
2026-04-14,0.012459085733386893
2026-04-15,0.006831633545195273
2026-04-16,0.00306551902931238
2026-04-17,0.014392416320623044
2026-04-20,-0.0016726050258623593
2026-04-21,-0.005440115570748999
2026-04-22,0.011330262373648477
2026-04-23,-0.004368841152195101
2026-04-24,0.008571224733005303
2026-04-27,0.000504511438435001
2026-04-28,-0.0053592215776254604
2026-04-29,0.00023241307354776152
2026-04-30,0.011789056507853533
2026-05-01,0.003158191984855063
2026-05-04,-0.005419641388745687
2026-05-05,0.009400746077501592
2026-05-06,0.015805749837136104
2026-05-07,-0.004453405601968278
2026-05-08,0.010702832440298099
2026-05-11,-0.002280062146495604
2026-05-12,-0.0048641173993932306
2026-05-13,0.0010292488274174535
2026-05-14,0.00415417961352008
2026-05-15,-0.013767940209695885
2026-05-18,-0.0009624873989289768
2026-05-19,-0.006300229419730789
2026-05-20,0.013148564261505468
2026-05-21,0.003207771008409471
2026-05-22,0.00512505059638574
2026-05-26,0.006081072642097245
2026-05-27,0.00147182704260998
2026-05-28,0.00514256888862113
2026-05-29,0.0019091111185509824
2026-06-01,0.001690213862044607
2026-06-02,0.002699146733737289
2026-06-03,-0.005341349761586671
2026-06-04,0.003470816966097367
2026-06-05,-0.015713401357085464
2026-06-08,0.005437862276279475
2026-06-09,-0.004527338934496579
2026-06-10,-0.017909943224353096
2026-06-11,0.02302230605138856
2026-06-12,0.006183061516014565
2026-06-15,0.019904689465631207
2026-06-16,-0.0065503051633303425
2026-06-17,-0.01080978096438225
2026-06-18,0.01228231567205826
2026-06-22,-0.0008988315606302158
2026-06-23,-0.01630103253603931
2026-06-24,-0.00033912629094269976
2026-06-25,0.0036557537195816363
2026-06-26,-0.00796700115508933
2026-06-29,0.016262187129671694
2026-06-30,0.008734816333251296
2026-07-01,-0.005608347771715588
2026-07-02,-0.002726312054297645
2026-07-06,0.009040874006516623
2026-07-07,-0.008760978064699958
2026-07-08,-0.003737246865132731
2026-07-09,0.009234472147067
2026-07-10,0.0034737978735907915
2026-07-13,-0.009696837295992019
2026-07-14,0.005009815477744354
2026-07-15,0.0012232954012061101
2026-07-16,-0.007961728138150466
2026-07-17,-0.010729100691853188
2026-07-20,-0.002063991686884894
2026-07-21,0.011199222230676532
2026-07-22,-0.002097998172074006
2026-07-23,-0.013737108962864546
2026-07-24,-0.0016768793638065906
2026-07-27,0.0007167798162404042
2026-07-28,0.0013566148046166705
2026-07-29,-0.019169940953909916
2026-07-30,0.02024018972264595
2026-07-31,0.006359984717471541
2026-08-03,0.014944494044065594
2026-08-04,0.022975416886192413
2026-08-05,-0.002132847654685282
2026-08-06,-0.004636663482807966
2026-08-07,0.006762955548834082
2026-08-10,-0.00147112936102175
2026-08-11,-0.0032371284205509263
2026-08-12,0.0031394983143454578
2026-08-13,0.0066077414069924565
2026-08-14,-0.001803900453184984
2026-08-17,-0.003754192287415489
2026-08-18,-0.008654267143819535
2026-08-19,0.000909094085718932
2026-08-20,-0.009450765675937804
2026-08-21,0.005820090641814891
2026-08-24,-0.003342536297583887
2026-08-25,0.004105166633851738
2026-08-26,-0.0002699697090886138
2026-08-27,0.007279836798207621
2026-08-28,-0.002989715640917876
2026-08-31,-0.003058992184109277
2026-09-01,-0.008903690231345972
2026-09-02,0.004066005956540636
2026-09-03,0.011411602075996983
2026-09-04,-0.0025030739567263403
2026-09-08,-0.005935750740369255
2026-09-09,-0.005012879762802009
2026-09-10,-0.007646807887108972
2026-09-11,0.008980008273568508
2026-09-14,-0.0049506334785265095
2026-09-15,-0.005775615467582508
2026-09-16,-0.005276831446396694
2026-09-17,0.011545838824680231
2026-09-18,0.0017048062248077277
2026-09-21,0.017324763809242496
2026-09-22,0.001542452154115691
2026-09-23,-0.007574743323716821
2026-09-24,-0.0013527461223138129
2026-09-25,0.0064307559042305045
