date,returns
2011-10-04,0.0
2011-10-05,-0.0054617883176323
2011-10-06,-0.007725504545735672
2011-10-07,-0.0005921874730619575
2011-10-10,-0.006515818278910565
2011-10-11,-0.0007783370619995722
2011-10-12,0.0013808658274505358
2011-10-13,0.000375469051469639
2011-10-14,0.0001213855825601014
2011-10-17,0.020699612718043908
2011-10-18,0.0006340478513689885
2011-10-19,0.0015312553769135236
2011-10-20,0.0007199566309513991
2011-10-21,0.0019966465113898414
2011-10-24,-0.0008508265981377586
2011-10-25,0.0017175188228516366
2011-10-26,-2.191792434371072e-06
2011-10-27,-0.0015245119016332321
2011-10-28,0.0033058171693285334
2011-10-31,-0.049555021679862775
2011-11-01,0.002467144378254846
2011-11-02,-0.005347098635604711
2011-11-03,-0.006959385943472077
2011-11-04,-8.843623714878922e-06
2011-11-07,0.0018605468390560567
2011-11-08,-0.0004949586079461949
2011-11-09,-0.10343561326336821
2011-11-10,-0.006676358911956669
2011-11-11,-0.0028552120186810383
2011-11-14,-0.016976294500919423
2011-11-15,-0.0009031655153836646
2011-11-16,-0.0002535174674618435
2011-11-17,0.0029220918968196966
2011-11-18,-0.00045853424902375477
2011-11-21,0.0022485281939848634
2011-11-22,-0.0029251633092388547
2011-11-23,0.004566321484649281
2011-11-25,-0.020111440551155595
2011-11-28,0.10419967355546554
2011-11-29,-0.004139816502694027
2011-11-30,-0.0444920766670857
2011-12-01,-0.0005742410700900288
2011-12-02,0.001907473537231094
2011-12-05,0.0012872447020296962
2011-12-06,-0.007658136958866034
2011-12-07,0.0015166636353860636
2011-12-08,-0.050922791150676064
2011-12-09,0.00016912603153751904
2011-12-12,-0.03281255417143375
2011-12-13,0.0015703577373045387
2011-12-14,0.008703300834974875
2011-12-15,-0.001782498434858288
2011-12-16,0.006337596756583028
2011-12-19,0.0049202816751103325
2011-12-20,-0.011375980646121215
2011-12-21,-6.983039720498711e-05
2011-12-22,-0.008222652028407607
2011-12-23,0.02589437758378981
2011-12-27,0.007686586361063664
2011-12-28,-0.03210109347574722
2011-12-29,0.01948238614780841
2011-12-30,-0.008167389016391068
2012-01-03,0.05691968850949808
2012-01-04,0.011967095576177993
2012-01-05,0.02461528400690709
2012-01-06,0.010332855834859801
2012-01-09,-0.008367852540918074
2012-01-10,0.02049624734486132
2012-01-11,0.006956153577609579
2012-01-12,0.011863779124749072
2012-01-13,-0.011467590544967059
2012-01-17,0.026849547074672898
2012-01-18,0.03972569028771287
2012-01-19,0.020018051731297413
2012-01-20,-0.004427895627186518
2012-01-23,-0.00012004669881708776
2012-01-24,-0.00553040994537328
2012-01-25,0.03820262119016611
2012-01-26,-0.01059712794449265
2012-01-27,0.009886064952250827
2012-01-30,0.0016308814644933928
2012-01-31,0.003491707169209159
2012-02-01,0.024578078780310205
2012-02-02,-0.0602782629482556
2012-02-03,-0.1052630727977801
2012-02-06,-0.023897147035751052
2012-02-07,0.015065978257515761
2012-02-08,0.04638212006117909
2012-02-09,0.09929082066026361
2012-02-10,0.17096774562941383
2012-02-13,0.026922721761850763
2012-02-14,0.060064913620059834
2012-02-15,0.11332316951033752
2012-02-16,0.0418023865957865
2012-02-17,-0.00850479338028584
2012-02-21,0.008477143721004516
2012-02-22,-0.01320947288911769
2012-02-23,0.018962682099454453
2012-02-24,0.009754635478289147
2012-02-27,0.0048293999257891665
2012-02-28,0.02991577744082456
2012-02-29,-0.01314197497456821
2012-03-01,0.02431939481932325
2012-03-02,-0.003015178090265462
2012-03-05,-0.031186027934982735
2012-03-06,-0.028676374913509356
2012-03-07,0.022695547020969917
2012-03-08,0.03171664971608014
2012-03-09,0.01208625136914074
2012-03-12,0.0015996299192950533
2012-03-13,0.056332591332207575
2012-03-14,0.01119831014129239
2012-03-15,0.007646714590028794
2012-03-16,-0.002180828328294163
2012-03-19,0.02176806467827995
2012-03-20,0.005475205366554153
2012-03-21,-0.09827760504766632
2012-03-22,0.020786509304178896
2012-03-23,-0.0013698330713129776
2012-03-26,0.05222582638787508
2012-03-27,0.19843137658045362
2012-03-28,0.01178007439708382
2012-03-29,-0.010267960548972273
2012-03-30,-0.006972117027960117
2012-04-02,0.03050765111433843
2012-04-03,8.271046591088635e-05
2012-04-04,-0.04079505231175185
2012-04-05,0.01826307711711532
2012-04-09,-0.02300069979006298
2012-04-10,-0.04827582819635147
2012-04-11,0.014467707572672905
2012-04-12,0.03353764969487141
2012-04-13,-0.045225845185853986
2012-04-16,-0.03148909645008493
2012-04-17,0.05894788342028264
2012-04-18,-0.0073065727949279775
2012-04-19,-0.03233179074043404
2012-04-20,-0.010775285521519502
2012-04-23,-0.02517034240393548
2012-04-24,-0.01765313337776037
2012-04-25,0.07942996656081851
2012-04-26,0.01788756270364392
2012-04-27,0.01713730973018666
2012-04-30,-0.020783205633516818
2012-05-01,0.005678359958324272
2012-05-02,0.00659991294083375
2012-05-03,-0.031060910610352634
2012-05-04,-0.07337552658930939
2012-05-07,0.0014408866809845187
2012-05-08,-0.011034176962047048
2012-05-09,-0.005531274028256704
2012-05-10,-0.010245645277717248
2012-05-11,-0.0009842546552705335
2012-05-14,-0.02763071419440652
2012-05-15,-0.00872697590189808
2012-05-16,-0.021704494885630383
2012-05-17,-0.06153186946290972
2012-05-18,-0.040142912875154015
2012-05-21,0.08410947383614589
2012-05-22,-0.0036436176217307585
2012-05-23,0.005591816374049792
2012-05-24,-0.017968127910701907
2012-05-25,-0.00566246574746141
2012-05-29,0.037239239347741836
2012-05-30,-0.024286915047412923
2012-05-31,-0.01428564262264174
2012-06-01,-0.07861296860187036
2012-06-04,0.021449135808278497
2012-06-05,0.013766029949069896
2012-06-06,0.06835560010487716
2012-06-07,-0.011202763820007792
2012-06-08,0.029412715529607177
2012-06-11,-0.04783120044065421
2012-06-12,0.03156332789210308
2012-06-13,-0.019609522967047478
2012-06-14,0.011209676187033842
2012-06-15,0.03694792904006846
2012-06-18,0.02578156099598203
2012-06-19,0.03289792638494028
2012-06-20,0.0035607280314000457
2012-06-21,-0.07490755387731433
2012-06-22,0.031111703147335974
2012-06-25,-0.059310253372516684
2012-06-26,0.01933079568137198
2012-06-27,0.018320652281437942
2012-06-28,-0.03598005080365439
2012-06-29,0.09769450783337391
2012-07-02,0.008000665056637267
2012-07-03,0.023809636138538325
2012-07-05,0.0034881577627259427
2012-07-06,-0.039397693030263574
2012-07-09,-0.003417758997917249
2012-07-10,-0.03066306561436276
2012-07-11,-0.013735805638870122
2012-07-12,-0.028909341263056543
2012-07-13,0.04345889871831573
2012-07-16,-0.007497110023322267
2012-07-17,0.015318727829503236
2012-07-18,0.04070892280806708
2012-07-19,0.03256687714906127
2012-07-20,-0.03846266492805539
2012-07-23,-0.036998410618175805
2012-07-24,-0.022846574060929655
2012-07-25,-0.02231568571896293
2012-07-26,0.03913055995582068
2012-07-27,0.07573157685916733
2012-07-30,-0.006028593675057443
2012-07-31,0.0005857159968779088
2012-08-01,-0.00977619041565377
2012-08-02,-0.010466415996513712
2012-08-03,0.056875350591047175
2012-08-06,0.02247065596624605
2012-08-07,0.02474510245537841
2012-08-08,-0.0016223567815869503
2012-08-09,0.00848397434086455
2012-08-10,0.0041169267535053405
2012-08-13,0.006060901956723632
2012-08-14,0.0014172522733577584
2012-08-15,0.007077617133003244
2012-08-16,0.03583938880857225
2012-08-17,0.013737588204989038
2012-08-20,0.003976214535295754
2012-08-21,0.04752471023437068
2012-08-22,0.010789876968262686
2012-08-23,-0.0221849247462338
2012-08-24,0.01774075272506321
2012-08-27,0.004861266875671175
2012-08-28,-0.0001665834920679548
2012-08-29,0.00033292120734202237
2012-08-30,-0.03051946735074683
2012-08-31,0.02133186587913199
2012-09-04,-0.00421185957858895
2012-09-05,-0.004566398811048105
2012-09-06,0.06610056627087715
2012-09-07,-0.004304360153150098
2012-09-10,-0.03681711163658085
2012-09-11,-0.004320535599948777
2012-09-12,0.008678667737638226
2012-09-13,0.03988073364428307
2012-09-14,0.02562079835172867
2012-09-17,-0.0156058479801161
2012-09-18,0.0018582099654200661
2012-09-19,0.00664679393552287
2012-09-20,-0.0023026835461104752
2012-09-21,0.0
2012-09-24,-0.018470007559597264
2012-09-25,-0.040144869174266094
2012-09-26,-0.026303069319189742
2012-09-27,0.04245091115648556
2012-09-28,-0.023982080244562533
2012-10-01,-0.0042887344853146355
2012-10-02,0.00645976361057657
2012-10-03,0.01892385999196449
2012-10-04,0.011627775846393509
2012-10-05,-0.01724118711054314
2012-10-08,-0.026478353294194876
2012-10-09,-0.05139242540667862
2012-10-10,-0.012138176546920506
2012-10-11,-0.00890252848744803
2012-10-12,-0.0001795309418874564
2012-10-15,0.019945358708278738
2012-10-16,0.04351596582686794
2012-10-17,-0.003038510943649886
2012-10-18,-0.03420738058825244
2012-10-19,-0.07224316981823548
2012-10-22,0.015687388140437415
2012-10-23,-0.02958801393244255
2012-10-24,-0.009970078107198454
2012-10-25,0.0
2012-10-26,0.010459202441362789
2012-10-31,-0.01935982413313893
2012-11-01,0.042415299243784954
2012-11-02,-0.036565732249825636
2012-11-05,0.02452331527422684
2012-11-06,0.006079738170440796
2012-11-07,-0.07175311740398294
2012-11-08,-0.046785309256400814
2012-11-09,0.010884400407042584
2012-11-12,0.001477537822433045
2012-11-13,-0.0217111855212152
2012-11-14,-0.03576897564599807
2012-11-15,-0.017982315701226846
2012-11-16,0.005945296532195337
2012-11-19,0.07754125975777965
2012-11-20,0.00020971300493570513
2012-11-21,0.007068662916157046
2012-11-23,0.045839340500377176
2012-11-26,0.012833787336404391
2012-11-27,-0.01130705569475045
2012-11-28,0.02681485675017936
2012-11-29,0.017281084951011362
2012-11-30,-0.003585912544865095
2012-12-03,-0.0049247697743110335
2012-12-04,-0.00647303187961898
2012-12-05,-0.030849125471618787
2012-12-06,0.01838745170287352
2012-12-07,-0.017084196475505072
2012-12-10,0.008886866603429954
2012-12-11,0.038567334683012884
2012-12-12,-0.006786317025603748
2012-12-13,-0.022585016417936535
2012-12-14,-0.0283488766302578
2012-12-17,0.03896990037124473
2012-12-18,0.04635439920265436
2012-12-19,-0.014338271216685444
2012-12-20,0.0007447716669727782
2012-12-21,-0.031120043813920074
2012-12-24,-0.00846450292798509
2012-12-26,-0.02366588346353049
2012-12-27,-0.0055641225625941365
2012-12-28,-0.028970398945632175
2012-12-31,0.06522657998632686
2013-01-02,0.09329633532253455
2013-01-03,-0.014486634348883165
2013-01-04,-0.009859436125725077
2013-01-07,0.0010860075706629726
2013-01-08,-0.00578866033145437
2013-01-09,0.010188589489388925
2013-01-10,0.017647572149847284
2013-01-11,0.0037151456098251305
2013-01-14,-0.01287008239412591
2013-01-15,-0.014824223470529595
2013-01-16,0.011240994730469966
2013-01-17,0.015417132065290705
2013-01-18,-0.00564899396956715
2013-01-22,0.004083922147141121
2013-01-23,0.016268288212066936
2013-01-24,-0.03984657787012099
2013-01-25,0.014859198274426945
2013-01-28,0.055871224242424244
2013-01-29,0.0
2013-01-30,0.12822969114003832
2013-01-31,-0.006418503698533165
2013-02-01,0.0328362394147641
2013-02-04,-0.05090212883622546
2013-02-05,0.04393185175227254
2013-02-06,-0.009293843531907537
2013-02-07,0.0024773443703649013
2013-02-08,0.030368018905934664
2013-02-11,-0.00034410039562262213
2013-02-12,-0.01165504773302073
2013-02-13,0.011619499143607688
2013-02-14,-0.0020572037632772926
2013-02-15,-0.008589007683415723
2013-02-19,0.021833315027032306
2013-02-20,-0.04561667736471864
2013-02-21,-0.03251513721819168
2013-02-22,0.029383505026304782
2013-02-25,-0.037288521136502085
2013-02-26,0.012046208909761255
2013-02-27,0.030398329783903666
2013-02-28,-0.0037330238081228974
2013-03-01,0.010346454942710293
2013-03-04,0.012888361692908436
2013-03-05,0.043925229820394304
2013-03-06,-0.006344355579017431
2013-03-07,0.008738523152362445
2013-03-08,0.0011657326933318787
2013-03-11,0.010315914812396847
2013-03-12,-0.01218671330411454
2013-03-13,-0.003167415047088201
2013-03-14,0.010202266299961108
2013-03-15,-0.009438061642853997
2013-03-18,-0.006853079801006838
2013-03-19,-0.004039035056704936
2013-03-20,0.019094597496321097
2013-03-21,-0.032001224101993325
2013-03-22,0.02757863347274122
2013-03-25,-0.010168256431961798
2013-03-26,0.015324571289425928
2013-03-27,0.005307097880226111
2013-03-28,0.005775078342507723
2013-04-01,-0.0193574348347521
2013-04-02,0.02258364367482864
2013-04-03,-0.026501036583066132
2013-04-04,0.000503344112679487
2013-04-05,-0.02452092877290613
2013-04-08,0.015324112249961755
2013-04-09,0.019670328503693685
2013-04-10,0.05854045552700155
2013-04-11,-0.0017284520168725516
2013-04-12,-0.0011014322882990015
2013-04-15,-0.06081553182220963
2013-04-16,0.04177087016115831
2013-04-17,-0.05845367475319003
2013-04-18,-0.04327137348981311
2013-04-19,0.04147352918420126
2013-04-22,0.03072484882300215
2013-04-23,0.029474355744679485
2013-04-24,-0.002425408323645365
2013-04-25,0.01621569702899147
2013-04-26,-0.00845706028377378
2013-04-29,0.02655223886814244
2013-04-30,0.021948072243178084
2013-05-01,-0.012732494343899238
2013-05-02,0.03620328574724893
2013-05-03,0.034936234507463505
2013-05-06,0.012895084263158413
2013-05-07,-0.0024319892869855853
2013-05-08,0.015630591679417025
2013-05-09,-0.0035305679002860606
2013-05-10,0.01700202740558355
2013-05-13,0.0039012316399370927
2013-05-14,0.014710499016682563
2013-05-15,0.007384827456983104
2013-05-16,-0.003665917841369496
2013-05-17,0.028206047077665754
2013-05-20,0.02831858471235024
2013-05-21,0.0037278535488853262
2013-05-22,-0.024403716850460312
2013-05-23,-0.01087506498631206
2013-05-24,-0.0005500956441674597
2013-05-28,0.02062706844343785
2013-05-29,-0.01509069045823512
2013-05-30,0.016279543369060928
2013-05-31,-0.028536641355413284
2013-06-03,0.005819929908943016
2013-06-04,-0.015015734216586776
2013-06-05,-0.03832221443918341
2013-06-06,0.012216326354447244
2013-06-07,0.041810953463064744
2013-06-10,0.00041310163113710376
2013-06-11,-0.02894940416273666
2013-06-12,-0.034639922711325
2013-06-13,0.03588290372294576
2013-06-14,-0.017604196354596407
2013-06-17,0.027745427202157905
2013-06-18,0.02362250644079354
2013-06-19,-0.03145598917512505
2013-06-20,-0.07374741851294393
2013-06-21,-0.01408761100046998
2013-06-24,-0.030905294782457408
2013-06-25,0.021313974602856712
2013-06-26,0.02730258661900277
2013-06-27,0.011149821362879356
2013-06-28,0.002719231689742793
2013-07-01,0.021392424210546934
2013-07-02,0.00044313139676063935
2013-07-03,0.013562724795562945
2013-07-05,0.022108704604153057
2013-07-08,0.0032734415965403564
2013-07-09,0.01829834181683676
2013-07-10,0.01685455675924284
2013-07-11,0.062328995304637806
2013-07-12,0.01044422701270656
2013-07-15,0.007784430907721399
2013-07-16,-0.0039254197685926326
2013-07-17,0.007118947041122588
2013-07-18,-0.007320675145562827
2013-07-19,-0.03039203648804971
2013-07-22,0.007213058378278436
2013-07-23,-0.022264809495760148
2013-07-24,0.00945402049597653
2013-07-25,0.018074032472076687
2013-07-26,0.016587912111913843
2013-07-29,-0.004589162281255712
2013-07-30,0.0148544384821366
2013-07-31,0.006308641237293979
2013-08-01,0.03047084763625107
2013-08-02,0.01667077599862993
2013-08-05,0.0021544815817870475
2013-08-06,-0.017795375540356182
2013-08-07,-0.005715343092597752
2013-08-08,0.013329981286449829
2013-08-09,-0.010741302586719135
2013-08-12,0.006222461270537717
2013-08-13,0.01661006780915347
2013-08-14,-0.01109153124685016
2013-08-15,-0.05016849998101603
2013-08-16,-0.0035556404108036867
2013-08-19,-0.003949544986583774
2013-08-20,0.01368797247620018
2013-08-21,-0.0099691912191746
2013-08-22,0.028552681637043435
2013-08-23,0.021067668352862966
2013-08-26,0.0008494359755351333
2013-08-27,-0.06293865212282788
2013-08-28,0.0129416815678847
2013-08-29,0.020697689281782845
2013-08-30,-0.018650878778103865
2013-09-03,0.01645350111698364
2013-09-04,0.032627159998440874
2013-09-05,0.004374867274478536
2013-09-06,0.003629733398572783
2013-09-09,0.03520116808916259
2013-09-10,0.015139468149436579
2013-09-11,-0.0050472363535816675
2013-09-12,-0.004497245502199239
2013-09-13,0.0032434136635981826
2013-09-16,-0.008427434215093812
2013-09-17,0.020024716559597318
2013-09-18,0.03675431498246894
2013-09-19,0.0061648370867903955
2013-09-20,-0.010941441082726506
2013-09-23,-0.005642756819357859
2013-09-24,0.00022235646956864183
2013-09-25,-0.00945487903684806
2013-09-26,0.02290865645586881
2013-09-27,-0.004720728036527653
2013-09-30,-0.006286554930183843
2013-10-01,0.02997004852706574
2013-10-02,-0.0018321825373321303
2013-10-03,-0.03476604722906513
2013-10-04,0.025726866670100722
2013-10-07,-0.024754090063486486
2013-10-08,-0.05658136510235366
2013-10-09,-0.011022037653913682
2013-10-10,0.06351824489236729
2013-10-11,0.022537438938123693
2013-10-14,0.02071926984507334
2013-10-15,-0.010689411088315013
2013-10-16,0.034159014648305855
2013-10-17,0.016146337899775435
2013-10-18,0.04943353951219756
2013-10-21,0.005740309950525867
2013-10-22,0.0034439560478614173
2013-10-23,-0.016082057232094295
2013-10-24,0.01245772967111169
2013-10-25,0.01998238946306824
2013-10-28,0.002026782718296257
2013-10-29,0.004815757726988327
2013-10-30,-0.0031637301920671335
2013-10-31,-0.0064421210459831004
2013-11-01,-0.00048399941509940687
2013-11-04,0.004841871557746511
2013-11-05,0.00423907693203637
2013-11-06,-0.0017266638156555626
2013-11-07,-0.05545938029522436
2013-11-08,0.0394835618545419
2013-11-11,-0.004797722381274138
2013-11-12,0.004918909931188553
2013-11-13,0.03582614487644127
2013-11-14,0.007748466604569713
2013-11-15,0.006939701178176537
2013-11-18,-0.027659208290564414
2013-11-19,-0.009864672376991686
2013-11-20,-0.0069647509418805185
2013-11-21,0.030585999353114093
2013-11-22,0.01578458713220229
2013-11-25,0.006606938310260712
2013-11-26,0.016546654822401686
2013-11-27,0.02000562283519203
2013-11-29,0.016403065520493528
2013-12-02,-0.006227729728251337
2013-12-03,-0.0029119833790398402
2013-12-04,0.0025672029775249045
2013-12-05,-0.0030908472250671887
2013-12-06,0.020636302063384963
2013-12-09,0.011974724796333772
2013-12-10,-0.0018004379689242754
2013-12-11,-0.0373678314364989
2013-12-12,-0.008120734280433603
2013-12-13,-0.004768206210593734
2013-12-16,0.017175124714687535
2013-12-17,-0.0063091297006841445
2013-12-18,0.03452250265558955
2013-12-19,-0.008990878704062793
2013-12-20,0.030096484230791247
2013-12-23,0.03235118657077157
2013-12-24,0.0013948511100389676
2013-12-26,0.009747793173004072
2013-12-27,-0.007301778961292738
2013-12-30,-0.005229995738587586
2013-12-31,0.019635528399548848
2014-01-02,-0.023366856277454464
2014-01-03,-0.02178037263428482
2014-01-06,-0.010626592882164797
2014-01-07,0.02591420798608845
2014-01-08,0.007478331086512795
2014-01-09,-0.010309197482222405
2014-01-10,0.0099999207406555
2014-01-13,-0.04447205514360803
2014-01-14,0.05724914398238616
2014-01-15,0.023357938836849397
2014-01-16,0.0020754271728761656
2014-01-17,-0.017760216225835873
2014-01-21,0.02237932859964195
2014-01-22,0.00927832039418229
2014-01-23,-0.012022084147682889
2014-01-24,-0.05925461687104169
2014-01-27,-0.029083575595524252
2014-01-28,-0.000348370980393308
2014-01-29,-0.031532845276197784
2014-01-30,0.05270760812337664
2014-01-31,-0.0070063838410437985
2014-02-03,-0.06625345425630261
2014-02-04,0.019535391679128194
2014-02-05,-0.0092189953459422
2014-02-06,0.03831387411177615
2014-02-07,0.05306654004601881
2014-02-10,0.018354502217333875
2014-02-11,0.03424570451633254
2014-02-12,0.004753005008689555
2014-02-13,0.025701218224436342
2014-02-14,0.002921289172463037
2014-02-18,0.01563450957928929
2014-02-19,-0.021884041525914086
2014-02-20,0.014504681591671507
2014-02-21,-0.005171811271049365
2014-02-24,0.01758201507639893
2014-02-25,-0.00360584880070934
2014-02-26,-0.003317550085021865
2014-02-27,0.01966765798931499
2014-02-28,-0.005045023127153392
2014-03-03,-0.02192082435225849
2014-03-04,0.04024994006915634
2014-03-05,0.008207984665512251
2014-03-06,-0.0037797471429406506
2014-03-07,-0.014299704742262826
2014-03-10,0.0020715592453379
2014-03-11,-0.012409352101803998
2014-03-12,0.01121942368465958
2014-03-13,-0.04245525676817546
2014-03-14,-0.02054750124034749
2014-03-17,0.02665691994378702
2014-03-18,0.035949944695380674
2014-03-19,-0.01646154495788578
2014-03-20,0.007840582596286559
2014-03-21,-0.036654773470135266
2014-03-24,-0.025159422912941362
2014-03-25,0.00924062784406129
2014-03-26,-0.03804305788810225
2014-03-27,-0.01772235474758602
2014-03-28,0.006515072679876484
2014-03-31,0.019917364752072276
2014-04-01,0.05419041035141225
2014-04-02,0.007872534797488452
2014-04-03,-0.023586822712329716
2014-04-04,-0.07937267096698165
2014-04-07,-0.029987619051624073
2014-04-08,0.02792893692145148
2014-04-09,0.05126463006433216
2014-04-10,-0.09232806756697914
2014-04-11,-0.03492158221480923
2014-04-14,0.022454076462377372
2014-04-15,0.009981332389118793
2014-04-16,0.03881412912485915
2014-04-17,0.0005189789692727797
2014-04-21,0.022649008331827716
2014-04-22,0.024513646238102323
2014-04-23,-0.027228005778512282
2014-04-24,0.029516643166523162
2014-04-25,-0.048278003154167366
2014-04-28,0.010733946656055768
2014-04-29,0.022096768871621007
2014-04-30,0.008882559704162176
2014-05-01,0.008970046115666548
2014-05-02,-0.004939143492638558
2014-05-05,0.014228254843893265
2014-05-06,-0.03866228704818736
2014-05-07,-0.008993184959759024
2014-05-08,-0.003424939583991523
2014-05-09,0.01168421446759075
2014-05-12,0.04874236598609744
2014-05-13,0.0021059693600613922
2014-05-14,-0.014867523374236727
2014-05-15,-0.02313001548867332
2014-05-16,0.018639633185588752
2014-05-19,0.02143086237892625
2014-05-20,-0.010974292600326459
2014-05-21,0.028230488345876333
2014-05-22,0.012379123556217935
2014-05-23,0.02241755022895427
2014-05-27,0.03756532875927414
2014-05-28,-0.009458048534924069
2014-05-29,0.02028987771920329
2014-05-30,-0.0008772965219114203
2014-06-02,-0.0024883112361546115
2014-06-03,-0.0014667715050313847
2014-06-04,0.010578956590173957
2014-06-05,0.026024461949231335
2014-06-06,0.016153981454516856
2014-06-09,0.02398946252536129
2014-06-10,-0.03337612323491656
2014-06-11,0.043160733067729086
2014-06-12,-0.026154947742194828
2014-06-13,0.006857124773476588
2014-06-16,0.0036890299444997093
2014-06-17,0.001413531421184114
2014-06-18,0.018209929784339433
2014-06-19,-0.0038817174463219783
2014-06-20,0.003618940745804245
2014-06-23,0.001109106864274571
2014-06-24,-0.0027698620464108033
2014-06-25,0.018366216723916067
2014-06-26,0.00272852976339057
2014-06-27,0.009931665295059348
2014-06-30,0.007409896916745687
2014-07-01,-0.04921114113485121
2014-07-02,-0.02212564147924099
2014-07-03,-0.026262703159267473
2014-07-07,0.03941911578657544
2014-07-08,0.034331389300283
2014-07-09,0.022622134332717266
2014-07-10,-0.009444209129726582
2014-07-11,0.017370190673261527
2014-07-14,0.019126541594771354
2014-07-15,-0.01045398816911847
2014-07-16,0.011328333589985804
2014-07-17,-0.039899064696999026
2014-07-18,0.047325571101305794
2014-07-21,-0.003630276933016806
2014-07-22,0.019849523524935547
2014-07-23,0.018724085713385442
2014-07-24,-0.0035069984589380684
2014-07-25,-0.012255833317570259
2014-07-28,0.0012288785573705133
2014-07-29,-0.005030741120433972
2014-07-30,0.011961828317087538
2014-07-31,-0.06093073689914455
2014-08-01,-0.011549860213403502
2014-08-04,0.020480552155426934
2014-08-05,-0.02341452725408757
2014-08-06,-0.0017122876300697562
2014-08-07,-0.009633087600433682
2014-08-08,0.021318846980263737
2014-08-11,0.018134372459329244
2014-08-12,-0.0023066010142473565
2014-08-13,0.032494696922789
2014-08-14,0.015424670128594446
2014-08-15,0.013597986778928126
2014-08-18,0.024172176831462534
2014-08-19,0.017228704948226738
2014-08-20,0.0
2014-08-21,0.005685014542971151
2014-08-22,0.0039218354478715535
2014-08-25,0.011145475765196389
2014-08-26,0.003408906477763557
2014-08-27,0.0001135577218466994
2014-08-28,-0.004076504678544437
2014-08-29,0.011711029353294638
2014-09-02,0.008316729163550954
2014-09-03,-0.02364731963389641
2014-09-04,-0.003175206198996288
2014-09-05,0.01547187828516107
2014-09-08,0.005041449838089941
2014-09-09,-0.02430020671277444
2014-09-10,0.023191808195586295
2014-09-11,-0.0007814357531184515
2014-09-12,-0.015755944343120307
2014-09-15,-0.030086226948497528
2014-09-16,0.02703987780847126
2014-09-17,0.00490049435732142
2014-09-18,0.02154913840581115
2014-09-19,-0.0022202417541633875
2014-09-22,-0.027150624930894183
2014-09-23,-0.00869237897365232
2014-09-24,0.03242198996203785
2014-09-25,-0.063478243615144
2014-09-26,0.03198125039906177
2014-09-29,-0.0033534311389576982
2014-09-30,0.0037128895225777133
2014-10-01,-0.04785580851164636
2014-10-02,-0.00048605496469123415
2014-10-03,0.03012286751346567
2014-10-06,-0.006838645257873856
2014-10-07,-0.042265335432313776
2014-10-08,0.05776603700045937
2014-10-09,-0.04980627390276601
2014-10-10,-0.0748645849718399
2014-10-13,-0.04679392770585505
2014-10-14,0.003141547806561949
2014-10-15,-0.017935239226002323
2014-10-16,-0.020001718139342317
2014-10-17,0.039045481529441865
2014-10-20,0.001960253130523504
2014-10-21,0.0782083441791865
2014-10-22,-0.015498756186047164
2014-10-23,0.04571773752917626
2014-10-24,0.023003764094150267
2014-10-27,0.0037674587477828474
2014-10-28,0.04468671697774897
2014-10-29,-0.012013062330143522
2014-10-30,0.006250277424198476
2014-10-31,0.04121924374903866
2014-11-03,0.01030384945167533
2014-11-04,-0.01062798661142606
2014-11-05,-0.0001083443288568426
2014-11-06,0.008572735039759622
2014-11-07,-0.002474891831548826
2014-11-10,0.010247298208803487
2014-11-11,0.009502544610692172
2014-11-12,0.0054995770045813365
2014-11-13,0.012832790519749414
2014-11-14,0.009242560344292513
2014-11-17,-0.009363846554603403
2014-11-18,0.02243709411169526
2014-11-19,-0.01269979073683832
2014-11-20,0.013274202550717946
2014-11-21,0.007210638967094656
2014-11-24,0.022585396370590153
2014-11-25,-0.007436755813560918
2014-11-26,0.02044250268844872
2014-11-28,0.054025975822162314
2014-12-01,0.08526364783483167
2014-12-02,0.010740309715263305
2014-12-03,0.009066178881365423
2014-12-04,-0.0029948684981420024
2014-12-05,0.0006781528069332551
2014-12-08,-0.02159398249444027
2014-12-09,0.009699367846396039
2014-12-10,-0.04842193060485099
2014-12-11,0.0156574080991361
2014-12-12,-0.03306325517883789
2014-12-15,-0.029997645928893164
2014-12-16,-0.04963222385582834
2014-12-17,0.05370325592167386
2014-12-18,0.07331777957048193
2014-12-19,0.011166982860157222
2014-12-22,0.009225055239251123
2014-12-23,-0.009564615071695898
2014-12-24,0.002090940923415537
2014-12-26,0.020266045123123827
2014-12-29,0.00019476882803424228
2014-12-30,-0.020638780623689564
2014-12-31,-0.03131208347320746
2015-01-02,-0.008209112597879887
2015-01-05,-0.04500754840120025
2015-01-06,-0.039653413221281575
2015-01-07,0.038469878356598874
2015-01-08,0.05703405051018203
2015-01-09,-0.02024630302406589
2015-01-12,-0.030735409533708676
2015-01-13,-0.0008660504886985231
2015-01-14,-0.015381060413721897
2015-01-15,-0.03971395313904601
2015-01-16,0.03562810716248996
2015-01-20,0.022124153888808083
2015-01-21,0.015367804765205429
2015-01-22,0.0556384395549869
2015-01-23,0.0066641042117911485
2015-01-26,-0.0022067431179232317
2015-01-27,-0.07740253122350858
2015-01-28,-0.01721470285665954
2015-01-29,0.028935679986678387
2015-01-30,-0.02295016150661179
2015-02-02,0.026246172590772807
2015-02-03,0.0272942922867828
2015-02-04,-0.002615485707296866
2015-02-05,0.026534141850082252
2015-02-06,-0.018185764089019556
2015-02-09,-0.011030008486115133
2015-02-10,0.04787471987633371
2015-02-11,0.011245965833934507
2015-02-12,0.034951700541865756
2015-02-13,0.025233022621109293
2015-02-17,0.002713754177908746
2015-02-18,0.004292739734597754
2015-02-19,0.015054427519838876
2015-02-20,0.019225605434078752
2015-02-23,0.003952218362145534
2015-02-24,0.0020575424901152785
2015-02-25,-0.008035534388611975
2015-02-26,0.015211560612739254
2015-02-27,-0.013210398229451093
2015-03-02,0.026954217537121173
2015-03-03,-0.014348394091157637
2015-03-04,-0.011095046403313238
2015-03-05,0.004397910487489543
2015-03-06,-0.034405519613810304
2015-03-09,0.009624940324478894
2015-03-10,-0.05536693656576783
2015-03-11,-0.017564023580181668
2015-03-12,0.01916193120520996
2015-03-13,-0.012890240666272021
2015-03-16,0.038291577282824146
2015-03-17,0.005579625637233741
2015-03-18,0.028775627608965827
2015-03-19,0.004844614147060998
2015-03-20,0.020740043300114683
2015-03-23,-0.008376912922944221
2015-03-24,-0.010155580231257913
2015-03-25,-0.06972714798689726
2015-03-26,-0.008199080212637396
2015-03-27,0.009644493360609635
2015-03-30,0.03596861618617641
2015-03-31,-0.03095623375918994
2015-04-01,-0.016894671764034763
2015-04-02,0.0016791950608274387
2015-04-06,0.024058451178099603
2015-04-07,-0.004622128188134093
2015-04-08,0.02379591804900944
2015-04-09,0.0186131412174392
2015-04-10,0.011965390848709592
2015-04-13,-0.007424443227425072
2015-04-14,-0.008587933441765545
2015-04-15,0.01769735431373782
2015-04-16,-0.0034781852065609593
2015-04-17,-0.04674818606210875
2015-04-20,0.044705258421150695
2015-04-21,0.01281959790188641
2015-04-22,0.01620796923325081
2015-04-23,0.01200752026854713
2015-04-24,0.03913549746306803
2015-04-27,-0.006390529850414925
2015-04-28,-0.006517287395841514
2015-04-29,-0.019076597766083305
2015-04-30,-0.046990280651856384
2015-05-01,0.04044297234434164
2015-05-04,0.0035499046815509407
2015-05-05,-0.047399753250887106
2015-05-06,-0.02135167904434638
2015-05-07,0.017168926732320632
2015-05-08,0.03665047560336597
2015-05-11,-0.010975047861631925
2015-05-12,-0.012916407745597557
2015-05-13,0.005160536533451501
2015-05-14,0.044279679084857214
2015-05-15,-8.77919253191807e-05
2015-05-18,0.01229078646917842
2015-05-19,-0.002861791611597087
2015-05-20,0.0016528775099590293
2015-05-21,0.015717127650091704
2015-05-22,-0.002735951230457877
2015-05-26,-0.03463319400605205
2015-05-27,0.048130405269079385
2015-05-28,-0.007371085280280688
2015-05-29,-0.016899894336500087
2015-06-01,0.008769009847570163
2015-06-02,-0.00912281806533616
2015-06-03,0.008772292917066481
2015-06-04,-0.02178364548500528
2015-06-05,-0.0075703610128685225
2015-06-08,-0.03059835434623623
2015-06-09,-0.004940499200493962
2015-06-10,0.03962828229716902
2015-06-11,0.005483858882670005
2015-06-12,-0.02542022408352202
2015-06-15,-0.013808756236607524
2015-06-16,0.015283497008256618
2015-06-17,0.008382685574769025
2015-06-18,0.04228132790277841
2015-06-19,-0.015265931551267296
2015-06-22,0.024124903654454407
2015-06-23,0.0024659827221559173
2015-06-24,-0.015354571620672202
2015-06-25,-0.006547400640473677
2015-06-26,-0.01855926471360218
2015-06-29,-0.07068995474936055
2015-06-30,0.011410419584284449
2015-07-01,0.020494145725789264
2015-07-02,0.0037772057258407834
2015-07-06,-0.008443566328272385
2015-07-07,0.005091013024265127
2015-07-08,-0.050097041199261436
2015-07-09,-0.002908380473425868
2015-07-10,0.04647547278958845
2015-07-13,0.0511010474287463
2015-07-14,0.02006564586802917
2015-07-15,0.00476579497977762
2015-07-16,0.0390686031881219
2015-07-17,0.04573387859928366
2015-07-20,0.011191407774163319
2015-07-21,-0.0027475459871773
2015-07-22,-0.03282146419623449
2015-07-23,-0.01196275759136769
2015-07-24,-0.028416195442287472
2015-07-27,-0.025686832133182836
2015-07-28,0.026364040824186082
2015-07-29,0.01119014856402258
2015-07-30,0.013916859223524789
2015-07-31,-0.003059584076470895
2015-08-03,-0.009206222906434424
2015-08-04,-0.006445515333472284
2015-08-05,0.02342233880887751
2015-08-06,-0.0479952342894971
2015-08-07,-0.003978221143639716
2015-08-10,0.03377347119847975
2015-08-11,-0.03812876471510331
2015-08-12,0.008818354197221375
2015-08-13,-0.0045004654199293885
2015-08-14,0.005390572179910059
2015-08-17,0.024558657636544523
2015-08-18,-0.01595205921356276
2015-08-19,-0.018783663814107364
2015-08-20,-0.0823427423435334
2015-08-21,-0.112941940408625
2015-08-24,-0.11111097325358117
2015-08-25,-0.032294992302122884
2015-08-26,0.14723218901727755
2015-08-27,-0.02981846883714257
2015-08-28,0.0009294456868425569
2015-08-31,0.013218440523527386
2015-09-01,0.0377110567750245
2015-09-02,-0.034324228674449425
2015-09-03,0.005983388278807998
2015-09-04,0.014473369495938875
2015-09-08,-0.03526110832365592
2015-09-09,0.013118462754309779
2015-09-10,-0.013599672442599416
2015-09-11,-0.005734864996735435
2015-09-14,-0.000440843054115332
2015-09-15,-0.000968803593298716
2015-09-16,0.0018041948852685044
2015-09-17,0.004515753264125674
2015-09-18,-9.91631402493154e-05
2015-09-21,-0.0014407190200919017
2015-09-22,-0.0007396330039425578
2015-09-23,0.00032423068534693155
2015-09-24,0.0029744133022557755
2015-09-25,-0.004560741517809301
2015-09-28,0.036471757541216586
2015-09-29,-0.010865803815814522
2015-09-30,0.05529124873514349
2015-10-01,0.0020293285717659275
2015-10-02,0.004699419433615689
2015-10-05,0.0003101743958138924
2015-10-06,-0.0003043618714752166
2015-10-07,0.001839028707850701
2015-10-08,0.00114916506458741
2015-10-09,0.0003615532674953738
2015-10-12,0.0019015658830307176
2015-10-13,-0.000761967521602288
2015-10-14,0.0005393645324437281
2015-10-15,0.00028287730072394765
2015-10-16,0.0016593030064190617
2015-10-19,0.000913181103270123
2015-10-20,0.005428924126326366
2015-10-21,0.0015044020526452963
2015-10-22,0.0053378706786241445
2015-10-23,0.08315694377022878
2015-10-26,0.002969132415914566
2015-10-27,0.006512876228887302
2015-10-28,0.02319335019058456
2015-10-29,-0.003695638766728814
2015-10-30,-0.013684467406313985
2015-11-02,0.03409945593346726
2015-11-03,0.009537260315035575
2015-11-04,0.00039972534658519037
2015-11-05,-0.008802192959478325
2015-11-06,0.0033096342380029647
2015-11-09,-0.0321877626752298
2015-11-10,-0.007067201451262776
2015-11-11,-0.00443828617639575
2015-11-12,-0.029018313088814664
2015-11-13,0.024117315113935528
2015-11-16,-0.01719979442682795
2015-11-17,0.003445756632632284
2015-11-18,0.05732164299395548
2015-11-19,0.001498857016296412
2015-11-20,0.01987346228335074
2015-11-23,-0.008071762606622209
2015-11-24,-0.003123083497204626
2015-11-25,0.0022260397835401056
2015-11-27,0.003619750107446016
2015-11-30,-0.0063118391647533755
2015-12-01,0.029698007514941678
2015-12-02,-0.018186109394708733
2015-12-03,-0.050999566161713465
2015-12-04,0.06870155232274125
2015-12-07,-0.012229638231830696
2015-12-08,8.165228145590429e-05
2015-12-09,-0.04658720349556928
2015-12-10,0.014180167647444033
2015-12-11,-0.06856438451198363
2015-12-14,-0.007973066903727184
2015-12-15,-0.007768523128192205
2015-12-16,-0.01814592619464494
2015-12-17,-0.04164573018576961
2015-12-18,0.0035533558729169456
2015-12-21,-0.013594722232731688
2015-12-22,-0.003704066448217315
2015-12-23,-0.002918768758561218
2015-12-24,-0.002056633524797005
2015-12-28,-0.0002575056649696299
2015-12-29,0.04560698669194152
2015-12-30,-0.025546620172315505
2015-12-31,-0.037089806057674674
2016-01-04,0.024796753163471606
2016-01-05,0.004912408587143869
2016-01-06,0.01426121532415818
2016-01-07,0.03953454850763185
2016-01-08,-0.02398154014163167
2016-01-11,0.018848778133636744
2016-01-12,0.03303597087376536
2016-01-13,0.04386124714582565
2016-01-14,0.05574787172062524
2016-01-15,0.038308577402346645
2016-01-19,0.004313381518873603
2016-01-20,-0.022905993469947747
2016-01-21,0.016849811779671434
2016-01-22,0.08033125886915675
2016-01-25,0.0021701417856433056
2016-01-26,0.0010755754320275579
2016-01-27,-9.570998490631654e-05
2016-01-28,-0.015989856776896086
2016-01-29,0.005157335690719737
2016-02-01,-0.002446388255132382
2016-02-02,0.0001994127620213843
2016-02-03,-0.0028767552176854803
2016-02-04,0.0023705500311230485
2016-02-05,-0.0001222726456948975
2016-02-08,0.011160639198616052
2016-02-09,-0.01541923671215632
2016-02-10,0.00725732044261195
2016-02-11,-0.00948036185170616
2016-02-12,0.04134794480912855
2016-02-16,-0.005106303113379978
2016-02-17,-0.002593954253543347
2016-02-18,0.001833828376700858
2016-02-19,-0.0007586473778261075
2016-02-22,0.0011733717506279397
2016-02-23,0.0004484379394043364
2016-02-24,0.0012115194425624583
2016-02-25,0.0034321503897745504
2016-02-26,-0.003621945872564594
2016-02-29,-0.00017835174481392612
2016-03-01,-0.000768745107635515
2016-03-02,9.83423916209192e-05
2016-03-03,0.0014090371324528893
2016-03-04,0.00046737674436190537
2016-03-07,-0.0014439831599098692
2016-03-08,0.0032226209381640294
2016-03-09,0.0001563008498180285
2016-03-10,-0.0003113825038384776
2016-03-11,-0.00040663860359114296
2016-03-14,0.005827961885777074
2016-03-15,-0.0006321353337597859
2016-03-16,0.025511427719820408
2016-03-17,-0.0028785224912326233
2016-03-18,0.005773478510722556
2016-03-21,0.011890199845724555
2016-03-22,0.008913828380370073
2016-03-23,-0.023795121202105567
2016-03-24,-0.00030849660291709685
2016-03-28,-0.003601083717458422
2016-03-29,0.04780597537726175
2016-03-30,0.014978181277427565
2016-03-31,-0.005824998609646112
2016-04-01,0.03330075650631628
2016-04-04,-0.012380699134123312
2016-04-05,-0.02688971038457583
2016-04-06,0.04789021314374389
2016-04-07,-0.04316767510311078
2016-04-08,-0.002354071191739541
2016-04-11,-0.010715919613478012
2016-04-12,0.02335287224094474
2016-04-13,0.039037146131535944
2016-04-14,0.0006541178608816375
2016-04-15,-0.007658606434847896
2016-04-18,0.014776011888042189
2016-04-19,-0.017250743289411972
2016-04-20,0.0024539633433050085
2016-04-21,0.0002824434062380226
2016-04-22,-0.045270946784701394
2016-04-25,-0.0007883178530800925
2016-04-26,-0.01371389873266232
2016-04-27,-0.02400704064961573
2016-04-28,-0.03546159560529503
2016-04-29,-0.01593882696483984
2016-05-02,0.02645525574849776
2016-05-03,-0.026615209047159475
2016-05-04,-0.019777217897688996
2016-05-05,-0.0005509572791507152
2016-05-06,0.014450870697002993
2016-05-09,0.00880792516315989
2016-05-10,0.041932363678015665
2016-05-11,-0.027312451192194363
2016-05-12,-0.014039587777182599
2016-05-13,-0.012081925183923255
2016-05-16,0.038545289499657624
2016-05-17,-0.03837637484612516
2016-05-18,0.011370799157241
2016-05-19,-0.01578360690544511
2016-05-20,0.03339179890487098
2016-05-23,-0.004889194774020324
2016-05-24,0.06120468506632858
2016-05-25,0.021539801037359717
2016-05-26,0.008374937273937167
2016-05-27,0.015048342416375298
2016-05-31,0.005968420890446228
2016-06-01,0.0003831351882204873
2016-06-02,0.005643525354019698
2016-06-03,-0.013697618730648259
2016-06-06,0.010704931775311215
2016-06-07,-0.00706088019745202
2016-06-08,0.004420348382154574
2016-06-09,-0.0044008948935319175
2016-06-10,-0.033634395336401196
2016-06-13,-0.025656404946376755
2016-06-14,0.0005105733639390765
2016-06-15,-0.008977122960221871
2016-06-16,0.0072058137042322005
2016-06-17,-0.034236384378457434
2016-06-20,0.017989593578015883
2016-06-21,0.009979150396482726
2016-06-22,-0.0064840863647282945
2016-06-23,0.0421626613711252
2016-06-24,-0.12246493228096283
2016-06-27,-0.0582242034071452
2016-06-28,0.05449403311220234
2016-06-29,0.051952389439559314
2016-06-30,0.0363677009532734
2016-07-01,0.013704275509068154
2016-07-05,-0.017718326806926636
2016-07-06,0.023563588501242343
2016-07-07,0.009473540979808437
2016-07-08,0.04621618498787447
2016-07-11,0.017071708814434292
2016-07-12,0.01574174131472721
2016-07-13,-0.007002077748207657
2016-07-14,0.020308255806993726
2016-07-15,-0.005620855150228989
2016-07-18,0.01992409930656698
2016-07-19,-0.010357942184247597
2016-07-20,0.034245179130626545
2016-07-21,-0.005947531097306348
2016-07-22,0.0116087966010348
2016-07-25,0.0008828022160779
2016-07-26,0.0033519018221800164
2016-07-27,0.019514451189911623
2016-07-28,0.010864254253328822
2016-07-29,0.00656776846966119
2016-08-01,0.015676314484453245
2016-08-02,0.07695456406058125
2016-08-03,0.009474380838288417
2016-08-04,0.008962987066769965
2016-08-05,0.028911100692429942
2016-08-08,-0.003176337865824792
2016-08-09,0.0066181439679346265
2016-08-10,-0.007711136601198082
2016-08-11,0.012924532425175625
2016-08-12,0.0018571639735845394
2016-08-15,0.012574458048424322
2016-08-16,-0.015762040644632918
2016-08-17,0.004691608180540386
2016-08-18,0.0009660646071690868
2016-08-19,-0.0013676577919087037
2016-08-22,0.0009666478389693019
2016-08-23,0.005953850589837091
2016-08-24,-0.019275529236068616
2016-08-25,-0.004730142787560285
2016-08-26,0.00483486268205061
2016-08-29,0.0027723785095965553
2016-08-30,-0.009026739755606005
2016-08-31,-0.0026259658258065556
2016-09-01,0.00444285450059943
2016-09-02,0.011713882425864209
2016-09-06,0.01854083826920997
2016-09-07,0.001828464506896202
2016-09-08,-0.01713885653490878
2016-09-09,-0.07580525947022909
2016-09-12,0.05127560660890315
2016-09-13,-0.023598233964682094
2016-09-14,0.012850155155705133
2016-09-15,0.046378505558793894
2016-09-16,-0.001123696803044427
2016-09-19,-0.013103197291967843
2016-09-20,0.0055389261323274715
2016-09-21,0.029080538069450858
2016-09-22,0.023378692860149094
2016-09-23,-0.01799874317588845
2016-09-26,-0.02482964185128947
2016-09-27,0.028353623526855394
2016-09-28,0.005467299690099249
2016-09-29,-0.021207236832264876
2016-09-30,0.02055547930741731
2016-10-03,-0.002255128740365026
2016-10-04,-0.005689912434890826
2016-10-05,0.010425858309603683
2016-10-06,-0.001551742697328577
2016-10-07,-0.00652668150411396
2016-10-10,0.017910142363659533
2016-10-11,-0.04133682932483086
2016-10-12,-0.0020842027960474123
2016-10-13,-0.011725642504666364
2016-10-14,0.0022752909369973748
2016-10-17,-0.006891756325981275
2016-10-18,0.02563653366938824
2016-10-19,0.00039813680405930937
2016-10-20,-0.004217459739404616
2016-10-21,0.01086805061037701
2016-10-24,0.03644226352013095
2016-10-25,-0.009991350937963838
2016-10-26,-0.019183070153455845
2016-10-27,-0.01398195926840766
2016-10-28,-0.017287076346843993
2016-10-31,-0.0056737894457429315
2016-11-01,-0.02054488229765341
2016-11-02,-0.026053031011034178
2016-11-03,-0.02880092776432022
2016-11-04,-0.011351753016454408
2016-11-07,0.07165126719606955
2016-11-08,0.019601077796406505
2016-11-09,0.014011420881399053
2016-11-10,-0.047557911943026485
2016-11-11,-0.000843385478625573
2016-11-14,-0.03376684118524722
2016-11-15,0.046304475683668474
2016-11-16,0.01628268444430868
2016-11-17,0.023169624300306634
2016-11-18,-0.01124212133941796
2016-11-21,0.03004961143847565
2016-11-22,0.008988656793911325
2016-11-23,-0.012034431377748813
2016-11-25,0.009649786425421372
2016-11-28,-0.005562483690495764
2016-11-29,0.009611303574819433
2016-11-30,-0.032381687658197066
2016-12-01,-0.05491459981366032
2016-12-02,0.004009877449840337
2016-12-05,0.023115763003958987
2016-12-06,0.007226388488078154
2016-12-07,0.0371103662626105
2016-12-08,0.006123006723853134
2016-12-09,0.023393310694205815
2016-12-12,0.012035010940919038
2016-12-13,0.039079285931453295
2016-12-14,-0.006362672322375398
2016-12-15,0.006074091508551824
2016-12-16,-0.012150035768253683
2016-12-19,0.012223261586550065
2016-12-20,0.012075294368961808
2016-12-21,-0.003504891062195753
2016-12-22,-0.008680476600401523
2016-12-23,0.0030947945368750398
2016-12-27,0.014599834485097048
2016-12-28,-0.023142132956581008
2016-12-29,-0.004859349340616083
2016-12-30,-0.02922326556157416
2017-01-03,0.02420810163358197
2017-01-04,0.01703666920968284
2017-01-05,0.01773150366100333
2017-01-06,0.02535558652125043
2017-01-09,0.010123134727717453
2017-01-10,0.00572634423292744
2017-01-11,0.007687127042904889
2017-01-12,-0.005085657268417594
2017-01-13,0.011500536650132733
2017-01-17,-0.009404261094917385
2017-01-18,0.006801673560254734
2017-01-19,-0.002674274576132815
2017-01-20,0.00649158101857906
2017-01-23,0.0022432424314929
2017-01-24,0.020845369102003356
2017-01-25,0.029190030900902223
2017-01-26,0.012863070539419087
2017-01-27,-0.02376075378943056
2017-01-30,0.057490558120016785
2017-01-31,-0.005536928757657857
2017-02-01,0.01901147861163716
2017-02-02,-0.0025319991952641504
2017-02-03,0.008683963691425349
2017-02-06,0.0037088305424590046
2017-02-07,0.010292788132402341
2017-02-08,0.005616566828727957
2017-02-09,0.010391042739216292
2017-02-10,0.009898356361404176
2017-02-13,-0.0629849383842994
2017-02-14,-0.08670238675109596
2017-02-15,0.05653333333333333
2017-02-16,0.01514386673397274
2017-02-17,0.0069617105917454
2017-02-21,0.021728395061728394
2017-02-22,0.008699855002416627
2017-02-23,0.05270723526593196
2017-02-24,-0.024123805188893947
2017-02-27,-0.011194029850746268
2017-02-28,0.05188679245283019
2017-03-01,0.03233518582385722
2017-03-02,0.004217432052483599
2017-03-03,0.00518621802896055
2017-03-06,-0.0069182272342578266
2017-03-07,-0.0049594517007990726
2017-03-08,0.005102698373789793
2017-03-09,0.003069774717664482
2017-03-10,0.010946177410964661
2017-03-13,0.005821341504807251
2017-03-14,-0.007408060571121554
2017-03-15,0.017492815295484392
2017-03-16,-0.0005732945298060744
2017-03-17,-0.0024083487768186873
2017-03-20,0.0029891711284043194
2017-03-21,-0.04458483903892307
2017-03-22,0.019674168331781185
2017-03-23,-0.008000373200204495
2017-03-24,0.005455473524041084
2017-03-27,0.0053078450030053445
2017-03-28,0.018772954091604996
2017-03-29,0.01324407947306969
2017-03-30,0.005001121961104573
2017-03-31,-0.00237498268100022
2017-04-03,-0.0021538963586764043
2017-04-04,0.004544321006964003
2017-04-05,-0.011422918133734526
2017-04-06,0.0008009231921886618
2017-04-07,-0.0011430245000540284
2017-04-10,0.0011443325001378943
2017-04-11,-0.012574094888366649
2017-04-12,-0.013197373523516017
2017-04-13,-0.011849416137619622
2017-04-17,0.023744777025577545
2017-04-18,-0.0028991939085387637
2017-04-19,0.0034891764009682188
2017-04-20,0.024223195312984905
2017-04-21,-0.00045231920322096487
2017-04-24,0.03634114919677861
2017-04-25,0.022176017256397857
2017-04-26,-0.004381848225396804
2017-04-27,0.017496670295040182
2017-04-28,0.005696766882933992
2017-05-01,0.025175783162043674
2017-05-02,0.0053435114503816794
2017-05-03,0.039483675018982534
2017-05-04,0.0010270569388251137
2017-05-05,0.01087878298918229
2017-05-08,-0.050190114068441066
2017-05-09,-0.004803843074459567
2017-05-10,0.006436041834271922
2017-05-11,-0.005595523581135092
2017-05-12,-0.002411575562700965
2017-05-15,-0.0443190975020145
2017-05-16,-0.0193929173693086
2017-05-17,0.36285468615649186
2017-05-18,0.025320656884332143
2017-05-19,0.012091493596336112
2017-05-22,0.025918446294384084
2017-05-23,0.0024676373482815134
2017-05-24,0.013781696860245342
2017-05-25,0.026316100073048666
2017-05-26,0.00425789729216178
2017-05-30,0.002072812851938554
2017-05-31,-0.0012225366282948946
2017-06-01,0.011955194839327112
2017-06-02,0.034139606705945395
2017-06-05,0.006660323501427212
2017-06-06,0.04725897920604915
2017-06-07,0.010926949774997934
2017-06-08,0.0027019937325278767
2017-06-09,-0.07231347355236896
2017-06-12,-0.018108090124551748
2017-06-13,0.023372481907234968
2017-06-14,-0.013394825000287025
2017-06-15,-0.013479473412374607
2017-06-16,-0.011980061905605034
2017-06-19,0.048402046638347795
2017-06-20,-0.022653464453649946
2017-06-21,0.02904626092180062
2017-06-22,-0.0011406253985126464
2017-06-23,0.011227373842900581
2017-06-26,-0.01326689712881007
2017-06-27,-0.0550200284289282
2017-06-28,0.04197726298630153
2017-06-29,-0.0509391734378702
2017-06-30,-0.0034691516456182574
2017-07-03,-0.02723770841731885
2017-07-05,0.028526647038749218
2017-07-06,-0.026404806369146067
2017-07-07,0.029958879200789577
2017-07-10,0.02092269953660278
2017-07-11,0.008197251838748362
2017-07-12,0.03559783506892881
2017-07-13,0.006606915327919117
2017-07-14,0.023494234700588017
2017-07-17,0.0005578658299126584
2017-07-18,0.01987725299417429
2017-07-19,0.018306051535110793
2017-07-20,0.0037560850180985866
2017-07-21,-0.0015143757395355221
2017-07-24,0.013028907738026202
2017-07-25,-0.006695320918611005
2017-07-26,0.008957420157124916
2017-07-27,-0.017843271072087708
2017-07-28,-0.0032217802902003924
2017-07-31,-0.013018128808888809
2017-08-01,0.006549432682816343
2017-08-02,0.007320223194646026
2017-08-03,-0.010407070977973156
2017-08-04,0.0038984976622324693
2017-08-07,0.017700515382911616
2017-08-08,-0.0037268604988668526
2017-08-09,-0.003919379442128618
2017-08-10,-0.06491997282172987
2017-08-11,0.022855456079710592
2017-08-14,0.038893181800793784
2017-08-15,0.0017995997279536308
2017-08-16,0.005210404766874979
2017-08-17,-0.06148334119299438
2017-08-18,-0.0035231578935306404
2017-08-21,-0.00181564483507749
2017-08-22,0.04451461615071838
2017-08-23,-0.011181472410839893
2017-08-24,-0.008341591082790612
2017-08-25,-0.006729631784648184
2017-08-28,0.008751287128847415
2017-08-29,0.012313452397350197
2017-08-30,0.03464786742560633
2017-08-31,0.028411127326231453
2017-09-01,-0.0006928470730806713
2017-09-05,-0.0267787295734086
2017-09-06,0.008637585950967093
2017-09-07,0.0061800535422610525
2017-09-08,-0.024655492444100643
2017-09-11,0.03184578706222747
2017-09-12,0.008456746349124513
2017-09-13,0.004149790726200372
2017-09-14,-0.016874752698929525
2017-09-15,0.00805694950492827
2017-09-18,-0.0024327573124377565
2017-09-19,0.004267131195027294
2017-09-20,-0.008324563211403855
2017-09-21,-0.01923749386111875
2017-09-22,-0.0024962071385193785
2017-09-25,-0.0313728
2017-09-26,0.006828161399084041
2017-09-27,0.027128738752103164
2017-09-28,-0.001695326030803434
2017-09-29,0.02118335462184874
2017-10-02,0.0028007711126424007
2017-10-03,0.006284397174741744
2017-10-04,0.0071392146863844975
2017-10-05,-0.06784810126582279
2017-10-06,0.0005431830526887561
2017-10-09,0.04125950054288816
2017-10-10,0.0020994308822856007
2017-10-11,0.008717853017869662
2017-10-12,-0.010826210826210826
2017-10-13,0.01119581526341767
2017-10-16,0.010327714114777944
2017-10-17,0.0035167525023671207
2017-10-18,-0.0038303144325584865
2017-10-19,-0.011043482438444082
2017-10-20,-0.036007580543272265
2017-10-23,0.06422018348623854
2017-10-24,0.005104091379791468
2017-10-25,-0.012155090039763517
2017-10-26,-0.009271013363842166
2017-10-27,0.08617599879115888
2017-10-30,0.0071272765384993485
2017-10-31,0.010576372182586705
2017-11-01,-0.0013084303419893717
2017-11-02,-0.005085445461210022
2017-11-03,0.027881171685852312
2017-11-06,0.010171541969964854
2017-11-07,0.0016411761067952895
2017-11-08,0.012510176694752925
2017-11-09,0.026052104208416832
2017-11-10,-0.00029880751336291126
2017-11-13,0.002990407859205019
2017-11-14,-0.010063387653433224
2017-11-15,-0.014683662130962411
2017-11-16,0.037447600618767944
2017-11-17,-0.011196947341210363
2017-11-20,-0.002458649697106622
2017-11-21,0.031516089365853164
2017-11-22,0.0039821090871704976
2017-11-24,0.011249636489124092
2017-11-27,-0.0016403967194125225
2017-11-28,0.007357338952481761
2017-11-29,-0.051407414840637704
2017-11-30,0.024816908262752554
2017-12-01,0.0550185873605948
2017-12-04,-0.034523261760055685
2017-12-05,0.0014543261156997834
2017-12-06,0.013227634448730943
2017-12-07,0.009885313221684757
2017-12-08,0.013225697675986997
2017-12-11,0.022935177718074417
2017-12-12,-0.0037488841883601964
2017-12-13,0.004993054171885908
2017-12-14,-0.0014400604203219135
2017-12-15,0.03252093546013062
2017-12-18,0.02569992056232328
2017-12-19,-0.016272779638213337
2017-12-20,-0.004152899049878267
2017-12-21,-0.0004864514977495345
2017-12-22,-0.003337780974389035
2017-12-26,-0.016186369609819024
2017-12-27,0.0
2017-12-28,0.0026949471405294857
2017-12-29,-0.018884145815214866
2018-01-02,0.05132672825495821
2018-01-03,0.029278452631290575
2018-01-04,0.005862430969566683
2018-01-05,0.03020063058354921
2018-01-08,-0.024471635150166853
2018-01-09,0.021664766248574687
2018-01-10,-0.020089285714285716
2018-01-11,-0.012528473804100227
2018-01-12,0.0
2018-01-16,0.1245674740484429
2018-01-17,0.03151118200960885
2018-01-18,0.009635974304068522
2018-01-19,-0.009544008483563097
2018-01-22,-0.044967880085653104
2018-01-23,0.03699551569506727
2018-01-24,0.04864864864864865
2018-01-25,0.03711340206185567
2018-01-26,-0.013916500994035786
2018-01-29,0.14213709677419356
2018-01-30,-0.025559407524019556
2018-01-31,0.012343411283781618
2018-02-01,-0.025007056435520144
2018-02-02,-0.061081682992061445
2018-02-05,-0.11543445396833972
2018-02-06,0.0771002997507013
2018-02-07,-0.039544467129148
2018-02-08,-0.12392193370349436
2018-02-09,0.04707343546273966
2018-02-12,0.05597591648918509
2018-02-13,0.012173874461393182
2018-02-14,0.05855661787858309
2018-02-15,0.05226606122416929
2018-02-16,-0.01116799371286617
2018-02-20,0.004991852955362125
2018-02-21,-0.009002750834306168
2018-02-22,0.00018773909874827784
2018-02-23,0.05957170200738347
2018-02-26,0.040141706323995094
2018-02-27,-0.03580752603187881
2018-02-28,-0.020101447538890198
2018-03-01,-0.04812589941234412
2018-03-02,0.02749175680047799
2018-03-05,0.03136895223475963
2018-03-06,0.01264296476493859
2018-03-07,0.007479460611923267
2018-03-08,0.014906184325070565
2018-03-09,0.058230759079055276
2018-03-12,0.014967463644555193
2018-03-13,-0.03630412618256303
2018-03-14,-0.0033941520887635795
2018-03-15,-0.00446688041897926
2018-03-16,-0.0066181084486966165
2018-03-19,-0.06278230523045347
2018-03-20,0.007349242337742835
2018-03-21,-0.014471786486095341
2018-03-22,-0.07305818403037338
2018-03-23,-0.08078046150450209
2018-03-26,0.11251984731143115
2018-03-27,-0.09589057874387874
2018-03-28,-0.034480352354264186
2018-03-29,0.055364075710063125
2018-04-02,-0.08879929052680025
2018-04-03,0.03355183050069471
2018-04-04,0.047292342037747855
2018-04-05,0.015709762839432855
2018-04-06,-0.0746287779191231
2018-04-09,0.020011850148388428
2018-04-10,0.0660592672086
2018-04-11,-0.016818532727577825
2018-04-12,0.03505361121680462
2018-04-13,-0.014833452854312593
2018-04-16,0.02206953497867651
2018-04-17,0.06397131685233685
2018-04-18,0.0069544272551159796
2018-04-19,-0.02718644461723765
2018-04-20,-0.047953856082431856
2018-04-23,-0.00786392721064194
2018-04-24,-0.06375148288950873
2018-04-25,0.0039412689015132455
2018-04-26,0.062008947403690486
2018-04-27,0.00232750398818282
2018-04-30,-0.021307099870979875
2018-05-01,0.032517153349673894
2018-05-02,-0.017436058257422164
2018-05-03,6.870036295312235e-05
2018-05-04,0.05625866972127777
2018-05-07,0.02376607828247785
2018-05-08,-0.003307535768748341
2018-05-09,0.03350150382787664
2018-05-10,0.031118943003613665
2018-05-11,-0.0029941258925089346
2018-05-14,0.004444180391745308
2018-05-15,-0.03234845230411215
2018-05-16,0.01841441867520948
2018-05-17,-0.011285641987124092
2018-05-18,-0.016017201562999652
2018-05-21,0.017462805320455275
2018-05-22,-0.0052103000372443545
2018-05-23,0.025140177241456632
2018-05-24,-0.0008414576711637238
2018-05-25,0.0025264989554183953
2018-05-29,-0.012781189601305885
2018-05-30,0.021334728979181615
2018-05-31,-0.0021424132580101112
2018-06-01,0.04652000363170623
2018-06-04,0.02564542722409799
2018-06-05,0.010334981685312349
2018-06-06,0.016498895793744542
2018-06-07,-0.023210428220042913
2018-06-08,-0.000664564678140728
2018-06-11,0.007814928324692917
2018-06-12,0.015839112039210308
2018-06-13,-0.0011369605879071984
2018-06-14,0.030406553466925255
2018-06-15,-0.009941674463239214
2018-06-18,-0.002231452398601936
2018-06-19,-0.0089455153395403
2018-06-20,0.02095411317158267
2018-06-21,-0.025892046902162062
2018-06-22,-0.01004855010238457
2018-06-25,-0.06385081697141166
2018-06-26,0.011017908116985387
2018-06-27,-0.04013132859877581
2018-06-28,0.024508694054245994
2018-06-29,0.004573542897189166
2018-07-02,0.022412897790620077
2018-07-03,-0.03442370754804541
2018-07-05,0.036715264085041915
2018-07-06,0.04499564615601695
2018-07-09,0.02783229288882365
2018-07-10,0.0023894508390744857
2018-07-11,-0.014619654160473446
2018-07-12,0.04934682226344944
2018-07-13,0.0029200439840602476
2018-07-16,-0.00674221133123253
2018-07-17,0.018512704768874778
2018-07-18,-0.006361647518513311
2018-07-19,-0.014786598332083546
2018-07-20,-0.001392471097768105
2018-07-23,0.008676684560646545
2018-07-24,0.012749547702539638
2018-07-25,0.04171116070904343
2018-07-26,-0.04368092000630327
2018-07-27,-0.0417174782441351
2018-07-30,-0.043056863507900146
2018-07-31,0.019923719096007285
2018-08-01,0.013673967280872687
2018-08-02,0.0398265989380235
2018-08-03,0.00895743657985969
2018-08-06,0.01836837159826692
2018-08-07,0.009769858206337818
2018-08-08,0.0026794117009556087
2018-08-09,-0.0008906512938204784
2018-08-10,-0.023328435828279367
2018-08-13,-0.002890418405182565
2018-08-14,0.01846203638877275
2018-08-15,-0.03640455493681755
2018-08-16,0.009172797976546127
2018-08-17,-0.00015387994373308787
2018-08-20,-0.0020033431081708858
2018-08-21,0.01034419501783168
2018-08-22,0.011613830378114118
2018-08-23,-0.004984478607867767
2018-08-24,0.027781947632056984
2018-08-27,0.030132775002530074
2018-08-28,0.004444847845235823
2018-08-29,0.034975036646475555
2018-08-30,-0.005655111665880988
2018-08-31,0.0029131920625671344
2018-09-04,-0.01189500095041497
2018-09-05,-0.03975346832561883
2018-09-06,-0.02725957252920416
2018-09-07,-0.009890679120130938
2018-09-10,0.008778720223350371
2018-09-11,0.022205129455140967
2018-09-12,-0.00865983465297485
2018-09-13,0.029612026504836526
2018-09-14,-0.007621170191520852
2018-09-17,-0.04216789102707931
2018-09-18,0.02375182385982173
2018-09-19,-0.002216427671070989
2018-09-20,0.031397868524767385
2018-09-21,-0.015939204831172213
2018-09-24,0.008609755772050792
2018-09-25,0.004050498857753983
2018-09-26,-0.001008510725368218
2018-09-27,0.027693769306920954
2018-09-28,-0.001543974619903783
2018-10-01,0.00576322141341697
2018-10-02,-0.005730197019252516
2018-10-03,0.0029522074624379587
2018-10-04,-0.057043274925869525
2018-10-05,-0.03760375763313948
2018-10-08,-0.017915120967242324
2018-10-09,0.0077057820080288246
2018-10-10,-0.1296818180082465
2018-10-11,-0.04052361624492103
2018-10-12,0.09319389790721679
2018-10-15,-0.03773895320760779
2018-10-16,0.08613894360082934
2018-10-17,0.003297536441259941
2018-10-18,-0.06935080701673892
2018-10-19,-0.004061322966305009
2018-10-22,0.015070783143027311
2018-10-23,-0.01100436585759088
2018-10-24,0.05692328357710129
2018-10-25,0.09663449305293897
2018-10-26,0.03029475840101324
2018-10-29,-0.017012192164020213
2018-10-30,0.03158363301286724
2018-10-31,-0.028112720719652342
2018-11-01,-0.015733556226695096
2018-11-02,0.015089760733507993
2018-11-05,0.004079293439002801
2018-11-06,-0.008912072863507672
2018-11-07,0.09196307635647957
2018-11-08,-0.017052534050519704
2018-11-09,-0.05080533033384887
2018-11-12,-0.08784047948680619
2018-11-13,-0.0008604648897741012
2018-11-14,0.010407430270647205
2018-11-15,-0.021262990375738235
2018-11-16,0.003625816366713508
2018-11-19,0.0011187444164411768
2018-11-20,-0.0002452999549148918
2018-11-21,0.018304557207757654
2018-11-23,0.0003405152712694656
2018-11-26,-0.0013646784918629885
2018-11-27,0.0008370320416481698
2018-11-28,-0.0016395337101001162
2018-11-29,-0.009179753229840534
2018-11-30,0.0015956967465922008
2018-12-03,0.05129247080666825
2018-12-04,-0.10996438607684694
2018-12-06,0.00232914365504563
2018-12-07,-0.0008933410724658447
2018-12-10,0.002266090967992413
2018-12-11,8.65032938678947e-06
2018-12-12,-0.0023934991542404463
2018-12-13,0.0018454149467621893
2018-12-14,-0.00269701482889709
2018-12-17,0.0034730751215803456
2018-12-18,-0.004819810387495527
2018-12-19,-0.04928797264371076
2018-12-20,-0.05484479036128222
2018-12-21,-0.09550287706494172
2018-12-24,-0.078321159811876
2018-12-26,0.17821893380465387
2018-12-27,0.0013636991932091476
2018-12-28,0.004812014220417175
2018-12-31,0.003040158531825668
2019-01-02,0.0033221178150314957
2019-01-03,0.0069101963887869605
2019-01-04,-0.0064716169838070475
2019-01-07,-0.0020884720338621467
2019-01-08,0.0008275373519004256
2019-01-09,-0.0007690980413809926
2019-01-10,-0.00044095588070059625
2019-01-11,0.0022002283536952717
2019-01-14,-0.0016781243041789715
2019-01-15,0.0020963037866399844
2019-01-16,-0.0007882488286045371
2019-01-17,-4.9872195263062514e-05
2019-01-18,0.001811716747821125
2019-01-22,-0.000458864163600632
2019-01-23,0.003215112202847729
2019-01-24,-0.0008165485930864817
2019-01-25,-0.00171972737337898
2019-01-28,0.0011564561586962351
2019-01-29,0.0020730853833703447
2019-01-30,0.002159491229437343
2019-01-31,0.007455127707439897
2019-02-01,-0.0028616456490066365
2019-02-04,0.0006112632779063099
2019-02-05,0.026397954230989343
2019-02-06,-0.007897720335583346
2019-02-07,-0.040824930864486055
2019-02-08,0.002137172224016604
2019-02-11,0.00022282964486996203
2019-02-12,0.001465214488925772
2019-02-13,0.0020343594469084745
2019-02-14,0.003654087323521928
2019-02-15,0.011933729036507013
2019-02-19,0.005996306306703056
2019-02-20,-0.0007947472974214211
2019-02-21,-0.011334216521795028
2019-02-22,0.021721439926132843
2019-02-25,0.011023679793455834
2019-02-26,0.0031154703620826594
2019-02-27,-0.0031057943518288133
2019-02-28,-0.006230550734634978
2019-03-01,0.01998434028915838
2019-03-04,0.00019198811658965084
2019-03-05,0.0024966743193288923
2019-03-06,-0.017241261549883223
2019-03-07,-0.036452317216778544
2019-03-08,-0.005664443593669412
2019-03-11,0.06246162132080199
2019-03-12,0.016277429349850235
2019-03-13,0.021669615601779022
2019-03-14,-0.00442644375868918
2019-03-15,0.02482374242683535
2019-03-18,0.009038494779526292
2019-03-19,0.010032298241843178
2019-03-20,0.011532837141316104
2019-03-21,0.04630788898800953
2019-03-22,0.17435762978500263
2019-03-25,-0.006278059245668925
2019-03-26,0.013718480600838873
2019-03-27,-0.019586791055903066
2019-03-28,0.006356660896942308
2019-03-29,0.02255911554998039
2019-04-01,0.03935747098962167
2019-04-02,0.0110375065782016
2019-04-03,0.017299272360752384
2019-04-04,-0.001485789792181822
2019-04-05,0.015046200655559864
2019-04-08,0.007818758131085757
2019-04-09,-0.010990673219107053
2019-04-10,0.016179199721886875
2019-04-11,-0.007558735296009946
2019-04-12,0.012315666368115282
2019-04-15,0.0008004615458581067
2019-04-16,0.009756833693979922
2019-04-17,0.009979280745048245
2019-04-18,0.003136877914306864
2019-04-22,0.008442741084035033
2019-04-23,0.03798444284552123
2019-04-24,0.03414634146341464
2019-04-25,0.011161403902752576
2019-04-26,-0.04954128440366973
2019-04-29,0.023809523809523808
2019-04-30,-0.0009428032683846638
2019-05-01,-0.011499467301949663
2019-05-02,-0.012245541955936204
2019-05-03,0.04710998349030083
2019-05-06,-0.01790763894346228
2019-05-07,-0.05816726802336665
2019-05-08,-0.008800016761448514
2019-05-09,-0.01581930172911924
2019-05-10,0.0027882764704986003
2019-05-13,-0.10336936425225975
2019-05-14,0.03137539105921411
2019-05-15,0.04156354863617891
2019-05-16,0.031244749083811814
2019-05-17,-0.031121290819897732
2019-05-20,-0.050136106409983394
2019-05-21,0.030059142547346172
2019-05-22,-0.0130276250034519
2019-05-23,-0.047166522797891526
2019-05-24,-0.0014774826831263045
2019-05-28,-0.010729099334634208
2019-05-29,-0.025056079075071343
2019-05-30,0.011891152997530604
2019-05-31,-0.04814250980777319
2019-06-03,-0.05387545732472572
2019-06-04,0.09956548247531898
2019-06-05,0.022038582688457767
2019-06-06,0.023103497513231055
2019-06-07,0.05701910986230343
2019-06-10,0.03649638471069843
2019-06-11,0.0037788051525134234
2019-06-12,-0.016940607929778646
2019-06-13,0.016362131369511385
2019-06-14,-0.013015923767167054
2019-06-17,0.018219701378453735
2019-06-18,0.043285664750401055
2019-06-19,0.011760768821488465
2019-06-20,0.027445918512484322
2019-06-21,-0.004556844841311467
2019-06-24,-0.000315686336483454
2019-06-25,-0.051160750768945926
2019-06-26,0.012647826545920995
2019-06-27,0.01084631275250556
2019-06-28,0.004227142382999191
2019-07-01,0.03982508599216944
2019-07-02,0.012143958592580165
2019-07-03,0.022150197939131692
2019-07-05,-0.00647080100313265
2019-07-08,-0.02105440147555744
2019-07-09,0.015008486203970274
2019-07-10,0.0295730024857521
2019-07-11,-0.002664918593276835
2019-07-12,0.016775361069529145
2019-07-15,0.008468438001299886
2019-07-16,-0.014188648895353583
2019-07-17,-0.014833253230519431
2019-07-18,0.004323698687643485
2019-07-19,-0.024195104403031926
2019-07-22,0.023577940950099716
2019-07-23,0.01931920609791529
2019-07-24,0.02128595207499295
2019-07-25,-0.02855093663627743
2019-07-26,0.0296839329410423
2019-07-29,-0.009276591804928564
2019-07-30,-0.013396732396238144
2019-07-31,-0.04219578325158176
2019-08-01,-0.014024354510248234
2019-08-02,-0.04576363909457515
2019-08-05,-0.10499027897224747
2019-08-06,0.04109318729046608
2019-08-07,0.014606343026098591
2019-08-08,0.06615243702491853
2019-08-09,-0.029577290351020392
2019-08-12,-0.0334601938821172
2019-08-13,0.06563833091687678
2019-08-14,-0.08957874478508318
2019-08-15,-0.004239476857426501
2019-08-16,0.04612380805631634
2019-08-19,0.04680354350856568
2019-08-20,-0.0205735843249944
2019-08-21,0.025471359441296824
2019-08-22,-0.009677322262168702
2019-08-23,-0.09153080432653295
2019-08-26,0.04051624675240483
2019-08-27,-0.0060304232722094234
2019-08-28,0.010053721657508051
2019-08-29,0.045477739827583685
2019-08-30,-0.007058121947818949
2019-09-03,-0.02909585328712796
2019-09-04,0.042056928044625144
2019-09-05,0.05522884800247811
2019-09-06,-0.0027873733494094125
2019-09-09,-0.006366366343958266
2019-09-10,-0.00828264333417463
2019-09-11,0.026946164086404416
2019-09-12,0.012429040880772704
2019-09-13,-0.010609268988525485
2019-09-16,-0.013786931372739066
2019-09-17,0.013203140817723532
2019-09-18,-0.0006131757395557533
2019-09-19,0.0044484973874284505
2019-09-20,-0.03146012539479043
2019-09-23,0.0009460136970558781
2019-09-24,-0.039539963570440054
2019-09-25,0.031983012872888954
2019-09-26,-0.010012841676455816
2019-09-27,-0.03628179082984031
2019-09-30,0.02665331327077437
2019-10-01,-0.024176560490069225
2019-10-02,-0.051213777254787485
2019-10-03,0.03294757420771507
2019-10-04,0.04207687448732869
2019-10-07,-0.00928042674875888
2019-10-08,-0.04552171375058324
2019-10-09,0.030302965532866624
2019-10-10,0.021891659350530553
2019-10-11,0.03744887729791847
2019-10-14,0.001103397916408518
2019-10-15,0.0379468951419699
2019-10-16,-0.007433266084573061
2019-10-17,0.006877692996515251
2019-10-18,-0.028688583133607268
2019-10-21,0.02641044965683456
2019-10-22,-0.023142621273627643
2019-10-23,0.004675700624837331
2019-10-24,0.02870001229445843
2019-10-25,0.022772014495377583
2019-10-28,0.030521739479580805
2019-10-29,-0.023035941840317566
2019-10-30,0.014059796832979856
2019-10-31,0.000721906406644639
2019-11-01,0.02713235282218867
2019-11-04,0.01784475799894645
2019-11-05,0.0012426047932990664
2019-11-06,-0.006342460630023424
2019-11-07,0.01012900799598867
2019-11-08,0.011813205733373027
2019-11-11,-0.004208638522236947
2019-11-12,0.008180094862283284
2019-11-13,-0.0014875593575173192
2019-11-14,-0.0002707302231897357
2019-11-15,0.01882941698905958
2019-11-18,-0.0024813895781637717
2019-11-19,0.014925373134328358
2019-11-20,0.013480392156862746
2019-11-21,-0.0077768206992706
2019-11-22,0.0027027477502536397
2019-11-25,0.034636240997584535
2019-11-26,0.005991960225944943
2019-11-27,0.020199156280570157
2019-11-29,0.02912621359223301
2019-12-02,-0.032158287226563435
2019-12-03,-0.02246167441940672
2019-12-04,0.014819616606272625
2019-12-05,0.005225125152987415
2019-12-06,0.03092092741646669
2019-12-09,-0.012281731196647173
2019-12-10,-0.0022248325190570013
2019-12-11,0.015085645795374242
2019-12-12,0.022874073669260257
2019-12-13,0.008970398595335757
2019-12-16,0.028675316818895787
2019-12-17,0.0013388800711313551
2019-12-18,0.0023097489945537904
2019-12-19,0.020376051917250084
2019-12-20,0.011886277407590684
2019-12-23,0.00625
2019-12-24,-0.015527950310559006
2019-12-26,-0.0031545741324921135
2019-12-27,0.030854430379746837
2019-12-30,0.05448963929393707
2019-12-31,0.0056938407925680515
2020-01-02,0.04956669817655522
2020-01-03,0.07254740313272877
2020-01-06,0.019011053405768818
2020-01-07,-0.0012213356862071487
2020-01-08,0.023015306061136116
2020-01-09,0.025214634381492917
2020-01-10,-0.008162969804472188
2020-01-13,0.034950913628455135
2020-01-14,-0.011669979228344835
2020-01-15,0.0006270274340188527
2020-01-16,0.027882184350106014
2020-01-17,0.014934508607343733
2020-01-21,0.011299435028248588
2020-01-22,0.008379888268156424
2020-01-23,-0.006463527239150508
2020-01-24,0.08921933085501858
2020-01-27,-0.0618231876405471
2020-01-28,0.046483922177805656
2020-01-29,0.00360720784768419
2020-01-30,0.011296085533717946
2020-01-31,-0.049147113058717
2020-02-03,0.045920605174827545
2020-02-04,0.0683069007545976
2020-02-05,0.011564505449661857
2020-02-06,0.024376347463993434
2020-02-07,-0.012912725529999653
2020-02-10,0.03606811217310288
2020-02-11,0.0007216273686385828
2020-02-12,0.02928975867159305
2020-02-13,-0.0038525974538984116
2020-02-14,0.006768085201759325
2020-02-18,0.0017461417090352367
2020-02-19,0.028934826932228437
2020-02-20,-0.028459881069216066
2020-02-21,-0.05719272517107421
2020-02-24,-0.11522104801799361
2020-02-25,-0.08089457653915114
2020-02-26,0.01375922275153865
2020-02-27,-0.14952336793470095
2020-02-28,0.0270107873091814
2020-03-02,0.1716765616156264
2020-03-03,-0.09416081159576219
2020-03-04,-0.004385356193514993
2020-03-05,-0.08774907148176343
2020-03-06,0.02493858304367032
2020-03-09,0.009866939712892323
2020-03-10,0.18992587419243182
2020-03-11,-0.02608278593934691
2020-03-12,0.07797049605134507
2020-03-13,0.3551450486924742
2020-03-16,0.13727568952914707
2020-03-17,0.08542070229401214
2020-03-18,0.01518149406117142
2020-03-19,-0.005695837303909046
2020-03-20,0.05278184362919277
2020-03-23,-0.024295758611656965
2020-03-24,0.2901665771764144
2020-03-25,0.007155763200538519
2020-03-26,0.004713002926498247
2020-03-27,0.0033692622930610295
2020-03-30,-0.002664266209179096
2020-03-31,-0.01149407834397042
2020-04-01,0.000799689525934406
2020-04-02,0.005342334807576372
2020-04-03,0.001193883044326579
2020-04-06,0.0008397369124642908
2020-04-07,-0.0015569540358358965
2020-04-08,0.004974779322270011
2020-04-09,0.010658788560436096
2020-04-13,-0.0040404455346583126
2020-04-14,0.008449805753341201
2020-04-15,0.0006620717178371445
2020-04-16,0.001786081927696052
2020-04-17,0.0020087077498336997
2020-04-20,-0.005321158994335964
2020-04-21,-0.003309758039912458
2020-04-22,0.0012791573969732572
2020-04-23,-0.000504150397241573
2020-04-24,0.0018494291619918087
2020-04-27,-0.0022462272118678097
2020-04-28,0.003509699464957063
2020-04-29,-0.0003059041024555298
2020-04-30,-0.0030359008191037148
2020-05-01,-0.0025271539757719987
2020-05-04,0.0007240556184577652
2020-05-05,-0.0005623824251284294
2020-05-06,-0.005746600103806134
2020-05-07,0.0020338905649066514
2020-05-08,0.0020737241588514254
2020-05-11,-0.0027594913409738886
2020-05-12,0.025853237899053444
2020-05-13,-0.0008873561954560465
2020-05-14,0.0017246070255299891
2020-05-15,0.002191444127772101
2020-05-18,0.0016882630468172224
2020-05-19,-0.0027007729114397546
2020-05-20,0.004465946925713899
2020-05-21,0.013039311728591237
2020-05-22,0.0009723013936051518
2020-05-26,0.0006227213804298685
2020-05-27,0.014070589204781235
2020-05-28,-0.0063752414496476215
2020-05-29,0.04126304093268037
2020-06-01,0.012323485223966816
2020-06-02,0.01993066638791297
2020-06-03,0.013573453343373725
2020-06-04,-0.0203184108406759
2020-06-05,0.05927394859102182
2020-06-08,0.022249401427098265
2020-06-09,0.07446434843695118
2020-06-10,0.036086821233441604
2020-06-11,0.5016479894528675
2020-06-12,0.021686792312689697
2020-06-15,0.03525950923645419
2020-06-16,0.052853370678002366
2020-06-17,0.009737117827675024
2020-06-18,0.007714713775729259
2020-06-19,-0.0013824645102887623
2020-06-22,0.03556215692627768
2020-06-23,0.026115664599644733
2020-06-24,-0.058917904125747836
2020-06-25,0.026511953859964844
2020-06-26,-0.0718804813789445
2020-06-29,0.03196246566850937
2020-06-30,0.05750483957629354
2020-07-01,0.03574007119580519
2020-07-02,0.021257450901232516
2020-07-06,0.07348239963618998
2020-07-07,-0.019660843801467126
2020-07-08,0.038454470494694505
2020-07-09,0.024982445638219854
2020-07-10,0.021175342905397573
2020-07-13,-0.061785963557019236
2020-07-14,0.0211997308007378
2020-07-15,0.004947228688367312
2020-07-16,-0.021448695528798134
2020-07-17,0.004671030620073974
2020-07-20,0.08512165979354949
2020-07-21,-0.031970868380010155
2020-07-22,0.011576356610146853
2020-07-23,-0.07834058073435869
2020-07-24,-0.029580863753765816
2020-07-27,0.05372097665327152
2020-07-28,-0.03758956854195613
2020-07-29,0.03404789063246822
2020-07-30,0.016239111062458043
2020-07-31,0.05394184272380941
2020-08-03,0.03727594205888284
2020-08-04,0.013001697189131524
2020-08-05,0.007971869007631171
2020-08-06,0.038278903491514395
2020-08-07,-0.032678173659952646
2020-08-10,-0.013465736595701702
2020-08-11,-0.056752886785256716
2020-08-12,0.07480754305869425
2020-08-13,0.007007465169905154
2020-08-14,-0.0028928761344604623
2020-08-17,0.03301196549088069
2020-08-18,0.029375799731809718
2020-08-19,-0.019541263940608237
2020-08-20,0.041140441379519645
2020-08-21,0.020876861979216368
2020-08-24,0.018539478042021367
2020-08-25,0.02334281426001382
2020-08-26,0.06401901227194672
2020-08-27,0.04529788281634663
2020-08-28,-0.005652378709373528
2020-08-31,0.0729512079583136
2020-09-01,0.026048565121412803
2020-09-02,0.03614457831325301
2020-09-03,0.20016611295681064
2020-09-04,-0.041223863037879935
2020-09-08,-0.1413443147169616
2020-09-09,0.08592335330145465
2020-09-10,-0.05784807786153571
2020-09-11,-0.021859654782738894
2020-09-14,0.05151593989062591
2020-09-15,0.04250627678353927
2020-09-16,-0.04804361830026766
2020-09-17,-0.04605924165492568
2020-09-18,-0.038626712106540444
2020-09-21,0.011847648348204067
2020-09-22,0.05464110712544285
2020-09-23,-0.09259858037001688
2020-09-24,0.014628950017032445
2020-09-25,0.07008040977454102
2020-09-28,0.05928463760111383
2020-09-29,-0.010484169409671193
2020-09-30,0.019788294557344214
2020-10-01,0.04682951783677566
2020-10-02,-0.08246375939427898
2020-10-05,0.06307150811407798
2020-10-06,-0.05371821199298477
2020-10-07,0.05257764052609544
2020-10-08,0.014722446905435596
2020-10-09,0.044488762033904734
2020-10-12,0.0932671486883722
2020-10-13,0.0001297518366372476
2020-10-14,-0.024695421132794156
2020-10-15,-0.020668752136301007
2020-10-16,-0.01533643135643297
2020-10-19,-0.049689909828367004
2020-10-20,0.006454202855433172
2020-10-21,-0.002593508751505563
2020-10-22,0.0005055211118688143
2020-10-23,0.005848826124432949
2020-10-26,-0.0455852008063451
2020-10-27,0.023617739876844717
2020-10-28,-0.11734864065059668
2020-10-29,0.050865809449737225
2020-10-30,-0.06955569197686465
2020-11-02,0.00034056207466380404
2020-11-03,0.05030221067836958
2020-11-04,0.13516995998193737
2020-11-05,0.0771703011244586
2020-11-06,0.0033801279210536593
2020-11-09,-0.06103056488496657
2020-11-10,-0.053953149938444106
2020-11-11,0.0672166615788248
2020-11-12,-0.014630840856667158
2020-11-13,0.026231805593011828
2020-11-16,0.0230124726741367
2020-11-17,-0.009226981479714067
2020-11-18,-0.023179963090132025
2020-11-19,0.024774118495233883
2020-11-20,-0.0203044272267568
2020-11-23,0.00020799382189535647
2020-11-24,0.04088703235118302
2020-11-25,0.018841666950064395
2020-11-27,0.027314962079991963
2020-11-30,0.005152470847446855
2020-12-01,0.03929870462816642
2020-12-02,0.004018751965842266
2020-12-03,0.00406326267504503
2020-12-04,0.012261257289778072
2020-12-07,0.016946083760826344
2020-12-08,0.009153469004656783
2020-12-09,-0.06698056547777818
2020-12-10,0.01227628322822703
2020-12-11,-0.007017901494268691
2020-12-14,0.021326689587681816
2020-12-15,0.031079286725354233
2020-12-16,0.01677853329636759
2020-12-17,0.020496836363710535
2020-12-18,-0.010893619882103208
2020-12-21,-0.0037286981070760485
2020-12-22,0.007888290717915495
2020-12-23,-0.015081488132611499
2020-12-24,0.012992150007183807
2020-12-28,0.030002949438446908
2020-12-29,0.0029463946831911393
2020-12-30,-0.0001664964279149899
2020-12-31,0.007816515947217524
2021-01-04,-0.04372930353662082
2021-01-05,0.02507911338482972
2021-01-06,-0.0413558895011461
2021-01-07,0.07223132785420791
2021-01-08,0.03875987084821658
2021-01-11,-0.04419823111142453
2021-01-12,-0.004343699157805192
2021-01-13,0.019438973005356484
2021-01-14,-0.015222029126807306
2021-01-15,-0.024313694264289993
2021-01-19,0.043355566725816086
2021-01-20,0.06970686795503753
2021-01-21,0.024853543726171153
2021-01-22,-0.009069256940338671
2021-01-25,0.027755702033363232
2021-01-26,0.0010648077324570601
2021-01-27,-0.08064213463340135
2021-01-28,0.014724584522202112
2021-01-29,-0.06229256826042012
2021-02-01,0.07350478783821394
2021-02-02,0.04839369699144015
2021-02-03,-0.011490818416510243
2021-02-04,0.035370094378584696
2021-02-05,0.010459543685379803
2021-02-08,0.019563203194819093
2021-02-09,-0.00046578587943931193
2021-02-10,-0.007082110597881172
2021-02-11,0.016142556313012247
2021-02-12,0.016994574605806872
2021-02-16,-0.008355292658465787
2021-02-17,-0.013920784668439339
2021-02-18,-0.013466892578504636
2021-02-19,-0.01318024208109514
2021-02-22,-0.07746604847322199
2021-02-23,-0.008893760871923055
2021-02-24,0.024102747456082388
2021-02-25,-0.1044320294974312
2021-02-26,0.015017242038877929
2021-03-01,0.08720008356175521
2021-03-02,-0.04793811680297441
2021-03-03,-0.08673518396504491
2021-03-04,-0.049442835788180865
2021-03-05,0.044779936645401995
2021-03-08,-0.08548250826356976
2021-03-09,0.11775470795891331
2021-03-10,-0.008525928348837997
2021-03-11,0.06938369657561842
2021-03-12,-0.024895267985283322
2021-03-15,0.03197020084528258
2021-03-16,0.0164203936284438
2021-03-17,0.012600743693419786
2021-03-18,-0.09178877369780743
2021-03-19,0.01276501984206048
2021-03-22,0.0533069113707018
2021-03-23,-0.013063856914497582
2021-03-24,-0.05050064174334755
2021-03-25,-0.0053888080233155475
2021-03-26,0.04416955316031566
2021-03-29,-0.0005640921480558554
2021-03-30,-0.01422113922551056
2021-03-31,0.04488205923969817
2021-04-01,0.05084362577482819
2021-04-05,0.06006258867668403
2021-04-06,-0.0023608311051646026
2021-04-07,0.007395045813476353
2021-04-08,0.031222328550244066
2021-04-09,0.01812840891725679
2021-04-12,-0.003915257345436413
2021-04-13,0.03425367875290492
2021-04-14,-0.03511008914629755
2021-04-15,0.044171397272122846
2021-04-16,0.004221559840042661
2021-04-19,0.05803571428571429
2021-04-20,-0.021883166500545476
2021-04-21,0.02528676306177326
2021-04-22,-0.03639877300298264
2021-04-23,0.037678467610124604
2021-04-26,0.01980578521588242
2021-04-27,-0.013127170267300195
2021-04-28,-0.010295153757326288
2021-04-29,0.010033885793298062
2021-04-30,-0.01877496695395956
2021-05-03,-0.016347729683188882
2021-05-04,-0.05269135194296436
2021-05-05,-0.011662632171869159
2021-05-06,0.021886138238101312
2021-05-07,0.024477010640938286
2021-05-10,-0.07514464777397384
2021-05-11,-0.004999959968962602
2021-05-12,-0.07610984496103888
2021-05-13,0.021076604126612945
2021-05-14,0.06503170985881229
2021-05-17,-0.01688035738866017
2021-05-18,-0.020985597651716145
2021-05-19,0.0036807575152555203
2021-05-20,0.057814558412886616
2021-05-21,-0.016518652089875914
2021-05-24,0.05007784988390792
2021-05-25,0.004837952580301981
2021-05-26,0.010121004104430146
2021-05-27,-0.011673329029608088
2021-05-28,0.009744090555882186
2021-06-01,-0.009747532485856858
2021-06-02,0.005217156659077884
2021-06-03,-0.03143361277179708
2021-06-04,0.05125866458801546
2021-06-07,0.0088480216591082
2021-06-08,0.0011437655086848635
2021-06-09,0.0011425350387830686
2021-06-10,0.03062599273288498
2021-06-11,0.007936459266057797
2021-06-14,0.028016960961859093
2021-06-15,-0.018525226538278337
2021-06-16,-0.01070790275146175
2021-06-17,0.03733263577047783
2021-06-18,-0.023874626565162666
2021-06-21,0.01829874022097246
2021-06-22,0.02793333531333997
2021-06-23,0.00173074046299923
2021-06-24,0.018401760190018625
2021-06-25,-0.003138572197212443
2021-06-28,0.03540111394669465
2021-06-29,0.011259950840161563
2021-06-30,-0.00438877348008778
2021-07-01,0.0004897184612291731
2021-07-02,0.03394257205048223
2021-07-06,0.033542204201990417
2021-07-07,0.0042796005706134095
2021-07-08,0.09694602272727272
2021-07-09,0.016929094817518666
2021-07-12,0.012543617251304798
2021-07-13,-0.000535400208747919
2021-07-14,0.0054325830386850555
2021-07-15,-0.02069873263603407
2021-07-16,-0.02455521035564881
2021-07-19,-0.023978251789342528
2021-07-20,0.032974177955536664
2021-07-21,0.022835088191640877
2021-07-22,0.02101207239540829
2021-07-23,0.03321482225791978
2021-07-26,0.004173827069700427
2021-07-27,-0.03266974000406353
2021-07-28,0.010931113782059987
2021-07-29,0.004921637982734415
2021-07-30,-0.014989537747876954
2021-08-02,-0.0003016350719861961
2021-08-03,0.01740780310348897
2021-08-04,0.004962769738822441
2021-08-05,0.018794168970142654
2021-08-06,-0.013021684930410346
2021-08-09,0.0053505378060424175
2021-08-10,-0.014946088848361044
2021-08-11,-0.005402931347134754
2021-08-12,0.010418198339942219
2021-08-13,0.01001619166783613
2021-08-16,0.0017498765850703663
2021-08-17,-0.026277185008003294
2021-08-18,-0.02907994098976155
2021-08-19,0.014244121912581304
2021-08-20,0.030896372409857244
2021-08-23,0.04455095019773211
2021-08-24,0.009869561762198558
2021-08-25,0.0011167890130585286
2021-08-26,-0.016944510351796387
2021-08-27,0.02922419508299073
2021-08-30,0.03314956025451683
2021-08-31,-0.0028017185440334983
2021-09-01,0.005485288426448452
2021-09-02,-0.0013971314435963175
2021-09-03,0.00899426241330253
2021-09-07,0.004093658387226103
2021-09-08,-0.010258495123779524
2021-09-09,-0.010697071422963276
2021-09-10,-0.02249825089358744
2021-09-13,-0.0022672611190846202
2021-09-14,-0.00860747233525114
2021-09-15,0.02215723238962758
2021-09-16,0.0019707587366731413
2021-09-17,-0.03533416640594687
2021-09-20,-0.06151575118930797
2021-09-21,0.0012733522889753397
2021-09-22,0.02925345126248739
2021-09-23,0.027767580310582907
2021-09-24,0.002829211524048298
2021-09-27,-0.02412003427666436
2021-09-28,-0.08339976723735598
2021-09-29,-0.006622938786501772
2021-09-30,-0.011270901989891044
2021-10-01,0.018222881354570536
2021-10-04,-0.061494789905867105
2021-10-05,0.038474518955017814
2021-10-06,0.019737805479491267
2021-10-07,0.027050577623787393
2021-10-08,-0.015370347856640465
2021-10-11,-0.022199578022370027
2021-10-12,-0.010188469275399348
2021-10-13,0.02342344458595651
2021-10-14,0.05519921331570577
2021-10-15,0.018538180850645767
2021-10-18,0.029990088846412518
2021-10-19,0.021963291034111446
2021-10-20,-0.003150135693583029
2021-10-21,0.017907029044989937
2021-10-22,-0.025319063593328098
2021-10-25,0.03001149702509942
2021-10-26,0.009345894144640793
2021-10-27,0.007897517061974954
2021-10-28,0.032829020847939816
2021-10-29,0.014780851414323476
2021-11-01,0.009860803648634606
2021-11-02,0.013338365251884109
2021-11-03,0.03174226040496952
2021-11-04,0.021189336978810664
2021-11-05,0.05421686746987952
2021-11-08,0.0012698412698412698
2021-11-09,0.02663284717818643
2021-11-10,-0.04382074491021653
2021-11-11,0.00810958784969087
2021-11-12,0.03174144802120956
2021-11-15,-0.0003024404964050229
2021-11-16,0.02067721472297847
2021-11-17,0.0011847591655220762
2021-11-18,0.030587760272735832
2021-11-19,0.01693571123708718
2021-11-22,-0.034661804427449545
2021-11-23,-0.013626001536629798
2021-11-24,0.00924907677264399
2021-11-26,-0.05516056764254627
2021-11-29,0.062111113633168825
2021-11-30,-0.042966665904304556
2021-12-01,-0.05131788773620737
2021-12-02,0.018826611286365518
2021-12-03,-0.05024697031340328
2021-12-06,0.02338732117266179
2021-12-07,0.09017516910828487
2021-12-08,0.013915616361851546
2021-12-09,-0.04317617173245414
2021-12-10,0.03096515712552496
2021-12-13,-0.04299267656828851
2021-12-14,-0.02976209268598161
2021-12-15,0.06617348435046651
2021-12-16,-0.07630144214113391
2021-12-17,-0.015279864924379652
2021-12-20,-0.029907427444552773
2021-12-21,0.06685372812166328
2021-12-22,0.03568899906051342
2021-12-23,0.023756702425151814
2021-12-27,0.04780026248047435
2021-12-28,-0.011765462058642796
2021-12-29,-0.001575729982940027
2021-12-30,-0.009352493071551383
2021-12-31,-0.018585854539455944
2022-01-03,0.028857957897363465
2022-01-04,-0.038859371075961706
2022-01-05,-0.09198679248277045
2022-01-06,-0.0027454295197519327
2022-01-07,-0.03269773545881855
2022-01-10,0.0036791772549200925
2022-01-11,0.04398330324085224
2022-01-12,0.011393676030364185
2022-01-13,-0.07257006794473725
2022-01-14,0.015113072405624293
2022-01-18,-0.07207479380704854
2022-01-19,-0.03478774844875967
2022-01-20,-0.03868259392415048
2022-01-21,-0.08419533541389491
2022-01-24,0.015611901367071359
2022-01-25,-0.07375201382432037
2022-01-26,0.01651265427674255
2022-01-27,-0.019213868551344198
2022-01-28,0.12894032020939195
2022-01-31,0.09686020162662225
2022-02-01,0.01908430776386443
2022-02-02,0.02364715909827294
2022-02-03,-0.12031003015857815
2022-02-04,0.034543596085283464
2022-02-07,-0.02265763379213991
2022-02-08,0.03398981814731031
2022-02-09,0.062036369265690235
2022-02-10,-0.0663492268639803
2022-02-11,-0.09418558301279122
2022-02-14,-0.0043380740084152615
2022-02-15,-0.030903077089943824
2022-02-16,-0.00017458560370884374
2022-02-17,-0.08867171308794754
2022-02-18,0.014400451348501911
2022-02-22,0.011983522676714863
2022-02-23,0.028785918840145037
2022-02-24,0.10005969261378304
2022-02-25,-0.019335431439065742
2022-02-28,0.000368917018925676
2022-03-01,0.007771798039549525
2022-03-02,-0.0210655008947199
2022-03-03,0.01931821276148902
2022-03-04,0.019904892916018303
2022-03-07,0.04358996132405266
2022-03-08,0.0025877244018783926
2022-03-09,0.11915617124626109
2022-03-10,0.009523861272783443
2022-03-11,0.02431168032919669
2022-03-14,0.01952318234078048
2022-03-15,-0.035992626348864916
2022-03-16,-0.04157993379424657
2022-03-17,0.0020883676860194724
2022-03-18,0.002760511682930244
2022-03-21,-0.007146937256520817
2022-03-22,0.05910216719674874
2022-03-23,-0.04221065849520809
2022-03-24,0.06479929910174985
2022-03-25,-0.0015784247457235874
2022-03-28,0.04549453941629783
2022-03-29,0.05124315463924182
2022-03-30,-0.030046247782602217
2022-03-31,-0.04135781789500075
2022-04-01,-0.004296972241522165
2022-04-04,0.0624891206860821
2022-04-05,-0.0661249717734005
2022-04-06,-0.06576204975618188
2022-04-07,0.006517753690738689
2022-04-08,-0.0408880920371642
2022-04-11,-0.07098767624775752
2022-04-12,0.00746383647668216
2022-04-13,-0.023552877451631784
2022-04-14,0.02211603356420782
2022-04-18,-0.0035289931341469976
2022-04-19,-0.029895653934248773
2022-04-20,0.02107962622595029
2022-04-21,0.02066743919708538
2022-04-22,0.032313360792722984
2022-04-25,-0.011821564134790265
2022-04-26,0.04481382314143414
2022-04-27,0.04277670499146517
2022-04-28,0.11954987546133215
2022-04-29,0.048343244344178506
2022-05-02,-0.022567274283580685
2022-05-03,0.0005361253866897431
2022-05-04,-0.03557144547166511
2022-05-05,0.05298733884316254
2022-05-06,0.012975615165106261
2022-05-09,0.05040749186257862
2022-05-10,0.044326637161227464
2022-05-11,0.03769586828484059
2022-05-12,-0.030991732018527052
2022-05-13,0.10112729246377963
2022-05-16,0.013228808526048385
2022-05-17,-0.03438149688784857
2022-05-18,0.05912530905582001
2022-05-19,0.008946605584524269
2022-05-20,0.005166804566215846
2022-05-23,-0.0232109335378123
2022-05-24,0.031018293496293092
2022-05-25,-0.015286157603592648
2022-05-26,-0.035261856430923104
2022-05-27,0.0026931845267419534
2022-05-31,-0.005977521189110494
2022-06-01,-0.00617979224778232
2022-06-02,0.0036189794652381206
2022-06-03,-0.0031655086841258307
2022-06-06,-0.004652116644696406
2022-06-07,0.0038031531774651364
2022-06-08,-0.005716149121488762
2022-06-09,-0.004043943387680441
2022-06-10,0.03795078283669546
2022-06-13,0.04884121998470742
2022-06-14,0.016887130880767768
2022-06-15,0.06281575857342739
2022-06-16,0.04807556555027994
2022-06-17,0.02471053751107809
2022-06-21,0.07358989987737548
2022-06-22,0.006365408254505616
2022-06-23,-0.014164521839129045
2022-06-24,-0.006657593621554351
2022-06-27,-0.0043976233445593964
2022-06-28,0.03701447048363234
2022-06-29,0.002451515910071606
2022-06-30,0.006074748900884773
2022-07-01,0.008894099585565059
2022-07-05,0.004179289035267134
2022-07-06,-0.0042749593562316085
2022-07-07,-0.0020331310178029706
2022-07-08,-0.0030139922630978504
2022-07-11,0.0027053285023123192
2022-07-12,0.0008015251041744708
2022-07-13,0.002684125272685657
2022-07-14,-0.002375591680118626
2022-07-15,0.003527398856278935
2022-07-18,-0.0043870247638169175
2022-07-19,0.0014671736958172328
2022-07-20,-0.0020975911261151585
2022-07-21,0.00719371852075906
2022-07-22,0.025725629135192826
2022-07-25,-0.0019450659784712714
2022-07-26,-0.0002549685309355906
2022-07-27,0.0035709514504006887
2022-07-28,0.00875034147860298
2022-07-29,-0.0021896105621092062
2022-08-01,0.003205942852968569
2022-08-02,-0.009686902166500456
2022-08-03,0.005294304730802011
2022-08-04,-0.004557514344110331
2022-08-05,0.0027113905531979746
2022-08-08,0.0066650014703015115
2022-08-09,-0.002075980174077219
2022-08-10,0.0036821361923259246
2022-08-11,0.0023155134534800907
2022-08-12,0.0054233635154183725
2022-08-15,-0.009169520217635091
2022-08-16,0.0020336527458220824
2022-08-17,-0.03467896274429788
2022-08-18,0.002152889214999218
2022-08-19,-0.005702385220873872
2022-08-22,-0.005637088076060647
2022-08-23,0.001176646378134399
2022-08-24,-0.004950927419700804
2022-08-25,-0.017401581437172048
2022-08-26,0.045842367810324906
2022-08-29,0.009776974309221122
2022-08-30,0.01426256278830956
2022-08-31,0.005921879238834329
2022-09-01,-0.014537633004981683
2022-09-02,-0.03923422248714701
2022-09-06,-0.02058152228647258
2022-09-07,0.0473650298934624
2022-09-08,-0.008291812262471542
2022-09-09,-0.02556243642638979
2022-09-12,-0.014686861535968904
2022-09-13,0.058388310570727714
2022-09-14,-0.00905478093029898
2022-09-15,0.018485221172401634
2022-09-16,0.007852232847266402
2022-09-19,-0.010704211534169169
2022-09-20,0.007194471688310245
2022-09-21,0.024856236134473186
2022-09-22,-0.030904153763564965
2022-09-23,-0.038976515584140274
2022-09-26,-0.022121855420309595
2022-09-27,0.005027187976670146
2022-09-28,0.029595564139913894
2022-09-29,0.030219775951701104
2022-09-30,-0.057067532714945385
2022-10-03,0.08985086525588809
2022-10-04,-0.03577803511219939
2022-10-05,-0.003659388878568422
2022-10-06,0.0075840800439664225
2022-10-07,0.04102472304611152
2022-10-10,0.010320490199426198
2022-10-11,0.015811847268013574
2022-10-12,-0.009433756664308936
2022-10-13,0.09072710967659568
2022-10-14,0.03276710446112802
2022-10-17,-0.04058345159811914
2022-10-18,-0.008251641313193713
2022-10-19,-0.0010950412035809903
2022-10-20,0.0030220488787242508
2022-10-21,-0.02721444900270025
2022-10-24,0.0024477218830287442
2022-10-25,0.01024192022004903
2022-10-26,0.004530298001447574
2022-10-27,0.004358020686966683
2022-10-28,0.002873420532739703
2022-10-31,-0.003688673946491051
2022-11-01,0.0001703099173015509
2022-11-02,-0.004822819182507061
2022-11-03,0.020793683310673834
2022-11-04,-0.019057040831730977
2022-11-07,-0.015096601677481204
2022-11-08,-0.005964682695130282
2022-11-09,0.028324613844865534
2022-11-10,-0.07683980403315674
2022-11-11,-0.00021738953520292613
2022-11-14,-0.004151587259435402
2022-11-15,0.007284777628089711
2022-11-16,0.005550128222141676
2022-11-17,-0.003383455545841409
2022-11-18,0.000802836523754732
2022-11-21,0.0019204302083433357
2022-11-22,0.0055906623479588385
2022-11-23,0.005557661475948043
2022-11-25,0.00013322629918126845
2022-11-28,-0.0017604568912780979
2022-11-29,-0.0037449355474768855
2022-11-30,0.01026011349309608
2022-12-01,0.005517861261682977
2022-12-02,-0.011819126946475592
2022-12-05,-0.05040575667116909
2022-12-06,0.001399702917444318
2022-12-07,0.014673569629318243
2022-12-08,-0.002803352886848344
2022-12-09,-0.013971876096841841
2022-12-12,0.0012726240780731562
2022-12-13,0.007960477384448826
2022-12-14,-0.023734753177587525
2022-12-15,-0.0029637845736987197
2022-12-16,-0.006011106568499484
2022-12-19,0.012897907165903194
2022-12-20,-0.0021311125749255604
2022-12-21,-0.01620613855080514
2022-12-22,0.02878415816460574
2022-12-23,-0.0037693906151996448
2022-12-27,0.013605472731392862
2022-12-28,-0.0488704045080485
2022-12-29,0.07610267894698441
2022-12-30,-0.0013810507438780384
2023-01-03,0.01164838269941337
2023-01-04,-0.0020566128671972526
2023-01-05,0.017912823875029623
2023-01-06,-0.02629978825551647
2023-01-09,0.0037658609473383187
2023-01-10,-0.008985775377920564
2023-01-11,0.0043651580813165594
2023-01-12,0.015455681467636772
2023-01-13,0.019787207431939454
2023-01-17,0.0054724786560850155
2023-01-18,-0.03711043916146201
2023-01-19,-0.003506301455054684
2023-01-20,-0.0020065877203131696
2023-01-23,0.0657185711633641
2023-01-24,-0.005982631784353285
2023-01-25,-0.007407421064591499
2023-01-26,0.05783604441678039
2023-01-27,0.028659565888344875
2023-01-30,-0.06000861011507579
2023-01-31,0.04468752689913817
2023-02-01,0.0646007083206293
2023-02-02,0.10332090788730217
2023-02-03,-0.051653483761144176
2023-02-06,-0.025470335312534478
2023-02-07,0.061922055570416516
2023-02-08,-0.05376738903393469
2023-02-09,-0.026810672795482177
2023-02-10,-0.02055939602593396
2023-02-13,0.04743920434235829
2023-02-14,0.02164313319406785
2023-02-15,0.022361785374418394
2023-02-16,-0.05717567151242043
2023-02-17,-0.021571194277224263
2023-02-21,-0.0702993353110772
2023-02-22,0.0008948449394264636
2023-02-23,0.02503334643305545
2023-02-24,-0.05058873344328304
2023-02-27,0.021589479932790694
2023-02-28,-0.00494616909158238
2023-03-01,-0.024401096150337004
2023-03-02,0.024085241429304648
2023-03-03,0.061058135071699125
2023-03-06,0.0042626991249252975
2023-03-07,-0.03735138027439074
2023-03-08,0.013668370526862159
2023-03-09,-0.052631706586572215
2023-03-10,-0.041322058666495035
2023-03-13,0.005697908270905761
2023-03-14,0.04796868212304671
2023-03-15,0.014486411908563441
2023-03-16,-0.003669832862313259
2023-03-17,-0.014835605228996752
2023-03-20,0.010581977564648303
2023-03-21,0.04228750192465613
2023-03-22,-0.04080833572169123
2023-03-23,0.035656388554263736
2023-03-24,0.010172018827370307
2023-03-27,-0.020526529503157975
2023-03-28,-0.016607516443678493
2023-03-29,0.05468435824896956
2023-03-30,0.027068356040741027
2023-03-31,0.04899749689288593
2023-04-03,-0.007076958491029704
2023-04-04,-0.00997852763874225
2023-04-05,-0.032037543437249225
2023-04-06,0.02008167692198846
2023-04-10,-0.0021872430453126522
2023-04-11,-0.019364300426755125
2023-04-12,-0.02645287146000095
2023-04-13,0.057405071394857086
2023-04-14,-0.0057907861149242585
2023-04-17,0.0010921009979384558
2023-04-18,0.000727297072382724
2023-04-19,-0.002180233551440614
2023-04-20,-0.023306686525909715
2023-04-21,0.0018644535823838034
2023-04-24,-0.005954647368644407
2023-04-25,-0.05653320541655987
2023-04-26,0.016666831639688864
2023-04-27,0.08079612335869256
2023-04-28,0.02022386856036861
2023-05-01,-0.0028318130120441403
2023-05-02,-0.026624079383819645
2023-05-03,-0.01969373499629984
2023-05-04,-0.01116079368819081
2023-05-05,0.06132446466061433
2023-05-08,0.008153164201194333
2023-05-09,-0.01933887447753325
2023-05-10,0.03226949941809309
2023-05-11,0.00833630044100228
2023-05-12,-0.010334141093008975
2023-05-15,0.015314892876645782
2023-05-16,0.0037710899662104476
2023-05-17,0.03586060267345526
2023-05-18,0.05374223753804252
2023-05-19,-0.006883710443256047
2023-05-22,0.010397042984798032
2023-05-23,-0.03866547725597744
2023-05-24,-0.01621793468583603
2023-05-25,0.07220590042731112
2023-05-26,0.07564571860684141
2023-05-30,0.014007933871350941
2023-05-31,-0.020298964027158008
2023-06-01,0.0362591260232933
2023-06-02,0.022493870755571077
2023-06-05,0.0021725894569408124
2023-06-06,-0.0010840470718711513
2023-06-07,-0.051003678674590096
2023-06-08,0.034305328973141265
2023-06-09,0.012161382660861806
2023-06-12,0.05106483001167263
2023-06-13,0.022343648772394926
2023-06-14,0.0213467934531335
2023-06-15,0.035083467561190664
2023-06-16,-0.057777777777777775
2023-06-20,-0.004902221468306356
2023-06-21,-0.04007694408144955
2023-06-22,0.03320470702592631
2023-06-23,-0.02964596657746715
2023-06-26,-0.03953840181513395
2023-06-27,0.049452254310988306
2023-06-28,0.006113224899300029
2023-06-29,-0.006835578019514921
2023-06-30,0.04511856807601009
2023-07-03,0.006829432366006901
2023-07-05,-0.0007267478687815179
2023-07-06,-0.023515302657405444
2023-07-07,-0.01017886727582505
2023-07-10,0.0007527464504648981
2023-07-11,0.014285489598219616
2023-07-12,0.03706449236104643
2023-07-13,0.049797517205371615
2023-07-14,-0.000907887531591306
2023-07-17,0.027714791042739346
2023-07-18,0.023872627439868038
2023-07-19,0.029533372711163616
2023-07-20,0.0
2023-07-21,-0.008822861528936776
2023-07-24,0.003982187035388784
2023-07-25,0.020065402373039217
2023-07-26,-0.010292734564734885
2023-07-27,-0.008551124132546209
2023-07-28,0.05407920033657875
2023-07-31,0.0019904548937871272
2023-08-01,-0.00772474876927104
2023-08-02,-0.06539145427148163
2023-08-03,-0.007139307321500175
2023-08-04,-0.013902213567448658
2023-08-07,0.0247933242071172
2023-08-08,-0.025616644556020696
2023-08-09,-0.03334970176059393
2023-08-10,0.004533086071683548
2023-08-11,-0.020055517379730072
2023-08-14,0.033257004281784144
2023-08-15,-0.030700856057227353
2023-08-16,-0.03320552464989047
2023-08-17,-0.033817944939659825
2023-08-18,-0.004648392343740574
2023-08-21,0.04835175368411534
2023-08-22,-0.004455121584978233
2023-08-23,0.04711756425663111
2023-08-24,-0.06586213219098327
2023-08-25,0.023681537316400453
2023-08-28,0.022344840781077523
2023-08-29,0.0637694947083635
2023-08-30,0.016678935640740016
2023-08-31,0.009034632978709429
2023-09-01,-0.0035345126946162804
2023-09-05,0.0026010702932947076
2023-09-06,-0.026414892359362507
2023-09-07,-0.02180243606344554
2023-09-08,0.0029717835969939282
2023-09-11,0.03407405516086319
2023-09-12,-0.03199612550856706
2023-09-13,0.009866686553539955
2023-09-14,0.023448879697307672
2023-09-15,-0.0513127016589194
2023-09-18,0.0022642623756226996
2023-09-19,-0.00602402894767475
2023-09-20,-0.04335915277056289
2023-09-21,-0.05695391464721531
2023-09-22,0.0008430575136244215
2023-09-25,0.013190777825169706
2023-09-26,-0.04459822550150315
2023-09-27,0.0060887053000039226
2023-09-28,0.024207429296955844
2023-09-29,0.0022510264685122994
2023-10-02,0.023863093945308552
2023-10-03,-0.05292014274463233
2023-10-04,0.04053271747217568
2023-10-05,-0.010573288960516312
2023-10-06,0.05033751380315986
2023-10-09,0.014725589241544016
2023-10-10,0.0163588537262779
2023-10-11,0.02128770109736439
2023-10-12,-0.011693072054757489
2023-10-13,-0.037808541441927725
2023-10-16,0.03368074092499558
2023-10-17,-0.009568202275189048
2023-10-18,-0.042297686380284236
2023-10-19,-0.026717381271809584
2023-10-20,-0.04509791500610609
2023-10-23,0.008800192808870592
2023-10-24,0.028205630238492357
2023-10-25,-0.07324652668867197
2023-10-26,0.027713242738638445
2023-10-27,0.015929490106430518
2023-10-30,0.03210548633588967
2023-10-31,-0.006166692875290043
2023-11-01,-0.014760292632767768
2023-11-02,0.05308954495686348
2023-11-03,0.03526192313197196
2023-11-06,0.0114419543839353
2023-11-07,0.02815050258481206
2023-11-08,0.001791394162571033
2023-11-09,-0.02375480890217642
2023-11-10,0.06671894222264756
2023-11-13,-0.009075358389641922
2023-11-14,0.0628712026928307
2023-11-15,0.0027946945501074846
2023-11-16,0.0016256342741211409
2023-11-17,0.0006956869053285842
2023-11-20,0.03568099528976781
2023-11-21,-0.018120732853722427
2023-11-22,0.01162009417013998
2023-11-24,-0.0049551560986226565
2023-11-27,-0.0029425510833598176
2023-11-28,0.007945763842609359
2023-11-29,-0.003603580779922206
2023-11-30,-0.008363702183285611
2023-12-01,0.008434243685613338
2023-12-04,-0.0284811983391724
2023-12-05,0.007212664054478033
2023-12-06,-0.017786970461316668
2023-12-07,0.04186256589674095
2023-12-08,0.011963825842506597
2023-12-11,0.02542958528218535
2023-12-12,0.02414625033570087
2023-12-13,0.03525896247930322
2023-12-14,-0.00580046403712297
2023-12-15,0.047841306884480746
2023-12-18,0.0033407572383073497
2023-12-19,0.023307436182019976
2023-12-20,0.0878524945770065
2023-12-21,0.033168590078585955
2023-12-22,0.003987973146262823
2023-12-26,0.01827216674090014
2023-12-27,0.0052661623065592324
2023-12-28,-0.002522265653728589
2023-12-29,-0.01381050087068271
2024-01-02,-0.05069031670528813
2024-01-03,-0.03199675669131746
2024-01-04,-0.016741813138900854
2024-01-05,0.0037111014974933504
2024-01-08,0.060243578277067694
2024-01-09,0.0065641274770906165
2024-01-10,0.0197676137105421
2024-01-11,0.004795946698452357
2024-01-12,0.0011935169560792769
2024-01-16,-0.00059593040441435
2024-01-17,-0.017292831564959383
2024-01-18,0.04288026690974775
2024-01-19,0.05779677565662982
2024-01-22,0.00403371630256218
2024-01-23,0.011869970290213704
2024-01-24,0.016423144880445426
2024-01-25,0.002840850229018737
2024-01-26,-0.018413598617536282
2024-01-29,0.029401107619076678
2024-01-30,-0.01997551151195658
2024-01-31,-0.05882349646448508
2024-02-01,0.035334222824738255
2024-02-02,0.05027539391410273
2024-02-05,-0.005066423653827381
2024-02-06,-0.00579466498894699
2024-02-07,0.02984824619491641
2024-02-08,0.004115880756106817
2024-02-09,0.02937664875976348
2024-02-12,-0.011780350990995486
2024-02-13,-0.04734716644413874
2024-02-14,0.03172349720032999
2024-02-15,0.008370395100388351
2024-02-16,-0.027443614733454212
2024-02-20,-0.023166666007322
2024-02-21,-0.012482321006188303
2024-02-22,0.08649343462816024
2024-02-23,-0.009140787098458699
2024-02-26,-0.0013418368439366906
2024-02-27,0.006214416235535649
2024-02-28,-0.01619103108097032
2024-02-29,0.024092424107133366
2024-03-01,0.0458911832764957
2024-03-04,-0.011880277843096669
2024-03-05,-0.0535427297659858
2024-03-06,0.01846201457265308
2024-03-07,0.04457020642384208
2024-03-08,-0.0437828626768644
2024-03-11,-0.01165508870784555
2024-03-12,0.042452797516142386
2024-03-13,-0.023270874820590585
2024-03-14,-0.008107132426171398
2024-03-15,-0.0365304364456665
2024-03-18,0.028220110325121287
2024-03-19,0.006903628953004224
2024-03-20,0.0354953839754741
2024-03-21,0.012966131507593957
2024-03-22,0.0020800366177339807
2024-03-25,-0.010218799937975753
2024-03-26,-0.009356449749325849
2024-03-27,0.008793448470764282
2024-03-28,-0.006295384570812606
2024-04-01,0.006172821509042912
2024-04-02,-0.026800160907674498
2024-04-03,0.006635687868292878
2024-04-04,-0.04713249587239822
2024-04-05,0.035281858348914674
2024-04-08,0.0006683028887136529
2024-04-09,0.010350571605876173
2024-04-10,-0.026272255009702147
2024-04-11,0.047004755787287085
2024-04-12,-0.04829806362680732
2024-04-15,-0.050238373981730235
2024-04-16,0.0001791710975541501
2024-04-17,-0.03711017244419673
2024-04-18,-0.01787364877214465
2024-04-19,-0.061990433730737024
2024-04-22,0.029102627520196545
2024-04-23,0.044579675701421684
2024-04-24,0.009776153146235323
2024-04-25,-0.016011764955438285
2024-04-26,0.045979185566328365
2024-04-29,0.011939217451366155
2024-04-30,-0.057204180267387515
2024-05-01,-0.021615484415466336
2024-05-02,0.03701555390512676
2024-05-03,0.05961505635220164
2024-05-06,0.032804122556402256
2024-05-07,0.0
2024-05-08,-0.0018782487073131502
2024-05-09,0.005474660611494752
2024-05-10,0.006806181051798558
2024-05-13,0.006591096618971984
2024-05-14,0.018636672215978072
2024-05-15,0.04615142212471249
2024-05-16,-0.006144559248946676
2024-05-17,-0.002219442918714032
2024-05-20,0.020654397387230912
2024-05-21,0.005136956244857471
2024-05-22,-0.0006193729214751155
2024-05-23,-0.014876762724332304
2024-05-24,0.028000449035374915
2024-05-28,0.01086470961148149
2024-05-29,-0.020889997553582278
2024-05-30,-0.0321585223842494
2024-05-31,-0.0011180438110123265
2024-06-03,0.009755302519206727
2024-06-04,0.00744378370308264
2024-06-05,0.06036801303812714
2024-06-06,-0.0011862002326354655
2024-06-07,-0.0037108581607084093
2024-06-10,0.010577965408853291
2024-06-11,0.020639971652941812
2024-06-12,0.03943373444542785
2024-06-13,0.0
2024-06-14,0.04408651727153957
2024-06-17,-0.00893218400724046
2024-06-18,-0.00573539172579838
2024-06-20,0.048619708282379014
2024-06-21,-0.00918887624390589
2024-06-24,-0.03387093526121563
2024-06-25,0.03338880891430705
2024-06-26,0.006257187739689812
2024-06-27,0.007252274759786995
2024-06-28,-0.01573357515605308
2024-07-01,0.016391246712841683
2024-07-02,0.030654405194693243
2024-07-03,0.024570238962045278
2024-07-05,0.030291473381464654
2024-07-08,-0.021324850627943495
2024-07-09,0.0
2024-07-10,-0.0037088690916846673
2024-07-11,0.004653327261059356
2024-07-12,0.016257108070096515
2024-07-15,0.007440505024652102
2024-07-16,0.0007385265715506704
2024-07-17,-0.087945829591473
2024-07-18,-0.014969550755171465
2024-07-19,-0.027108651406721942
2024-07-22,0.04362518602989343
2024-07-23,-0.010787458245901216
2024-07-24,-0.10782449947397824
2024-07-25,-0.03330787213163588
2024-07-26,0.028607742640896074
2024-07-29,0.005838981245441889
2024-07-30,-0.04078843707017785
2024-07-31,0.08743428004079895
2024-08-01,-0.07205611135835807
2024-08-02,-0.07291680725119239
2024-08-05,-0.0871638151840095
2024-08-06,0.024990793845939725
2024-08-07,-0.03220517358326678
2024-08-08,0.09155837256386681
2024-08-09,0.01360662989816718
2024-08-12,0.006797056299746801
2024-08-13,0.0727426699652785
2024-08-14,0.0017305059555933018
2024-08-15,0.0752315783516753
2024-08-16,0.0026291809103343024
2024-08-19,0.03875318966139163
2024-08-20,-0.006171146192742642
2024-08-21,0.013688887348129957
2024-08-22,-0.048029908912879844
2024-08-23,0.03144167245700898
2024-08-26,-0.02934918286200825
2024-08-27,0.008472335064432191
2024-08-28,-0.0338934442888466
2024-08-29,-0.005247464378220225
2024-08-30,0.03406185267459626
2024-09-03,-0.09124041649510607
2024-09-04,-0.008500270273859016
2024-09-05,0.003235127445624376
2024-09-06,-0.08110283145079883
2024-09-09,0.03719954677833203
2024-09-10,0.026898913343529136
2024-09-11,0.06375599657109186
2024-09-12,0.029580574908198973
2024-09-13,0.013086417385536966
2024-09-16,-0.013363024840147295
2024-09-17,0.0006021303505166073
2024-09-18,-0.013084566702482016
2024-09-19,0.07558662164313767
2024-09-20,-0.00637585071645164
2024-09-23,0.007414837500863228
2024-09-24,0.014154299892069585
2024-09-25,0.003500417331161526
2024-09-26,0.021208403267581805
2024-09-27,-0.017215608485214483
2024-09-30,0.007785543822999236
2024-10-01,-0.04235066896932417
2024-10-02,0.0037452568971864304
2024-10-03,-0.0022965073316199513
2024-10-04,0.03524181593232052
2024-10-07,-0.032930446229973494
2024-10-08,0.043390994792377
2024-10-09,0.024098024662166054
2024-10-10,-0.0034961847252517686
2024-10-11,0.0025640811162635077
2024-10-14,0.0255718968818405
2024-10-15,-0.03989486840806035
2024-10-16,-0.0005470555700424956
2024-10-17,0.0030088099251729147
2024-10-18,0.017725584200883264
2024-10-21,0.005493203804474211
2024-10-22,0.002931331108876582
2024-10-23,-0.04623342247156403
2024-10-24,0.02381924329159908
2024-10-25,0.016870896096487533
2024-10-28,0.0009364092871646508
2024-10-29,0.02767011515075996
2024-10-30,-0.02224254839855768
2024-10-31,-0.07609409283418093
2024-11-01,0.02131039552061953
2024-11-04,-0.009305124307572507
2024-11-05,0.03799651320120549
2024-11-06,0.08116254638103376
2024-11-07,0.04679165836776456
2024-11-08,0.0024229225823105627
2024-11-11,-0.0018127996634910444
2024-11-12,-0.005447806566468128
2024-11-13,-0.004382250240552609
2024-11-14,-0.02115181069526863
2024-11-15,-0.07232079331693818
2024-11-18,0.020196565379883083
2024-11-19,0.020060896209015147
2024-11-20,-0.0011645768914499244
2024-11-21,0.009844600254827397
2024-11-22,0.0037198453975597814
2024-11-25,0.004600663060326725
2024-11-26,0.015519597949133674
2024-11-27,-0.024176321454318285
2024-11-29,0.025545502662396965
2024-12-02,0.03241968067420552
2024-12-03,0.008850626697048107
2024-12-04,0.036534032082541704
2024-12-05,-0.008231974430460354
2024-12-06,0.025718907202352072
2024-12-09,-0.02336432915924448
2024-12-10,-0.010853123961486553
2024-12-11,0.05344502002842083
2024-12-12,-0.019823029677354855
2024-12-13,0.021480720058363968
2024-12-16,0.04351233573110142
2024-12-17,-0.013399068215930036
2024-12-18,-0.10810514099438834
2024-12-19,-0.01413079070977442
2024-12-20,0.025948405558039126
2024-12-23,0.027853244322059593
2024-12-24,0.03973659958324443
2024-12-26,-0.0021483159764899952
2024-12-27,-0.04067992019388985
2024-12-30,-0.04016062242008813
2024-12-31,-0.026212213288027263
2025-01-02,-0.006318670030247437
2025-01-03,0.047946059197804716
2025-01-06,0.03410189863748368
2025-01-07,-0.053866779249403904
2025-01-08,0.0007441500447131866
2025-01-10,-0.04771941822173751
2025-01-13,-0.010412523254625217
2025-01-14,-0.0035512442204668486
2025-01-15,0.0675817885092141
2025-01-16,-0.02040053974158215
2025-01-17,0.04934994194239157
2025-01-21,0.01659862856136425
2025-01-22,0.03880742317222527
2025-01-23,0.006150190145005964
2025-01-24,-0.017998579689880015
2025-01-27,-0.087723513780091
2025-01-28,0.044351969689828
2025-01-29,-0.006170758935976029
2025-01-30,0.012539532459209498
2025-01-31,-0.005410473037755194
2025-02-03,-0.02417795946171031
2025-02-04,0.03629839427109575
2025-02-05,0.013030369449700409
2025-02-06,0.014987128852287345
2025-02-07,-0.03813514235016846
2025-02-10,0.03517470520564912
2025-02-11,-0.007122805286691943
2025-02-12,0.001999225051649599
2025-02-13,0.0421361853126654
2025-02-14,0.011713100918235578
2025-02-18,0.006233968331072905
2025-02-19,0.00011056253259629536
2025-02-20,-0.01216813762368777
2025-02-21,-0.06259793927844735
2025-02-24,-0.035957593660066
2025-02-25,-0.038165922616199346
2025-02-26,0.006441690566422216
2025-02-27,-0.08294944178740339
2025-02-28,0.04578453139629464
2025-03-03,-0.06460226171004131
2025-03-04,-0.010987516565140607
2025-03-05,0.038955357528879055
2025-03-06,-0.08290502644702519
2025-03-07,0.0207448974508246
2025-03-10,-0.11274278754993808
2025-03-11,-0.013900156700114413
2025-03-12,0.047369342439671
2025-03-13,-0.05602500748674541
2025-03-14,0.08554369233930678
2025-03-17,-0.006909444955687886
2025-03-18,0.02062077664286529
2025-03-19,-0.013704325530323892
2025-03-20,0.0005085484779879778
2025-03-21,-0.002858008686653265
2025-03-24,-0.027563686682103947
2025-03-25,0.017843697719436034
2025-03-26,-0.055608527149127354
2025-03-27,0.006752773036136526
2025-03-28,0.035667117814507904
2025-03-31,0.0014662232231029844
2025-04-01,-0.008063599952274719
2025-04-02,-0.0007525422038970298
2025-04-03,0.0049444774744199
2025-04-04,-0.1996310982398452
2025-04-07,0.013060256320585962
2025-04-08,-0.056370074289829424
2025-04-09,0.3884274694427289
2025-04-10,0.041069601832292156
2025-04-11,-0.022925130137933757
2025-04-14,-0.00549220840659309
2025-04-15,0.00019963864136874222
2025-04-16,0.038574575422343424
2025-04-17,-0.00014637365846610845
2025-04-21,0.02849818275721682
2025-04-22,-0.029867441809861405
2025-04-23,-0.023730990781197024
2025-04-24,0.0027613313814618045
2025-04-25,0.0021258459217109804
2025-04-28,0.0013170295307180207
2025-04-29,0.0037123997023897097
2025-04-30,0.000884873363340315
2025-05-01,-0.003951163072838241
2025-05-02,-0.0028883463009624867
2025-05-05,-0.0012725351885649753
2025-05-06,0.00142340597311791
2025-05-07,0.0018596307592310347
2025-05-08,-0.004533533326936507
2025-05-09,-0.00048665361286059114
2025-05-12,-0.0024692463260885733
2025-05-13,0.04583273152526895
2025-05-14,0.017645267006172926
2025-05-15,0.0031269026021989114
2025-05-16,0.012326353127651181
2025-05-19,0.002659206432619714
2025-05-20,-0.010468988589310856
2025-05-21,-0.04161368935534872
2025-05-22,0.0051514866443988306
2025-05-23,-0.028847560101714628
2025-05-27,0.06966237837025695
2025-05-28,-0.012827817572230015
2025-05-29,0.004855017476325564
2025-05-30,-0.005257890391987443
2025-06-02,0.022999960287806695
2025-06-03,0.023320858808755666
2025-06-04,0.00805129441326188
2025-06-05,-0.02328422136319101
2025-06-06,0.0285516625448311
2025-06-09,0.004446759564310121
2025-06-10,0.019318626972937146
2025-06-11,-0.010266050794832223
2025-06-12,0.0065160762272580145
2025-06-13,-0.0377855981391198
2025-06-16,0.04077989663689268
2025-06-17,-0.029551649379145645
2025-06-18,-0.0013594036796647823
2025-06-20,-0.013749023557475199
2025-06-23,0.03105594155116027
2025-06-24,0.04551539353300287
2025-06-25,0.007678340289023314
2025-06-26,0.027395527198563783
2025-06-27,0.009797851632532422
2025-06-30,0.019405476053184004
2025-07-01,-0.02542152016020287
2025-07-02,0.01990351450856506
2025-07-03,0.027999988458334076
2025-07-07,0.01192410270049966
2025-07-08,0.001326588245622467
2025-07-09,0.02071554362637572
2025-07-10,-0.004601921970648273
2025-07-11,-0.007586449652795951
2025-07-14,0.010630715229332857
2025-07-15,0.00260018164061206
2025-07-16,0.0028291559666595184
2025-07-17,0.02327491466475423
2025-07-18,-0.0034462125932178587
2025-07-21,0.015216055453297673
2025-07-22,-0.015555786515423605
2025-07-23,0.013148685893103966
2025-07-24,0.0066028847921569996
2025-07-25,0.005654896878073809
2025-07-28,-0.041477699473062506
2025-07-29,-0.004566223322896634
2025-07-30,0.0034684062393682278
2025-07-31,-0.016501354322354663
2025-08-01,-0.05997053261108488
2025-08-04,0.0547515612762918
2025-08-05,-0.020809413495902623
2025-08-06,0.0373655671496694
2025-08-07,0.010130589385700123
2025-08-08,0.026966879193559827
2025-08-11,-0.00878902686042859
2025-08-12,0.036891064338514516
2025-08-13,0.001478064539665425
2025-08-14,-0.0027409719943250707
2025-08-15,-0.014164787925927045
2025-08-18,-0.0012867931612558995
2025-08-19,-0.040798918848684654
2025-08-20,-0.018244813024789353
2025-08-21,-0.013909450767726811
2025-08-22,0.044976306204068686
2025-08-25,-0.00874096538219166
2025-08-26,0.011608481264271572
2025-08-27,0.004523986303490393
2025-08-28,0.01823366538130607
2025-08-29,-0.0360301762956768
2025-09-02,-0.025514744476170737
2025-09-03,0.023311834442669037
2025-09-04,0.027045160752154407
2025-09-05,0.0032781454842140557
2025-09-08,0.014266904644941866
2025-09-09,0.008160792362196238
2025-09-10,0.0010649414740193455
2025-09-11,0.01681031609191646
2025-09-12,0.012451728470668924
2025-09-15,0.025526968196164773
2025-09-16,-0.0027209402980304465
2025-09-17,-0.006366156833015059
2025-09-18,0.026950056414722555
2025-09-19,0.01980583209406835
2025-09-22,0.016896482813749
2025-09-23,0.015755300502330923
2025-09-24,-0.010749979588456892
2025-09-25,-0.013410959619151078
2025-09-26,0.01199399276715179
2025-09-29,0.013333350507609733
2025-09-30,0.0077972891744411375
2025-10-01,0.014119968352063705
2025-10-02,0.012206662554565753
2025-10-03,-0.013567033494901395
2025-10-06,0.02234962953215048
2025-10-07,-0.016162101203596565
2025-10-08,0.03389977562162993
2025-10-09,-0.003949308830440631
2025-10-10,-0.10493303214735637
2025-10-13,0.06345936950014175
2025-10-14,-0.020342997603545566
2025-10-15,0.02046866915114261
2025-10-16,-0.011143293332244045
2025-10-17,0.019010224911979606
2025-10-20,0.03750355491012855
2025-10-21,-0.0011123070305867724
2025-10-22,-0.029414390173064766
2025-10-23,0.025047765962588567
2025-10-24,0.03115096576844625
2025-10-27,0.05309333779085335
2025-10-28,0.022846310882802992
2025-10-29,0.012763492548778
2025-10-30,-0.04576746123238637
2025-10-31,0.014162894247594452
2025-11-03,0.013708051536416231
2025-11-04,-0.0611900027517123
2025-11-05,0.019445510903330618
2025-11-06,-0.05607568947835443
2025-11-07,-0.010384468419772842
2025-11-10,0.06551332582902462
2025-11-11,-0.008251238526380773
2025-11-12,-0.0020575638841672517
2025-11-13,-0.06176601883451007
2025-11-14,0.0007643009937085721
2025-11-17,-0.0256825663713314
2025-11-18,-0.036158743797602144
2025-11-19,0.017181694240530617
2025-11-20,-0.07146432511563755
2025-11-21,0.02217438690388008
2025-11-24,0.07582149962130776
2025-11-25,0.018206677008104064
2025-11-26,0.026148776043846553
2025-11-28,0.02192248638550075
2025-12-01,-0.00898423700482485
2025-12-02,0.02312678000050671
2025-12-03,0.007052389865584042
2025-12-04,-0.0032322236310006938
2025-12-05,0.011529578599019139
2025-12-08,-0.0062333264017982275
2025-12-09,0.003763413437366426
2025-12-10,0.011426584996089211
2025-12-11,-0.00953221336140339
2025-12-12,-0.05863487408791259
2025-12-15,-0.015145740745608984
2025-12-16,0.005959276678396011
2025-12-17,-0.05599093012872758
2025-12-18,0.04271255276067651
2025-12-19,0.039021565217443106
2025-12-22,0.013639805443580538
2025-12-23,0.014009114564736191
2025-12-24,0.007938381768344513
2025-12-26,-0.0009032133808405861
2025-12-29,-0.014825508932280847
2025-12-30,-0.007157350808869059
2025-12-31,-0.02550825226800743
2026-01-02,-0.00701822824442592
2026-01-05,0.023877699754351306
2026-01-06,0.026305953606090986
2026-01-07,0.0029085889354430825
2026-01-08,-0.017763284491613032
2026-01-09,0.028972075166174827
2026-01-12,0.002331467747033586
2026-01-13,-0.005188700158009319
2026-01-14,-0.031834471000340134
2026-01-15,0.010217310476040865
2026-01-16,-0.0044134980303071275
2026-01-20,-0.06298482651292753
2026-01-21,0.03942446521112039
2026-01-22,0.022188520094221988
2026-01-23,0.008905390748150735
2026-01-26,0.01287237393064157
2026-01-27,0.026506915441548415
2026-01-28,0.00919701099344138
2026-01-29,-0.01787596610041397
2026-01-30,-0.03640252832543203
2026-02-02,0.020370290779837028
2026-02-03,-0.04682395407128826
2026-02-04,-0.05255134684050799
2026-02-05,-0.04260454547308714
2026-02-06,0.06192285167515657
2026-02-09,0.022731716822383424
2026-02-10,-0.013915785956558914
2026-02-11,0.007448146978528562
2026-02-12,-0.06108958606846255
2026-02-13,0.004351499658008028
2026-02-17,-0.002475820375257378
2026-02-18,0.021509864057469054
2026-02-19,-0.011338276587541721
2026-02-20,0.025189397935232505
2026-02-23,-0.03635641853691467
2026-02-24,0.031923750735454594
2026-02-25,0.041984723721484304
2026-02-26,-0.03508776463529645
2026-02-27,-0.010589307467693456
2026-03-02,0.003634908829139409
2026-03-03,-0.03219322112759073
2026-03-04,0.04490637925581772
2026-03-05,-0.009152358692603354
2026-03-06,-0.045381539415853676
2026-03-09,0.03891462409211375
2026-03-10,0.00020246230137990737
2026-03-11,-0.0010121841198265983
2026-03-12,-0.051063718828727754
2026-03-13,-0.019218522533963014
2026-03-16,0.033311523001284024
2026-03-17,0.014749337995373734
2026-03-18,-0.042774179342083614
2026-03-19,-0.008893698064537568
2026-03-20,-0.057123985341304195
2026-03-23,0.039861300588918555
2026-03-24,0.007017904770855831
2026-03-25,-0.005704723660077705
2026-03-26,0.02528594566311465
2026-03-27,0.024927979892039598
2026-03-30,-0.05797103216256022
2026-03-31,0.12842249506021378
2026-04-01,-0.014862313688390217
2026-04-02,0.0005194985434160616
2026-04-06,-0.0015421556955542916
2026-04-07,-0.0021896909012467593
2026-04-08,0.005212913935247357
2026-04-09,0.019999988848182097
2026-04-10,0.004289154771068717
2026-04-13,0.03030308685607554
2026-04-14,0.05428346043550545
2026-04-15,0.041939736621540866
2026-04-16,0.014016198914969781
2026-04-17,0.0382774892682707
2026-04-20,0.017037947186993353
2026-04-21,-0.011708025931464774
2026-04-22,0.04895467110741049
2026-04-23,-0.016442426930308382
2026-04-24,0.05639988776193133
2026-04-27,0.0012787512767344152
2026-04-28,-0.030332029358030674
2026-04-29,0.018439259601977835
2026-04-30,0.027158082986334674
2026-05-01,0.027699171645445067
2026-05-04,-0.005972474925172797
2026-05-05,0.03820664582238695
2026-05-06,-0.02909770900233953
2026-05-07,-0.014572416685782108
2026-05-08,0.007254417422607892
2026-05-11,0.024376761919978427
2026-05-12,-0.03353158137152707
2026-05-13,0.030416256443324605
2026-05-14,-0.03486785102749512
2026-05-15,0.009314084490967791
2026-05-18,-0.013538592082238832
2026-05-19,-0.018702951179424325
2026-05-20,0.049088184045459414
2026-05-21,0.005750862394483234
2026-05-22,0.01156594159828541
2026-05-26,0.05280057670504196
2026-05-27,-0.0034166380897059957
2026-05-28,0.02461119132289519
2026-05-29,0.010516307866582825
2026-06-01,0.017502370232270102
2026-06-02,-0.02671122283906958
2026-06-03,-0.0024013617749662286
2026-06-04,-0.015480502766502034
2026-06-05,-0.14280685448350847
2026-06-08,0.044079362994049395
2026-06-09,-0.033433872437222886
2026-06-10,-0.06036358747860962
2026-06-11,0.09730054644808743
2026-06-12,0.01986569880955507
2026-06-15,0.0912022459496358
2026-06-16,-0.05508913017733827
2026-06-17,-0.02990121328648147
2026-06-18,0.06873872285299294
2026-06-22,-0.003499405046698874
2026-06-23,-0.09857106107919374
2026-06-24,-0.013047189367150347
2026-06-25,0.02251014771881113
2026-06-26,-0.04162768838192293
2026-06-29,0.07462063864286639
2026-06-30,0.04935869203380141
2026-07-01,-0.043703715006510414
2026-07-02,-0.053059652193766134
2026-07-06,0.04185412077284988
2026-07-07,-0.05482851233192519
2026-07-08,0.006783854921730317
2026-07-09,0.049779910016790545
2026-07-10,0.009038544334639612
2026-07-13,-0.05699077579147417
2026-07-14,0.0327642796450399
2026-07-15,-0.007731194716252512
2026-07-16,-0.049704519831915546
2026-07-17,-0.04537742693538731
2026-07-20,0.0017770287094810565
2026-07-21,0.05498893032958871
2026-07-22,-0.015272578469073374
2026-07-23,-0.056630560567276104
2026-07-24,-0.034690843829408124
2026-07-27,-0.00937497615814209
2026-07-28,-0.02902208372718778
2026-07-29,-0.061890859134126945
2026-07-30,0.09610388289282332
2026-07-31,0.02085313626273562
2026-08-03,0.05168672540898783
2026-08-04,0.10094174077054865
2026-08-05,-0.026463557404566032
2026-08-06,-0.011120230633130846
2026-08-07,0.03387480886793468
2026-08-10,-0.008996886772697525
2026-08-11,-0.010027174289479066
2026-08-12,0.021078578798093592
2026-08-13,0.034182347237479024
2026-08-14,-0.004666242426849535
2026-08-17,-0.005078778291426971
2026-08-18,-0.050654485200123306
2026-08-19,-0.006480094148812852
2026-08-20,-0.021926092911333007
2026-08-21,0.009789937275078738
2026-08-24,-0.03034981155384303
2026-08-25,0.018258143281152522
2026-08-26,0.002846230072453737
2026-08-27,0.04015895816705721
2026-08-28,-0.019781780590279883
2026-08-31,0.0009742476869979505
2026-09-01,-0.03851497098984183
2026-09-02,0.006507547914858386
2026-09-03,0.03491379825359209
2026-09-04,0.0047203106073476905
2026-09-08,-0.0029017421100287896
2026-09-09,-0.008453444836393056
2026-09-10,-0.032704456568540534
2026-09-11,0.02557440103850601
2026-09-14,-0.024091386770836883
2026-09-15,-0.01977761200490299
