date,returns
2009-01-02,0.0
2009-01-05,0.0007253267306738312
2009-01-06,0.0004534283544156754
2009-01-07,0.00018153469430566004
2009-01-08,-0.0010878706066165366
2009-01-09,0.000725568758655958
2009-01-12,0.0005442644439275175
2009-01-13,0.0
2009-01-14,0.00018103057330234746
2009-01-15,-0.0006339744015634003
2009-01-16,9.068787277736872e-05
2009-01-20,0.0
2009-01-21,-0.0003628062948514568
2009-01-22,0.0002722254107112058
2009-01-23,0.0003632777263480283
2009-01-26,-0.00036314580356617594
2009-01-27,0.000181200333808553
2009-01-28,0.0
2009-01-29,-0.00027210201922848423
2009-01-30,0.0
2009-02-02,0.00011815055696540951
2009-02-03,-0.00027196851795575444
2009-02-04,-0.0006342687232530283
2009-02-05,0.0006346712753925569
2009-02-06,-0.0006342687232530283
2009-02-09,0.00036219276379940383
2009-02-10,0.00018173282379111693
2009-02-11,-0.0001816998029728404
2009-02-12,-0.00018182057503389392
2009-02-13,9.136565588692355e-05
2009-02-17,-0.0003626209420263718
2009-02-18,0.00045326502255746296
2009-02-19,-0.0010879399079489463
2009-02-20,0.0003629830388883794
2009-02-23,0.0007258782898988934
2009-02-24,-9.047153130306207e-05
2009-02-25,-0.0003626209420263718
2009-02-26,9.103928498781505e-05
2009-02-27,0.00018030633466892281
2009-03-02,0.0003176294991880656
2009-03-03,0.0
2009-03-04,0.0001818836353598984
2009-03-05,-9.053052466474319e-05
2009-03-06,0.0
2009-03-09,0.0
2009-03-10,0.00018151609896022595
2009-03-11,0.0
2009-03-12,0.00018122001065391214
2009-03-13,0.0001822395699637266
2009-03-16,-0.0003633605272094692
2009-03-17,9.078543612139355e-05
2009-03-18,0.000362933364627346
2009-03-19,-0.00018122549466581563
2009-03-20,-9.119916643961874e-05
2009-03-23,0.0001822395699637266
2009-03-24,-9.101549885217881e-05
2009-03-25,9.102378342723485e-05
2009-03-26,9.022634712802698e-05
2009-03-27,-0.00018122549466581563
2009-03-30,0.0002720190522074013
2009-03-31,0.0
2009-04-01,-0.00017191627913908604
2009-04-02,-0.0001821170364569021
2009-04-03,0.00018215020911317579
2009-04-06,-0.0001821170364569021
2009-04-07,0.0003635988285908651
2009-04-08,0.0
2009-04-09,-9.143650252134184e-05
2009-04-13,9.14448639198722e-05
2009-04-14,0.00018050600066293657
2009-04-15,0.00018187584024446918
2009-04-16,0.0
2009-04-17,-0.00018184276743834894
2009-04-20,0.0002725946328483369
2009-04-21,-0.00018147576689503462
2009-04-22,0.00018150870632671338
2009-04-23,9.078169700784929e-05
2009-04-24,-0.0006350637184102238
2009-04-27,9.14448639198722e-05
2009-04-28,9.029683374590804e-05
2009-04-29,0.0005440112175358501
2009-04-30,-9.032720086693087e-05
2009-05-01,-0.0005621645719260481
2009-05-04,-9.108752011552598e-05
2009-05-05,-0.0001814025476843645
2009-05-06,9.11123458193201e-05
2009-05-07,-9.110404511605594e-05
2009-05-08,-9.146311519687282e-05
2009-05-11,0.00018259216146409096
2009-05-12,9.031488591870801e-05
2009-05-13,9.109581780766297e-05
2009-05-14,0.0
2009-05-15,9.064917786280449e-05
2009-05-18,-0.00018172022518931602
2009-05-19,9.109581780766297e-05
2009-05-20,0.00036285971680285084
2009-05-21,0.0
2009-05-22,-0.0003627280973881561
2009-05-26,-0.00018138602417615328
2009-05-27,0.00018141893103476396
2009-05-28,0.0007259824389573346
2009-05-29,-0.0006348723549138831
2009-06-01,0.0006895375259716159
2009-06-02,-0.0008166957382200641
2009-06-03,0.00045466544522451804
2009-06-04,-0.00018209900209221062
2009-06-05,-0.00036259902779286053
2009-06-08,-0.0003631689515973472
2009-06-09,0.0002726949470652533
2009-06-10,0.0005448904593924638
2009-06-11,0.0
2009-06-12,-0.000363880448445844
2009-06-15,0.0
2009-06-16,0.000635882852721448
2009-06-17,9.077016381210856e-05
2009-06-18,-9.07619253372778e-05
2009-06-19,-9.094539578857981e-05
2009-06-22,-0.00036276318293674143
2009-06-23,-9.05483954438642e-05
2009-06-24,0.00018111319039651252
2009-06-25,0.00036330021034600114
2009-06-26,9.077016381210856e-05
2009-06-29,-0.00027184773583163415
2009-06-30,0.00027192165711844543
2009-07-01,-0.0002087699498829469
2009-07-02,-9.069325132677217e-05
2009-07-06,0.0
2009-07-07,9.070147733865215e-05
2009-07-08,0.0003629482579666573
2009-07-09,0.0
2009-07-10,-0.0003628165743230453
2009-07-13,0.00018103599733440705
2009-07-14,0.0
2009-07-15,-9.015117274059829e-05
2009-07-16,0.0
2009-07-17,-9.086024765156489e-05
2009-07-20,-9.069325132677217e-05
2009-07-21,9.070147733865215e-05
2009-07-22,9.08685039863408e-05
2009-07-23,0.0
2009-07-24,-0.00021776504297994268
2009-07-27,0.00018103599733440705
2009-07-28,-9.015117274059829e-05
2009-07-29,0.0001813700218309926
2009-07-30,-0.00018133713271127397
2009-07-31,9.015930070729052e-05
2009-08-03,-0.0003806674883944602
2009-08-04,0.0002179072215453655
2009-08-05,-0.0002178597483329197
2009-08-06,0.00018172383899583297
2009-08-07,-0.00036294362258208415
2009-08-10,9.035257925064848e-05
2009-08-11,0.0001817403681986252
2009-08-12,0.0
2009-08-13,9.09412843467621e-05
2009-08-14,0.0
2009-08-17,9.031978635822562e-05
2009-08-18,0.0
2009-08-19,-9.031162943114974e-05
2009-08-20,0.0
2009-08-21,9.031978635822562e-05
2009-08-24,-9.031162943114974e-05
2009-08-25,9.031978635822562e-05
2009-08-26,0.00027286200356744074
2009-08-27,-0.0004539745630626189
2009-08-28,9.09412843467621e-05
2009-08-31,0.00036320643476353385
2009-09-01,-0.0007350814973664397
2009-09-02,0.0008174748929693303
2009-09-03,0.0
2009-09-04,-9.08049998966732e-05
2009-09-08,-0.0002727024577111962
2009-09-09,0.0002727768446271327
2009-09-10,-0.00018188921151771179
2009-09-11,0.0003634066575679239
2009-09-14,-0.0002723027558352248
2009-09-15,9.090908294718138e-05
2009-09-16,-9.09008192370654e-05
2009-09-17,9.090908294718138e-05
2009-09-18,0.0
2009-09-21,-0.00018188921151771179
2009-09-22,-0.0006543070021367294
2009-09-23,0.00043642079509658105
2009-09-24,-9.09008192370654e-05
2009-09-25,-9.099666395194745e-05
2009-09-28,-9.082976714821333e-05
2009-09-29,9.083801794423141e-05
2009-09-30,0.00018192230122163848
2009-10-01,0.00010867814708400594
2009-10-02,-0.00018160675570126126
2009-10-05,0.0
2009-10-06,0.00027245961405846067
2009-10-07,0.00018150271111466392
2009-10-08,-9.060357739690232e-05
2009-10-09,-0.00027244819478995354
2009-10-12,0.0
2009-10-13,9.081162385282456e-05
2009-10-14,0.0
2009-10-15,0.0
2009-10-16,0.0
2009-10-19,9.080337785063063e-05
2009-10-20,0.0
2009-10-21,0.00027203517772950354
2009-10-22,9.103303588872402e-05
2009-10-23,-0.00018152435647252488
2009-10-26,-0.0001814697738587232
2009-10-27,0.00027203517772950354
2009-10-28,0.0001818910082468928
2009-10-29,-9.084144911539858e-05
2009-10-30,-9.102474962942424e-05
2009-11-02,-0.00023589810742318388
2009-11-03,9.105451547659728e-05
2009-11-04,-0.00027235077589330575
2009-11-05,0.00036332086302409407
2009-11-06,-0.00018190083218317676
2009-11-09,9.105451547659728e-05
2009-11-10,0.00018139209503404997
2009-11-11,-0.00018135919790918754
2009-11-12,9.08711364118455e-05
2009-11-13,0.00018102546725448006
2009-11-16,-0.000180992702965856
2009-11-17,0.0003629262994376568
2009-11-18,0.0
2009-11-19,-9.074241029867728e-05
2009-11-20,0.0001813262651095011
2009-11-23,-0.0005441426659998243
2009-11-24,0.00045383041537476595
2009-11-25,0.0
2009-11-27,-9.074241029867728e-05
2009-11-30,-9.11006959358063e-05
2009-12-01,8.752064940321858e-08
2009-12-02,-0.00018090516648351513
2009-12-03,0.0
2009-12-04,9.025010834827508e-05
2009-12-07,-0.00027238893498727335
2009-12-08,0.00018219659932367503
2009-12-09,9.025010834827508e-05
2009-12-10,-0.00027238893498727335
2009-12-11,0.0
2009-12-14,0.0
2009-12-15,0.00018219659932367503
2009-12-16,0.0
2009-12-17,-0.00018216340976989374
2009-12-18,9.096697102224812e-05
2009-12-21,0.00018147967125653532
2009-12-22,0.0
2009-12-23,0.0
2009-12-24,-0.00018144674236138098
2009-12-28,0.00036330952036402387
2009-12-29,-5.460790517687317e-05
2009-12-30,0.0
2009-12-31,-9.049304091887018e-05
2010-01-04,9.050123065043864e-05
2010-01-05,-0.00036337244283863543
2010-01-06,9.113878037401219e-05
2010-01-07,0.0
2010-01-08,0.00036320878018051363
2010-01-11,0.0
2010-01-12,-9.083485898850747e-05
2010-01-13,-9.049304091887018e-05
2010-01-14,0.0
2010-01-15,-9.102638285924197e-05
2010-01-19,0.00018154413881596633
2010-01-20,0.0
2010-01-21,0.0
2010-01-22,-0.00018151118652392337
2010-01-25,0.0003627381442880253
2010-01-26,0.0
2010-01-27,-0.00036260661303810527
2010-01-28,0.0
2010-01-29,0.0003627381442880253
2010-02-01,-0.00025357962465840473
2010-02-02,0.00018134929300470484
2010-02-03,-9.092072946252548e-05
2010-02-04,0.0
2010-02-05,-0.0001813328983210779
2010-02-08,0.00036334429405906256
2010-02-09,0.0
2010-02-10,-9.099995563752163e-05
2010-02-11,9.100823738308614e-05
2010-02-12,0.0
2010-02-16,-0.0002722998672538147
2010-02-17,0.00018134929300470484
2010-02-18,9.100823738308614e-05
2010-02-19,-0.0001819124113176995
2010-02-22,9.092899679324321e-05
2010-02-23,0.0
2010-02-24,-9.092072946252548e-05
2010-02-25,0.00027261195862459347
2010-02-26,-9.064173913849927e-05
2010-03-01,-1.9074990700942033e-05
2010-03-02,-0.0004531709233145371
2010-03-03,0.0002732163898319032
2010-03-04,9.014290801546362e-05
2010-03-05,-9.01347830040103e-05
2010-03-08,0.00018011078125808167
2010-03-09,-8.995167197670287e-05
2010-03-10,-9.01347830040103e-05
2010-03-11,-0.00021807287551643835
2010-03-12,0.0
2010-03-15,0.0
2010-03-16,-0.0002726795959616467
2010-03-17,0.0
2010-03-18,0.0
2010-03-19,0.0
2010-03-22,0.0
2010-03-23,8.9959764007886e-05
2010-03-24,-0.00021807287551643835
2010-03-25,0.0
2010-03-26,-9.145566881180532e-05
2010-03-29,0.0
2010-03-30,0.0002715912886328324
2010-03-31,-8.995167197670287e-05
2010-04-01,-0.0003365615295470132
2010-04-05,-9.077790183993764e-05
2010-04-06,0.00018227266169213466
2010-04-07,-9.146984602430034e-05
2010-04-08,0.0
2010-04-09,9.147821352240582e-05
2010-04-12,9.059453649296733e-05
2010-04-13,-9.058632986640047e-05
2010-04-14,0.0
2010-04-15,0.0
2010-04-16,0.0
2010-04-19,-0.00045412088452948397
2010-04-20,0.00027364678992444075
2010-04-21,-9.15407026632831e-05
2010-04-22,9.154908313068106e-05
2010-04-23,0.0
2010-04-26,0.0
2010-04-27,0.0
2010-04-28,-0.00018211874019339594
2010-04-29,9.059453649296733e-05
2010-04-30,9.154908313068106e-05
2010-05-03,-0.00021861250024176023
2010-05-04,-9.06853774993297e-05
2010-05-05,0.00027269360085728213
2010-05-06,0.0
2010-05-07,-9.09314319241266e-05
2010-05-10,-9.102722738155016e-05
2010-05-11,9.103551409199121e-05
2010-05-12,9.09397012013756e-05
2010-05-13,9.049384081765823e-05
2010-05-14,9.06606730277322e-05
2010-05-17,-0.0002720448656147365
2010-05-18,0.0
2010-05-19,0.00018144177150187835
2010-05-20,9.06606730277322e-05
2010-05-21,0.0
2010-05-24,0.0
2010-05-25,-9.065245441520329e-05
2010-05-26,-0.0001814088563576147
2010-05-27,0.00027211889416273025
2010-05-28,0.0
2010-06-01,-3.622598081843066e-05
2010-06-02,9.056823296914695e-05
2010-06-03,-0.0001815575502872853
2010-06-04,0.00036335606584095927
2010-06-07,-0.0003632240861659913
2010-06-08,0.00036335606584095927
2010-06-09,-0.0002722431011918509
2010-06-10,0.0002723172376811452
2010-06-11,9.124343012310427e-05
2010-06-14,-9.123510551912907e-05
2010-06-15,-0.0003632240861659913
2010-06-16,0.00018159051941714607
2010-06-17,0.00018173254551647787
2010-06-18,-0.00018169952479931694
2010-06-21,0.00018173254551647787
2010-06-22,-0.0002722431011918509
2010-06-23,9.056823296914695e-05
2010-06-24,0.0
2010-06-25,0.00018173254551647787
2010-06-28,-9.045609467621267e-05
2010-06-29,0.0
2010-06-30,0.00018171596211559026
2010-07-01,-0.0003907451738772287
2010-07-02,0.00018149144312474712
2010-07-06,-0.00018145850995790756
2010-07-07,0.00027249968847177557
2010-07-08,0.00018161696841386972
2010-07-09,0.0
2010-07-12,0.0
2010-07-13,-0.0002725509209264702
2010-07-14,0.00036344197221077536
2010-07-15,-0.0002723512572062883
2010-07-16,9.072100011810353e-05
2010-07-19,-0.0001816879695883906
2010-07-20,9.099173112643389e-05
2010-07-21,-9.098345238459755e-05
2010-07-22,0.00018172098610538768
2010-07-23,-0.0001816879695883906
2010-07-26,-9.055427088063372e-05
2010-07-27,0.00018156244326173647
2010-07-28,0.00018161696841386972
2010-07-29,-0.0002725509209264702
2010-07-30,0.0
2010-08-02,-1.8110854176126746e-05
2010-08-03,0.0
2010-08-04,0.0003636235418420367
2010-08-05,-0.00027296837318983527
2010-08-06,0.0
2010-08-09,0.0
2010-08-10,0.0
2010-08-11,9.098513985203366e-05
2010-08-12,0.00018204120237120695
2010-08-13,-0.00027296837318983527
2010-08-16,9.098513985203366e-05
2010-08-17,9.062695130061047e-05
2010-08-18,0.0001814998870764558
2010-08-19,-0.00027206924533973193
2010-08-20,0.0002721432871584934
2010-08-23,-0.00027206924533973193
2010-08-24,-9.097686230949314e-05
2010-08-25,9.098513985203366e-05
2010-08-26,-9.097686230949314e-05
2010-08-27,0.0002730429052674972
2010-08-30,-0.00018200806940341148
2010-08-31,9.062695130061047e-05
2010-09-01,-8.572042859514539e-06
2010-09-02,0.0
2010-09-03,9.096939789454827e-05
2010-09-07,-0.00018235955952425933
2010-09-08,0.0
2010-09-09,0.0
2010-09-10,0.0
2010-09-13,0.00036312354834778783
2010-09-14,-0.00027160981370155207
2010-09-15,0.00018150144291460352
2010-09-16,9.016579749811338e-05
2010-09-17,-0.00018066512398821847
2010-09-20,0.0
2010-09-21,0.0
2010-09-22,0.0
2010-09-23,0.00027192128084456706
2010-09-24,-0.00027184735976230624
2010-09-27,0.0
2010-09-28,0.0
2010-09-29,-9.015766836004514e-05
2010-09-30,9.016579749811338e-05
2010-10-01,-9.94270309654426e-05
2010-10-04,-0.00018164509940849465
2010-10-05,0.00018167810034509218
2010-10-06,0.0
2010-10-07,-9.077882194801032e-05
2010-10-08,0.0003631482539627285
2010-10-11,-0.00036301642518176395
2010-10-12,9.078706349068212e-05
2010-10-13,0.00018129527735859864
2010-10-14,-0.00027202478249821753
2010-10-15,0.0002720988001151369
2010-10-18,-0.00018126241533873513
2010-10-19,0.00027233646584403097
2010-10-20,-9.10164014003411e-05
2010-10-21,-9.032516885909955e-05
2010-10-22,0.00018136623693478817
2010-10-25,-0.00018133334918761523
2010-10-26,0.00018136623693478817
2010-10-27,-0.00027226231888632295
2010-10-28,9.095373297295832e-05
2010-10-29,0.0
2010-11-01,-0.0002819309295456881
2010-11-02,0.00018185474520610685
2010-11-03,0.00021812044166836188
2010-11-04,0.0
2010-11-05,0.0
2010-11-08,0.0
2010-11-09,0.0
2010-11-10,0.0
2010-11-11,-9.077965556204675e-05
2010-11-12,9.078789725608887e-05
2010-11-15,0.0
2010-11-16,0.0
2010-11-17,9.069219924647638e-05
2010-11-18,-9.068397491735472e-05
2010-11-19,0.000181909136386375
2010-11-22,9.032594286993413e-05
2010-11-23,-0.0003629323570502474
2010-11-24,9.078789725608887e-05
2010-11-26,0.0
2010-11-29,-0.00018182168007080464
2010-11-30,0.00027256343725936936
2010-12-01,-0.00019055003022653416
2010-12-02,0.00018140251608963348
2010-12-03,9.085970596784738e-05
2010-12-06,9.111377495999344e-05
2010-12-07,0.0
2010-12-08,0.0
2010-12-09,0.0
2010-12-10,-0.00018194864816351212
2010-12-13,0.0
2010-12-14,0.00018198175949864332
2010-12-15,0.0
2010-12-16,0.0
2010-12-17,-0.00018194864816351212
2010-12-20,0.0002723167703405936
2010-12-21,0.0
2010-12-22,-0.0002722426341057249
2010-12-23,-9.077225678019787e-05
2010-12-27,0.0
2010-12-28,0.0004539024856539703
2010-12-29,0.0
2010-12-30,-9.038964054295326e-05
2010-12-31,9.039781156864682e-05
2011-01-03,-9.038964054295326e-05
2011-01-04,0.0
2011-01-05,0.0
2011-01-06,0.0
2011-01-07,0.0
2011-01-10,-0.00036313207622381806
2011-01-11,0.0
2011-01-12,9.10346202649536e-05
2011-01-13,0.0
2011-01-14,0.0
2011-01-18,0.0
2011-01-19,0.0002181770670479799
2011-01-20,0.0
2011-01-21,-9.102633371722954e-05
2011-01-24,0.00018198179132696295
2011-01-25,-0.00018194867998025057
2011-01-26,9.10346202649536e-05
2011-01-27,0.0
2011-01-28,9.093889247446563e-05
2011-01-31,0.0
2011-02-01,0.00018159894681354179
2011-02-02,-0.00018174080945730569
2011-02-03,0.00018177384518306742
2011-02-04,-0.0002727423403111081
2011-02-07,0.00018196527392550424
2011-02-08,0.0
2011-02-09,9.083494625832147e-05
2011-02-10,0.0
2011-02-11,-9.082669602026965e-05
2011-02-14,9.083494625832147e-05
2011-02-15,-0.00018174080945730569
2011-02-16,0.00018177384518306742
2011-02-17,9.038960893643775e-05
2011-02-18,-0.00027210582285482624
2011-02-22,9.093063924501689e-05
2011-02-23,-0.00018193216858861116
2011-02-24,9.102635759560304e-05
2011-02-25,0.00018177384518306742
2011-02-28,-9.082669602026965e-05
2011-03-01,-0.00010010203413453137
2011-03-02,0.0
2011-03-03,0.0
2011-03-04,0.0
2011-03-07,0.0
2011-03-08,0.0
2011-03-09,0.00036267668684879077
2011-03-10,9.116071450422032e-05
2011-03-11,-9.115240498585302e-05
2011-03-14,9.116071450422032e-05
2011-03-15,-9.115240498585302e-05
2011-03-16,-0.00018092299043502978
2011-03-17,0.0
2011-03-18,0.0002721329400445588
2011-03-21,-9.115240498585302e-05
2011-03-22,-0.00018092299043502978
2011-03-23,0.0002721329400445588
2011-03-24,-0.000181518259976622
2011-03-25,9.038226102152234e-05
2011-03-28,0.0
2011-03-29,-0.00018092299043502978
2011-03-30,0.0
2011-03-31,9.056528297017762e-05
2011-04-01,0.00027245793772155236
2011-04-04,-9.105673437518432e-05
2011-04-05,-0.00027205895140806896
2011-04-06,9.074013528847145e-05
2011-04-07,0.00027245793772155236
2011-04-08,-9.105673437518432e-05
2011-04-11,-9.089023754076187e-05
2011-04-12,0.0002725206931744754
2011-04-13,0.0
2011-04-14,9.043684140025589e-05
2011-04-15,-0.00018094469732434255
2011-04-18,9.05324153672658e-05
2011-04-19,0.00018174746870776065
2011-04-20,-9.129403484776305e-05
2011-04-21,0.00018190577490549548
2011-04-25,-0.0004538081800431323
2011-04-26,9.106502645910949e-05
2011-04-27,0.00027229633811235544
2011-04-28,-0.00027222221300060253
2011-04-29,0.00027229633811235544
2011-05-02,-0.00019106225283450505
2011-05-03,0.0001814870297502417
2011-05-04,9.129491218259402e-05
2011-05-05,-9.12865781824554e-05
2011-05-06,9.129491218259402e-05
2011-05-09,-0.00045398693475045046
2011-05-10,0.0002726731909553953
2011-05-11,-0.00027259886055423717
2011-05-12,9.089106365179843e-05
2011-05-13,0.0003632690509362283
2011-05-16,-0.00045398693475045046
2011-05-17,0.000362865092579103
2011-05-18,-0.0001814540981849261
2011-05-19,0.0
2011-05-20,-0.00018131227093488278
2011-05-23,0.0002726731909553953
2011-05-24,-0.0001817325737028248
2011-05-25,0.00018176560643429275
2011-05-26,-9.130314399973648e-05
2011-05-27,0.0001814870297502417
2011-05-31,-9.015918600233208e-05
2011-06-01,-9.610857263130157e-06
2011-06-02,0.0
2011-06-03,0.0
2011-06-06,-0.00018121008670911386
2011-06-07,0.0
2011-06-08,-9.097101729803844e-05
2011-06-09,0.0
2011-06-10,9.097929377694638e-05
2011-06-13,-0.00018176725838609027
2011-06-14,9.081274787225906e-05
2011-06-15,9.097929377694638e-05
2011-06-16,9.079624108805181e-05
2011-06-17,0.0
2011-06-20,9.04384771942996e-05
2011-06-21,9.095453243210585e-05
2011-06-22,0.0
2011-06-23,0.0
2011-06-24,-0.0001813683349757826
2011-06-27,-9.078799787910848e-05
2011-06-28,9.079624108805181e-05
2011-06-29,0.00018140123541581253
2011-06-30,9.06841674878913e-05
2011-07-01,-1.8344844286341007e-05
2011-07-05,0.0
2011-07-06,9.085232408980822e-05
2011-07-07,-0.00018142609118578415
2011-07-08,-9.086055517022332e-05
2011-07-11,0.0
2011-07-12,-9.051931613180905e-05
2011-07-13,9.05275106201615e-05
2011-07-14,9.08688115608894e-05
2011-07-15,-9.086055517022332e-05
2011-07-18,0.0
2011-07-19,0.0
2011-07-20,-0.00018130075383542837
2011-07-21,0.0
2011-07-22,-9.09726788334104e-05
2011-07-25,0.0002723310832807855
2011-07-26,-0.0003626888815281268
2011-07-27,0.00018145393901889008
2011-07-28,-0.0002720441394893435
2011-07-29,9.064778022642364e-05
2011-08-01,-0.00013617785982246184
2011-08-02,0.0005445233746427467
2011-08-03,9.077731329033163e-05
2011-08-04,0.0
2011-08-05,0.0
2011-08-08,-0.00018136342312104087
2011-08-09,0.0003629673991664507
2011-08-10,-0.00027225779537743474
2011-08-11,9.077731329033163e-05
2011-08-12,-9.076907351770783e-05
2011-08-15,0.0
2011-08-16,9.077731329033163e-05
2011-08-17,0.0
2011-08-18,0.0
2011-08-19,0.00018153814703541566
2011-08-22,0.0
2011-08-23,0.0
2011-08-24,0.0
2011-08-25,-0.00018150519691828982
2011-08-26,0.0
2011-08-29,0.0002723072205531235
2011-08-30,-0.00027223308951717447
2011-08-31,-9.076907351770783e-05
2011-09-01,4.569445125201486e-05
2011-09-02,-9.112262904248551e-05
2011-09-06,0.00027216956539631777
2011-09-07,-0.0002720955092798108
2011-09-08,0.0
2011-09-09,0.0
2011-09-12,0.0
2011-09-13,0.00018156287540723864
2011-09-14,-0.00018152991631366027
2011-09-15,0.00027216956539631777
2011-09-16,-0.00018098937246477302
2011-09-19,0.0
2011-09-20,0.0
2011-09-21,-9.112262904248551e-05
2011-09-22,0.00018156287540723864
2011-09-23,-9.04155261716258e-05
2011-09-26,0.000181022135547488
2011-09-27,-0.00018098937246477302
2011-09-28,0.0
2011-09-29,-9.112262904248551e-05
2011-09-30,0.00018156287540723864
2011-10-03,-0.00021752141078970844
2011-10-04,0.00018174416555355647
2011-10-05,0.0
2011-10-06,0.0
2011-10-07,-9.129237593344271e-05
2011-10-10,0.0001818151000716951
2011-10-11,-0.0002721926313191865
2011-10-12,0.0
2011-10-13,0.0
2011-10-14,9.043519776342834e-05
2011-10-17,9.13007109922736e-05
2011-10-18,0.0
2011-10-19,0.0
2011-10-20,-0.0001817111406139338
2011-10-21,0.00018174416555355647
2011-10-24,-0.0001817111406139338
2011-10-25,0.0
2011-10-26,0.0
2011-10-27,-9.095945977944822e-05
2011-10-28,0.0
2011-10-31,0.0001814111586038611
2011-11-01,-0.00014520744657335762
2011-11-02,0.0
2011-11-03,9.087706151118767e-05
2011-11-04,0.00018173760724266304
2011-11-07,0.0
2011-11-08,-9.085229234310857e-05
2011-11-09,-9.086054723210816e-05
2011-11-10,0.0
2011-11-11,0.00018173760724266304
2011-11-14,-0.00018170458468621715
2011-11-15,0.0
2011-11-16,0.0002719947939165433
2011-11-17,-0.00018107673836507707
2011-11-18,9.086054723210816e-05
2011-11-21,9.024078652926072e-05
2011-11-22,-0.0002719208328656464
2011-11-23,9.086880362133152e-05
2011-11-25,-0.00018172109446421632
2011-11-28,0.00018175412302237534
2011-11-29,0.0
2011-11-30,-0.00018172109446421632
2011-12-01,0.00023662988708874635
2011-12-02,0.0
2011-12-05,-0.00018206056921009825
2011-12-06,0.0
2011-12-07,9.069735254602672e-05
2011-12-08,9.138808009370161e-05
2011-12-09,0.0
2011-12-12,0.0
2011-12-13,9.050611789906996e-05
2011-12-14,-9.049792728299366e-05
2011-12-15,0.0
2011-12-16,0.0
2011-12-19,9.050611789906996e-05
2011-12-20,-0.00018186938668261852
2011-12-21,0.0
2011-12-22,0.0
2011-12-23,-0.00018164036186883907
2011-12-27,0.00011796971498953784
2011-12-28,0.0
2011-12-29,0.0
2011-12-30,0.0001823509289892979
2012-01-03,-0.00018231768319039698
2012-01-04,0.0
2012-01-05,0.0
2012-01-06,9.09570278283944e-05
2012-01-09,9.138558899934178e-05
2012-01-10,0.0
2012-01-11,0.0
2012-01-12,-0.00018231768319039698
2012-01-13,9.09570278283944e-05
2012-01-17,0.0
2012-01-18,0.0
2012-01-19,0.0
2012-01-20,-0.00018163541064018313
2012-01-23,9.070313014055403e-05
2012-01-24,9.09570278283944e-05
2012-01-25,9.138558899934178e-05
2012-01-26,0.0
2012-01-27,-9.137723843658612e-05
2012-01-30,-9.094875539991854e-05
2012-01-31,0.0
2012-02-01,-9.069490382888895e-05
2012-02-02,0.0
2012-02-03,0.0
2012-02-06,0.00021862317028201138
2012-02-07,-0.0002185753846384761
2012-02-08,0.00021862317028201138
2012-02-09,-0.0002185753846384761
2012-02-10,0.00021862317028201138
2012-02-13,0.0
2012-02-14,0.00021862317028201138
2012-02-15,-0.0002185753846384761
2012-02-16,-9.07987246580672e-05
2012-02-17,0.0
2012-02-21,0.0
2012-02-22,0.00018126434590620943
2012-02-23,0.0
2012-02-24,0.0
2012-02-27,-0.0001812314950977929
2012-02-28,0.00018126434590620943
2012-02-29,0.0
2012-03-01,-0.0001812314950977929
2012-03-02,0.0
2012-03-05,0.00018126434590620943
2012-03-06,0.0
2012-03-07,-9.044098236558133e-05
2012-03-08,0.0
2012-03-09,9.044916267670795e-05
2012-03-12,0.0
2012-03-13,0.0
2012-03-14,0.0
2012-03-15,-9.044098236558133e-05
2012-03-16,-9.07987246580672e-05
2012-03-19,0.0
2012-03-20,0.0
2012-03-21,0.0
2012-03-22,0.0
2012-03-23,0.0
2012-03-26,-9.07987246580672e-05
2012-03-27,-0.0002185753846384761
2012-03-28,0.00021862317028201138
2012-03-29,-9.044098236558133e-05
2012-03-30,0.0
2012-04-02,9.044916267670795e-05
2012-04-03,-0.0001812314950977929
2012-04-04,0.0
2012-04-05,0.0
2012-04-09,0.0
2012-04-10,9.080696981511649e-05
2012-04-11,0.0
2012-04-12,9.044916267670795e-05
2012-04-13,0.00018166840805608074
2012-04-16,-9.094875539991854e-05
2012-04-17,0.0
2012-04-18,-9.069490382888895e-05
2012-04-19,0.0
2012-04-20,-9.044098236558133e-05
2012-04-23,0.0
2012-04-24,0.0
2012-04-25,0.0
2012-04-26,0.0
2012-04-27,9.044916267670795e-05
2012-04-30,-9.044098236558133e-05
2012-05-01,9.044916267670795e-05
2012-05-02,-9.044098236558133e-05
2012-05-03,-9.07987246580672e-05
2012-05-04,0.00027198391729032004
2012-05-07,-9.069490382888895e-05
2012-05-08,9.070313014055403e-05
2012-05-09,-0.00018112768365827244
2012-05-10,0.00018116049683943535
2012-05-11,-9.069490382888895e-05
2012-05-14,-9.044098236558133e-05
2012-05-15,9.044916267670795e-05
2012-05-16,-9.044098236558133e-05
2012-05-17,0.0
2012-05-18,-9.07987246580672e-05
2012-05-21,9.080696981511649e-05
2012-05-22,0.0
2012-05-23,0.0
2012-05-24,9.044916267670795e-05
2012-05-25,9.070313014055403e-05
2012-05-29,0.0
2012-05-30,0.0
2012-05-31,9.09570278283944e-05
2012-06-01,-0.0002720599657207938
2012-06-04,0.0002721340024881822
2012-06-05,0.0
2012-06-06,0.0
2012-06-07,-0.00018163541064018313
2012-06-08,9.070313014055403e-05
2012-06-11,9.09570278283944e-05
2012-06-12,0.0
2012-06-13,0.0
2012-06-14,0.0
2012-06-15,-9.094875539991854e-05
2012-06-18,-9.069490382888895e-05
2012-06-19,9.070313014055403e-05
2012-06-20,0.0
2012-06-21,9.09570278283944e-05
2012-06-22,-9.094875539991854e-05
2012-06-25,0.0
2012-06-26,-9.069490382888895e-05
2012-06-27,-9.044098236558133e-05
2012-06-28,0.00018116049683943535
2012-06-29,0.0
2012-07-02,-9.069490382888895e-05
2012-07-03,9.070313014055403e-05
2012-07-05,-9.069490382888895e-05
2012-07-06,9.070313014055403e-05
2012-07-09,0.0
2012-07-10,-9.069490382888895e-05
2012-07-11,0.0
2012-07-12,0.0
2012-07-13,9.070313014055403e-05
2012-07-16,-9.069490382888895e-05
2012-07-17,0.0
2012-07-18,9.070313014055403e-05
2012-07-19,-9.069490382888895e-05
2012-07-20,0.0
2012-07-23,9.070313014055403e-05
2012-07-24,0.0
2012-07-25,-9.069490382888895e-05
2012-07-26,0.0
2012-07-27,9.070313014055403e-05
2012-07-30,-9.069490382888895e-05
2012-07-31,9.070313014055403e-05
2012-08-01,0.0
2012-08-02,9.09570278283944e-05
2012-08-03,0.0
2012-08-06,-0.00018163541064018313
2012-08-07,9.070313014055403e-05
2012-08-08,-9.069490382888895e-05
2012-08-09,0.0
2012-08-10,9.070313014055403e-05
2012-08-13,0.0
2012-08-14,0.0
2012-08-15,-9.069490382888895e-05
2012-08-16,9.070313014055403e-05
2012-08-17,0.0
2012-08-20,0.0
2012-08-21,0.0
2012-08-22,0.0
2012-08-23,0.00018166840805608074
2012-08-24,0.0
2012-08-27,0.0
2012-08-28,0.0
2012-08-29,-9.094875539991854e-05
2012-08-30,9.09570278283944e-05
2012-08-31,9.138558899934178e-05
2012-09-04,-8.211721236175043e-05
2012-09-05,0.0
2012-09-06,0.0
2012-09-07,0.0
2012-09-10,0.0
2012-09-11,0.0
2012-09-12,0.0
2012-09-13,9.094791314290826e-05
2012-09-14,0.0
2012-09-17,0.0
2012-09-18,0.0
2012-09-19,-9.093964237221254e-05
2012-09-20,0.0
2012-09-21,0.0
2012-09-24,0.0
2012-09-25,-9.103527905370836e-05
2012-09-26,0.0
2012-09-27,0.0
2012-09-28,9.104356723025722e-05
2012-10-01,-7.295053551808684e-05
2012-10-02,9.104192061057151e-05
2012-10-03,-9.103363273380726e-05
2012-10-04,9.104192061057151e-05
2012-10-05,-9.103363273380726e-05
2012-10-08,9.104192061057151e-05
2012-10-09,0.0
2012-10-10,0.0
2012-10-11,-9.103363273380726e-05
2012-10-12,0.0
2012-10-15,0.0
2012-10-16,0.0
2012-10-17,0.0
2012-10-18,9.104192061057151e-05
2012-10-19,-9.103363273380726e-05
2012-10-22,9.104192061057151e-05
2012-10-23,0.0
2012-10-24,-9.103363273380726e-05
2012-10-25,0.0
2012-10-26,0.0
2012-10-31,0.0
2012-11-01,9.104192061057151e-05
2012-11-02,0.0
2012-11-05,-0.00018189253680593736
2012-11-06,0.0
2012-11-07,0.0
2012-11-08,0.0
2012-11-09,0.0
2012-11-12,0.0
2012-11-13,0.0
2012-11-14,0.0
2012-11-15,0.00018192562771987333
2012-11-16,-9.103363273380726e-05
2012-11-19,0.0
2012-11-20,0.0
2012-11-21,0.0
2012-11-23,0.0
2012-11-26,9.104192061057151e-05
2012-11-27,9.094626840296868e-05
2012-11-28,0.0
2012-11-29,0.0
2012-11-30,-9.093799793140078e-05
2012-12-03,-7.338603790441277e-05
2012-12-04,0.0
2012-12-05,0.0
2012-12-06,0.0
2012-12-07,9.156453827751552e-05
2012-12-10,-9.155615498045827e-05
2012-12-11,9.156453827751552e-05
2012-12-12,0.0
2012-12-13,9.094461577734452e-05
2012-12-14,0.0
2012-12-17,0.0
2012-12-18,0.0
2012-12-19,8.997544281894635e-05
2012-12-20,-8.996734796697377e-05
2012-12-21,8.997544281894635e-05
2012-12-24,-8.996734796697377e-05
2012-12-26,0.0
2012-12-27,8.997544281894635e-05
2012-12-28,0.0
2012-12-31,0.00018220571636806533
2013-01-02,-0.00018217252349291972
2013-01-03,0.0
2013-01-04,0.0
2013-01-07,-8.996734796697377e-05
2013-01-08,0.0
2013-01-09,8.997544281894635e-05
2013-01-10,0.0
2013-01-11,0.0
2013-01-14,-8.996734796697377e-05
2013-01-15,0.0
2013-01-16,0.0
2013-01-17,-9.093634560633316e-05
2013-01-18,9.094461577734452e-05
2013-01-22,0.0
2013-01-23,0.0
2013-01-24,-9.093634560633316e-05
2013-01-25,0.0
2013-01-28,0.0
2013-01-29,9.094461577734452e-05
2013-01-30,0.0
2013-01-31,0.0
2013-02-01,2.6992632845683906e-05
2013-02-04,-9.084653862021754e-05
2013-02-05,9.085479246362991e-05
2013-02-06,0.0
2013-02-07,-9.084653862021754e-05
2013-02-08,0.0
2013-02-11,9.085479246362991e-05
2013-02-12,0.0
2013-02-13,0.0
2013-02-14,-9.084653862021754e-05
2013-02-15,0.0
2013-02-19,0.0
2013-02-20,0.0
2013-02-21,-9.102951321836766e-05
2013-02-22,9.103780034501753e-05
2013-02-25,0.0
2013-02-26,0.0
2013-02-27,0.0
2013-02-28,0.0
2013-03-01,8.998118868994117e-06
2013-03-04,-9.094133454006048e-05
2013-03-05,0.0
2013-03-06,9.094960561857134e-05
2013-03-07,0.0
2013-03-08,-9.094133454006048e-05
2013-03-11,0.0
2013-03-12,0.00018189921123714267
2013-03-13,0.0
2013-03-14,0.0
2013-03-15,0.0
2013-03-18,-9.093306496577868e-05
2013-03-19,0.0
2013-03-20,0.0
2013-03-21,9.094133454006048e-05
2013-03-22,9.05836583760927e-05
2013-03-25,-9.057545372013565e-05
2013-03-26,0.0
2013-03-27,9.05836583760927e-05
2013-03-28,-9.057545372013565e-05
2013-04-01,-9.093306496577868e-05
2013-04-02,0.0
2013-04-03,9.094133454006048e-05
2013-04-04,0.0
2013-04-05,0.0
2013-04-08,9.05836583760927e-05
2013-04-09,-9.057545372013565e-05
2013-04-10,9.05836583760927e-05
2013-04-11,0.0
2013-04-12,0.0
2013-04-15,0.0
2013-04-16,0.0
2013-04-17,0.0
2013-04-18,-9.057545372013565e-05
2013-04-19,9.05836583760927e-05
2013-04-22,0.0
2013-04-23,-9.057545372013565e-05
2013-04-24,0.0
2013-04-25,9.05836583760927e-05
2013-04-26,0.0
2013-04-29,0.0
2013-04-30,9.075014119114845e-05
2013-05-01,-0.00018130914108113174
2013-05-02,0.0
2013-05-03,9.05836583760927e-05
2013-05-06,0.0
2013-05-07,0.0
2013-05-08,0.0
2013-05-09,9.075014119114845e-05
2013-05-10,0.0
2013-05-13,0.0
2013-05-14,0.0
2013-05-15,0.0
2013-05-16,-9.07419063503352e-05
2013-05-17,0.0
2013-05-20,-0.0002176281059972967
2013-05-21,0.0
2013-05-22,0.0
2013-05-23,-9.057545372013565e-05
2013-05-24,9.05836583760927e-05
2013-05-28,-9.057545372013565e-05
2013-05-29,0.0
2013-05-30,0.0
2013-05-31,9.05836583760927e-05
2013-06-03,9.075014119114845e-05
2013-06-04,0.0
2013-06-05,0.0
2013-06-06,0.0
2013-06-07,-9.07419063503352e-05
2013-06-10,9.075014119114845e-05
2013-06-11,-9.07419063503352e-05
2013-06-12,-9.057545372013565e-05
2013-06-13,9.05836583760927e-05
2013-06-14,9.075014119114845e-05
2013-06-17,0.0
2013-06-18,-9.07419063503352e-05
2013-06-19,0.0
2013-06-20,-9.057545372013565e-05
2013-06-21,0.0
2013-06-24,9.05836583760927e-05
2013-06-25,0.0
2013-06-26,-9.057545372013565e-05
2013-06-27,0.0
2013-06-28,-9.093306496577868e-05
2013-07-01,0.00018153323071493343
2013-07-02,0.0
2013-07-03,0.0
2013-07-05,9.075014119114845e-05
2013-07-08,0.0
2013-07-09,0.0
2013-07-10,0.0
2013-07-11,-0.00018130914108113174
2013-07-12,9.05836583760927e-05
2013-07-15,-9.057545372013565e-05
2013-07-16,9.05836583760927e-05
2013-07-17,9.075014119114845e-05
2013-07-18,-9.07419063503352e-05
2013-07-19,0.0
2013-07-22,-9.057545372013565e-05
2013-07-23,0.0
2013-07-24,9.05836583760927e-05
2013-07-25,0.0
2013-07-26,0.0
2013-07-29,0.0
2013-07-30,-9.057545372013565e-05
2013-07-31,0.00018134202004702838
2013-08-01,-9.07419063503352e-05
2013-08-02,0.0
2013-08-05,9.075014119114845e-05
2013-08-06,0.0
2013-08-07,0.0
2013-08-08,0.0
2013-08-09,-9.07419063503352e-05
2013-08-12,9.075014119114845e-05
2013-08-13,0.0
2013-08-14,-9.07419063503352e-05
2013-08-15,9.075014119114845e-05
2013-08-16,0.0
2013-08-19,-0.00018130914108113174
2013-08-20,0.00018134202004702838
2013-08-21,-0.00018130914108113174
2013-08-22,0.0
2013-08-23,0.0
2013-08-26,9.05836583760927e-05
2013-08-27,9.075014119114845e-05
2013-08-28,0.0
2013-08-29,0.0
2013-08-30,0.0
2013-09-03,9.07419063503352e-05
2013-09-04,0.0
2013-09-05,-9.073367300387665e-05
2013-09-06,9.07419063503352e-05
2013-09-09,-9.073367300387665e-05
2013-09-10,9.07419063503352e-05
2013-09-11,-9.073367300387665e-05
2013-09-12,9.07419063503352e-05
2013-09-13,0.0
2013-09-16,-9.073367300387665e-05
2013-09-17,0.0
2013-09-18,9.07419063503352e-05
2013-09-19,0.0
2013-09-20,0.0
2013-09-23,0.0
2013-09-24,0.0
2013-09-25,9.047168934746508e-05
2013-09-26,0.0
2013-09-27,0.0
2013-09-30,-9.046350496134694e-05
2013-10-01,-9.073367300387665e-05
2013-10-02,-9.07419063503352e-05
2013-10-03,0.0
2013-10-04,9.075014119114845e-05
2013-10-07,-9.07419063503352e-05
2013-10-08,0.0
2013-10-09,-0.0001815002823822969
2013-10-10,0.0
2013-10-11,9.094133454006048e-05
2013-10-14,-9.093306496577868e-05
2013-10-15,-0.00018162059030623031
2013-10-16,9.06957279778234e-05
2013-10-17,0.00027249934670924497
2013-10-18,9.075014119114845e-05
2013-10-21,0.0
2013-10-22,-9.07419063503352e-05
2013-10-23,9.075014119114845e-05
2013-10-24,0.0
2013-10-25,0.0
2013-10-28,-0.00018130914108113174
2013-10-29,0.0
2013-10-30,9.05836583760927e-05
2013-10-31,0.0
2013-11-01,-9.057545372013565e-05
2013-11-04,0.0
2013-11-05,0.0
2013-11-06,0.0
2013-11-07,0.0
2013-11-08,0.0
2013-11-11,9.05836583760927e-05
2013-11-12,9.075014119114845e-05
2013-11-13,0.0
2013-11-14,0.0
2013-11-15,-9.07419063503352e-05
2013-11-18,0.0
2013-11-19,0.0
2013-11-20,9.075014119114845e-05
2013-11-21,0.0
2013-11-22,0.0
2013-11-25,0.0
2013-11-26,0.0
2013-11-27,0.0
2013-11-29,-9.07419063503352e-05
2013-12-02,-9.057545372013565e-05
2013-12-03,0.0
2013-12-04,9.05836583760927e-05
2013-12-05,9.075014119114845e-05
2013-12-06,0.0
2013-12-09,-9.07419063503352e-05
2013-12-10,9.075014119114845e-05
2013-12-11,0.0
2013-12-12,0.0
2013-12-13,0.0
2013-12-16,0.0
2013-12-17,-9.07419063503352e-05
2013-12-18,0.0001815002823822969
2013-12-19,-0.0001814673460077533
2013-12-20,0.0
2013-12-23,0.0
2013-12-24,0.0
2013-12-26,1.7818122043305374e-05
2013-12-27,0.0
2013-12-30,0.0
2013-12-31,9.083586640210138e-05
2014-01-02,-0.000181043892270762
2014-01-03,0.000181076675096821
2014-01-06,-9.082761599690907e-05
2014-01-07,0.0
2014-01-08,9.083586640210138e-05
2014-01-09,0.0
2014-01-10,0.0
2014-01-13,-9.082761599690907e-05
2014-01-14,9.083586640210138e-05
2014-01-15,0.0
2014-01-16,-9.082761599690907e-05
2014-01-17,9.083586640210138e-05
2014-01-21,-9.082761599690907e-05
2014-01-22,0.0
2014-01-23,0.0
2014-01-24,0.0
2014-01-27,0.0
2014-01-28,9.083586640210138e-05
2014-01-29,0.0
2014-01-30,0.0
2014-01-31,-9.082761599690907e-05
2014-02-03,0.00027233291484783856
2014-02-04,-0.00018144763428260075
2014-02-05,-9.082761599690907e-05
2014-02-06,0.00018158439062496997
2014-02-07,-9.073204869909541e-05
2014-02-10,0.0
2014-02-11,0.0
2014-02-12,-9.082761599690907e-05
2014-02-13,9.083586640210138e-05
2014-02-14,-9.082761599690907e-05
2014-02-18,0.0
2014-02-19,0.0
2014-02-20,0.0
2014-02-21,0.0
2014-02-24,0.0
2014-02-25,9.083586640210138e-05
2014-02-26,0.0
2014-02-27,0.0
2014-02-28,9.07402817507582e-05
2014-03-03,-0.00018155142372032663
2014-03-04,0.0
2014-03-05,9.083586640210138e-05
2014-03-06,0.0
2014-03-07,-9.082761599690907e-05
2014-03-10,9.083586640210138e-05
2014-03-11,-9.082761599690907e-05
2014-03-12,0.0
2014-03-13,0.0
2014-03-14,9.083586640210138e-05
2014-03-17,9.07402817507582e-05
2014-03-18,-9.073204869909541e-05
2014-03-19,9.07402817507582e-05
2014-03-20,0.0
2014-03-21,0.0
2014-03-24,0.0
2014-03-25,0.0
2014-03-26,-9.073204869909541e-05
2014-03-27,0.0001814805635015164
2014-03-28,0.0
2014-03-31,0.0
2014-04-01,-9.072381714130038e-05
2014-04-02,9.073204869909541e-05
2014-04-03,9.028722514350778e-05
2014-04-04,0.0
2014-04-07,-0.00018099470077550948
2014-04-08,0.00018102746578751183
2014-04-09,-9.02790740964191e-05
2014-04-10,0.0
2014-04-11,0.0
2014-04-14,-9.072381714130038e-05
2014-04-15,9.073204869909541e-05
2014-04-16,0.0
2014-04-17,-9.072381714130038e-05
2014-04-21,0.0
2014-04-22,0.0
2014-04-23,0.0
2014-04-24,0.0
2014-04-25,0.0
2014-04-28,0.0
2014-04-29,9.073204869909541e-05
2014-04-30,0.0
2014-05-01,0.0
2014-05-02,0.0
2014-05-05,0.0
2014-05-06,-9.072381714130038e-05
2014-05-07,9.073204869909541e-05
2014-05-08,-9.072381714130038e-05
2014-05-09,9.073204869909541e-05
2014-05-12,-9.072381714130038e-05
2014-05-13,9.073204869909541e-05
2014-05-14,0.0
2014-05-15,-9.072381714130038e-05
2014-05-16,9.073204869909541e-05
2014-05-19,0.0
2014-05-20,-9.072381714130038e-05
2014-05-21,9.073204869909541e-05
2014-05-22,-9.072381714130038e-05
2014-05-23,0.00018102746578751183
2014-05-27,-9.02790740964191e-05
2014-05-28,0.0
2014-05-29,-9.072381714130038e-05
2014-05-30,9.073204869909541e-05
2014-06-02,0.0
2014-06-03,-9.072381714130038e-05
2014-06-04,0.0
2014-06-05,0.0
2014-06-06,9.073204869909541e-05
2014-06-09,0.00021797027085937912
2014-06-10,0.0
2014-06-11,-0.00021792277017413782
2014-06-12,0.0
2014-06-13,9.073204869909541e-05
2014-06-16,0.0
2014-06-17,-0.00018144763428260075
2014-06-18,0.0
2014-06-19,9.07402817507582e-05
2014-06-20,-9.073204869909541e-05
2014-06-23,9.07402817507582e-05
2014-06-24,0.0
2014-06-25,0.0
2014-06-26,9.073204869909541e-05
2014-06-27,0.0
2014-06-30,0.0
2014-07-01,0.00021797027085937912
2014-07-02,0.0
2014-07-03,-0.00021792277017413782
2014-07-07,0.00021797027085937912
2014-07-08,0.0
2014-07-09,0.0
2014-07-10,-9.072381714130038e-05
2014-07-11,0.0
2014-07-14,9.073204869909541e-05
2014-07-15,0.0
2014-07-16,0.0
2014-07-17,0.0
2014-07-18,0.0
2014-07-21,0.0
2014-07-22,-9.072381714130038e-05
2014-07-23,9.073204869909541e-05
2014-07-24,0.0
2014-07-25,-9.072381714130038e-05
2014-07-28,0.0
2014-07-29,9.073204869909541e-05
2014-07-30,-9.072381714130038e-05
2014-07-31,0.0
2014-08-01,9.073204869909541e-05
2014-08-04,0.0
2014-08-05,-9.072381714130038e-05
2014-08-06,9.073204869909541e-05
2014-08-07,0.0
2014-08-08,9.028722514350778e-05
2014-08-11,-9.02790740964191e-05
2014-08-12,-9.072381714130038e-05
2014-08-13,0.0
2014-08-14,0.0
2014-08-15,9.073204869909541e-05
2014-08-18,0.0
2014-08-19,0.0
2014-08-20,0.0
2014-08-21,9.028722514350778e-05
2014-08-22,0.0
2014-08-25,-9.02790740964191e-05
2014-08-26,-9.072381714130038e-05
2014-08-27,0.0
2014-08-28,0.0
2014-08-29,9.073204869909541e-05
2014-09-02,0.0
2014-09-03,0.00021874885470095465
2014-09-04,-9.072381714130038e-05
2014-09-05,0.0
2014-09-08,0.0
2014-09-09,0.0
2014-09-10,0.0
2014-09-11,0.0
2014-09-12,0.0
2014-09-15,9.073204869909541e-05
2014-09-16,0.0
2014-09-17,0.0
2014-09-18,0.0
2014-09-19,9.028722514350778e-05
2014-09-22,0.0
2014-09-23,0.0
2014-09-24,0.0
2014-09-25,9.115217926176164e-05
2014-09-26,0.0
2014-09-29,0.0
2014-09-30,-0.00036282943402275
2014-10-01,0.0001814805635015164
2014-10-02,0.0
2014-10-03,-0.00018144763428260075
2014-10-06,9.07402817507582e-05
2014-10-07,9.073204869909541e-05
2014-10-08,0.0
2014-10-09,9.028722514350778e-05
2014-10-10,-9.02790740964191e-05
2014-10-13,9.028722514350778e-05
2014-10-14,0.0
2014-10-15,-0.00018099470077550948
2014-10-16,0.0
2014-10-17,0.0
2014-10-20,0.00018102746578751183
2014-10-21,0.0
2014-10-22,0.0
2014-10-23,0.0
2014-10-24,0.0
2014-10-27,0.0
2014-10-28,0.0
2014-10-29,-9.02790740964191e-05
2014-10-30,-9.072381714130038e-05
2014-10-31,9.073204869909541e-05
2014-11-03,-9.072381714130038e-05
2014-11-04,9.073204869909541e-05
2014-11-05,0.0
2014-11-06,-9.072381714130038e-05
2014-11-07,0.0
2014-11-10,9.073204869909541e-05
2014-11-11,0.0
2014-11-12,0.0
2014-11-13,0.0
2014-11-14,0.0
2014-11-17,0.0
2014-11-18,0.0
2014-11-19,0.0
2014-11-20,0.0
2014-11-21,0.0
2014-11-24,-0.00018144763428260075
2014-11-25,0.0
2014-11-26,0.0001814805635015164
2014-11-28,0.00021775211308321536
2014-12-01,-0.0002177047074231458
2014-12-02,-9.072381714130038e-05
2014-12-03,0.0
2014-12-04,0.0
2014-12-05,0.0
2014-12-08,-0.00018155142372032663
2014-12-09,0.0
2014-12-10,0.0
2014-12-11,9.083586640210138e-05
2014-12-12,0.0
2014-12-15,9.07402817507582e-05
2014-12-16,0.0
2014-12-17,0.0
2014-12-18,-0.00018155142372032663
2014-12-19,9.083586640210138e-05
2014-12-22,-0.00027195884251382193
2014-12-23,9.093968209374073e-05
2014-12-24,9.023261233720023e-05
2014-12-26,0.0
2014-12-29,-0.00018114767972880603
2014-12-30,9.093968209374073e-05
2014-12-31,0.000181076675096821
2015-01-02,-0.000181043892270762
2015-01-05,0.0
2015-01-06,9.023261233720023e-05
2015-01-07,0.0
2015-01-08,0.0
2015-01-09,9.083586640210138e-05
2015-01-12,0.0001814805635015164
2015-01-13,-9.072381714130038e-05
2015-01-14,0.0
2015-01-15,9.073204869909541e-05
2015-01-16,0.0
2015-01-20,0.0
2015-01-21,-9.072381714130038e-05
2015-01-22,9.073204869909541e-05
2015-01-23,0.0
2015-01-26,-9.072381714130038e-05
2015-01-27,0.0
2015-01-28,-9.073204869909541e-05
2015-01-29,0.0002717841740215202
2015-01-30,-0.00018099470077550948
2015-02-02,0.00018102746578751183
2015-02-03,9.115217926176164e-05
2015-02-04,-0.000181414717011375
2015-02-05,0.0
2015-02-06,0.0
2015-02-09,0.0
2015-02-10,-9.072381714130038e-05
2015-02-11,9.073204869909541e-05
2015-02-12,-9.072381714130038e-05
2015-02-13,9.073204869909541e-05
2015-02-17,9.028722514350778e-05
2015-02-18,9.115217926176164e-05
2015-02-19,0.0
2015-02-20,-9.114387129926636e-05
2015-02-23,-9.02790740964191e-05
2015-02-24,0.0
2015-02-25,0.0
2015-02-26,0.0
2015-02-27,9.028722514350778e-05
2015-03-02,-9.02790740964191e-05
2015-03-03,-9.072381714130038e-05
2015-03-04,0.00018102746578751183
2015-03-05,-0.00018099470077550948
2015-03-06,9.073204869909541e-05
2015-03-09,-9.072381714130038e-05
2015-03-10,9.073204869909541e-05
2015-03-11,-9.072381714130038e-05
2015-03-12,0.0
2015-03-13,9.073204869909541e-05
2015-03-16,0.0
2015-03-17,-9.072381714130038e-05
2015-03-18,-9.073204869909541e-05
2015-03-19,9.07402817507582e-05
2015-03-20,0.0
2015-03-23,9.073204869909541e-05
2015-03-24,-9.072381714130038e-05
2015-03-25,0.0
2015-03-26,0.0
2015-03-27,0.0
2015-03-30,0.0
2015-03-31,9.073204869909541e-05
2015-04-01,0.0
2015-04-02,-9.072381714130038e-05
2015-04-06,9.073204869909541e-05
2015-04-07,0.0
2015-04-08,9.028722514350778e-05
2015-04-09,0.0
2015-04-10,0.0
2015-04-13,-9.02790740964191e-05
2015-04-14,9.028722514350778e-05
2015-04-15,0.0
2015-04-16,0.0
2015-04-17,0.0
2015-04-20,-9.02790740964191e-05
2015-04-21,0.0
2015-04-22,0.0
2015-04-23,9.028722514350778e-05
2015-04-24,-9.02790740964191e-05
2015-04-27,0.0
2015-04-28,9.028722514350778e-05
2015-04-29,-9.02790740964191e-05
2015-04-30,9.028722514350778e-05
2015-05-01,-9.02790740964191e-05
2015-05-04,9.028722514350778e-05
2015-05-05,9.115217926176164e-05
2015-05-06,-9.114387129926636e-05
2015-05-07,9.115217926176164e-05
2015-05-08,0.0
2015-05-11,-9.114387129926636e-05
2015-05-12,9.115217926176164e-05
2015-05-13,-9.114387129926636e-05
2015-05-14,0.0
2015-05-15,0.0
2015-05-18,0.0
2015-05-19,0.0
2015-05-20,0.0
2015-05-21,0.0
2015-05-22,0.0
2015-05-26,0.0
2015-05-27,0.0
2015-05-28,9.115217926176164e-05
2015-05-29,-9.114387129926636e-05
2015-06-01,0.0
2015-06-02,0.0
2015-06-03,9.115217926176164e-05
2015-06-04,-9.114387129926636e-05
2015-06-05,-9.02790740964191e-05
2015-06-08,0.0
2015-06-09,0.0
2015-06-10,9.028722514350778e-05
2015-06-11,9.115217926176164e-05
2015-06-12,-9.114387129926636e-05
2015-06-15,-9.02790740964191e-05
2015-06-16,0.0
2015-06-17,0.00018144763428260075
2015-06-18,-0.000181414717011375
2015-06-19,9.028722514350778e-05
2015-06-22,0.0
2015-06-23,0.0
2015-06-24,0.0
2015-06-25,9.115217926176164e-05
2015-06-26,-0.000181414717011375
2015-06-29,9.028722514350778e-05
2015-06-30,9.115217926176164e-05
2015-07-01,-9.114387129926636e-05
2015-07-02,9.115217926176164e-05
2015-07-06,0.0
2015-07-07,0.0
2015-07-08,0.000181414717011375
2015-07-09,-0.00018138181168133783
2015-07-10,0.0
2015-07-13,9.018354315339287e-05
2015-07-14,0.0
2015-07-15,0.0
2015-07-16,0.0
2015-07-17,0.0
2015-07-20,-0.00018131106317856888
2015-07-21,0.0
2015-07-22,0.0
2015-07-23,0.0
2015-07-24,9.115217926176164e-05
2015-07-27,-9.114387129926636e-05
2015-07-28,0.0
2015-07-29,0.0
2015-07-30,0.0
2015-07-31,-9.02790740964191e-05
2015-08-03,9.028722514350778e-05
2015-08-04,-9.02790740964191e-05
2015-08-05,9.028722514350778e-05
2015-08-06,0.0
2015-08-07,0.0
2015-08-10,-0.00018099470077550948
2015-08-11,9.073204869909541e-05
2015-08-12,-9.072381714130038e-05
2015-08-13,0.0
2015-08-14,0.0
2015-08-17,0.0
2015-08-18,0.0
2015-08-19,0.0
2015-08-20,0.00018102746578751183
2015-08-21,-9.02790740964191e-05
2015-08-24,0.00018144763428260075
2015-08-25,-9.114387129926636e-05
2015-08-26,0.0
2015-08-27,0.0
2015-08-28,-9.02790740964191e-05
2015-08-31,9.028722514350778e-05
2015-09-01,9.167604236096717e-06
2015-09-02,0.0
2015-09-03,9.097672419009106e-05
2015-09-04,0.0
2015-09-08,-9.096844817867111e-05
2015-09-09,0.0
2015-09-10,-0.00018090573178682214
2015-09-11,0.0
2015-09-14,9.05565578098831e-05
2015-09-15,-0.0002724309326463417
2015-09-16,0.0001819321385262571
2015-09-17,-9.090585986508034e-05
2015-09-18,0.0004533479541177985
2015-09-21,-9.043645804389956e-05
2015-09-22,9.044463753656743e-05
2015-09-23,0.0
2015-09-24,0.0
2015-09-25,0.0001816585609935859
2015-09-28,-9.076914456539821e-05
2015-09-29,0.0
2015-09-30,0.0
2015-10-01,8.178693186232074e-05
2015-10-02,9.059540293789196e-05
2015-10-05,-9.058719615435535e-05
2015-10-06,9.059540293789196e-05
2015-10-07,0.0
2015-10-08,-9.058719615435535e-05
2015-10-09,9.059540293789196e-05
2015-10-12,-9.058719615435535e-05
2015-10-13,0.0
2015-10-14,9.059540293789196e-05
2015-10-15,-9.058719615435535e-05
2015-10-16,0.0
2015-10-19,-9.111907578724395e-05
2015-10-20,9.112737922981828e-05
2015-10-21,-9.111907578724395e-05
2015-10-22,9.112737922981828e-05
2015-10-23,-0.00018162719991691057
2015-10-26,-9.069915517970742e-05
2015-10-27,9.070738226264719e-05
2015-10-28,-9.069915517970742e-05
2015-10-29,-9.070738226264719e-05
2015-10-30,0.0
2015-11-02,-0.0002087594085796188
2015-11-03,9.099653872570788e-05
2015-11-04,-9.098825910906427e-05
2015-11-05,9.099653872570788e-05
2015-11-06,-0.00027182960710798185
2015-11-09,0.000180890519397735
2015-11-10,-0.00018085780393564397
2015-11-11,0.0
2015-11-12,9.092565460793924e-05
2015-11-13,-9.091738788493055e-05
2015-11-16,0.000180890519397735
2015-11-17,-8.994859394191853e-05
2015-11-18,0.0
2015-11-19,8.995668541928767e-05
2015-11-20,-8.994859394191853e-05
2015-11-23,0.0
2015-11-24,8.995668541928767e-05
2015-11-25,9.099653872570788e-05
2015-11-27,0.0
2015-11-30,0.0
2015-12-01,-0.00012661513983507023
2015-12-02,0.0
2015-12-03,0.0
2015-12-04,0.0
2015-12-07,-0.00027273734764632384
2015-12-08,-0.0002720255525813862
2015-12-09,0.0
2015-12-10,9.069985687248019e-05
2015-12-11,9.086637418178761e-05
2015-12-14,-9.085811823401872e-05
2015-12-15,-9.069163115451495e-05
2015-12-16,0.0
2015-12-17,0.0001815744726214006
2015-12-18,9.050866393311864e-05
2015-12-21,0.0
2015-12-22,9.067518419379541e-05
2015-12-23,0.0
2015-12-24,0.0001910295259847323
2015-12-28,-9.091163938837165e-05
2015-12-29,0.00018201448814364262
2015-12-30,0.0
2015-12-31,-9.107800556108505e-05
2016-01-04,0.0
2016-01-05,9.10863015197614e-05
2016-01-06,-0.0001819813648986589
2016-01-07,9.091990506599422e-05
2016-01-08,9.10863015197614e-05
2016-01-11,-9.107800556108505e-05
2016-01-12,9.10863015197614e-05
2016-01-13,0.0
2016-01-14,0.00018102081066934738
2016-01-15,9.062498499405655e-05
2016-01-19,0.0003623797920056975
2016-01-20,9.084575037368059e-05
2016-01-21,0.0
2016-01-22,-0.00018123869712326107
2016-01-25,0.0
2016-01-26,0.0
2016-01-27,0.0
2016-01-28,0.0
2016-01-29,9.041758611576872e-05
2016-02-01,-0.0001899819390619622
2016-02-02,0.0002722399006983359
2016-02-03,9.09255434982739e-05
2016-02-04,0.0
2016-02-05,-0.00018122378493683953
2016-02-08,0.0
2016-02-09,0.00018125663294990763
2016-02-10,-9.091727679546789e-05
2016-02-11,9.09255434982739e-05
2016-02-12,8.969573948727542e-05
2016-02-16,0.0
2016-02-17,0.0
2016-02-18,9.090912263448704e-05
2016-02-19,-9.090085891715616e-05
2016-02-22,-0.00018059681751764702
2016-02-23,0.00018062943861941167
2016-02-24,-8.968769488315996e-05
2016-02-25,0.0
2016-02-26,0.0
2016-02-29,0.00018061301628274332
2016-03-01,-0.00045328297786328546
2016-03-02,0.000181796886359578
2016-03-03,9.118733325043576e-05
2016-03-04,-9.11790188788558e-05
2016-03-07,0.0
2016-03-08,9.118733325043576e-05
2016-03-09,8.943396588595905e-05
2016-03-10,0.0
2016-03-11,-8.942596816697268e-05
2016-03-14,0.0
2016-03-15,8.943396588595905e-05
2016-03-16,9.117086510681604e-05
2016-03-17,9.098807995086818e-05
2016-03-18,-9.097980187338141e-05
2016-03-21,9.098807995086818e-05
2016-03-22,-9.097980187338141e-05
2016-03-23,0.0
2016-03-24,0.0002723535815979007
2016-03-28,-0.000181316119552471
2016-03-29,0.0003620873994021153
2016-03-30,9.059808162268053e-05
2016-03-31,-0.00018048223283201995
2016-04-01,-9.104225328530419e-05
2016-04-04,0.0001812289538283919
2016-04-05,0.00018154490528927855
2016-04-06,0.0
2016-04-07,0.0
2016-04-08,9.00585240916142e-05
2016-04-11,-0.00018123408644421337
2016-04-12,0.00018126693819215918
2016-04-13,0.0
2016-04-14,-9.005041428420992e-05
2016-04-15,0.0
2016-04-18,0.0001810760450515805
2016-04-19,0.0
2016-04-20,0.0
2016-04-21,0.0
2016-04-22,9.065237985160205e-05
2016-04-25,-0.00018163695688022316
2016-04-26,0.0
2016-04-27,0.0003623809992056734
2016-04-28,-9.045350406679129e-05
2016-04-29,-9.020023668193505e-05
2016-05-02,-7.251533019402384e-05
2016-05-03,9.03892438020174e-05
2016-05-04,0.0
2016-05-05,0.00018128508639933915
2016-05-06,9.027755205969194e-05
2016-05-09,0.0
2016-05-10,-9.026940275898496e-05
2016-05-11,0.0
2016-05-12,-0.00018125222807351276
2016-05-13,0.0
2016-05-16,9.081685578274586e-05
2016-05-17,0.0
2016-05-18,-9.080860883041387e-05
2016-05-19,9.081685578274586e-05
2016-05-20,-0.00018118147577584495
2016-05-23,9.03892438020174e-05
2016-05-24,-9.038107432505514e-05
2016-05-25,9.03892438020174e-05
2016-05-26,0.0
2016-05-27,-0.00018137224269087728
2016-05-31,9.100767463187221e-05
2016-06-01,9.500894478707712e-06
2016-06-02,9.03883850315091e-05
2016-06-03,0.0
2016-06-06,0.00018102189781021898
2016-06-07,9.045099756209291e-05
2016-06-08,0.0
2016-06-09,0.0
2016-06-10,9.09656077683235e-05
2016-06-13,0.0
2016-06-14,-9.095733377917528e-05
2016-06-15,0.0
2016-06-16,0.000271851241606484
2016-06-17,0.0
2016-06-20,-0.00018083647321838836
2016-06-21,0.0
2016-06-22,0.00018086918096318764
2016-06-23,-0.00027177735859410966
2016-06-24,0.0005431796923637248
2016-06-27,0.0
2016-06-28,-0.0001807003492698269
2016-06-29,0.0
2016-06-30,0.00027166566327184753
2016-07-01,0.00019897000585938367
2016-07-05,-0.00018064797864053125
2016-07-06,-0.00027158691482228036
2016-07-07,0.00027166069431212706
2016-07-08,-9.064507160307594e-05
2016-07-11,-0.0001809582461923877
2016-07-12,9.032130169979986e-05
2016-07-13,-9.031314449902811e-05
2016-07-14,0.0
2016-07-15,9.032130169979986e-05
2016-07-18,0.0
2016-07-19,-9.031314449902811e-05
2016-07-20,0.0
2016-07-21,9.032130169979986e-05
2016-07-22,-9.031314449902811e-05
2016-07-25,9.032130169979986e-05
2016-07-26,-9.031314449902811e-05
2016-07-27,0.00018099099800596347
2016-07-28,-9.065328887693725e-05
2016-07-29,0.00018132301528155884
2016-08-01,0.0
2016-08-02,0.00021935835955479136
2016-08-03,-0.00018129014320615187
2016-08-04,0.0002718103413514626
2016-08-05,-0.00018109960896415202
2016-08-08,-0.0001811324119731311
2016-08-09,0.0001811652268676393
2016-08-10,9.065328887693725e-05
2016-08-11,9.047092160960221e-05
2016-08-12,-9.046273736238171e-05
2016-08-15,9.047092160960221e-05
2016-08-16,0.0
2016-08-17,-0.00018109960896415202
2016-08-18,0.00027161153506932495
2016-08-19,0.0
2016-08-22,0.0
2016-08-23,-0.00018090910919153216
2016-08-24,0.0
2016-08-25,0.0
2016-08-26,0.0
2016-08-29,9.047092160960221e-05
2016-08-30,-9.046273736238171e-05
2016-08-31,0.0
2016-09-01,-6.312937263422676e-05
2016-09-02,-9.04766333427032e-05
2016-09-06,0.0004526853656435844
2016-09-07,-0.00018123595084066236
2016-09-08,-9.054733688528479e-05
2016-09-09,9.055553644795038e-05
2016-09-12,-0.00018083347952955434
2016-09-13,9.030247235455555e-05
2016-09-14,-0.00018076278237110093
2016-09-15,9.048482010459488e-05
2016-09-16,0.00027151698052218343
2016-09-19,-9.062618778198803e-05
2016-09-20,0.00036227641228814424
2016-09-21,0.0
2016-09-22,0.0
2016-09-23,0.00027154363680133433
2016-09-26,0.00018097994724782575
2016-09-27,-0.00045236799858304423
2016-09-28,0.0003623192820525496
2016-09-29,-9.074276739688059e-05
2016-09-30,-9.057698321393587e-05
2016-10-03,-0.0004250803497580262
2016-10-04,0.0
2016-10-05,0.0002715229136088782
2016-10-06,-0.000271449208928773
2016-10-07,0.0003622336785913889
2016-10-10,-0.000271946732205394
2016-10-11,0.00027202070734784944
2016-10-12,-0.00018135583677313317
2016-10-13,0.00027182198279992656
2016-10-14,0.0
2016-10-17,0.0
2016-10-18,-9.040867505608122e-05
2016-10-19,0.0001811817908645217
2016-10-20,-0.0002718104621447812
2016-10-21,0.0001811111906959848
2016-10-24,9.075673540278413e-05
2016-10-25,0.0
2016-10-26,0.0
2016-10-27,-0.00018114896996972933
2016-10-28,0.0001811817908645217
2016-10-31,0.00027111440462328364
2016-11-01,-3.583724636341108e-05
2016-11-02,-0.00018110636153927185
2016-11-03,0.00018113916699473851
2016-11-04,9.046619404459305e-05
2016-11-07,-0.0003622669368925777
2016-11-08,0.00018141663683660895
2016-11-09,0.0
2016-11-10,-0.0006343645875625393
2016-11-11,9.079295854034868e-05
2016-11-14,0.0
2016-11-15,0.0
2016-11-16,9.104584166832192e-05
2016-11-17,0.0001806825623224289
2016-11-18,-0.00018064992203163289
2016-11-21,9.060238312988848e-05
2016-11-22,-0.00018162348068738438
2016-11-23,0.0
2016-11-25,0.00036244252840047077
2016-11-28,0.0
2016-11-29,-9.066481322961464e-05
2016-11-30,-0.000271671029182446
2016-12-01,0.0001539771452306515
2016-12-02,0.00036316998574559983
2016-12-05,-0.0003630381411890391
2016-12-06,0.00036316998574559983
2016-12-07,-0.00045360193341951826
2016-12-08,0.0
2016-12-09,9.060489078411614e-05
2016-12-12,-0.00021858293300699413
2016-12-13,0.0
2016-12-14,0.0
2016-12-15,0.0002720757815476917
2016-12-16,0.00027174073827860294
2016-12-19,0.00018137224413139006
2016-12-20,0.0
2016-12-21,9.080013706993872e-05
2016-12-22,-9.09658239833917e-05
2016-12-23,0.0
2016-12-27,0.0
2016-12-28,-9.088712619081705e-05
2016-12-29,0.00018135586866286274
2016-12-30,-9.044407868704418e-05
2017-01-03,0.0002720525652869624
2017-01-04,-9.068850749671374e-05
2017-01-05,-9.0870647763369e-05
2017-01-06,0.0002727236834255486
2017-01-09,0.00018101272183839373
2017-01-10,-9.031612905244734e-05
2017-01-11,0.0
2017-01-12,9.032428679238984e-05
2017-01-13,0.0
2017-01-17,-9.031612905244734e-05
2017-01-18,9.032428679238984e-05
2017-01-19,9.04899810814222e-05
2017-01-20,0.0
2017-01-23,9.065562968418204e-05
2017-01-24,-0.00018112100343121748
2017-01-25,-9.031612905244734e-05
2017-01-26,0.00021864437148409619
2017-01-27,-0.0004367755856644908
2017-01-30,0.000436966441938084
2017-01-31,-9.048179338565053e-05
2017-02-01,9.057690709590964e-05
2017-02-02,-9.091637622969614e-05
2017-02-03,0.00018202313762687725
2017-02-06,0.00018059944763337374
2017-02-07,-9.04572077450139e-05
2017-02-08,0.00018136529394777845
2017-02-09,-0.00027143384668853316
2017-02-10,0.00018059944763337374
2017-02-13,0.0
2017-02-14,0.000218316743453395
2017-02-15,-0.00021826909165610813
2017-02-16,0.0
2017-02-17,0.000218316743453395
2017-02-21,-0.00021826909165610813
2017-02-22,0.0
2017-02-23,0.0
2017-02-24,0.0
2017-02-27,0.0
2017-02-28,0.00043746874943554524
2017-03-01,-0.0004169689597497665
2017-03-02,0.0
2017-03-03,0.000181424559200042
2017-03-06,-0.0001813916502998438
2017-03-07,0.0
2017-03-08,-0.00036224060286850745
2017-03-09,9.035382086654967e-05
2017-03-10,0.00036303476542649934
2017-03-13,-0.0002721555335408878
2017-03-14,0.0
2017-03-15,0.0003626540257987779
2017-03-16,-9.039162257395186e-05
2017-03-17,0.0
2017-03-20,9.039979395800808e-05
2017-03-21,0.0
2017-03-22,0.0
2017-03-23,0.0
2017-03-24,-9.039162257395186e-05
2017-03-27,-9.100825410964852e-05
2017-03-28,9.101653736580929e-05
2017-03-29,0.0002716339962680531
2017-03-30,9.080974133909695e-05
2017-03-31,0.0001810816430569744
2017-04-03,-0.00020850156441330048
2017-04-04,-9.063020140672323e-05
2017-04-05,-0.00027182834630861796
2017-04-06,0.0002719022570495093
2017-04-07,-9.046461269414045e-05
2017-04-10,0.00018111941357636013
2017-04-11,0.0
2017-04-12,9.089088271470039e-05
2017-04-13,0.00018150458700929358
2017-04-17,-0.00018147164907257477
2017-04-18,0.0
2017-04-19,0.00018150458700929358
2017-04-20,-0.00018147164907257477
2017-04-21,9.070885056855073e-05
2017-04-24,0.00018140124643854533
2017-04-25,-9.059731076258701e-05
2017-04-26,-9.077925958872217e-05
2017-04-27,9.078750121086201e-05
2017-04-28,-9.077925958872217e-05
2017-05-01,9.97359343445642e-05
2017-05-02,-0.00021852873313834382
2017-05-03,0.0
2017-05-04,9.062934301807356e-05
2017-05-05,9.088178530055761e-05
2017-05-08,0.0002185764983836294
2017-05-09,0.0
2017-05-10,0.0002188416621118116
2017-05-11,0.0
2017-05-12,-0.00021879378091713597
2017-05-15,0.0002188416621118116
2017-05-16,0.0
2017-05-17,0.00021858520724609963
2017-05-18,-9.108458206330109e-05
2017-05-19,9.10928792201338e-05
2017-05-22,0.0
2017-05-23,-9.108458206330109e-05
2017-05-24,9.10928792201338e-05
2017-05-25,0.0
2017-05-26,0.0
2017-05-30,-9.108458206330109e-05
2017-05-31,9.10928792201338e-05
2017-06-01,5.400820785831581e-05
2017-06-02,0.00018111742330510644
2017-06-05,0.00021844745483690108
2017-06-06,-0.00021839974596825728
2017-06-07,9.055871165255322e-05
2017-06-08,0.0
2017-06-09,-9.055051151489096e-05
2017-06-12,-9.055871165255322e-05
2017-06-13,0.000362875484734873
2017-06-14,0.0
2017-06-15,0.0
2017-06-16,9.036045749994401e-05
2017-06-19,0.0
2017-06-20,0.0
2017-06-21,0.0
2017-06-22,0.0001814857301962485
2017-06-23,9.068301055098997e-05
2017-06-26,-0.00018108926538063498
2017-06-27,0.0
2017-06-28,9.043085354922875e-05
2017-06-29,9.068301055098997e-05
2017-06-30,9.058801775629273e-05
2017-07-03,-8.155653598851337e-05
2017-07-05,0.0
2017-07-06,0.00027219544761140034
2017-07-07,-9.073604104947074e-05
2017-07-10,9.074427482571634e-05
2017-07-11,0.00018112509915037755
2017-07-12,9.106652956383816e-05
2017-07-13,-9.105823720618759e-05
2017-07-14,0.00027198536829732995
2017-07-17,0.0
2017-07-18,-9.069494175407832e-05
2017-07-19,0.0
2017-07-20,9.070316807262358e-05
2017-07-21,-9.069494175407832e-05
2017-07-24,9.070316807262358e-05
2017-07-25,-0.0004529544700987621
2017-07-26,0.0004531597308245078
2017-07-27,0.0
2017-07-28,0.0001811297641723419
2017-07-31,0.00018161710658028685
2017-08-01,-0.00011787800181532123
2017-08-02,9.0152628399881e-05
2017-08-03,0.00018193587397521304
2017-08-04,-9.073473557064219e-05
2017-08-07,0.0
2017-08-08,0.00018096592120494184
2017-08-09,-0.0003622129722156654
2017-08-10,9.0152628399881e-05
2017-08-11,0.00018193587397521304
2017-08-14,0.0001812094862256092
2017-08-15,0.0
2017-08-16,0.0001810033634220016
2017-08-17,-9.044198843815263e-05
2017-08-18,0.00018107361404826278
2017-08-21,0.0
2017-08-22,-0.0001810408323304624
2017-08-23,0.00018107361404826278
2017-08-24,0.0
2017-08-25,9.043379375741759e-05
2017-08-28,0.0
2017-08-29,9.09453036754635e-05
2017-08-30,9.067721328397791e-05
2017-08-31,-0.00018159777988270705
2017-09-01,-0.00014455972555652247
2017-09-05,0.0003625344039518589
2017-09-06,-0.00036240302038887187
2017-09-07,0.0004532329752631125
2017-09-08,-9.065748235079788e-05
2017-09-11,0.00018124480804633425
2017-09-12,-0.000272034396507016
2017-09-13,0.0
2017-09-14,9.08471457368353e-05
2017-09-15,9.066570187506543e-05
2017-09-18,-0.0002724053863186343
2017-09-19,0.0
2017-09-20,0.00027247961123239603
2017-09-21,0.0
2017-09-22,9.057089449754974e-05
2017-09-25,-9.056269215351329e-05
2017-09-26,0.0002711931563731604
2017-09-27,-9.045977457251048e-05
2017-09-28,9.046795828362285e-05
2017-09-29,0.00018213145043115985
2017-10-02,3.5744577729310554e-05
2017-10-03,0.0
2017-10-04,-0.0002190174505038233
2017-10-05,0.00021906542965572002
2017-10-06,-0.0002190174505038233
2017-10-09,0.0
2017-10-10,-0.00018096668404212239
2017-10-11,0.00027188868370040756
2017-10-12,0.000437507037489924
2017-10-13,0.0
2017-10-16,0.0
2017-10-17,0.0
2017-10-18,0.00018119346789760544
2017-10-19,9.023426476204022e-05
2017-10-20,0.0002189696289020788
2017-10-23,-0.00021892169170048854
2017-10-24,0.0
2017-10-25,-9.076155520487236e-05
2017-10-26,9.076979361250626e-05
2017-10-27,-9.076155520487236e-05
2017-10-30,0.00018119346789760544
2017-10-31,0.0
2017-11-01,0.0
2017-11-02,9.049380723019565e-05
2017-11-03,0.0
2017-11-06,0.0
2017-11-07,-9.048561884204706e-05
2017-11-08,0.0
2017-11-09,-0.0002189537500711496
2017-11-10,0.0
2017-11-13,9.091815048087137e-05
2017-11-14,0.0
2017-11-15,9.116938051270927e-05
2017-11-16,-0.0001820626670943914
2017-11-17,9.091815048087137e-05
2017-11-20,0.0
2017-11-21,9.116938051270927e-05
2017-11-22,9.020967305437066e-05
2017-11-24,9.046098433312611e-05
2017-11-27,9.079870169963063e-05
2017-11-28,0.0
2017-11-29,0.0
2017-11-30,0.0
2017-12-01,6.540823302773153e-05
2017-12-04,-9.008976294979821e-05
2017-12-05,9.009787984643586e-05
2017-12-06,0.0
2017-12-07,9.121372352402794e-05
2017-12-08,0.00018128695061603414
2017-12-11,0.0
2017-12-12,-0.0002724429646012574
2017-12-13,9.121372352402794e-05
2017-12-14,9.042734875744956e-05
2017-12-15,9.085138640858073e-05
2017-12-18,-0.0001812540916144787
2017-12-19,9.042734875744956e-05
2017-12-20,9.085138640858073e-05
2017-12-21,0.00010864873302784916
2017-12-22,0.0
2017-12-26,9.10061153862475e-05
2017-12-27,-9.099783402686416e-05
2017-12-28,0.0003630737803776123
2017-12-29,0.0
2018-01-02,-9.080029705779392e-05
2018-01-03,0.0
2018-01-04,0.00018135787888525127
2018-01-05,0.0
2018-01-08,0.00010898875134460076
2018-01-09,0.0
2018-01-10,0.0
2018-01-11,-0.00010897687409116812
2018-01-12,0.0003282106546200394
2018-01-16,-0.00021914997591838248
2018-01-17,9.103471315989695e-05
2018-01-18,0.0
2018-01-19,0.00010947132193463194
2018-01-22,0.00010894106588933952
2018-01-23,0.0
2018-01-24,0.00010934377257158623
2018-01-25,0.0
2018-01-26,0.00021866363563632777
2018-01-29,-0.0002186158323036286
2018-01-30,0.0
2018-01-31,0.0004529404224077318
2018-02-01,-0.00045308049871125303
2018-02-02,0.00018145246743847556
2018-02-05,0.0002717840903686847
2018-02-06,-0.00027171024384721687
2018-02-07,0.0
2018-02-08,9.079608226988134e-05
2018-02-09,-9.078783908977425e-05
2018-02-12,0.0
2018-02-13,-0.00018141954841377432
2018-02-14,0.0
2018-02-15,0.00018145246743847556
2018-02-16,0.00018133324035078012
2018-02-20,-9.052074366113176e-05
2018-02-21,0.00018097157658864696
2018-02-22,0.0
2018-02-23,9.068512743201808e-05
2018-02-26,-9.067690438538875e-05
2018-02-27,9.068512743201808e-05
2018-02-28,0.0
2018-03-01,0.00021810772053878474
2018-03-02,-9.082964731443127e-05
2018-03-05,0.0
2018-03-06,9.083789808867745e-05
2018-03-07,9.065713136511611e-05
2018-03-08,0.0002722917408058628
2018-03-09,0.0
2018-03-12,0.0
2018-03-13,9.0796690516678e-05
2018-03-14,-9.078844722613273e-05
2018-03-15,-9.096914386998604e-05
2018-03-16,0.0002720699148106411
2018-03-19,-9.026298599440887e-05
2018-03-20,0.0
2018-03-21,0.0003628951323597271
2018-03-22,-0.00027252510019089684
2018-03-23,0.00036260374316378574
2018-03-26,-8.997172871110759e-05
2018-03-27,0.0003624187369711326
2018-03-28,-0.00018153142216730426
2018-03-29,0.0004536955245457034
2018-04-02,-6.391062022242274e-05
2018-04-03,0.0
2018-04-04,9.078989100217051e-05
2018-04-05,9.035099596254215e-05
2018-04-06,0.0
2018-04-09,0.0001815468949495428
2018-04-10,-9.015422054787761e-05
2018-04-11,9.016234906418027e-05
2018-04-12,0.0
2018-04-13,9.092918519442098e-05
2018-04-16,0.0
2018-04-17,0.0
2018-04-18,0.0
2018-04-19,9.023212299740436e-05
2018-04-20,9.099880616798001e-05
2018-04-23,0.0
2018-04-24,9.064619112968913e-05
2018-04-25,0.0
2018-04-26,9.072405109227368e-05
2018-04-27,0.00018117343754693404
2018-04-30,0.0
2018-05-01,0.00011815015240767293
2018-05-02,0.0
2018-05-03,0.0
2018-05-04,0.0001810331780296965
2018-05-07,9.067225909761488e-05
2018-05-08,-9.066403838443566e-05
2018-05-09,9.067225909761488e-05
2018-05-10,9.083607640793553e-05
2018-05-11,9.099984836225646e-05
2018-05-14,-9.099156814335317e-05
2018-05-15,0.00018122559593504193
2018-05-16,-9.020939932063465e-05
2018-05-17,0.00027194266395962454
2018-05-18,0.0
2018-05-21,-9.088085039025889e-05
2018-05-22,0.0
2018-05-23,0.000362524588212998
2018-05-24,0.0
2018-05-25,0.00027179490882234925
2018-05-29,0.0002716351231346676
2018-05-30,-0.0001808404484671302
2018-05-31,9.03936160797526e-05
2018-06-01,-1.8300475245299397e-05
2018-06-04,9.081669642195104e-05
2018-06-05,0.0
2018-06-06,0.0
2018-06-07,9.063662650991599e-05
2018-06-08,9.054250854806325e-05
2018-06-11,9.062020727547125e-05
2018-06-12,0.0
2018-06-13,0.0
2018-06-14,0.00018156754458668477
2018-06-15,9.042380167424005e-05
2018-06-18,0.0
2018-06-19,0.0001816040350269963
2018-06-20,-9.074260589413145e-05
2018-06-21,0.0003623165075092672
2018-06-22,0.0
2018-06-25,9.09754499315324e-05
2018-06-26,9.053808370782203e-05
2018-06-27,9.052988730530711e-05
2018-06-28,-9.052169238669665e-05
2018-06-29,0.000271675472235642
2018-07-02,9.093423430286384e-06
2018-07-03,9.119076610709451e-05
2018-07-05,0.00018056355558376713
2018-07-06,0.0
2018-07-09,0.0
2018-07-10,0.0
2018-07-11,0.00018121706167640791
2018-07-12,9.097797724144312e-05
2018-07-13,0.0
2018-07-16,9.036952389836635e-05
2018-07-17,0.0
2018-07-18,9.096148085633762e-05
2018-07-19,0.0
2018-07-20,9.035313933011291e-05
2018-07-23,9.051640897062185e-05
2018-07-24,0.0
2018-07-25,9.085105064526102e-05
2018-07-26,0.00018074288668757936
2018-07-27,-9.031226966729611e-05
2018-07-30,9.032042671002962e-05
2018-07-31,9.091206652466905e-05
2018-08-01,4.558041735040863e-05
2018-08-02,0.00018102825591483909
2018-08-03,0.00018133812287546584
2018-08-06,-9.043851632530837e-05
2018-08-07,9.044669619031835e-05
2018-08-08,0.0
2018-08-09,0.00018104831771941467
2018-08-10,0.00018144368031832705
2018-08-13,-9.066257649173326e-05
2018-08-14,0.00018134159387959278
2018-08-15,0.0
2018-08-16,9.082556500820554e-05
2018-08-17,0.00018094986524627585
2018-08-20,9.097204701996798e-05
2018-08-21,9.019361762920685e-05
2018-08-22,9.104113322252669e-05
2018-08-23,-9.103284548911289e-05
2018-08-24,9.104113322252669e-05
2018-08-27,0.0
2018-08-28,9.043394518984242e-05
2018-08-29,9.008356983478519e-05
2018-08-30,9.067424771810985e-05
2018-08-31,9.07515606317506e-05
2018-09-04,0.00011794066532561544
2018-09-05,9.081814060717656e-05
2018-09-06,9.004031805352842e-05
2018-09-07,9.080171760597424e-05
2018-09-10,9.053699466421632e-05
2018-09-11,0.0
2018-09-12,9.069976880534898e-05
2018-09-13,-9.06915431033569e-05
2018-09-14,9.069976880534898e-05
2018-09-17,0.00018146856362716938
2018-09-18,-9.041870268988803e-05
2018-09-19,-9.102516644998688e-05
2018-09-20,0.00018146856362716938
2018-09-21,0.00018109379111519162
2018-09-24,0.0
2018-09-25,0.0
2018-09-26,0.00018123189496787128
2018-09-27,0.00018145534878511628
2018-09-28,9.036955253319608e-05
2018-10-01,0.0001086386425089172
2018-10-02,-9.060776632385163e-05
2018-10-03,0.00018157357846506614
2018-10-04,0.00018128444340381652
2018-10-05,0.0
2018-10-08,9.041235461347609e-05
2018-10-09,0.0
2018-10-10,0.0
2018-10-11,9.040418095860872e-05
2018-10-12,0.0001819870545062325
2018-10-15,0.0
2018-10-16,9.020887237117306e-05
2018-10-17,-0.0001810841633450836
2018-10-18,0.00045330451394336006
2018-10-19,0.0
2018-10-22,0.0
2018-10-23,9.009088173635159e-05
2018-10-24,9.076521129825559e-05
2018-10-25,0.0001812580537218164
2018-10-26,9.099637361968224e-05
2018-10-29,0.0
2018-10-30,9.005007244511273e-05
2018-10-31,9.021249818274681e-05
2018-11-01,0.00014553765934007752
2018-11-02,-9.095845662168186e-05
2018-11-05,9.096673081512074e-05
2018-11-06,-9.095845662168186e-05
2018-11-07,0.00018184820696218605
2018-11-08,9.060923501597723e-05
2018-11-09,9.043056283692523e-05
2018-11-12,0.00036262700467537426
2018-11-13,-9.030441533215625e-05
2018-11-14,9.031257095607358e-05
2018-11-15,9.04748010214622e-05
2018-11-16,9.097772689764163e-05
2018-11-19,0.00018125748230120344
2018-11-20,9.027166918192492e-05
2018-11-21,0.0
2018-11-23,0.00027206787680528107
2018-11-26,0.0
2018-11-27,9.049436312910608e-05
2018-11-28,9.023080443911723e-05
2018-11-29,9.073335789773022e-05
2018-11-30,9.029958611129385e-05
2018-12-03,9.114243596924747e-05
2018-12-04,0.0
2018-12-06,0.0002720409084175175
2018-12-07,9.017358074014816e-05
2018-12-10,9.11011293988193e-05
2018-12-11,-9.109283073905884e-05
2018-12-12,0.00018143670308840484
2018-12-13,0.0001814037897828589
2018-12-14,9.081299054320453e-05
2018-12-17,0.00018075925689750458
2018-12-18,0.00010005418397354693
2018-12-19,9.052425272229378e-05
2018-12-20,0.00018145707567006531
2018-12-21,0.0001815091311584472
2018-12-24,-9.08230565501393e-05
2018-12-26,0.0
2018-12-27,0.000454071562154019
2018-12-28,0.00018090072253277317
2018-12-31,-0.00018086800338027863
2019-01-02,8.994078176629427e-05
2019-01-03,0.000363042741467795
2019-01-04,0.000271992236166682
2019-01-07,0.0
2019-01-08,-9.114863575783047e-05
2019-01-09,-9.039305957844751e-05
2019-01-10,0.0002719676477336496
2019-01-11,0.00027155425861995956
2019-01-14,9.0776304533971e-05
2019-01-15,9.051357504275218e-05
2019-01-16,-0.00018126523302294594
2019-01-17,0.0002719047252629692
2019-01-18,0.0002718308131803934
2019-01-22,-9.089654946692819e-05
2019-01-23,0.0
2019-01-24,0.00036260165841923146
2019-01-25,0.0
2019-01-28,0.0
2019-01-29,-9.104139916898022e-05
2019-01-30,0.00027187742168645893
2019-01-31,0.00036138766081496645
2019-02-01,7.294614659650733e-05
2019-02-04,0.0
2019-02-05,-9.107013679751144e-05
2019-02-06,0.00027221860450220596
2019-02-07,9.071484056676193e-05
2019-02-08,0.00018082037058775004
2019-02-11,0.0
2019-02-12,-9.009746699947406e-05
2019-02-13,9.01055852844707e-05
2019-02-14,0.0002718166062672103
2019-02-15,0.0001809925179318464
2019-02-19,9.073380200614806e-05
2019-02-20,0.0
2019-02-21,0.0002714996538971837
2019-02-22,0.0
2019-02-25,0.0
2019-02-26,0.0
2019-02-27,0.0002714259618424848
2019-02-28,0.0
2019-03-01,0.0001360990855477912
2019-03-04,0.00018149713655705852
2019-03-05,-9.115489703048126e-05
2019-03-06,0.00018156531116505733
2019-03-07,0.000181194144664289
2019-03-08,0.00018090771035424435
2019-03-11,-0.00018087498867418294
2019-03-12,0.00018090771035424435
2019-03-13,0.00018129759378790767
2019-03-14,0.0
2019-03-15,0.00027168583213736636
2019-03-18,-0.0001810465317465896
2019-03-19,0.00027191471645877474
2019-03-20,9.030385769801528e-05
2019-03-21,9.012676874839511e-05
2019-03-22,0.0
2019-03-25,0.0
2019-03-26,0.00018128598383236374
2019-03-27,-9.083761653237867e-05
2019-03-28,0.00027169331380316015
2019-03-29,9.023034904964822e-05
2019-04-01,-1.687973961988852e-07
2019-04-02,0.0002718482524655818
2019-04-03,-0.0001814079161183296
2019-04-04,0.0004532645129668167
2019-04-05,-9.03419023457178e-05
2019-04-08,0.00018095321089873175
2019-04-09,-0.00018092047275826883
2019-04-10,0.00027147199658373835
2019-04-11,0.0002719886825720026
2019-04-12,0.0
2019-04-15,-9.072255625810264e-05
2019-04-16,0.0001811242860009815
2019-04-17,0.0002714686148558417
2019-04-18,-9.043688516824969e-05
2019-04-22,0.0
2019-04-23,0.0
2019-04-24,0.00021909215423196297
2019-04-25,0.00018082468019267855
2019-04-26,-0.00010914384449978809
2019-04-29,0.00010915575817888502
2019-04-30,0.00010924509110878604
2019-05-01,0.0001628327953168176
2019-05-02,0.0001813357122871832
2019-05-03,0.0
2019-05-06,9.052510370597986e-05
2019-05-07,9.068531320618977e-05
2019-05-08,0.0
2019-05-09,0.000271610299671365
2019-05-10,0.0
2019-05-13,0.00018113659340482672
2019-05-14,9.080436254790478e-05
2019-05-15,0.0
2019-05-16,0.00027146272125137415
2019-05-17,0.0
2019-05-20,-9.051910011900401e-05
2019-05-21,0.00018088632278970794
2019-05-22,9.042680442272033e-05
2019-05-23,0.00027167643622420893
2019-05-24,9.022589520190797e-05
2019-05-28,0.0
2019-05-29,0.0
2019-05-30,0.00027132590504047355
2019-05-31,0.0002716725928333073
2019-06-03,0.0003712634680697031
2019-06-04,-9.080734788530184e-05
2019-06-05,0.000362506281902023
2019-06-06,0.00018097750865269844
2019-06-07,9.051436340358188e-05
2019-06-10,0.00018143213002663972
2019-06-11,-9.116129160608484e-05
2019-06-12,9.116960274482627e-05
2019-06-13,0.00045219694095946505
2019-06-14,9.028104421942052e-05
2019-06-17,0.0
2019-06-18,0.0
2019-06-19,0.0
2019-06-20,0.0005427280233743035
2019-06-21,-9.030777846805976e-05
2019-06-24,0.0
2019-06-25,0.0
2019-06-26,0.00018021257536600597
2019-06-27,0.0002718212653606893
2019-06-28,-0.0001808017084713689
2019-07-01,8.123715212222628e-05
2019-07-02,0.00018107120214260882
2019-07-03,0.00027139000377917705
2019-07-05,-0.00027131637122816406
2019-07-08,0.00018103842129803038
2019-07-09,0.0
2019-07-10,0.00018142464688604496
2019-07-11,0.00018072146825259182
2019-07-12,-0.0001806888139048461
2019-07-15,0.00027171058022399405
2019-07-16,-0.00018142622624151952
2019-07-17,0.00027151851230977473
2019-07-18,0.00027136105660625144
2019-07-19,-9.059660796921926e-05
2019-07-22,0.0002713957579863289
2019-07-23,-9.049651780952216e-05
2019-07-24,0.0
2019-07-25,9.050470817045695e-05
2019-07-26,9.041280225188153e-05
2019-07-29,0.0
2019-07-30,9.048833650544759e-05
2019-07-31,0.0
2019-08-01,0.0004529029480290728
2019-08-02,0.00018121302796177257
2019-08-05,0.000180594664184682
2019-08-06,9.082463752940928e-05
2019-08-07,9.031464115735203e-05
2019-08-08,0.00018136552436209756
2019-08-09,9.020650769309355e-05
2019-08-12,9.053274886349217e-05
2019-08-13,-9.052455342683079e-05
2019-08-14,0.00018081471448913532
2019-08-15,0.0004521640143472227
2019-08-16,-9.022484783955348e-05
2019-08-19,0.0
2019-08-20,0.0001802988800665719
2019-08-21,0.0
2019-08-22,0.0
2019-08-23,0.00027156904340117717
2019-08-26,-0.00018080201603016562
2019-08-27,9.070969814468597e-05
2019-08-28,0.0
2019-08-29,0.00018073479048670192
2019-08-30,-9.060157693505971e-05
2019-09-03,0.00025379091303264357
2019-09-04,0.00018083963189867504
2019-09-05,-0.000180806934839134
2019-09-06,0.00027092548730895684
2019-09-09,-9.006145546657176e-05
2019-09-10,-0.000180806934839134
2019-09-11,0.00018083963189867504
2019-09-12,9.00695672628927e-05
2019-09-13,0.0
2019-09-16,0.0
2019-09-17,0.0
2019-09-18,9.039532555171196e-05
2019-09-19,0.0
2019-09-20,9.08879148367719e-05
2019-09-23,9.021203583779525e-05
2019-09-24,9.070456754657329e-05
2019-09-25,9.052946638177836e-05
2019-09-26,0.00018079225384867663
2019-09-27,9.025466496500754e-05
2019-09-30,0.00018107688953442305
2019-10-01,0.00012642232411431615
2019-10-02,0.0003623759689867539
2019-10-03,0.0003619112950581438
2019-10-04,0.0003621136471934901
2019-10-07,-9.053728757782604e-05
2019-10-08,0.0
2019-10-09,0.0
2019-10-10,0.00036193204573821473
2019-10-11,-0.0002712883724621152
2019-10-14,0.00018074141126392135
2019-10-15,0.0
2019-10-16,0.00018104185339557153
2019-10-17,0.00036168512296003635
2019-10-18,0.0
2019-10-21,-9.013889629873712e-05
2019-10-22,0.0
2019-10-23,0.0
2019-10-24,9.014702205180948e-05
2019-10-25,0.00018094363855351291
2019-10-28,0.0
2019-10-29,0.0
2019-10-30,9.020580487668892e-05
2019-10-31,0.0004519868407925446
2019-11-01,-3.6345547516563634e-05
2019-11-04,9.040971654100243e-05
2019-11-05,-0.00018088625281943453
2019-11-06,9.050107985755397e-05
2019-11-07,9.040971654100243e-05
2019-11-08,9.056787554959274e-05
2019-11-11,-9.055967375233052e-05
2019-11-12,0.00018121891719243577
2019-11-13,0.0
2019-11-14,0.00027098918953527725
2019-11-15,0.0
2019-11-18,0.0002185623184946573
2019-11-19,-0.00010900703400669118
2019-11-20,0.00010901891783557505
2019-11-21,9.045198641457721e-05
2019-11-22,9.036067709491504e-05
2019-11-25,9.051875475452045e-05
2019-11-26,0.0
2019-11-27,9.075990224194412e-05
2019-11-29,0.0
2019-12-02,8.145119431969345e-05
2019-12-03,0.0003623451878107411
2019-12-04,-9.063656192508402e-05
2019-12-05,9.064477765608724e-05
2019-12-06,0.00018027620474558417
2019-12-09,-8.98726706926633e-05
2019-12-10,0.0
2019-12-11,8.988074851557625e-05
2019-12-12,9.11185949628943e-05
2019-12-13,0.00027150369025756056
2019-12-16,-9.04213109994079e-05
2019-12-17,0.00018110809255063637
2019-12-18,0.0
2019-12-19,-5.811678534806101e-07
2019-12-20,0.00018132447566590666
2019-12-23,0.0
2019-12-24,0.00010956153294578274
2019-12-26,0.00010954953053128423
2019-12-27,-0.00010953753074621543
2019-12-30,0.00010954953053128423
2019-12-31,0.00018091034083508214
2020-01-02,0.0001808776182035235
2020-01-03,0.0
2020-01-06,-9.04224537037037e-05
2020-01-07,0.0001811931168518061
2020-01-08,9.008245281744899e-05
2020-01-09,0.0
2020-01-10,-9.007433870008297e-05
2020-01-13,9.008245281744899e-05
2020-01-14,0.0
2020-01-15,0.00018106103258036936
2020-01-16,0.00018127703451337274
2020-01-17,0.0
2020-01-21,0.00010945374790205327
2020-01-22,0.0
2020-01-23,0.00010874277968912546
2020-01-24,0.0
2020-01-27,9.050643822355422e-05
2020-01-28,0.0
2020-01-29,9.016675213723379e-05
2020-01-30,9.073868749596026e-05
2020-01-31,0.00018063232083945972
2020-02-03,8.947141036352316e-06
2020-02-04,-0.00018076376917477364
2020-02-05,9.064679971639318e-05
2020-02-06,-9.06385836188573e-05
2020-02-07,0.0002714432503390348
2020-02-10,0.0
2020-02-11,9.045652963192724e-05
2020-02-12,-9.044834798825728e-05
2020-02-13,0.00018116156621339276
2020-02-14,9.01088627698338e-05
2020-02-18,0.0
2020-02-19,9.084606254780391e-05
2020-02-20,0.0
2020-02-21,0.000362026350583105
2020-02-24,0.0
2020-02-25,0.0002715042768959545
2020-02-26,0.0
2020-02-27,0.0004518326157111469
2020-02-28,0.000632693556542613
2020-03-02,0.0003616530395801353
2020-03-03,0.0009040123190271043
2020-03-04,0.00036177368174896356
2020-03-05,0.000902786655395382
2020-03-06,0.00027061644645480086
2020-03-09,0.000631349976111082
2020-03-10,-0.0005406626862096086
2020-03-11,0.00018051071178588231
2020-03-12,0.000180148493122959
2020-03-13,-0.0004508668805647701
2020-03-16,0.00027087296272372574
2020-03-17,9.023906677476675e-05
2020-03-18,0.0010814526503129776
2020-03-19,-0.00026982415252127127
2020-03-20,0.0002698969772444243
2020-03-23,-0.00026982415252127127
2020-03-24,0.0003604664326955734
2020-03-25,0.0002698820297005215
2020-03-26,-0.00017987280869498245
2020-03-27,0.0
2020-03-30,-0.00027018694829973155
2020-03-31,0.0
2020-04-01,0.0003066458679819154
2020-04-02,0.0
2020-04-03,-0.00036070250330664535
2020-04-06,9.022874551171678e-05
2020-04-07,0.0004506091166768919
2020-04-08,-0.0005405861286586759
2020-04-09,0.00018045749102343355
2020-04-13,-9.021246599644401e-05
2020-04-14,0.00018052352810968652
2020-04-15,-9.028662423003287e-05
2020-04-16,9.029477664060136e-05
2020-04-17,0.0
2020-04-20,9.003971459221145e-05
2020-04-21,0.0
2020-04-22,0.0
2020-04-23,-0.0001803101037519644
2020-04-24,0.0001803426213487307
2020-04-27,-0.0002705063035293049
2020-04-28,0.00027057949698884614
2020-04-29,-0.0002705063035293049
2020-04-30,0.00018052352810968652
2020-05-01,8.806443748964008e-06
2020-05-04,-9.012122415732747e-05
2020-05-05,9.012934672438677e-05
2020-05-06,-0.00018024244831465493
2020-05-07,0.0
2020-05-08,9.013747075574136e-05
2020-05-11,-0.00018042331326014228
2020-05-12,9.031026061219654e-05
2020-05-13,0.0
2020-05-14,9.013747075574136e-05
2020-05-15,9.012934672438677e-05
2020-05-18,0.0
2020-05-19,0.0
2020-05-20,0.0
2020-05-21,-9.012122415732747e-05
2020-05-22,9.012934672438677e-05
2020-05-26,-9.012122415732747e-05
2020-05-27,-9.012934672438677e-05
2020-05-28,9.013747075574136e-05
2020-05-29,-0.00018042331326014228
2020-06-01,9.92836593421231e-05
2020-06-02,0.0
2020-06-03,-9.04659283417653e-05
2020-06-04,-9.030946509876703e-05
2020-06-05,0.0
2020-06-08,0.0
2020-06-09,0.0
2020-06-10,0.0
2020-06-11,-0.00021846347818142044
2020-06-12,0.0
2020-06-15,-0.00018076722351093413
2020-06-16,0.0
2020-06-17,0.0
2020-06-18,9.031762163486587e-05
2020-06-19,0.0
2020-06-22,0.0
2020-06-23,9.04741131664038e-05
2020-06-24,-9.04659283417653e-05
2020-06-25,0.0
2020-06-26,9.04741131664038e-05
2020-06-29,-9.04659283417653e-05
2020-06-30,0.00018061893019753405
2020-07-01,-0.0001805863128908914
2020-07-02,0.0
2020-07-06,9.04741131664038e-05
2020-07-07,0.0
2020-07-08,-9.04659283417653e-05
2020-07-09,9.04741131664038e-05
2020-07-10,0.0
2020-07-13,9.013666199657234e-05
2020-07-14,0.0
2020-07-15,0.0
2020-07-16,-9.012853811099638e-05
2020-07-17,0.0
2020-07-20,9.013666199657234e-05
2020-07-21,0.0
2020-07-22,-9.012853811099638e-05
2020-07-23,0.0
2020-07-24,0.0
2020-07-27,9.013666199657234e-05
2020-07-28,0.0
2020-07-29,-9.012853811099638e-05
2020-07-30,0.0
2020-07-31,9.013666199657234e-05
2020-08-03,5.44886687027211e-05
2020-08-04,0.0
2020-08-05,-9.045284612472929e-05
2020-08-06,0.0
2020-08-07,0.0
2020-08-10,0.0
2020-08-11,0.0
2020-08-12,-9.054334071014624e-05
2020-08-13,0.0
2020-08-14,9.055153954904346e-05
2020-08-17,9.046102858222792e-05
2020-08-18,-9.045284612472929e-05
2020-08-19,0.0
2020-08-20,0.0
2020-08-21,0.0
2020-08-24,0.0
2020-08-25,-9.054334071014624e-05
2020-08-26,0.0
2020-08-27,0.0
2020-08-28,0.00010909434769841784
2020-08-31,0.0
2020-09-01,0.0
2020-09-02,0.0
2020-09-03,-0.0001090824474199712
2020-09-04,0.0
2020-09-08,0.0
2020-09-09,0.0
2020-09-10,0.0
2020-09-11,0.0
2020-09-14,0.0
2020-09-15,0.0
2020-09-16,0.0
2020-09-17,0.0
2020-09-18,0.0
2020-09-21,0.0
2020-09-22,0.0
2020-09-23,0.0
2020-09-24,0.0
2020-09-25,0.0
2020-09-28,0.0
2020-09-29,9.04659655760126e-05
2020-09-30,-9.045778222539972e-05
2020-10-01,0.00011738350037433483
2020-10-02,-8.987919889978642e-05
2020-10-05,0.0
2020-10-06,8.988727789631502e-05
2020-10-07,-8.987919889978642e-05
2020-10-08,0.0
2020-10-09,0.0
2020-10-12,8.988727789631502e-05
2020-10-13,0.0
2020-10-14,-0.00018066377434526666
2020-10-15,9.0800979893222e-05
2020-10-16,0.0
2020-10-19,-9.079273582384201e-05
2020-10-20,0.0
2020-10-21,0.0
2020-10-22,0.0
2020-10-23,0.0
2020-10-26,0.0
2020-10-27,0.0
2020-10-28,0.0
2020-10-29,9.0800979893222e-05
2020-10-30,8.988727789631502e-05
2020-11-02,-0.0002077427637573818
2020-11-03,0.0001810306099793062
2020-11-04,-0.00018099784382923285
2020-11-05,9.047414295918941e-05
2020-11-06,0.0
2020-11-09,-9.04659581291607e-05
2020-11-10,0.0
2020-11-11,9.047414295918941e-05
2020-11-12,0.0
2020-11-13,0.0
2020-11-16,0.0
2020-11-17,0.0
2020-11-18,0.0
2020-11-19,0.0
2020-11-20,0.0
2020-11-23,0.0
2020-11-24,0.0
2020-11-25,0.0
2020-11-27,9.054827474256302e-05
2020-11-30,-0.00018099784382923285
2020-12-01,1.8358265586805494e-05
2020-12-02,0.0
2020-12-03,0.0
2020-12-04,9.03078369420795e-05
2020-12-07,0.0
2020-12-08,-9.029968217310588e-05
2020-12-09,9.03078369420795e-05
2020-12-10,9.054662752089013e-05
2020-12-11,-9.053842957143141e-05
2020-12-14,0.0
2020-12-15,-9.029968217310588e-05
2020-12-16,9.03078369420795e-05
2020-12-17,0.0
2020-12-18,0.0
2020-12-21,0.0
2020-12-22,-9.029968217310588e-05
2020-12-23,9.03078369420795e-05
2020-12-24,0.0
2020-12-28,-9.029968217310588e-05
2020-12-29,9.03078369420795e-05
2020-12-30,0.0
2020-12-31,9.054662752089013e-05
2021-01-04,-9.053842957143141e-05
2021-01-05,0.0
2021-01-06,9.054662752089013e-05
2021-01-07,0.0
2021-01-08,-9.053842957143141e-05
2021-01-11,-9.029968217310588e-05
2021-01-12,0.0
2021-01-13,0.0
2021-01-14,0.0
2021-01-15,0.0
2021-01-19,0.0
2021-01-20,0.0
2021-01-21,0.0
2021-01-22,0.0
2021-01-25,0.0
2021-01-26,0.0
2021-01-27,9.03078369420795e-05
2021-01-28,-9.029968217310588e-05
2021-01-29,9.03078369420795e-05
2021-02-01,-9.029968217310588e-05
2021-02-02,0.0
2021-02-03,0.00018086264153304344
2021-02-04,-9.053842957143141e-05
2021-02-05,9.054662752089013e-05
2021-02-08,-9.053842957143141e-05
2021-02-09,9.054662752089013e-05
2021-02-10,0.0
2021-02-11,-9.053842957143141e-05
2021-02-12,0.0
2021-02-16,0.0
2021-02-17,0.0
2021-02-18,0.0
2021-02-19,0.0
2021-02-22,0.0
2021-02-23,0.0
2021-02-24,0.0
2021-02-25,-9.029968217310588e-05
2021-02-26,9.03078369420795e-05
2021-03-01,0.0
2021-03-02,-9.029968217310588e-05
2021-03-03,9.03078369420795e-05
2021-03-04,-9.029968217310588e-05
2021-03-05,0.0
2021-03-08,0.0
2021-03-09,9.03078369420795e-05
2021-03-10,-9.029968217310588e-05
2021-03-11,0.0
2021-03-12,0.0
2021-03-15,0.0
2021-03-16,0.0
2021-03-17,9.03078369420795e-05
2021-03-18,0.0
2021-03-19,0.0
2021-03-22,9.054662752089013e-05
2021-03-23,-9.053842957143141e-05
2021-03-24,0.0
2021-03-25,0.0
2021-03-26,0.0
2021-03-29,0.0
2021-03-30,-9.029968217310588e-05
2021-03-31,0.0
2021-04-01,0.0
2021-04-05,0.0
2021-04-06,0.00018086264153304344
2021-04-07,-9.053842957143141e-05
2021-04-08,0.0
2021-04-09,9.054662752089013e-05
2021-04-12,-9.053842957143141e-05
2021-04-13,0.0
2021-04-14,0.0
2021-04-15,-9.029968217310588e-05
2021-04-16,0.0
2021-04-19,-0.00010902697556381881
2021-04-20,0.0
2021-04-21,0.0
2021-04-22,0.0
2021-04-23,9.03078369420795e-05
2021-04-26,-9.029968217310588e-05
2021-04-27,0.0
2021-04-28,0.0
2021-04-29,0.0
2021-04-30,0.0
2021-05-03,0.0
2021-05-04,9.03078369420795e-05
2021-05-05,0.0
2021-05-06,0.0
2021-05-07,0.0
2021-05-10,-9.029968217310588e-05
2021-05-11,0.0
2021-05-12,0.0
2021-05-13,9.03078369420795e-05
2021-05-14,-9.029968217310588e-05
2021-05-17,0.0
2021-05-18,0.0
2021-05-19,0.0
2021-05-20,0.0
2021-05-21,9.03078369420795e-05
2021-05-24,0.0
2021-05-25,0.0
2021-05-26,0.0
2021-05-27,0.0
2021-05-28,-9.029968217310588e-05
2021-06-01,-9.039015949170765e-05
2021-06-02,9.039833061122938e-05
2021-06-03,-9.039015949170765e-05
2021-06-04,9.039833061122938e-05
2021-06-07,-9.039015949170765e-05
2021-06-08,9.039833061122938e-05
2021-06-09,-0.00018069799643378716
2021-06-10,9.032415833652047e-05
2021-06-11,-9.031600061978018e-05
2021-06-14,0.0
2021-06-15,9.032415833652047e-05
2021-06-16,0.0
2021-06-17,0.0
2021-06-18,-0.0001812083111797048
2021-06-21,9.090878398714234e-05
2021-06-22,-9.090052033137521e-05
2021-06-23,9.090878398714234e-05
2021-06-24,9.032415833652047e-05
2021-06-25,-0.0001812083111797048
2021-06-28,9.090878398714234e-05
2021-06-29,0.0
2021-06-30,0.0
2021-07-01,0.0
2021-07-02,0.0
2021-07-06,-0.00010896316666484065
2021-07-07,0.0
2021-07-08,0.00010897504093038786
2021-07-09,0.0
2021-07-12,-9.090052033137521e-05
2021-07-13,9.090878398714234e-05
2021-07-14,0.0
2021-07-15,-9.090052033137521e-05
2021-07-16,0.0
2021-07-19,0.0
2021-07-20,9.090878398714234e-05
2021-07-21,-9.090052033137521e-05
2021-07-22,0.0
2021-07-23,9.090878398714234e-05
2021-07-26,-9.090052033137521e-05
2021-07-27,0.0
2021-07-28,9.090878398714234e-05
2021-07-29,0.0
2021-07-30,0.0
2021-08-02,0.0
2021-08-03,0.0
2021-08-04,-9.090052033137521e-05
2021-08-05,0.0
2021-08-06,9.090878398714234e-05
2021-08-09,-9.090052033137521e-05
2021-08-10,0.0
2021-08-11,-9.033236959591952e-05
2021-08-12,0.0
2021-08-13,0.0
2021-08-16,0.0
2021-08-17,9.034053027008936e-05
2021-08-18,-9.033236959591952e-05
2021-08-19,0.0
2021-08-20,9.034053027008936e-05
2021-08-23,-9.033236959591952e-05
2021-08-24,0.0
2021-08-25,9.034053027008936e-05
2021-08-26,-9.033236959591952e-05
2021-08-27,0.0
2021-08-30,0.0
2021-08-31,0.0
2021-09-01,0.0
2021-09-02,9.034053027008936e-05
2021-09-03,-9.033236959591952e-05
2021-09-07,0.0
2021-09-08,9.034053027008936e-05
2021-09-09,0.0
2021-09-10,-9.033236959591952e-05
2021-09-13,0.0
2021-09-14,0.0
2021-09-15,0.0
2021-09-16,9.034053027008936e-05
2021-09-17,-9.033236959591952e-05
2021-09-20,0.0
2021-09-21,0.0
2021-09-22,0.0
2021-09-23,0.0
2021-09-24,-9.058758732643418e-05
2021-09-27,0.0
2021-09-28,0.0
2021-09-29,0.0
2021-09-30,9.059579418085095e-05
2021-10-01,-9.058758732643418e-05
2021-10-04,-9.051343436795926e-05
2021-10-05,9.052162779137524e-05
2021-10-06,0.0
2021-10-07,9.059579418085095e-05
2021-10-08,0.0
2021-10-11,-9.058758732643418e-05
2021-10-12,9.059579418085095e-05
2021-10-13,0.0
2021-10-14,0.0
2021-10-15,-0.00018109282230075342
2021-10-18,0.0
2021-10-19,0.0
2021-10-20,9.052162779137524e-05
2021-10-21,-9.051343436795926e-05
2021-10-22,9.052162779137524e-05
2021-10-25,-9.051343436795926e-05
2021-10-26,9.052162779137524e-05
2021-10-27,0.0
2021-10-28,0.0
2021-10-29,-0.00018094450892302684
2021-11-01,0.0
2021-11-02,9.044744052277632e-05
2021-11-03,-9.043926052313923e-05
2021-11-04,0.00010911037775208508
2021-11-05,0.0
2021-11-08,0.00010929774059551228
2021-11-09,-0.0002183723469677575
2021-11-10,0.0
2021-11-11,0.0
2021-11-12,9.044744052277632e-05
2021-11-15,-9.043926052313923e-05
2021-11-16,0.0
2021-11-17,9.044744052277632e-05
2021-11-18,9.052162779137524e-05
2021-11-19,-9.051343436795926e-05
2021-11-22,-9.043926052313923e-05
2021-11-23,9.044744052277632e-05
2021-11-24,-0.0001811256228509865
2021-11-26,0.0
2021-11-29,9.07027909273483e-05
2021-11-30,-0.0004531433245134723
2021-12-01,0.00027195980664811517
2021-12-02,9.062862154031417e-05
2021-12-03,-9.062040873758686e-05
2021-12-06,0.0
2021-12-07,-9.054623188436842e-05
2021-12-08,-9.071922548028662e-05
2021-12-09,0.00018129010322493668
2021-12-10,-9.054623188436842e-05
2021-12-13,9.055443124689826e-05
2021-12-14,0.0
2021-12-15,-9.054623188436842e-05
2021-12-16,0.0001811912596104907
2021-12-17,-9.062040873758686e-05
2021-12-20,-9.054623188436842e-05
2021-12-21,9.055443124689826e-05
2021-12-22,0.0
2021-12-23,0.0
2021-12-27,0.0
2021-12-28,-9.054623188436842e-05
2021-12-29,9.055443124689826e-05
2021-12-30,0.0
2021-12-31,0.0
2022-01-03,-0.00018125724308062834
2022-01-04,0.0
2022-01-05,-0.00018071327107831189
2022-01-06,9.008449893031869e-05
2022-01-07,9.065326888270506e-05
2022-01-10,0.0
2022-01-11,-0.00018071327107831189
2022-01-12,9.008449893031869e-05
2022-01-13,0.0
2022-01-14,-0.00018081206538968626
2022-01-18,-0.00045310103435951607
2022-01-19,0.0003628430567713318
2022-01-20,9.04305590990907e-05
2022-01-21,0.0
2022-01-24,-0.00018133932610349925
2022-01-25,0.0
2022-01-26,0.0
2022-01-27,-0.00018096000643706483
2022-01-28,0.0
2022-01-31,0.0
2022-02-01,9.070252153834445e-05
2022-02-02,0.0
2022-02-03,9.028204854008155e-05
2022-02-04,-0.0003627444320378521
2022-02-07,0.0
2022-02-08,0.0
2022-02-09,0.0
2022-02-10,-0.0006344558079633482
2022-02-11,0.0002724123529140406
2022-02-14,-0.0002723381646338244
2022-02-15,9.077660957450609e-05
2022-02-16,9.101592002943536e-05
2022-02-17,0.0002717852728026111
2022-02-18,9.098290907087231e-05
2022-02-22,-0.00018153686753145077
2022-02-23,9.05786789668883e-05
2022-02-24,0.0
2022-02-25,9.098290907087231e-05
2022-02-28,-9.097463193420727e-05
2022-03-01,0.00027212385949665254
2022-03-02,-0.0001810916710613283
2022-03-03,0.00018112447119448703
2022-03-04,-0.0001810916710613283
2022-03-07,9.014983926027974e-05
2022-03-08,-9.01417129993422e-05
2022-03-09,0.0
2022-03-10,-9.097463193420727e-05
2022-03-11,-9.057047521289011e-05
2022-03-14,-0.0001811573579337766
2022-03-15,0.0
2022-03-16,9.059509093420371e-05
2022-03-17,0.000272173161201753
2022-03-18,-0.00018153686753145077
2022-03-21,-0.0002721485081163611
2022-03-22,0.0
2022-03-23,0.0
2022-03-24,-9.076836992962728e-05
2022-03-25,-9.061156119346154e-05
2022-03-28,-9.070230406135867e-05
2022-03-29,9.07105317155879e-05
2022-03-30,9.061977239251302e-05
2022-03-31,9.077660957450609e-05
2022-04-01,-0.00019977293054511606
2022-04-04,-9.053890705260946e-05
2022-04-05,-9.054710508854095e-05
2022-04-06,-9.09680452865675e-05
2022-04-07,0.0002721034072200856
2022-04-08,-9.053890705260946e-05
2022-04-11,-9.054710508854095e-05
2022-04-12,0.0002719961063695462
2022-04-13,9.094330906060266e-05
2022-04-14,-0.00018178756007014376
2022-04-18,0.0
2022-04-19,-9.053890705260946e-05
2022-04-20,9.054710508854095e-05
2022-04-21,-0.0002720293870969925
2022-04-22,-9.105887687007112e-05
2022-04-25,9.106716934423135e-05
2022-04-26,9.097632122467668e-05
2022-04-27,9.055530460922373e-05
2022-04-28,-9.054710508854095e-05
2022-04-29,9.055530460922373e-05
2022-05-02,-0.00015402087337759108
2022-05-03,-0.00018169998039357322
2022-05-04,0.0004539609454872005
2022-05-05,-0.00018156800811311885
2022-05-06,0.00027248401746275035
2022-05-09,0.00018113889408557165
2022-05-10,0.0
2022-05-11,-0.00018110608872894715
2022-05-12,0.00018113889408557165
2022-05-13,9.075931553614663e-05
2022-05-16,0.0
2022-05-17,-9.075107903032967e-05
2022-05-18,0.0
2022-05-19,0.00018184866494697015
2022-05-20,0.0
2022-05-23,0.0
2022-05-24,0.0003628887628388708
2022-05-25,0.0
2022-05-26,9.079236001669391e-05
2022-05-27,-9.078411751241293e-05
2022-05-31,-0.0002722121529655828
2022-06-01,-0.0001180374601901962
2022-06-02,0.0
2022-06-03,0.00018182059669329053
2022-06-06,-0.00018178754397357383
2022-06-07,0.0
2022-06-08,-9.058031541253766e-05
2022-06-09,-9.075352736272477e-05
2022-06-10,-0.0004543038857339091
2022-06-13,-0.0008173922446794592
2022-06-14,-0.0004541386471988766
2022-06-15,0.0004543449828147337
2022-06-16,0.0
2022-06-17,0.0
2022-06-21,9.112514605427705e-05
2022-06-22,0.0003635586818903664
2022-06-23,9.100115056173392e-05
2022-06-24,-9.099287010586137e-05
2022-06-27,-0.0005450985434283173
2022-06-28,0.0004546755485520447
2022-06-29,0.00018168846226235665
2022-06-30,0.00027215290369230405
2022-07-01,-2.6993260352472546e-05
2022-07-05,9.105311888714103e-05
2022-07-06,9.104482897150462e-05
2022-07-07,0.0
2022-07-08,-0.0001820730811304774
2022-07-11,-0.00018161093522367201
2022-07-12,-9.123478897269462e-05
2022-07-13,-0.00018157792455028498
2022-07-14,0.00027287058534374427
2022-07-15,9.065683103350108e-05
2022-07-18,-9.064861311749828e-05
2022-07-19,0.0
2022-07-20,9.065683103350108e-05
2022-07-21,0.0002731016504487106
2022-07-22,0.00018149533336623744
2022-07-25,-0.00018146239878767605
2022-07-26,0.00018149533336623744
2022-07-27,0.00018187500087677943
2022-07-28,0.0002722678600909523
2022-07-29,9.073125016032625e-05
2022-08-01,-0.00017253868656326936
2022-08-02,-9.090365408767418e-05
2022-08-03,0.00027265325773619586
2022-08-04,9.121703650528894e-05
2022-08-05,-0.00018225249904461755
2022-08-08,0.0
2022-08-09,0.0
2022-08-10,0.00027285120602212634
2022-08-11,0.0001821535380335598
2022-08-12,9.077162559779628e-05
2022-08-15,0.0
2022-08-16,9.092826131150044e-05
2022-08-17,0.0
2022-08-18,0.00027251269314831705
2022-08-19,9.07304094627944e-05
2022-08-22,0.0
2022-08-23,9.055737860532078e-05
2022-08-24,-9.054917870906202e-05
2022-08-25,0.00018169155580048438
2022-08-26,9.095285223283897e-05
2022-08-29,-9.094458056384158e-05
2022-08-30,0.00018157616514599375
2022-08-31,0.0
2022-09-01,9.307795707228146e-06
2022-09-02,0.0
2022-09-06,9.060601752452169e-05
2022-09-07,0.0
2022-09-08,0.0
2022-09-09,0.0
2022-09-12,0.0
2022-09-13,-0.0005454811707279468
2022-09-14,0.0
2022-09-15,9.105928816688259e-05
2022-09-16,0.00018168999879367728
2022-09-19,-0.0001816569935347411
2022-09-20,0.00018168999879367728
2022-09-21,0.0
2022-09-22,0.0001823160665271574
2022-09-23,9.060601752452169e-05
2022-09-26,0.0
2022-09-27,-9.059780881786826e-05
2022-09-28,0.0003635772375938534
2022-09-29,0.0002726249925071355
2022-09-30,-0.00036334604001794833
2022-10-03,0.0002823666591593972
2022-10-04,0.00027298440613625477
2022-10-05,9.086023408032407e-05
2022-10-06,9.126344654554277e-05
2022-10-07,9.067911664058065e-05
2022-10-10,9.132912259453696e-05
2022-10-11,0.0
2022-10-12,9.107396942234669e-05
2022-10-13,0.0
2022-10-14,0.0
2022-10-17,-9.106567570978168e-05
2022-10-18,0.0001819833968945175
2022-10-19,-9.089288647593638e-05
2022-10-20,0.00018196682445351133
2022-10-21,0.00018152247596986217
2022-10-24,0.0
2022-10-25,0.00018231186743353326
2022-10-26,9.068711563832301e-05
2022-10-27,0.00018209768476153137
2022-10-28,-9.090897135101581e-05
2022-10-31,-0.0001818344730869361
2022-11-01,0.00029146493648037633
2022-11-02,0.0
2022-11-03,0.00045560490613248477
2022-11-04,9.127666227454213e-05
2022-11-07,9.093973275219531e-05
2022-11-08,9.060289449551684e-05
2022-11-09,0.00036459638506667745
2022-11-10,0.0004550251708889642
2022-11-11,-9.093081642085801e-05
2022-11-14,-9.102116057314606e-05
2022-11-15,0.0002729241736204873
2022-11-16,9.067636857309697e-05
2022-11-17,9.107841022388796e-05
2022-11-18,9.115216085181243e-05
2022-11-21,0.0
2022-11-22,0.00027277525730705436
2022-11-23,0.00036357382324243056
2022-11-25,9.083992496687786e-05
2022-11-28,9.083167382444303e-05
2022-11-29,0.0002724702725424067
2022-11-30,9.079868423856124e-05
2022-12-01,0.0005467092234565789
2022-12-02,-9.106841596645538e-05
2022-12-05,9.107671017818273e-05
2022-12-06,0.00018197303981786316
2022-12-07,0.00036387986331087115
2022-12-08,0.00036407490841240583
2022-12-09,0.0
2022-12-12,0.0
2022-12-13,0.0003634514766095819
2022-12-14,-9.06253772649392e-05
2022-12-15,0.0004831882868680761
2022-12-16,0.00018207899546682986
2022-12-19,9.114554169144217e-05
2022-12-20,0.00018219273244715246
2022-12-21,0.00018232298938440536
2022-12-22,0.00045543840767489705
2022-12-23,-9.130756102558809e-05
2022-12-27,0.0
2022-12-28,0.00018189669656159703
2022-12-29,0.0005464074790289283
2022-12-30,-9.092295862654423e-05
2023-01-03,0.00018186245272535333
2023-01-04,9.075147032479968e-05
2023-01-05,0.00018222090314489776
2023-01-06,0.00018186134969024826
2023-01-09,9.087335411347537e-05
2023-01-10,-9.086509689734845e-05
2023-01-11,0.0002724569144874396
2023-01-12,0.0005454178175311542
2023-01-13,0.0
2023-01-17,0.00027280477130410053
2023-01-18,9.101876974891369e-05
2023-01-19,0.00027221668219765637
2023-01-20,0.00018148270391634463
2023-01-23,0.0
2023-01-24,9.08063276129419e-05
2023-01-25,0.00036294803051629905
2023-01-26,0.0002721326112064258
2023-01-27,9.057768297729577e-05
2023-01-30,9.105772457569054e-05
2023-01-31,9.031713274511114e-05
2023-02-01,0.00027304227428268026
2023-02-02,0.00036365875355738543
2023-02-03,-0.00018164131547990546
2023-02-06,0.0
2023-02-07,9.091847995361369e-05
2023-02-08,0.00018198305914986102
2023-02-09,0.0003637372941945284
2023-02-10,0.0
2023-02-13,0.0002725006014030571
2023-02-14,0.0
2023-02-15,9.107961682862075e-05
2023-02-16,0.0004543817167131068
2023-02-17,9.038032577032176e-05
2023-02-21,0.0
2023-02-22,0.0002725780180484486
2023-02-23,0.0003630136202353143
2023-02-24,9.055818164364561e-05
2023-02-27,0.00018166792903834866
2023-02-28,0.0
2023-03-01,0.00018195942475186835
2023-03-02,0.00045461303265662635
2023-03-03,9.088129071214288e-05
2023-03-06,9.103516056762166e-05
2023-03-07,-0.00018189163408720554
2023-03-08,9.088129071214288e-05
2023-03-09,0.0005455624493500389
2023-03-10,0.00045411741086153243
2023-03-13,0.0011804122826368285
2023-03-14,-0.000544213108935481
2023-03-15,0.0009982942804819264
2023-03-16,-9.05532650879729e-05
2023-03-17,0.0007253003103104795
2023-03-20,-0.00018107245799034135
2023-03-21,-0.0002718599129466414
2023-03-22,0.00036247067253345334
2023-03-23,0.0006340938365141728
2023-03-24,9.068894282130797e-05
2023-03-27,0.0
2023-03-28,9.043847317247667e-05
2023-03-29,9.026881212541067e-05
2023-03-30,0.00018140940332049446
2023-03-31,9.024429323906383e-05
2023-04-03,-8.159995312240082e-05
2023-04-04,0.0003631534603060111
2023-04-05,0.0005451376121471765
2023-04-06,0.0
2023-04-10,-9.080676650733547e-05
2023-04-11,0.00018122676242623195
2023-04-12,9.087919614730267e-05
2023-04-13,0.0005444999498073125
2023-04-14,-0.00018156238420663525
2023-04-17,9.075737675716477e-05
2023-04-18,0.00018141768694302816
2023-04-19,9.073268009026854e-05
2023-04-20,0.0005439438288360004
2023-04-21,9.05140691799675e-05
2023-04-24,9.050587712474423e-05
2023-04-25,0.0002718956294367719
2023-04-26,9.031210317409211e-05
2023-04-27,0.0001814127432874468
2023-04-28,9.028756831920277e-05
2023-05-01,-0.00010854450429277824
2023-05-02,0.00027263802964141905
2023-05-03,0.00018141416322495975
2023-05-04,0.0005451089960599647
2023-05-05,-9.100298066918222e-05
2023-05-08,9.101126296538654e-05
2023-05-09,0.0
2023-05-10,0.000363047226768575
2023-05-11,0.00036315655776443425
2023-05-12,0.0
2023-05-15,9.03745990982784e-05
2023-05-16,0.0
2023-05-17,0.0001816164474296694
2023-05-18,0.0002722547366300839
2023-05-19,0.0
2023-05-22,0.0
2023-05-23,0.00018105230974573672
2023-05-24,0.0
2023-05-25,0.00045347199884661257
2023-05-26,0.00018109796236307727
2023-05-30,9.049247400246689e-05
2023-05-31,0.00018144987110401176
2023-06-01,0.000654929636769094
2023-06-02,9.064910772344023e-05
2023-06-05,0.0
2023-06-06,0.00018176263594931548
2023-06-07,0.00018205011506336498
2023-06-08,0.0006360179555904208
2023-06-09,0.0
2023-06-12,0.000181661099809444
2023-06-13,0.00018162810504812463
2023-06-14,9.051744525675382e-05
2023-06-15,0.0007262347190612005
2023-06-16,0.0001096764054949516
2023-06-20,0.0
2023-06-21,9.07552104885197e-05
2023-06-22,0.00036290794562920996
2023-06-23,9.047428104716467e-05
2023-06-26,0.00018125186056872967
2023-06-27,0.00018121901428522002
2023-06-28,9.08327542112805e-05
2023-06-29,0.0001809300812675618
2023-06-30,0.0005435705846690254
2023-07-03,-7.247927575642461e-05
2023-07-05,0.00018169029611766314
2023-07-06,0.000545370943629013
2023-07-07,0.0
2023-07-10,0.00018155827414342146
2023-07-11,0.0
2023-07-12,0.0002724474876609043
2023-07-13,0.0005447465604899913
2023-07-14,9.092760823573026e-05
2023-07-17,9.068028942789741e-05
2023-07-18,9.059239057383387e-05
2023-07-19,0.00021838963492292919
2023-07-20,0.0005456151527971743
2023-07-21,9.060629304495585e-05
2023-07-24,9.035924926828911e-05
2023-07-25,9.09083165746001e-05
2023-07-26,0.00018116332805311747
2023-07-27,0.0003624201933464778
2023-07-28,0.0002718360003942696
2023-07-31,0.00018133381519348319
2023-08-01,0.00015442387014526977
2023-08-02,0.00018190899175828237
2023-08-03,0.0003635133401367217
2023-08-04,0.0002725558002377354
2023-08-07,0.0
2023-08-08,0.00018168083610362845
2023-08-09,9.070477771134213e-05
2023-08-10,0.00045443578406215396
2023-08-11,0.0001813900910998987
2023-08-14,0.00018159530042791567
2023-08-15,0.00018164168372715087
2023-08-16,9.036797936404744e-05
2023-08-17,0.000453623718094517
2023-08-18,9.079462264287842e-05
2023-08-21,9.094495855700877e-05
2023-08-22,0.00018092199019580405
2023-08-23,0.0001812063348022461
2023-08-24,0.0004532507765456236
2023-08-25,0.0
2023-08-28,9.078336538213221e-05
2023-08-29,0.00027161247988451755
2023-08-30,9.05920977558421e-05
2023-08-31,0.0005434241677030894
2023-09-01,0.0002816546956166647
2023-09-05,0.0
2023-09-06,0.0001815722160172961
2023-09-07,0.0005449341688832385
2023-09-08,9.115501467611548e-05
2023-09-11,0.000181344790993409
2023-09-12,9.073499296171505e-05
2023-09-13,0.00018137449145990897
2023-09-14,0.0004537095735643612
2023-09-15,9.09061112047903e-05
2023-09-18,0.00018116391259086033
2023-09-19,0.0
2023-09-20,0.0001812890154332539
2023-09-21,0.00045353511080150905
2023-09-22,0.00018133180398079336
2023-09-25,9.049167590978256e-05
2023-09-26,9.079903625224494e-05
2023-09-27,0.00018095054567948232
2023-09-28,0.0004526888495244125
2023-09-29,0.0
2023-10-02,0.00022734562707702185
2023-10-03,9.05550456853752e-05
2023-10-04,0.0003639998978688314
2023-10-05,0.0005447376959982379
2023-10-06,9.070081972440493e-05
2023-10-09,9.116495109134209e-05
2023-10-10,9.052688853258905e-05
2023-10-11,9.075482988074044e-05
2023-10-12,0.0005446369746643852
2023-10-13,0.00018131573236098805
2023-10-16,9.083805062015255e-05
2023-10-17,9.067251877955262e-05
2023-10-18,9.050703124041655e-05
2023-10-19,0.0004532018387540252
2023-10-20,0.0002721594409500856
2023-10-23,0.0001811807421684899
2023-10-24,9.080962594603835e-05
2023-10-25,0.0
2023-10-26,0.0006336459644756095
2023-10-27,0.00018140926345876581
2023-10-30,9.041348630165047e-05
2023-10-31,0.0
2023-11-01,0.0003453765451892367
2023-11-02,0.00045438088838837957
2023-11-03,0.0002721753728414458
2023-11-06,-9.070043785499187e-05
2023-11-07,0.0002725179949292523
2023-11-08,9.04488165901e-05
2023-11-09,0.0003630948597664641
2023-11-10,0.0002720852020747731
2023-11-13,9.085314786968556e-05
2023-11-14,0.000362909689915833
2023-11-15,9.049879317980427e-05
2023-11-16,0.0005438829721654503
2023-11-17,9.075436041451272e-05
2023-11-20,9.074612480799567e-05
2023-11-21,0.00036216933958851147
2023-11-22,0.00036235099644569175
2023-11-24,9.051585360162817e-05
2023-11-27,0.00018117163965101558
2023-11-28,0.000271161222538577
2023-11-29,0.00018108971792424935
2023-11-30,0.00036156709694114546
2023-12-01,0.0003180234417554082
2023-12-04,9.085725458881824e-05
2023-12-05,0.00018169800059613801
2023-12-06,0.0001814308880585467
2023-12-07,0.0004539240556499345
2023-12-08,0.0
2023-12-11,0.0
2023-12-12,0.00027162257641383334
2023-12-13,0.0003630006588742629
2023-12-14,0.0004365954903347617
2023-12-15,0.0003274444942165081
2023-12-18,0.00012065227283175388
2023-12-19,0.0
2023-12-20,0.00021941805715863842
2023-12-21,0.0006369313192466226
2023-12-22,0.00018190900192801757
2023-12-26,0.00018164254334411157
2023-12-27,0.0
2023-12-28,0.0006362945490766963
2023-12-29,0.0002725131542394917
2024-01-02,-9.060575307678799e-05
2024-01-03,9.06139632231651e-05
2024-01-04,0.0004538058301616139
2024-01-05,9.103068168931818e-05
2024-01-08,0.0001813458142745484
2024-01-09,9.061764192706686e-05
2024-01-10,0.00018168472048582185
2024-01-11,0.0006348494627378764
2024-01-12,0.0002718392250968427
2024-01-16,0.0
2024-01-17,0.00018133201628482497
2024-01-18,0.0002720262559618183
2024-01-19,0.0002715646605302201
2024-01-22,0.0001815106381741983
2024-01-23,0.0
2024-01-24,9.027391896594596e-05
2024-01-25,0.0005432217302328811
2024-01-26,9.04490804588711e-05
2024-01-29,9.051833244015202e-05
2024-01-30,9.066499015150576e-05
2024-01-31,0.00027127354801878567
2024-02-01,0.0006631396737937928
2024-02-02,-0.0002724124816893101
2024-02-05,9.067416941261629e-05
2024-02-06,0.00027238464518012626
2024-02-07,0.00018159187396472138
2024-02-08,0.0004537426110242752
2024-02-09,9.058370065333107e-05
2024-02-12,9.073006168253104e-05
2024-02-13,-0.00018128910930017766
2024-02-14,0.0003627985416951673
2024-02-15,0.0005441549736058183
2024-02-16,0.0
2024-02-20,0.00018100320408103538
2024-02-21,9.071684139245024e-05
2024-02-22,0.0003622940586399143
2024-02-23,0.0001813515226080911
2024-02-26,0.0
2024-02-27,0.00018093285585577036
2024-02-28,9.072006272644337e-05
2024-02-29,0.0005429596895433785
2024-03-01,0.0002544103773530358
2024-03-04,9.08707708962887e-05
2024-03-05,0.00018149382597308435
2024-03-06,0.00018138383848424137
2024-03-07,0.00036347228354351115
2024-03-08,9.048850314688209e-05
2024-03-11,9.078833381461161e-05
2024-03-12,0.00018140618901554728
2024-03-13,9.091759409412858e-05
2024-03-14,0.0004534689722073016
2024-03-15,0.0001813515375294196
2024-03-18,9.062086369222016e-05
2024-03-19,9.06126522954077e-05
2024-03-20,0.00027173641337161587
2024-03-21,0.0003623962070888635
2024-03-22,0.0002721790992278446
2024-03-25,0.0
2024-03-26,0.00018066053209790526
2024-03-27,0.0006335421784201059
2024-03-28,9.075584879983452e-05
2024-04-01,0.00010909674954641548
2024-04-02,9.0891246244115e-05
2024-04-03,9.088298577627542e-05
2024-04-04,0.0006358928307592529
2024-04-05,9.066356988956992e-05
2024-04-08,9.065535075184118e-05
2024-04-09,9.095389159185722e-05
2024-04-10,-9.09456197338192e-05
2024-04-11,0.0004537724928743838
2024-04-12,9.083598309944793e-05
2024-04-15,9.067443692171094e-05
2024-04-16,9.066621581364422e-05
2024-04-17,0.00018131599239239171
2024-04-18,0.0004535909075863692
2024-04-19,0.00018135410246261717
2024-04-22,9.05840380970583e-05
2024-04-23,0.0001809219731688809
2024-04-24,0.00018127199970727022
2024-04-25,0.00027170564558409444
2024-04-26,0.00018103688377829944
2024-04-29,9.065506200270725e-05
2024-04-30,9.07998348621032e-05
2024-05-01,0.00030870670705859874
2024-05-02,0.0004542001817718303
2024-05-03,0.00018190331090012026
2024-05-06,9.131719436287878e-05
2024-05-07,9.031553819235513e-05
2024-05-08,0.000181684394647538
2024-05-09,0.0003632263945430028
2024-05-10,0.00018143271366221933
2024-05-13,0.0001814761485218512
2024-05-14,9.083610975047779e-05
2024-05-15,0.00027194929637794525
2024-05-16,0.000272180580789255
2024-05-17,0.0001814806302038846
2024-05-20,0.0001809900775031088
2024-05-21,9.082181849682799e-05
2024-05-22,0.00018109339234055014
2024-05-23,0.0005435629906027641
2024-05-24,9.074780073733541e-05
2024-05-28,-9.07395663212519e-05
2024-05-29,9.074780073733541e-05
2024-05-30,0.00027168538497194313
2024-05-31,0.00036194567737691754
2024-06-03,0.00020001836483806584
2024-06-04,0.0001816324248438749
2024-06-05,9.079972024857356e-05
2024-06-06,0.00027252663622526636
2024-06-07,0.00027245238569306187
2024-06-10,0.00018163615843480138
2024-06-11,9.080158636607336e-05
2024-06-12,0.000363097327421171
2024-06-13,0.00010950460646633393
2024-06-14,0.0005459995221475116
2024-06-17,0.0001090671757809068
2024-06-18,0.0002182019755003151
2024-06-20,0.00021833715918405695
2024-06-21,0.0004530807096426919
2024-06-24,9.069653879238962e-05
2024-06-25,0.00018137662735246055
2024-06-26,0.0
2024-06-27,0.0002712568433549016
2024-06-28,0.00045293297426390996
2024-07-01,0.0001453490906810761
2024-07-02,0.00018179262692165344
2024-07-03,0.00027248778390650006
2024-07-05,0.00036326858983816364
2024-07-08,0.0002186964397696422
2024-07-09,0.0
2024-07-10,0.00021855748052623683
2024-07-11,0.0001091637401429152
2024-07-12,0.0005441318319089868
2024-07-15,0.0001816569321450453
2024-07-16,9.062285664273482e-05
2024-07-17,9.076592142046246e-05
2024-07-18,0.00018113721041586607
2024-07-19,0.0005438425409485001
2024-07-22,9.0540771764097e-05
2024-07-23,0.00018121628927379423
2024-07-24,9.05917279401209e-05
2024-07-25,9.028132491886202e-05
2024-07-26,0.0005436786945788805
2024-07-29,0.00018067474808028362
2024-07-30,9.05852623213319e-05
2024-07-31,9.050157649368361e-05
2024-08-01,0.000254498498707922
2024-08-02,0.0009084763636558447
2024-08-05,0.0
2024-08-06,0.0
2024-08-07,0.00018137958397132183
2024-08-08,9.074871838162775e-05
2024-08-09,0.0003630373010464021
2024-08-12,0.0002720473222211055
2024-08-13,0.00027219928663300405
2024-08-14,0.0
2024-08-15,9.035701638421189e-05
2024-08-16,0.000453325368580027
2024-08-19,9.060894024265134e-05
2024-08-20,0.00027180219301928894
2024-08-21,0.00018115222444098591
2024-08-22,0.00018111941425620395
2024-08-23,0.0004527917419690191
2024-08-26,9.042716122230762e-05
2024-08-27,0.0001809131310313146
2024-08-28,0.00018095555504622145
2024-08-29,9.046140802881061e-05
2024-08-30,0.0003618129020106835
2024-09-03,0.00031789868742313035
2024-09-04,0.0002722263914552445
2024-09-05,0.00018140985101275034
2024-09-06,0.00045370501624700704
2024-09-09,0.0
2024-09-10,0.0003629644270108841
2024-09-11,-9.072692814217344e-05
2024-09-12,0.00018139533279332165
2024-09-13,0.0005437124328034936
2024-09-16,0.00036267762492614376
2024-09-17,9.048672193497765e-05
2024-09-18,0.00036221373711326887
2024-09-19,0.00018111616524293188
2024-09-20,0.0004525212733656683
2024-09-23,0.00018092663619447084
2024-09-24,9.029733108171041e-05
2024-09-25,0.00018095237952753102
2024-09-26,9.027284312412247e-05
2024-09-27,0.0003621057594110105
2024-09-30,0.0
2024-10-01,0.00021769316119027324
2024-10-02,0.0
2024-10-03,0.0
2024-10-04,0.0003630917599695894
2024-10-07,-9.077734998277098e-05
2024-10-08,0.0002720578911695209
2024-10-09,9.068619871094125e-05
2024-10-10,9.08273625795449e-05
2024-10-11,0.0004532740141122148
2024-10-14,9.077796642573926e-05
2024-10-15,9.039649575110344e-05
2024-10-16,0.00018122448638383106
2024-10-17,0.0
2024-10-18,0.0004532030027068301
2024-10-21,9.048019322929181e-05
2024-10-22,0.0
2024-10-23,0.0
2024-10-24,0.00018109318527249974
2024-10-25,0.0003621207929371531
2024-10-28,0.0002714177368695613
2024-10-29,0.0
2024-10-30,0.0002716421876936475
2024-10-31,0.00018089660343530696
2024-11-01,0.0004269817929361777
2024-11-04,0.00018145682504017814
2024-11-05,0.0
2024-11-06,0.0
2024-11-07,0.00027232197062838556
2024-11-08,0.0005444212378017826
2024-11-11,-9.045194881550347e-05
2024-11-12,9.046013111065252e-05
2024-11-13,0.00018164774589429233
2024-11-14,9.050989272383759e-05
2024-11-15,0.00018137522578017933
2024-11-18,0.00018119363257173022
2024-11-19,0.00018130948264948537
2024-11-20,0.000181053643013351
2024-11-21,0.0
2024-11-22,0.00036271053336357285
2024-11-25,0.00018095523415614728
2024-11-26,9.068405859660737e-05
2024-11-27,0.00018098035356892218
2024-11-29,0.00045270313967484525
2024-12-02,0.00014553865034535929
2024-12-03,0.0002723350953488208
2024-12-04,0.0
2024-12-05,0.0002723351346820018
2024-12-06,0.00045396608834012464
2024-12-09,0.00018162264936739348
2024-12-10,0.0
2024-12-11,0.00018107084094620224
2024-12-12,9.070429215081812e-05
2024-12-13,0.0002722363930708206
2024-12-16,0.00027186598888327376
2024-12-17,0.0
2024-12-18,0.0001547067281800564
2024-12-19,0.00027271265867296967
2024-12-20,0.0002731564897984564
2024-12-23,9.065726889982039e-05
2024-12-24,0.00027290914264127656
2024-12-26,0.00018184046968402
2024-12-27,0.00027263714902312544
2024-12-30,0.0002724888928425043
2024-12-31,9.092809642695458e-05
2025-01-02,0.00018161790283878317
2025-01-03,0.00027226652794179587
2025-01-06,0.0001816832677689967
2025-01-07,0.0001815763933550427
2025-01-08,0.0
2025-01-10,0.00027209356946288846
2025-01-13,0.00018142020789264294
2025-01-14,9.073056263801068e-05
2025-01-15,0.00018144466269968693
2025-01-16,9.063206863711214e-05
2025-01-17,0.00045326687190362343
2025-01-21,0.00018131312304256697
2025-01-22,0.0
2025-01-23,0.00018113275231217138
2025-01-24,0.0003624211116528379
2025-01-27,0.00018118176061348822
2025-01-28,9.042707447041756e-05
2025-01-29,9.078735332168229e-05
2025-01-30,9.055805869459048e-05
2025-01-31,0.00036190472401338784
2025-02-03,0.00011813623154995988
2025-02-04,9.087461960981502e-05
2025-02-05,9.071909091223715e-05
2025-02-06,0.00018156898130303355
2025-02-07,0.0002722304144093369
2025-02-10,9.096409354317581e-05
2025-02-11,0.0
2025-02-12,0.0
2025-02-13,0.00027213157097847045
2025-02-14,0.00045369897826872383
2025-02-18,0.0
2025-02-19,0.000271860623816079
2025-02-20,9.071810437095854e-05
2025-02-21,0.0003625454661197513
2025-02-24,0.000181133555097631
2025-02-25,0.0001813211582689795
2025-02-26,0.0
2025-02-27,9.07175989791442e-05
2025-02-28,0.0003619560935800462
2025-03-03,0.00016380516685990195
2025-03-04,9.080851882276336e-05
2025-03-05,0.00018152714315254
2025-03-06,9.078379366172066e-05
2025-03-07,0.00045402453082725295
2025-03-10,9.058765643057935e-05
2025-03-11,0.00018152562052608105
2025-03-12,0.0
2025-03-13,9.070967229095967e-05
2025-03-14,0.00045358054768567966
2025-03-17,0.0
2025-03-18,9.073361351306407e-05
2025-03-19,9.050553018102938e-05
2025-03-20,0.00018136106533321705
2025-03-21,0.00036250983110104303
2025-03-24,9.059461633619406e-05
2025-03-25,9.073287114980297e-05
2025-03-26,9.050496719231551e-05
2025-03-27,0.000181139988482894
2025-03-28,0.0002715875698981122
2025-03-31,9.074855777488634e-05
2025-04-01,0.00021806948645148184
2025-04-02,9.086686329124315e-05
2025-04-03,9.078545217629408e-05
2025-04-04,0.00045388605463076424
2025-04-07,9.095537286328903e-05
2025-04-08,0.00018145554986039546
2025-04-09,0.0
2025-04-10,0.0
2025-04-11,0.00045370276497005323
2025-04-14,9.081630192803813e-05
2025-04-15,9.036972174527092e-05
2025-04-16,0.00018159969903831053
2025-04-17,0.0004532594952240501
2025-04-21,9.059622830599946e-05
2025-04-22,9.073401334936033e-05
2025-04-23,9.050681333831024e-05
2025-04-24,9.057160535652589e-05
2025-04-25,0.0003624725399867344
2025-04-28,9.038468861489951e-05
2025-04-29,0.0
2025-04-30,0.00027193193415308263
2025-05-01,0.00010902031139555406
2025-05-02,0.00018155918654484554
2025-05-05,9.090891859503656e-05
2025-05-06,9.068196849559708e-05
2025-05-07,0.00018171193636044186
2025-05-08,9.080302375526618e-05
2025-05-09,0.0002721657309314932
2025-05-12,9.069722563378966e-05
2025-05-13,9.098037067544585e-05
2025-05-14,0.0
2025-05-15,0.00018121582856166855
2025-05-16,0.0003629485726486645
2025-05-19,0.0
2025-05-20,0.0001814084443883751
2025-05-21,9.054220442173482e-05
2025-05-22,0.00018128634414581564
2025-05-23,0.0004531700950813145
2025-05-27,0.0
2025-05-28,9.047659638099433e-05
2025-05-29,0.0002718415761400765
2025-05-30,0.00018125116962622998
2025-06-02,0.0001545407765579524
2025-06-03,0.00018169907972323304
2025-06-04,9.08330355826427e-05
2025-06-05,0.00027254701690350983
2025-06-06,9.080003841204825e-05
2025-06-09,0.00027237538354085673
2025-06-10,9.076707179762516e-05
2025-06-11,9.083144095114096e-05
2025-06-12,0.00018135598080879105
2025-06-13,0.0003630091301042579
2025-06-16,0.0
2025-06-17,9.08463322679932e-05
2025-06-18,0.0002720063592460323
2025-06-20,0.00036274577005138717
2025-06-23,0.00018127086246356094
2025-06-24,9.061900464665258e-05
2025-06-25,9.06107935867275e-05
2025-06-26,0.0001811326859621661
2025-06-27,0.00036241717253006827
2025-06-30,0.0
2025-07-01,0.00010004334970344862
2025-07-02,9.083404120866643e-05
2025-07-03,0.00036352045112170937
2025-07-07,0.00010936778188979336
2025-07-08,0.00018155260486726028
2025-07-09,9.07598247510293e-05
2025-07-10,9.075158815279268e-05
2025-07-11,0.0002723024222686215
2025-07-14,0.00018158198712475197
2025-07-15,0.0
2025-07-16,0.00027232353163911206
2025-07-17,9.046055485944555e-05
2025-07-18,0.00036289405077176266
2025-07-21,9.056411541843584e-05
2025-07-22,9.062818558253e-05
2025-07-23,9.061997285881228e-05
2025-07-24,9.082853617277163e-05
2025-07-25,0.0003624863805695162
2025-07-28,0.0001089434579975149
2025-07-29,0.0001811972174635986
2025-07-30,-9.069050421320933e-05
2025-07-31,9.069872972673975e-05
2025-08-01,0.0008634371412273545
2025-08-04,0.00018151310653044623
2025-08-05,-9.074008275091616e-05
2025-08-06,0.00027238922573651135
2025-08-07,9.065148779500676e-05
2025-08-08,0.0003632941913527762
2025-08-11,9.068243724115769e-05
2025-08-12,0.0001814205074368353
2025-08-13,0.00018138760000639936
2025-08-14,0.0
2025-08-15,0.0002722842385181109
2025-08-18,9.054462048982263e-05
2025-08-19,0.00027182534609294283
2025-08-20,9.079984438015569e-05
2025-08-21,-9.079160051695773e-05
2025-08-22,0.0006345188173496685
2025-08-25,0.0
2025-08-26,9.059834558353934e-05
2025-08-27,0.00018110832249225775
2025-08-28,9.064567562214768e-05
2025-08-29,0.0004527556916907821
2025-09-02,0.0002542452521892163
2025-09-03,0.00018165001325894141
2025-09-04,0.00018147328131147184
2025-09-05,0.0005447522096021973
2025-09-08,0.00018141338695777076
2025-09-09,-9.07620464716039e-05
2025-09-10,0.00018139694606823196
2025-09-11,0.00018143584609415364
2025-09-12,0.00018154650487085182
2025-09-15,0.0001810829145865697
2025-09-16,0.00018126540908466925
2025-09-17,9.061627894546184e-05
2025-09-18,9.075154908948577e-05
2025-09-19,0.0003623276513672005
2025-09-22,9.056703136329842e-05
2025-09-23,0.0
2025-09-24,9.048712834939504e-05
2025-09-25,9.069402581603652e-05
2025-09-26,0.0003623847627207805
2025-09-29,9.043796267491988e-05
2025-09-30,9.042978438945456e-05
2025-10-01,0.0002452560719148409
2025-10-02,9.082922787133539e-05
2025-10-03,0.0003630690385553677
2025-10-06,-9.071641697217526e-05
2025-10-07,9.072464718709914e-05
2025-10-08,0.00018136123456236774
2025-10-09,9.091472671104737e-05
2025-10-10,0.0004536017712873586
2025-10-13,-9.079369790139203e-05
2025-10-14,0.00027226271856864654
2025-10-15,-9.070569243316375e-05
2025-10-16,0.00018114167761660476
2025-10-17,0.00045334440205139413
2025-10-20,9.058489745996944e-05
2025-10-21,9.057669257955986e-05
2025-10-22,0.00018113697837071505
2025-10-23,9.062355653577018e-05
2025-10-24,0.0001811592260963617
2025-10-27,0.0002716538949323902
2025-10-28,9.071718866432297e-05
2025-10-29,-9.070895980250302e-05
2025-10-30,9.071718866432297e-05
2025-10-31,0.00018084652458262806
2025-11-03,0.0002816468111853774
2025-11-04,9.080980500307768e-05
2025-11-05,9.058740471011673e-05
2025-11-06,0.00018165804760497247
2025-11-07,0.0003630360115737622
2025-11-10,9.067256140569151e-05
2025-11-11,0.0
2025-11-12,9.073567371451732e-05
2025-11-13,9.072744149898852e-05
2025-11-14,0.000272086312197041
2025-11-17,9.069453403579768e-05
2025-11-18,0.00018115873576155433
2025-11-19,9.066988364174161e-05
2025-11-20,9.059038846669602e-05
2025-11-21,0.0003626138041117184
2025-11-24,9.062059075078661e-05
2025-11-25,9.054114325610599e-05
2025-11-26,0.0001811371222974028
2025-11-28,0.0002716920847727732
2025-12-01,0.00019978005682411224
2025-12-02,0.00018165961145913384
2025-12-03,0.00018155544693385518
2025-12-04,0.0
2025-12-05,0.00036311613845946397
2025-12-08,9.076386613667018e-05
2025-12-09,9.082675390587049e-05
2025-12-10,0.000272099922260213
2025-12-11,0.0001815165010444131
2025-12-12,0.0002720476221957307
2025-12-15,0.00018129206592436178
2025-12-16,9.059407544589338e-05
2025-12-17,9.065691664316763e-05
2025-12-18,0.00018129739742328942
2025-12-19,0.00015448681929112072
2025-12-22,0.00018173365813874907
2025-12-23,0.0
2025-12-24,0.00027265746234717605
2025-12-26,0.000363373202166894
2025-12-29,0.0
2025-12-30,9.096996117952702e-05
2025-12-31,0.00027231743556726813
2026-01-02,0.00018159011082955186
2026-01-05,0.00018162806260657618
2026-01-06,0.0
2026-01-07,0.00018145326408469805
2026-01-08,9.067472487771319e-05
2026-01-09,0.0002722121769155142
2026-01-12,9.071269920384724e-05
2026-01-13,0.0
2026-01-14,9.063360828834782e-05
2026-01-15,9.069625102794989e-05
2026-01-16,0.00027206407789194553
2026-01-20,9.066335972062085e-05
2026-01-21,0.0001811686325847721
2026-01-22,0.0
2026-01-23,0.0002719869706840391
2026-01-26,9.054328163540847e-05
2026-01-27,0.00018135331192769652
2026-01-28,0.0
2026-01-29,9.058944143258143e-05
2026-01-30,0.0002716729405966841
2026-02-02,0.00019979057363453506
2026-02-03,9.075074490941724e-05
2026-02-04,0.0
2026-02-05,0.0002725104371568158
2026-02-06,0.00018157699193248051
2026-02-09,0.00018147333299918297
2026-02-10,0.0
2026-02-11,9.0684862257964e-05
2026-02-12,9.074731473819082e-05
2026-02-13,0.0004536247329857687
2026-02-17,9.069793758258351e-05
2026-02-18,0.0
2026-02-19,0.0001814500550424398
2026-02-20,0.00018127590128619737
2026-02-23,9.065682564701367e-05
2026-02-24,9.050741052368208e-05
2026-02-25,9.071099631875717e-05
2026-02-26,9.056159695600096e-05
2026-02-27,0.00027187192714848697
2026-03-02,0.00012714954705972671
2026-03-03,9.079947989606387e-05
2026-03-04,0.0
2026-03-05,0.00018158247219809392
2026-03-06,0.00027253585514578233
2026-03-09,9.075002036058149e-05
2026-03-10,9.081229197956837e-05
2026-03-11,9.073354582044064e-05
2026-03-12,0.0
2026-03-13,0.00036304224324295556
2026-03-16,9.062192076613998e-05
2026-03-17,9.068417084897788e-05
2026-03-18,0.0
2026-03-19,0.0
2026-03-20,0.00027223920977355673
2026-03-23,0.00018137297439844746
2026-03-24,9.056440710348899e-05
2026-03-25,9.06266228907921e-05
2026-03-26,0.0
2026-03-27,0.00036261446295178594
2026-03-30,0.00018117112563013977
2026-03-31,9.063952660270106e-05
2026-04-01,0.00012715122706915226
2026-04-02,0.0003633937983559122
2026-04-06,9.079786496310836e-05
2026-04-07,9.078962145931904e-05
2026-04-08,9.085169810402632e-05
2026-04-09,0.00018161657738181036
2026-04-10,0.00027219964944453205
2026-04-13,0.0
2026-04-14,0.00018160446561445246
2026-04-15,0.0
2026-04-16,9.071547810535208e-05
2026-04-17,0.00045360650900046375
2026-04-20,0.00010919723202356427
2026-04-21,9.066612281038856e-05
2026-04-22,0.0001813158064196048
2026-04-23,9.06414684788501e-05
2026-04-24,0.0002719699639573104
2026-04-27,9.060861052713437e-05
2026-04-28,9.060040135065478e-05
2026-04-29,0.0
2026-04-30,0.00018118438732309962
2026-05-01,0.00025439797693972845
2026-05-04,0.0001816666250493446
2026-05-05,0.0
2026-05-06,-0.00010944062162273081
2026-05-07,0.00021882074619985808
2026-05-08,0.0002187728741562869
2026-05-11,0.00021872502305434342
2026-05-12,0.00010921199829683298
2026-05-13,0.0
2026-05-14,0.00021856892376915106
2026-05-15,0.00021868990404389863
2026-05-18,9.070972055872425e-05
2026-05-19,9.07715328146095e-05
2026-05-20,0.0001813865213706938
2026-05-21,9.067681313364361e-05
2026-05-22,0.000181337183189413
2026-05-26,9.065215298863348e-05
2026-05-27,0.0001812878718413738
2026-05-28,9.062750625294802e-05
2026-05-29,0.0002717879046685031
2026-06-01,9.996894596563042e-05
2026-06-02,-0.00010949215265530683
2026-06-03,0.00021892405104341866
2026-06-04,9.077896252794093e-05
2026-06-05,0.000272591892244383
2026-06-08,9.074598583593587e-05
2026-06-09,9.080765756718945e-05
2026-06-10,9.079941228525134e-05
2026-06-11,0.00018158233700102164
2026-06-12,0.0002722541758277006
2026-06-15,9.081983977563866e-05
2026-06-16,0.00018148347442078445
2026-06-17,-0.0002722456586141411
2026-06-18,0.0005445697315777718
2026-06-22,-9.070058556689053e-05
2026-06-23,0.00018134779609357154
2026-06-24,9.069236604863206e-05
2026-06-25,0.00018143809411115056
2026-06-26,0.0002718634772113494
2026-06-29,9.06430485818131e-05
2026-06-30,9.063483316422739e-05
2026-07-01,8.183604646920017e-05
2026-07-02,0.00045435170994041735
2026-07-06,0.00018171393053437632
2026-07-07,-9.084045829046065e-05
2026-07-08,0.00018169742205801127
2026-07-09,0.00018159470404315554
2026-07-10,0.0002723774487920987
2026-07-13,-9.072130755742635e-05
2026-07-14,0.00027225830072493735
2026-07-15,0.0001814793528049184
2026-07-16,0.0
2026-07-17,0.00036296250118845666
2026-07-20,9.072510876917011e-05
2026-07-21,-9.071687847050369e-05
2026-07-22,0.00018138058967282283
2026-07-23,-9.063904074099574e-05
2026-07-24,0.0002720810138624163
2026-07-27,9.069220284400447e-05
2026-07-28,0.00027198233924298715
2026-07-29,0.0002719083849643847
2026-07-30,9.063467645159469e-05
2026-07-31,0.00027180983549593017
2026-08-03,0.0001816904049735193
2026-08-04,9.079393946978008e-05
2026-08-05,9.085521099471788e-05
2026-08-06,9.084695707526458e-05
2026-08-07,0.000363285316934642
2026-08-10,9.080571627194666e-05
2026-08-11,9.072800120377856e-05
2026-08-12,0.00018157846843354882
2026-08-13,0.00018147605245345482
2026-08-14,0.0002721994066191813
2026-08-17,0.0
2026-08-18,0.00018146316932853143
2026-08-19,9.064571607721155e-05
2026-08-20,9.070690101850595e-05
2026-08-21,0.0002720266275207396
2026-08-24,9.067400827818314e-05
2026-08-25,0.00018126220510987381
2026-08-26,9.064935594568918e-05
2026-08-27,0.0
2026-08-28,9.064113938478177e-05
2026-08-31,9.063292431325623e-05
2026-09-01,0.0001635682422446361
2026-09-02,9.081786968453754e-05
2026-09-03,0.0001817578857412533
2026-09-04,0.0004541735240885237
2026-09-08,0.0
2026-09-09,9.082117933275737e-05
2026-09-10,-0.00018155659321971674
2026-09-11,0.0002724189842776418
2026-09-14,9.080468535553152e-05
2026-09-15,9.072718322153805e-05
2026-09-16,-9.071895254650869e-05
2026-09-17,0.00018152362383484826
2026-09-18,0.00027227064089475943
2026-09-21,9.075525191505004e-05
2026-09-22,9.07470161467391e-05
2026-09-23,-9.073878187303533e-05
2026-09-24,9.07470161467391e-05
2026-09-25,0.00036281670067006197
