date,returns
2010-02-11,0.0
2010-02-12,-0.010292432818763882
2010-02-16,0.03068600611585843
2010-02-17,0.017715279788476847
2010-02-18,0.011921981492306291
2010-02-19,-0.0025042242615684563
2010-02-22,0.005380532972663045
2010-02-23,-0.018137966388415208
2010-02-24,0.020346414758797265
2010-02-25,-0.003906701772541113
2010-02-26,0.0030299096803436017
2010-03-01,0.01623651327469665
2010-03-02,-5.2689885395004786e-05
2010-03-03,-0.0010494027623597164
2010-03-04,-0.001853687428726489
2010-03-05,0.02516055770205545
2010-03-08,-0.005766619454965727
2010-03-09,-0.00015350332366610773
2010-03-10,0.003878924236602472
2010-03-11,0.008789992154836456
2010-03-12,-0.0026852676472140474
2010-03-15,0.0005459128981979361
2010-03-16,0.015124255747359273
2010-03-17,0.006015367101826511
2010-03-18,0.0096660341441011
2010-03-19,-0.0032651694043765818
2010-03-22,-0.00020633654600135318
2010-03-23,0.01117019460387369
2010-03-24,-0.012987012766914514
2010-03-25,0.001614634445144939
2010-03-26,-0.002518127027460973
2010-03-29,0.008869802693245787
2010-03-30,0.0034410482793462566
2010-03-31,-0.011197039625011975
2010-04-01,0.014667146287721188
2010-04-05,0.012969392684262997
2010-04-06,0.007233521400739199
2010-04-07,-0.011770513480235029
2010-04-08,-0.001379071192673552
2010-04-09,0.007917298020865634
2010-04-12,-0.0012620361314652495
2010-04-13,-0.0011187273536779909
2010-04-14,0.005151426264307413
2010-04-15,-0.0029644761284987903
2010-04-16,-0.019445205156803425
2010-04-19,0.011913956203319177
2010-04-20,0.0064412525901998245
2010-04-21,-0.006476540394141186
2010-04-22,0.008721325886488069
2010-04-23,0.012674824014004618
2010-04-26,-0.011881702867376616
2010-04-27,-0.0359947860430988
2010-04-28,0.01296971847658416
2010-04-29,0.026702167344164092
2010-04-30,-0.032167272337030706
2010-05-03,0.019489351926673674
2010-05-04,-0.03665466528582374
2010-05-05,-0.0006374647798058214
2010-05-06,-0.06350227593818106
2010-05-07,-0.02344929492838843
2010-05-10,0.06431746236294739
2010-05-11,-0.0030505837561808635
2010-05-12,0.0251635754901042
2010-05-13,-0.020000364615522313
2010-05-14,-0.022191323758912165
2010-05-17,0.0038594212398421366
2010-05-18,-0.022603995585997523
2010-05-19,-0.010506756366404729
2010-05-20,-0.06870142358906989
2010-05-21,0.019317031122192962
2010-05-24,-0.018598197399037772
2010-05-25,-0.0014342373878054745
2010-05-26,-0.012860265983694432
2010-05-27,0.06396210140095125
2010-05-28,-0.02389567331077514
2010-06-01,-0.022270692440761925
2010-06-02,0.048446660956941126
2010-06-03,0.004349628775582894
2010-06-04,-0.058515363317078184
2010-06-07,-0.018702628662681
2010-06-08,0.02418701919340105
2010-06-09,-0.006569354297284638
2010-06-10,0.04529414164277591
2010-06-11,0.005925225327364806
2010-06-14,-0.00301558584077316
2010-06-15,0.04408264148879608
2010-06-16,-0.0008798633381348739
2010-06-17,0.004855313975140104
2010-06-18,-0.0010315607012585225
2010-06-21,-0.0065096196014676885
2010-06-22,-0.027239560609683723
2010-06-23,-0.006240974329850333
2010-06-24,-0.03176034067261145
2010-06-25,0.0077992207515090745
2010-06-28,-0.011248168109440246
2010-06-29,-0.051831114473471794
2010-06-30,-0.02141889382285228
2010-07-01,-0.009693280820455726
2010-07-02,-0.00608061029877503
2010-07-06,0.012716245606100454
2010-07-07,0.04916233050149918
2010-07-08,0.02731708582409675
2010-07-09,0.014800952808237344
2010-07-12,0.0014990577294400347
2010-07-13,0.025276036035843337
2010-07-14,0.001117841848876263
2010-07-15,0.00412040394083241
2010-07-16,-0.05034489184456426
2010-07-19,0.012249490074171539
2010-07-20,0.014702346085913236
2010-07-21,-0.0249653397820375
2010-07-22,0.039628504732139205
2010-07-23,0.018081707905696867
2010-07-26,0.019222871096273617
2010-07-27,0.0019063525051981217
2010-07-28,-0.014062725659657273
2010-07-29,-0.0066198331843938625
2010-07-30,0.002117880168579193
2010-08-02,0.039757553572903476
2010-08-03,0.0004939626267881085
2010-08-04,0.017093851146863216
2010-08-05,-0.00182164437045976
2010-08-06,-0.0033737188643432783
2010-08-09,0.009891719452838838
2010-08-10,-0.009176208902711714
2010-08-11,-0.0530905317455128
2010-08-12,-0.009077947975814384
2010-08-13,-0.005958091593378083
2010-08-16,-0.0012710906815077974
2010-08-17,0.022239907376565844
2010-08-18,0.004476350128212845
2010-08-19,-0.03278995952915779
2010-08-20,-0.007446348337493113
2010-08-23,-0.007957408464863184
2010-08-24,-0.021356727220349255
2010-08-25,0.01824996870353916
2010-08-26,-0.014909394580953785
2010-08-27,0.027528643688956685
2010-08-30,-0.02489770812649693
2010-08-31,0.00123886101803359
2010-09-01,0.05370811960332618
2010-09-02,0.015909136492033855
2010-09-03,0.027184393371708016
2010-09-07,-0.0165138068650092
2010-09-08,0.01074714870630452
2010-09-09,0.005935651141016916
2010-09-10,0.014114289728316083
2010-09-13,0.018452673849931073
2010-09-14,-0.0012332110302701092
2010-09-15,0.0008007915836537802
2010-09-16,-0.0006809725559650707
2010-09-17,-0.0007127520302617439
2010-09-20,0.017794956782469982
2010-09-21,0.00033294006920303685
2010-09-22,-0.00013887722852431745
2010-09-23,-0.007934674516831122
2010-09-24,0.016588968992578456
2010-09-27,-0.005850026544529178
2010-09-28,0.00033710494102316474
2010-09-29,-0.0007266950170337618
2010-09-30,-0.002625449600329464
2010-10-01,0.005444499611505846
2010-10-04,-0.011655340316060015
2010-10-05,0.018546669673215804
2010-10-06,-0.007773557187569462
2010-10-07,0.0017462101762743517
2010-10-08,0.0041883595699122
2010-10-11,0.003018173218463716
2010-10-12,0.0016977902791850373
2010-10-13,0.013178287956052758
2010-10-14,0.0011165420503020016
2010-10-15,0.0015839320327851393
2010-10-18,-0.00021779862035248027
2010-10-19,-0.02287900653064936
2010-10-20,0.028194675595888036
2010-10-21,0.006403124594486699
2010-10-22,0.007965728194414167
2010-10-25,0.006215132429093741
2010-10-26,-0.0013032104072041417
2010-10-27,-0.017637770414541135
2010-10-28,0.0005428622218252158
2010-10-29,-0.0003362344884465512
2010-11-01,0.0028534881504652266
2010-11-02,0.017499760458592306
2010-11-03,0.0006989192432208602
2010-11-04,0.03948724580288696
2010-11-05,0.0042888210858137215
2010-11-08,-0.004207521630653483
2010-11-09,-0.012558557405764875
2010-11-10,0.005457628011176633
2010-11-11,-0.0018669479426179536
2010-11-12,-0.02050444910832385
2010-11-15,-0.007490089116163251
2010-11-16,-0.025523502277544685
2010-11-17,0.007262443276893707
2010-11-18,0.0210532063140422
2010-11-19,0.0069414668774282
2010-11-22,0.004014512327810952
2010-11-23,-0.024607689808920995
2010-11-24,0.023358081119218117
2010-11-26,-0.01557167038562357
2010-11-29,0.0027240302873832653
2010-11-30,-0.005810832075608367
2010-12-01,0.04289708647051866
2010-12-02,0.021827957075030095
2010-12-03,0.0005917425219614937
2010-12-06,-0.0027835617936390346
2010-12-07,-0.003086416155721733
2010-12-08,0.0032216308957135655
2010-12-09,0.002111113195331655
2010-12-10,0.0045234620198551624
2010-12-13,0.0020466861050737963
2010-12-14,-0.0021492831273872037
2010-12-15,-0.010754910198210847
2010-12-16,0.005456498559770823
2010-12-17,-0.00262104888960396
2010-12-20,0.0021520683359783407
2010-12-21,0.005901915390632627
2010-12-22,0.006056917158024359
2010-12-23,-0.001644955831874659
2010-12-27,-0.0016204070782808945
2010-12-28,0.0027599979209668958
2010-12-29,0.0018259708397813375
2010-12-30,-0.0006705198558005571
2010-12-31,0.0012055012270702399
2011-01-03,0.014526364461322702
2011-01-04,0.0027353361790139075
2011-01-05,0.0025644496456727153
2011-01-06,0.001366585912236709
2011-01-07,-0.0023267613256502586
2011-01-10,-0.003527350370447321
2011-01-11,0.010412325449372825
2011-01-12,0.012225593216868603
2011-01-13,0.002901862626210244
2011-01-14,0.01841715556860769
2011-01-18,0.006292322678821672
2011-01-19,-0.0022613190723655436
2011-01-20,0.0009433939422879935
2011-01-21,0.00439083769259361
2011-01-24,0.006266048455569087
2011-01-25,0.00471343548330609
2011-01-26,0.0017992980686676995
2011-01-27,0.016030254391746518
2011-01-28,-0.035161745727502226
2011-01-31,0.009645529357228996
2011-02-01,0.029614089888716933
2011-02-02,-0.007360181610916784
2011-02-03,0.02075160556391945
2011-02-04,0.0009140617870360059
2011-02-07,0.005609998655171634
2011-02-08,0.011067999817953086
2011-02-09,-0.00027969835491465744
2011-02-10,0.0012694375027386515
2011-02-11,0.009068155808561938
2011-02-14,0.00047788251801444384
2011-02-15,-0.008219531267121393
2011-02-16,0.01367533564215498
2011-02-17,0.004370438551060099
2011-02-18,0.00928663203351185
2011-02-22,-0.030205182880367176
2011-02-23,-0.014018130479023852
2011-02-24,-0.004407785453094552
2011-02-25,0.012691868106448765
2011-02-28,0.015717075690352203
2011-03-01,-0.02820175572381732
2011-03-02,0.0023747922358921527
2011-03-03,0.03486017339269964
2011-03-04,-0.011930819999542343
2011-03-07,-0.018148389350570726
2011-03-08,0.021446253737896673
2011-03-09,0.004641000837839289
2011-03-10,-0.03457692300277557
2011-03-11,0.004763003255521428
2011-03-14,-0.012506939234284389
2011-03-15,-0.019993723075341734
2011-03-16,-0.04099411766628724
2011-03-17,0.023792178114232187
2011-03-18,0.011882530874124199
2011-03-21,0.026586792458125372
2011-03-22,-0.003812249672245702
2011-03-23,0.0038895543345981954
2011-03-24,0.022461493092885493
2011-03-25,0.0025266696404291824
2011-03-28,-0.002785944756946143
2011-03-29,0.015294527619392938
2011-03-30,0.017990444600110983
2011-03-31,-0.001522342889061926
2011-04-01,0.011209184002461696
2011-04-04,0.0018039214188418774
2011-04-05,-0.0001864559160766791
2011-04-06,0.004074499695185471
2011-04-07,0.0035683058730784497
2011-04-08,-0.008832216653210996
2011-04-11,-0.003453342524251464
2011-04-12,-0.008999598406327568
2011-04-13,-0.0029691036996820214
2011-04-14,0.004321654906758103
2011-04-15,0.008130896517653557
2011-04-18,-0.024213025503950276
2011-04-19,0.009348988824512126
2011-04-20,0.02995535393121862
2011-04-21,0.027466483737039245
2011-04-25,-0.003646494267930641
2011-04-26,0.004694084197766269
2011-04-27,0.009272325771177866
2011-04-28,0.0071464155153664706
2011-04-29,0.003171526995433043
2011-05-02,0.0013773546943478788
2011-05-03,-0.003501893872681559
2011-05-04,-0.005248025636955739
2011-05-05,-0.006266563092452086
2011-05-06,0.0052827265753642525
2011-05-09,0.005146313553545855
2011-05-10,0.006468409460915148
2011-05-11,-0.010804199739217021
2011-05-12,0.003915555544972418
2011-05-13,-0.006856544228172961
2011-05-16,-0.0033130393536546865
2011-05-17,-0.0036848163797693063
2011-05-18,0.017018838921940737
2011-05-19,0.005757419630434766
2011-05-20,-0.01709015230786259
2011-05-23,-0.021357874105245683
2011-05-24,-0.012027672614361532
2011-05-25,0.0006825684216249506
2011-05-26,0.004366822395272782
2011-05-27,0.01137367984326365
2011-05-31,0.02168759721075183
2011-06-01,-0.04279153227827267
2011-06-02,-0.0020094493362979894
2011-06-03,-0.01850329652460305
2011-06-06,-0.015219046036622615
2011-06-07,-0.0014456364870096788
2011-06-08,-0.0012358912497671412
2011-06-09,0.02294222001115314
2011-06-10,-0.0290886221067881
2011-06-13,8.10077620617425e-05
2011-06-14,0.021950129496705856
2011-06-15,-0.029938260311902526
2011-06-16,0.010098138024646968
2011-06-17,0.009062661348627784
2011-06-20,0.020452407191884677
2011-06-21,0.021773449746390228
2011-06-22,-0.014191512435080548
2011-06-23,-0.008744712351828696
2011-06-24,-0.02302180177296751
2011-06-27,0.017673084823032103
2011-06-28,0.022745211236384667
2011-06-29,0.010492852356209236
2011-06-30,0.020235188513310944
2011-07-01,0.03069726897445675
2011-07-05,-0.003891493221455582
2011-07-06,0.009959320457497362
2011-07-07,0.010594641629518974
2011-07-08,-0.014505907804082892
2011-07-11,-0.02971334696062374
2011-07-12,-0.004797837587473387
2011-07-13,0.007480513002224687
2011-07-14,-0.007852285046743325
2011-07-15,0.003189936311913718
2011-07-18,-0.013639743649219448
2011-07-19,0.02657170406418087
2011-07-20,-0.0007691177675182956
2011-07-21,0.025534364887314642
2011-07-22,0.0011369374613583354
2011-07-25,-0.016229613366240327
2011-07-26,-0.011721023427443081
2011-07-27,-0.04031496469790543
2011-07-28,-0.0056157116354832275
2011-07-29,-0.013080364102046816
2011-08-01,-0.014578650475749435
2011-08-02,-0.046348512495407404
2011-08-03,0.01185535822392879
2011-08-04,-0.07938278814719134
2011-08-05,0.006209604025068463
2011-08-08,-0.1251868705354176
2011-08-09,0.0941870251586141
2011-08-10,-0.09839458032987831
2011-08-11,0.08207195340270157
2011-08-12,0.02119146743254253
2011-08-15,0.040341443246440026
2011-08-16,-0.009987155736021242
2011-08-17,0.005722782565786946
2011-08-18,-0.07300550728824283
2011-08-19,-0.02672221965318409
2011-08-22,0.0043321496236596955
2011-08-23,0.05853717213435937
2011-08-24,0.03185871084476177
2011-08-25,-0.033198726096815935
2011-08-26,0.028738966963924327
2011-08-29,0.04685796751323239
2011-08-30,0.0067437134046075195
2011-08-31,0.009776848398409067
2011-09-01,-0.014008497446751512
2011-09-02,-0.04456151966913582
2011-09-06,-0.012802262985874422
2011-09-07,0.054661230375541006
2011-09-08,-0.01524791154504996
2011-09-09,-0.05427838425616013
2011-09-12,0.016212334485638094
2011-09-13,0.021217571610233826
2011-09-14,0.02795449292724196
2011-09-15,0.03891528725662739
2011-09-16,0.01382079897331363
2011-09-19,-0.01663144187588953
2011-09-20,-0.0013194601433963893
2011-09-21,-0.03178847433503244
2011-09-22,-0.027158720690870705
2011-09-23,0.006129226563314633
2011-09-26,0.02226264321429961
2011-09-27,0.020670241854924283
2011-09-28,-0.03817766509999198
2011-09-29,0.00858806835607866
2011-09-30,-0.039753852928241545
2011-10-03,-0.0585370160648965
2011-10-04,0.024680722156932844
2011-10-05,0.03133527097358946
2011-10-06,0.026697145074425825
2011-10-07,-0.00741087350805505
2011-10-10,0.06598403390010846
2011-10-11,-0.0013261320917760363
2011-10-12,0.013501532288962496
2011-10-13,-0.002637505505647293
2011-10-14,0.028048487470356605
2011-10-17,-0.03231407949264663
2011-10-18,0.025671911504487742
2011-10-19,-0.008635716506477539
2011-10-20,0.008109613875567178
2011-10-21,0.040506481968360514
2011-10-24,0.02027741524127631
2011-10-25,-0.03289108055200457
2011-10-26,0.01864995339263681
2011-10-27,0.05388214697872676
2011-10-28,-0.00032199301732112285
2011-10-31,-0.046557227898233224
2011-11-01,-0.047175368231993406
2011-11-02,0.025955465960730437
2011-11-03,0.026371685528981524
2011-11-04,-0.0139454385686461
2011-11-07,0.008924337474498306
2011-11-08,0.025456715698205012
2011-11-09,-0.05987694762832842
2011-11-10,0.014578714863044183
2011-11-11,0.037134278293206355
2011-11-14,-0.012434940488020237
2011-11-15,0.006498307231353912
2011-11-16,-0.03734999413217832
2011-11-17,-0.0242303527415521
2011-11-18,-0.0004798984825544186
2011-11-21,-0.03156431630591657
2011-11-22,-0.004400238229483898
2011-11-23,-0.039329023328528986
2011-11-25,-0.0026387016774089274
2011-11-28,0.0522092943838655
2011-11-29,0.013511359452039347
2011-11-30,0.08271152360334941
2011-12-01,0.0023603895682310317
2011-12-02,-0.0028337680197499924
2011-12-05,0.016133333032353495
2011-12-06,0.005661315598037263
2011-12-07,0.009865872338244217
2011-12-08,-0.03966830925634107
2011-12-09,0.023479965877565304
2011-12-12,-0.024736799339040536
2011-12-13,-0.014777377112230407
2011-12-14,-0.019328699296667355
2011-12-15,0.009238258491287114
2011-12-16,0.0030288620559524365
2011-12-19,-0.015391492410406445
2011-12-20,0.05333664054310419
2011-12-21,0.003011343537321301
2011-12-22,0.015529856339898679
2011-12-23,0.019196158154112675
2011-12-27,-0.00012916807740517809
2011-12-28,-0.021241019082052615
2011-12-29,0.017292151752165048
2011-12-30,-0.013162351837383537
2012-01-03,0.031302365887898476
2012-01-04,0.0041414741694199035
2012-01-05,0.001764738211832747
2012-01-06,-0.01011567288076567
2012-01-09,-0.0038621112772998286
2012-01-10,0.010560261832640017
2012-01-11,0.004619153552135977
2012-01-12,0.0020005435709185932
2012-01-13,-0.003970902372515601
2012-01-17,0.011307792105975142
2012-01-18,0.017240021122440323
2012-01-19,-0.0018928364014168019
2012-01-20,0.006620941294951918
2012-01-23,0.0009107534583140237
2012-01-24,-0.007662364336590898
2012-01-25,0.014645644613530396
2012-01-26,-0.012433262020870185
2012-01-27,-0.002316116039157931
2012-01-30,-0.004052825133661408
2012-01-31,0.004560375914355178
2012-02-01,0.021491849185406853
2012-02-02,0.00441693190969324
2012-02-03,0.013141665836596612
2012-02-06,-0.0030585372558263307
2012-02-07,0.006488597160684329
2012-02-08,0.003171264977226709
2012-02-09,0.006822251170213434
2012-02-10,-0.010019577091743892
2012-02-13,0.010900716112001092
2012-02-14,0.0028768279005531314
2012-02-15,-0.010040487423939962
2012-02-16,0.01825750661861245
2012-02-17,0.005772007550344514
2012-02-21,0.0035211332525492147
2012-02-22,-0.004714272185672238
2012-02-23,0.006638509186487277
2012-02-24,0.003468701204158993
2012-02-27,0.003686463382909186
2012-02-28,0.004852961262640417
2012-02-29,-0.0044812411705169464
2012-03-01,0.00794129655777817
2012-03-02,-0.0028171620075257793
2012-03-05,-0.0037235984717315465
2012-03-06,-0.013771321862930255
2012-03-07,0.0048597643732190944
2012-03-08,0.013072951622625882
2012-03-09,0.0035724814568508694
2012-03-12,-0.003337219909221433
2012-03-13,0.015131109608920414
2012-03-14,0.0008419393895978118
2012-03-15,0.003926120722862967
2012-03-16,0.0011845536834492033
2012-03-19,0.005342680573643633
2012-03-20,-0.008386715758226651
2012-03-21,-0.004702741461109435
2012-03-22,-0.005993556850873096
2012-03-23,0.0014222686181820064
2012-03-26,0.016851898873218203
2012-03-27,-0.0008370143495921635
2012-03-28,-0.003489161143791328
2012-03-29,0.01074078889844713
2012-03-30,0.005921916204628499
2012-04-02,0.0066919741702656
2012-04-03,-0.009179586794516482
2012-04-04,-0.019096025875508127
2012-04-05,-0.0025912287998698753
2012-04-09,-0.021002469131594675
2012-04-10,-0.0308004706067544
2012-04-11,0.013373466086740017
2012-04-12,0.023174384933110692
2012-04-13,-0.021651913191148325
2012-04-16,0.0020079652749891825
2012-04-17,0.027497805093944155
2012-04-18,-0.009166366529129295
2012-04-19,-0.005448488380668507
2012-04-20,0.0094708644468669
2012-04-23,-0.01590284711017726
2012-04-24,0.004851316626094972
2012-04-25,0.018820886852319245
2012-04-26,0.01207239147512776
2012-04-27,0.0020235555398473953
2012-04-30,-0.012640656712827662
2012-05-01,0.00948525523405493
2012-05-02,-0.005715932041202986
2012-05-03,-0.019791828039645756
2012-05-04,-0.029413621817223984
2012-05-07,0.0007800307448797692
2012-05-08,-0.0062939042355162796
2012-05-09,-0.011795646885777522
2012-05-10,0.006281042916010664
2012-05-11,-0.0017440437827252095
2012-05-14,-0.01667028321538929
2012-05-15,-0.007940458349308534
2012-05-16,-0.0029373601778127137
2012-05-17,-0.025331283584323672
2012-05-18,-0.016649895752719534
2012-05-21,0.03111459917639941
2012-05-22,8.729360135624736e-06
2012-05-23,-0.000650688302860009
2012-05-24,0.011699441247057966
2012-05-25,-0.0074522288945728914
2012-05-29,0.023031352588256265
2012-05-30,-0.02282478719885434
2012-05-31,-0.0027774535957620504
2012-06-01,-0.041129767819974544
2012-06-04,0.001330891007634046
2012-06-05,0.012918631881406057
2012-06-06,0.045563230819128095
2012-06-07,0.0029731799460560376
2012-06-08,0.01567114411769384
2012-06-11,-0.02296866056951799
2012-06-12,0.022016359650586986
2012-06-13,-0.010830232309120497
2012-06-14,0.030197898466508458
2012-06-15,0.01616616485377995
2012-06-18,0.004062057218723708
2012-06-19,0.01074733855979285
2012-06-20,-0.004074027132576301
2012-06-21,-0.022116944756872998
2012-06-22,0.008562706852573444
2012-06-25,-0.01775721486241892
2012-06-26,0.013086084919267868
2012-06-27,0.013485937492664113
2012-06-28,0.0017166963878522162
2012-06-29,0.03675158234647946
2012-07-02,-0.010123584472789942
2012-07-03,-0.001085404041077721
2012-07-05,0.000553916298952815
2012-07-06,-0.007101543295309315
2012-07-09,0.00045513562817651
2012-07-10,-0.013889599404757196
2012-07-11,0.0007256848430625362
2012-07-12,-0.012698037650541626
2012-07-13,0.028827949020598695
2012-07-16,-0.004335974145018625
2012-07-17,0.015621818872003115
2012-07-18,0.013887979111672347
2012-07-19,-0.0020852815634569183
2012-07-20,-0.012720797324349432
2012-07-23,-0.02112935153710529
2012-07-24,-0.01132641481224992
2012-07-25,-0.008850951306361923
2012-07-26,0.02825402971931282
2012-07-27,0.035601649452820607
2012-07-30,-0.0034012709018559637
2012-07-31,-0.018221434117966142
2012-08-01,-0.0038249783721753007
2012-08-02,-0.012113903552987424
2012-08-03,0.03381831334750767
2012-08-06,-0.002102650922769361
2012-08-07,0.0120945169860587
2012-08-08,0.003331348819192616
2012-08-09,-0.003541522947890651
2012-08-10,0.0026029412960798816
2012-08-13,-0.0013078123133368738
2012-08-14,0.000621146489282008
2012-08-15,0.007473387303079343
2012-08-16,0.012952793427018654
2012-08-17,0.000601121163417708
2012-08-20,-0.0005141440329794827
2012-08-21,-0.006662762624428052
2012-08-22,0.0016729476285627285
2012-08-23,-0.014433591671253944
2012-08-24,0.015161975722946445
2012-08-27,0.0016789218801848426
2012-08-28,-0.00350839098654659
2012-08-29,0.0037917313100199004
2012-08-30,-0.007415818890575968
2012-08-31,0.004792730628934577
2012-09-04,-0.0027448937625557555
2012-09-05,-0.00017498284793040586
2012-09-06,0.036455758202504907
2012-09-07,0.003577754605200369
2012-09-10,-0.010279572596575803
2012-09-11,-0.002448571031489052
2012-09-12,0.003505734391298298
2012-09-13,0.017213098413627226
2012-09-14,0.004876860861431318
2012-09-17,-0.0013020532479062106
2012-09-18,0.002083203526686478
2012-09-19,-0.00042612388639432685
2012-09-20,-7.220186284224471e-05
2012-09-21,0.005159532493532897
2012-09-24,-0.001987489106705152
2012-09-25,-0.006702449037545592
2012-09-26,-0.006243720320619469
2012-09-27,0.009268610733749096
2012-09-28,-0.007660311352358616
2012-10-01,0.0063571192835403904
2012-10-02,-0.0010667986323690684
2012-10-03,0.004521993142202713
2012-10-04,0.01981044507570208
2012-10-05,-0.0010477221205992947
2012-10-08,-0.003227684395164406
2012-10-09,-0.017910451242107866
2012-10-10,-0.008452860662485812
2012-10-11,-0.006298392016178093
2012-10-12,-0.007633155161498034
2012-10-15,0.01087066262600847
2012-10-16,0.012883923960745787
2012-10-17,-0.0003253560936386734
2012-10-18,-0.0031627647938555145
2012-10-19,-0.030558784113086913
2012-10-22,0.004980801871229581
2012-10-23,-0.024480199130447723
2012-10-24,-0.0035071847532550174
2012-10-25,0.0072427343740923515
2012-10-26,-0.0012137209487433518
2012-10-31,0.00296664183946396
2012-11-01,0.017718434602898785
2012-11-02,-0.020929869175004872
2012-11-05,0.0033957281058407725
2012-11-06,0.020223227606859802
2012-11-07,-0.04628733417996464
2012-11-08,-0.026528625051374516
2012-11-09,-0.0001408800783715326
2012-11-12,-0.0010699829028186208
2012-11-13,-0.006143830874309803
2012-11-14,-0.02741354301927139
2012-11-15,0.0003120260293450743
2012-11-16,0.008885279940675686
2012-11-19,0.03429976354601667
2012-11-20,0.0033624459644024723
2012-11-21,0.004877273226985334
2012-11-23,0.025070433909618123
2012-11-26,-0.009541467503225053
2012-11-27,-0.012481651282711462
2012-11-28,0.02165508749653232
2012-11-29,0.018547486735401655
2012-11-30,0.0040418964158106
2012-12-03,-0.006720125966288953
2012-12-04,-0.0028628580998545108
2012-12-05,0.002729592904911353
2012-12-06,0.001890296390268491
2012-12-07,0.00423181776262668
2012-12-10,0.0022195872014232404
2012-12-11,0.007473888916909931
2012-12-12,0.0028184737986672826
2012-12-13,-0.008366650115340104
2012-12-14,-0.004919931025848149
2012-12-17,0.010185853891161552
2012-12-18,0.020654812392456767
2012-12-19,-0.015477446167091624
2012-12-20,0.012557196645572552
2012-12-21,-0.013930733146298783
2012-12-24,-0.007789469918147888
2012-12-26,-0.008863960315260376
2012-12-27,-0.0026589238265948105
2012-12-28,-0.023039175442671186
2012-12-31,0.029595632797375364
2013-01-02,0.043572258276680736
2013-01-03,-0.011271665360899498
2013-01-04,0.006026025834709045
2013-01-07,-0.00638432392783094
2013-01-08,-0.009355411582529921
2013-01-09,0.01044868199000892
2013-01-10,0.012491931059049199
2013-01-11,-0.0013507884389255109
2013-01-14,0.003097561640836512
2013-01-15,0.004856830240870188
2013-01-16,-0.00018240976669990435
2013-01-17,0.011704361267751998
2013-01-18,0.0056945953938651005
2013-01-22,0.016362043257086817
2013-01-23,0.0045296735947698
2013-01-24,0.0061930361731305
2013-01-25,0.005947734919929396
2013-01-28,-0.002294387299124341
2013-01-29,0.011225220256207001
2013-01-30,-0.008215885627386557
2013-01-31,-0.008333741321925024
2013-02-01,0.02186999473718493
2013-02-04,-0.019395791707430186
2013-02-05,0.023679031000784227
2013-02-06,-0.0034497965857910257
2013-02-07,-0.003913167388412185
2013-02-08,0.011946397023360807
2013-02-11,-0.005534617599030363
2013-02-12,0.002437082715172266
2013-02-13,0.0006144748081278868
2013-02-14,0.0005283890707703774
2013-02-15,0.000969058365357139
2013-02-19,0.004102486134019144
2013-02-20,-0.02291658468787984
2013-02-21,-0.007443549757967147
2013-02-22,0.011229515172892515
2013-02-25,-0.03494852088992046
2013-02-26,0.010245735574788258
2013-02-27,0.025988085865848713
2013-02-28,-0.0035655731614348415
2013-03-01,0.005985739174015481
2013-03-04,0.009150164060788765
2013-03-05,0.013642205528697486
2013-03-06,0.0030458362274326635
2013-03-07,0.002845086134550482
2013-03-08,0.008954584579468673
2013-03-11,0.006147752866435857
2013-03-12,0.0048993023946644195
2013-03-13,7.648894361257576e-05
2013-03-14,0.007947962037494746
2013-03-15,-0.005034453040340569
2013-03-18,-0.006310275215842766
2013-03-19,0.0005314428988754418
2013-03-20,0.00878063148688861
2013-03-21,-0.008920928699179927
2013-03-22,0.011712256874472974
2013-03-25,-0.0033389141697486007
2013-03-26,0.016072252302894854
2013-03-27,0.004000677986960613
2013-03-28,0.004771546377462601
2013-04-01,0.005312885298449482
2013-04-02,0.024161765115294505
2013-04-03,-0.016034009059091487
2013-04-04,0.007260095138282289
2013-04-05,-0.006690015492541862
2013-04-08,0.009388810891683544
2013-04-09,0.00011924019449475933
2013-04-10,0.006538736673898169
2013-04-11,0.0042601457957495105
2013-04-12,0.0003528102776297103
2013-04-15,-0.018774173367154146
2013-04-16,0.026906671688332023
2013-04-17,-0.023220428800274837
2013-04-18,-0.020516182750063977
2013-04-19,0.009994728052880531
2013-04-22,0.003530194293744369
2013-04-23,0.01644060161023888
2013-04-24,0.0017454886317775386
2013-04-25,0.009932821185665262
2013-04-26,-0.0002683251645946602
2013-04-29,0.010832271744356284
2013-04-30,0.0019560783251030994
2013-05-01,-0.01481971174404384
2013-05-02,0.013276515392108963
2013-05-03,0.013161477822092049
2013-05-06,0.007705651625193609
2013-05-07,0.010438327807817548
2013-05-08,0.014981421699937688
2013-05-09,-0.005614580175437044
2013-05-10,0.009379127498730834
2013-05-13,-0.0027332495978455765
2013-05-14,0.014531313342620391
2013-05-15,0.010865570034865917
2013-05-16,-0.00642059319128617
2013-05-17,0.01929770540703379
2013-05-20,-0.003923982427827125
2013-05-21,0.007966768390896314
2013-05-22,-0.011853740503529562
2013-05-23,-0.002374236157662031
2013-05-24,0.0008919854142681552
2013-05-28,0.015750178599395433
2013-05-29,-0.0031229084193621286
2013-05-30,0.006219511554469557
2013-05-31,-0.018715719474514614
2013-06-03,0.0045559891932455176
2013-06-04,-0.008350561277479282
2013-06-05,-0.02872789979480478
2013-06-06,0.01629512141816948
2013-06-07,0.021130127899331982
2013-06-10,0.0036853089077533248
2013-06-11,-0.012829041810520352
2013-06-12,-0.014075712976531034
2013-06-13,0.025984803822280956
2013-06-14,-0.010875487878475112
2013-06-17,0.014756022909894626
2013-06-18,0.018283443544436055
2013-06-19,-0.025456963427522995
2013-06-20,-0.04724051531978643
2013-06-21,0.006470096043645285
2013-06-24,-0.010735811732544134
2013-06-25,0.010660224669826546
2013-06-26,0.020721564526676135
2013-06-27,0.015731562938410503
2013-06-28,-0.01511654397526492
2013-07-01,0.010357058315965749
2013-07-02,-0.0036740198801364114
2013-07-03,0.004853085033327423
2013-07-05,0.019223056275792183
2013-07-08,0.016200712901986034
2013-07-09,0.012135796171603881
2013-07-10,3.5653936589841347e-05
2013-07-11,0.025990431917598967
2013-07-12,-0.0005490695650227975
2013-07-15,0.0029234577884078424
2013-07-16,-0.006096415812889648
2013-07-17,0.0016125333667547962
2013-07-18,0.023618912098435606
2013-07-19,0.0070888788660679915
2013-07-22,0.0041329394571573376
2013-07-23,0.0002780131586482429
2013-07-24,-0.0031913783516884404
2013-07-25,0.001624117472780778
2013-07-26,-0.0006086731386355118
2013-07-29,-0.0003528126010932239
2013-07-30,-0.0021141331049722234
2013-07-31,0.002319582187210187
2013-08-01,0.01715940183930446
2013-08-02,0.0020690261361580075
2013-08-05,0.002321408689397824
2013-08-06,-0.004419588244787369
2013-08-07,-0.0038707625560132223
2013-08-08,0.003566641531668087
2013-08-09,-0.002879399650632262
2013-08-12,-0.002962655072124026
2013-08-13,0.007631243785999343
2013-08-14,-0.016463710131819874
2013-08-15,-0.02937168271749451
2013-08-16,-0.0030516448578666667
2013-08-19,-0.007373391377246459
2013-08-20,0.008025997830619176
2013-08-21,-0.013838101932876238
2013-08-22,0.010567920264579148
2013-08-23,0.008864367124403446
2013-08-26,-0.00858490090226898
2013-08-27,-0.024769741819215194
2013-08-28,0.0028268980196222105
2013-08-29,0.007424463741060591
2013-08-30,-0.006234170088334613
2013-09-03,0.008090000237193258
2013-09-04,0.013221011879166505
2013-09-05,0.009784160649982719
2013-09-06,-0.00028971081363623043
2013-09-09,0.017373408670618942
2013-09-10,0.017406945019115168
2013-09-11,0.015955487398061064
2013-09-12,-0.00649979989944198
2013-09-13,0.0018230026546342893
2013-09-16,0.013456539306187107
2013-09-17,0.0031651240249424796
2013-09-18,0.013168500704363525
2013-09-19,-0.00888695615476908
2013-09-20,-0.01741803450043429
2013-09-23,-0.003278660712846838
2013-09-24,-0.005657741307123239
2013-09-25,-0.008395143285784574
2013-09-26,0.007795201496899731
2013-09-27,-0.00888382064917498
2013-09-30,-0.012980519965339289
2013-10-01,0.012176849460830974
2013-10-02,-0.004389943819656837
2013-10-03,-0.014144159018098259
2013-10-04,0.011020041734706984
2013-10-07,-0.017888244414760418
2013-10-08,-0.021801171235305016
2013-10-09,0.0065255570907350215
2013-10-10,0.043056964598501925
2013-10-11,0.012554164333935715
2013-10-14,0.008380385834391801
2013-10-15,-0.016755804839926412
2013-10-16,0.02925483410858326
2013-10-17,-0.005702542086583401
2013-10-18,-0.004071215194821801
2013-10-21,-0.002224621757871642
2013-10-22,0.011377087220664606
2013-10-23,-0.010318781405078137
2013-10-24,0.00351364812829594
2013-10-25,0.006530668172070856
2013-10-28,0.0006643702851657856
2013-10-29,0.016965535536287817
2013-10-30,-0.009339928141319065
2013-10-31,-0.004019158773154649
2013-11-01,0.009450922593918484
2013-11-04,0.006683508386366952
2013-11-05,-0.004742056219333098
2013-11-06,0.024268641007169807
2013-11-07,-0.020723249400365372
2013-11-08,0.02010757375799051
2013-11-11,0.0012993835450865198
2013-11-12,-0.005408789951926219
2013-11-13,0.014834380176795964
2013-11-14,0.009752687325556652
2013-11-15,0.009980769823675437
2013-11-18,-0.004173920378192083
2013-11-19,-0.0019759213389775477
2013-11-20,-0.00536138461382353
2013-11-21,0.015975297195634862
2013-11-22,0.011728292720264863
2013-11-25,0.001930445280522899
2013-11-26,0.00046766320930897504
2013-11-27,0.003513586807608366
2013-11-29,-0.0008506109411856038
2013-12-02,-0.009771526263833643
2013-12-03,-0.008322668525463376
2013-12-04,-0.002933397956311124
2013-12-05,-0.0131143450520721
2013-12-06,0.022191678518830055
2013-12-09,0.0023653440096305274
2013-12-10,-0.007092529509290867
2013-12-11,-0.02466018584823755
2013-12-12,-0.01086664771959596
2013-12-13,-0.00245764458357635
2013-12-16,0.01250091838480321
2013-12-17,-0.004467376575607071
2013-12-18,0.03310674970650464
2013-12-19,0.0006901145107891045
2013-12-20,0.011165490934519816
2013-12-23,0.009972613127127841
2013-12-24,0.0039726308620650075
2013-12-26,0.011702647841146382
2013-12-27,-0.0008507059464199453
2013-12-30,0.0013157121408297694
2013-12-31,0.009288208941349175
2014-01-02,-0.0179067600938531
2014-01-03,0.001465374452493753
2014-01-06,-0.008857236115496601
2014-01-07,0.015539494287540218
2014-01-08,-0.009234046081559066
2014-01-09,0.010573346107766654
2014-01-10,-0.004059690043835864
2014-01-13,-0.027334223965240843
2014-01-14,0.016418553349464668
2014-01-15,0.012187018289174982
2014-01-16,-0.012143594341043413
2014-01-17,-0.0010394683700691563
2014-01-21,-0.00031212561346990976
2014-01-22,-0.0027017916237692067
2014-01-23,-0.016616468982768366
2014-01-24,-0.03792290058290356
2014-01-27,-0.002981217349402526
2014-01-28,0.011341130883928015
2014-01-29,-0.022190695447128227
2014-01-30,0.019578359729083592
2014-01-31,-0.013997241825958677
2014-02-03,-0.04275098645312074
2014-02-04,0.009055301995780907
2014-02-05,-0.0006888671220566146
2014-02-06,0.02811807436319722
2014-02-07,0.019166132284005856
2014-02-10,-0.004388053735743299
2014-02-11,0.022829736378021718
2014-02-12,-0.00035874898662364323
2014-02-13,0.012299217576988375
2014-02-14,0.018281777077135596
2014-02-18,-0.0003161370173830995
2014-02-19,-0.011081971729018869
2014-02-20,0.008121025826642935
2014-02-21,-0.0037917820767643185
2014-02-24,0.01666099806719528
2014-02-25,0.0003867238754472432
2014-02-26,0.00444881674369923
2014-02-27,0.008290354676323646
2014-02-28,0.009733888863298634
2014-03-03,-0.01561981922239836
2014-03-04,0.026150340398689628
2014-03-05,-0.0023167301342448617
2014-03-06,-0.0019973215267384287
2014-03-07,0.0009575347338140515
2014-03-10,0.0021976020003879057
2014-03-11,-0.006897026082345534
2014-03-12,0.0009787871816514765
2014-03-13,-0.022047902436329724
2014-03-14,-0.010377756190513019
2014-03-17,0.017546316981053984
2014-03-18,0.01461582283008854
2014-03-19,-0.004549766242694778
2014-03-20,0.014652072329769023
2014-03-21,-0.003893443970098634
2014-03-24,-0.005138835538435551
2014-03-25,0.009000402249423054
2014-03-26,-0.012419270121039789
2014-03-27,-0.004211149785155461
2014-03-28,0.0067564494904342135
2014-03-31,0.01415961332424555
2014-04-01,0.008119968750945224
2014-04-02,0.003197621569426991
2014-04-03,0.0004189547796334596
2014-04-04,-0.019491756533681195
2014-04-07,-0.017694540524078102
2014-04-08,0.007075406088450979
2014-04-09,0.019505379631379695
2014-04-10,-0.03494393420526977
2014-04-11,-0.01636997466771973
2014-04-14,0.014089971329435739
2014-04-15,0.009100252630321198
2014-04-16,0.014750949852115728
2014-04-17,-0.006993236049906002
2014-04-21,0.0032011119163195584
2014-04-22,0.0077920665575024585
2014-04-23,-0.0006998569737223397
2014-04-24,0.006186205116015966
2014-04-25,-0.015513338702521817
2014-04-28,0.007613288722407845
2014-04-29,0.005057528430198491
2014-04-30,0.004499554603259133
2014-05-01,-0.0016192217854020868
2014-05-02,-0.003515950507992324
2014-05-05,0.00124825703370303
2014-05-06,-0.0157772824331518
2014-05-07,0.017496471354565023
2014-05-08,0.003219880949005069
2014-05-09,0.004436592002721655
2014-05-12,0.017054540986265507
2014-05-13,0.0021468387505831307
2014-05-14,-0.01219650544812402
2014-05-15,-0.017975997758513395
2014-05-16,0.008252621921114135
2014-05-19,0.006907319015657759
2014-05-20,-0.01569928877368493
2014-05-21,0.015762057020972227
2014-05-22,0.0053199065895775735
2014-05-23,0.007645699170488242
2014-05-27,0.006757954812264363
2014-05-28,-0.0032993047239083095
2014-05-29,0.009166459757915479
2014-05-30,0.006852301071155357
2014-06-02,0.0010096013023438693
2014-06-03,-0.00025905085894171786
2014-06-04,0.005465616428854537
2014-06-05,0.010403513336514389
2014-06-06,0.009080452030201733
2014-06-09,8.052128917339786e-05
2014-06-10,-0.0007593715406323883
2014-06-11,-0.0077218963333869975
2014-06-12,-0.013145708761750849
2014-06-13,0.002886845008161995
2014-06-16,-0.0026995718067313154
2014-06-17,0.004035944607043554
2014-06-18,0.01484569292164301
2014-06-19,0.0055308656326490185
2014-06-20,0.004022757380849521
2014-06-23,-0.0012396827155359157
2014-06-24,-0.006372714608942991
2014-06-25,0.007183570160558138
2014-06-26,-0.002960911189053709
2014-06-27,0.00036230240472414385
2014-06-30,-0.003119397323099147
2014-07-01,0.01191657118303481
2014-07-02,0.00395504358183711
2014-07-03,0.011421637296502756
2014-07-07,-0.007645387900617612
2014-07-08,-0.007818007051812187
2014-07-09,0.010538894902712558
2014-07-10,-0.007442817468926842
2014-07-11,0.004541589474549246
2014-07-14,0.01116478796792364
2014-07-15,-0.0010466475418428143
2014-07-16,0.005707761287961462
2014-07-17,-0.01363679943107933
2014-07-18,0.015870364359531694
2014-07-21,-0.006159223647526028
2014-07-22,0.00982955765245221
2014-07-23,0.0005935882117285066
2014-07-24,-4.8121913860486615e-05
2014-07-25,-0.012928177360141523
2014-07-28,0.003074068221715621
2014-07-29,-0.006270774272034596
2014-07-30,-0.006918732708607604
2014-07-31,-0.03564457769213722
2014-08-01,-0.003518583984435787
2014-08-04,0.011356984744114298
2014-08-05,-0.01797536719408859
2014-08-06,0.006494905485772715
2014-08-07,-0.01821002731745317
2014-08-08,0.022499708812800834
2014-08-11,0.0023478140049053367
2014-08-12,-0.00014752544161427783
2014-08-13,0.012817645234933641
2014-08-14,0.008234829094405514
2014-08-15,-0.004416105620474259
2014-08-18,0.018444455230369874
2014-08-19,0.013375205489044572
2014-08-20,0.00566926044421058
2014-08-21,0.007386570127341389
2014-08-22,-0.0034079422370596932
2014-08-25,0.00862560510343522
2014-08-26,0.004052652520742248
2014-08-27,0.004289722444457377
2014-08-28,-0.002251521163754635
2014-08-29,0.00376101992159076
2014-09-02,-0.0018888194051983722
2014-09-03,0.0011643804623709343
2014-09-04,0.006810472210905695
2014-09-05,0.01198537744877276
2014-09-08,-0.0031551574769520113
2014-09-09,-0.002860015924001336
2014-09-10,0.00020709417859623297
2014-09-11,-4.4095867513794054e-05
2014-09-12,-0.006799298293834853
2014-09-15,-0.0010309395794433692
2014-09-16,0.014895612475860943
2014-09-17,0.0007486865344024404
2014-09-18,0.011418604300444998
2014-09-19,0.0009544348542252369
2014-09-22,-0.012282154245237563
2014-09-23,-0.013267617770197738
2014-09-24,0.021595712549916213
2014-09-25,-0.03328722774690729
2014-09-26,0.013769316403849229
2014-09-29,-0.0039577079301615055
2014-09-30,-0.003744356933962105
2014-10-01,-0.0257293641346569
2014-10-02,0.0015443791649676483
2014-10-03,0.023224305504670327
2014-10-06,-0.00576518773989008
2014-10-07,-0.02793619367452861
2014-10-08,0.03909347715348052
2014-10-09,-0.03483288220987673
2014-10-10,-0.010871197741533724
2014-10-13,-0.029866733437734744
2014-10-14,-0.003534096015698986
2014-10-15,-0.02018717979896835
2014-10-16,0.005829170304618587
2014-10-17,0.033358037264322654
2014-10-20,0.01659560861124902
2014-10-21,0.034872528752230576
2014-10-22,-0.014485618277105605
2014-10-23,0.020699188377298307
2014-10-24,0.013437113635793044
2014-10-27,0.002218387525724298
2014-10-28,0.017872627637124383
2014-10-29,0.0007242867893739384
2014-10-30,0.01917763463734573
2014-10-31,0.020018702833863006
2014-11-03,0.0010890271528299828
2014-11-04,-0.0019816769015975847
2014-11-05,0.006558045446390699
2014-11-06,0.004338192043542854
2014-11-07,-0.006215189001000869
2014-11-10,0.005242917387589042
2014-11-11,0.00321849330799539
2014-11-12,-0.0007430332833179311
2014-11-13,0.0012057270693597451
2014-11-14,-0.0018046369353739208
2014-11-17,0.004169415887418746
2014-11-18,0.008616273229812038
2014-11-19,-0.004695730857529081
2014-11-20,0.0012823533128465904
2014-11-21,0.003904233203722073
2014-11-24,0.00258379560214669
2014-11-25,0.002357550131641861
2014-11-26,0.0020940212744234733
2014-11-28,-0.0001952212935591609
2014-12-01,-0.004084568231374346
2014-12-02,0.006391620536637428
2014-12-03,0.00661843427159848
2014-12-04,-0.003814000533933959
2014-12-05,0.002887378798633676
2014-12-08,-0.00598677973843233
2014-12-09,0.0018944215174153808
2014-12-10,-0.01659526092904111
2014-12-11,0.00495228111860961
2014-12-12,-0.013885238685530382
2014-12-15,-0.006735399401438037
2014-12-16,-0.01759524627263425
2014-12-17,0.03957261293669355
2014-12-18,0.04827754149731005
2014-12-19,0.005503752472247556
2014-12-22,0.014080923949168206
2014-12-23,0.005923196035288441
2014-12-24,-0.0018451994972969777
2014-12-26,0.0022850485567225865
2014-12-29,-0.0003078145993784089
2014-12-30,-0.004606898558939753
2014-12-31,-0.021078981296496463
2015-01-02,-0.0019196508315278825
2015-01-05,-0.033142463942639894
2015-01-06,-0.01048600353363039
2015-01-07,0.02558598775416323
2015-01-08,0.04069913395081402
2015-01-09,-0.01896711615090129
2015-01-12,-0.014606545081079971
2015-01-13,-0.004356862824684272
2015-01-14,-0.015119135054750668
2015-01-15,-0.007878865732126681
2015-01-16,0.020157403068915572
2015-01-20,0.0021303777019584824
2015-01-21,0.01395780441765733
2015-01-22,0.036146565639938316
2015-01-23,-0.01343030527913125
2015-01-26,0.0033410434147702977
2015-01-27,-0.02946947089749579
2015-01-28,-0.024378392824900938
2015-01-29,0.020791710783545515
2015-01-30,-0.02267519979852372
2015-02-02,0.024419164615358292
2015-02-03,0.03836308347714442
2015-02-04,0.0016029098145428004
2015-02-05,0.015377638457885087
2015-02-06,-0.007394834843463846
2015-02-09,-0.012102953013511681
2015-02-10,0.020907631790512887
2015-02-11,0.0024087394136795004
2015-02-12,0.012529250151715313
2015-02-13,0.0034801203516562898
2015-02-17,0.0037021341813510016
2015-02-18,-0.0011453804622558333
2015-02-19,-0.0025354547321712537
2015-02-20,0.01838968200638928
2015-02-23,0.00885619046219729
2015-02-24,0.003432170974143169
2015-02-25,-0.004464048119670421
2015-02-26,-0.0030172048730271097
2015-02-27,-0.005676361523715751
2015-03-02,0.014513817530113458
2015-03-03,-0.010720968067056622
2015-03-04,-0.006829856485193568
2015-03-05,0.012255763186129505
2015-03-06,-0.028560358658143395
2015-03-09,0.015295621175426266
2015-03-10,-0.03459988135295094
2015-03-11,-0.003338519825143104
2015-03-12,0.02851407068733808
2015-03-13,-0.009629722278440084
2015-03-16,0.027460635219518748
2015-03-17,-0.009922868290211662
2015-03-18,0.024998447199691617
2015-03-19,-0.005570483595866374
2015-03-20,0.011976814958650127
2015-03-23,-0.0014374056638439328
2015-03-24,-0.010162481683827749
2015-03-25,-0.02971272801712078
2015-03-26,-0.005701945904935922
2015-03-27,0.007213327415364303
2015-03-30,0.02954923194523129
2015-03-31,-0.021426661252388738
2015-04-01,-0.009913130493777903
2015-04-02,0.0071706039822047995
2015-04-06,0.012294611310310753
2015-04-07,-0.004493315627373214
2015-04-08,0.00622502855315481
2015-04-09,0.0013602688580956757
2015-04-10,0.01028736609978979
2015-04-13,-0.006649301420790621
2015-04-14,0.00573225345164247
2015-04-15,-0.00013036196448105823
2015-04-16,0.00563584119201346
2015-04-17,-0.0307893497363302
2015-04-20,0.018159206919729987
2015-04-21,-0.0008862529438668456
2015-04-22,0.003362835328608676
2015-04-23,0.004482476683203234
2015-04-24,0.005028119339797669
2015-04-27,-0.012085359617728601
2015-04-28,0.007347322428622781
2015-04-29,-0.017880121504952252
2015-04-30,-0.02326299549536007
2015-05-01,0.02409993304774885
2015-05-04,0.008443749739631334
2015-05-05,-0.020353704434411833
2015-05-06,-0.004020038174110617
2015-05-07,0.008678326303229462
2015-05-08,0.024916556975820018
2015-05-11,-0.011401733428392543
2015-05-12,-0.004682555617875096
2015-05-13,0.001493217322992317
2015-05-14,0.02019194436508192
2015-05-15,0.007462722027885926
2015-05-18,0.0046150494212584955
2015-05-19,0.0013922178332603197
2015-05-20,-0.0017634499059684847
2015-05-21,0.00149895192617978
2015-05-22,-0.006101289895100158
2015-05-26,-0.019363617390419363
2015-05-27,0.017646117781703767
2015-05-28,-0.0030978356176887163
2015-05-29,-0.011331064579468239
2015-06-01,0.0015581608025223423
2015-06-02,-0.007931545132716681
2015-06-03,0.00765891425023816
2015-06-04,-0.01926140603254016
2015-06-05,-0.0076156170896580205
2015-06-08,-0.008765408782110077
2015-06-09,-0.0005711014947320742
2015-06-10,0.025421054505295353
2015-06-11,0.0065678280017602425
2015-06-12,-0.016404849421300088
2015-06-15,-0.007949257929548228
2015-06-16,0.015862781725200843
2015-06-17,0.0003508628640293281
2015-06-18,0.020307894249219922
2015-06-19,-0.010021086234935675
2015-06-22,0.009603536385713714
2015-06-23,0.005572272300855879
2015-06-24,-0.022423713230375893
2015-06-25,-0.0005014131199856586
2015-06-26,0.0052796400251644265
2015-06-29,-0.03816877549605903
2015-06-30,0.002732056417780832
2015-07-01,0.017589297722709497
2015-07-02,-0.005966204815870135
2015-07-06,-0.003759382848115417
2015-07-07,0.014111658711871228
2015-07-08,-0.02865894075998398
2015-07-09,0.0032628404512446375
2015-07-10,0.02986425022995946
2015-07-13,0.020282840924420426
2015-07-14,0.011556848710722517
2015-07-15,0.000656573306082559
2015-07-16,0.007908060926252677
2015-07-17,-0.0017740711859205907
2015-07-20,-0.0008890787487721654
2015-07-21,-0.014388380023000316
2015-07-22,-0.002077894135052107
2015-07-23,-0.012776789798741507
2015-07-24,-0.01813843432457441
2015-07-27,-0.011486797113739955
2015-07-28,0.025294166511903575
2015-07-29,0.0117140145978138
2015-07-30,-0.0022028250758556783
2015-07-31,-0.0015910063762388982
2015-08-03,-0.007591024050073239
2015-08-04,-0.004845525953829074
2015-08-05,0.012609543897753903
2015-08-06,-0.014592598862152858
2015-08-07,-0.006478719727035646
2015-08-10,0.022361043165054217
2015-08-11,-0.016455146654893373
2015-08-12,0.00022817356984048797
2015-08-13,-0.003477921270120857
2015-08-14,0.007547242387994089
2015-08-17,0.013186122368176071
2015-08-18,-0.0009657717698476
2015-08-19,-0.01760068501861841
2015-08-20,-0.040624741298239966
2015-08-21,-0.06103509775821955
2015-08-24,-0.07773665275486205
2015-08-25,-0.021553837829412004
2015-08-26,0.07627321109337544
2015-08-27,0.04888668194880635
2015-08-28,-0.0013557807948387857
2015-08-31,-0.015692526029615638
2015-09-01,-0.052513159583080185
2015-09-02,0.03410901125947112
2015-09-03,0.001036584549396861
2015-09-04,-0.030450964570053494
2015-09-08,0.050009986170640515
2015-09-09,-0.024992964611195906
2015-09-10,0.011757412794430986
2015-09-11,0.014084031564735219
2015-09-14,-0.007486506067525963
2015-09-15,0.02732165792500871
2015-09-16,0.017288986686259326
2015-09-17,-0.0007800081684960693
2015-09-18,-0.030463858454086543
2015-09-21,0.015455959821842818
2015-09-22,-0.020575711670039385
2015-09-23,0.0017843030107086196
2015-09-24,-0.011243465677611867
2015-09-25,-0.0037914836097190426
2015-09-28,-0.04421333113701613
2015-09-29,0.005666582606157287
2015-09-30,0.030541877945901953
2015-10-01,0.0032193841380772255
2015-10-02,0.02667149982243975
2015-10-05,0.03370182173744503
2015-10-06,-0.008671807567371856
2015-10-07,0.012041557298362586
2015-10-08,0.018574567903173165
2015-10-09,0.012580200472298634
2015-10-12,0.008962638254285926
2015-10-13,-0.001965823381089367
2015-10-14,-0.007698137067603602
2015-10-15,0.007204590111715292
2015-10-16,0.003041150540815346
2015-10-19,0.002067796536382993
2015-10-20,0.00029879758524252735
2015-10-21,-0.010261798988792988
2015-10-22,0.022333346007424974
2015-10-23,0.0158076647340403
2015-10-26,0.00022636303480819153
2015-10-27,0.003926187246302138
2015-10-28,0.017672241334558726
2015-10-29,-0.0003973559262866942
2015-10-30,-0.012014656336226984
2015-11-02,0.01945576292340185
2015-11-03,8.906178572876209e-05
2015-11-04,-0.008295006867838621
2015-11-05,0.0023532667393437005
2015-11-06,-0.0035188871512565516
2015-11-09,-0.007967704962779909
2015-11-10,0.009011791222559427
2015-11-11,-0.008139124959379108
2015-11-12,-0.025369244188257624
2015-11-13,-0.023724556519404718
2015-11-16,0.03102489546335773
2015-11-17,0.005016537559778826
2015-11-18,0.032611912161218545
2015-11-19,-0.012059996775183445
2015-11-20,0.01231308472260868
2015-11-23,-0.003372072503674636
2015-11-24,0.0033784510305223435
2015-11-25,0.00241954903491443
2015-11-27,0.0006584180736105112
2015-11-30,-0.00641910171851297
2015-12-01,0.021422188236450066
2015-12-02,-0.01025597281669701
2015-12-03,-0.022720940064677113
2015-12-04,0.04027693983713372
2015-12-07,-0.012479391989718118
2015-12-08,-0.005231427771988968
2015-12-09,-0.007517299606925345
2015-12-10,0.004058927320250091
2015-12-11,-0.014637556539941735
2015-12-14,0.003730905752156996
2015-12-15,0.017347607060701306
2015-12-16,0.024930954859161497
2015-12-17,-0.02406788896975498
2015-12-18,-0.042401692516794445
2015-12-21,0.018429962449933168
2015-12-22,0.016967839703014534
2015-12-23,0.02032674379790583
2015-12-24,-0.004709621499750602
2015-12-28,-0.0029211678142576566
2015-12-29,0.021243799602241226
2015-12-30,-0.011743384147974406
2015-12-31,-0.01974002683313648
2016-01-04,-0.027693682646160275
2016-01-05,0.0027037002840896475
2016-01-06,-0.025396237019784024
2016-01-07,-0.04786743646746161
2016-01-08,-0.024657469903155572
2016-01-11,0.005970326814419178
2016-01-12,0.019787153252252766
2016-01-13,-0.04819280567861099
2016-01-14,0.027114459045003078
2016-01-15,-0.04188485400344312
2016-01-19,0.011053771822473156
2016-01-20,-0.01842254791974407
2016-01-21,0.008176391436024995
2016-01-22,0.032982795395990715
2016-01-25,-0.027380965375351958
2016-01-26,0.020392302023587588
2016-01-27,-0.024041772585651322
2016-01-28,0.010667438578714942
2016-01-29,0.04839991982578479
2016-02-01,-2.8264519225595203e-05
2016-02-02,-0.0351561914081337
2016-02-03,0.006642379500265741
2016-02-04,0.0026375443860374263
2016-02-05,-0.028357651541803426
2016-02-08,-0.016529888031702356
2016-02-09,0.004000122517738306
2016-02-10,0.0003171066478631649
2016-02-11,-0.027869672175552838
2016-02-12,0.03464988457589613
2016-02-16,0.031312444451511226
2016-02-17,0.03433479384964154
2016-02-18,-0.010561904695712075
2016-02-19,-0.00024020504451604697
2016-02-22,0.031034158994348172
2016-02-23,-0.0166846722096665
2016-02-24,0.009034840921333491
2016-02-25,0.021830548733095593
2016-02-26,-0.011932088504556454
2016-02-29,-0.01621438954301821
2016-03-01,0.040366071987847
2016-03-02,0.008006960442000565
2016-03-03,0.004185007482755169
2016-03-04,0.004283356548322924
2016-03-07,-0.0007591109901708144
2016-03-08,-0.00798233791170654
2016-03-09,0.008910081218035878
2016-03-10,0.0018718247126334217
2016-03-11,0.027317219430484718
2016-03-14,0.00010262529254686983
2016-03-15,0.0016109657618471219
2016-03-16,0.007921793438693068
2016-03-17,0.010030653476887575
2016-03-18,0.011323040452986573
2016-03-21,0.0031247876322415685
2016-03-22,-0.0018503962340170486
2016-03-23,-0.0032308432957653494
2016-03-24,-0.006138672459819616
2016-03-28,0.004257492033559106
2016-03-29,0.017212857984903678
2016-03-30,0.010003659765757766
2016-03-31,-0.00455744087363991
2016-04-01,0.012376503326739136
2016-04-04,-0.00620872572605196
2016-04-05,-0.020587051784031783
2016-04-06,0.015951949987599537
2016-04-07,-0.025810925674880317
2016-04-08,0.0005134832848031506
2016-04-11,-0.005736413417154188
2016-04-12,0.017518177358570183
2016-04-13,0.01916349879873186
2016-04-14,0.0009417211791089298
2016-04-15,-0.0008682748385366033
2016-04-18,0.011160139789491094
2016-04-19,0.01051917319860999
2016-04-20,0.0076272891448300045
2016-04-21,-0.012245245974532828
2016-04-22,0.0004851903313134747
2016-04-25,-0.000762564499524564
2016-04-26,0.0044860948419946966
2016-04-27,0.0002070477832827565
2016-04-28,-0.017120449228362016
2016-04-29,-0.012739905562671431
2016-05-02,0.015635625175272002
2016-05-03,-0.010678094930609972
2016-05-04,-0.00908549806251674
2016-05-05,-0.005132983622789936
2016-05-06,0.0031405296589810906
2016-05-09,0.0045749697303372455
2016-05-10,0.021749724163679374
2016-05-11,-0.024670290551833066
2016-05-12,-0.002097950838575147
2016-05-13,-0.019992119290930054
2016-05-16,0.02043979123489497
2016-05-17,-0.020089822773240878
2016-05-18,-0.0012180338521915806
2016-05-19,-0.005288931395724996
2016-05-20,0.009149642971359999
2016-05-23,-0.0033209209596907828
2016-05-24,0.023899058358184615
2016-05-25,0.015950408122111133
2016-05-26,0.007409081348555026
2016-05-27,0.005762380988341783
2016-05-31,-0.005824605500761686
2016-06-01,0.009441549893767604
2016-06-02,0.005807334728757826
2016-06-03,-0.0015224549854795325
2016-06-06,0.011887179243889462
2016-06-07,6.427066704026065e-05
2016-06-08,0.012707434923261395
2016-06-09,-4.293183316200918e-06
2016-06-10,-0.01326660226567714
2016-06-13,-0.012762686321864827
2016-06-14,-0.0029014698628700903
2016-06-15,-0.003756602003841655
2016-06-16,0.01092084321384643
2016-06-17,-0.007761095493453581
2016-06-20,0.012443660422813254
2016-06-21,0.003662941104025745
2016-06-22,-0.0024783957582451112
2016-06-23,0.01992653829607477
2016-06-24,-0.0592029613183247
2016-06-27,-0.026102305462340415
2016-06-28,0.030285792099712095
2016-06-29,0.030924558579606624
2016-06-30,0.021906795416557323
2016-07-01,0.0010867020080548475
2016-07-05,-0.010325826454648503
2016-07-06,0.010357486372454077
2016-07-07,0.00804419253807033
2016-07-08,0.02360845567089137
2016-07-11,0.007654115206279257
2016-07-12,0.004435947281588554
2016-07-13,0.0030164084345167814
2016-07-14,0.0029000893131498288
2016-07-15,-2.0146254192084773e-05
2016-07-18,0.001053680164269659
2016-07-19,0.0024916655242809894
2016-07-20,0.00395211802878275
2016-07-21,-0.003179711108436362
2016-07-22,0.00482058640638643
2016-07-25,-0.005454891087015256
2016-07-26,4.89044769699652e-05
2016-07-27,-0.0005367607564454416
2016-07-28,0.002612973037105573
2016-07-29,0.0017989559955061446
2016-08-01,-0.0001719935512296489
2016-08-02,-0.01060134395146043
2016-08-03,0.0025525626446884294
2016-08-04,0.0016403914847970581
2016-08-05,0.015442198083741709
2016-08-08,-0.002005159842777969
2016-08-09,0.0004736393170098628
2016-08-10,-0.0006744436705102992
2016-08-11,0.008470389738048461
2016-08-12,-0.0001808211084881144
2016-08-15,0.002101082786445502
2016-08-16,-0.00865819859028101
2016-08-17,0.0032191542095581587
2016-08-18,0.00319055522650908
2016-08-19,-0.0025821371428204603
2016-08-22,-0.0008645129723165021
2016-08-23,0.0011966494068076127
2016-08-24,-0.009763822664035464
2016-08-25,-0.011002073025334657
2016-08-26,-0.00575739333661837
2016-08-29,0.008991631096853182
2016-08-30,-0.006532669146124226
2016-08-31,-0.005855412376762468
2016-09-01,-0.008619663688399724
2016-09-02,0.010771332977304985
2016-09-06,0.0032087148800654924
2016-09-07,-0.0047423036175184025
2016-09-08,-0.006562338043728439
2016-09-09,-0.04155858312305265
2016-09-12,0.02492927563177706
2016-09-13,-0.025439509568627734
2016-09-14,-0.0023656122654703263
2016-09-15,0.0216941224849777
2016-09-16,-0.0017103953129636463
2016-09-19,-0.0026056346708787015
2016-09-20,0.001148417553786486
2016-09-21,0.020197924118851587
2016-09-22,0.010676276879246688
2016-09-23,-0.010489033844217493
2016-09-26,-0.0171384517023505
2016-09-27,0.01127103827502364
2016-09-28,0.005682277676087205
2016-09-29,-0.021481067416921136
2016-09-30,0.0239743879173842
2016-10-03,-0.010005097248409506
2016-10-04,-0.008215398940452461
2016-10-05,0.0060449419199184885
2016-10-06,-0.002581425323656504
2016-10-07,-0.003065614011498064
2016-10-10,0.010789835605795065
2016-10-11,-0.02189116868354072
2016-10-12,0.0008886411209606285
2016-10-13,-0.005960650190543755
2016-10-14,0.0008237315443898952
2016-10-17,-0.006760921301419346
2016-10-18,0.025422670945907794
2016-10-19,0.006306842196565856
2016-10-20,-0.0007458159941214019
2016-10-21,-0.0015045937425784495
2016-10-24,0.009788704155744229
2016-10-25,-0.0058901332571064235
2016-10-26,-0.004864122077809689
2016-10-27,-0.003844993833623063
2016-10-28,-0.007752593211801214
2016-10-31,-0.002529201243164301
2016-11-01,-0.014610354431809237
2016-11-02,-0.008561821020697993
2016-11-03,-0.009367738875652997
2016-11-04,-0.007235488981583687
2016-11-07,0.040521176914719736
2016-11-08,0.015079556611292812
2016-11-09,0.018111538185336135
2016-11-10,0.01784431327146376
2016-11-11,0.004645365020641647
2016-11-14,0.015615564714346693
2016-11-15,0.006513282621769561
2016-11-16,-0.0022547349599436506
2016-11-17,0.002236350405148307
2016-11-18,-0.006281196617578069
2016-11-21,0.012100407881579362
2016-11-22,0.010826991017470127
2016-11-23,0.0018084045414363918
2016-11-25,0.004905122332784539
2016-11-28,-0.0076211199384984794
2016-11-29,0.012480676294711448
2016-11-30,-0.0015068294677556611
2016-12-01,0.006369895967388763
2016-12-02,-0.00042191288091222303
2016-12-05,-6.848731519416059e-05
2016-12-06,0.0026921934485841723
2016-12-07,0.029145348679532546
2016-12-08,0.010714552549035415
2016-12-09,0.015072388603629597
2016-12-12,0.0013171324657492332
2016-12-13,0.006519075981193801
2016-12-14,-0.006831261058445781
2016-12-15,0.0037405612730764563
2016-12-16,0.00400278807434432
2016-12-19,-0.0022542464883017134
2016-12-20,0.0026155776489585267
2016-12-21,-0.0021607236790916707
2016-12-22,-0.0009129888810711185
2016-12-23,0.002988558366423936
2016-12-27,0.001407589541743203
2016-12-28,-0.013542974460479692
2016-12-29,-0.0015068916790750156
2016-12-30,-0.007103700024475997
2017-01-03,0.010327357094662185
2017-01-04,0.007869876336734397
2017-01-05,0.0029589240765144735
2017-01-06,0.00551004864595148
2017-01-09,-0.008424320621187335
2017-01-10,-0.0013101731807487523
2017-01-11,0.005673778559149075
2017-01-12,-0.0027068672547741787
2017-01-13,0.00044988330977021847
2017-01-17,-0.003196822854529589
2017-01-18,-0.0031708069243816797
2017-01-19,-0.004506337671049677
2017-01-20,0.006715339896502489
2017-01-23,-0.00407787840747943
2017-01-24,0.011960464837524292
2017-01-25,0.014343327106994036
2017-01-26,0.002451720732239837
2017-01-27,-0.0038582533331016503
2017-01-30,-0.009042374195168687
2017-01-31,-0.0028030728249175854
2017-02-01,-0.0012986826500427635
2017-02-02,0.006877553578696241
2017-02-03,0.013655152267587848
2017-02-06,-0.005576098656862676
2017-02-07,0.0017838317303557213
2017-02-08,0.002471592111036831
2017-02-09,0.012815739721614719
2017-02-10,0.008742042106251386
2017-02-13,0.011083907680148821
2017-02-14,0.005084770172644729
2017-02-15,0.005446083674352379
2017-02-16,-0.0014625665893714807
2017-02-17,-0.008104743534869778
2017-02-21,0.00887202519745578
2017-02-22,-0.0004421896838063914
2017-02-23,0.0037859927235744427
2017-02-24,0.0015412516500752337
2017-02-27,0.004713608334474952
2017-02-28,-0.0016379332024203433
2017-03-01,0.013713291588614241
2017-03-02,-0.005272367587011018
2017-03-03,0.0016744043673556624
2017-03-06,-0.0013424816160359987
2017-03-07,-0.00360469433427355
2017-03-08,-0.004426311770209991
2017-03-09,0.0004731032207919362
2017-03-10,0.00637979542387204
2017-03-13,-0.0008994817114955078
2017-03-14,-0.0049999465974636835
2017-03-15,0.016026563596050793
2017-03-16,-0.0017873748923192645
2017-03-17,-0.003503931293477901
2017-03-20,-0.00410952816249518
2017-03-21,-0.019401084841666638
2017-03-22,0.0020158857914660392
2017-03-23,-0.004948836177181373
2017-03-24,-0.004756774441550221
2017-03-27,-0.0028336928174806544
2017-03-28,0.012484155011428928
2017-03-29,-0.002311321641040244
2017-03-30,0.007288038345400719
2017-03-31,-0.005853414397223228
2017-04-03,-0.0002406230740269607
2017-04-04,0.001687677083825959
2017-04-05,-0.003633867427033623
2017-04-06,0.007157238043182619
2017-04-07,0.0007756208508749317
2017-04-10,0.00033603999376601175
2017-04-11,-0.0014527951605725375
2017-04-12,-0.0065715561908503105
2017-04-13,-0.01229179528132944
2017-04-17,0.017572021423367785
2017-04-18,-0.0039765649822192505
2017-04-19,-0.004704655917957104
2017-04-20,0.015890939371493235
2017-04-21,-0.0028102700125059513
2017-04-24,0.01959124978235407
2017-04-25,0.016213397373077185
2017-04-26,0.004819107647473692
2017-04-27,0.0019482754219632033
2017-04-28,-0.002782153123662016
2017-05-01,0.0010057234952910842
2017-05-02,-0.0003257128725594931
2017-05-03,-0.003104589002163841
2017-05-04,0.0027179246484905027
2017-05-05,0.0031798043706607946
2017-05-08,0.0004156735697354439
2017-05-09,-0.0023912559359044383
2017-05-10,0.0014722539937652233
2017-05-11,-0.0014712533611959274
2017-05-12,-0.003526948569686929
2017-05-15,0.0034035142490010284
2017-05-16,-0.00630042956832629
2017-05-17,-0.02740074028879629
2017-05-18,0.010584670836872829
2017-05-19,0.01293756871534386
2017-05-22,0.011230104771213271
2017-05-23,0.004324912666002668
2017-05-24,0.004952161394346894
2017-05-25,0.012210255679686711
2017-05-26,0.003514223902008534
2017-05-30,-0.001500251371047973
2017-05-31,-0.002410766289253925
2017-06-01,0.012279923422075713
2017-06-02,0.00206552359550194
2017-06-05,-0.00025775698953693394
2017-06-06,-0.00033771056190612945
2017-06-07,0.0046635089369530675
2017-06-08,-0.0019093165586299766
2017-06-09,-0.001252337044449237
2017-06-12,-0.00352196209728008
2017-06-13,0.00994003992289576
2017-06-14,0.00520203812708254
2017-06-15,-0.006312004937892561
2017-06-16,-0.016868494694777296
2017-06-19,0.011885649946972356
2017-06-20,-0.008886487650238677
2017-06-21,0.0006208379394163253
2017-06-22,-0.004083749607120658
2017-06-23,-0.0054626199078529085
2017-06-26,0.005825924850014879
2017-06-27,-0.011381734432880968
2017-06-28,0.014779005778406816
2017-06-29,-0.014706696073298916
2017-06-30,0.006430987129734165
2017-07-03,0.003014686167547791
2017-07-05,0.002859118769389081
2017-07-06,-0.01521099007302
2017-07-07,0.004876812353478718
2017-07-10,-0.005960523102753762
2017-07-11,-0.0011752267419478668
2017-07-12,0.011432278567092358
2017-07-13,0.004448665483731342
2017-07-14,0.005698527106800091
2017-07-17,-0.0016800636263968173
2017-07-18,-0.0024879820301465403
2017-07-19,0.00894541404953876
2017-07-20,0.0021391719347032263
2017-07-21,-0.002170740675567125
2017-07-24,-0.002075206818435361
2017-07-25,0.007074627873513639
2017-07-26,0.0031362495701618832
2017-07-27,0.00015984023098806186
2017-07-28,0.003475861824264624
2017-07-31,0.012535413924015146
2017-08-01,0.005428869360761089
2017-08-02,0.0055340588086052085
2017-08-03,-0.0028588823669301495
2017-08-04,-0.00021936518291599833
2017-08-07,0.0032929632045087393
2017-08-08,-0.0008309569622930535
2017-08-09,-0.0026343057958038807
2017-08-10,-0.02023294024183661
2017-08-11,0.0019124770098260702
2017-08-14,0.014362111104010776
2017-08-15,6.271526066061692e-05
2017-08-16,0.006561946783095396
2017-08-17,-0.0245033138301358
2017-08-18,-0.008288771843910643
2017-08-21,0.0029618297564938845
2017-08-22,0.020681148015835423
2017-08-23,-0.005365911096055926
2017-08-24,-0.014531680033901892
2017-08-25,0.0042503761620677335
2017-08-28,0.0006831199602342221
2017-08-29,0.006903389289375611
2017-08-30,0.00502376671683336
2017-08-31,0.013659277603371982
2017-09-01,0.006298724680159263
2017-09-05,-0.012795355835306032
2017-09-06,0.0027653829202030963
2017-09-07,0.000762982217647323
2017-09-08,-0.004663596563698157
2017-09-11,0.01927056471897297
2017-09-12,0.00652459874401415
2017-09-13,0.007540223615976931
2017-09-14,-0.00018040094873487944
2017-09-15,0.003351793484483318
2017-09-18,0.0013541938537773009
2017-09-19,-0.0014964933970647051
2017-09-20,0.005270007255106217
2017-09-21,-0.007047669589307536
2017-09-22,-0.003539773718528599
2017-09-25,-0.0031227081421655663
2017-09-26,0.004322759997504149
2017-09-27,0.007071097685872227
2017-09-28,0.0034657080423016523
2017-09-29,0.0033199607894508587
2017-10-02,0.012859805983046481
2017-10-03,0.004997462796585812
2017-10-04,0.00371080518111023
2017-10-05,0.0075901919794711704
2017-10-06,-0.015261802418063788
2017-10-09,-0.007627706490227952
2017-10-10,0.005937530806208079
2017-10-11,0.00483856993169954
2017-10-12,-0.006171491462281424
2017-10-13,0.005645926926268921
2017-10-16,0.0024163676689218276
2017-10-17,0.015254014035313493
2017-10-18,0.006412853373485104
2017-10-19,-0.0009169073393123626
2017-10-20,0.017628732360200496
2017-10-23,-0.0024129189811922373
2017-10-24,0.008106926517443342
2017-10-25,-0.008003868299744966
2017-10-26,0.005186781813563925
2017-10-27,0.011029255891347121
2017-10-30,-0.012681944253631637
2017-10-31,0.004492184777618202
2017-11-01,0.004666416841849114
2017-11-02,0.007970990115006729
2017-11-03,0.0071332996164206516
2017-11-06,-0.001919490531630321
2017-11-07,0.0026085309246185254
2017-11-08,0.0036259045055016003
2017-11-09,-0.004665790528809767
2017-11-10,0.0018133018570897217
2017-11-13,0.003191127428725154
2017-11-14,-0.0026841913361444823
2017-11-15,-0.006042605704904178
2017-11-16,0.007528244006073236
2017-11-17,-0.003429385605402289
2017-11-20,0.0015810736557419496
2017-11-21,0.007752324880980464
2017-11-22,-0.002378935106852316
2017-11-24,0.0030406052444111858
2017-11-27,-0.0002878225014803146
2017-11-28,0.021765036926532394
2017-11-29,0.015921790730798944
2017-11-30,0.03354374163842611
2017-12-01,-0.0029537927652448833
2017-12-04,0.0010452861838244722
2017-12-05,-0.004073885470455384
2017-12-06,-0.00022489060474671142
2017-12-07,0.0026369467402492484
2017-12-08,0.008317594714109009
2017-12-11,0.0010912026858316934
2017-12-12,0.0009589187106195501
2017-12-13,0.0018812781737923005
2017-12-14,-0.006472870316468805
2017-12-15,0.006756562255740691
2017-12-18,0.005839380258215834
2017-12-19,-0.0035582790714289835
2017-12-20,-5.760192625605694e-05
2017-12-21,0.0005095732059979998
2017-12-22,-0.002025005364664789
2017-12-26,-0.0014761293271849307
2017-12-27,0.0019273132243684678
2017-12-28,0.005525868761780101
2017-12-29,-0.007774898761937814
2018-01-02,0.01106643446017484
2018-01-03,0.01273414982151613
2018-01-04,0.00707817924931878
2018-01-05,0.014699824048343902
2018-01-08,-0.0025660714994866244
2018-01-09,0.0037966815805577907
2018-01-10,-0.005197617956533122
2018-01-11,0.01742777924420663
2018-01-12,0.01903816958954674
2018-01-16,0.0011066873295218758
2018-01-17,0.02365884775449881
2018-01-18,9.10143608565952e-05
2018-01-19,0.005613831766726907
2018-01-22,0.013256408450595052
2018-01-23,0.0021422365422127743
2018-01-24,0.0020870759886988718
2018-01-25,0.008431355037308755
2018-01-26,0.01925469872050367
2018-01-29,-0.011820810999343042
2018-01-30,-0.01858887320542507
2018-01-31,0.003238693444114433
2018-02-01,-0.005109893852378098
2018-02-02,-0.019361363070357927
2018-02-05,-0.04155802318630247
2018-02-06,0.04129848627249815
2018-02-07,-0.008042432773765536
2018-02-08,-0.07410497179298714
2018-02-09,0.02902548216689082
2018-02-12,0.028343133420853865
2018-02-13,0.008670044642209477
2018-02-14,0.024615555665109035
2018-02-15,0.02252164765984377
2018-02-16,0.0038117540410096545
2018-02-20,-0.019333987981422027
2018-02-21,-0.014050018407153609
2018-02-22,0.009499039513943427
2018-02-23,0.030102007036596108
2018-02-26,0.02886501930648344
2018-02-27,-0.0236515764780447
2018-02-28,-0.0247409136736337
2018-03-01,-0.026787121855927742
2018-03-02,0.00319362615128908
2018-03-05,0.024529521446429337
2018-03-06,-0.00011156010310178635
2018-03-07,-0.006835493665639029
2018-03-08,0.0022185745969811113
2018-03-09,0.031005594018121113
2018-03-12,-0.007343684951457302
2018-03-13,-0.007725846911427227
2018-03-14,-0.01648551539519949
2018-03-15,0.00816495360031589
2018-03-16,0.0009899764269825008
2018-03-19,-0.024847393043980183
2018-03-20,0.010944720719694684
2018-03-21,-0.009017336143351855
2018-03-22,-0.051614551969933004
2018-03-23,-0.036806994828815394
2018-03-26,0.05729317684162675
2018-03-27,-0.031121960597528094
2018-03-28,-0.001106668565509122
2018-03-29,0.02155901279637815
2018-04-02,-0.03741087535601478
2018-04-03,0.03042124547727807
2018-04-04,0.024515086950418014
2018-04-05,0.013744123395188114
2018-04-06,-0.04324567168402156
2018-04-09,0.0038426243314765786
2018-04-10,0.02887225297654835
2018-04-11,-0.014488194139751876
2018-04-12,0.02292998725550441
2018-04-13,-0.005801124242124729
2018-04-16,0.026664533044839234
2018-04-17,0.025847284811299838
2018-04-18,-0.002683406675165073
2018-04-19,-0.009489789591075496
2018-04-20,-0.014989878318960852
2018-04-23,-0.001674592476248405
2018-04-24,-0.02405919473562644
2018-04-25,0.005810875952701691
2018-04-26,0.01867772381833797
2018-04-27,0.00501640200836081
2018-04-30,-0.013214439127061422
2018-05-01,-0.0014488902630254742
2018-05-02,-0.017403407400280527
2018-05-03,-0.002174771149266179
2018-05-04,0.025028959280415278
2018-05-07,0.0002784518067455457
2018-05-08,-1.6170277837005074e-05
2018-05-09,0.012560449415678427
2018-05-10,0.018048729472718128
2018-05-11,0.009516211764586063
2018-05-14,0.008317663823514405
2018-05-15,-0.015172492237183055
2018-05-16,0.011389635488287551
2018-05-17,0.0008721698208728942
2018-05-18,-0.0011778100036353052
2018-05-21,0.018705965691680072
2018-05-22,-0.011118114007340064
2018-05-23,0.0015199946633444668
2018-05-24,-0.004372616829937878
2018-05-25,-0.0024804777489983595
2018-05-29,-0.024576625734175482
2018-05-30,0.0257269211611678
2018-05-31,-0.018124839978756774
2018-06-01,0.015031858188726545
2018-06-04,0.012358642644231043
2018-06-05,-0.0010135080886869642
2018-06-06,0.020826424877614873
2018-06-07,0.009246302227280095
2018-06-08,0.007340562917820273
2018-06-11,0.005338806183382919
2018-06-12,0.00125610416325958
2018-06-13,-0.008341571883939618
2018-06-14,0.005393170861478811
2018-06-15,0.0007233263260924615
2018-06-18,-0.00758029297567197
2018-06-19,-0.011537646612633403
2018-06-20,0.00030304747091477536
2018-06-21,-0.008942252507627677
2018-06-22,0.008122408929815833
2018-06-25,-0.022241586487776258
2018-06-26,0.00034239085720595783
2018-06-27,-0.007775463556222805
2018-06-28,0.0011307198264591239
2018-06-29,0.0013572298553630765
2018-07-02,0.0034722728229646714
2018-07-03,-0.008003453575343353
2018-07-05,0.01756094310511766
2018-07-06,0.009959704181810785
2018-07-09,0.021642519914270294
2018-07-10,0.009484522134880172
2018-07-11,-0.013702902225832928
2018-07-12,0.01804717819314413
2018-07-13,0.00864232488529049
2018-07-16,-0.002604211913788521
2018-07-17,-0.001665410354020487
2018-07-18,0.008841004928344748
2018-07-19,-0.006363375635039735
2018-07-20,-3.5154209891282004e-05
2018-07-23,0.001364200520107955
2018-07-24,0.004520459873399612
2018-07-25,0.007892353045709056
2018-07-26,-0.00030238690279316355
2018-07-27,-0.005868715229432534
2018-07-30,-0.0063295810633708025
2018-07-31,0.005626864209297042
2018-08-01,-0.005049712225498056
2018-08-02,0.010619129865849715
2018-08-03,0.009366951714668378
2018-08-06,0.004389376619656349
2018-08-07,0.0031538548192982956
2018-08-08,0.0005133262413640735
2018-08-09,0.0017765435938811203
2018-08-10,-0.006116266956923327
2018-08-13,-0.0020175203058040627
2018-08-14,0.013076953484078353
2018-08-15,-0.012539048097587699
2018-08-16,0.02146778755799176
2018-08-17,0.007847447903899935
2018-08-20,0.0065655325554231335
2018-08-21,0.00389748638071575
2018-08-22,-0.002771242288366157
2018-08-23,-0.0028244618397048533
2018-08-24,0.012937883933598907
2018-08-27,0.015034373646415442
2018-08-28,0.0016931190785778724
2018-08-29,0.0044764827846551355
2018-08-30,-0.0036119556969774706
2018-08-31,-7.765756614211709e-05
2018-09-04,-0.0010177400988147566
2018-09-05,-0.0029044558826326083
2018-09-06,0.00043246073946616665
2018-09-07,-0.002774714425076449
2018-09-10,-0.006650750167736836
2018-09-11,0.003936223022070366
2018-09-12,0.00160605938981333
2018-09-13,0.006824194937924572
2018-09-14,0.00015110732668985785
2018-09-17,-0.005500681308626363
2018-09-18,0.011546571303716627
2018-09-19,0.006812878278497744
2018-09-20,0.014077413717659117
2018-09-21,0.0024281646852491014
2018-09-24,-0.008241681322688744
2018-09-25,-0.00688911230286755
2018-09-26,-0.004928653300716519
2018-09-27,0.005019034741322592
2018-09-28,0.002471871343898303
2018-10-01,0.011326729298287172
2018-10-02,0.006128303982411628
2018-10-03,-0.001447981676735238
2018-10-04,-0.015735730045020567
2018-10-05,-0.021769088422284123
2018-10-08,0.006269168999883726
2018-10-09,-0.0013657541808142744
2018-10-10,-0.05691281374027486
2018-10-11,-0.036909336750601034
2018-10-12,0.026153058372174267
2018-10-15,-0.008474238945037307
2018-10-16,0.04687924931778774
2018-10-17,-0.005603036857429703
2018-10-18,-0.021393824590091915
2018-10-19,0.000945641117530159
2018-10-22,-0.010205735683616756
2018-10-23,-0.005859989898983457
2018-10-24,-0.05420734453576384
2018-10-25,0.03612680848440311
2018-10-26,-0.03735183972473816
2018-10-29,-0.007933067458481411
2018-10-30,0.03255104111640558
2018-10-31,0.018764521040545015
2018-11-01,0.016679393721574988
2018-11-02,-0.008359768279226312
2018-11-05,0.015326485847820849
2018-11-06,0.014585347146590388
2018-11-07,0.046043864347791175
2018-11-08,0.0006328778785690502
2018-11-09,-0.013891078719567775
2018-11-12,-0.03943444955612709
2018-11-13,-0.007780914812265544
2018-11-14,-0.01635197391662567
2018-11-15,0.011060216787512843
2018-11-16,0.012317378415130031
2018-11-19,-0.031073591482970148
2018-11-20,-0.045906328509773914
2018-11-21,0.0009273095516412685
2018-11-23,-0.0077080618354441535
2018-11-26,0.026022473352032616
2018-11-27,0.014436614336845642
2018-11-28,0.05322440713105758
2018-11-29,-0.00031987492318581224
2018-11-30,0.010836686417288036
2018-12-03,0.02404756813584209
2018-12-04,-0.05920358932216977
2018-12-06,0.00139933057933787
2018-12-07,-0.04909099496089931
2018-12-10,-0.0030770207470011066
2018-12-11,0.0031688064914088257
2018-12-12,0.013478312215099878
2018-12-13,0.00142844319228875
2018-12-14,-0.05711804350728004
2018-12-17,-0.04269631503407436
2018-12-18,-0.002551300956517931
2018-12-19,-0.02754059538697118
2018-12-20,-0.03998037784571119
2018-12-21,-0.036552190992244285
2018-12-24,-0.05055597606435488
2018-12-26,0.0953874578273903
2018-12-27,0.021098213478350582
2018-12-28,-0.00253721191726568
2018-12-31,0.02081229111909115
2019-01-02,-0.003262132963580174
2019-01-03,-0.05192260917035911
2019-01-04,0.05921411134932265
2019-01-07,0.010607963269650513
2019-01-08,0.02043556791776802
2019-01-09,0.008658385783206017
2019-01-10,0.008682905986000133
2019-01-11,0.0021987362831396955
2019-01-14,-0.008859080498545457
2019-01-15,0.025088545360941537
2019-01-16,0.008986780263411936
2019-01-17,0.011030779942251408
2019-01-18,0.02852787437746942
2019-01-22,-0.020742554828315274
2019-01-23,0.007161627944005692
2019-01-24,-0.0033605573247693127
2019-01-25,0.012223665534346752
2019-01-28,-0.011383641703604029
2019-01-29,0.0005779799207073946
2019-01-30,0.029017189939286772
2019-01-31,0.009521727489739546
2019-02-01,-0.004259379437411329
2019-02-04,0.01125546292796777
2019-02-05,0.006792280537159662
2019-02-06,0.0015100447749577092
2019-02-07,-0.01585495227400387
2019-02-08,-0.009211344357197884
2019-02-11,-0.004384618190856518
2019-02-12,0.03029668143077688
2019-02-13,0.007140696646685217
2019-02-14,-0.0013426650542188727
2019-02-15,0.029529211862776315
2019-02-19,0.0028688132645156663
2019-02-20,0.0013424110021838644
2019-02-21,-0.01103690040726884
2019-02-22,0.011856554466297051
2019-02-25,0.0015308863427045418
2019-02-26,-0.0025577441509650875
2019-02-27,-0.014208929176181568
2019-02-28,-0.010190982659434276
2019-03-01,0.012802985008337611
2019-03-04,-0.019854106547928255
2019-03-05,0.005560958298136702
2019-03-06,-0.011428206716118626
2019-03-07,-0.017515323988979276
2019-03-08,0.012610091543612343
2019-03-11,0.024663236866171674
2019-03-12,0.005419947326525534
2019-03-13,0.011561021809586633
2019-03-14,0.0005076630189247569
2019-03-15,0.0018355895987523473
2019-03-18,0.006568467769984213
2019-03-19,0.002239727166831692
2019-03-20,-0.009108218675025318
2019-03-21,0.009861709774679135
2019-03-22,-0.01935190985352756
2019-03-25,-0.0008462613835394378
2019-03-26,0.001802655248348205
2019-03-27,-0.005218088571040542
2019-03-28,0.0033365765158206656
2019-03-29,0.010026654623210276
2019-04-01,0.007331551840236875
2019-04-02,-0.001254392474096069
2019-04-03,0.0029826519323174682
2019-04-04,0.0033549822714694895
2019-04-05,0.004681094163784673
2019-04-08,0.0009412736868549864
2019-04-09,-0.0039059798345778204
2019-04-10,-0.000249972016216416
2019-04-11,-0.010817961298954886
2019-04-12,-0.0073606204124939
2019-04-15,0.006534804948043304
2019-04-16,-0.008506541337722957
2019-04-17,-0.006600013825042255
2019-04-18,0.010532058174607898
2019-04-22,0.0024814110003302785
2019-04-23,0.016642802611246826
2019-04-24,-0.0008084872055962747
2019-04-25,-0.00672701822071584
2019-04-26,0.010315702635149365
2019-04-29,0.002281535259868511
2019-04-30,-0.002171293887311271
2019-05-01,-0.01502676302485027
2019-05-02,-0.0035966041843418246
2019-05-03,0.0139263546394118
2019-05-06,0.004102394889349249
2019-05-07,-0.032593471150378694
2019-05-08,0.0012463141345878928
2019-05-09,-0.004390484970672641
2019-05-10,0.014050068658396125
2019-05-13,-0.04188372342501607
2019-05-14,0.009949884220647827
2019-05-15,0.00935330378699852
2019-05-16,0.017198394747638672
2019-05-17,-0.0021475403687795025
2019-05-20,-0.0024466099397454514
2019-05-21,0.01707107115898387
2019-05-22,-0.006109295978656457
2019-05-23,-0.020928183039772886
2019-05-24,0.003761035448901935
2019-05-28,-0.020414286394959177
2019-05-29,-0.016861913228148263
2019-05-30,0.005287257091013395
2019-05-31,-0.024630822646416792
2019-06-03,-0.006019003133291503
2019-06-04,0.040894399555219965
2019-06-05,0.01755131299236432
2019-06-06,0.012728089678896055
2019-06-07,0.025315961294454993
2019-06-10,0.008003205442007617
2019-06-11,-0.002587992825747185
2019-06-12,-0.0038086525693496274
2019-06-13,0.008987102548698417
2019-06-14,0.000234947523859936
2019-06-17,0.0027228344335495113
2019-06-18,0.007125514171638678
2019-06-19,0.0067566634886344805
2019-06-20,0.004724486565732179
2019-06-21,0.0035085310467297274
2019-06-24,-0.003614269494830686
2019-06-25,-0.009263482589007992
2019-06-26,-0.005181708779659222
2019-06-27,0.005648771821621313
2019-06-28,0.0011690171669706635
2019-07-01,0.005100946726560197
2019-07-02,0.007450325635133892
2019-07-03,0.015522024041663515
2019-07-05,-0.0008796357670377535
2019-07-08,-0.005200288052375926
2019-07-09,-0.0009562724397364538
2019-07-10,0.005111591912553176
2019-07-11,0.015420413172010417
2019-07-12,0.008267601293943558
2019-07-15,0.00010216544642663254
2019-07-16,-0.003650439397842752
2019-07-17,-0.0030537039033207637
2019-07-18,-0.0030549991985859477
2019-07-19,-0.007972811178236559
2019-07-22,0.0005107436517877569
2019-07-23,0.004758884128260624
2019-07-24,-0.00016586223735550257
2019-07-25,-0.006075546966907172
2019-07-26,0.00931482215647416
2019-07-29,-0.00034910182051798536
2019-07-30,-0.0018518280687794505
2019-07-31,-0.027019485827460603
2019-08-01,-0.014600562389715034
2019-08-02,-0.009137774642550719
2019-08-05,-0.055051472895187505
2019-08-06,0.026159776413488878
2019-08-07,0.0025032509464225253
2019-08-08,0.027717735564984962
2019-08-09,-0.007734113348028911
2019-08-12,-0.028336540195510452
2019-08-13,0.0335010547123928
2019-08-14,-0.05860212695532896
2019-08-15,0.009068398692287646
2019-08-16,0.023752291343343897
2019-08-19,0.016474324813447086
2019-08-20,-0.01761101700743603
2019-08-21,0.015627587368917173
2019-08-22,-0.002940579651634153
2019-08-23,-0.045077140718337544
2019-08-26,0.020649068113614992
2019-08-27,-0.003107725604609396
2019-08-28,0.01959826422557645
2019-08-29,0.02485329214073914
2019-08-30,0.0024831300042171753
2019-09-03,-0.017975520765740022
2019-09-04,0.014605003403325498
2019-09-05,0.024020799302402744
2019-09-06,0.00771580103149965
2019-09-09,-0.0005961767751047882
2019-09-10,0.0019326429604286073
2019-09-11,0.00800028904598074
2019-09-12,-0.0012439336469522366
2019-09-13,0.007148998007282011
2019-09-16,-0.008279729087496347
2019-09-17,0.003128475324826382
2019-09-18,0.00039042006327822234
2019-09-19,-0.003608863705968615
2019-09-20,-0.009467201338746513
2019-09-23,-0.0023592390899744935
2019-09-24,-0.013777242863387815
2019-09-25,0.0061965170984443
2019-09-26,-0.011296329883664214
2019-09-27,-0.009101667035727052
2019-09-30,0.011002471211201315
2019-10-01,-0.022646838982188798
2019-10-02,-0.026057030925126186
2019-10-03,0.010741565714482641
2019-10-04,0.02732974321905309
2019-10-07,-0.002407529770504022
2019-10-08,-0.02298976325948976
2019-10-09,0.018480997747577513
2019-10-10,0.011493657667128744
2019-10-11,0.01455676270909908
2019-10-14,-0.0029723542731821583
2019-10-15,0.03527774495779456
2019-10-16,-0.0031451279864733173
2019-10-17,0.012884593516681697
2019-10-18,-0.008098680816728878
2019-10-21,0.003664242572196788
2019-10-22,0.0007832698795140671
2019-10-23,-0.0007743888111198137
2019-10-24,-0.0033858345248950743
2019-10-25,0.007733119058590346
2019-10-28,0.011902732980885478
2019-10-29,0.002233264741797618
2019-10-30,0.010817603856523292
2019-10-31,-0.00988211829468446
2019-11-01,0.013360059055859089
2019-11-04,0.006130140121200873
2019-11-05,0.0007470489175765995
2019-11-06,0.002474818049460434
2019-11-07,0.017385161692108148
2019-11-08,-8.627107866951748e-05
2019-11-11,-0.005141532974419042
2019-11-12,0.0025436454133727117
2019-11-13,0.002813206756707913
2019-11-14,0.004836592019654925
2019-11-15,0.023997883091000705
2019-11-18,0.005173310074565199
2019-11-19,-0.0036976656648018595
2019-11-20,-0.005840933724518349
2019-11-21,-0.0017837483185855014
2019-11-22,0.0035652489004507344
2019-11-25,0.016127046927025355
2019-11-26,0.003529732595523278
2019-11-27,0.0008442271980382734
2019-11-29,-0.0028073465357537136
2019-12-02,-0.009356721251307465
2019-12-03,-0.016717630797725053
2019-12-04,0.011405811953786146
2019-12-05,0.0017979483215356735
2019-12-06,0.016471830806831348
2019-12-09,-0.006903570944631639
2019-12-10,0.0005036041509818469
2019-12-11,0.0032387712291990335
2019-12-12,0.016815288371628392
2019-12-13,-0.0022884814437053366
2019-12-16,0.015163650557397839
2019-12-17,0.0012322050389396853
2019-12-18,-0.0018077540588487733
2019-12-19,0.00949992795783202
2019-12-20,0.005237902959921388
2019-12-23,0.0039184676623486205
2019-12-24,-0.0009081103384095768
2019-12-26,0.008708149617175767
2019-12-27,-0.0007689124156930066
2019-12-30,-0.009891823589749089
2019-12-31,0.0022893312435780548
2020-01-02,0.013236792618345015
2020-01-03,-0.014270667031386481
2020-01-06,0.006058294743982679
2020-01-07,-0.007127678420574563
2020-01-08,0.016320426851601157
2020-01-09,0.013251935773386882
2020-01-10,-0.006941979091243679
2020-01-13,0.0015548188642049683
2020-01-14,0.0013280323676204012
2020-01-15,0.012403604436853448
2020-01-16,0.01804416314755338
2020-01-17,0.0033197998871841577
2020-01-21,0.0035742343703672966
2020-01-22,0.0001813920278182299
2020-01-23,-0.00035967642422747624
2020-01-24,-0.012275089645316959
2020-01-27,-0.019112932195849988
2020-01-28,0.015524993615814917
2020-01-29,-0.004287768191757674
2020-01-30,0.003652205537995861
2020-01-31,-0.040407521828657325
2020-02-03,0.0077865983413375976
2020-02-04,0.030872532424863885
2020-02-05,0.0377196120742936
2020-02-06,0.0039147660132577665
2020-02-07,-0.01101784534534689
2020-02-10,0.008362170514613595
2020-02-11,0.0022493457298327505
2020-02-12,0.025964075922619782
2020-02-13,-0.0018776355875574685
2020-02-14,-0.002228127191610821
2020-02-18,-0.0005737849464472009
2020-02-19,0.006188561012635856
2020-02-20,-0.005907052651356095
2020-02-21,-0.008161288633422675
2020-02-24,-0.044328022391381325
2020-02-25,-0.06626393039160541
2020-02-26,-0.0061001085138199206
2020-02-27,-0.08407523314843203
2020-02-28,-0.01778513198157584
2020-03-02,0.10454396395935563
2020-03-03,-0.05924556406867627
2020-03-04,0.10584753529569586
2020-03-05,-0.060611474477998604
2020-03-06,-0.021771357515333618
2020-03-09,-0.12542472676304028
2020-03-10,-0.0002180038531932189
2020-03-11,0.00021805138923626654
2020-03-12,0.00010940010715038702
2020-03-13,0.00021817907465596236
2020-03-16,0.00010906574146543159
2020-03-17,0.0
2020-03-18,0.00021850570159583787
2020-03-19,-0.0002184579672844272
2020-03-20,0.0003273605456513236
2020-03-23,-0.00021813578748859462
2020-03-24,0.18306319220178544
2020-03-25,0.044068501382931655
2020-03-26,0.13014561077710154
2020-03-27,-0.07606286137400799
2020-03-30,0.06775589071129623
2020-03-31,-0.03263487278730405
2020-04-01,-0.07688298762548959
2020-04-02,0.03903543336029655
2020-04-03,-0.03558700012734696
2020-04-06,0.13653216179802222
2020-04-07,-0.0010223412121039774
2020-04-08,0.07294958830663371
2020-04-09,0.013484756369047245
2020-04-13,-0.019413857933604353
2020-04-14,0.059212633126731404
2020-04-15,-0.02391375784248463
2020-04-16,0.028824356633817213
2020-04-17,0.031091827965553112
2020-04-20,-0.04333806142532634
2020-04-21,-0.05856792447602238
2020-04-22,0.03963332779165638
2020-04-23,0.0053068150550050494
2020-04-24,0.028427603766393708
2020-04-27,0.022896986184290022
2020-04-28,-0.011836004069298519
2020-04-29,0.03659702195789107
2020-04-30,-0.015351632696276561
2020-05-01,-0.04699093842956516
2020-05-04,0.007914311681736817
2020-05-05,0.018745116831405693
2020-05-06,-0.014353665475082746
2020-05-07,0.009382594110533899
2020-05-08,0.029030290567810948
2020-05-11,0.002206868198136511
2020-05-12,-0.034661949333972306
2020-05-13,-0.03933706926456951
2020-05-14,0.03012901611752415
2020-05-15,0.0045523830373067455
2020-05-18,0.05534253157291364
2020-05-19,-0.021127070918303716
2020-05-20,0.02281532952701394
2020-05-21,-0.011212802283056746
2020-05-22,0.003938123754420942
2020-05-26,0.0320352311444311
2020-05-27,0.03572762336999688
2020-05-28,-0.002070302804547114
2020-05-29,0.0021536696845860697
2020-06-01,0.00706114579001506
2020-06-02,0.01337342854623039
2020-06-03,0.025151482402604057
2020-06-04,-0.004615740362270578
2020-06-05,0.05587658839954136
2020-06-08,0.019127696377311293
2020-06-09,-0.014697261850059831
2020-06-10,-0.01356443494389859
2020-06-11,-0.11641282005637404
2020-06-12,0.019527119948894823
2020-06-15,0.0109040831528028
2020-06-16,0.03934883281362353
2020-06-17,-0.010664246651090795
2020-06-18,-0.001880029141183535
2020-06-19,-0.009247665335611235
2020-06-22,0.011630995594254796
2020-06-23,0.011855296340317546
2020-06-24,-0.04874317997873994
2020-06-25,0.02374753216371331
2020-06-26,-0.049405933044545325
2020-06-29,0.03373979085671691
2020-06-30,0.021476940399292384
2020-07-01,0.00675773702896502
2020-07-02,0.008837922945033078
2020-07-06,0.033383864598684636
2020-07-07,-0.02041677250317321
2020-07-08,0.012121353783000565
2020-07-09,-0.012750434298801558
2020-07-10,0.018387211690545236
2020-07-13,-0.0015574579917776747
2020-07-14,0.03623500261772432
2020-07-15,0.009273110899406791
2020-07-16,-0.004303301766843248
2020-07-17,-0.001023790738648543
2020-07-20,0.005065116840043404
2020-07-21,0.008314592839145932
2020-07-22,0.010582407164511072
2020-07-23,-0.023365259395377848
2020-07-24,-0.011943579395117955
2020-07-27,0.008130018857885422
2020-07-28,-0.009285662490203545
2020-07-29,0.018072969224026958
2020-07-30,-0.010631855267482303
2020-07-31,0.007388770391168243
2020-08-03,0.015368383123492995
2020-08-04,0.015977899423289827
2020-08-05,0.02157402350466228
2020-08-06,0.01443856427524572
2020-08-07,0.002626696343934066
2020-08-10,0.013341195239505443
2020-08-11,-0.008796657326297232
2020-08-12,0.015293910931240426
2020-08-13,-0.001625290753483618
2020-08-14,0.0014715115049364139
2020-08-17,-2.686213268957233e-05
2020-08-18,-0.0029026808562095992
2020-08-19,-0.006091237539062152
2020-08-20,0.0020589963722295063
2020-08-21,0.011311213734669109
2020-08-24,0.013617466723122636
2020-08-25,0.003969144306513534
2020-08-26,0.006722317186816032
2020-08-27,0.009994231173359307
2020-08-28,0.013151164515357958
2020-08-31,-0.011825978352770664
2020-09-01,0.00736456631884905
2020-09-02,0.016908865991480858
2020-09-03,-0.030353239743734602
2020-09-04,-0.00904265938646525
2020-09-08,-0.023517435813599854
2020-09-09,0.03603761661441843
2020-09-10,-0.034883015699395406
2020-09-11,0.002084726704434654
2020-09-14,0.0276586336264874
2020-09-15,0.0033536402901365777
2020-09-16,-0.002403285317815061
2020-09-17,-0.014748119805551914
2020-09-18,-0.015324384643907191
2020-09-21,-0.0263323136393608
2020-09-22,0.010827161260111793
2020-09-23,-0.033737009794078204
2020-09-24,0.005677046311039913
2020-09-25,0.02658795306284168
2020-09-28,0.03004875814207006
2020-09-29,-0.00581572684064064
2020-09-30,0.022689045882113196
2020-10-01,0.009660439923574477
2020-10-02,-0.013865061881681004
2020-10-05,0.0327369821054211
2020-10-06,-0.023726920960798332
2020-10-07,0.03698464717353096
2020-10-08,0.011107516226875312
2020-10-09,0.018416589784175742
2020-10-12,0.025152034632241617
2020-10-13,-0.003736432951673741
2020-10-14,-0.011724134192514613
2020-10-15,0.0009192294880237485
2020-10-16,0.003652611972744947
2020-10-19,-0.015318619046055987
2020-10-20,0.006666751690755418
2020-10-21,-0.005072417448352918
2020-10-22,0.010057536873027847
2020-10-23,0.00432717714807873
2020-10-26,-0.03915560977887886
2020-10-27,-0.009617911867294479
2020-10-28,-0.06565740561890877
2020-10-29,0.006614504869094872
2020-10-30,-0.015540694407760939
2020-11-02,0.03053563119998232
2020-11-03,0.04088846587903075
2020-11-04,0.05572888050760556
2020-11-05,0.03471595632478136
2020-11-06,-0.005901798396842481
2020-11-09,0.02189270476018608
2020-11-10,0.009901394700850455
2020-11-11,0.007380008922447711
2020-11-12,-0.01169605529304775
2020-11-13,0.023676961846180865
2020-11-16,0.023092085431908896
2020-11-17,-0.009666934456098888
2020-11-18,-0.0232159273785609
2020-11-19,-0.00011844644850678978
2020-11-20,-0.013851825199400255
2020-11-23,0.013465439654798746
2020-11-24,0.025983996204616798
2020-11-25,-0.005404464999063356
2020-11-27,0.006957566745357287
2020-11-30,-0.008625266512760875
2020-12-01,0.019899638462503096
2020-12-02,0.005505657368029502
2020-12-03,-0.003438765874862177
2020-12-04,0.01428078281517655
2020-12-07,-0.00632667564725498
2020-12-08,0.007513079313940477
2020-12-09,-0.014627232050616768
2020-12-10,-0.005858609023866311
2020-12-11,-0.0003598899695617146
2020-12-14,-0.008772578519287071
2020-12-15,0.019607410975561415
2020-12-16,-0.001667894888193212
2020-12-17,0.009937671754377571
2020-12-18,-0.010077227308514219
2020-12-21,-0.005022720710718451
2020-12-22,-0.009417091459176845
2020-12-23,0.0053142308639327115
2020-12-24,0.009123920940932832
2020-12-28,0.019426273668101346
2020-12-29,-0.0008894296187000373
2020-12-30,0.0018907397336276185
2020-12-31,0.013497933081393566
2021-01-04,-0.017049409824464262
2021-01-05,0.002499198451063381
2021-01-06,0.022130949309119446
2021-01-07,0.01932197426213892
2021-01-08,0.0060804570827234
2021-01-11,-0.012920278204891288
2021-01-12,-0.0006897862872274395
2021-01-13,0.0019948693232184184
2021-01-14,-0.010476949305301454
2021-01-15,-0.009612130584572862
2021-01-19,0.003844250655114202
2021-01-20,0.02031297190592924
2021-01-21,0.004654454415831699
2021-01-22,-0.012633257462181023
2021-01-25,0.0024008273817835548
2021-01-26,-0.003207360425058213
2021-01-27,-0.046505550708281676
2021-01-28,0.016992675965171188
2021-01-29,-0.03633822107580237
2021-02-01,0.015999740258451443
2021-02-02,0.029817397686946
2021-02-03,0.0005886402881632516
2021-02-04,0.011623443998039874
2021-02-05,0.0013003149842058016
2021-02-08,0.014961055349154425
2021-02-09,0.003584127185058793
2021-02-10,0.0015134240066639322
2021-02-11,-0.001657322363547626
2021-02-12,0.0013779592822922328
2021-02-16,-0.0014389874771328765
2021-02-17,0.00757696092957954
2021-02-18,-0.0054603946131376105
2021-02-19,-0.006090966969554763
2021-02-22,-0.005470418401650318
2021-02-23,-0.003266776480606661
2021-02-24,0.019277820369555658
2021-02-25,-0.03907753123260151
2021-02-26,-0.0146112338287023
2021-03-01,0.034938414937237594
2021-03-02,-0.01143368518190191
2021-03-03,-0.017746586940802205
2021-03-04,-0.02030663197331336
2021-03-05,0.035705225742764864
2021-03-08,0.0017471066046528612
2021-03-09,0.01856696434158053
2021-03-10,0.018002373233985413
2021-03-11,0.01850231832357123
2021-03-12,0.012967707325264161
2021-03-15,0.006548749424219452
2021-03-16,-0.005585168949902329
2021-03-17,0.006190661096962266
2021-03-18,-0.011665399227978488
2021-03-19,-0.0005574507357581217
2021-03-22,0.013645256261855167
2021-03-23,-0.007260237405969104
2021-03-24,-0.004134144037576971
2021-03-25,0.015108374508305617
2021-03-26,0.029817060750263427
2021-03-29,0.0067553600789105024
2021-03-30,-0.00660831544975129
2021-03-31,0.0005361373819253177
2021-04-01,0.004710706225044224
2021-04-05,0.012635161500117113
2021-04-06,-0.006823838384735085
2021-04-07,0.0009413034321456385
2021-04-08,0.006243583198357296
2021-04-09,0.02095829321135557
2021-04-12,0.00038837628932481726
2021-04-13,-0.00039247434024679805
2021-04-14,-0.0014599324536575787
2021-04-15,0.027860393325356017
2021-04-16,0.008170772206233266
2021-04-19,-0.007953839986637918
2021-04-20,-0.005431565375298716
2021-04-21,0.016730037066515557
2021-04-22,-0.017130015823612326
2021-04-23,0.016625063911029848
2021-04-26,-0.005321619218490497
2021-04-27,-0.00015246801478510354
2021-04-28,-0.00411967942522441
2021-04-29,0.017260937341236952
2021-04-30,-0.011095544365525224
2021-05-03,0.015884491503475096
2021-05-04,-0.0013190637574203908
2021-05-05,0.0007470935428893017
2021-05-06,0.007453198841921796
2021-05-07,0.007119885679559261
2021-05-10,-0.005536524572570017
2021-05-11,-0.012580617300883877
2021-05-12,-0.01867869312481613
2021-05-13,0.013992592787883146
2021-05-14,0.01135923621614746
2021-05-17,-0.001659111839295026
2021-05-18,-0.01155377608551007
2021-05-19,-0.008295902248028028
2021-05-20,0.01423484646427485
2021-05-21,0.002176107727285927
2021-05-24,0.013260163220898583
2021-05-25,-0.0008706866433369187
2021-05-26,0.0018948463458738451
2021-05-27,0.003775487208415832
2021-05-28,-0.002554301314973561
2021-06-01,-0.0032942580259669734
2021-06-02,0.0030337890008098915
2021-06-03,0.00014886451967179677
2021-06-04,0.011471831728945878
2021-06-07,-0.011261687843646322
2021-06-08,6.743028436869315e-05
2021-06-09,-0.004621337692054384
2021-06-10,0.006230712889081726
2021-06-11,-0.001867985808941403
2021-06-14,0.002293560670518863
2021-06-15,-0.0025429714743269967
2021-06-16,-0.0150753808187246
2021-06-17,-0.0009119730330151262
2021-06-18,-0.028303695215231177
2021-06-21,0.0329133013293943
2021-06-22,0.009207976536921207
2021-06-23,-0.0045904372814371585
2021-06-24,0.013842867095176042
2021-06-25,0.013365711114681732
2021-06-28,-0.0029088196717521
2021-06-29,-0.00021168873227808222
2021-06-30,0.004706909085398831
2021-07-01,0.009150126919078096
2021-07-02,0.014809713139981948
2021-07-06,-0.0057706138519419345
2021-07-07,0.009538421423477111
2021-07-08,-0.010789777272260527
2021-07-09,0.021622566849817254
2021-07-12,0.005318146519721317
2021-07-13,-0.003909750239435469
2021-07-14,0.0011296326092929618
2021-07-15,0.002885566818968074
2021-07-16,-0.013290883312204141
2021-07-19,-0.029551463264608165
2021-07-20,0.013069683375442658
2021-07-21,0.007106357112295158
2021-07-22,0.0024389574560019067
2021-07-23,0.009039353998586056
2021-07-26,-0.000395135898045176
2021-07-27,-0.0024726999637251193
2021-07-28,-0.004005506850194294
2021-07-29,0.00490512777288386
2021-07-30,-0.003766863585911785
2021-08-02,0.0005120133654591516
2021-08-03,0.009928309075708516
2021-08-04,-0.0038353974015738006
2021-08-05,-0.001587671815358042
2021-08-06,0.0038516616947759695
2021-08-09,-0.003340237975021519
2021-08-10,0.0012638468456592639
2021-08-11,-0.0006270363281925182
2021-08-12,0.0011458061437340298
2021-08-13,0.0037159277485809793
2021-08-16,0.006358323904920861
2021-08-17,-0.0020947500244488074
2021-08-18,-0.010751466286049758
2021-08-19,0.007366948470644324
2021-08-20,0.00706741603477431
2021-08-23,0.003528296724744307
2021-08-24,0.00010046191615353914
2021-08-25,-0.0006987752648296127
2021-08-26,-0.005994608707835366
2021-08-27,0.0075625389936417875
2021-08-30,0.003122234919128405
2021-08-31,-0.0027792305485214914
2021-09-01,0.0009000219895991415
2021-09-02,0.011030023454845966
2021-09-03,-0.0014210671907288394
2021-09-07,-0.01076541931238541
2021-09-08,-0.0026198513244829035
2021-09-09,-0.006744016577322701
2021-09-10,-0.017304971209091344
2021-09-13,0.010410917709464333
2021-09-14,-0.01164313410356788
2021-09-15,0.015451603831675553
2021-09-16,-0.0019289705842742665
2021-09-17,-0.01081114817334178
2021-09-20,-0.03458654071340331
2021-09-21,-0.0012244152919439087
2021-09-22,0.012312280043960136
2021-09-23,0.02045228338437621
2021-09-24,0.009391281629259299
2021-09-27,-0.005454813618399498
2021-09-28,-0.038597571398384906
2021-09-29,0.0064618523272726765
2021-09-30,-0.028320885374457053
2021-10-01,0.019730750447480832
2021-10-04,-0.024674405559120323
2021-10-05,0.02205587612012961
2021-10-06,0.007732860862665916
2021-10-07,0.02248339556313797
2021-10-08,0.00025262441841507094
2021-10-11,-0.014336896528102761
2021-10-12,-0.006968503900903099
2021-10-13,0.002068903803104268
2021-10-14,0.037267904919312526
2021-10-15,0.019870361033654582
2021-10-18,0.004545667700597855
2021-10-19,0.01257958506592135
2021-10-20,0.01372063050361371
2021-10-21,0.00997751959772621
2021-10-22,0.007094506998242347
2021-10-25,0.009925891875365415
2021-10-26,0.003716190749957722
2021-10-27,-0.004049808870222598
2021-10-28,0.008273296131933217
2021-10-29,0.004388606323427748
2021-11-01,-0.0021254377418162217
2021-11-02,0.001692942244927767
2021-11-03,0.007621283123491734
2021-11-04,0.003170198881867368
2021-11-05,0.0022847510342388936
2021-11-08,0.00446887278098846
2021-11-09,-0.001487071712918226
2021-11-10,-0.014426680422746321
2021-11-11,-0.0010322482261854106
2021-11-12,0.01248265784724598
2021-11-15,-0.0031015987725848417
2021-11-16,0.002289058505086424
2021-11-17,-0.0022897508192736807
2021-11-18,0.0028604735037815877
2021-11-19,-0.006459628733747083
2021-11-22,-0.003619451772808713
2021-11-23,0.0066062386925133
2021-11-24,0.003462644076008301
2021-11-26,-0.02214444519969911
2021-11-29,0.01550053892902918
2021-11-30,-0.01853998828046277
2021-12-01,-0.008366322921949281
2021-12-02,0.011516078013832
2021-12-03,-0.003720023091166818
2021-12-06,0.014532686067636101
2021-12-07,0.03247137143745571
2021-12-08,-0.0003137649691330531
2021-12-09,-0.005485831175735279
2021-12-10,0.0301925450929916
2021-12-13,-0.01404477590536541
2021-12-14,-0.011872762519417223
2021-12-15,0.03624396033445138
2021-12-16,-0.013894618697877819
2021-12-17,-0.023946983436680065
2021-12-20,-0.01830155637197871
2021-12-21,0.02550812976676733
2021-12-22,0.018658113722174793
2021-12-23,0.009842548314025826
2021-12-27,0.02630837727098966
2021-12-28,0.0038920267461516377
2021-12-29,0.005404667260622479
2021-12-30,-0.006278459852295422
2021-12-31,-0.002827230217123615
2022-01-03,0.009008672678484965
2022-01-04,-0.002565231560820457
2022-01-05,-0.02950862929461712
2022-01-06,-0.014510109701801251
2022-01-07,-0.014903527322310551
2022-01-10,-0.009318878854766625
2022-01-11,0.014230593475670978
2022-01-12,0.00754151451083656
2022-01-13,-0.02216021409288946
2022-01-14,-0.010008740669967948
2022-01-18,-0.035846088450459335
2022-01-19,-0.013154469222332345
2022-01-20,-0.018209785328196434
2022-01-21,-0.025940808083294662
2022-01-24,0.010415146088280165
2022-01-25,-0.019452002713955807
2022-01-26,-0.0010478657442839776
2022-01-27,-0.0028008116987686443
2022-01-28,0.0380763337900996
2022-01-31,0.03170025970291429
2022-02-01,0.011096029511734072
2022-02-02,0.02427088343230078
2022-02-03,-0.023940054487380135
2022-02-04,-0.0008274193802557347
2022-02-07,-0.004100821701306334
2022-02-08,0.021448317383275736
2022-02-09,0.023620180064527194
2022-02-10,-0.03506764402824801
2022-02-11,-0.03459026437858466
2022-02-14,-0.009078612183561036
2022-02-15,0.02668017004327087
2022-02-16,0.00028238290371356185
2022-02-17,-0.033227218060907254
2022-02-18,-0.01205912941681252
2022-02-22,-0.02665409114833841
2022-02-23,-0.028906153654892356
2022-02-24,0.016286287686820534
2022-02-25,0.05163546985371771
2022-02-28,-0.004270638069447023
2022-03-01,-0.021978006076387994
2022-03-02,0.03308110548286797
2022-03-03,-0.0026965993606876933
2022-03-04,-0.0071887577038385825
2022-03-07,-0.04342817503591888
2022-03-08,-0.019582936021236876
2022-03-09,0.04424116609260525
2022-03-10,-0.0008445000516415007
2022-03-11,-0.02074267523104063
2022-03-14,-0.003309028073895954
2022-03-15,0.04289605600276508
2022-03-16,0.029335752578472173
2022-03-17,0.027442174062480534
2022-03-18,0.018065669521005096
2022-03-21,-0.006166603198743759
2022-03-22,0.015116036736258456
2022-03-23,-0.02339910066134105
2022-03-24,0.025704037614972156
2022-03-25,0.005708093060756396
2022-03-28,0.012021208859572075
2022-03-29,0.017762272569670806
2022-03-30,0.0011718664916070985
2022-03-31,-0.028380404103871888
2022-04-01,0.005436585926054489
2022-04-04,0.007330808044315936
2022-04-05,-0.005535633616760318
2022-04-06,-0.00042975900465639424
2022-04-07,0.006006685654697964
2022-04-08,0.0026844655510015166
2022-04-11,-0.016382466966600746
2022-04-12,-0.008007420220756978
2022-04-13,0.021945588726089243
2022-04-14,-0.013214381553632203
2022-04-18,-0.004607777799446352
2022-04-19,0.029890633622007133
2022-04-20,0.012268738907565552
2022-04-21,-0.028064684962152052
2022-04-22,-0.057183560472170256
2022-04-25,0.009090680548089907
2022-04-26,-0.05121843258515974
2022-04-27,0.0035044685226356884
2022-04-28,0.04151933039392787
2022-04-29,-0.06955910548993299
2022-05-02,0.0012437791673686185
2022-05-03,0.003555612370315089
2022-05-04,0.055825200161563504
2022-05-05,-0.06943047153845897
2022-05-06,-0.0113540630285008
2022-05-09,-0.04770811562016447
2022-05-10,0.0014903247626971434
2022-05-11,-0.0267551642110525
2022-05-12,-0.00831002265433377
2022-05-13,0.037520520044332366
2022-05-16,-0.0012690736344370343
2022-05-17,0.0244335729932809
2022-05-18,-0.09794159919449762
2022-05-19,-0.010845244867172373
2022-05-20,0.0010146737901576995
2022-05-23,0.03982734217971807
2022-05-24,0.0032915682042366423
2022-05-25,0.01257857120609043
2022-05-26,0.04287430901249383
2022-05-27,0.03713110402745451
2022-05-31,-0.016100055130739737
2022-06-01,-0.01715760403630715
2022-06-02,0.040198462233132774
2022-06-03,-0.02911700731518646
2022-06-06,0.0025697519504451812
2022-06-07,0.01635188796474259
2022-06-08,-0.0182039984439532
2022-06-09,-0.03221727845561642
2022-06-10,-0.04804030913890703
2022-06-13,-0.06042624846649658
2022-06-14,-0.008826308045799798
2022-06-15,0.021370779493376936
2022-06-16,-0.04970937686173221
2022-06-17,-0.005864854256826836
2022-06-21,0.059614207782355155
2022-06-22,9.672942241458534e-06
2022-06-23,0.02557146043896907
2022-06-24,0.0468205381377412
2022-06-27,-0.0006861280544661905
2022-06-28,-0.03283014468807598
2022-06-29,0.005082262395150635
2022-06-30,-0.007410589704709827
2022-07-01,0.019536067610900903
2022-07-05,-0.0061749539416211825
2022-07-06,0.011507905342436188
2022-07-07,0.020143850899109923
2022-07-08,0.0037258658445798246
2022-07-11,-0.014894824828681357
2022-07-12,-0.016552384270828755
2022-07-13,-0.014901685927047447
2022-07-14,0.005382601782556494
2022-07-15,0.04851879454507973
2022-07-18,-0.019315625640393
2022-07-19,0.046667631602743134
2022-07-20,0.0016936005540134202
2022-07-21,0.015761674558368258
2022-07-22,-0.01069610303113637
2022-07-25,0.006155898721419148
2022-07-26,-0.021808432302222965
2022-07-27,0.03613535601752671
2022-07-28,0.027135511619697794
2022-07-29,0.02190781770304356
2022-08-01,-0.004506104128006468
2022-08-02,-0.004750136729708857
2022-08-03,0.013564761703260817
2022-08-04,-0.0035285077970739435
2022-08-05,-0.0007417744429233771
2022-08-08,4.318690706131101e-05
2022-08-09,-0.006823777714752233
2022-08-10,0.029494469025009726
2022-08-11,-0.004464955921671528
2022-08-12,0.029662884531256525
2022-08-15,0.01089774321559991
2022-08-16,0.010716597258781003
2022-08-17,-0.007949921057992821
2022-08-18,0.005011989445437855
2022-08-19,-0.017799615870749977
2022-08-22,-0.03505596034286769
2022-08-23,-0.011230594802403324
2022-08-24,0.004415622186379412
2022-08-25,0.023825015111509952
2022-08-26,-0.06334521473652441
2022-08-29,-0.009116049709002559
2022-08-30,-0.021955817604370334
2022-08-31,-0.01428546573839121
2022-09-01,0.011013455081449068
2022-09-02,-0.024104354212949278
2022-09-06,-0.0058661612056558725
2022-09-07,0.03028365212261091
2022-09-08,0.01200082150459433
2022-09-09,0.024217835145698034
2022-09-12,0.018026697491130873
2022-09-13,-0.08361207776324062
2022-09-14,-0.00020550016065418392
2022-09-15,-0.007700019207139114
2022-09-16,-0.009858160042553434
2022-09-19,0.012665701065287492
2022-09-20,-0.01977336123213945
2022-09-21,-0.034377829981484684
2022-09-22,-0.009512412322672843
2022-09-23,-0.0364659869374294
2022-09-26,-0.009930944407197672
2022-09-27,-0.006384622208187258
2022-09-28,0.035851011889488305
2022-09-29,-0.034999557087370875
2022-09-30,-0.029530679840622222
2022-10-03,0.04660450448923058
2022-10-04,0.05224577924680014
2022-10-05,-0.004136050226075561
2022-10-06,-0.01968686214366721
2022-10-07,-0.0514863265389264
2022-10-10,-0.01181641256168102
2022-10-11,-0.0012536753752211442
2022-10-12,-0.005639662389555028
2022-10-13,0.04633677059209842
2022-10-14,-0.0322619337441085
2022-10-17,0.04125900270153355
2022-10-18,0.02126232517253974
2022-10-19,-0.008784419654730995
2022-10-20,-0.012487694691834618
2022-10-21,0.05024307737118573
2022-10-24,0.033014699898596456
2022-10-25,0.020514023391646978
2022-10-26,-0.004173403385733774
2022-10-27,-0.001236857857171262
2022-10-28,0.04801021910179856
2022-10-31,-0.010817415324548465
2022-11-01,-0.009773203884526745
2022-11-02,-0.040665466180306004
2022-11-03,-0.010044777600063
2022-11-04,0.017475001336001113
2022-11-07,0.021281972140902217
2022-11-08,0.016930716343887216
2022-11-09,-0.037210835940541774
2022-11-10,0.08077234902327728
2022-11-11,0.00033950775493886334
2022-11-14,-0.01763608072533355
2022-11-15,0.01011772524963585
2022-11-16,-0.003222452725026242
2022-11-17,-0.002353249047589113
2022-11-18,0.015874330696297907
2022-11-21,-0.009997896290522123
2022-11-22,0.025570331302989975
2022-11-23,0.0109938960171152
2022-11-25,0.006065464315481093
2022-11-28,-0.02665593466947805
2022-11-29,-0.004680282173479211
2022-11-30,0.054315897862378296
2022-12-01,-0.025006775428222026
2022-12-02,-0.0042126224037184025
2022-12-05,-0.02848262119341435
2022-12-06,-0.020458106165373448
2022-12-07,0.0006533530972914739
2022-12-08,0.01179300913243986
2022-12-09,-0.015579901881698343
2022-12-12,0.02741631077260555
2022-12-13,0.004776314229423907
2022-12-14,-0.010393625575602444
2022-12-15,-0.050597449460652436
2022-12-16,-0.019129311928105505
2022-12-19,-0.01121170767443333
2022-12-20,0.0007448770417523638
2022-12-21,0.029146097647991927
2022-12-22,-0.020936828998303843
2022-12-23,0.01176281094863898
2022-12-27,-0.003943998693179363
2022-12-28,-0.022646102920592083
2022-12-29,0.022737073862697223
2022-12-30,-0.0033069617460344085
2023-01-03,-0.010817755936874172
2023-01-04,0.0035718598960445
2023-01-05,-0.027140515191495858
2023-01-06,0.051491564468104864
2023-01-09,-0.004719683467612406
2023-01-10,0.00856679163329441
2023-01-11,0.020154824249486204
2023-01-12,0.007577856930027203
2023-01-13,0.003547243562165313
2023-01-17,-0.011525149130657601
2023-01-18,-0.03399117317439674
2023-01-19,-0.011848678888635784
2023-01-20,0.02705947525880533
2023-01-23,0.02068384899535615
2023-01-24,0.003853434238526345
2023-01-25,0.0006153903599880925
2023-01-26,0.01569586006477731
2023-01-27,0.0015905770798865491
2023-01-30,-0.01538202699094049
2023-01-31,0.02983482711549646
2023-02-01,0.010310104207972735
2023-02-02,-0.00011270105503530421
2023-02-03,-0.015330864031251069
2023-02-06,-0.0033714527629003974
2023-02-07,0.01691668927770494
2023-02-08,-0.01571772605095856
2023-02-09,-0.01232031220045248
2023-02-10,0.008979155217153636
2023-02-13,0.02066220262507778
2023-02-14,-0.006604819131969136
2023-02-15,0.006655311037997806
2023-02-16,-0.02540536674963809
2023-02-17,0.00856616972610282
2023-02-21,-0.0365290539436891
2023-02-22,-0.00638357938977848
2023-02-23,0.004890333892938996
2023-02-24,-0.022130998998563453
2023-02-27,0.002858618239665571
2023-02-28,-0.013675481427385745
2023-03-01,-0.00522766616215588
2023-03-02,0.017968370750318517
2023-03-03,0.01554965905273577
2023-03-06,0.006898281335247105
2023-03-07,-0.02685996386937471
2023-03-08,-0.0013051923477915496
2023-03-09,-0.0325923580553912
2023-03-10,-0.024117251002300975
2023-03-13,-0.0011165843123277256
2023-03-14,0.026078910487805425
2023-03-15,-0.00893540589830378
2023-03-16,0.025743832525453834
2023-03-17,-0.019442802818557543
2023-03-20,0.020830564327537788
2023-03-21,0.01963197815024203
2023-03-22,-0.029640303098400378
2023-03-23,-5.020623161186891e-05
2023-03-24,0.015476550069359376
2023-03-27,0.007859271396770522
2023-03-28,-0.010999444752266963
2023-03-29,0.017170968236469138
2023-03-30,0.009609468438352472
2023-03-31,0.024297141629574383
2023-04-03,0.020986939355291306
2023-04-04,-0.008452676015164827
2023-04-05,0.007230342698812054
2023-04-06,-0.0010958089840558249
2023-04-10,0.008103828222316738
2023-04-11,0.007441265750930449
2023-04-12,-0.008103232680553355
2023-04-13,0.02413091929141619
2023-04-14,-0.015219797014777176
2023-04-17,0.003006796679232241
2023-04-18,0.0011059326900572596
2023-04-19,-0.011533522244910234
2023-04-20,-0.0012128896059913899
2023-04-21,-0.00029540391865670276
2023-04-24,0.007378541808063077
2023-04-25,-0.022195242469283647
2023-04-26,-0.01751229128520803
2023-04-27,0.0328270097382883
2023-04-28,0.014349833011858066
2023-05-01,-0.004954904639778799
2023-05-02,-0.016972500170034092
2023-05-03,-0.015706170310310602
2023-05-04,-0.012172838358309918
2023-05-05,0.033032684489974436
2023-05-08,-0.0017726965513865669
2023-05-09,-0.0046953587761775105
2023-05-10,0.0017938669356883886
2023-05-11,-0.0061307229409707144
2023-05-12,0.0011693431277803015
2023-05-15,0.0002533185402429296
2023-05-16,-0.01940693751517056
2023-05-17,0.020411854627978746
2023-05-18,0.009005485091617216
2023-05-19,-0.004911449930585748
2023-05-22,-0.00436070335130172
2023-05-23,-0.017689684682920738
2023-05-24,-0.01171891556155049
2023-05-25,0.004870343052584805
2023-05-26,0.029590300219940587
2023-05-30,-0.0012575196580058132
2023-05-31,-0.0008689415650082691
2023-06-01,0.013534390104112776
2023-06-02,0.029739276915872116
2023-06-05,-0.004170400737945229
2023-06-06,-0.004508644186262887
2023-06-07,-0.005595007812724409
2023-06-08,0.015952035413402572
2023-06-09,0.0026548709173348003
2023-06-12,0.012130835866752454
2023-06-13,0.007890551842737516
2023-06-14,-0.017578590182127412
2023-06-15,0.02388677324901496
2023-06-16,-0.011361863931656193
2023-06-20,-0.0059801250179354025
2023-06-21,-0.0026482793003197963
2023-06-22,0.005329975668392616
2023-06-23,-0.011409689195013655
2023-06-26,-0.0026646931536707633
2023-06-27,0.0173516625879055
2023-06-28,-0.003660638957082357
2023-06-29,0.008420616673886196
2023-06-30,0.019929209111562644
2023-07-03,0.0012398749731178725
2023-07-05,-0.004900441746141202
2023-07-06,-0.0068383834188658205
2023-07-07,-0.006203397818091653
2023-07-10,0.002714742430121356
2023-07-11,0.012619578607714427
2023-07-12,0.005917510806050064
2023-07-13,0.00444995153890386
2023-07-14,0.022835694307292168
2023-07-17,0.008738877831144824
2023-07-18,0.013821105685590446
2023-07-19,0.003436979435582091
2023-07-20,-0.004571285239731249
2023-07-21,0.0010674431956627629
2023-07-24,0.004378653174526072
2023-07-25,0.003088741787203692
2023-07-26,-0.0014778235883914754
2023-07-27,-0.00616203305170702
2023-07-28,0.006018646735685451
2023-07-31,0.003182982854723135
2023-08-01,-0.004387914468388477
2023-08-02,-0.01905872172132718
2023-08-03,-0.0017875351317429675
2023-08-04,-0.009940078708792455
2023-08-07,0.021432437414295374
2023-08-08,-0.010218766933010668
2023-08-09,-0.008970343967752169
2023-08-10,0.0026727232754901156
2023-08-11,0.004622911231104752
2023-08-14,0.004732471334883803
2023-08-15,-0.01935365221833188
2023-08-16,-0.011261519187331169
2023-08-17,-0.022085392012217465
2023-08-18,0.002643469764027434
2023-08-21,0.0025319692849634107
2023-08-22,-0.01086229718694412
2023-08-23,0.011449427062055028
2023-08-24,-0.023479129454921102
2023-08-25,0.012113067311896576
2023-08-28,0.011479189402544185
2023-08-29,0.02071562572205201
2023-08-30,0.004083131142790502
2023-08-31,-0.009707468785910445
2023-09-01,0.0013673635756522055
2023-09-05,-0.005279284869422723
2023-09-06,-0.010777878675710818
2023-09-07,0.003732622048251067
2023-09-08,0.0026152225329466577
2023-09-11,0.009644240059515924
2023-09-12,-0.004740050157053882
2023-09-13,-0.00010241603217921538
2023-09-14,0.017393440783498974
2023-09-15,-0.017806928598416948
2023-09-18,0.0030600877710936884
2023-09-19,-0.0059565069538104415
2023-09-20,-0.0032152616215485996
2023-09-21,-0.019874844614583845
2023-09-22,3.7830550631349526e-05
2023-09-25,0.006228488957757631
2023-09-26,-0.025067484270622626
2023-09-27,0.002958221770158937
2023-09-28,0.011656288791418133
2023-09-29,-0.009946232833588519
2023-10-02,0.005860849261972766
2023-10-03,-0.024947462701942855
2023-10-04,0.011160803930150533
2023-10-05,0.0011876625378203056
2023-10-06,0.013803307672474674
2023-10-09,0.010639951124209408
2023-10-10,0.007065659913142317
2023-10-11,0.005934550522395507
2023-10-12,-0.008918783847045926
2023-10-13,0.004986523150463074
2023-10-16,0.01604028079647221
2023-10-17,0.00031486053007186404
2023-10-18,-0.017363429913178813
2023-10-19,-0.018925249820543312
2023-10-20,-0.023187313529445704
2023-10-23,-0.008476147678749288
2023-10-24,0.011728165432031071
2023-10-25,-0.011736231541043751
2023-10-26,-0.01719639390560434
2023-10-27,-0.015855397230308734
2023-10-30,0.02832211728458219
2023-10-31,0.008503746508031054
2023-11-01,0.013248107792898629
2023-11-02,0.029327576705930745
2023-11-03,0.011576945680655527
2023-11-06,0.007461921737079432
2023-11-07,0.005912270632404647
2023-11-08,-0.002652808140733904
2023-11-09,-0.011623447411991394
2023-11-10,0.027232630043727023
2023-11-13,0.0013562476594167208
2023-11-14,0.02950578031117685
2023-11-15,0.0070937929705107185
2023-11-16,-0.007028515574687891
2023-11-17,-0.0010178635906619854
2023-11-20,0.011288675118375698
2023-11-21,0.00021888048726612422
2023-11-22,0.010411358859222132
2023-11-24,0.004982330007763108
2023-11-27,-0.002477990263795195
2023-11-28,0.00036187609862311533
2023-11-29,-0.004940390186982885
2023-11-30,0.024278980098247964
2023-12-01,0.010380507790818491
2023-12-04,-0.0029480000099732216
2023-12-05,0.0017863514795382163
2023-12-06,-0.004462132236998235
2023-12-07,0.0074140854042411795
2023-12-08,0.0063021659639604655
2023-12-11,0.008773920963039814
2023-12-12,0.004273323764715967
2023-12-13,0.011762198397461995
2023-12-14,-0.0041759608629850405
2023-12-15,-0.0024389731966719774
2023-12-18,0.00216530076606623
2023-12-19,0.003157740497500312
2023-12-20,-0.014662017120258802
2023-12-21,0.009261282543952015
2023-12-22,0.001654092783880607
2023-12-26,0.0029474208007213335
2023-12-27,0.0026921844592687682
2023-12-28,0.0012953954940164824
2023-12-29,-0.001422373130126599
2024-01-02,0.0017118072891367476
2024-01-03,-0.012899767044890941
2024-01-04,0.0009052616733074936
2024-01-05,0.0001439678801683584
2024-01-08,0.016247093987720354
2024-01-09,-0.0016138129711371473
2024-01-10,0.009298586979106217
2024-01-11,0.0008465141288482616
2024-01-12,-0.007013042918842589
2024-01-16,-0.009241489404192829
2024-01-17,-0.001525698858425008
2024-01-18,0.0024432597808745514
2024-01-19,0.0033390651588884393
2024-01-22,0.0060528143099852485
2024-01-23,0.0033471937062161837
2024-01-24,-0.00035804184419488134
2024-01-25,-0.005329361404682602
2024-01-26,0.0037889663289523813
2024-01-29,0.006649456790359155
2024-01-30,0.003621610079606878
2024-01-31,-0.016483657639156938
2024-02-01,0.017654362590579207
2024-02-02,0.013413871855036702
2024-02-05,-0.0113461489571688
2024-02-06,0.005986480839197202
2024-02-07,0.010507823804426789
2024-02-08,0.000844648868748648
2024-02-09,0.0033227260331625216
2024-02-12,-0.0006666463292003053
2024-02-13,-0.01060432915421297
2024-02-14,0.006537291388243261
2024-02-15,0.006858114802589931
2024-02-16,-0.003415013912603908
2024-02-20,-0.004320562542418458
2024-02-21,0.0010648102531977022
2024-02-22,0.017850345920187867
2024-02-23,0.0007233652045021639
2024-02-26,-0.0037932744420710414
2024-02-27,-0.004309943657348879
2024-02-28,-0.008378748989304626
2024-02-29,0.0004453898343862641
2024-03-01,0.005390213489434183
2024-03-04,-0.004638444386872203
2024-03-05,-0.012116908466342467
2024-03-06,0.0036214255540640097
2024-03-07,0.010645390633746282
2024-03-08,-0.004809983637010107
2024-03-11,0.005799362365527021
2024-03-12,0.020453756701901395
2024-03-13,-0.002042832995535685
2024-03-14,-0.0046464030760963795
2024-03-15,-0.010797241651499798
2024-03-18,0.00583266468478247
2024-03-19,0.013719894658854814
2024-03-20,0.017716957952007853
2024-03-21,0.006529177506992416
2024-03-22,-0.010669759519531998
2024-03-25,-0.008774060839205315
2024-03-26,0.0011050107490969906
2024-03-27,0.015505057013903839
2024-03-28,0.001302445904634276
2024-04-01,-0.012487425819843752
2024-04-02,-0.03173667009366285
2024-04-03,-0.0011414752129420744
2024-04-04,-0.02262768499244458
2024-04-05,0.01658304669133516
2024-04-08,-4.6582400542957155e-05
2024-04-09,0.004824771112588483
2024-04-10,-0.01950043619654182
2024-04-11,0.003801402815252399
2024-04-12,-0.02145129262774336
2024-04-15,-0.015066018723918773
2024-04-16,0.011759923423096296
2024-04-17,-0.0002426389732514047
2024-04-18,0.005115782284440654
2024-04-19,0.0016317030903808183
2024-04-22,0.007927767862921225
2024-04-23,0.014087796754306891
2024-04-24,-0.0005726149289673064
2024-04-25,-0.007505455669760058
2024-04-26,0.013210622077903229
2024-04-29,0.0010960935033626717
2024-04-30,-0.026837488549006132
2024-05-01,-0.001564439642237765
2024-05-02,0.021306172887437965
2024-05-03,0.021502869465076686
2024-05-06,0.016259456472447316
2024-05-07,0.004131628485036437
2024-05-08,0.0011286552655763093
2024-05-09,0.006214192443002711
2024-05-10,0.003971184614929788
2024-05-13,-0.0005720450156507886
2024-05-14,0.007265615978571399
2024-05-15,0.020888837037212955
2024-05-16,0.0015281809113559177
2024-05-17,0.006001654897166251
2024-05-20,-0.007176499850795814
2024-05-21,0.004818917261259308
2024-05-22,-0.0032466818052418493
2024-05-23,-0.007641007360473553
2024-05-24,0.0007264999504771304
2024-05-28,-0.0017806927216406344
2024-05-29,-0.014698352709883032
2024-05-30,-0.006515693230366837
2024-05-31,0.013512123221594396
2024-06-03,0.0017197696398977588
2024-06-04,0.004794833673113336
2024-06-05,0.007695588284893336
2024-06-06,-0.0006475427164736943
2024-06-07,-0.006582509314663028
2024-06-10,0.004595863976939478
2024-06-11,0.00237611305615955
2024-06-12,0.004643949206706426
2024-06-13,0.0037647147686559546
2024-06-14,0.00021429372547946183
2024-06-17,0.0032000695568809236
2024-06-18,-0.002240935534491292
2024-06-20,-0.0003329628725672832
2024-06-21,-0.002592078714180091
2024-06-24,0.0019398431623616859
2024-06-25,-0.00351717950050969
2024-06-26,0.00137738244260515
2024-06-27,0.0009033336971064931
2024-06-28,0.007352410013922691
2024-07-01,-0.006802842485133712
2024-07-02,0.01398484961739398
2024-07-03,-0.0007907699720231423
2024-07-05,0.011289564400370836
2024-07-08,-0.00035381604211330933
2024-07-09,0.00202963184399514
2024-07-10,0.011810202808449024
2024-07-11,-0.004751504306621176
2024-07-12,0.008287856580980815
2024-07-15,0.004087573970893508
2024-07-16,0.03469098934493242
2024-07-17,0.0037718145375036233
2024-07-18,-0.02154437890013887
2024-07-19,-0.011914660932858392
2024-07-22,0.00894094749010297
2024-07-23,-0.002885179655707332
2024-07-24,-0.030290107689798514
2024-07-25,-0.006874954044894259
2024-07-26,0.025290021640568774
2024-07-29,-0.002806223653955047
2024-07-30,0.0020310642773263905
2024-07-31,0.017069046079629842
2024-08-01,-0.02290618937885754
2024-08-02,-0.016426457660084715
2024-08-05,-0.05480665030222812
2024-08-06,0.016598309398965724
2024-08-07,-0.012656157997666253
2024-08-08,0.03943200415086243
2024-08-09,0.005611660065354698
2024-08-12,0.002789743593664021
2024-08-13,0.024043319044281867
2024-08-14,0.008594765732015095
2024-08-15,0.0281061745893528
2024-08-16,0.0006465677079254627
2024-08-19,0.012958081114246602
2024-08-20,-0.0006144321660867962
2024-08-21,0.003783116244144325
2024-08-22,-0.009770253314240212
2024-08-23,0.01827860497839702
2024-08-26,0.0044751472076998075
2024-08-27,0.00592644730896209
2024-08-28,-0.012536412266320924
2024-08-29,0.005304547181285082
2024-08-30,0.011509185281369447
2024-09-03,-0.02663936815344111
2024-09-04,0.003764282279688367
2024-09-05,-0.01009536628129686
2024-09-06,-0.02240324579168846
2024-09-09,0.020947147020166222
2024-09-10,0.002954897549568032
2024-09-11,0.007204124603264766
2024-09-12,0.014955812471577578
2024-09-13,0.011655278027360072
2024-09-16,0.0020322876214953446
2024-09-17,-0.007718910064416557
2024-09-18,-0.004694551091343766
2024-09-19,0.022886374816048577
2024-09-20,-0.0005000512907668742
2024-09-23,0.00516412747296996
2024-09-24,0.0004502977458084034
2024-09-25,-0.0050915565500242845
2024-09-26,0.004896968880350119
2024-09-27,-0.0006845191445528705
2024-09-30,0.005134692167290092
2024-10-01,-0.013092171351022835
2024-10-02,0.004793043006423344
2024-10-03,-0.005467361048326905
2024-10-04,0.013835309331139047
2024-10-07,-0.01944143543193297
2024-10-08,0.012913992902598814
2024-10-09,0.022091398316401813
2024-10-10,-0.003908459413578286
2024-10-11,0.009889754729196648
2024-10-14,0.01355287643452258
2024-10-15,-0.03064538068411901
2024-10-16,0.01289967424945896
2024-10-17,5.281571351108495e-05
2024-10-18,0.0058240404642527135
2024-10-21,-0.0070431274239124665
2024-10-22,0.00031062069992018296
2024-10-23,-0.014907545510596958
2024-10-24,-0.004214133247984658
2024-10-25,-0.004229632982840684
2024-10-28,0.00722699873211618
2024-10-29,-0.004156613146247058
2024-10-30,-0.005442215333770895
2024-10-31,-0.022988261031780213
2024-11-01,0.010082899010637726
2024-11-04,-0.007712876996735722
2024-11-05,0.021709813232192322
2024-11-06,0.06122143780627677
2024-11-07,0.01332615911223057
2024-11-08,0.019763975961074914
2024-11-11,0.006680238060024392
2024-11-12,-0.013002021638614511
2024-11-13,-0.00229642719054232
2024-11-14,-0.016474458080653932
2024-11-15,-0.020102913070675875
2024-11-18,0.004806133586430677
2024-11-19,-0.0019772554950577377
2024-11-20,0.011815135011614094
2024-11-21,0.017853585309032714
2024-11-22,0.00858176350744651
2024-11-25,0.015179919725152244
2024-11-26,0.009390832396599366
2024-11-27,-0.0066408431752960195
2024-11-29,0.011522125289010591
2024-12-02,-0.0006648772105500732
2024-12-03,-0.0008892652380495492
2024-12-04,0.014000251685637254
2024-12-05,-0.020055147304608213
2024-12-06,-0.010984416914684162
2024-12-09,-0.003617276729861948
2024-12-10,-0.0013940065387956287
2024-12-11,-0.00999378200869892
2024-12-12,-0.01752889248196515
2024-12-13,0.0001800980254326581
2024-12-16,-0.007805916651927521
2024-12-17,-0.017316916935547547
2024-12-18,-0.03875282679859994
2024-12-19,-0.008583564190645536
2024-12-20,0.02221717937875504
2024-12-23,0.007522991586627769
2024-12-24,0.01627759351279274
2024-12-26,0.0029242576759491213
2024-12-27,-0.01851808983683964
2024-12-30,-0.02199388260048862
2024-12-31,-0.0062527252328572445
2025-01-02,-0.007351662775890969
2025-01-03,0.02074848775129233
2025-01-06,0.006244702779687204
2025-01-07,-0.011607866995289703
2025-01-08,0.00859961948734214
2025-01-10,-0.02265662520723092
2025-01-13,0.014164173719722999
2025-01-14,0.003638728377832988
2025-01-15,0.02776683607861999
2025-01-16,-0.018382116140221245
2025-01-17,0.018825122990280295
2025-01-21,0.024834607278143787
2025-01-22,0.0028370454204482308
2025-01-23,0.014977174657624989
2025-01-24,-0.004184640373692927
2025-01-27,0.006113602547312328
2025-01-28,0.006157375621098981
2025-01-29,-0.0061694827490125954
2025-01-30,0.01387314693696402
2025-01-31,-0.011319803267570105
2025-02-03,0.0020455903539643196
2025-02-04,0.003803026254287612
2025-02-05,0.00044731732584935707
2025-02-06,-0.0016634133795168518
2025-02-07,-0.008609588501832077
2025-02-10,0.007884610186072971
2025-02-11,0.0008350663157675955
2025-02-12,-0.0053194886173857855
2025-02-13,0.009648781014753149
2025-02-14,-0.0037042641887232493
2025-02-18,-0.008596425388684702
2025-02-19,0.009616109245039766
2025-02-20,-0.02117197981301994
2025-02-21,-0.0440754461265492
2025-02-24,-0.005513061378945401
2025-02-25,0.008360973837268474
2025-02-26,-0.012218776960504295
2025-02-27,-0.015018660042205395
2025-02-28,0.031136800588394513
2025-03-03,-0.027916703462862222
2025-03-04,-0.019037361450884784
2025-03-05,0.01893378599455769
2025-03-06,-0.019123559853636556
2025-03-07,-0.0048976876915808746
2025-03-10,-0.048038317396839184
2025-03-11,-0.013142712749541792
2025-03-12,-0.0013634608221743355
2025-03-13,-0.02877543917905408
2025-03-14,0.033827598031892885
2025-03-17,0.021428714207080188
2025-03-18,-0.015472928736551646
2025-03-19,0.01605783692938229
2025-03-20,-0.0008827267611499054
2025-03-21,0.006783250479750414
2025-03-24,0.027492090295095015
2025-03-25,0.0018434468642163327
2025-03-26,-0.009320532820978968
2025-03-27,-0.0034762473040712925
2025-03-28,-0.02997977639896665
2025-03-31,0.019904545405413
2025-04-01,0.003872654385463651
2025-04-02,0.011636670387796175
2025-04-03,-0.05720379458966954
2025-04-04,-0.09987474441081648
2025-04-07,-0.012155268974662601
2025-04-08,-0.0035445121722245607
2025-04-09,0.151714492358274
2025-04-10,-0.04103590887416354
2025-04-11,0.02638652898947181
2025-04-14,0.01240154406265972
2025-04-15,-0.007298189051758838
2025-04-16,-0.031417442507057934
2025-04-17,-0.05996931983710251
2025-04-21,-0.0608380374142518
2025-04-22,0.04539860749487118
2025-04-23,0.019783397693094177
2025-04-24,0.023926302150858305
2025-04-25,0.003471823688395778
2025-04-28,0.0038587433457122973
2025-04-29,0.006513162930956123
2025-04-30,0.004276339138368871
2025-05-01,0.002354964470449261
2025-05-02,0.023600291932331714
2025-05-05,-0.0013334942500967083
2025-05-06,-0.0214063005681095
2025-05-07,0.005243297327472479
2025-05-08,0.0068051121606762755
2025-05-09,-0.006982492025616088
2025-05-12,0.04740975275801075
2025-05-13,-0.048367771943017106
2025-05-14,-0.005205578358021944
2025-05-15,-0.009336250881592048
2025-05-16,0.027730027698984177
2025-05-19,0.02213894980796791
2025-05-20,0.00032880796683435907
2025-05-21,-0.044219983366483466
2025-05-22,-0.007102035257759402
2025-05-23,-0.013109358135774948
2025-05-27,0.029989315817312772
2025-05-28,-0.007148756184812517
2025-05-29,0.003543690413443193
2025-05-30,0.010429984566661492
2025-06-02,0.011722916895469329
2025-06-03,0.0052306538720710005
2025-06-04,-0.0038842790425074047
2025-06-05,-0.018954474674084416
2025-06-06,0.022406079622543224
2025-06-09,-0.0015603139535873087
2025-06-10,0.007186610472661472
2025-06-11,0.0006831066167308146
2025-06-12,0.012249397041298063
2025-06-13,-0.02931677241900962
2025-06-16,0.008530899390956276
2025-06-17,-0.012734792154895602
2025-06-18,-0.002960391747520901
2025-06-20,-0.0051718228470291104
2025-06-23,0.01941750171360579
2025-06-24,0.020458574014817054
2025-06-25,-0.007809163749245611
2025-06-26,0.012454228386580526
2025-06-27,0.01636559341279075
2025-06-30,0.011865445696148806
2025-07-01,0.017033401766265287
2025-07-02,-0.012677991797720462
2025-07-03,0.013150063368365529
2025-07-07,-0.015075705452300706
2025-07-08,-0.0020212455870287824
2025-07-09,0.0031743843793335795
2025-07-10,-0.00050786283383422
2025-07-11,-0.0042799856072217556
2025-07-14,0.002793317341498849
2025-07-15,-0.02163358012943995
2025-07-16,0.002569027082770603
2025-07-17,0.005987190684498177
2025-07-18,-0.009033836646029355
2025-07-21,0.00028274622883498065
2025-07-22,0.0034593185703548548
2025-07-23,0.02156125555543651
2025-07-24,-0.01889995814026224
2025-07-25,0.008463103193550493
2025-07-28,-0.0008499235831167941
2025-07-29,-0.02360892719917394
2025-07-30,-0.0016780722695512687
2025-07-31,-0.020451675212599427
2025-08-01,-0.02946183729565379
2025-08-04,0.025320935444305144
2025-08-05,0.002432376253466738
2025-08-06,0.007741846100473985
2025-08-07,-0.003017753949187926
2025-08-08,0.016094121808511906
2025-08-11,-0.0013139923142294562
2025-08-12,0.02541846234051494
2025-08-13,0.017617547945777384
2025-08-14,-0.0017351348313146158
2025-08-15,0.029090679630506794
2025-08-18,0.004650982099441628
2025-08-19,-0.0070004904347400025
2025-08-20,-0.0022303551293658404
2025-08-21,-0.00879315621026596
2025-08-22,0.025696753925439218
2025-08-25,-0.015523389721279902
2025-08-26,0.0014688190686528504
2025-08-27,0.009043654911526849
2025-08-28,0.001321716268882383
2025-08-29,-0.0004924658537200158
2025-09-02,-0.011815705395944794
2025-09-03,0.0053263547849658945
2025-09-04,0.015930425887515143
2025-09-05,-6.775331542016117e-05
2025-09-08,0.009875714404307519
2025-09-09,0.0281583809164629
2025-09-10,-0.00800508458163692
2025-09-11,0.02280218750594979
2025-09-12,-0.004850989470265305
2025-09-15,0.0013190018383623377
2025-09-16,-0.011269187093702305
2025-09-17,0.007307062145896874
2025-09-18,-0.0020557163370134696
2025-09-19,0.006863207382909935
2025-09-22,0.006043854710166083
2025-09-23,-0.00041779123550738555
2025-09-24,-0.002229721857491417
2025-09-25,-0.011248987303620159
2025-09-26,-0.00019974368343891012
2025-09-29,0.004303635611231595
2025-09-30,0.006158619212791639
2025-10-01,0.0033605633026736297
2025-10-02,0.005823723657786903
2025-10-03,0.007528649297544323
2025-10-06,-0.0006636177644636148
2025-10-07,0.00021741823225200673
2025-10-08,0.008738861589050701
2025-10-09,-0.0002143948307364626
2025-10-10,-0.04654785630246072
2025-10-13,0.024560911167163652
2025-10-14,0.005947147335914759
2025-10-15,0.006249472008255571
2025-10-16,-0.02101336514622744
2025-10-17,0.010241856631822546
2025-10-20,0.02176610480457074
2025-10-21,0.0044631060633387116
2025-10-22,-0.01022182308261799
2025-10-23,0.004949776199841255
2025-10-24,0.012230253203918413
2025-10-27,0.01586445949877545
2025-10-28,0.004401533482548894
2025-10-29,-0.012596565362033043
2025-10-30,-0.015597873067901908
2025-10-31,-0.0015924939519637179
2025-11-03,-0.002803388825889748
2025-11-04,-0.011837414612629733
2025-11-05,0.0015169212764439045
2025-11-06,-0.021859862561420078
2025-11-07,0.0032287115308100496
2025-11-10,0.01308038605655797
2025-11-11,0.014766348457565519
2025-11-12,0.014722135053392114
2025-11-13,-0.027080587028098256
2025-11-14,-0.01409394870813596
2025-11-17,-0.019626741458338513
2025-11-18,-0.024481847063625762
2025-11-19,-0.0017581257381184285
2025-11-20,-0.014932804515701278
2025-11-21,0.023870109465116963
2025-11-24,0.009102195429402434
2025-11-25,0.025720281141889907
2025-11-26,0.016519027207784875
2025-11-28,0.009834234545681338
2025-12-01,-0.015063324721179584
2025-12-02,0.00800554041085348
2025-12-03,0.020601388192321886
2025-12-04,-0.011623957092738309
2025-12-05,-5.854491311526634e-06
2025-12-08,-0.011078230751585823
2025-12-09,-0.003274956843168832
2025-12-10,0.012196815257206459
2025-12-11,0.020926127127871112
2025-12-12,-0.008356970215489113
2025-12-15,-0.008627250560017393
2025-12-16,-0.012342557468448416
2025-12-17,-0.013051530026252759
2025-12-18,0.0024514506527681217
2025-12-19,0.007875883225938945
2025-12-22,0.004795919716224839
2025-12-23,0.0055152412459761255
2025-12-24,0.013822067006176815
2025-12-26,0.003281838660307637
2025-12-29,-0.010355781156590029
2025-12-30,-0.0006659925771863378
2025-12-31,-0.01291739570118204
2026-01-02,0.008200797451976676
2026-01-05,0.024694257097101033
2026-01-06,0.020551266327014633
2026-01-07,-0.016510332369512805
2026-01-08,0.016530461974105463
2026-01-09,0.008970914625968975
2026-01-12,0.005032860032097001
2026-01-13,-0.006412607809019562
2026-01-14,-0.0028066486134673625
2026-01-15,0.004757254732308832
2026-01-16,-0.0064802864923588785
2026-01-20,-0.009727946079753563
2026-01-21,0.015384988309079355
2026-01-22,0.008901470464338096
2026-01-23,0.0014959785150650516
2026-01-26,0.0005800509829251982
2026-01-27,-0.045964409783897375
2026-01-28,0.008353763896402728
2026-01-29,-0.00302336284328168
2026-01-30,-0.006317446423523158
2026-02-02,0.0030524453723175483
2026-02-03,-0.007967200140114813
2026-02-04,-0.007161509190365204
2026-02-05,-0.02221514954269922
2026-02-06,0.04266976500993368
2026-02-09,0.0020203002271603748
2026-02-10,-0.009948074904711876
2026-02-11,0.0056673363255483385
2026-02-12,-0.011518001412880584
2026-02-13,0.013944441945504562
2026-02-17,-0.003451874725132781
2026-02-18,0.0006354761019582949
2026-02-19,-0.0064315708884567216
2026-02-20,0.007825082145929323
2026-02-23,-0.026490077429860828
2026-02-24,0.0066429691113786505
2026-02-25,0.019151585788125723
2026-02-26,-0.004044869574028257
2026-02-27,-0.00020898057360288578
2026-03-02,-0.0012728986763422612
2026-03-03,-0.016043537773164522
2026-03-04,0.010673307824364524
2026-03-05,-0.02495413729435196
2026-03-06,-0.015432589509489636
2026-03-09,0.01287866616433397
2026-03-10,-0.006257363434555308
2026-03-11,-0.004124920758404057
2026-03-12,-0.027577108232844906
2026-03-13,-0.00033003354564812
2026-03-16,0.01443809246789479
2026-03-17,0.003307822203402557
2026-03-18,-0.02981529964934828
2026-03-19,-0.010160138637450584
2026-03-20,-0.022895356966155588
2026-03-23,0.009843758840830137
2026-03-24,0.0006959397189415257
2026-03-25,0.00744587048339862
2026-03-26,-0.0222151753747583
2026-03-27,-0.03309307047906129
2026-03-30,0.0046733889695141605
2026-03-31,0.04835410284409747
2026-04-01,0.012787933520325475
2026-04-02,0.0068274154995916015
2026-04-06,0.010770901016440244
2026-04-07,0.021027881840090152
2026-04-08,0.04155253625821419
2026-04-09,0.009965343076864686
2026-04-10,-0.015017978090045358
2026-04-13,0.015227619938248803
2026-04-14,0.013863536298470421
2026-04-15,0.006876444709936825
2026-04-16,0.005887033405885562
2026-04-17,0.03203221825584822
2026-04-20,-0.0028602739458449427
2026-04-21,0.01004655512444475
2026-04-22,0.01730125479921817
2026-04-23,-0.0023018018656816874
2026-04-24,0.003809116285558415
2026-04-27,-0.002919271926489204
2026-04-28,-0.0016226015039137336
2026-04-29,-0.0028720150817874634
2026-04-30,0.01580896693271442
2026-05-01,-0.0029170676589650836
2026-05-04,-0.00787138881078612
2026-05-05,0.005908874346259104
2026-05-06,0.004170605514819212
2026-05-07,-0.0007836800435904699
2026-05-08,-0.0006506526696384851
2026-05-11,-0.0006493303689267503
2026-05-12,0.006806491341915546
2026-05-13,0.0014848884013202073
2026-05-14,0.007497821829787836
2026-05-15,-0.005850645686658035
2026-05-18,0.009012059685092753
2026-05-19,-0.005978272678447796
2026-05-20,0.0038382134146872247
2026-05-21,0.0008232571581694555
2026-05-22,0.006637376352667264
2026-05-26,-0.0023186112579343934
2026-05-27,0.007208427449610699
2026-05-28,0.0012724814172883495
2026-05-29,-0.004275735009286653
2026-06-01,4.583628196937347e-05
2026-06-02,0.005626364108966341
2026-06-03,-0.012357696326319886
2026-06-04,0.030480751572854993
2026-06-05,-0.02780524385728146
2026-06-08,0.005978471889644426
2026-06-09,0.0007657639676098898
2026-06-10,-0.025087873904740453
2026-06-11,0.022186545927961644
2026-06-12,0.012559354546767288
2026-06-15,0.023193867327661974
2026-06-16,-0.00032433406777924306
2026-06-17,-0.027187299067039143
2026-06-18,0.004997241301414459
2026-06-22,0.0033272537363755405
2026-06-23,-0.008314924422769295
2026-06-24,0.0008615455804340892
2026-06-25,0.0021666069265934567
2026-06-26,0.00324303447345103
2026-06-29,0.010880227179049795
2026-06-30,0.0018721903534756387
2026-07-01,0.003199101400646452
2026-07-02,0.012905270661710377
2026-07-06,0.004824174439235631
2026-07-07,-0.000720623701882174
2026-07-08,-0.010563164385185453
2026-07-09,0.00117992343353254
2026-07-10,0.001638532820559156
2026-07-13,-0.0024881019613495177
2026-07-14,-0.0006788232704884422
2026-07-15,-0.0006722806261532381
2026-07-16,0.004918935653931384
2026-07-17,-0.013217768362713881
2026-07-20,-0.00936446863589224
2026-07-21,0.01841601749486884
2026-07-22,-0.004572636752820677
2026-07-23,-0.02161592104044019
2026-07-24,0.0046139769122516515
2026-07-27,0.006423536367204469
2026-07-28,0.020255008726544156
2026-07-29,-0.0306802897256404
2026-07-30,0.016064433152083855
2026-07-31,0.0038372924802595873
2026-08-03,0.021930778727186205
2026-08-04,0.019864267909127598
2026-08-05,0.0033280053408412374
2026-08-06,-0.011194638413933027
2026-08-07,0.007731642375635462
2026-08-10,0.0011049965069569888
2026-08-11,-0.011270785493720466
2026-08-12,0.0051100768818101525
2026-08-13,0.005330809057605933
2026-08-14,-0.001909309460779154
2026-08-17,-0.013108089137450539
2026-08-18,-0.0060397875675717045
2026-08-19,-0.0011038842027560967
2026-08-20,-0.02453317740284025
2026-08-21,0.016997929675628905
2026-08-24,0.01162963292993679
2026-08-25,0.000141402097212607
2026-08-26,0.0004636458315495246
2026-08-27,-0.0030850590728863213
2026-08-28,-0.0009502656796046727
2026-08-31,-0.010160388793643617
2026-09-01,-0.00729782168277743
2026-09-02,0.006405176311622662
2026-09-03,0.01639671329638155
2026-09-04,-0.012160303978241794
2026-09-08,-0.011984350452247557
2026-09-09,-0.016156526972977415
2026-09-10,-0.01244733321440741
2026-09-11,0.007804791007829638
2026-09-14,0.0028486854872242667
2026-09-15,-0.017974155343542426
