date,returns
2009-01-02,0.0
2009-01-05,0.0
2009-01-06,0.00021841604309686804
2009-01-07,0.0015279521401716028
2009-01-08,-0.0010894464396842408
2009-01-09,0.0006544016440171914
2009-01-12,-0.00043657331136738055
2009-01-13,0.0013092488295674304
2009-01-14,0.000217836008135878
2009-01-15,0.00021799687638493893
2009-01-16,0.010996926637744127
2009-01-20,-0.04962628582559664
2009-01-21,0.04256089733842231
2009-01-22,-0.013379250861314486
2009-01-23,0.004868272978082146
2009-01-26,0.0072661887261324725
2009-01-27,0.0072140003059526035
2009-01-28,0.03512951505970888
2009-01-29,0.0
2009-01-30,-0.01757918226678354
2009-02-02,0.012043968684888932
2009-02-03,0.01564085758138978
2009-02-04,0.0013387910003353834
2009-02-05,0.022066699020033546
2009-02-06,0.026169215666730798
2009-02-09,0.004144165689826266
2009-02-10,-0.03682532251023365
2009-02-11,-0.004614384709171439
2009-02-12,0.012251740753194991
2009-02-13,-0.004579667069221693
2009-02-17,-0.03976334035782022
2009-02-18,0.0006842482106026416
2009-02-19,-0.015389563568813831
2009-02-20,0.002778409978493724
2009-02-23,-0.03498423463985732
2009-02-24,0.03302208135397989
2009-02-25,-0.006601624507446101
2009-02-26,-0.02798195120579729
2009-02-27,-0.009356140524502288
2009-03-02,-0.03232850792238191
2009-03-03,-0.0007504327997319456
2009-03-04,0.026671933956241067
2009-03-05,-0.03000406093147332
2009-03-06,-0.007921357108764798
2009-03-09,-0.021292675652996997
2009-03-10,0.061771698535886724
2009-03-11,0.015367854599855648
2009-03-12,0.03315281463773452
2009-03-13,0.0024415457144697597
2009-03-16,-0.01670100873451708
2009-03-17,0.03786207452621572
2009-03-18,0.012615689306912842
2009-03-19,-0.0006538918127868982
2009-03-20,-0.015220575804145237
2009-03-23,0.05894410682802554
2009-03-24,-0.00021817231612105876
2009-03-25,0.0004361272153386723
2009-03-26,-0.0002178122958009727
2009-03-27,-0.018784066324576403
2009-03-30,-0.0002178122958009727
2009-03-31,0.008649148668720213
2009-04-01,0.014841744710149847
2009-04-02,-0.0006540628600680659
2009-04-03,0.018576928262684356
2009-04-06,-0.002473016389781497
2009-04-07,-0.026340152883950994
2009-04-08,0.016867935955950788
2009-04-09,-0.0006538160979421725
2009-04-13,0.0006542438531053124
2009-04-14,-0.00043594686116176087
2009-04-15,0.0
2009-04-16,0.0006546224475457704
2009-04-17,-0.0010900458727638122
2009-04-20,0.0004363272921886986
2009-04-21,-0.000217964257614364
2009-04-22,0.0006542438531053124
2009-04-23,0.00043553008595988537
2009-04-24,0.0
2009-04-27,0.0011874583764538342
2009-04-28,0.0002170924693080834
2009-04-29,0.013739243136222221
2009-04-30,0.0
2009-05-01,0.00032720126972010075
2009-05-04,0.019784570044773662
2009-05-05,-0.0008554064722897059
2009-05-06,-0.0002179880712256997
2009-05-07,0.0
2009-05-08,0.0002180356003856863
2009-05-11,-0.0002179880712256997
2009-05-12,0.000872559494991594
2009-05-13,-0.0006539532814608881
2009-05-14,0.00021830082312128895
2009-05-15,0.0
2009-05-18,0.0006547595348184694
2009-05-19,-0.0002186311668258921
2009-05-20,-0.0008717987986720904
2009-05-21,0.0006548367146925443
2009-05-22,0.00021758030072973808
2009-05-26,0.00021867897686576456
2009-05-27,0.0
2009-05-28,-0.0002186311668258921
2009-05-29,0.00021867897686576456
2009-06-01,-0.0007853639818328854
2009-06-02,0.0
2009-06-03,0.0004364593566378515
2009-06-04,0.0
2009-06-05,-0.00021808237345309213
2009-06-08,0.00021812994374894608
2009-06-09,-0.00021808237345309213
2009-06-10,0.00021812994374894608
2009-06-11,-0.0006544555124982664
2009-06-12,0.0008729007685321984
2009-06-15,-0.020463803094654613
2009-06-16,-0.009749401223453788
2009-06-17,0.009563620222247566
2009-06-18,-0.0019502396606222029
2009-06-19,0.010733545667606877
2009-06-22,0.0
2009-06-23,-0.002279837190633313
2009-06-24,0.0
2009-06-25,0.0
2009-06-26,0.0022044901946062516
2009-06-29,0.0021994589776525644
2009-06-30,-0.00021819559636501758
2009-07-01,0.000549941330892009
2009-07-02,-0.021978161962332165
2009-07-06,-0.005337080846882158
2009-07-07,0.0
2009-07-08,0.005212665271345004
2009-07-09,0.0017287568097312165
2009-07-10,0.004313925389513514
2009-07-13,0.01918707309323541
2009-07-14,0.0
2009-07-15,0.03359433946052388
2009-07-16,0.011917623649539225
2009-07-17,0.005353620005508228
2009-07-20,0.009584542080631019
2009-07-21,0.006856505073669348
2009-07-22,0.008381335679300762
2009-07-23,0.022078128095169874
2009-07-24,-0.000218181772715442
2009-07-27,0.0
2009-07-28,0.00021822938638982312
2009-07-29,0.0
2009-07-30,0.00021797338515792963
2009-07-31,-0.0006539859914908901
2009-08-03,0.00026184897901830817
2009-08-04,0.00021769877492593657
2009-08-05,-0.00021765139248443178
2009-08-06,0.0
2009-08-07,0.0
2009-08-10,0.0
2009-08-11,0.0
2009-08-12,0.00043633545745088386
2009-08-13,-0.00043614515185653357
2009-08-14,0.00043633545745088386
2009-08-17,-0.00043614515185653357
2009-08-18,0.00043633545745088386
2009-08-19,-0.00043614515185653357
2009-08-20,0.00021769877492593657
2009-08-21,-0.00021765139248443178
2009-08-24,0.0
2009-08-25,0.0
2009-08-26,0.00021769877492593657
2009-08-27,0.0
2009-08-28,0.00021858909594654757
2009-08-31,0.0
2009-09-01,-0.0006109365454116478
2009-09-02,0.0008726150831496277
2009-09-03,0.0
2009-09-04,0.0
2009-09-08,0.0
2009-09-09,-0.0006538907174594341
2009-09-10,0.0002180019826509187
2009-09-11,-0.0002179544681447355
2009-09-14,0.0
2009-09-15,0.0
2009-09-16,0.0
2009-09-17,0.0002180019826509187
2009-09-18,-0.0002179544681447355
2009-09-21,0.0006543185702988138
2009-09-22,-0.0006538907174594341
2009-09-23,0.0004362123801992092
2009-09-24,-0.00043602218192541185
2009-09-25,0.0004362123801992092
2009-09-28,0.00021801109096270592
2009-09-29,0.0
2009-09-30,0.0
2009-10-01,-0.0006097356506967648
2009-10-02,0.0
2009-10-05,0.00043608890461657154
2009-10-06,-0.0004358988139802593
2009-10-07,0.00043608890461657154
2009-10-08,-0.0004358988139802593
2009-10-09,0.00021747133666303104
2009-10-12,0.0
2009-10-13,0.0
2009-10-14,0.013621260875043102
2009-10-15,0.0
2009-10-16,0.00043608890461657154
2009-10-19,0.010051887295439953
2009-10-20,0.00023125797087007212
2009-10-21,-0.001850860948405975
2009-10-22,0.0039406282629349
2009-10-23,-0.004156292149790724
2009-10-26,-0.0032458681720490164
2009-10-27,-0.015119470292082961
2009-10-28,-0.02243739462266513
2009-10-29,0.016912133225805145
2009-10-30,-0.026847746596549343
2009-11-02,0.004151114796203852
2009-11-03,0.0031602117519932064
2009-11-04,0.0016967030946012486
2009-11-05,0.02467943685197131
2009-11-06,0.0059028121045619575
2009-11-09,0.021361878527992893
2009-11-10,0.002527920589366165
2009-11-11,0.006419217114028489
2009-11-12,-0.00569490149140936
2009-11-13,0.008247332445453991
2009-11-16,0.010225464448905559
2009-11-17,0.003148669161112016
2009-11-18,-0.005605321504251225
2009-11-19,-0.015557778959112895
2009-11-20,-0.0050396821667662494
2009-11-23,0.016114543560910934
2009-11-24,-0.0033980822694128117
2009-11-25,0.004318799902557974
2009-11-27,-0.015164987038301918
2009-11-30,0.0011491285563870984
2009-12-01,0.010330286180638065
2009-12-02,0.001363228185291571
2009-12-03,-0.004084016864238674
2009-12-04,0.005240345949479861
2009-12-07,-0.004760051525310379
2009-12-08,-0.006148648451775806
2009-12-09,0.010082673168534255
2009-12-10,0.004990863694854514
2009-12-11,-0.0038377413016193185
2009-12-14,0.009517447487385266
2009-12-15,-0.005611513897620001
2009-12-16,0.001354403199658053
2009-12-17,-0.012173141455185684
2009-12-18,0.016298275876129358
2009-12-21,0.011245832592824185
2009-12-22,0.006005333502613557
2009-12-23,0.007295972004906308
2009-12-24,0.009218252013311482
2009-12-28,0.005220074089705577
2009-12-29,-0.004110538572414986
2009-12-30,0.003041470438909082
2009-12-31,-0.009096839234956956
2010-01-04,0.014644431422123166
2010-01-05,0.0
2010-01-06,-0.0060313628591508305
2010-01-07,0.0006500670781403538
2010-01-08,0.008230169235800253
2010-01-11,-0.00408111476984511
2010-01-12,-0.01251107636260755
2010-01-13,0.012450904859139373
2010-01-14,0.000862924192665572
2010-01-15,-0.011640619444332886
2010-01-19,0.016139681142978455
2010-01-20,-0.014381061691288029
2010-01-21,-0.009363616674880197
2010-01-22,-0.029237348936345726
2010-01-25,0.003396969028726575
2010-01-26,0.0009023542918486932
2010-01-27,0.007892007371223073
2010-01-28,-0.025727330342137707
2010-01-29,-0.01745111547653915
2010-02-01,-0.00021818602947042346
2010-02-02,-0.00021729612576424745
2010-02-03,0.00043562443026815646
2010-02-04,-0.028936007857108523
2010-02-05,0.008446628489511134
2010-02-08,-0.007213084716854042
2010-02-09,0.010312563319384446
2010-02-10,-0.00208768032601896
2010-02-11,0.01510893872851118
2010-02-12,0.002060506267297587
2010-02-16,0.012797181491885285
2010-02-17,0.005640879632183086
2010-02-18,0.006282106101986318
2010-02-19,-0.0004454505708955796
2010-02-22,-0.0020075823222718827
2010-02-23,-0.00043605061478865765
2010-02-24,0.01019010918394449
2010-02-25,0.0
2010-02-26,0.0
2010-03-01,-0.00043605061478865765
2010-03-02,0.0030826083161172055
2010-03-03,0.001098156022279117
2010-03-04,0.00328921219726503
2010-03-05,0.0
2010-03-08,0.0
2010-03-09,0.0
2010-03-10,0.00021884991866599095
2010-03-11,-0.00021880203385867702
2010-03-12,0.0
2010-03-15,0.0
2010-03-16,0.0
2010-03-17,0.0
2010-03-18,0.0
2010-03-19,0.0
2010-03-22,0.00021884991866599095
2010-03-23,0.0
2010-03-24,-0.00021880203385867702
2010-03-25,0.0004362408378742086
2010-03-26,0.0
2010-03-29,-0.00043605061478865765
2010-03-30,0.0
2010-03-31,0.0004362408378742086
2010-04-01,0.0
2010-04-05,-0.00043605061478865765
2010-04-06,0.0
2010-04-07,0.0
2010-04-08,0.0022620178860636737
2010-04-09,0.0
2010-04-12,0.0
2010-04-13,0.0
2010-04-14,0.0
2010-04-15,0.0
2010-04-16,-0.011969124879902832
2010-04-19,-0.0006055505633387946
2010-04-20,0.005050349280271898
2010-04-21,0.0
2010-04-22,0.00559678653943025
2010-04-23,0.004174183917354114
2010-04-26,-0.002177653883404379
2010-04-27,-0.021225855192599875
2010-04-28,0.0006083282654173139
2010-04-29,0.017419140727136816
2010-04-30,-0.01970923981474385
2010-05-03,0.014012905379493143
2010-05-04,-0.030042193468194173
2010-05-05,-0.005161659220384779
2010-05-06,-0.033416615756632684
2010-05-07,-0.024908559527357977
2010-05-10,0.05197050625591991
2010-05-11,-0.00104637376367684
2010-05-12,0.018859711882646502
2010-05-13,-0.015837109190728435
2010-05-14,-0.019226659850234654
2010-05-17,0.0031966206215921
2010-05-18,-0.013806700400367303
2010-05-19,-0.007968495583171049
2010-05-20,-0.03712597821229893
2010-05-21,0.011048914225307177
2010-05-24,-0.00401450181625937
2010-05-25,0.0008958058494260015
2010-05-26,-0.011186222468510481
2010-05-27,0.03778319127627978
2010-05-28,-0.005885961686432333
2010-06-01,-0.00921085855479329
2010-06-02,0.023683138041596774
2010-06-03,0.009513297297770371
2010-06-04,-0.03426828823560287
2010-06-07,-0.018186304925924324
2010-06-08,-0.0018067994694091856
2010-06-09,-0.008372817847727322
2010-06-10,0.02852541176876931
2010-06-11,0.009540873468991698
2010-06-14,-0.00021930935731528215
2010-06-15,0.026818771273225003
2010-06-16,0.004067319262568201
2010-06-17,0.003198290842679701
2010-06-18,0.0008308514548877584
2010-06-21,-0.008511002889542055
2010-06-22,-0.007724722740861147
2010-06-23,-0.0041093401683680334
2010-06-24,-0.015201020826878546
2010-06-25,0.00019928348967274804
2010-06-28,-0.003534398839003181
2010-06-29,-0.03857227578632619
2010-06-30,-0.015218470622273203
2010-07-01,-0.0028092510722994256
2010-07-02,-0.0028173710094190215
2010-07-06,0.003060414076418713
2010-07-07,0.03192519059968839
2010-07-08,0.005459336823873926
2010-07-09,0.00950260954134066
2010-07-12,0.0029135386627327053
2010-07-13,0.0
2010-07-14,0.0
2010-07-15,0.0008783844882551789
2010-07-16,-0.027631709080172324
2010-07-19,0.008570049544023586
2010-07-20,0.012075193733796714
2010-07-21,-0.013698955133418737
2010-07-22,0.025314209969321495
2010-07-23,0.006335738101758666
2010-07-26,0.00824964162711045
2010-07-27,-0.0004303509540342712
2010-07-28,-0.007970679727021143
2010-07-29,-0.007383348012405418
2010-07-30,0.0021883235397473213
2010-08-02,0.018772576439869317
2010-08-03,-0.004285680478084955
2010-08-04,0.010114735210766014
2010-08-05,-0.0023437704976044557
2010-08-06,-0.0014946198831613429
2010-08-09,0.006843458270444871
2010-08-10,-0.008708778989156058
2010-08-11,-0.027212230398242606
2010-08-12,-0.007929941117213863
2010-08-13,-0.007104315242895709
2010-08-16,0.0017891789368086422
2010-08-17,0.01272317578701012
2010-08-18,0.003967397977158336
2010-08-19,-0.015148355956537046
2010-08-20,0.0013374032180330686
2010-08-23,-0.009794914645012155
2010-08-24,-0.018660421728427953
2010-08-25,0.009622041433114863
2010-08-26,-0.01202644786233666
2010-08-27,0.012172843935260429
2010-08-30,-0.0104381241450366
2010-08-31,-0.003438892326530555
2010-09-01,0.0
2010-09-02,0.0002173433536329525
2010-09-03,0.0
2010-09-07,-0.00021729612576424745
2010-09-08,0.0
2010-09-09,0.0
2010-09-10,0.0
2010-09-13,0.0
2010-09-14,0.0002173433536329525
2010-09-15,0.0
2010-09-16,0.0
2010-09-17,-0.00021729612576424745
2010-09-20,0.0
2010-09-21,0.0
2010-09-22,0.0
2010-09-23,0.0
2010-09-24,0.02034073326866004
2010-09-27,-0.005436098089788995
2010-09-28,-0.00040502898148358
2010-09-29,-0.0016204181185347898
2010-09-30,-0.004463648503271246
2010-10-01,-0.001222744000784153
2010-10-04,-0.010813771381168959
2010-10-05,0.02433904304275558
2010-10-06,-0.008658011326180238
2010-10-07,0.0036562199348852678
2010-10-08,0.006880670821157514
2010-10-11,0.00040227414530367127
2010-10-12,0.006831605664539697
2010-10-13,0.008182091857436421
2010-10-14,-0.001979847874980591
2010-10-15,-0.00021729612576424745
2010-10-18,-0.0036902089343563167
2010-10-19,-0.009356988028179638
2010-10-20,0.0
2010-10-21,0.0
2010-10-22,0.0002173433536329525
2010-10-25,0.0048410431176544606
2010-10-26,0.0026986076195870796
2010-10-27,0.0030747300503493665
2010-10-28,0.0021076852301090084
2010-10-29,-0.002294373380152161
2010-11-01,0.0007667454054143287
2010-11-02,0.01072336447674719
2010-11-03,0.004547264702931619
2010-11-04,0.012259701779581189
2010-11-05,0.0
2010-11-08,0.0013043493492388457
2010-11-09,-0.005396275396696053
2010-11-10,0.005051535065384043
2010-11-11,-0.0063290361350952975
2010-11-12,-0.016298820445609437
2010-11-15,-0.0038083860936575695
2010-11-16,-0.016440294972394298
2010-11-17,0.002915368395431513
2010-11-18,0.016085111380788927
2010-11-19,0.000763256154836919
2010-11-22,0.008385331058200229
2010-11-23,-0.015876111637305776
2010-11-24,0.02016509693411322
2010-11-26,-0.00658853267209569
2010-11-29,-0.0007583383871272722
2010-11-30,-0.012137149473947121
2010-12-01,0.021117650480698646
2010-12-02,0.010152207065335027
2010-12-03,0.002605622180389328
2010-12-06,-0.00037134553381306035
2010-12-07,0.0005570222273792339
2010-12-08,0.0037120363515164767
2010-12-09,0.0009245568110446821
2010-12-10,0.006650579347847248
2010-12-13,-0.003487041334299054
2010-12-14,0.0
2010-12-15,-0.00021729612576424745
2010-12-16,0.007754401930377744
2010-12-17,0.0008815589076264219
2010-12-20,0.0007335051195279569
2010-12-21,0.006048421444465836
2010-12-22,-0.00021729612576424745
2010-12-23,0.0
2010-12-27,0.0005481571087151958
2010-12-28,0.0002173433536329525
2010-12-29,0.002195116830902647
2010-12-30,-0.002372542543165213
2010-12-31,-0.003658930220775682
2011-01-03,0.0002173433536329525
2011-01-04,0.0
2011-01-05,0.0
2011-01-06,0.0
2011-01-07,-0.00021729612576424745
2011-01-10,0.0002173433536329525
2011-01-11,0.0
2011-01-12,-0.00021729612576424745
2011-01-13,0.0
2011-01-14,0.0
2011-01-18,0.0
2011-01-19,0.0002173433536329525
2011-01-20,0.0
2011-01-21,-0.00021729612576424745
2011-01-24,0.0
2011-01-25,0.0002173433536329525
2011-01-26,-0.00021729612576424745
2011-01-27,0.0002173433536329525
2011-01-28,-0.00021729612576424745
2011-01-31,0.0
2011-02-01,0.0
2011-02-02,0.0
2011-02-03,0.0
2011-02-04,0.0002173433536329525
2011-02-07,0.004705443038022818
2011-02-08,0.0
2011-02-09,-0.0017233725702586217
2011-02-10,0.0015536903403625172
2011-02-11,0.007239081639153664
2011-02-14,0.002395585092218937
2011-02-15,-0.0013657087684343307
2011-02-16,0.0
2011-02-17,-0.000339520849440995
2011-02-18,-0.00021729612576424745
2011-02-22,0.0
2011-02-23,-0.00824081898877646
2011-02-24,0.0
2011-02-25,0.0
2011-02-28,0.0020813453593552978
2011-03-01,0.0
2011-03-02,0.0052781286182624265
2011-03-03,0.019775819415252343
2011-03-04,-0.005148074255809286
2011-03-07,-0.013455942813692152
2011-03-08,0.0040221987032697535
2011-03-09,-0.006792682950926669
2011-03-10,-0.015605339330811463
2011-03-11,0.006234519611238972
2011-03-14,-0.003540630654508748
2011-03-15,-0.014211449599799551
2011-03-16,-0.024149002313828504
2011-03-17,0.00923404238172565
2011-03-18,-0.0022545298210557784
2011-03-21,0.019283796604049077
2011-03-22,-0.0018017503053757518
2011-03-23,0.005595924550314709
2011-03-24,0.017770139148161907
2011-03-25,0.0024695420963854625
2011-03-28,-0.0054539247320360236
2011-03-29,0.009729336626398083
2011-03-30,0.004730074569464882
2011-03-31,0.001395009696453367
2011-04-01,0.0005224283379699322
2011-04-04,-0.003306757625632445
2011-04-05,-0.0026191352326305852
2011-04-06,0.0024510778127945073
2011-04-07,-0.0006984869135683708
2011-04-08,-0.004718653367810421
2011-04-11,-0.0033364466258066798
2011-04-12,-0.006871046044899034
2011-04-13,0.008514876973189096
2011-04-14,-0.0017587350353448711
2011-04-15,-0.0017622943644360243
2011-04-18,-0.0070605451787659635
2011-04-19,0.006221926455253539
2011-04-20,0.02261476475921965
2011-04-21,0.007947913666074842
2011-04-25,0.002570873625703418
2011-04-26,0.005642118940537182
2011-04-27,0.0068005826721275016
2011-04-28,-0.001519911502959578
2011-04-29,-0.000845680639153267
2011-05-02,-0.001861629564261846
2011-05-03,-0.004748216813804191
2011-05-04,-0.0015337113557604464
2011-05-05,-0.005460936180035171
2011-05-06,0.003260606317098544
2011-05-09,0.0037625489100055897
2011-05-10,0.008519315140261528
2011-05-11,-0.007264891381859984
2011-05-12,0.00595629872193396
2011-05-13,-0.011842283749472883
2011-05-16,-0.017291384702180224
2011-05-17,0.0027872849275711324
2011-05-18,0.008339218355940703
2011-05-19,0.0029289377093559775
2011-05-20,-0.007558936210606632
2011-05-23,-0.014713211521188915
2011-05-24,-0.006148764987394549
2011-05-25,0.0038889200443461987
2011-05-26,0.0061627626807284844
2011-05-27,0.005075237412708822
2011-05-31,0.016193760892934363
2011-06-01,-0.021761456770240953
2011-06-02,0.002101776674912206
2011-06-03,-0.015032270605702648
2011-06-06,-0.00816332401645131
2011-06-07,-0.001789333346432292
2011-06-08,-0.007169616429543672
2011-06-09,0.00180548543751572
2011-06-10,-0.01531806492682621
2011-06-13,0.0
2011-06-14,0.012811235829063254
2011-06-15,-0.018973658104525642
2011-06-16,-0.003868268566938617
2011-06-17,-0.0031319663548103377
2011-06-20,0.005205304211134433
2011-06-21,0.021453609521613834
2011-06-22,-0.007242325315853399
2011-06-23,0.009301119859874578
2011-06-24,-0.017346642459113614
2011-06-27,0.015998416877050115
2011-06-28,0.014841564691505858
2011-06-29,0.004101784111303631
2011-06-30,0.013321231033425253
2011-07-01,0.015074926112680648
2011-07-05,0.005007511567679078
2011-07-06,0.0032648051228625634
2011-07-07,0.013700830415186743
2011-07-08,-0.002702969336254131
2011-07-11,-0.018126627412710355
2011-07-12,-0.007591209401568023
2011-07-13,0.004172318981178908
2011-07-14,-0.01159964138090933
2011-07-15,0.01331236690508147
2011-07-18,-0.0053588161014163785
2011-07-19,0.02276673811057413
2011-07-20,-0.004248029919512257
2011-07-21,0.006655619599000792
2011-07-22,0.010340244519422748
2011-07-25,-0.0020132815153662176
2011-07-26,0.002522099068887691
2011-07-27,-0.025826036428778353
2011-07-28,0.0017213828337308702
2011-07-29,-0.003265290995336163
2011-08-01,-0.004654976611919184
2011-08-02,-0.02529020759498552
2011-08-03,0.009596646598056932
2011-08-04,-0.046470709791976
2011-08-05,-0.006276536339529657
2011-08-08,-0.06018936666638127
2011-08-09,0.048230223726921005
2011-08-10,-0.04091977101162496
2011-08-11,0.04404253201921255
2011-08-12,0.008850907506247885
2011-08-15,0.014747466139096029
2011-08-16,-0.00846178746141817
2011-08-17,-0.005937548173759256
2011-08-18,-0.04908501438700517
2011-08-19,-0.018057348254467146
2011-08-22,0.0035980664075773794
2011-08-23,0.041226689726641105
2011-08-24,0.007842521489837898
2011-08-25,-0.016322258757606407
2011-08-26,0.02508221173043948
2011-08-29,0.027856207052521512
2011-08-30,0.006592372596481892
2011-08-31,0.0016371610403130934
2011-09-01,-0.009080876531934963
2011-09-02,-0.023460588870813873
2011-09-06,0.00018810291881869734
2011-09-07,0.02533257562375395
2011-09-08,-0.004575419339832352
2011-09-09,-0.02224639284035238
2011-09-12,0.012786840318163763
2011-09-13,0.01336753064361171
2011-09-14,0.014291339614529436
2011-09-15,0.014812074630575822
2011-09-16,0.009165997402504329
2011-09-19,0.0003533921195397927
2011-09-20,-0.004416147626470145
2011-09-21,-0.017388188700376332
2011-09-22,-0.03250279083126217
2011-09-23,0.010638451254039638
2011-09-26,0.011634013036019044
2011-09-27,0.01040525084174564
2011-09-28,-0.014814932138085667
2011-09-29,-0.011919448772053396
2011-09-30,-0.02579833234406594
2011-10-03,-0.025719189190373543
2011-10-04,0.020531990196853023
2011-10-05,0.025675266972200662
2011-10-06,0.01681308673458426
2011-10-07,-0.006613968606014621
2011-10-10,0.034584620788320565
2011-10-11,0.006793090877296344
2011-10-12,0.004971516422702806
2011-10-13,0.00021884991866599095
2011-10-14,0.01855759163497059
2011-10-17,-0.015469234926473467
2011-10-18,0.012395205483966948
2011-10-19,0.0
2011-10-20,0.0
2011-10-21,-0.00021880203385867702
2011-10-24,0.0
2011-10-25,0.00021884991866599095
2011-10-26,0.0
2011-10-27,-0.00021880203385867702
2011-10-28,0.0
2011-10-31,-0.00021780777619615288
2011-11-01,0.00043675282302327393
2011-11-02,-0.00021880203385867702
2011-11-03,-0.00021780777619615288
2011-11-04,0.00021785522675862588
2011-11-07,0.00021884991866599095
2011-11-08,0.0
2011-11-09,-0.00021880203385867702
2011-11-10,0.00021884991866599095
2011-11-11,-0.00021880203385867702
2011-11-14,0.00021884991866599095
2011-11-15,-0.00021880203385867702
2011-11-16,0.00021884991866599095
2011-11-17,-0.023438811870966175
2011-11-18,-0.007701748904966729
2011-11-21,0.0
2011-11-22,-0.00021880203385867702
2011-11-23,0.00021884991866599095
2011-11-25,0.0
2011-11-28,0.0
2011-11-29,-0.00043656215327040796
2011-11-30,0.00021785522675862588
2011-12-01,-0.00021780777619615288
2011-12-02,0.00021785522675862588
2011-12-05,0.0
2011-12-06,0.00021884991866599095
2011-12-07,-0.00021880203385867702
2011-12-08,0.0
2011-12-09,-0.00021780777619615288
2011-12-12,0.0
2011-12-13,0.0
2011-12-14,0.00021785522675862588
2011-12-15,-0.00021780777619615288
2011-12-16,0.00021785522675862588
2011-12-19,0.0
2011-12-20,0.0
2011-12-21,0.0
2011-12-22,0.0
2011-12-23,0.0
2011-12-27,-0.00021780777619615288
2011-12-28,4.29456236481119e-05
2011-12-29,0.0
2011-12-30,0.0
2012-01-03,-0.00021763740628327947
2012-01-04,0.0
2012-01-05,0.0
2012-01-06,0.0
2012-01-09,0.00021768478263475943
2012-01-10,0.0
2012-01-11,-0.00021763740628327947
2012-01-12,0.0
2012-01-13,0.0
2012-01-17,0.0
2012-01-18,0.0
2012-01-19,0.0
2012-01-20,0.0
2012-01-23,0.0
2012-01-24,0.0
2012-01-25,0.0
2012-01-26,0.0
2012-01-27,0.0
2012-01-30,0.00021768478263475943
2012-01-31,0.0013233389996435431
2012-02-01,0.008095248196875567
2012-02-02,0.0
2012-02-03,0.0
2012-02-06,0.00021768478263475943
2012-02-07,-0.00021763740628327947
2012-02-08,0.00021768478263475943
2012-02-09,-0.00021763740628327947
2012-02-10,0.00021768478263475943
2012-02-13,-0.00021763740628327947
2012-02-14,0.00021768478263475943
2012-02-15,-0.00021763740628327947
2012-02-16,0.00021768478263475943
2012-02-17,-0.00021763740628327947
2012-02-21,0.0
2012-02-22,0.0
2012-02-23,0.0
2012-02-24,0.00021768478263475943
2012-02-27,-0.00021763740628327947
2012-02-28,0.0
2012-02-29,0.00021768478263475943
2012-03-01,-0.00021763740628327947
2012-03-02,0.0
2012-03-05,0.0
2012-03-06,0.0
2012-03-07,0.0
2012-03-08,0.00021768478263475943
2012-03-09,0.0
2012-03-12,0.0
2012-03-13,0.0
2012-03-14,-0.00021763740628327947
2012-03-15,0.0
2012-03-16,0.0
2012-03-19,0.00021768478263475943
2012-03-20,0.0
2012-03-21,0.0
2012-03-22,0.0
2012-03-23,0.0
2012-03-26,0.0
2012-03-27,-0.00021763740628327947
2012-03-28,0.00021768478263475943
2012-03-29,-0.00021763740628327947
2012-03-30,0.0
2012-04-02,-0.00021789329296295366
2012-04-03,0.00021794078079735252
2012-04-04,-0.00021789329296295366
2012-04-05,0.00021794078079735252
2012-04-09,0.00021768478263475943
2012-04-10,0.0
2012-04-11,0.0
2012-04-12,-0.00021763740628327947
2012-04-13,-0.00021789329296295366
2012-04-16,0.00021794078079735252
2012-04-17,0.0
2012-04-18,0.0
2012-04-19,-0.011259625304655253
2012-04-20,-0.00021763740628327947
2012-04-23,0.00021768478263475943
2012-04-24,0.0
2012-04-25,-0.00021763740628327947
2012-04-26,0.00021768478263475943
2012-04-27,-0.00021763740628327947
2012-04-30,0.00021768478263475943
2012-05-01,0.0
2012-05-02,0.0
2012-05-03,-0.00021763740628327947
2012-05-04,0.0
2012-05-07,0.00021768478263475943
2012-05-08,0.0
2012-05-09,0.0
2012-05-10,0.0
2012-05-11,0.0
2012-05-14,0.0
2012-05-15,0.0
2012-05-16,0.0
2012-05-17,-0.02113133041759668
2012-05-18,-0.012984783063289889
2012-05-21,0.027955662218792646
2012-05-22,-0.0011195135618980389
2012-05-23,0.00192170216319199
2012-05-24,-0.006553653575802349
2012-05-25,-0.0012870433836330972
2012-05-29,0.012727296875066275
2012-05-30,-0.008431239130001916
2012-05-31,-0.0043321356635267995
2012-06-01,-0.026587102385495772
2012-06-04,0.007614676873677841
2012-06-05,0.00410711062006075
2012-06-06,0.022905898407777684
2012-06-07,0.0
2012-06-08,0.0
2012-06-11,0.0
2012-06-12,0.00021768478263475943
2012-06-13,0.0
2012-06-14,0.0
2012-06-15,-0.00021763740628327947
2012-06-18,0.00021768478263475943
2012-06-19,-0.00043548327751510613
2012-06-20,0.0
2012-06-21,0.0004356730058236071
2012-06-22,-0.00021763740628327947
2012-06-25,0.00021768478263475943
2012-06-26,0.006277047440896843
2012-06-27,-0.00021763740628327947
2012-06-28,0.00021768478263475943
2012-06-29,-0.00043548327751510613
2012-07-02,0.0
2012-07-03,0.0
2012-07-05,0.0
2012-07-06,0.0
2012-07-09,0.0
2012-07-10,0.0
2012-07-11,0.0
2012-07-12,0.0
2012-07-13,0.00021794078079735252
2012-07-16,-0.00021789329296295366
2012-07-17,0.0
2012-07-18,0.0
2012-07-19,0.00021794078079735252
2012-07-20,-0.00021789329296295366
2012-07-23,-0.012141817131965684
2012-07-24,-0.00787922627295416
2012-07-25,-0.006670809604685469
2012-07-26,0.013271748746895599
2012-07-27,0.02367022850716845
2012-07-30,-0.0007706904496915712
2012-07-31,-0.00030824821740853064
2012-08-01,-0.0029320520430266444
2012-08-02,-0.003560307282530934
2012-08-03,0.0
2012-08-06,0.00021768478263475943
2012-08-07,-0.00021763740628327947
2012-08-08,-0.00021789329296295366
2012-08-09,0.0
2012-08-10,0.0
2012-08-13,0.0
2012-08-14,0.0
2012-08-15,0.0
2012-08-16,0.0
2012-08-17,0.0
2012-08-20,0.0
2012-08-21,0.0
2012-08-22,0.0
2012-08-23,0.0
2012-08-24,0.0
2012-08-27,0.0
2012-08-28,0.0
2012-08-29,0.0
2012-08-30,0.0
2012-08-31,0.0
2012-09-04,0.0
2012-09-05,0.00021794078079735252
2012-09-06,0.0
2012-09-07,-0.00021789329296295366
2012-09-10,0.0
2012-09-11,0.0
2012-09-12,0.0
2012-09-13,0.0
2012-09-14,0.0
2012-09-17,0.0
2012-09-18,0.0
2012-09-19,0.0
2012-09-20,0.0
2012-09-21,0.0
2012-09-24,0.0
2012-09-25,0.0
2012-09-26,0.0
2012-09-27,0.00021794078079735252
2012-09-28,-0.00021789329296295366
2012-10-01,0.0
2012-10-02,0.00021794078079735252
2012-10-03,-0.00021789329296295366
2012-10-04,0.0
2012-10-05,0.0
2012-10-08,0.0
2012-10-09,0.0
2012-10-10,0.00021794078079735252
2012-10-11,0.0
2012-10-12,-0.00021789329296295366
2012-10-15,0.00021794078079735252
2012-10-16,-0.00021789329296295366
2012-10-17,0.00021794078079735252
2012-10-18,-0.00021789329296295366
2012-10-19,0.0
2012-10-22,0.0
2012-10-23,0.00021794078079735252
2012-10-24,0.0
2012-10-25,-0.00021789329296295366
2012-10-26,0.0
2012-10-31,0.00021794078079735252
2012-11-01,0.0
2012-11-02,-0.0106269371409693
2012-11-05,0.006598102606521001
2012-11-06,0.001829436363544725
2012-11-07,-0.023585179334887997
2012-11-08,-0.015739456903888713
2012-11-09,0.0042753018073052144
2012-11-12,-0.00015786598761726814
2012-11-13,-0.006937924429156981
2012-11-14,-0.011749602174099795
2012-11-15,-0.0033742245368469956
2012-11-16,0.004352768940446188
2012-11-19,0.023755971955613044
2012-11-20,0.0003139321302028629
2012-11-21,0.0
2012-11-23,0.0
2012-11-26,0.0
2012-11-27,0.0
2012-11-28,0.0
2012-11-29,0.0
2012-11-30,0.0
2012-12-03,0.0
2012-12-04,0.0
2012-12-05,0.0
2012-12-06,0.0
2012-12-07,0.0
2012-12-10,0.0
2012-12-11,0.0
2012-12-12,0.0
2012-12-13,0.0
2012-12-14,0.0
2012-12-17,0.0
2012-12-18,0.00021794078079735252
2012-12-19,-0.004357739725528016
2012-12-20,0.0
2012-12-21,-0.010517207725804499
2012-12-24,-0.0019940008383108037
2012-12-26,-0.008759607500915124
2012-12-27,-0.0015502945010060331
2012-12-28,-0.009627585667298016
2012-12-31,0.02116648099989174
2013-01-02,0.031782790976242765
2013-01-03,-0.0052082429819492945
2013-01-04,-0.0032913651854852627
2013-01-07,0.00030037787883229334
2013-01-08,-0.0019506846520641558
2013-01-09,0.0037587177080584382
2013-01-10,0.005990737552563008
2013-01-11,0.0013397205594913105
2013-01-14,-0.00446028942520008
2013-01-15,-0.00492865075586866
2013-01-16,0.004052505822505065
2013-01-17,0.004783392873886515
2013-01-18,-0.002231312779295247
2013-01-22,0.0016394884001627583
2013-01-23,0.0061032335652103165
2013-01-24,-0.01375942216630901
2013-01-25,0.005100537400353654
2013-01-28,0.0022385761014219524
2013-01-29,0.00014931205488171885
2013-01-30,0.0
2013-01-31,0.00021944881841309092
2013-02-01,-0.00021940067119503813
2013-02-04,0.0
2013-02-05,0.00021944881841309092
2013-02-06,0.0
2013-02-07,0.0
2013-02-08,0.0
2013-02-11,0.0
2013-02-12,0.0
2013-02-13,-0.00021940067119503813
2013-02-14,0.00021944881841309092
2013-02-15,-0.00021940067119503813
2013-02-19,0.0
2013-02-20,0.00021944881841309092
2013-02-21,-0.00021940067119503813
2013-02-22,0.00021944881841309092
2013-02-25,-0.00021940067119503813
2013-02-26,0.0
2013-02-27,0.00021944881841309092
2013-02-28,0.0
2013-03-01,0.0
2013-03-04,-0.00021940067119503813
2013-03-05,0.00021944881841309092
2013-03-06,-0.00021940067119503813
2013-03-07,0.00021944881841309092
2013-03-08,-0.00021940067119503813
2013-03-11,0.00021944881841309092
2013-03-12,-0.00021940067119503813
2013-03-13,0.00021944881841309092
2013-03-14,0.0
2013-03-15,0.0
2013-03-18,-0.00021940067119503813
2013-03-19,0.0
2013-03-20,0.0
2013-03-21,0.0
2013-03-22,0.00021944881841309092
2013-03-25,-0.00021940067119503813
2013-03-26,0.00021944881841309092
2013-03-27,-0.00021940067119503813
2013-03-28,0.00021944881841309092
2013-04-01,-0.00021940067119503813
2013-04-02,0.00021944881841309092
2013-04-03,-0.00021940067119503813
2013-04-04,0.0
2013-04-05,0.00021944881841309092
2013-04-08,0.0
2013-04-09,0.0
2013-04-10,0.0
2013-04-11,-0.00021940067119503813
2013-04-12,0.00021944881841309092
2013-04-15,0.0
2013-04-16,0.0
2013-04-17,0.0
2013-04-18,-0.00021940067119503813
2013-04-19,0.00021944881841309092
2013-04-22,0.0
2013-04-23,0.0
2013-04-24,0.0
2013-04-25,-0.00021940067119503813
2013-04-26,0.0
2013-04-29,0.0
2013-04-30,0.0
2013-05-01,0.0
2013-05-02,0.00021944881841309092
2013-05-03,-0.00021940067119503813
2013-05-06,0.0
2013-05-07,0.0
2013-05-08,0.00021944881841309092
2013-05-09,0.0
2013-05-10,-0.00021940067119503813
2013-05-13,0.00021944881841309092
2013-05-14,-0.00021940067119503813
2013-05-15,0.0
2013-05-16,0.0
2013-05-17,0.00021944881841309092
2013-05-20,-0.00021940067119503813
2013-05-21,0.00021944881841309092
2013-05-22,0.0
2013-05-23,0.0
2013-05-24,0.0
2013-05-28,-0.00021940067119503813
2013-05-29,0.00021944881841309092
2013-05-30,0.00530375084884229
2013-05-31,-0.009197905781367898
2013-06-03,0.001774488818103206
2013-06-04,-0.005177949110419913
2013-06-05,-0.01301382526346063
2013-06-06,0.004857729557493323
2013-06-07,0.013673983489632032
2013-06-10,0.0004089037455443772
2013-06-11,-0.009943138957914287
2013-06-12,-0.011555929715190904
2013-06-13,0.012665707919553947
2013-06-14,-0.006597467695677077
2013-06-17,0.009684546703353378
2013-06-18,0.0
2013-06-19,-0.011143563457551374
2013-06-20,-0.02377713867013329
2013-06-21,-0.0053102720920658285
2013-06-24,-0.009938823168469764
2013-06-25,0.0073133149362059
2013-06-26,0.008969117149936555
2013-06-27,-0.00021940067119503813
2013-06-28,0.0
2013-07-01,0.00021944881841309092
2013-07-02,-0.00021940067119503813
2013-07-03,0.004042381845309485
2013-07-05,0.007636077586425453
2013-07-08,0.0009642887820213506
2013-07-09,0.0060560726859664425
2013-07-10,0.005746759110016992
2013-07-11,0.019861346212729572
2013-07-12,0.004401836596728753
2013-07-15,0.0
2013-07-16,0.0
2013-07-17,0.0
2013-07-18,0.00021772309836556408
2013-07-19,0.0
2013-07-22,0.0
2013-07-23,0.0
2013-07-24,0.0032317463520040316
2013-07-25,0.0063089385883765585
2013-07-26,0.00533538441947204
2013-07-29,-0.0018575249198862788
2013-07-30,0.0053175100396256
2013-07-31,0.0018504644579313858
2013-08-01,0.010162511400414855
2013-08-02,0.005617671423427143
2013-08-05,0.0006499663209301956
2013-08-06,-0.0059727182639240095
2013-08-07,-0.001828653107068344
2013-08-08,0.004972738907589037
2013-08-09,-0.004036608731081057
2013-08-12,0.0023530072798869403
2013-08-13,0.005608923849913041
2013-08-14,-0.00376124354806602
2013-08-15,-0.016925250257791097
2013-08-16,0.0
2013-08-19,-0.00021767570533655928
2013-08-20,0.00021772309836556408
2013-08-21,-0.003436198567990593
2013-08-22,-0.00021767570533655928
2013-08-23,0.00021772309836556408
2013-08-26,-0.00021767570533655928
2013-08-27,0.0
2013-08-28,0.0
2013-08-29,0.00021772309836556408
2013-08-30,-0.006451675665593922
2013-09-03,0.00569777066999197
2013-09-04,0.0
2013-09-05,0.0
2013-09-06,0.0011712551696999073
2013-09-09,0.011699180583708104
2013-09-10,0.004881775751522602
2013-09-11,-0.0019175723015548332
2013-09-12,-0.0006404550865365155
2013-09-13,0.0006408655321263518
2013-09-16,-0.002690107221277994
2013-09-17,0.0
2013-09-18,0.00021772309836556408
2013-09-19,0.002395607307175245
2013-09-20,-0.0034318830719552267
2013-09-23,-0.002025246377638175
2013-09-24,0.0
2013-09-25,-0.003424585795279187
2013-09-26,0.0
2013-09-27,0.0
2013-09-30,-0.0024026464453384545
2013-10-01,0.01014184998663413
2013-10-02,-0.0003768636337115042
2013-10-03,-0.011675694709576424
2013-10-04,0.008638240079605201
2013-10-07,-0.008312344852778451
2013-10-08,0.0
2013-10-09,-0.00021767570533655928
2013-10-10,-0.00021845336271082472
2013-10-11,-0.00021797936364634295
2013-10-14,0.0
2013-10-15,0.0
2013-10-16,0.0002180268890088669
2013-10-17,0.0
2013-10-18,0.0002185010950097856
2013-10-21,0.0
2013-10-22,0.0
2013-10-23,0.0
2013-10-24,-0.00021845336271082472
2013-10-25,0.0002185010950097856
2013-10-28,0.0
2013-10-29,-0.00021845336271082472
2013-10-30,0.0
2013-10-31,0.0
2013-11-01,0.0
2013-11-04,0.0
2013-11-05,0.0010850578769013785
2013-11-06,-0.00024123663304246212
2013-11-07,-0.00021845336271082472
2013-11-08,0.0
2013-11-11,0.0002185010950097856
2013-11-12,0.0
2013-11-13,0.012115148388150533
2013-11-14,0.003112196918882476
2013-11-15,0.0
2013-11-18,-0.009766251046178717
2013-11-19,0.0
2013-11-20,0.0
2013-11-21,0.0002185010950097856
2013-11-22,-0.00021845336271082472
2013-11-25,0.0
2013-11-26,0.0
2013-11-27,0.0002185010950097856
2013-11-29,-0.0004363851080321775
2013-12-02,0.0002180268890088669
2013-12-03,0.0002185010950097856
2013-12-04,0.0009365566640577393
2013-12-05,0.0
2013-12-06,0.0
2013-12-09,0.0
2013-12-10,-0.00021845336271082472
2013-12-11,0.0002185010950097856
2013-12-12,0.0
2013-12-13,0.0
2013-12-16,-0.00021845336271082472
2013-12-17,0.0
2013-12-18,0.0002185010950097856
2013-12-19,0.0
2013-12-20,-0.00021845336271082472
2013-12-23,0.0
2013-12-24,0.0
2013-12-26,0.0
2013-12-27,0.0002185010950097856
2013-12-30,0.0
2013-12-31,-0.0004363851080321775
2014-01-02,0.0
2014-01-03,-0.0072193924977360805
2014-01-06,-0.0036932352393841167
2014-01-07,0.0002180268890088669
2014-01-08,0.0
2014-01-09,-0.00021797936364634295
2014-01-10,0.0002180268890088669
2014-01-13,0.0
2014-01-14,0.0
2014-01-15,0.0
2014-01-16,0.0
2014-01-17,-0.00021797936364634295
2014-01-21,0.0002180268890088669
2014-01-22,0.0
2014-01-23,0.0
2014-01-24,-0.00021797936364634295
2014-01-27,-0.009684515800972704
2014-01-28,-0.0005812718247178989
2014-01-29,-0.010716567976529508
2014-01-30,0.018485926779675976
2014-01-31,-0.0026594003130853213
2014-02-03,-0.022950751658839374
2014-02-04,0.00735525341193465
2014-02-05,-0.0025910933911062754
2014-02-06,0.012752594659922005
2014-02-07,0.017838571410434084
2014-02-10,0.0057278135940715255
2014-02-11,0.011388750735141912
2014-02-12,0.0019146332699209888
2014-02-13,0.007418368486464777
2014-02-14,0.002007847926828028
2014-02-18,0.004899355258946787
2014-02-19,-0.006869523574352182
2014-02-20,0.004685888913710854
2014-02-21,-0.001332822127584581
2014-02-24,0.005337652716905033
2014-02-25,-0.0011066049338221866
2014-02-26,-0.0008853673601545804
2014-02-27,0.006487657490303971
2014-02-28,-0.0011053834180217651
2014-03-03,-0.007415995323442362
2014-03-04,0.012712776085434715
2014-03-05,0.0027533091643481733
2014-03-06,-0.0008786914642666702
2014-03-07,-0.004946270260341005
2014-03-10,0.0008836502145470405
2014-03-11,-0.0043038524066883995
2014-03-12,0.00376850966829027
2014-03-13,-0.014134366478911468
2014-03-14,-0.0068326855942995824
2014-03-17,0.008796885769517744
2014-03-18,0.012073684152159434
2014-03-19,-0.005412403993809248
2014-03-20,0.002776294056372326
2014-03-21,-0.012033052347967496
2014-03-24,-0.008764249243981134
2014-03-25,0.0032872613488762028
2014-03-26,-0.01287976579383922
2014-03-27,-0.0056084202911114
2014-03-28,0.0019570561712385533
2014-03-31,0.007122095502061099
2014-04-01,0.017565860376432478
2014-04-02,0.002578361059677814
2014-04-03,-0.0079380976736082
2014-04-04,-0.02659791025399497
2014-04-07,-0.009493853428125556
2014-04-08,0.009233962944146412
2014-04-09,0.017142264288887415
2014-04-10,-0.03097284617134588
2014-04-11,-0.011633525993444043
2014-04-14,0.007847005187493575
2014-04-15,0.003303106962724679
2014-04-16,0.01328628378522306
2014-04-17,0.00023182576512721512
2014-04-21,0.007424975723290267
2014-04-22,0.007945218154488336
2014-04-23,-0.008796452940236841
2014-04-24,0.0
2014-04-25,0.0
2014-04-28,0.0
2014-04-29,0.0
2014-04-30,0.0
2014-05-01,-0.00021844436510079387
2014-05-02,0.0002184920934674309
2014-05-05,0.0
2014-05-06,-0.00021844436510079387
2014-05-07,0.0
2014-05-08,0.0
2014-05-09,0.0002184920934674309
2014-05-12,-0.00021844436510079387
2014-05-13,0.0002184920934674309
2014-05-14,0.0
2014-05-15,0.0
2014-05-16,0.0
2014-05-19,0.006955093497678002
2014-05-20,0.0
2014-05-21,-0.00021844436510079387
2014-05-22,0.0
2014-05-23,0.0002184920934674309
2014-05-27,-0.00021844436510079387
2014-05-28,0.0002184920934674309
2014-05-29,-0.00021844436510079387
2014-05-30,0.0002184920934674309
2014-06-02,-0.00021844436510079387
2014-06-03,0.0
2014-06-04,0.0
2014-06-05,0.0
2014-06-06,0.0
2014-06-09,0.0002184920934674309
2014-06-10,0.0
2014-06-11,-0.00021844436510079387
2014-06-12,0.0002184920934674309
2014-06-13,-0.00021844436510079387
2014-06-16,0.0002184920934674309
2014-06-17,-0.00021844436510079387
2014-06-18,0.0002184920934674309
2014-06-19,0.0
2014-06-20,0.0
2014-06-23,0.0
2014-06-24,0.0
2014-06-25,-0.00021844436510079387
2014-06-26,0.0005360210542040307
2014-06-27,0.004392605653524995
2014-06-30,0.0017069758394794932
2014-07-01,0.010967899567022139
2014-07-02,0.0016848749106151966
2014-07-03,0.006309478458257319
2014-07-07,-0.003030332431025171
2014-07-08,-0.012053491191908813
2014-07-09,-0.00021844436510079387
2014-07-10,-0.0031593014671262194
2014-07-11,0.006444139830517461
2014-07-14,0.0
2014-07-15,0.0
2014-07-16,0.0
2014-07-17,0.0
2014-07-18,0.015852917010636743
2014-07-21,-0.0012481216604456392
2014-07-22,0.006353665417014297
2014-07-23,0.006417712092262804
2014-07-24,0.0
2014-07-25,-0.003912522656388077
2014-07-28,0.00031007387298177445
2014-07-29,-0.0017565694365735028
2014-07-30,0.0039337558561898245
2014-07-31,-0.020210581990410464
2014-08-01,-0.0036833048047408288
2014-08-04,0.0068658126989613625
2014-08-05,-0.007658732234229978
2014-08-06,-0.0007394794195767492
2014-08-07,-0.0031740966245421406
2014-08-08,0.007216971789177774
2014-08-11,0.005901181108851578
2014-08-12,-0.00041912147302226453
2014-08-13,0.01058490952586629
2014-08-14,0.0051850605924204755
2014-08-15,0.004848848347817082
2014-08-18,0.007700091902300323
2014-08-19,0.0056037620681761505
2014-08-20,0.0
2014-08-21,0.0020262222379670383
2014-08-22,0.0015166783019766382
2014-08-25,0.003533866423987289
2014-08-26,0.0
2014-08-27,-0.00021859648529421897
2014-08-28,0.0002186442801653928
2014-08-29,0.0
2014-09-02,-0.00021859648529421897
2014-09-03,0.0002186442801653928
2014-09-04,-0.00021859648529421897
2014-09-05,0.005030978512990979
2014-09-08,0.00190218012536217
2014-09-09,-0.008293857480385775
2014-09-10,0.008261999152805644
2014-09-11,-0.0007992928239603948
2014-09-12,-0.005100341631786405
2014-09-15,-0.009650246465306924
2014-09-16,0.0
2014-09-17,0.0015095213729759312
2014-09-18,0.0002186442801653928
2014-09-19,0.0
2014-09-22,0.0
2014-09-23,0.0
2014-09-24,0.0
2014-09-25,0.0
2014-09-26,0.0
2014-09-29,-0.00021859648529421897
2014-09-30,0.0002186442801653928
2014-10-01,0.0
2014-10-02,0.0
2014-10-03,-0.0004374017542420141
2014-10-06,0.0
2014-10-07,0.00021890101663647727
2014-10-08,0.0
2014-10-09,0.0
2014-10-10,0.0
2014-10-13,0.0
2014-10-14,-0.00021885310946832058
2014-10-15,0.0
2014-10-16,0.00021890101663647727
2014-10-17,0.0
2014-10-20,0.0
2014-10-21,-0.00021885310946832058
2014-10-22,0.00021890101663647727
2014-10-23,-0.00021885310946832058
2014-10-24,0.0
2014-10-27,0.0
2014-10-28,0.0
2014-10-29,0.00021890101663647727
2014-10-30,-0.00021885310946832058
2014-10-31,0.00021890101663647727
2014-11-03,-0.00021885310946832058
2014-11-04,0.00021890101663647727
2014-11-05,-0.00021885310946832058
2014-11-06,0.00021890101663647727
2014-11-07,-0.00021885310946832058
2014-11-10,0.00021890101663647727
2014-11-11,0.0
2014-11-12,0.0
2014-11-13,-0.00021885310946832058
2014-11-14,0.0
2014-11-17,0.00021890101663647727
2014-11-18,-0.00021885310946832058
2014-11-19,0.0
2014-11-20,0.0
2014-11-21,0.0
2014-11-24,0.00021890101663647727
2014-11-25,0.0
2014-11-26,-0.00021885310946832058
2014-11-28,0.00021890101663647727
2014-12-01,-0.00021885310946832058
2014-12-02,0.0
2014-12-03,0.0
2014-12-04,0.0
2014-12-05,0.00021890101663647727
2014-12-08,0.0
2014-12-09,-0.00021885310946832058
2014-12-10,0.0
2014-12-11,0.0
2014-12-12,0.00021890101663647727
2014-12-15,-0.00043781063358810506
2014-12-16,0.0
2014-12-17,0.0
2014-12-18,0.00021905342803990428
2014-12-19,-0.00021900545414441452
2014-12-22,0.0
2014-12-23,0.0
2014-12-24,0.00021905342803990428
2014-12-26,-0.00021900545414441452
2014-12-29,0.0
2014-12-30,0.0
2014-12-31,0.00021905342803990428
2015-01-02,-0.00021900545414441452
2015-01-05,0.00021905342803990428
2015-01-06,-0.013408091954316945
2015-01-07,0.012890673908363763
2015-01-08,0.019139923171920873
2015-01-09,-0.006583006551939449
2015-01-12,-0.010426863127916347
2015-01-13,-0.0002950657217140535
2015-01-14,-0.005516261904387524
2015-01-15,-0.012975503215073835
2015-01-16,0.011741323119830612
2015-01-20,0.007934981688757533
2015-01-21,0.005116892380074931
2015-01-22,0.01850373559394051
2015-01-23,0.0022111458469946535
2015-01-26,-0.0011509400500024562
2015-01-27,-0.025926748823284128
2015-01-28,-0.005125973701005959
2015-01-29,0.00961135340348448
2015-01-30,-0.007753246723574563
2015-02-02,0.008704281960676826
2015-02-03,0.00960944572422915
2015-02-04,-0.0008742051423385399
2015-02-05,0.008651826013022716
2015-02-06,-0.00607169333697862
2015-02-09,-0.0031998661106107905
2015-02-10,0.015564139395953457
2015-02-11,0.003640035323664745
2015-02-12,0.011643351213852175
2015-02-13,0.008585143206378746
2015-02-17,0.0009353816023317038
2015-02-18,0.0014013727501565347
2015-02-19,0.004946160241595383
2015-02-20,0.006685844592406285
2015-02-23,0.0010145452925182786
2015-02-24,0.000737326172137161
2015-02-25,-0.0024863361371506407
2015-02-26,0.005077087257856369
2015-02-27,-0.004408489761808839
2015-03-02,0.009040556797425398
2015-03-03,-0.004662736953545251
2015-03-04,-0.0038578309454904685
2015-03-05,0.0017518968469153254
2015-03-06,-0.011321574295674163
2015-03-09,0.002886045888787574
2015-03-10,-0.018566424404413435
2015-03-11,-0.005770305144972488
2015-03-12,0.006564883394932836
2015-03-13,-0.0043480707189565695
2015-03-16,0.012910491588729135
2015-03-17,0.00159331009236648
2015-03-18,0.009825185847201533
2015-03-19,0.0014826197216388213
2015-03-20,0.006472944996121817
2015-03-23,-0.0019350657718293159
2015-03-24,-0.003600420416625984
2015-03-25,-0.022885135325715587
2015-03-26,-0.0034134857779291455
2015-03-27,0.003996040501671154
2015-03-30,0.01146717105354698
2015-03-31,-0.010587406530732282
2015-04-01,-0.005208486344287805
2015-04-02,0.0006664422556606729
2015-04-06,0.008180969758385405
2015-04-07,-0.0016982121224027654
2015-04-08,0.007939281272499092
2015-04-09,0.006282852507758279
2015-04-10,0.00410057699341935
2015-04-13,-0.002506281099487258
2015-04-14,-0.0028842633382129856
2015-04-15,0.006252323945907672
2015-04-16,-0.0013912418758651034
2015-04-17,-0.00021878790456041132
2015-04-20,0.014998360328253598
2015-04-21,0.004275083651488058
2015-04-22,0.005460143142799439
2015-04-23,0.003773325329217367
2015-04-24,0.013570525913877614
2015-04-27,-0.0025329980115721728
2015-04-28,-0.0019947562323625067
2015-04-29,-0.006271221806149269
2015-04-30,-0.01572878822554779
2015-05-01,0.013193302102703476
2015-05-04,0.0016506315795639032
2015-05-05,-0.01629624983188645
2015-05-06,-0.006886661775873579
2015-05-07,-0.00021878790456041132
2015-05-08,0.00021883578318285674
2015-05-11,-0.00021878790456041132
2015-05-12,0.00021883578318285674
2015-05-13,0.002041193598770081
2015-05-14,0.014629451839107827
2015-05-15,0.0
2015-05-18,0.004380345325575188
2015-05-19,0.0
2015-05-20,0.0
2015-05-21,0.00021883578318285674
2015-05-22,-0.0009948293179845667
2015-05-26,-0.011496156834665048
2015-05-27,0.016117052396562106
2015-05-28,-0.0022530153086626485
2015-05-29,-0.005961592321401358
2015-06-01,0.003362243334701386
2015-06-02,-0.0031698568816679413
2015-06-03,0.0029985426671166227
2015-06-04,-0.007609077456367703
2015-06-05,-0.0023733408116496987
2015-06-08,-0.0101551862667026
2015-06-09,-0.001663905757702752
2015-06-10,0.013702601561280826
2015-06-11,0.00021883578318285674
2015-06-12,-0.00021878790456041132
2015-06-15,-0.004965479850444467
2015-06-16,0.0054521907074739666
2015-06-17,0.002757247829806181
2015-06-18,-0.00043736684264082226
2015-06-19,0.0
2015-06-22,0.0002186745790906336
2015-06-23,-0.00021862677097351304
2015-06-24,0.0
2015-06-25,0.0002186745790906336
2015-06-26,-0.00021862677097351304
2015-06-29,0.0002186745790906336
2015-06-30,0.0
2015-07-01,0.007938721881777067
2015-07-02,0.0
2015-07-06,0.0
2015-07-07,-0.00021862677097351304
2015-07-08,0.0
2015-07-09,0.0
2015-07-10,0.0
2015-07-13,0.0
2015-07-14,0.0002186745790906336
2015-07-15,-0.00021862677097351304
2015-07-16,0.0
2015-07-17,0.0002186745790906336
2015-07-20,-0.00021862677097351304
2015-07-21,0.0002186745790906336
2015-07-22,-0.00021862677097351304
2015-07-23,0.0
2015-07-24,0.0002186745790906336
2015-07-27,-0.00021862677097351304
2015-07-28,0.0
2015-07-29,0.0002186745790906336
2015-07-30,0.0
2015-07-31,0.0
2015-08-03,0.0
2015-08-04,-0.00021862677097351304
2015-08-05,0.0
2015-08-06,0.0
2015-08-07,0.0
2015-08-10,0.0002186745790906336
2015-08-11,-0.00021862677097351304
2015-08-12,0.0
2015-08-13,0.0
2015-08-14,-0.00021961533970813634
2015-08-17,0.0
2015-08-18,0.00021966358120014312
2015-08-19,0.0002186745790906336
2015-08-20,-0.00021862677097351304
2015-08-21,0.0
2015-08-24,0.0
2015-08-25,-0.0037578036815498622
2015-08-26,0.05036185914045102
2015-08-27,-0.00021862677097351304
2015-08-28,0.0002186745790906336
2015-08-31,0.0
2015-09-01,0.0
2015-09-02,0.028203781060952584
2015-09-03,0.0002186745790906336
2015-09-04,-0.00021862677097351304
2015-09-08,0.0
2015-09-09,0.0
2015-09-10,0.010879626161909173
2015-09-11,0.005524454682389969
2015-09-14,0.0
2015-09-15,-0.00021961533970813634
2015-09-16,0.0
2015-09-17,0.0
2015-09-18,0.0
2015-09-21,0.00021966358120014312
2015-09-22,0.0
2015-09-23,-0.00021961533970813634
2015-09-24,0.0
2015-09-25,0.0
2015-09-28,0.00021966358120014312
2015-09-29,0.0
2015-09-30,-0.00021961533970813634
2015-10-01,0.00021966358120014312
2015-10-02,0.0
2015-10-05,-0.00021961533970813634
2015-10-06,0.0
2015-10-07,0.0
2015-10-08,0.0
2015-10-09,0.0
2015-10-12,0.0
2015-10-13,0.0
2015-10-14,0.0
2015-10-15,0.0
2015-10-16,0.0
2015-10-19,0.0
2015-10-20,-0.00021840895817567776
2015-10-21,0.0002184566710696126
2015-10-22,0.0
2015-10-23,0.0
2015-10-26,-0.00021840895817567776
2015-10-27,0.0
2015-10-28,0.0
2015-10-29,0.0
2015-10-30,0.0
2015-11-02,0.0
2015-11-03,0.0002184566710696126
2015-11-04,-0.00021840895817567776
2015-11-05,0.0
2015-11-06,0.0
2015-11-09,0.0002184566710696126
2015-11-10,-0.002553309532297432
2015-11-11,-0.0012361217799687198
2015-11-12,-0.00972250873255523
2015-11-13,-0.019635485824858117
2015-11-16,0.01438471647269173
2015-11-17,0.0006278226734753775
2015-11-18,0.019194595626496464
2015-11-19,0.0007042523677788521
2015-11-20,0.006771544064661689
2015-11-23,-0.002882849020707546
2015-11-24,-0.00021840895817567776
2015-11-25,0.0
2015-11-27,0.0002184566710696126
2015-11-30,0.0
2015-12-01,-0.00021840895817567776
2015-12-02,0.0
2015-12-03,0.0002184566710696126
2015-12-04,0.0
2015-12-07,0.0
2015-12-08,-0.00021840895817567776
2015-12-09,-0.00021918869438099952
2015-12-10,0.000219236748597685
2015-12-11,0.0002184566710696126
2015-12-14,0.0
2015-12-15,-0.00021840895817567776
2015-12-16,0.0002184566710696126
2015-12-17,-0.00021840895817567776
2015-12-18,0.0002184566710696126
2015-12-21,-0.00021840895817567776
2015-12-22,0.0
2015-12-23,0.0
2015-12-24,0.0002184566710696126
2015-12-28,-0.00021840895817567776
2015-12-29,0.0
2015-12-30,0.0002184566710696126
2015-12-31,-0.00021840895817567776
2016-01-04,0.0002184566710696126
2016-01-05,0.0
2016-01-06,-0.0004375497797822936
2016-01-07,0.000219236748597685
2016-01-08,0.0
2016-01-11,0.0
2016-01-12,0.0002184566710696126
2016-01-13,-0.00021840895817567776
2016-01-14,-0.00021918869438099952
2016-01-15,0.0
2016-01-19,0.000219236748597685
2016-01-20,0.0
2016-01-21,0.00099242666046223
2016-01-22,0.028953914480801243
2016-01-25,-0.014840629305184429
2016-01-26,0.008999305503781889
2016-01-27,-0.02491468039759693
2016-01-28,0.014117943196968392
2016-01-29,0.0002184566710696126
2016-02-01,-0.0004375497797822936
2016-02-02,0.0
2016-02-03,0.000219236748597685
2016-02-04,-9.804666114280468e-05
2016-02-05,-0.03472722501307889
2016-02-08,-0.015287595980528082
2016-02-09,-0.003104544011792565
2016-02-10,-0.00021840895817567776
2016-02-11,-0.001447806277254902
2016-02-12,0.015225371299578362
2016-02-16,0.0
2016-02-17,0.022647787625153716
2016-02-18,-0.01141430649933564
2016-02-19,0.0
2016-02-22,0.0
2016-02-23,-0.00021840895817567776
2016-02-24,0.00954929140146484
2016-02-25,0.00984847019482564
2016-02-26,-0.001255195574221575
2016-02-29,-0.008991581458678006
2016-03-01,0.032097547649747024
2016-03-02,-0.00021840895817567776
2016-03-03,0.0002184566710696126
2016-03-04,0.00037877135020571
2016-03-07,-0.006151204571949862
2016-03-08,-0.008284109183369333
2016-03-09,0.0064329353392043554
2016-03-10,-0.001526322067147963
2016-03-11,0.017485243301791614
2016-03-14,0.0
2016-03-15,0.0
2016-03-16,0.0002184566710696126
2016-03-17,-0.00021840895817567776
2016-03-18,0.0
2016-03-21,0.0002184566710696126
2016-03-22,0.0
2016-03-23,-0.00021840895817567776
2016-03-24,0.0002184566710696126
2016-03-28,-0.0013985145096549834
2016-03-29,0.0
2016-03-30,0.004869769979697792
2016-03-31,0.0
2016-04-01,0.010622922474519595
2016-04-04,0.0
2016-04-05,-0.009641728307921432
2016-04-06,0.016440374042138266
2016-04-07,-0.014367081178324298
2016-04-08,-0.0007334444421289464
2016-04-11,-0.00021961533970813634
2016-04-12,0.00837944015304701
2016-04-13,0.00021966358120014312
2016-04-14,0.0
2016-04-15,-0.00021961533970813634
2016-04-18,0.00021966358120014312
2016-04-19,0.0
2016-04-20,0.0
2016-04-21,-0.00021961533970813634
2016-04-22,-0.01509242335828354
2016-04-25,0.0
2016-04-26,-0.004863368230959125
2016-04-27,-0.00802206169119353
2016-04-28,-0.012084252910073251
2016-04-29,-0.00526890999496868
2016-05-02,0.00945900913624918
2016-05-03,0.0002186745790906336
2016-05-04,-0.00021862677097351304
2016-05-05,0.0
2016-05-06,0.0002186745790906336
2016-05-09,0.0
2016-05-10,0.0
2016-05-11,-0.0004381940968890727
2016-05-12,0.0
2016-05-13,0.0
2016-05-16,0.0
2016-05-17,0.0
2016-05-18,0.00021966358120014312
2016-05-19,-0.0051957030311872415
2016-05-20,0.00021966358120014312
2016-05-23,-0.001315011806664823
2016-05-24,-0.0004381940968890727
2016-05-25,0.00021966358120014312
2016-05-26,0.0
2016-05-27,0.0002186745790906336
2016-05-31,0.0
2016-06-01,9.081030908973263e-05
2016-06-02,-0.00021862677097351304
2016-06-03,0.0002186745790906336
2016-06-06,0.00021883578318285674
2016-06-07,0.0
2016-06-08,0.0017244747680956452
2016-06-09,-0.001631017891677392
2016-06-10,-0.01134394958820567
2016-06-13,-0.00835336155929014
2016-06-14,0.0
2016-06-15,-0.0028694655261527467
2016-06-16,0.0029708182396477314
2016-06-17,-0.011721530144365366
2016-06-20,0.006291816449860841
2016-06-21,0.003172790486073702
2016-06-22,-0.0024186047786459285
2016-06-23,0.014267250212075177
2016-06-24,-0.0411880594786722
2016-06-27,-0.019848408022111668
2016-06-28,0.021913446354716887
2016-06-29,0.01771017508263338
2016-06-30,0.011569987828966843
2016-07-01,0.005021264418554385
2016-07-05,-0.006106262214796245
2016-07-06,0.008191906823345762
2016-07-07,0.002954691431349505
2016-07-08,0.015466638696480834
2016-07-11,0.005711705144408029
2016-07-12,0.00504836016648086
2016-07-13,-0.002421462504623977
2016-07-14,0.006832905681882071
2016-07-15,-0.001607317750588373
2016-07-18,0.0066191262264355235
2016-07-19,-0.003643504015388839
2016-07-20,0.011683250212443302
2016-07-21,-0.002292032402446489
2016-07-22,0.004152462826555746
2016-07-25,8.814733741029172e-05
2016-07-26,0.0011439421401180062
2016-07-27,0.0069424824310693155
2016-07-28,0.00349105998490086
2016-07-29,0.0021742773135001088
2016-08-01,0.005293598764277669
2016-08-02,-0.007596609695508908
2016-08-03,0.0033055907200257215
2016-08-04,0.002860846796743562
2016-08-05,0.009596432996592925
2016-08-08,-0.0011131692910212661
2016-08-09,0.0023146999867460797
2016-08-10,-0.002565840579496082
2016-08-11,0.00428712102831952
2016-08-12,0.0006832376309145705
2016-08-15,0.004266184790537939
2016-08-16,-0.005522271692930151
2016-08-17,0.0017938277055549363
2016-08-18,0.0002558122068978418
2016-08-19,-0.000255746783748684
2016-08-22,0.0007676460167701129
2016-08-23,0.0017892421449870603
2016-08-24,-0.006464619375909941
2016-08-25,-0.0016266881689793635
2016-08-26,0.0014578699040442115
2016-08-29,0.0013701030328133685
2016-08-30,-0.00324941126423844
2016-08-31,-0.0010296746273117123
2016-09-01,0.002576347843298895
2016-09-02,0.0032550487153081026
2016-09-06,0.006232997239865326
2016-09-07,0.0005940689500563998
2016-09-08,-0.005851512914473489
2016-09-09,-0.0251641910879165
2016-09-12,0.01793857213769972
2016-09-13,-0.00894029461159239
2016-09-14,0.004770620135893102
2016-09-15,0.015538789602710129
2016-09-16,-0.0004772723066709728
2016-09-19,-0.004348105723278469
2016-09-20,0.0018838761329945102
2016-09-21,0.00982899547734605
2016-09-22,0.007956149276266124
2016-09-23,-0.006381862162554034
2016-09-26,-0.008366431801906916
2016-09-27,0.009885816849840297
2016-09-28,0.0016877377245792815
2016-09-29,-0.0072452439416685645
2016-09-30,0.00021878790456041132
2016-10-03,-0.00021874004688391015
2016-10-04,0.00021878790456041132
2016-10-05,0.0
2016-10-06,0.0
2016-10-07,0.0
2016-10-10,0.0
2016-10-11,-0.00021874004688391015
2016-10-12,0.00021878790456041132
2016-10-13,-0.00021874004688391015
2016-10-14,0.0
2016-10-17,0.0
2016-10-18,0.0
2016-10-19,-8.485552014251848e-05
2016-10-20,-0.0011876624428354319
2016-10-21,0.0037377754676918345
2016-10-24,0.01201866385200208
2016-10-25,-0.0031780535482051216
2016-10-26,-0.006795640751021357
2016-10-27,-0.004561930719866847
2016-10-28,-0.006279750805277011
2016-10-31,-0.0009393293496603132
2016-11-01,-0.00021900545414441452
2016-11-02,-0.008009729746681064
2016-11-03,-0.00021900545414441452
2016-11-04,0.00021905342803990428
2016-11-07,-0.00021900545414441452
2016-11-08,0.00021905342803990428
2016-11-09,-0.00043769759576501726
2016-11-10,0.0
2016-11-11,-0.00043736684264082226
2016-11-14,0.00043755821609626783
2016-11-15,0.00021878790456041132
2016-11-16,0.0
2016-11-17,0.00021905342803990428
2016-11-18,-0.00021900545414441452
2016-11-21,-0.00021874004688391015
2016-11-22,0.0
2016-11-23,0.0
2016-11-25,0.00021878790456041132
2016-11-28,-0.00021874004688391015
2016-11-29,0.0
2016-11-30,0.0
2016-12-01,0.0004594128062808637
2016-12-02,-0.00021837413096808354
2016-12-05,0.0
2016-12-06,0.00021842182864509837
2016-12-07,0.0
2016-12-08,0.0
2016-12-09,0.0
2016-12-12,-0.00021837413096808354
2016-12-13,0.00021842182864509837
2016-12-14,0.0
2016-12-15,0.0
2016-12-16,-0.00021837413096808354
2016-12-19,0.00021842182864509837
2016-12-20,-0.00021837413096808354
2016-12-21,0.00021842182864509837
2016-12-22,-0.00021837413096808354
2016-12-23,0.0
2016-12-27,0.00021842182864509837
2016-12-28,-2.14092285262827e-05
2016-12-29,0.000218900993775003
2016-12-30,-0.00043739292931201925
2017-01-03,0.0004375843256020153
2017-01-04,0.0
2017-01-05,-0.00021885308661685182
2017-01-06,0.000218900993775003
2017-01-09,0.0
2017-01-10,-0.00021885308661685182
2017-01-11,0.000218900993775003
2017-01-12,0.0
2017-01-13,0.0
2017-01-17,0.0
2017-01-18,-0.00021885308661685182
2017-01-19,0.0
2017-01-20,0.000218900993775003
2017-01-23,-0.00021885308661685182
2017-01-24,0.0
2017-01-25,0.000218900993775003
2017-01-26,0.00021885308661685182
2017-01-27,-0.00043761040084674274
2017-01-30,0.000437801987550006
2017-01-31,-0.00021880520042337137
2017-02-01,6.515473571036046e-05
2017-02-02,0.0
2017-02-03,-0.00021789915768976776
2017-02-06,0.0004370420326871934
2017-02-07,0.0
2017-02-08,0.0
2017-02-09,0.0
2017-02-10,-0.0002189996725443409
2017-02-13,0.0
2017-02-14,0.00021904764390662807
2017-02-15,-0.0002189996725443409
2017-02-16,0.0
2017-02-17,0.00021904764390662807
2017-02-21,-0.0002189996725443409
2017-02-22,0.0
2017-02-23,0.0
2017-02-24,0.0
2017-02-27,0.0
2017-02-28,0.0004375732486237742
2017-03-01,-0.00039313230117753926
2017-03-02,0.0
2017-03-03,0.00021799391517176052
2017-03-06,0.0002190945892613172
2017-03-07,-0.000436945261100622
2017-03-08,0.0
2017-03-09,0.0
2017-03-10,0.00021799391517176052
2017-03-13,-0.00021794640418181533
2017-03-14,0.0
2017-03-15,0.00021799391517176052
2017-03-16,0.0002190945892613172
2017-03-17,0.0
2017-03-20,-0.00021904659733704458
2017-03-21,0.0002190945892613172
2017-03-22,0.0
2017-03-23,-0.00021904659733704458
2017-03-24,0.0002190945892613172
2017-03-27,0.0
2017-03-28,0.0
2017-03-29,0.0
2017-03-30,0.0
2017-03-31,-0.00021904659733704458
2017-04-03,8.820149019810054e-05
2017-04-04,0.0
2017-04-05,0.0
2017-04-06,0.0
2017-04-07,0.0
2017-04-10,0.0
2017-04-11,0.00021865778147205637
2017-04-12,-0.004031923415640105
2017-04-13,-0.0039721141676622084
2017-04-17,0.008282459676916981
2017-04-18,-0.001520963101168265
2017-04-19,0.0015995120158003324
2017-04-20,0.008365339927419665
2017-04-21,-0.0002259466247660659
2017-04-24,0.01206985755221095
2017-04-25,0.0072302647974813805
2017-04-26,0.00021871432913814345
2017-04-27,0.006003107081375204
2017-04-28,0.0004376373551552355
2017-05-01,-6.498063983713745e-05
2017-05-02,-0.00021978026563058056
2017-05-03,-0.0032016283465456804
2017-05-04,0.0003650357860781186
2017-05-05,-0.00021978026563058056
2017-05-08,0.00021982857961420137
2017-05-09,0.0034821682083841475
2017-05-10,0.0005790521937445214
2017-05-11,-0.0007950610194365597
2017-05-12,0.0022415229198068155
2017-05-15,0.0031747185314992704
2017-05-16,0.0
2017-05-17,0.00021889811340903724
2017-05-18,0.008745289118812918
2017-05-19,0.00422551765254385
2017-05-22,0.008415947019748906
2017-05-23,0.001007039340571565
2017-05-24,0.004599744360047168
2017-05-25,0.00021889811340903724
2017-05-26,0.00021843315137521653
2017-05-30,-0.00043718786256414745
2017-05-31,0.0
2017-06-01,0.00037282551473907013
2017-06-02,-0.0002195462689591912
2017-06-05,0.00021959448010798292
2017-06-06,-0.0002195462689591912
2017-06-07,0.0004376248969673335
2017-06-08,-0.00021793504305858647
2017-06-09,0.00021798254909480947
2017-06-12,-0.00021793504305858647
2017-06-13,0.00021798254909480947
2017-06-14,-0.00021793504305858647
2017-06-15,0.0
2017-06-16,0.00043700757809920674
2017-06-19,-0.00021892935521709904
2017-06-20,0.0
2017-06-21,0.0002189772957752703
2017-06-22,0.0002183041404949179
2017-06-23,0.003838436739550097
2017-06-26,-0.00467344557173825
2017-06-27,-0.018139369616913176
2017-06-28,0.01441753571252918
2017-06-29,-0.017354940126949266
2017-06-30,0.00036351633697999765
2017-07-03,-0.010534611554371088
2017-07-05,0.009839337769002195
2017-07-06,-0.009016590144165776
2017-07-07,0.010785660220615832
2017-07-10,0.006533573951513806
2017-07-11,0.0028127751780302533
2017-07-12,0.01186599936053454
2017-07-13,0.002203131182343997
2017-07-14,0.0004369770523491007
2017-07-17,-0.00021891382085642585
2017-07-18,0.0
2017-07-19,0.0
2017-07-20,0.0
2017-07-21,0.0
2017-07-24,0.0
2017-07-25,0.0
2017-07-26,0.00021896175461074912
2017-07-27,0.00021808065693309028
2017-07-28,-0.0002180331081296362
2017-07-31,0.0
2017-08-01,0.00026234249036029343
2017-08-02,0.00021906464187356077
2017-08-03,0.0
2017-08-04,0.0
2017-08-07,0.0
2017-08-08,0.0
2017-08-09,0.0
2017-08-10,0.0
2017-08-11,0.0002179757093449018
2017-08-14,-0.00021792820628954956
2017-08-15,0.0002179757093449018
2017-08-16,-0.00021792820628954956
2017-08-17,0.0002179757093449018
2017-08-18,-0.0007080223077468944
2017-08-21,-0.001274333570464004
2017-08-22,0.015242823445355033
2017-08-23,0.0
2017-08-24,-0.002943285463262867
2017-08-25,-0.002108780599355146
2017-08-28,0.003099269639654126
2017-08-29,0.00393251345007204
2017-08-30,0.011750534813203237
2017-08-31,0.010715409411750738
2017-09-01,-0.0013676568926649217
2017-09-05,-0.008972801497172216
2017-09-06,0.0030412307987242484
2017-09-07,0.002342637532549812
2017-09-08,-0.008661222717744313
2017-09-11,0.011510401774253439
2017-09-12,0.0023995081691351697
2017-09-13,0.001367691195871596
2017-09-14,-0.005873272014589731
2017-09-15,0.003434898002707936
2017-09-18,-0.0013107301163871991
2017-09-19,0.001717981558828067
2017-09-20,-0.0030865532239711508
2017-09-21,-0.006123035984765486
2017-09-22,-0.0009693822051777679
2017-09-25,-0.010532404995851875
2017-09-26,0.002591446708806073
2017-09-27,0.009010372192487766
2017-09-28,-0.00034614398067592196
2017-09-29,0.007201459390685357
2017-10-02,0.0008939823417646809
2017-10-03,0.0021295155452080625
2017-10-04,0.0009595479453162946
2017-10-05,0.009792199453098187
2017-10-06,0.0013564079090904108
2017-10-09,0.0
2017-10-10,0.0
2017-10-11,0.0
2017-10-12,0.00043719503566856476
2017-10-13,0.0
2017-10-16,-0.00021834610257922762
2017-10-17,0.0002183937880116675
2017-10-18,0.0
2017-10-19,0.0
2017-10-20,0.00021865787711884577
2017-10-23,-0.00021861007630364442
2017-10-24,0.0004380432281634671
2017-10-25,0.0
2017-10-26,0.0
2017-10-27,0.0
2017-10-30,-0.00021928929285487754
2017-10-31,0.0002193373911962896
2017-11-01,0.00010948882741309376
2017-11-02,-0.00021884981387379024
2017-11-03,0.0
2017-11-06,0.00021889771959898187
2017-11-07,0.0
2017-11-08,0.0
2017-11-09,-0.00021884981387379024
2017-11-10,0.00021889771959898187
2017-11-13,0.0
2017-11-14,0.0
2017-11-15,0.0
2017-11-16,0.00021833047402121836
2017-11-17,-0.003817834029093789
2017-11-20,-0.0007791997765313848
2017-11-21,0.010855822859707183
2017-11-22,0.0012222324456137232
2017-11-24,0.0036608713341054165
2017-11-27,-0.0004480896750454918
2017-11-28,0.0025609800908691464
2017-11-29,-0.017433509187129687
2017-11-30,0.00838413000361037
2017-12-01,-0.004254534314491676
2017-12-04,-0.011521569193772702
2017-12-05,0.0006549938650566542
2017-12-06,0.004515303885061453
2017-12-07,0.0033876594617070726
2017-12-08,0.0044152775067621535
2017-12-11,0.007756935557951026
2017-12-12,-0.0013470616789366115
2017-12-13,0.0019266432203373111
2017-12-14,-0.0007050635961559887
2017-12-15,0.011354938595548711
2017-12-18,0.008384183859312907
2017-12-19,-0.005925732929233514
2017-12-20,-0.0010779600294426209
2017-12-21,0.0001272990641112088
2017-12-22,-0.001142473758277866
2017-12-26,-0.005401305285543259
2017-12-27,0.00012739894743319467
2017-12-28,0.0012138460068660934
2017-12-29,-0.006188997203345281
2018-01-02,0.017527221986067713
2018-01-03,0.009716390083139962
2018-01-04,0.001749909696876888
2018-01-05,0.0100430453609121
2018-01-08,0.0038908896926644508
2018-01-09,6.123721201761925e-05
2018-01-10,-0.00233709368322749
2018-01-11,0.006843674214567098
2018-01-12,0.007349449752100443
2018-01-16,-0.0028575421802551535
2018-01-17,0.010791122774472322
2018-01-18,0.00018099723638628312
2018-01-19,0.003136133937067169
2018-01-22,0.010701039154864936
2018-01-23,0.00826786588051025
2018-01-24,-0.0064894924662022456
2018-01-25,0.0
2018-01-26,0.00021804173032694135
2018-01-29,-0.00021799419849470033
2018-01-30,-0.008230241128348076
2018-01-31,0.004148696266794966
2018-02-01,-4.3723170990857197e-05
2018-02-02,0.00010962354879610444
2018-02-05,-0.00010961153279089093
2018-02-06,0.00010962354879610444
2018-02-07,-0.012938566781208102
2018-02-08,-0.04219444166401659
2018-02-09,0.01726970251735975
2018-02-12,0.017744936994187752
2018-02-13,0.005161325700916073
2018-02-14,0.018723222663779706
2018-02-15,0.018564654929616575
2018-02-16,-0.004466049117972337
2018-02-20,0.0020007915928806712
2018-02-21,-0.00010883876391474082
2018-02-22,0.00010885061108070221
2018-02-23,0.020449267139146646
2018-02-26,0.01326016704262866
2018-02-27,0.00021943800260260305
2018-02-28,0.00010922902427420937
2018-03-01,-0.016327104396173756
2018-03-02,0.00918049580385909
2018-03-05,0.011085065524660898
2018-03-06,0.0
2018-03-07,0.0
2018-03-08,-0.00010909096178276573
2018-03-09,0.00021830924099187132
2018-03-12,0.00011011395656107904
2018-03-13,0.0
2018-03-14,0.0
2018-03-15,-0.00011010183281264341
2018-03-16,0.00021898602639402562
2018-03-19,0.0
2018-03-20,0.0032915625803660625
2018-03-21,0.0002186514781326274
2018-03-22,0.00010904319869429563
2018-03-23,-0.0263509876240658
2018-03-26,0.03715774398344575
2018-03-27,-0.032360087240127164
2018-03-28,-0.01150328978576272
2018-03-29,0.0183150093102774
2018-04-02,-0.028851780897261366
2018-04-03,0.011253320744136697
2018-04-04,0.015770286192803226
2018-04-05,0.005696316829478835
2018-04-06,-0.025023175362549294
2018-04-09,0.007023074184518202
2018-04-10,0.022062728761688973
2018-04-11,-0.005768768480131629
2018-04-12,0.012041422235228194
2018-04-13,-0.005178631148563253
2018-04-16,0.000218480223044124
2018-04-17,0.0
2018-04-18,-0.00010911292329950454
2018-04-19,-0.00919230377298838
2018-04-20,0.0
2018-04-23,0.0
2018-04-24,0.00010910099642477274
2018-04-25,0.0011989240076324549
2018-04-26,0.00010918048836215529
2018-04-27,0.000617670200107446
2018-04-30,-0.007094748383715616
2018-05-01,0.011432889756786505
2018-05-02,-0.005897766311547992
2018-05-03,-0.00012342490167066553
2018-05-04,0.01897374458145083
2018-05-07,0.008309729440922599
2018-05-08,-0.001022671131733122
2018-05-09,0.010899226959505962
2018-05-10,0.010364073794914856
2018-05-11,-0.0009431332973438529
2018-05-14,0.001711446799867274
2018-05-15,-0.011075129171095089
2018-05-16,0.006612225872653293
2018-05-17,-0.0038464900278073187
2018-05-18,-0.005168232117655648
2018-05-21,0.005613192652285708
2018-05-22,-0.001306633039748196
2018-05-23,0.00010927113470386233
2018-05-24,-0.000294882492413305
2018-05-25,0.0010025162178586584
2018-05-29,-0.00441878223027169
2018-05-30,0.007160761088241224
2018-05-31,-0.0006461520260278024
2018-06-01,0.01569913545083446
2018-06-04,0.009031044810967571
2018-06-05,0.003098023401004083
2018-06-06,0.005834117384884911
2018-06-07,-0.008131599603233846
2018-06-08,5.7251096012211844e-05
2018-06-11,0.0026946178832766843
2018-06-12,0.005259644046710236
2018-06-13,-5.670364403815688e-05
2018-06-14,0.010123777607606304
2018-06-15,-0.0034908368141033036
2018-06-18,-0.0005777314031328368
2018-06-19,-0.0028326842239604455
2018-06-20,0.007102056098663513
2018-06-21,-0.008688244233831332
2018-06-22,-0.0022193855733077333
2018-06-25,-0.022530166275487387
2018-06-26,0.004084491481279523
2018-06-27,-0.013599036487776009
2018-06-28,0.008601885392220615
2018-06-29,0.0026870512016573716
2018-07-02,0.006699532131096179
2018-07-03,-0.011573816998023486
2018-07-05,0.012411995049881823
2018-07-06,0.015556408817147992
2018-07-09,0.008997185084793417
2018-07-10,0.0007334647510591971
2018-07-11,-0.005075380191242689
2018-07-12,0.017231571505619287
2018-07-13,0.0008358692422150777
2018-07-16,-0.0023942825720551
2018-07-17,0.006083583545647149
2018-07-18,-0.0018862305880339015
2018-07-19,-0.005001757949002328
2018-07-20,-0.00022372107763175258
2018-07-23,0.00318478772900848
2018-07-24,0.004120894981983728
2018-07-25,0.013977147024977887
2018-07-26,-0.015151639031156666
2018-07-27,0.00021848455451009622
2018-07-30,-0.0001098354679088633
2018-07-31,0.00021856367767895043
2018-08-01,5.470610277425753e-05
2018-08-02,0.00010930339496550413
2018-08-03,0.0
2018-08-06,0.00010959989151050139
2018-08-07,0.00010917666913085194
2018-08-08,-0.0001091647508869636
2018-08-09,0.00010917666913085194
2018-08-10,0.0002187406684439346
2018-08-13,0.00010903810815079898
2018-08-14,-0.00021836071422552748
2018-08-15,0.00021840840604106344
2018-08-16,0.0
2018-08-17,0.0001092317361043462
2018-08-20,0.0
2018-08-21,0.0001094252993552538
2018-08-22,0.0
2018-08-23,0.0003277263027171901
2018-08-24,0.009292208707729776
2018-08-27,0.00010968558647178236
2018-08-28,0.0
2018-08-29,-0.00010967355686337736
2018-08-30,0.0004366883086872833
2018-08-31,-0.00010871379568828151
2018-09-04,-0.00428624238986602
2018-09-05,-0.00010922943560822112
2018-09-06,0.00021899608825552623
2018-09-07,0.0002184348995738364
2018-09-10,0.0
2018-09-11,0.007704599073396146
2018-09-12,-0.0029492658169541796
2018-09-13,0.010680348198048865
2018-09-14,0.00010918169856143877
2018-09-17,0.00021874997114285677
2018-09-18,0.0
2018-09-19,0.0
2018-09-20,0.0002188047107946427
2018-09-21,0.0
2018-09-24,0.00010881435225410828
2018-09-25,0.0
2018-09-26,0.0
2018-09-27,0.008465963363786458
2018-09-28,-0.0002154064010839561
2018-10-01,6.541077969649399e-05
2018-10-02,0.00010928421708315299
2018-10-03,0.0
2018-10-04,0.00021915959164561175
2018-10-05,0.00010955578562156665
2018-10-08,0.0
2018-10-09,-0.0001095437844661995
2018-10-10,0.00021870163378524157
2018-10-11,0.0001093269069194608
2018-10-12,0.0
2018-10-15,-0.01210435897922035
2018-10-16,0.00010899571105974563
2018-10-17,0.00039525287357258354
2018-10-18,0.0
2018-10-19,0.00010929111753086885
2018-10-22,0.0002192752691191699
2018-10-23,0.0
2018-10-24,0.00010853845394549568
2018-10-25,0.00010965289483642368
2018-10-26,0.00010882189295836359
2018-10-29,0.0
2018-10-30,0.0
2018-10-31,0.00010952658107761464
2018-11-01,0.00021831272207408753
2018-11-02,0.0
2018-11-05,0.00010969533859277457
2018-11-06,0.0
2018-11-07,0.00010947867381013308
2018-11-08,0.00010915977359014832
2018-11-09,0.00021850030637098202
2018-11-12,-0.0001091240154037701
2018-11-13,0.00010913592475410408
2018-11-14,-0.0001091240154037701
2018-11-15,0.00032740777426231224
2018-11-16,0.0001098159509202454
2018-11-19,-0.00010980389270135365
2018-11-20,0.00021942740286298569
2018-11-21,0.0002180503132952626
2018-11-23,0.0
2018-11-26,0.00010895028647486443
2018-11-27,0.0
2018-11-28,0.00010934719215316374
2018-11-29,0.00010892650679538933
2018-11-30,0.00010993635645371878
2018-12-03,-3.3712834281906924e-05
2018-12-04,0.00010992797776349077
2018-12-06,0.00021860596203835962
2018-12-07,0.00010897270198069886
2018-12-10,0.00010967566027504695
2018-12-11,-0.00010966363284370666
2018-12-12,0.00021884072622851546
2018-12-13,0.0001086306988108716
2018-12-14,0.00010974183921401568
2018-12-17,0.00010962772303423406
2018-12-18,0.0
2018-12-19,-0.00010981983219611291
2018-12-20,0.0002191534165782874
2018-12-21,0.0002185951394523712
2018-12-24,0.0001093757126128664
2018-12-26,-0.00010936375087468047
2018-12-27,0.0003280251082559379
2018-12-28,0.00010984982702477098
2018-12-31,0.0001092258518316135
2019-01-02,-0.00010921392284785858
2019-01-03,0.00032788152533953075
2019-01-04,0.00010919005043132619
2019-01-07,0.0
2019-01-08,0.0
2019-01-09,0.0
2019-01-10,0.002860364494037094
2019-01-11,-0.003658350658281917
2019-01-14,-0.00010904046328541361
2019-01-15,0.019526748406964188
2019-01-16,0.00010933418436698462
2019-01-17,0.00021864446341989487
2019-01-18,0.00990026022133283
2019-01-22,0.00010889088471246339
2019-01-23,0.0
2019-01-24,0.0003275537479441317
2019-01-25,0.011948336962923288
2019-01-28,-0.012352244574733186
2019-01-29,-0.009441716172782473
2019-01-30,0.025438130511132046
2019-01-31,0.014968585475431706
2019-02-01,9.833466278539956e-05
2019-02-04,0.00010931785050570193
2019-02-05,0.0
2019-02-06,-0.002981636315574532
2019-02-07,-0.013429999986865435
2019-02-08,0.00021897100923555003
2019-02-11,-0.00010956326576660665
2019-02-12,0.00021904880118345363
2019-02-13,0.0
2019-02-14,0.00021798364013962752
2019-02-15,0.004205314423122203
2019-02-19,0.0019772683457676726
2019-02-20,0.0
2019-02-21,-0.003657181727112592
2019-02-22,0.0002181696259692206
2019-02-25,0.003644107075787748
2019-02-26,0.0010374852750940195
2019-02-27,-0.0006330086228429078
2019-02-28,-0.002304807231246289
2019-03-01,0.006929009337886658
2019-03-04,0.00017200569279214503
2019-03-05,0.0007450463771420542
2019-03-06,-0.005671536459288045
2019-03-07,-0.012272743487162178
2019-03-08,-0.0015161762011942582
2019-03-11,0.020797930674685963
2019-03-12,0.00010896570423783161
2019-03-13,0.00010935999727056942
2019-03-14,0.0
2019-03-15,0.00010955109939452457
2019-03-18,0.00010913302290148872
2019-03-19,0.0
2019-03-20,0.0
2019-03-21,0.015631804146817398
2019-03-22,-0.021964528997397682
2019-03-25,0.0
2019-03-26,0.00010938980580366702
2019-03-27,0.00010897198628535806
2019-03-28,0.00021822458322756899
2019-03-29,0.007571118270467856
2019-04-01,0.013247136300827916
2019-04-02,-0.00010932287863162642
2019-04-03,0.00010933483143013307
2019-04-04,0.00032847569933936734
2019-04-05,0.0
2019-04-08,0.0
2019-04-09,-0.0035108517943021416
2019-04-10,0.005366286212087847
2019-04-11,0.00032741964128593404
2019-04-12,0.0
2019-04-15,0.00010934060622323359
2019-04-16,0.0
2019-04-17,0.0002184546562201569
2019-04-18,0.00010960867979181645
2019-04-22,0.0
2019-04-23,0.0
2019-04-24,0.00021838300753309955
2019-04-25,0.00021843659551223685
2019-04-26,-0.00010954880875288907
2019-04-29,0.00010956081100922113
2019-04-30,0.00010884008263341566
2019-05-01,4.3936237383643633e-05
2019-05-02,0.00010953207432186536
2019-05-03,0.00010860909804142268
2019-05-06,0.00010981181190501733
2019-05-07,0.00010990095252552085
2019-05-08,0.0
2019-05-09,0.00010918056796358813
2019-05-10,0.00021823612197345352
2019-05-13,-0.00010914482952417203
2019-05-14,0.00010915674341832385
2019-05-15,0.00010934713690049117
2019-05-16,0.00010933518141144134
2019-05-17,0.00010922209696515279
2019-05-20,0.00010921016880150638
2019-05-21,0.0
2019-05-22,0.00021829537700137377
2019-05-23,0.00021855099678258968
2019-05-24,0.0
2019-05-28,0.00010935268667019048
2019-05-29,0.0
2019-05-30,0.0003272137556701556
2019-05-31,0.0
2019-06-03,-4.333810490245896e-05
2019-06-04,0.00021861940231031408
2019-06-05,0.0
2019-06-06,0.0003278574274706345
2019-06-07,-0.00010894707948623424
2019-06-10,0.00021852378900053844
2019-06-11,-0.000109540901462053
2019-06-12,0.0001095529019856943
2019-06-13,0.0003276131108242968
2019-06-14,0.00010950502617977536
2019-06-17,0.0
2019-06-18,0.0
2019-06-19,0.00021827966559918524
2019-06-20,0.00010926735481894763
2019-06-21,0.0
2019-06-24,0.00010925541676855768
2019-06-25,0.0
2019-06-26,0.0002180834779573789
2019-06-27,0.0
2019-06-28,0.00010962305904406878
2019-07-01,-5.485594063619177e-05
2019-07-02,0.00010891115068664447
2019-07-03,0.00032871452454368174
2019-07-05,-0.00010936750303406621
2019-07-08,0.0
2019-07-09,0.00010937946559310133
2019-07-10,0.00010906510440816557
2019-07-11,0.00021861036376401692
2019-07-12,0.00010963397468200858
2019-07-15,0.0
2019-07-16,0.00010911817901809559
2019-07-17,0.0
2019-07-18,0.0003279232875100417
2019-07-19,0.0
2019-07-22,0.0
2019-07-23,-0.00010927192969292977
2019-07-24,0.00021826557531864557
2019-07-25,0.0002184193468184035
2019-07-26,-0.00010963887832883368
2019-07-29,0.00021879835300118742
2019-07-30,0.0
2019-07-31,0.00010892224159959862
2019-08-01,0.00027388645177031705
2019-08-02,0.0
2019-08-05,-0.00010958496079746455
2019-08-06,0.00010959697097723262
2019-08-07,0.0002184655187247893
2019-08-08,0.00010905799047976058
2019-08-09,-0.00010904609813142871
2019-08-12,0.00021871962297324678
2019-08-13,0.00010903414257320576
2019-08-14,-0.00010902225542506409
2019-08-15,0.00043714242031656113
2019-08-16,-0.00010928812310568091
2019-08-19,0.0
2019-08-20,0.00010930006830500129
2019-08-21,-0.00010928812310568091
2019-08-22,0.0003270957885889321
2019-08-23,-0.0001088622517578791
2019-08-26,0.0001088741040380028
2019-08-27,0.00010946536672606679
2019-08-28,-0.00010945338537109773
2019-08-29,0.00021862917596803972
2019-08-30,0.00010903945087531545
2019-09-03,0.00019705350248783816
2019-09-04,-0.00010940794828148646
2019-09-05,0.0001094199196904009
2019-09-06,0.00010940794828148646
2019-09-09,0.0
2019-09-10,0.00021869150353874396
2019-09-11,-0.00010937206075140916
2019-09-12,0.00021866760414835648
2019-09-13,0.0
2019-09-16,0.0
2019-09-17,0.00010915926577891162
2019-09-18,0.00021889717194894997
2019-09-19,0.0
2019-09-20,0.00010892268537285791
2019-09-23,0.0002181227809419913
2019-09-24,0.0
2019-09-25,0.0
2019-09-26,0.000218777711007088
2019-09-27,0.0
2019-09-30,0.00010956559848903822
2019-10-01,-3.310685568741671e-05
2019-10-02,0.0
2019-10-03,0.000328270358330372
2019-10-04,0.0
2019-10-07,0.00010922038708347065
2019-10-08,0.0
2019-10-09,0.0
2019-10-10,0.00021831663533650796
2019-10-11,0.00010928488383518155
2019-10-14,-0.00010927294195441374
2019-10-15,0.00010928488383518155
2019-10-16,0.00010977419398172755
2019-10-17,0.000108859990314869
2019-10-18,0.0
2019-10-21,0.00010884814110728227
2019-10-22,0.0
2019-10-23,0.001928409476608317
2019-10-24,0.009728468362892493
2019-10-25,0.007986167152640604
2019-10-28,0.009864745021359065
2019-10-29,-0.007744087825941733
2019-10-30,0.004846306377540302
2019-10-31,0.0004565670052037822
2019-11-01,0.009082715085436939
2019-11-04,0.006184867982853483
2019-11-05,0.0005496007527209846
2019-11-06,-0.002247471049027385
2019-11-07,0.003354163119346228
2019-11-08,0.0039911348664180505
2019-11-11,-0.0013416315671731251
2019-11-12,0.0028861911716496027
2019-11-13,0.0
2019-11-14,0.00010913093529616835
2019-11-15,0.00734764849196965
2019-11-18,0.000788455339894312
2019-11-19,0.001477316311542252
2019-11-20,0.00010921913623380383
2019-11-21,0.0
2019-11-22,0.00010940740524973366
2019-11-25,0.0
2019-11-26,0.00010919526194652215
2019-11-27,0.00021816652650968483
2019-11-29,0.0
2019-12-02,7.664179276959726e-05
2019-12-03,-0.00010905111225631454
2019-12-04,0.0050640838486342475
2019-12-05,0.0019763233959173
2019-12-06,0.0
2019-12-09,-0.0045368271639346135
2019-12-10,-0.0008330644373900763
2019-12-11,0.0052968770106023326
2019-12-12,0.00021873075354394828
2019-12-13,-0.00021868292086388053
2019-12-16,0.00021873075354394828
2019-12-17,-0.0001091914721460254
2019-12-18,0.00021840679245124523
2019-12-19,0.0001094794944906819
2019-12-20,0.004031116837457849
2019-12-23,0.0026415450616311693
2019-12-24,0.0005193659914384393
2019-12-26,0.008823815031273443
2019-12-27,-0.0008420075448922872
2019-12-30,-0.006553954768560686
2019-12-31,0.0018849014526055965
2020-01-02,0.016697261358974515
2020-01-03,0.0
2020-01-06,0.00644316741404307
2020-01-07,0.0
2020-01-08,0.007516079170682594
2020-01-09,0.008473709338916662
2020-01-10,0.0
2020-01-13,0.0
2020-01-14,0.0
2020-01-15,0.0004088630492632751
2020-01-16,0.00021893150240544996
2020-01-17,-0.00010894251270363562
2020-01-21,0.00010895438246783174
2020-01-22,0.0
2020-01-23,0.00010944179094700701
2020-01-24,0.0
2020-01-27,-0.020655577523198847
2020-01-28,0.015359922336098043
2020-01-29,0.001625621305039727
2020-01-30,0.003561577709965908
2020-01-31,0.0
2020-02-03,8.76445361218271e-05
2020-02-04,0.0
2020-02-05,0.00021899232388984666
2020-02-06,0.00010907301904736243
2020-02-07,0.0
2020-02-10,-0.00010906112342137017
2020-02-11,0.00010907301904736243
2020-02-12,0.00010946024921614189
2020-02-13,0.00010884964581462636
2020-02-14,0.0
2020-02-18,0.00010993515521756536
2020-02-19,0.0
2020-02-20,0.0
2020-02-21,0.00021825016236595146
2020-02-24,-0.00010920099675079664
2020-02-25,0.0
2020-02-26,0.0002186253214799578
2020-02-27,0.00021847781886742934
2020-02-28,0.0007781569755194979
2020-03-02,0.05160354181259418
2020-03-03,-0.03206744409968604
2020-03-04,0.04172262043691623
2020-03-05,-0.030382508591250194
2020-03-06,-0.01687179328354342
2020-03-09,-0.06946478709942175
2020-03-10,0.05445078982859757
2020-03-11,0.0002182505446555848
2020-03-12,0.00010959918651720961
2020-03-13,0.00021807947528744488
2020-03-16,0.00010916523227664639
2020-03-17,0.0
2020-03-18,0.00021820713140308082
2020-03-19,-0.00021815952743841022
2020-03-20,-0.03917567630085888
2020-03-23,0.0007217831361900206
2020-03-24,0.07743768161604422
2020-03-25,-0.0074052163855661
2020-03-26,0.05266080746565657
2020-03-27,-0.034393057526823964
2020-03-30,0.036373512531376294
2020-03-31,0.00010916523227664639
2020-04-01,-0.04248924779423755
2020-04-02,0.020294738743636697
2020-04-03,-0.000327651780483456
2020-04-06,0.00010908717030368535
2020-04-07,-0.00021864814934793191
2020-04-08,0.00010959684090341244
2020-04-09,-0.00021857246896614326
2020-04-13,0.00021862025333468062
2020-04-14,0.00010908717030368535
2020-04-15,-0.00010907527159095739
2020-04-16,0.01823967598639732
2020-04-17,0.00956642298685727
2020-04-20,-0.011844422980876726
2020-04-21,-0.03689948385512219
2020-04-22,0.02967428348030113
2020-04-23,-0.0021330106761608568
2020-04-24,0.01577045560832188
2020-04-27,0.008043317667510439
2020-04-28,-0.018834602065144826
2020-04-29,0.03546106883212785
2020-04-30,-0.0004109455833290858
2020-05-01,-0.02818499661973302
2020-05-04,0.011657282778176785
2020-05-05,0.011337343158452
2020-05-06,0.006156303773545788
2020-05-07,0.012876825134484545
2020-05-08,0.013704724774496042
2020-05-11,0.008938769586763312
2020-05-12,-0.020937059708146608
2020-05-13,-0.012515676940893318
2020-05-14,0.011352062720904492
2020-05-15,0.0064916048244395945
2020-05-18,0.01863189212717955
2020-05-19,-0.002506069021500383
2020-05-20,0.019968407166616426
2020-05-21,-0.010890692162515784
2020-05-22,0.0034517057973908055
2020-05-26,-0.0026995935683529343
2020-05-27,0.005457492002243388
2020-05-28,-0.0013026859173856352
2020-05-29,0.014652732847580048
2020-06-01,0.002999703225398478
2020-06-02,0.006707652048490026
2020-06-03,0.0044985743012987784
2020-06-04,-0.007013351530590504
2020-06-05,0.01982729373861319
2020-06-08,0.007759947370392358
2020-06-09,0.007245020703383433
2020-06-10,0.012001499129878622
2020-06-11,-0.04954919934292199
2020-06-12,0.007947961528380445
2020-06-15,0.01216725040667586
2020-06-16,0.017172896894112208
2020-06-17,0.0031705929621703207
2020-06-18,0.002708941078370554
2020-06-19,-0.0001635972096693988
2020-06-22,0.011992846701965536
2020-06-23,0.008510814664565616
2020-06-24,-0.020615597529083173
2020-06-25,0.009519546359544162
2020-06-26,-0.023615017852085946
2020-06-29,0.010906689413363667
2020-06-30,0.01960144794294925
2020-07-01,0.011672057339987905
2020-07-02,0.006786656774270245
2020-07-06,0.024584630071694778
2020-07-07,-0.006888747597976324
2020-07-08,0.013171556690985848
2020-07-09,0.00842342041109132
2020-07-10,0.0068275689774248685
2020-07-13,-0.020570684787734748
2020-07-14,0.007078183423372378
2020-07-15,0.0020357019407947893
2020-07-16,-0.006822594962122745
2020-07-17,0.0011577505942926556
2020-07-20,0.028370899147917066
2020-07-21,-0.010420484396527034
2020-07-22,0.0035223848927987515
2020-07-23,-0.026119836861242862
2020-07-24,-0.009495803966654233
2020-07-27,0.01784332310261386
2020-07-28,-0.012725064344463041
2020-07-29,0.01152630195432476
2020-07-30,0.005235234470855921
2020-07-31,0.017845743962874944
2020-08-03,0.013507013856445965
2020-08-04,0.0037119077945721723
2020-08-05,0.002478041651443186
2020-08-06,0.013244782093507124
2020-08-07,-0.011542279852921626
2020-08-10,-0.004273250976669053
2020-08-11,-0.018941141936940045
2020-08-12,0.025151550623880522
2020-08-13,0.0022807133211727847
2020-08-14,-0.001174190546959791
2020-08-17,0.011610635495899033
2020-08-18,0.009625238033181409
2020-08-19,-0.0067273383769891025
2020-08-20,0.013871883325872131
2020-08-21,0.006930030485945703
2020-08-24,0.006244424020604278
2020-08-25,0.00786188651840102
2020-08-26,0.02133926688520486
2020-08-27,-0.0031167914350493406
2020-08-28,0.005084721462835753
2020-08-31,0.008033880967286012
2020-09-01,0.01709159358771238
2020-09-02,0.009469321279406584
2020-09-03,-0.05070077798556961
2020-09-04,-0.013325569598422498
2020-09-08,0.0
2020-09-09,0.02937587965978896
2020-09-10,-0.019936796809329835
2020-09-11,-0.006939653936616373
2020-09-14,0.01741520297086931
2020-09-15,0.014173399136568059
2020-09-16,-0.015946162218397897
2020-09-17,-0.015622194062440429
2020-09-18,-0.012762612897540902
2020-09-21,0.0023982210094631766
2020-09-22,0.018578555781931162
2020-09-23,-0.030534174908101404
2020-09-24,0.004656570728608759
2020-09-25,0.02324831250336499
2020-09-28,0.02076875582332571
2020-09-29,-0.004509249486678151
2020-09-30,0.006849327622620033
2020-10-01,0.015872248329012458
2020-10-02,-0.02813123241818974
2020-10-05,0.021326556529779966
2020-10-06,-0.017847100548558287
2020-10-07,0.01729896853682315
2020-10-08,0.00532292253676209
2020-10-09,0.015280086236374477
2020-10-12,0.03087075689184901
2020-10-13,-3.4238194799228946e-05
2020-10-14,-0.008352473568872273
2020-10-15,-0.006710832613644223
2020-10-16,-0.005480692805947776
2020-10-19,-0.01632527436694707
2020-10-20,0.002149114506678863
2020-10-21,-0.0007734847773327502
2020-10-22,-3.5261456469453904e-05
2020-10-23,0.00197048411904821
2020-10-26,-0.014995809548678012
2020-10-27,0.00780833852739591
2020-10-28,-0.03898669900693255
2020-10-29,0.017486007481684187
2020-10-30,-0.02536221689849143
2020-11-02,0.0022268395659258812
2020-11-03,0.0172977599593465
2020-11-04,0.04463835493676999
2020-11-05,0.026071206479310112
2020-11-06,0.0007470482894720311
2020-11-09,-0.020433584760217383
2020-11-10,-0.017914871825767387
2020-11-11,0.022369879987200005
2020-11-12,0.0
2020-11-13,0.008772284618331468
2020-11-16,0.0
2020-11-17,0.0
2020-11-18,0.0
2020-11-19,0.007824887109514313
2020-11-20,-0.006840473007658718
2020-11-23,3.440092316401402e-05
2020-11-24,0.014049898782031492
2020-11-25,0.0061469558290875755
2020-11-27,0.009214249437713125
2020-11-30,0.002039793631327441
2020-12-01,0.012816289857433362
2020-12-02,0.0012850578276022422
2020-12-03,0.0014154323638688026
2020-12-04,0.004075005280240245
2020-12-07,0.005662443028689981
2020-12-08,0.003385167837016443
2020-12-09,-0.022641286556147788
2020-12-10,0.004015923949450011
2020-12-11,-0.002214876685935899
2020-12-14,0.007255066874989593
2020-12-15,0.01068984508385551
2020-12-16,0.005499794408381184
2020-12-17,0.00653742218408095
2020-12-18,-0.003022640478784138
2020-12-21,-0.0018705490729837332
2020-12-22,0.0027189981453529686
2020-12-23,-0.005036151947176941
2020-12-24,0.004412837927492715
2020-12-28,0.010078606279022476
2020-12-29,0.0008954342139428785
2020-12-30,3.206281246118181e-05
2020-12-31,0.002460288253590567
2021-01-04,-0.014120134948553478
2021-01-05,0.008244444015976155
2021-01-06,-0.013852432427072518
2021-01-07,0.024191823988423056
2021-01-08,0.012857782290768387
2021-01-11,-0.01444968272752944
2021-01-12,-0.0015901764528838595
2021-01-13,0.006753408417666336
2021-01-14,-0.005347734004922699
2021-01-15,-0.00792093380470731
2021-01-19,0.014589644986519512
2021-01-20,0.023260944100374915
2021-01-21,0.00799952283547999
2021-01-22,-0.0028801979213922257
2021-01-25,0.008266440593885154
2021-01-26,0.001462759639836071
2021-01-27,-0.027876486407274345
2021-01-28,0.005916581086618336
2021-01-29,-0.02103826290365188
2021-02-01,0.0249876162860334
2021-02-02,0.01631383092677283
2021-02-03,-0.0039672493445776285
2021-02-04,0.01182665886904668
2021-02-05,0.0033915701780318744
2021-02-08,0.006699457364141771
2021-02-09,-0.0002098093733330773
2021-02-10,-0.0022786786956125594
2021-02-11,0.00010931375057469365
2021-02-12,-0.0001093018023847304
2021-02-16,0.00010931375057469365
2021-02-17,-0.004798460430075593
2021-02-18,-0.0001093018023847304
2021-02-19,0.00010931375057469365
2021-02-22,-0.0001093018023847304
2021-02-23,0.0
2021-02-24,-0.00010891552197515014
2021-02-25,0.00010892738585823827
2021-02-26,0.0
2021-03-01,-0.00010891552197515014
2021-03-02,0.0
2021-03-03,0.00010892738585823827
2021-03-04,0.0
2021-03-05,0.01506051725118322
2021-03-08,-0.00010891552197515014
2021-03-09,0.0
2021-03-10,-0.002854866470951048
2021-03-11,0.023031602858878526
2021-03-12,-0.008112491039559877
2021-03-15,0.010682928190617048
2021-03-16,0.0
2021-03-17,0.004117616198168437
2021-03-18,-0.030630547794057102
2021-03-19,0.0
2021-03-22,0.01875290968929053
2021-03-23,-0.0043623840102696
2021-03-24,-0.016865433387086647
2021-03-25,-0.0017313103016752369
2021-03-26,0.0
2021-03-29,0.0
2021-03-30,0.00010892738585823827
2021-03-31,-0.00010891552197515014
2021-04-01,0.017046435335965414
2021-04-05,-0.00010891552197515014
2021-04-06,-0.00010962436181893998
2021-04-07,0.0
2021-04-08,0.00010963638063719947
2021-04-09,-0.00010962436181893998
2021-04-12,0.0
2021-04-13,0.0
2021-04-14,0.0
2021-04-15,0.00010963638063719947
2021-04-16,0.0
2021-04-19,-0.00010962436181893998
2021-04-20,0.0
2021-04-21,0.0
2021-04-22,0.00010963638063719947
2021-04-23,0.0
2021-04-26,-0.00010962436181893998
2021-04-27,0.00010963638063719947
2021-04-28,-0.00010962436181893998
2021-04-29,0.0
2021-04-30,0.00010963638063719947
2021-05-03,0.0
2021-05-04,-0.00010962436181893998
2021-05-05,0.00010963638063719947
2021-05-06,0.0
2021-05-07,-0.00010962436181893998
2021-05-10,0.0
2021-05-11,0.0
2021-05-12,-0.00010903890717323654
2021-05-13,0.0
2021-05-14,0.0
2021-05-17,0.00010905079795307171
2021-05-18,0.0
2021-05-19,-0.00010903890717323654
2021-05-20,0.0
2021-05-21,0.00010905079795307171
2021-05-24,-0.00010903890717323654
2021-05-25,0.0
2021-05-26,0.0
2021-05-27,-0.00374088358874313
2021-05-28,0.0
2021-06-01,-0.00010903890717323654
2021-06-02,0.0
2021-06-03,0.0
2021-06-04,0.00010905079795307171
2021-06-07,-0.00021827697216779404
2021-06-08,0.0
2021-06-09,0.0002371380229389393
2021-06-10,0.010420839845909927
2021-06-11,0.002614893503739696
2021-06-14,0.009582823655339
2021-06-15,-0.006530928420223173
2021-06-16,0.00010926191435439605
2021-06-17,0.012697333923071676
2021-06-18,-0.007846861989826438
2021-06-21,0.006214665621169929
2021-06-22,0.009321646485686714
2021-06-23,0.0004891516293974967
2021-06-24,0.006182783020896143
2021-06-25,-0.0012288502625397786
2021-06-28,0.012161480376403097
2021-06-29,0.00361861452833552
2021-06-30,-0.0015775077718194863
2021-07-01,0.00039513327954760304
2021-07-02,0.011478664527806031
2021-07-06,0.004322038093479324
2021-07-07,0.002110032459752162
2021-07-08,-0.006039878178595231
2021-07-09,0.00624363613870399
2021-07-12,0.003905907350255822
2021-07-13,0.0
2021-07-14,0.001793314022947853
2021-07-15,-0.0070233418369116335
2021-07-16,-0.00809947750629728
2021-07-19,-0.00010946111565677416
2021-07-20,0.01161654751610372
2021-07-21,0.007720388187333184
2021-07-22,0.006610221714280142
2021-07-23,0.011677554704563012
2021-07-26,0.000787470978518397
2021-07-27,-0.011017712911589208
2021-07-28,0.003841438001930523
2021-07-29,0.0017769424783817234
2021-07-30,-0.005211943105051674
2021-08-02,8.237189615960461e-05
2021-08-03,0.006061346985566421
2021-08-04,0.0014447196291357083
2021-08-05,0.006343139855085194
2021-08-06,-0.004382458347443811
2021-08-09,0.0
2021-08-10,-0.00010946111565677416
2021-08-11,0.0
2021-08-12,0.0
2021-08-13,0.00010947309870429275
2021-08-16,-0.0002185238287087921
2021-08-17,0.0
2021-08-18,0.0
2021-08-19,0.00021857159180988138
2021-08-20,0.0
2021-08-23,-0.0002185238287087921
2021-08-24,0.0
2021-08-25,0.0
2021-08-26,0.00010908655106281682
2021-08-27,0.0
2021-08-30,0.0
2021-08-31,-0.00010907465248516883
2021-09-01,0.0
2021-09-02,0.00021857159180988138
2021-09-03,-0.0002185238287087921
2021-09-07,0.0
2021-09-08,0.0
2021-09-09,0.0
2021-09-10,0.00010908655106281682
2021-09-13,-0.0006902679573735714
2021-09-14,-0.00010907465248516883
2021-09-15,0.0
2021-09-16,0.00010908655106281682
2021-09-17,-0.011842044061666597
2021-09-20,-0.020663379756061744
2021-09-21,0.0012304823962172233
2021-09-22,0.009340207642801551
2021-09-23,0.009227230113175909
2021-09-24,0.0009383805748223834
2021-09-27,-0.007982106712879987
2021-09-28,-0.0282976705265385
2021-09-29,-0.001639320484970449
2021-09-30,-0.0036741796765055543
2021-10-01,0.006201906108461152
2021-10-04,-0.02098963181172405
2021-10-05,0.013499146143449506
2021-10-06,0.0
2021-10-07,0.0
2021-10-08,0.0
2021-10-11,0.0
2021-10-12,0.0
2021-10-13,0.008008160473823057
2021-10-14,0.01841643402874037
2021-10-15,0.00010949702903375
2021-10-18,-0.00010948504074706455
2021-10-19,0.0
2021-10-20,0.0
2021-10-21,0.0
2021-10-22,0.0
2021-10-25,0.00010949702903375
2021-10-26,-0.00021877083665200524
2021-10-27,0.0
2021-10-28,0.00021881870780378657
2021-10-29,0.0
2021-11-01,0.0
2021-11-02,-0.00021877083665200524
2021-11-03,0.0
2021-11-04,0.012818742154228445
2021-11-05,0.0009539949704045999
2021-11-08,-0.0013545303007820872
2021-11-09,-0.00688326313072157
2021-11-10,-0.014697183332168084
2021-11-11,0.0027726853320610965
2021-11-12,0.010522479634280437
2021-11-15,-0.00022799899336293497
2021-11-16,0.00712105547288508
2021-11-17,0.0005283565176985587
2021-11-18,0.01036156386539132
2021-11-19,0.005575451701828816
2021-11-22,-0.011609152111445867
2021-11-23,-0.004558081540860398
2021-11-24,0.0032203684805910877
2021-11-26,-0.00010929776237490787
2021-11-29,0.021702419137172746
2021-11-30,-0.014686518055544847
2021-12-01,-0.017012782741303186
2021-12-02,0.007207337458433577
2021-12-03,-0.00010929776237490787
2021-12-06,0.0
2021-12-07,0.0
2021-12-08,0.00010930970968158191
2021-12-09,-0.00010929776237490787
2021-12-10,0.00010930970968158191
2021-12-13,0.0
2021-12-14,0.0
2021-12-15,0.0
2021-12-16,-0.00010929776237490787
2021-12-17,0.00010930970968158191
2021-12-20,-0.00010929776237490787
2021-12-21,-0.00010960864234251605
2021-12-22,0.0
2021-12-23,0.0
2021-12-27,0.00010962065771398077
2021-12-28,-0.00010960864234251605
2021-12-29,0.0
2021-12-30,0.00010962065771398077
2021-12-31,0.0
2022-01-03,-0.00010960864234251605
2022-01-04,0.00010962065771398077
2022-01-05,0.0
2022-01-06,0.0
2022-01-07,0.0
2022-01-10,-0.00010960864234251605
2022-01-11,-0.00010922203714047538
2022-01-12,0.00010923396789697402
2022-01-13,0.00010962065771398077
2022-01-14,0.0
2022-01-18,-0.00021881870780378657
2022-01-19,0.00021886659991036036
2022-01-20,0.0
2022-01-21,-0.00010960864234251605
2022-01-24,0.00010962065771398077
2022-01-25,-0.00021881870780378657
2022-01-26,0.00010923396789697402
2022-01-27,0.00010962065771398077
2022-01-28,-0.00021881870780378657
2022-01-31,0.00021886659991036036
2022-02-01,-0.00010960864234251605
2022-02-02,0.00010962065771398077
2022-02-03,0.0
2022-02-04,-0.00021881870780378657
2022-02-07,0.0
2022-02-08,0.00010923396789697402
2022-02-09,-0.00010922203714047538
2022-02-10,0.0
2022-02-11,0.0
2022-02-14,-0.0001098319640715925
2022-02-15,0.00021908999505303165
2022-02-16,0.0
2022-02-17,-0.00010922203714047538
2022-02-18,0.00010923396789697402
2022-02-22,0.0
2022-02-23,-0.00010922203714047538
2022-02-24,0.0
2022-02-25,0.0
2022-02-28,0.0
2022-03-01,0.00024079312631303764
2022-03-02,0.0
2022-03-03,0.00010910802940436482
2022-03-04,0.0
2022-03-07,0.0
2022-03-08,0.0
2022-03-09,0.035998240207756486
2022-03-10,0.0
2022-03-11,-0.00010909612614102592
2022-03-14,0.00010910802940436482
2022-03-15,-0.0002189893016054566
2022-03-16,0.00021903726842389433
2022-03-17,0.0
2022-03-18,-0.00010909612614102592
2022-03-21,0.0
2022-03-22,0.0
2022-03-23,0.00021871426898865826
2022-03-24,0.0
2022-03-25,-0.000218666443517312
2022-03-28,0.0
2022-03-29,0.0
2022-03-30,0.00021871426898865826
2022-03-31,0.0
2022-04-01,0.0
2022-04-04,-0.00010958227237769623
2022-04-05,-0.00010909612614102592
2022-04-06,0.00010910802940436482
2022-04-07,0.0
2022-04-08,-0.00010909612614102592
2022-04-11,0.00010910802940436482
2022-04-12,0.0
2022-04-13,0.0
2022-04-14,-0.00010909612614102592
2022-04-18,0.00010910802940436482
2022-04-19,-0.00010909612614102592
2022-04-20,0.00021871426898865826
2022-04-21,0.0
2022-04-22,-0.00010958227237769623
2022-04-25,0.0001095942819681539
2022-04-26,-0.00010958227237769623
2022-04-27,0.0
2022-04-28,0.0002191885639363078
2022-04-29,-0.00021914053083805317
2022-05-02,0.0001095942819681539
2022-05-03,-0.00010958227237769623
2022-05-04,0.0002191885639363078
2022-05-05,0.0
2022-05-06,0.0
2022-05-09,-0.00010957026541902658
2022-05-10,0.0
2022-05-11,0.0
2022-05-12,0.00010958227237769623
2022-05-13,0.00010937104675462835
2022-05-16,-0.00010935908603691636
2022-05-17,0.0
2022-05-18,0.0
2022-05-19,0.00021844326551265935
2022-05-20,0.0
2022-05-23,0.0
2022-05-24,-0.00010904839786990138
2022-05-25,0.00010906029071987561
2022-05-26,0.00021869432120758304
2022-05-27,-0.00021864650445870603
2022-05-31,-0.00010904839786990138
2022-06-01,1.0557434535440014e-05
2022-06-02,0.00021881546038294796
2022-06-03,-0.0002187675906518826
2022-06-06,0.00010935793149771364
2022-06-07,-0.00010934597364821787
2022-06-08,0.00010935793149771364
2022-06-09,-0.02678457915707339
2022-06-10,-0.03527069496532506
2022-06-13,0.00010935793149771364
2022-06-14,0.0018155264753458747
2022-06-15,0.02497173425172101
2022-06-16,-0.04034641229855491
2022-06-17,0.01215982795766527
2022-06-21,0.02522913414866687
2022-06-22,0.00010921052932860214
2022-06-23,0.0
2022-06-24,-0.00021849675032122506
2022-06-27,0.0
2022-06-28,0.0002185445015846219
2022-06-29,0.00010939768956857692
2022-06-30,0.00010928619097313978
2022-07-01,-7.673082498176523e-05
2022-07-05,0.0
2022-07-06,0.0
2022-07-07,0.0
2022-07-08,-0.00010928263415339102
2022-07-11,0.00010929457815279024
2022-07-12,-0.00010928263415339102
2022-07-13,0.0
2022-07-14,0.00010929457815279024
2022-07-15,0.01813912291991514
2022-07-18,-0.008462818256623402
2022-07-19,0.030753175007009418
2022-07-20,0.015856739757170946
2022-07-21,0.014355213222333183
2022-07-22,-0.017535474602627724
2022-07-25,-0.00569551725764327
2022-07-26,-0.019648890667696976
2022-07-27,0.042259506331173494
2022-07-28,0.009778125502507128
2022-07-29,0.018236905470414858
2022-08-01,-0.0006019544167884353
2022-08-02,-0.0029818960354812962
2022-08-03,0.027232633786930048
2022-08-04,0.004676415962231118
2022-08-05,-0.008168771286562902
2022-08-08,-0.003232599154688699
2022-08-09,-0.01131852958384489
2022-08-10,0.027911056701476217
2022-08-11,-0.005676150352576743
2022-08-12,0.00021912887720908553
2022-08-15,-0.00010973923809955497
2022-08-16,0.00010975128212163543
2022-08-17,0.0
2022-08-18,0.0004370683242062891
2022-08-19,0.0
2022-08-22,0.00010949257939379463
2022-08-23,-0.0002185637954437595
2022-08-24,0.00032801673292750415
2022-08-25,0.00010926994563919541
2022-08-26,0.0
2022-08-29,0.0
2022-08-30,0.00010935733248363713
2022-08-31,0.0002183928057298168
2022-09-01,0.00020762148587478847
2022-09-02,0.00010959662386805995
2022-09-06,-0.007182186319833985
2022-09-07,0.0001096838751898747
2022-09-08,0.0002185496875990024
2022-09-09,0.0
2022-09-12,-0.00010954865359346375
2022-09-13,0.00021862511300923623
2022-09-14,0.0
2022-09-15,0.0003280148168241637
2022-09-16,0.0
2022-09-19,0.007786932694232402
2022-09-20,-0.00010920323396301909
2022-09-21,0.00021843032122351137
2022-09-22,0.00043736028768587813
2022-09-23,0.0
2022-09-26,-0.004137775845106861
2022-09-27,0.00040078211165591463
2022-09-28,0.019892300085691345
2022-09-29,-0.028827553289125445
2022-09-30,-0.016956487157725547
2022-10-03,0.023459916815555513
2022-10-04,0.03144109253392577
2022-10-05,-0.0005316399419759306
2022-10-06,0.00021877441147899826
2022-10-07,0.0
2022-10-10,-0.009996421140492647
2022-10-11,-0.013737925184350748
2022-10-12,-0.0003426306230192596
2022-10-13,0.0003280540599810002
2022-10-14,0.0
2022-10-17,0.0
2022-10-18,0.0
2022-10-19,0.0
2022-10-20,0.00043706393243272816
2022-10-21,0.00010926773495012631
2022-10-24,-0.00010925579681667797
2022-10-25,0.0
2022-10-26,0.0002183375211050531
2022-10-27,0.00032743479035712955
2022-10-28,-0.00010891136316469317
2022-10-31,0.0
2022-11-01,8.745516068055549e-05
2022-11-02,0.0003284227861707496
2022-11-03,0.0003281171799604064
2022-11-04,0.00021857417864895058
2022-11-07,-0.00010921378920453816
2022-11-08,0.0001092257181590969
2022-11-09,0.0005464642900560103
2022-11-10,0.00010964805050211398
2022-11-11,-0.00010963602912525561
2022-11-14,-0.008751484090968036
2022-11-15,0.013838497403824365
2022-11-16,-0.013649607347976173
2022-11-17,0.00032814502765977194
2022-11-18,0.0
2022-11-21,0.00010829281072953717
2022-11-22,0.00021902983306748368
2022-11-23,0.00021789633522640642
2022-11-25,0.0
2022-11-28,0.00010922042368644681
2022-11-29,0.0003276254876647672
2022-11-30,0.0
2022-12-01,0.00021893717834356273
2022-12-02,0.00010905023261913319
2022-12-05,0.00010962987003832412
2022-12-06,0.00032776920868035387
2022-12-07,0.0
2022-12-08,0.0006557178020780755
2022-12-09,-0.0001089192453412895
2022-12-12,0.00010893111003558876
2022-12-13,0.0
2022-12-14,0.0003277425393271351
2022-12-15,0.0002182593594575118
2022-12-16,0.0
2022-12-19,0.00012086784292337973
2022-12-20,0.00010973237602086786
2022-12-21,0.00010912991281415441
2022-12-22,0.0006567742848318397
2022-12-23,0.0
2022-12-27,0.0
2022-12-28,0.00032822077202874654
2022-12-29,0.0004376151664127018
2022-12-30,-0.00010965069572187396
2023-01-03,0.0001096627203154513
2023-01-04,-0.00010965069572187396
2023-01-05,-0.015654845899187017
2023-01-06,0.027601734082209093
2023-01-09,0.00021898274899291513
2023-01-10,0.00846414135908834
2023-01-11,0.01730037305971812
2023-01-12,0.005404362981085123
2023-01-13,0.006880427245598186
2023-01-17,0.002028831688739984
2023-01-18,-0.012999931903905892
2023-01-19,-0.009824490786798397
2023-01-20,0.02736696035846208
2023-01-23,0.022215779488226853
2023-01-24,-0.002041453711819837
2023-01-25,-0.0022193510111722108
2023-01-26,0.019497239521634093
2023-01-27,0.0099545371460635
2023-01-30,-0.020218863454302502
2023-01-31,0.014986146014562794
2023-02-01,0.0213834769063232
2023-02-02,0.03588974494656396
2023-02-03,-0.017772322383531707
2023-02-06,-0.008459068515879067
2023-02-07,0.02071871312386766
2023-02-08,0.0
2023-02-09,-0.008837834493958441
2023-02-10,-0.006563220298315232
2023-02-13,0.016016082548818124
2023-02-14,0.007389119190292752
2023-02-15,0.0076610367506187976
2023-02-16,-0.018764377202941232
2023-02-17,-0.007055639722161124
2023-02-21,-0.02367511864782931
2023-02-22,0.00032724636842545627
2023-02-23,0.0087340153777829
2023-02-24,-0.01674408258435398
2023-02-27,0.007161119255071841
2023-02-28,-0.0012928026104643622
2023-03-01,-0.008039025853098519
2023-03-02,0.008275994370765148
2023-03-03,0.02067368813559466
2023-03-06,0.0011344749095467946
2023-03-07,-0.012265792644431246
2023-03-08,0.004994258433202372
2023-03-09,-0.017325944000957966
2023-03-10,-0.014043785584401986
2023-03-13,0.007416632032309507
2023-03-14,0.022979615915412466
2023-03-15,0.005245957320119025
2023-03-16,0.02636080998231656
2023-03-17,-0.0047259818556761365
2023-03-20,0.0035487858001199126
2023-03-21,0.0
2023-03-22,0.00021788083145194502
2023-03-23,0.0004361534091993037
2023-03-24,0.0036803876817044457
2023-03-27,-0.006851319469438978
2023-03-28,0.00021742289950509296
2023-03-29,0.0
2023-03-30,0.00021825097519962816
2023-03-31,-0.00021820335210523937
2023-04-03,-0.0024304468850855424
2023-04-04,-0.0033733882271298073
2023-04-05,-0.009872498598443503
2023-04-06,0.00010922201083941002
2023-04-10,0.00010930724468985405
2023-04-11,0.00010890669241825804
2023-04-12,-0.008834030040964773
2023-04-13,0.0005458120337956711
2023-04-14,0.0
2023-04-17,0.00021859398060900554
2023-04-18,0.00010927310386175613
2023-04-19,0.0001089700602091119
2023-04-20,0.0007633864786673842
2023-04-21,-0.00010868117287248121
2023-04-24,0.00010869298575365593
2023-04-25,-0.00010868117287248121
2023-04-26,0.00021796773592704596
2023-04-27,0.00032707423373360664
2023-04-28,0.0
2023-05-01,3.2754873862240556e-05
2023-05-02,-0.00021861708606875217
2023-05-03,0.00010923551904851308
2023-05-04,0.00032776767919937076
2023-05-05,0.0002188600173654137
2023-05-08,0.00010935763287703077
2023-05-09,0.0001095393786802471
2023-05-10,0.00010943053993318926
2023-05-11,0.0006552525995382149
2023-05-12,0.00021859706551583392
2023-05-15,0.00010893603452130692
2023-05-16,-0.00010892416875429929
2023-05-17,0.00021845254524787834
2023-05-18,0.018573080562340822
2023-05-19,0.0
2023-05-22,0.00010943287187527824
2023-05-23,0.0
2023-05-24,0.0
2023-05-25,0.0006543021696752741
2023-05-26,0.00021802251166956558
2023-05-30,0.0001091323600722746
2023-05-31,0.00021795120268602405
2023-06-01,0.0005579377677816475
2023-06-02,0.0001095182979988064
2023-06-05,0.0
2023-06-06,0.00021862668480515597
2023-06-07,0.00010928944881269987
2023-06-08,0.0005466768787605134
2023-06-09,0.0038228359583491207
2023-06-12,0.0001092059034417402
2023-06-13,0.007683833557146186
2023-06-14,0.007267513346509189
2023-06-15,0.011915877117915965
2023-06-16,-0.006292757431883803
2023-06-20,-0.0014316190619278663
2023-06-21,-0.013627631204073141
2023-06-22,0.0117987487695501
2023-06-23,-0.009913438959539231
2023-06-26,-0.013405536910795282
2023-06-27,0.017194084118557475
2023-06-28,0.0019515278182631497
2023-06-29,-0.0020024674218545296
2023-06-30,0.01542024782507583
2023-07-03,0.002354978736701867
2023-07-05,-2.7029245811851937e-05
2023-07-06,-0.0076159896580959814
2023-07-07,0.00010861769529192711
2023-07-10,0.0002188442469458072
2023-07-11,0.004940617230573337
2023-07-12,0.012630081157015765
2023-07-13,0.016978647901048638
2023-07-14,-0.00021101704065078507
2023-07-17,0.009338695860839737
2023-07-18,0.008180588742750145
2023-07-19,-0.0002332780906103675
2023-07-20,-0.023051963595935452
2023-07-21,0.0
2023-07-24,0.00010906353430062529
2023-07-25,0.00010895581329094182
2023-07-26,0.00010913557724001012
2023-07-27,0.000545139307044589
2023-07-28,0.00010915996713327446
2023-07-31,0.00010876507691251563
2023-08-01,0.0002625969720453413
2023-08-02,0.0001092032393834544
2023-08-03,0.0004375308446326248
2023-08-04,0.00021857409149941923
2023-08-07,0.0
2023-08-08,0.00021833505699759553
2023-08-09,0.00010957396285519151
2023-08-10,0.0005460889201407096
2023-08-11,0.00010902440168679191
2023-08-14,0.00010939468148854728
2023-08-15,0.00010909612333326296
2023-08-16,0.00021826396566999157
2023-08-17,0.0004369101712687871
2023-08-18,0.00010891733212674694
2023-08-21,0.00010909636521072493
2023-08-22,0.00010908446449214787
2023-08-23,0.0002178588530375517
2023-08-24,0.0003275280504925562
2023-08-25,0.00021754933582121013
2023-08-28,0.00021826484880367692
2023-08-29,-0.00010896561033897742
2023-08-30,0.00021776428351117258
2023-08-31,0.0006535319081520766
2023-09-01,0.00016413361409739136
2023-09-05,0.00021839617771448447
2023-09-06,0.0
2023-09-07,0.0005467758555132899
2023-09-08,0.00010906699844860284
2023-09-11,0.0
2023-09-12,0.0003278314430607219
2023-09-13,0.00010901936416025505
2023-09-14,0.0003276882804593153
2023-09-15,0.0002181337205349506
2023-09-18,0.00010923321043250362
2023-09-19,0.000109221279841459
2023-09-20,0.00010901925724904399
2023-09-21,-0.018324464459754778
2023-09-22,0.00013981176410182044
2023-09-25,0.004749726832821687
2023-09-26,-0.01501626378550774
2023-09-27,0.0023431961788228203
2023-09-28,0.008365292176340603
2023-09-29,0.0007261617005014729
2023-10-02,0.00834583947305886
2023-10-03,-0.017549802896781114
2023-10-04,0.00010954761010269875
2023-10-05,0.0006557911240307284
2023-10-06,0.0
2023-10-09,0.00010917950370902297
2023-10-10,0.0
2023-10-11,0.0002182404061640643
2023-10-12,0.0004371435181772688
2023-10-13,0.0002183815521568256
2023-10-16,0.00010907225525634536
2023-10-17,0.00010915503024815586
2023-10-18,0.00010914311672794805
2023-10-19,0.0004364301734438439
2023-10-20,0.00021788337137383366
2023-10-23,0.00010924901188761673
2023-10-24,0.00010904792273164951
2023-10-25,0.00010894146533457986
2023-10-26,0.00043619117825326474
2023-10-27,0.004801268609307458
2023-10-30,0.01126525928001249
2023-10-31,0.0
2023-11-01,0.0003064755043028915
2023-11-02,0.0003280096538539529
2023-11-03,0.00010952100046300947
2023-11-06,0.004079296431096752
2023-11-07,0.009452758861378228
2023-11-08,0.0006439086755618003
2023-11-09,0.0005466453733211391
2023-11-10,0.00010930706769691329
2023-11-13,0.00010882361483758122
2023-11-14,0.00010956610126661054
2023-11-15,0.0002181653893526239
2023-11-16,0.0008559116175071514
2023-11-17,0.00021868218590981965
2023-11-20,0.0
2023-11-21,0.00032658568559962477
2023-11-22,0.00043646681665681676
2023-11-24,0.00010918675726531977
2023-11-27,0.00010879837186436458
2023-11-28,0.0002180436021330066
2023-11-29,0.00010895099199972301
2023-11-30,-0.002513939012713813
2023-12-01,0.00020753365016615858
2023-12-04,-0.009283578938956328
2023-12-05,0.0025107793346253993
2023-12-06,0.00010940922122347144
2023-12-07,0.013972319752657907
2023-12-08,0.004456659717602586
2023-12-11,0.008542238266976584
2023-12-12,0.007964281347792767
2023-12-13,0.00010892604832166088
2023-12-14,-0.0008669290439679935
2023-12-15,0.0048336855763782645
2023-12-18,0.006298848427163918
2023-12-19,0.005109501825854773
2023-12-20,-0.014859559489188306
2023-12-21,0.011635208453552806
2023-12-22,0.0014959665951183464
2023-12-26,0.006121927156272677
2023-12-27,0.002035513375697644
2023-12-28,-0.0004858756373544019
2023-12-29,-0.00432773511858366
2024-01-02,-0.01692237733240144
2024-01-03,-0.010581317249263554
2024-01-04,0.00032832432828052674
2024-01-05,0.00010918721021999772
2024-01-08,0.0001094559459463505
2024-01-09,0.00010944396665345233
2024-01-10,0.00021858338511867103
2024-01-11,0.0005460117530455889
2024-01-12,0.00021879019954488648
2024-01-16,0.00010867037267210168
2024-01-17,0.00021862514308735326
2024-01-18,0.00043687448578275725
2024-01-19,0.00010896084869577039
2024-01-22,0.00010932241017917672
2024-01-23,0.00010884372030076339
2024-01-24,0.00010901855023435721
2024-01-25,0.0005452199876788869
2024-01-26,0.00010885398948938711
2024-01-29,0.00010930847467111859
2024-01-30,0.0001090167583657073
2024-01-31,0.00010928461378006248
2024-02-01,0.011775334878905436
2024-02-02,0.00021890145576457275
2024-02-05,0.0
2024-02-06,0.00021885354840422782
2024-02-07,0.0001090768114994345
2024-02-08,0.000437470457704747
2024-02-09,0.00010957580849165036
2024-02-12,0.0002183829071531014
2024-02-13,0.0
2024-02-14,0.0002181490924336979
2024-02-15,0.0005462772983959025
2024-02-16,0.00021835441860811148
2024-02-20,0.00010906039956457659
2024-02-21,0.00010942036860626433
2024-02-22,0.0005452758346503551
2024-02-23,0.0001092558672072974
2024-02-26,0.0
2024-02-27,0.00021802339083502867
2024-02-28,0.00010912724487512918
2024-02-29,0.0004358113008572658
2024-03-01,0.00027355133589495706
2024-03-04,0.00010922357350950654
2024-03-05,0.0
2024-03-06,0.0002185160781903417
2024-03-07,0.00043758605379757345
2024-03-08,0.00010904730028649952
2024-03-11,0.00010940627901178686
2024-03-12,0.00032790481063334946
2024-03-13,0.0
2024-03-14,0.0004364143625088089
2024-03-15,0.00021843622083846345
2024-03-18,0.00010900902644751623
2024-03-19,0.0002185499249521783
2024-03-20,0.00010897332866207787
2024-03-21,0.00032725466661914456
2024-03-22,0.00010920344416557463
2024-03-25,0.00021801289940499876
2024-03-26,0.00010916772010432733
2024-03-27,0.0006540097736996676
2024-03-28,0.0
2024-04-01,0.00027326582052869725
2024-04-02,0.00021857141721706925
2024-04-03,0.0
2024-04-04,0.00043760170243324474
2024-04-05,0.00021879750406447073
2024-04-08,0.00010914397512329944
2024-04-09,0.00010931672063871988
2024-04-10,0.0002185172253796079
2024-04-11,0.00032793497417731287
2024-04-12,-0.015941762059935048
2024-04-15,-0.016451097224240662
2024-04-16,9.274356554753707e-05
2024-04-17,0.0001092896174863388
2024-04-18,-0.005706376150915581
2024-04-19,0.00010921807965675477
2024-04-22,0.0002179515192879722
2024-04-23,0.00010927449291936298
2024-04-24,0.0
2024-04-25,0.0005450229893571272
2024-04-26,0.0
2024-04-29,0.004060265738327175
2024-04-30,-0.01885616133432721
2024-05-01,0.00019642754083488333
2024-05-02,0.01276340452712285
2024-05-03,0.00010917815796672191
2024-05-06,0.0
2024-05-07,0.0001094421439624034
2024-05-08,0.00021858446100814612
2024-05-09,0.0005462957616936897
2024-05-10,0.0
2024-05-13,0.00021860114745846532
2024-05-14,0.00010904701635144852
2024-05-15,0.015630395176904253
2024-05-16,-0.0020313304822114366
2024-05-17,0.00010915924065563849
2024-05-20,0.00021801925968370408
2024-05-21,0.00010930709033152629
2024-05-22,0.00021785614685156113
2024-05-23,0.0006545270583265814
2024-05-24,0.00010883311372638621
2024-05-28,-0.00010882127036869233
2024-05-29,-0.007048480432045645
2024-05-30,-0.01071334268945572
2024-05-31,-0.00186019663977289
2024-06-03,0.00016428837934140975
2024-06-04,0.0002187708905358595
2024-06-05,0.0001095447052766567
2024-06-06,-0.00034505446831195326
2024-06-07,-0.0008847866933419401
2024-06-10,0.00021848810260428298
2024-06-11,0.00010935745676468298
2024-06-12,0.013097659148516065
2024-06-13,0.005420364340715248
2024-06-14,0.005181198952760393
2024-06-17,0.012249839902053932
2024-06-18,0.00030934123193536125
2024-06-20,-0.007708071672583306
2024-06-21,0.00032720587563435545
2024-06-24,0.00021840082186668123
2024-06-25,0.0
2024-06-26,0.00010894825934836338
2024-06-27,0.0025812945852963375
2024-06-28,0.0003271030682322576
2024-07-01,0.0058650674948601406
2024-07-02,0.00010984249917595317
2024-07-03,0.0003279405434216541
2024-07-05,0.00032792422506471854
2024-07-08,0.00021860525834072956
2024-07-09,0.0
2024-07-10,0.0002186486220944296
2024-07-11,0.00010916373019573568
2024-07-12,0.0004368805942013417
2024-07-15,0.00021857258622551919
2024-07-16,0.0
2024-07-17,0.00032751407800644174
2024-07-18,0.00010904459368646366
2024-07-19,0.0003272801373266
2024-07-22,0.00021817602838653915
2024-07-23,0.0
2024-07-24,0.00032746554493950664
2024-07-25,0.0
2024-07-26,0.0005448697809417972
2024-07-29,0.0
2024-07-30,0.00010924179198345196
2024-07-31,0.00021791447847240315
2024-08-01,0.00024067126295175263
2024-08-02,0.0005467164134095303
2024-08-05,0.0
2024-08-06,0.00021869416614928415
2024-08-07,0.00021864634946820561
2024-08-08,0.00010925390562295551
2024-08-09,0.0002185746735556855
2024-08-12,0.0003279264327210165
2024-08-13,0.00010900092850291758
2024-08-14,0.00010926106785148583
2024-08-15,0.00010897714163655742
2024-08-16,0.0005461861340700666
2024-08-19,0.0
2024-08-20,0.00021799277579551734
2024-08-21,0.00021830760157032916
2024-08-22,0.0
2024-08-23,0.00043606708604577174
2024-08-26,0.00010917293445441686
2024-08-27,0.00021795997429375718
2024-08-28,0.00010868475340234861
2024-08-29,0.0
2024-08-30,0.000544993448406005
2024-09-03,0.0003939396241403597
2024-09-04,0.00010929418196966015
2024-09-05,0.0001091014568524528
2024-09-06,0.0005467131054967398
2024-09-09,0.0
2024-09-10,0.0003276318289037396
2024-09-11,0.0
2024-09-12,0.00010953604756374853
2024-09-13,0.000545994999816256
2024-09-16,0.00021811638408697945
2024-09-17,0.00010925996717509392
2024-09-18,0.00021813520918787665
2024-09-19,0.0002181778299937424
2024-09-20,0.00043617030389897656
2024-09-23,0.00010933303961533517
2024-09-24,0.00010887046442535907
2024-09-25,0.0002177172258752237
2024-09-26,0.0
2024-09-27,0.0003272255141481339
2024-09-30,0.00010879931578920349
2024-10-01,0.00022973250077290441
2024-10-02,0.00010921266938993065
2024-10-03,-0.0007470110921456955
2024-10-04,0.011898062982621296
2024-10-07,-0.010711575148214511
2024-10-08,0.014934614185456878
2024-10-09,0.007868397239871107
2024-10-10,-0.0011355432023368462
2024-10-11,0.001563131278996592
2024-10-14,0.008391545297236855
2024-10-15,-0.013366963377075687
2024-10-16,0.0001222130126336603
2024-10-17,0.0006926860242823783
2024-10-18,0.006554595430031196
2024-10-21,0.0019213925994216246
2024-10-22,0.00010902854221744117
2024-10-23,0.0
2024-10-24,0.00010910645584246213
2024-10-25,0.000436108842423289
2024-10-28,0.0
2024-10-29,0.00021818374374045558
2024-10-30,0.00010893347843440159
2024-10-31,0.00021793294771134516
2024-11-01,0.007398982959989465
2024-11-04,-0.002913216639814825
2024-11-05,0.012756936424819188
2024-11-06,0.027163166446182555
2024-11-07,0.00010907275609915673
2024-11-08,0.0011685524158517103
2024-11-11,-0.0005835043115284671
2024-11-12,-0.0018099074630891423
2024-11-13,0.00021818168139079537
2024-11-14,0.0
2024-11-15,0.00032755931684630044
2024-11-18,0.0001088522966536602
2024-11-19,0.00032741641684531507
2024-11-20,0.00010916273524233904
2024-11-21,0.00010906135215499058
2024-11-22,0.0003272378353494512
2024-11-25,0.00010919264336698959
2024-11-26,0.0
2024-11-27,0.0003268268121026606
2024-11-29,0.00021811132044235836
2024-12-02,0.00027329466097699
2024-12-03,0.00021871894668957974
2024-12-04,0.012362780401765314
2024-12-05,-0.0027711157808910955
2024-12-06,0.00043706805035231133
2024-12-09,-0.007787413221575561
2024-12-10,-0.0034073255256363184
2024-12-11,0.017902189363849175
2024-12-12,-0.006453588495370333
2024-12-13,0.0076540900270125065
2024-12-16,0.014400742256463367
2024-12-17,-0.004403810181930826
2024-12-18,-0.03607677544599671
2024-12-19,-0.0044533510404154205
2024-12-20,0.008732449202803463
2024-12-23,0.009742667620634471
2024-12-24,0.013559644873226862
2024-12-26,-0.0006791156095890149
2024-12-27,-0.013293072427788393
2024-12-30,-0.013299887343294806
2024-12-31,-0.008494796545399664
2025-01-02,-0.001956006911613724
2025-01-03,0.01636497775930125
2025-01-06,0.011492907646523711
2025-01-07,-0.017844029236509164
2025-01-08,0.0001746795222192472
2025-01-10,-0.015681140116412768
2025-01-13,-0.003213788866656707
2025-01-14,-0.0009493717892118248
2025-01-15,0.00010949459445984015
2025-01-16,0.0
2025-01-17,0.0005457245842393567
2025-01-21,0.0
2025-01-22,0.00021831288019347956
2025-01-23,0.0
2025-01-24,-0.005651160422993997
2025-01-27,-0.029114579737774985
2025-01-28,0.0
2025-01-29,-0.0018779513296827313
2025-01-30,0.00010906123127024211
2025-01-31,-0.0014531387467419706
2025-02-03,0.00028446448695494827
2025-02-04,0.0
2025-02-05,0.00010916002469446277
2025-02-06,0.00021891688366983787
2025-02-07,0.00021860302913235519
2025-02-10,0.00010918899871206613
2025-02-11,0.00010917707777626143
2025-02-12,0.00010934237561108565
2025-02-13,0.00021857224392981376
2025-02-14,0.0003277424312978786
2025-02-18,0.00021827578423655675
2025-02-19,0.0001091583405028437
2025-02-20,0.0002184698945741125
2025-02-21,0.00032736775878049624
2025-02-24,0.00010890992927666997
2025-02-25,0.0
2025-02-26,0.00021823845386326738
2025-02-27,0.00010905119621998306
2025-02-28,0.00021807861070659857
2025-03-03,0.0002080401827888967
2025-03-04,0.0
2025-03-05,0.0001089928565038769
2025-03-06,0.00010951129941829966
2025-03-07,0.0004374669690344088
2025-03-10,0.00010892139550127252
2025-03-11,0.00010943950631918195
2025-03-12,0.00010933921139049624
2025-03-13,0.00021838958653455553
2025-03-14,0.0002186950641221521
2025-03-17,0.006483753177472163
2025-03-18,0.0
2025-03-19,0.013381434941224159
2025-03-20,-0.0033895517301516954
2025-03-21,0.003296790872247074
2025-03-24,0.021944383478400515
2025-03-25,0.005706457439288682
2025-03-26,-0.01840066476478241
2025-03-27,-0.005697901946346459
2025-03-28,0.0003274095478230835
2025-03-31,0.0
2025-04-01,0.0002296580553708568
2025-04-02,0.00010916385159319751
2025-04-03,0.0001095924201512622
2025-04-04,0.0003280365357298205
2025-04-07,0.00010910418507451225
2025-04-08,0.00021888895453405223
2025-04-09,0.0
2025-04-10,0.0001089803793943279
2025-04-11,0.00043719431275949887
2025-04-14,0.0
2025-04-15,0.00021854561937447388
2025-04-16,0.0001089850474977772
2025-04-17,0.00043686016191531033
2025-04-21,0.00010910141402817365
2025-04-22,0.0
2025-04-23,0.0002182669289385995
2025-04-24,0.0
2025-04-25,0.0004362628270850665
2025-04-28,0.00010910599322207568
2025-04-29,0.0
2025-04-30,0.00010891841553921467
2025-05-01,0.0002409118359291152
2025-05-02,0.00032813368326064255
2025-05-05,0.0
2025-05-06,0.0002185669940314533
2025-05-07,0.0
2025-05-08,0.00021860699166765981
2025-05-09,-0.0006553518354477184
2025-05-12,0.0
2025-05-13,0.015240898611892555
2025-05-14,0.0059928957369892065
2025-05-15,0.0010990587909357925
2025-05-16,0.004352347699197733
2025-05-19,0.0009587412452251503
2025-05-20,-0.0033332473824117803
2025-05-21,-0.013896605385834626
2025-05-22,0.0018712093544773982
2025-05-23,-0.009260728491748372
2025-05-27,0.023525280496282126
2025-05-28,-0.004432120028781777
2025-05-29,0.0019658216843267263
2025-05-30,-0.0015771847028451386
2025-06-02,0.007898262320722091
2025-06-03,0.007817103392278682
2025-06-04,0.002787876710995515
2025-06-05,-0.0075270768214690175
2025-06-06,0.009775427624451745
2025-06-09,0.0014718304525548089
2025-06-10,0.006613966333383789
2025-06-11,-0.003369530251563673
2025-06-12,0.0023478403113029846
2025-06-13,-0.012554638400408533
2025-06-16,0.013909886423199722
2025-06-17,-0.009751158918571203
2025-06-18,-0.00017030172563509127
2025-06-20,-0.004083057727130398
2025-06-23,0.010282392768807568
2025-06-24,0.01529195891812494
2025-06-25,0.0025563553170109203
2025-06-26,0.009350423458319138
2025-06-27,0.0034235866914867335
2025-06-30,0.006477020266003193
2025-07-01,-0.008429354064477586
2025-07-02,0.006965148443063668
2025-07-03,0.009840384801011001
2025-07-07,-0.007532792265595966
2025-07-08,0.0005614041331266251
2025-07-09,0.007078970850485751
2025-07-10,-0.001438114288918154
2025-07-11,-0.002250469358977108
2025-07-14,0.0036269737129981604
2025-07-15,0.0009166842718612918
2025-07-16,0.0010240257887760996
2025-07-17,0.008092720649497539
2025-07-18,-0.0009612192403832726
2025-07-21,0.005184705190786956
2025-07-22,-0.005175700346951041
2025-07-23,0.004561186770523782
2025-07-24,0.0021284641988009736
2025-07-25,0.0024068896305661836
2025-07-28,0.003125421733566821
2025-07-29,-0.0015491431518060875
2025-07-30,0.0013398541009275945
2025-07-31,-0.00529906858828697
2025-08-01,-0.019698768814725022
2025-08-04,0.01845149006198602
2025-08-05,-0.0067894744861422196
2025-08-06,0.012583229636434802
2025-08-07,0.0033843426806582553
2025-08-08,0.009328235870675612
2025-08-11,-0.0029588966502951952
2025-08-12,0.01256871683386267
2025-08-13,0.0005000983262105925
2025-08-14,-0.0007754261220431854
2025-08-15,-0.004397526577895995
2025-08-18,-0.0003983411314334326
2025-08-19,-0.01356761210920471
2025-08-20,-0.005937203936495406
2025-08-21,-0.00462980793066701
2025-08-22,0.015427491162110892
2025-08-25,-0.00288465708055315
2025-08-26,0.004015002922066983
2025-08-27,0.0015369431931428854
2025-08-28,0.006259949107671425
2025-08-29,-0.011575607307671276
2025-09-02,-0.008379975455706505
2025-09-03,0.007867384485135296
2025-09-04,0.009051451050515621
2025-09-05,0.0014428529789486907
2025-09-08,0.004877999392528095
2025-09-09,0.0028331979873412877
2025-09-10,0.0003274238060162009
2025-09-11,0.005820442509677038
2025-09-12,0.004417169402083398
2025-09-15,0.00855699397089247
2025-09-16,-0.0008451293468130686
2025-09-17,-0.001995963832969189
2025-09-18,0.00901696975915102
2025-09-19,0.006769402244106035
2025-09-22,0.005919993935985725
2025-09-23,-0.00664236056236141
2025-09-24,-0.0035104808020933517
2025-09-25,-0.00431125781556285
2025-09-26,0.004110789220284908
2025-09-29,0.004631171139209039
2025-09-30,0.0027392231872349435
2025-10-01,0.00022964997839426077
2025-10-02,0.00411103473611898
2025-10-03,-0.004209714080001879
2025-10-06,0.00021882651542537174
2025-10-07,0.0
2025-10-08,0.0002184337001547749
2025-10-09,0.0
2025-10-10,0.00043703064361621
2025-10-13,0.00010936074550763465
2025-10-14,0.0
2025-10-15,0.00010900411001504773
2025-10-16,-0.003702918885762025
2025-10-17,0.006566665297120908
2025-10-20,0.012600680143079425
2025-10-21,-0.0002615161882330952
2025-10-22,-0.009633996208226955
2025-10-23,0.008406459215177707
2025-10-24,0.01067825922771609
2025-10-27,0.017809297423117286
2025-10-28,0.007689819568517578
2025-10-29,0.004503032864379234
2025-10-30,-0.015288573414676656
2025-10-31,0.00021788608179321365
2025-11-03,0.00014224440340512804
2025-11-04,0.00010937675200575638
2025-11-05,0.0001091928328231936
2025-11-06,0.00010935284949282457
2025-11-07,0.0003279367184425593
2025-11-10,0.00021843823194960763
2025-11-11,-0.00010928117642904683
2025-11-12,0.00010929312010978803
2025-11-13,0.00010928117642904683
2025-11-14,0.00043673332748616933
2025-11-17,0.0
2025-11-18,0.00021835720336199684
2025-11-19,0.0
2025-11-20,0.0002183953811437222
2025-11-21,0.00021826186651917898
2025-11-24,0.0
2025-11-25,0.00021821423867214533
2025-11-26,0.00010904042028004257
2025-11-28,0.0003270855952893498
2025-12-01,0.0001203123627941693
2025-12-02,0.0003281397170384426
2025-12-03,0.0024438071257661545
2025-12-04,-0.0009302734525979501
2025-12-05,0.004077464441421038
2025-12-08,-0.0019185406972982194
2025-12-09,0.0012333538728598397
2025-12-10,0.004095683212486463
2025-12-11,-0.0032342994022086097
2025-12-12,-0.019118426062179436
2025-12-15,-0.005019420310768944
2025-12-16,0.00010905810605618324
2025-12-17,0.0001092174008312848
2025-12-18,0.014490181044790312
2025-12-19,0.0003287605777560696
2025-12-22,0.0
2025-12-23,0.0
2025-12-24,0.0003285669877173602
2025-12-26,0.00032863009480332605
2025-12-29,0.0
2025-12-30,0.000109421891661727
2025-12-31,0.00010923896682161277
2026-01-02,0.000437762811527811
2026-01-05,0.007942853963580819
2026-01-06,0.00010943552965856627
2026-01-07,0.0009625279177794074
2026-01-08,-0.005689038920752012
2026-01-09,0.009960245876235136
2026-01-12,0.0008297347213977541
2026-01-13,-0.0014828122674714053
2026-01-14,-0.010682812199433749
2026-01-15,0.0035994548970399516
2026-01-16,-0.0008363319707028705
2026-01-20,-0.021247166847262904
2026-01-21,0.013518365705840306
2026-01-22,0.00726940452316737
2026-01-23,0.003157455136937006
2026-01-26,0.004400072187147639
2026-01-27,0.00906533055967758
2026-01-28,0.0033114880182957625
2026-01-29,-0.005985223797406113
2026-01-30,0.00021828418572412901
2026-02-02,0.0068664630845992215
2026-02-03,-0.015364061652258702
2026-02-04,-0.017469043474581093
2026-02-05,-0.014395220182708952
2026-02-06,0.02113783192149799
2026-02-09,0.007660174895975259
2026-02-10,-0.004639384252013562
2026-02-11,0.0026821055414890547
2026-02-12,-0.02033892582622547
2026-02-13,0.0021311276164202764
2026-02-17,-0.0010301794241882058
2026-02-18,0.0074672090574093575
2026-02-19,-0.003829723780085578
2026-02-20,0.008848865090479274
2026-02-23,-0.012154951565187292
2026-02-24,0.01074148660659369
2026-02-25,0.014493219410373523
2026-02-26,-0.012064582654502144
2026-02-27,-0.003200773469155525
2026-03-02,0.0013174578187097768
2026-03-03,-0.01070567001281381
2026-03-04,0.01524315846558727
2026-03-05,-0.003012765824315592
2026-03-06,-0.015043169643427385
2026-03-09,0.013355523441756887
2026-03-10,1.6526024155001208e-05
2026-03-11,-0.00013170217452684456
2026-03-12,-0.017163245234439083
2026-03-13,-0.005927220208166386
2026-03-16,0.011217504869518162
2026-03-17,0.00488022377093938
2026-03-18,-0.013939688446374566
2026-03-19,-0.003160259261089424
2026-03-20,-0.018481653840489713
2026-03-23,0.01147893704434811
2026-03-24,-0.0068368493321682685
2026-03-25,0.0065756646049699415
2026-03-26,-0.023867936102021
2026-03-27,-0.019536653277730874
2026-03-30,-0.007643399496543069
2026-03-31,0.03385390303471736
2026-04-01,0.012353248936580354
2026-04-02,0.0011465661844940454
2026-04-06,0.006017362300125734
2026-04-07,0.00015299270145823247
2026-04-08,0.029732056399946544
2026-04-09,0.00010931663049734156
2026-04-10,0.00032782937835523464
2026-04-13,0.010342458753533778
2026-04-14,0.0001095227769288493
2026-04-15,0.00010934152367921025
2026-04-16,0.0001091603285979752
2026-04-17,0.0003276990752844839
2026-04-20,-0.003174857848306293
2026-04-21,-0.0038033525449069944
2026-04-22,0.016730653873212396
2026-04-23,-0.005632759995443672
2026-04-24,0.00021846818797970107
2026-04-27,0.0005271905772746034
2026-04-28,0.00010902927182392027
2026-04-29,0.0
2026-04-30,0.00010910189533908422
2026-05-01,0.00959964150883596
2026-05-04,-0.0018838353264987936
2026-05-05,0.012974028218234124
2026-05-06,0.020774385215872715
2026-05-07,-0.0011929535040877339
2026-05-08,0.02344088518133823
2026-05-11,0.0028963137231159167
2026-05-12,0.00010921199829683298
2026-05-13,0.0
2026-05-14,0.00021856892376915106
2026-05-15,0.0002186055329389434
2026-05-18,0.0
2026-05-19,0.0002184734023394368
2026-05-20,0.00021842568213750193
2026-05-21,0.0
2026-05-22,0.00021846229860111616
2026-05-26,0.0002183302858415507
2026-05-27,0.0001091413140664781
2026-05-28,0.008430907104224694
2026-05-29,0.003684089913546202
2026-06-01,0.006000274716762544
2026-06-02,0.004604447930300161
2026-06-03,-0.002613257055748965
2026-06-04,-0.004837399690344614
2026-06-05,-0.04800095670568177
2026-06-08,0.00010943229806731618
2026-06-09,-0.01150729054456504
2026-06-10,-0.01997650077594794
2026-06-11,0.00010932420138208009
2026-06-12,0.005884676445148099
2026-06-15,0.03141377061235094
2026-06-16,-0.019005412853389282
2026-06-17,0.00010934859862200578
2026-06-18,0.00043692604570406236
2026-06-22,0.0
2026-06-23,0.00010928889165006807
2026-06-24,0.00010910883051052762
2026-06-25,0.00010918097709325946
2026-06-26,0.0003275071737265459
2026-06-29,0.00010921732929520461
2026-06-30,0.0
2026-07-01,0.00030644715932807764
2026-07-02,0.00043761154958577226
2026-07-06,-0.00010937601779295146
2026-07-07,0.00021869201356075176
2026-07-08,0.0
2026-07-09,0.00010936406516721791
2026-07-10,0.00043740842390549493
2026-07-13,0.0
2026-07-14,0.0001093042953568156
2026-07-15,0.00010920847175912536
2026-07-16,-0.016440498089291152
2026-07-17,-0.015029581322824377
2026-07-20,0.00010916075917199803
2026-07-21,0.0
2026-07-22,0.00021854918383574357
2026-07-23,0.0
2026-07-24,0.00032754261238868745
2026-07-27,0.00010917304975710463
2026-07-28,0.00010907735553261375
2026-07-29,0.00010914922659438079
2026-07-30,0.00010913731434092789
2026-07-31,0.00032737621406200184
2026-08-03,0.00014215985867736076
2026-08-04,0.033967946260816013
2026-08-05,-0.009048794851582394
2026-08-06,0.00021871041209712148
2026-08-07,0.0003281194063423699
2026-08-10,0.0
2026-08-11,-0.003357053983407976
2026-08-12,0.00021865063117176747
2026-08-13,0.0
2026-08-14,0.00021851920581440052
2026-08-17,0.00021855507504281639
2026-08-18,0.00010917006840934195
2026-08-19,0.00010924173365210411
2026-08-20,0.0
2026-08-21,0.00032760583068177366
2026-08-24,0.00010919402859881003
2026-08-25,0.00010918210656474332
2026-08-26,0.00010908665982912151
2026-08-27,0.0
2026-08-28,0.00021831655884328637
2026-08-31,0.00010913445356329001
2026-09-01,0.00010937301709224737
2026-09-02,0.00010944453766570078
2026-09-03,0.00021878164915286593
2026-09-04,0.00032814241848306403
2026-09-08,0.00010937273443682719
2026-09-09,0.0
2026-09-10,0.00010936077335000578
2026-09-11,0.0003279630359301355
2026-09-14,0.0
2026-09-15,0.00010931296426741803
2026-09-16,0.0
2026-09-17,0.000218518660251339
2026-09-18,0.000218554274311454
2026-09-21,0.0002184231829582916
2026-09-22,0.0
2026-09-23,-0.008361651213807176
2026-09-24,-0.00014846856283172287
2026-09-25,0.004587808023302566
