date,returns
2009-01-02,0.0
2009-01-05,0.04781772489606987
2009-01-06,0.03166779911476237
2009-01-07,-0.022992426210467546
2009-01-08,-0.019233858099269488
2009-01-09,-0.018026134852865732
2009-01-12,-0.06698118023228214
2009-01-13,0.015953417893118486
2009-01-14,-0.041088913409686796
2009-01-15,0.01296432964688017
2009-01-16,0.003502097425800556
2009-01-20,-0.05703531335862131
2009-01-21,0.06704732796815698
2009-01-22,-0.014438321169234748
2009-01-23,0.030249740464120316
2009-01-26,0.03133648581610698
2009-01-27,-0.019277577102861734
2009-01-28,0.023431675734066185
2009-01-29,-0.016535755468854333
2009-01-30,-0.030004679317910874
2009-02-02,-0.01880056138676167
2009-02-03,0.026362244501679694
2009-02-04,0.006620256880185255
2009-02-05,0.024858167024854452
2009-02-06,0.010523963346199221
2009-02-09,0.008254975862071998
2009-02-10,-0.05265115043214594
2009-02-11,-0.03151228691418177
2009-02-12,0.0037066899226081756
2009-02-13,0.0025990538164654587
2009-02-17,-0.0702590303206744
2009-02-18,-0.015554074073726675
2009-02-19,-0.006260110559318484
2009-02-20,-0.042448090844248526
2009-02-23,-0.06798247754976741
2009-02-24,0.01714276556832307
2009-02-25,-0.013549336171779135
2009-02-26,0.0021781511921208584
2009-02-27,-0.01236891697387964
2009-03-02,-0.11406304272747327
2009-03-03,0.010124109736907872
2009-03-04,0.0661873574961675
2009-03-05,-0.03689232473696289
2009-03-06,-0.015469275702859941
2009-03-09,-0.03890777127107827
2009-03-10,0.06189175932541096
2009-03-11,0.038123348394394775
2009-03-12,0.05490795114013959
2009-03-13,0.01991601555587116
2009-03-16,0.02116881036007808
2009-03-17,0.038405733459268926
2009-03-18,0.0044876588762643
2009-03-19,0.03589590146720674
2009-03-20,-0.035395539325137705
2009-03-23,0.08926945555794827
2009-03-24,-0.033970473229960586
2009-03-25,-0.009523684643499496
2009-03-26,0.010502946829723107
2009-03-27,-0.034255302341406224
2009-03-30,-0.03804813836661523
2009-03-31,0.009927759120850636
2009-04-01,0.030893755645156798
2009-04-02,0.028000590823657197
2009-04-03,0.0011781668783738379
2009-04-06,-0.030882300178812345
2009-04-07,-0.048103667292721794
2009-04-08,0.043679532106733185
2009-04-09,0.05269596815072589
2009-04-13,0.008125648668376765
2009-04-14,-0.019142349860547747
2009-04-15,-0.01217915633231477
2009-04-16,0.010249505387973413
2009-04-17,0.01588012982943106
2009-04-20,-0.051639103226086
2009-04-21,0.010247881315110216
2009-04-22,-0.006207744700493761
2009-04-23,0.024680315096315016
2009-04-24,0.027059024444097954
2009-04-27,-0.013462452183487678
2009-04-28,-0.0014672421346516777
2009-04-29,0.026156957680444345
2009-04-30,0.04339117127930071
2009-05-01,0.056409791381222596
2009-05-04,0.04183409380652576
2009-05-05,-0.01059936977938434
2009-05-06,0.0404578926310932
2009-05-07,-0.013203413963520575
2009-05-08,0.042106247420132255
2009-05-11,-0.035928747738122574
2009-05-12,-0.0050101039911576925
2009-05-13,-0.04212204301559569
2009-05-14,0.00807676091644203
2009-05-15,-0.02568943394662694
2009-05-18,0.03393830796285506
2009-05-19,0.001641312628685748
2009-05-20,0.018400962686905137
2009-05-21,-0.03155885064217547
2009-05-22,-0.0053673250105322244
2009-05-26,0.022227942264662844
2009-05-27,0.00012553495159622134
2009-05-28,0.043357696571141593
2009-05-29,0.014936731374895727
2009-06-01,0.02064984903647916
2009-06-02,-0.0049995305793701286
2009-06-03,-0.037747127410663356
2009-06-04,0.01141621250908272
2009-06-05,-0.012248050141053625
2009-06-08,0.009482097971685007
2009-06-09,0.007948270472014853
2009-06-10,0.0034647001994117287
2009-06-11,0.016073411332874512
2009-06-12,-0.0133585319840599
2009-06-15,-0.025890921092078148
2009-06-16,-0.019629057467474353
2009-06-17,-0.0189030764771344
2009-06-18,-0.012675675041969042
2009-06-19,-0.032738967149798605
2009-06-22,-0.05760542604309916
2009-06-23,0.0030987806711309713
2009-06-24,0.0030889839945117898
2009-06-25,0.02477579915854513
2009-06-26,-0.01352248014580688
2009-06-29,0.004292105461101971
2009-06-30,-0.005239145482107281
2009-07-01,-0.014691615100047038
2009-07-02,-0.029399355173146277
2009-07-06,-0.02159392594376363
2009-07-07,-0.01659012763399081
2009-07-08,-0.004067263202873097
2009-07-09,0.04476729454180164
2009-07-10,-0.01490994164106001
2009-07-13,0.0179282658470156
2009-07-14,0.027139556269283233
2009-07-15,0.048067897967776434
2009-07-16,0.010057554424514205
2009-07-17,0.0023894418272642237
2009-07-20,0.02787023534167636
2009-07-21,0.0016782207873350015
2009-07-22,-0.015338725020663972
2009-07-23,0.037701229437130834
2009-07-24,0.006055381788656428
2009-07-27,0.003510413403827185
2009-07-28,-0.01836795175712372
2009-07-29,-0.008147083446494773
2009-07-30,0.05608393299444861
2009-07-31,0.02017216328107761
2009-08-03,0.03144771168418136
2009-08-04,0.01120201649774912
2009-08-05,-0.005024535611836903
2009-08-06,-0.0036739010903697102
2009-08-07,0.002995501796971056
2009-08-10,0.015391844815613981
2009-08-11,-0.024887314998086912
2009-08-12,0.012181845684887577
2009-08-13,0.007793280556519235
2009-08-14,-0.011600095634818338
2009-08-17,-0.032907339954923544
2009-08-18,0.020820940479905983
2009-08-19,0.011304662071029276
2009-08-20,-0.010487026343720748
2009-08-21,0.03505665805517116
2009-08-24,-0.005738820370105295
2009-08-25,-0.023765647321287862
2009-08-26,-0.006028565718063435
2009-08-27,0.008164157507884965
2009-08-28,0.009949139215778209
2009-08-31,-0.026918608812870844
2009-09-01,-0.018834692577651774
2009-09-02,-0.0022790592142340484
2009-09-03,-0.0003612442059312688
2009-09-04,0.010826182573824178
2009-09-08,0.025348402596985283
2009-09-09,0.01508752519333489
2009-09-10,0.028013134028165923
2009-09-11,0.016239147606709053
2009-09-14,0.00010938206679853669
2009-09-15,0.0016412481799224121
2009-09-16,0.034087380302959526
2009-09-17,-0.003697722091995129
2009-09-18,-0.001166380518846378
2009-09-21,-0.022614353332290282
2009-09-22,0.011405262642924487
2009-09-23,-0.02276865879042312
2009-09-24,0.005825078796617567
2009-09-25,0.005025648754079166
2009-09-28,0.007828361998186286
2009-09-29,-0.01262130366460388
2009-09-30,0.0032778132796296502
2009-10-01,-0.024283996607424453
2009-10-02,0.0039060131786353026
2009-10-05,0.028460265781381385
2009-10-06,0.04313029863539746
2009-10-07,0.012124630381830205
2009-10-08,0.029179600068000498
2009-10-09,-0.006565878268017403
2009-10-12,-0.00530735068175668
2009-10-13,-0.013288864084851172
2009-10-14,0.019385656484764167
2009-10-15,0.027624888459025398
2009-10-16,0.0007788502426092155
2009-10-19,0.012749077867984935
2009-10-20,0.0022138862482121904
2009-10-21,-0.025734688965377343
2009-10-22,0.006111515501095926
2009-10-23,-0.026352288776100716
2009-10-26,-0.015695434844108385
2009-10-27,0.0033730017777377336
2009-10-28,-0.0439083014088505
2009-10-29,0.034523000376247566
2009-10-30,-0.030589833301907215
2009-11-02,0.01444965880295578
2009-11-03,0.02356523305091093
2009-11-04,0.0037858954904655575
2009-11-05,0.00958185425214019
2009-11-06,-0.0017163337314400355
2009-11-09,0.01972274995526324
2009-11-10,-0.0027768816667594885
2009-11-11,0.0008949416670425007
2009-11-12,-0.026632318776328507
2009-11-13,0.0019399645017646365
2009-11-16,0.02292608403809114
2009-11-17,0.0022914061137159223
2009-11-18,-0.00864612088544061
2009-11-19,-0.026867366857215445
2009-11-20,-0.006181303314641501
2009-11-23,0.013475757791736351
2009-11-24,-0.005421225305278483
2009-11-25,0.007301729005935712
2009-11-27,-0.022460042853140922
2009-11-30,-0.004908897279504308
2009-12-01,0.025608580588511114
2009-12-02,-0.013815100468135761
2009-12-03,-0.015253410363141783
2009-12-04,-0.0073764956644277214
2009-12-07,-0.009129438968280612
2009-12-08,-0.008784855153971618
2009-12-09,0.0061605461221079785
2009-12-10,0.019980784796089404
2009-12-11,-0.0033698717045367184
2009-12-14,0.04089560897776427
2009-12-15,0.006091567326629483
2009-12-16,0.022703998971999276
2009-12-17,-0.013615598841535223
2009-12-18,-0.0011004428583070666
2009-12-21,0.019326600548260166
2009-12-22,0.01778218661018032
2009-12-23,0.008687536155884386
2009-12-24,0.0037317295145446613
2009-12-28,0.00228794214492051
2009-12-29,-0.005802331735604417
2009-12-30,-0.0028699509024928253
2009-12-31,-0.010074959135377785
2010-01-04,0.026170207806352045
2010-01-05,0.011807045680815195
2010-01-06,0.01568347230615097
2010-01-07,-0.015165340804137077
2010-01-08,-0.005226655845940705
2010-01-11,0.003002267553862604
2010-01-12,-0.01515280339398379
2010-01-13,0.014531476379848298
2010-01-14,0.005429457125696336
2010-01-15,0.0024212036079830175
2010-01-19,0.006872815712160865
2010-01-20,-0.01653552949611446
2010-01-21,-0.013150424482771402
2010-01-22,-0.028840363538665356
2010-01-25,0.019307875825695417
2010-01-26,-0.015769063427721743
2010-01-27,-0.009378633005842575
2010-01-28,0.0028598424697353336
2010-01-29,-0.028714439482747035
2010-02-01,0.036751641922459166
2010-02-02,0.021777229647432273
2010-02-03,-0.01252034430820454
2010-02-04,-0.04297321266473485
2010-02-05,-0.004854354389055373
2010-02-08,-0.01229701109938223
2010-02-09,0.013582096782182125
2010-02-10,0.0004060667511019165
2010-02-11,0.012886554222206668
2010-02-12,-0.0024038968544785495
2010-02-16,0.04117253211077793
2010-02-17,-0.0010610259298288185
2010-02-18,0.0001925522426922338
2010-02-19,0.01370871443167274
2010-02-22,-0.009427681614046174
2010-02-23,-0.01499752646640266
2010-02-24,-0.0018542781857150779
2010-02-25,0.008506959943715899
2010-02-26,0.004848338382959239
2010-03-01,0.013411155560441817
2010-03-02,0.010949427507347986
2010-03-03,-0.0016009960690504782
2010-03-04,-0.011413862260413582
2010-03-05,0.0249040588785476
2010-03-08,-0.012941134753868747
2010-03-09,0.0017923137372301014
2010-03-10,0.003577716138700276
2010-03-11,0.0032838699899146433
2010-03-12,-0.0008419000705177874
2010-03-15,-0.02367811803621894
2010-03-16,0.003164159323940851
2010-03-17,0.014619720756085013
2010-03-18,-0.02571099250995292
2010-03-19,-0.017109982297373445
2010-03-22,-0.0007865024157454475
2010-03-23,0.016338576158767996
2010-03-24,-0.009103659321876047
2010-03-25,-0.0317627329329982
2010-03-26,-0.0076712315308706865
2010-03-29,0.01515576431937938
2010-03-30,-0.0008010002962937835
2010-03-31,0.017849274888127067
2010-04-01,0.023350173912771565
2010-04-05,0.02252791302099052
2010-04-06,0.0031074542044963057
2010-04-07,-0.010043512187642809
2010-04-08,0.007774892540891938
2010-04-09,0.004422071038604908
2010-04-12,0.0032782427485193106
2010-04-13,-0.0029878040228135515
2010-04-14,0.011892518547571609
2010-04-15,-0.012863582368860003
2010-04-16,-0.011530401545718088
2010-04-19,-0.0024663097373982157
2010-04-20,0.026468841882300732
2010-04-21,0.002318892160637374
2010-04-22,0.0016658296293986128
2010-04-23,0.015059085013863544
2010-04-26,-0.003458698742724064
2010-04-27,-0.03315336560241106
2010-04-28,0.006800896220940357
2010-04-29,-0.034340082573685295
2010-04-30,-0.011270368751569235
2010-05-03,0.027416761054835807
2010-05-04,-0.03472037108032563
2010-05-05,-0.016052440092535182
2010-05-06,-0.03363510252361148
2010-05-07,-0.02532312679706786
2010-05-10,0.050679619897203085
2010-05-11,-0.016383497494049576
2010-05-12,0.018414741936220738
2010-05-13,-0.020113977884401158
2010-05-14,-0.02260000983513876
2010-05-17,0.009652430694729609
2010-05-18,-0.01208126195782013
2010-05-19,-0.00829459343808842
2010-05-20,-0.05672288826884054
2010-05-21,0.018301472030672644
2010-05-24,-0.024894056615333376
2010-05-25,0.00789947375544087
2010-05-26,-0.002612460383654045
2010-05-27,0.04589411198179927
2010-05-28,-0.02504298468241834
2010-06-01,-0.046013342679478014
2010-06-02,0.04237889388100769
2010-06-03,0.006289378321150787
2010-06-04,-0.02265626529119866
2010-06-07,-0.017585824837972677
2010-06-08,0.033244222878920364
2010-06-09,-0.0005623972766280313
2010-06-10,0.049752124119526016
2010-06-11,0.004074707732893562
2010-06-14,0.018154593445527816
2010-06-15,0.029997633113014864
2010-06-16,-0.00590561219275357
2010-06-17,-0.004405361192649788
2010-06-18,0.003909941981330761
2010-06-21,-0.020702726786958503
2010-06-22,-0.023233952792630748
2010-06-23,-0.012000897415696352
2010-06-24,-0.02754553983811393
2010-06-25,0.002788115148154183
2010-06-28,-0.024577635047638026
2010-06-29,-0.03648368654127309
2010-06-30,-0.003786477165503161
2010-07-01,-0.0058201689940210926
2010-07-02,-0.0101548496557431
2010-07-06,0.0004818124564299871
2010-07-07,0.05018772842330747
2010-07-08,0.004020295840326055
2010-07-09,0.0054918787667218305
2010-07-12,-0.031975167752074714
2010-07-13,0.01857267194588244
2010-07-14,0.002077310883387487
2010-07-15,-0.00806139393317036
2010-07-16,-0.03924304388044669
2010-07-19,0.03432000345725953
2010-07-20,0.03323979231301413
2010-07-21,-0.009402202460401264
2010-07-22,0.020926156441361924
2010-07-23,0.03931509745763213
2010-07-26,0.029205684884153215
2010-07-27,-0.006073085294078347
2010-07-28,-0.005794656183733099
2010-07-29,0.010914826026032201
2010-07-30,0.0018866800301435467
2010-08-02,0.030236289593998357
2010-08-03,-0.004569916455244218
2010-08-04,-0.002652434277933324
2010-08-05,-0.0021484756782973752
2010-08-06,-0.016401777660155038
2010-08-09,0.002814403776924153
2010-08-10,-0.007899008779562644
2010-08-11,-0.032788524276122125
2010-08-12,-0.00519889283091685
2010-08-13,-0.006423156522962193
2010-08-16,0.0015337176949443362
2010-08-17,0.017505513886108468
2010-08-18,-0.0018278678922910786
2010-08-19,-0.011634276838735828
2010-08-20,-0.01329652389676576
2010-08-23,-0.011819999944083733
2010-08-24,-0.02213226107706443
2010-08-25,-0.009373657520875843
2010-08-26,0.007270515088320682
2010-08-27,0.030701481754928556
2010-08-30,-0.004668180567685923
2010-08-31,0.0033500028735171943
2010-09-01,0.029048630587026756
2010-09-02,-0.012546094736445895
2010-09-03,0.014457898126142465
2010-09-07,-0.024400505508662112
2010-09-08,0.0175958740194056
2010-09-09,0.008265254288122517
2010-09-10,0.01100208133957413
2010-09-13,0.009281937312859177
2010-09-14,0.0010570571159776267
2010-09-15,-0.0049628778076341125
2010-09-16,0.0007430243677074156
2010-09-17,0.0019086882725213642
2010-09-20,0.016405861939253093
2010-09-21,0.00041621882875143027
2010-09-22,-0.006765846537111438
2010-09-23,-0.004506438645778383
2010-09-24,0.033056002390984336
2010-09-27,-0.005808438770498586
2010-09-28,-0.004715235756923435
2010-09-29,0.009578002883164917
2010-09-30,-0.0027542566616068328
2010-10-01,0.005319192545967411
2010-10-04,-0.012922335289451727
2010-10-05,0.019482186145428418
2010-10-06,0.008695743044141335
2010-10-07,-0.001102493057222022
2010-10-08,0.01886604153797195
2010-10-11,0.004727697994880604
2010-10-12,-0.004313942714959502
2010-10-13,0.016934836270936615
2010-10-14,-0.0005812626765139963
2010-10-15,0.008815342735793485
2010-10-18,0.021221917506912297
2010-10-19,-0.03827008039087882
2010-10-20,0.012434803840294053
2010-10-21,-0.004158357115403143
2010-10-22,-0.016218235049816475
2010-10-25,-0.0022702593016803393
2010-10-26,-0.006926090204106851
2010-10-27,0.001394459429005008
2010-10-28,-0.0014922600599732853
2010-10-29,0.006576260658066764
2010-11-01,-0.00019733109948552144
2010-11-02,0.0209898300730436
2010-11-03,-0.005237000758850938
2010-11-04,0.05078997827156823
2010-11-05,0.00834933338100864
2010-11-08,0.007544637969571869
2010-11-09,0.004200306541602411
2010-11-10,0.002546126701523453
2010-11-11,0.004172306058258696
2010-11-12,-0.010838858455167565
2010-11-15,-0.017167502897567237
2010-11-16,-0.02201979666387234
2010-11-17,0.005035088249353169
2010-11-18,0.022969678527228247
2010-11-19,0.008224303903496207
2010-11-22,-0.007056867145920065
2010-11-23,-0.02639826821901769
2010-11-24,0.028251249831778374
2010-11-26,-0.011709565719904835
2010-11-29,0.011475573304646611
2010-11-30,-0.007194533192096843
2010-12-01,0.03363103119933248
2010-12-02,0.028042125324620134
2010-12-03,0.006382240427675108
2010-12-06,0.011380360030280784
2010-12-07,-0.0008589448943794466
2010-12-08,-0.02338391124765615
2010-12-09,0.007834806362954017
2010-12-10,0.0037550990374488947
2010-12-13,0.016359973668044352
2010-12-14,-0.0047090063104110605
2010-12-15,-0.001978751878971839
2010-12-16,0.005602572939371204
2010-12-17,-0.001885701845373893
2010-12-20,0.005324340005382396
2010-12-21,0.009310479754253562
2010-12-22,0.0005079916896124434
2010-12-23,0.002198843507189688
2010-12-27,-0.0014342672824674623
2010-12-28,0.0012677455899934703
2010-12-29,0.009623396333962033
2010-12-30,0.0026756999532111304
2010-12-31,-0.00575361806341546
2011-01-03,0.015096530995992853
2011-01-04,0.006857795963995049
2011-01-05,0.025028743913657215
2011-01-06,-0.020254774041515985
2011-01-07,0.006455250244097243
2011-01-10,0.01274664401356587
2011-01-11,0.0031265032077154686
2011-01-12,0.008551035860439567
2011-01-13,-0.00808226202202994
2011-01-14,0.003595101522752965
2011-01-18,0.015362503103514813
2011-01-19,-0.02535139689879642
2011-01-20,-0.00016093228240600198
2011-01-21,0.011597630288874198
2011-01-24,-0.013375277714737451
2011-01-25,-0.010329505776559897
2011-01-26,-0.004403078750262869
2011-01-27,-0.04725632355790266
2011-01-28,-0.012808271768492328
2011-01-31,0.03935904972108106
2011-02-01,-0.003183656758657087
2011-02-02,0.01748169990900676
2011-02-03,-0.022633321340424353
2011-02-04,-0.01250813511043882
2011-02-07,0.007959130652244874
2011-02-08,-0.0022924433589743202
2011-02-09,-0.011489180269228176
2011-02-10,0.013774983310349974
2011-02-11,0.016815624562858435
2011-02-14,0.012110284205537402
2011-02-15,-0.015184027619853437
2011-02-16,0.009804290531694149
2011-02-17,0.0009124319330927472
2011-02-18,-0.005057052618966916
2011-02-22,-0.02449807419160834
2011-02-23,0.03297189448885949
2011-02-24,-0.003555728505546818
2011-02-25,0.02514511395916026
2011-02-28,0.008823600534449916
2011-03-01,-0.030171741486355548
2011-03-02,0.0019032138022119715
2011-03-03,0.029069181119229966
2011-03-04,-0.015969660059980975
2011-03-07,-0.013456544817349547
2011-03-08,0.0032242354830931967
2011-03-09,-0.00568594334787963
2011-03-10,-0.03919747904946246
2011-03-11,0.024840228961684436
2011-03-14,0.002525092917222807
2011-03-15,-0.010745651775223245
2011-03-16,-0.03453840038281089
2011-03-17,0.03814720370574791
2011-03-18,0.01693366163471683
2011-03-21,0.04154532564842407
2011-03-22,0.006234739794579979
2011-03-23,-0.01072441345693799
2011-03-24,0.0028908349568553906
2011-03-25,0.008407396103257346
2011-03-28,0.002461511170590416
2011-03-29,0.013386306703684042
2011-03-30,0.01946177836853428
2011-03-31,0.0037568097519316895
2011-04-01,-0.007179882125822919
2011-04-04,0.0024622029153965005
2011-04-05,0.007291052836360172
2011-04-06,-0.012648034015948542
2011-04-07,-0.006173423194003842
2011-04-08,0.010637596732245796
2011-04-11,-0.030039806066338163
2011-04-12,-0.030495179043393442
2011-04-13,-0.001143767737637727
2011-04-14,0.0012268932663940504
2011-04-15,-8.171556984064776e-05
2011-04-18,-0.01200964717815914
2011-04-19,0.009190133059968747
2011-04-20,0.016572432903098306
2011-04-21,-0.004761863986541611
2011-04-25,-0.005838229546561191
2011-04-26,0.029363601411391434
2011-04-27,0.00570541163371224
2011-04-28,0.024267453840917698
2011-04-29,0.02592290128201564
2011-05-02,-0.01821989698701472
2011-05-03,-0.013670569873303635
2011-05-04,-0.019666874139618994
2011-05-05,-0.02977650199283317
2011-05-06,0.011152439564619651
2011-05-09,0.0251186491566744
2011-05-10,0.0048693472937789755
2011-05-11,-0.03540436533092124
2011-05-12,0.0
2011-05-13,0.006725014416703374
2011-05-16,-0.01593535896831918
2011-05-17,-0.0068701436147152115
2011-05-18,0.01531746081181435
2011-05-19,-0.003568886974197335
2011-05-20,0.0012208546290246322
2011-05-23,-0.015772242902277175
2011-05-24,0.0075995277282622144
2011-05-25,0.015986117151604667
2011-05-26,-0.00016114167990158914
2011-05-27,-0.005326586617523391
2011-05-31,0.0109531403914802
2011-06-01,-0.02873183867360591
2011-06-02,-0.00313999964409923
2011-06-03,-0.009946714929050186
2011-06-06,-0.019005661116664387
2011-06-07,0.006230646903679421
2011-06-08,0.013485702799171457
2011-06-09,0.006695197347170696
2011-06-10,-0.02111561898720204
2011-06-13,-0.01358808577910729
2011-06-14,0.018510857520347337
2011-06-15,-0.018259149221806763
2011-06-16,0.007405072393634679
2011-06-17,0.0013677343099110142
2011-06-20,-0.0030729074666692967
2011-06-21,0.019691844812710222
2011-06-22,-0.006716854983108853
2011-06-23,-0.007523388599156267
2011-06-24,-0.012179384341704196
2011-06-27,0.0022409706978203953
2011-06-28,0.030540586998011578
2011-06-29,0.01085225185453731
2011-06-30,0.018994290400041573
2011-07-01,0.0028365348963945774
2011-07-05,0.006061048039279442
2011-07-06,-0.006265453619669042
2011-07-07,0.021582640342570916
2011-07-08,-0.009890533820004852
2011-07-11,-0.030848089273173677
2011-07-12,-0.0028035673323940752
2011-07-13,0.0032248620944273117
2011-07-14,-0.011704685485014101
2011-07-15,0.030192273151413464
2011-07-18,-0.005586301399688112
2011-07-19,0.023690931962090815
2011-07-20,0.0006373770643008941
2011-07-21,0.020211578930142415
2011-07-22,0.002027977579308409
2011-07-25,-0.003191398130490001
2011-07-26,-0.0025771880268173728
2011-07-27,-0.025131104322312702
2011-07-28,0.0008835976767262765
2011-07-29,-0.00730155672587309
2011-08-01,0.002748077774595542
2011-08-02,-0.03256525068520007
2011-08-03,-0.013080804093747468
2011-08-04,-0.07826064772344354
2011-08-05,-0.022715285962617928
2011-08-08,-0.07797568977409304
2011-08-09,0.038117706534102874
2011-08-10,-0.03211585213187718
2011-08-11,0.04319677789122517
2011-08-12,0.0005821203875023097
2011-08-15,0.021709274898218705
2011-08-16,-0.010244782929143983
2011-08-17,0.0052713483877682675
2011-08-18,-0.06664066437294291
2011-08-19,-0.008887315057044319
2011-08-22,-0.008966250714385742
2011-08-23,0.04263727366567226
2011-08-24,0.001994601734264294
2011-08-25,-0.014731966138693488
2011-08-26,0.013235027696031326
2011-08-29,0.029414266420356824
2011-08-30,-0.005326701694236895
2011-08-31,0.003700053316243798
2011-09-01,-0.012612721567065706
2011-09-02,-0.030657573684927893
2011-09-06,-0.031829380777055744
2011-09-07,0.04303191409305019
2011-09-08,-0.014052860164972755
2011-09-09,-0.03156233398316589
2011-09-12,-0.004941082720694084
2011-09-13,-0.012255686382845365
2011-09-14,0.009840770139420824
2011-09-15,0.036012641817288464
2011-09-16,0.003987646149505621
2011-09-19,-0.02555967210893687
2011-09-20,-0.012227199210504674
2011-09-21,-0.03353795707730288
2011-09-22,-0.08385276661034997
2011-09-23,-0.011471534832760486
2011-09-26,0.03420766513932077
2011-09-27,0.0035061843399058117
2011-09-28,-0.03831791102331552
2011-09-29,0.0037541879279660503
2011-09-30,-0.03185309121992868
2011-10-03,-0.04661033904324725
2011-10-04,0.030326746233613776
2011-10-05,0.051763130979723106
2011-10-06,0.040169332412412884
2011-10-07,-0.016119665708646112
2011-10-10,0.04408314618678327
2011-10-11,-0.018062860683602442
2011-10-12,0.010922428476990556
2011-10-13,-0.009326108988312069
2011-10-14,0.04878885925289223
2011-10-17,-0.03754326223215029
2011-10-18,0.028203799368104493
2011-10-19,-0.0011079858541762026
2011-10-20,0.01253341906211336
2011-10-21,0.0376819420245686
2011-10-24,0.02681312717309704
2011-10-25,-0.028169121776574498
2011-10-26,0.02993762081451534
2011-10-27,0.05628616857209442
2011-10-28,0.020906103284472125
2011-10-31,-0.05105254435600421
2011-11-01,-0.05520423239212417
2011-11-02,0.04493811970849253
2011-11-03,0.03294002678653585
2011-11-04,-0.0137796404034522
2011-11-07,0.01267510691089863
2011-11-08,0.031141716696682094
2011-11-09,-0.046353825383484454
2011-11-10,0.017638937458131446
2011-11-11,0.031219192841618244
2011-11-14,-0.01518479973405317
2011-11-15,0.0030059336486189425
2011-11-16,-0.008604601253804644
2011-11-17,-0.04427527424889622
2011-11-18,0.005714439024890801
2011-11-21,-0.031960216327439436
2011-11-22,-0.0308147351143341
2011-11-23,-0.04682589391865814
2011-11-25,-0.014862577374098141
2011-11-28,0.04652798730669939
2011-11-29,0.022999221189905626
2011-11-30,0.06970747502474847
2011-12-01,-0.009653857745518777
2011-12-02,-0.02041037964542147
2011-12-05,0.004561227524639869
2011-12-06,0.004849660628605344
2011-12-07,-0.0011294895191440405
2011-12-08,-0.0364963032005544
2011-12-09,0.04011952823566756
2011-12-12,-0.036315589993878
2011-12-13,-0.017138244468733712
2011-12-14,-0.05025467586476056
2011-12-15,0.005246325105633092
2011-12-16,0.006692959843310445
2011-12-19,-0.03358144956113092
2011-12-20,0.031483030921161115
2011-12-21,0.01322616552393809
2011-12-22,0.010934166052018895
2011-12-23,0.006180383974562622
2011-12-27,-0.004496974058897389
2011-12-28,-0.02468078957382325
2011-12-29,0.016493957465823033
2011-12-30,0.0066679014632339325
2012-01-03,0.059063950452667
2012-01-04,0.005107549660312022
2012-01-05,0.0077787277868976235
2012-01-06,-0.0013381571528828108
2012-01-09,0.018549345477551975
2012-01-10,-0.007587847489310182
2012-01-11,-0.01886060022524519
2012-01-12,-0.020157482954657392
2012-01-13,-0.015483305658653673
2012-01-17,0.019711766943914515
2012-01-18,0.008027746519237005
2012-01-19,0.01973176747824745
2012-01-20,-0.0037056616374083555
2012-01-23,0.016321906291820117
2012-01-24,-0.006809879997618663
2012-01-25,0.021696726855549145
2012-01-26,-0.019232439435301146
2012-01-27,0.0009190788659182077
2012-01-30,0.008775418880656246
2012-01-31,0.00020227714126540432
2012-02-01,0.005360212136500996
2012-02-02,0.0014080006800654857
2012-02-03,0.016072848760551987
2012-02-06,0.017498718119325178
2012-02-07,0.01564309314101933
2012-02-08,0.005548546151837358
2012-02-09,0.014936867939341082
2012-02-10,-0.01452949388632246
2012-02-13,0.010653133673130533
2012-02-14,0.00997700355607197
2012-02-15,0.003354476927518231
2012-02-16,-0.0005571779596873586
2012-02-17,0.017098649042666926
2012-02-21,0.004659754945280082
2012-02-22,0.001545984036815992
2012-02-23,-0.0019067524182935032
2012-02-24,0.015010845045817893
2012-02-27,-0.01380297216907598
2012-02-28,-0.003998712974857859
2012-02-29,-0.01514747072454479
2012-03-01,0.011303639085906165
2012-03-02,-0.02473686419427062
2012-03-05,0.00450959050650584
2012-03-06,-0.03385421633541129
2012-03-07,0.022456584725841427
2012-03-08,0.017703525942348884
2012-03-09,-0.00046514646178818413
2012-03-12,-0.009772134718332302
2012-03-13,0.015601221471171711
2012-03-14,-0.009901353287865627
2012-03-15,-0.00018700412259532788
2012-03-16,0.01879063431773455
2012-03-19,-0.0034871417884557525
2012-03-20,-0.02753210597535994
2012-03-21,-0.02016879956227981
2012-03-22,-0.02493239668227022
2012-03-23,0.008523305323458649
2012-03-26,-0.007075068098481149
2012-03-27,0.0033646208743542605
2012-03-28,-0.02367340167863951
2012-03-29,-0.0017173768144303186
2012-03-30,0.01649625476271802
2012-04-02,0.005276854180201301
2012-04-03,-0.01723284088407805
2012-04-04,-0.017031106509157012
2012-04-05,-0.017120854541574946
2012-04-09,-0.013456174866344813
2012-04-10,-0.01141880618616164
2012-04-11,-0.007380068434846514
2012-04-12,0.02251915248662005
2012-04-13,-0.01317129661773649
2012-04-16,-0.014736382222798982
2012-04-17,0.024710505674270144
2012-04-18,-0.023796932020822798
2012-04-19,-0.00021699342968823653
2012-04-20,-0.0069484702723048245
2012-04-23,-0.005575598706631838
2012-04-24,0.003298375912249589
2012-04-25,0.023121056668437848
2012-04-26,0.015208071167780177
2012-04-27,0.001265865304398535
2012-04-30,0.010852285482765178
2012-05-01,0.019074631517004365
2012-05-02,-0.02280839813740135
2012-05-03,-0.037471426386066126
2012-05-04,-0.03153560349234391
2012-05-07,-0.013698623714054359
2012-05-08,-0.0029601108220235002
2012-05-09,-0.004681496262205272
2012-05-10,0.008030329949094198
2012-05-11,-0.006941418191858368
2012-05-14,-0.02532685422270263
2012-05-15,-0.029864885781308092
2012-05-16,-0.004726739578961673
2012-05-17,-0.005479964036425038
2012-05-18,-0.014080900932235341
2012-05-21,0.027322408268192468
2012-05-22,-0.0010881188889147605
2012-05-23,0.0031466892360587986
2012-05-24,-0.009651575285851439
2012-05-25,0.003532497386314372
2012-05-29,0.020151005022116742
2012-05-30,-0.029747795399126233
2012-05-31,-0.0019622355594237366
2012-06-01,-0.02469902952475544
2012-06-04,0.002394030621468726
2012-06-05,0.01998466094656
2012-06-06,0.030067958259311963
2012-06-07,-0.001315831541591067
2012-06-08,-0.006108808178708666
2012-06-11,-0.013740169584516614
2012-06-12,0.017597273361263367
2012-06-13,-0.003602290843096655
2012-06-14,0.036638879446975886
2012-06-15,0.020812087612517863
2012-06-18,-0.02767686085164017
2012-06-19,0.0011717359962140528
2012-06-20,-0.014040406039091303
2012-06-21,-0.03488740207876611
2012-06-22,0.011311100873730091
2012-06-25,-0.008996424111642703
2012-06-26,0.011041436316553278
2012-06-27,0.031307103774465675
2012-06-28,0.0028238426185095426
2012-06-29,0.03120954518390716
2012-07-02,-0.006826818665680326
2012-07-03,0.033222639836001246
2012-07-05,-0.02550166280467245
2012-07-06,-0.026851698099133365
2012-07-09,-0.0014021832828579493
2012-07-10,-0.0202559460887707
2012-07-11,0.006213847241419727
2012-07-12,-0.01757707331255769
2012-07-13,0.010396507771903677
2012-07-16,-0.002512070102144028
2012-07-17,0.030706606057524923
2012-07-18,-0.0029098832766510296
2012-07-19,0.016489150032909704
2012-07-20,-0.021168904917659433
2012-07-23,-0.013634221169569116
2012-07-24,-0.014895100627950492
2012-07-25,0.010886647543958704
2012-07-26,0.01902624982039564
2012-07-27,0.02829974232032097
2012-07-30,0.00045627450616464335
2012-07-31,-0.017006996070693507
2012-08-01,0.008592397627177882
2012-08-02,-0.04927432658536284
2012-08-03,0.027488924857334954
2012-08-06,0.013788435297927759
2012-08-07,0.02336701082997073
2012-08-08,0.0034076683663584353
2012-08-09,0.0019246350335475316
2012-08-10,-0.0072318009467067755
2012-08-13,0.0011380481993117637
2012-08-14,0.0010235173271853594
2012-08-15,-0.0036346760663142313
2012-08-16,0.010258800671703653
2012-08-17,0.00485213940954979
2012-08-20,0.0
2012-08-21,-0.007523479946687187
2012-08-22,0.003507420322763766
2012-08-23,-0.012965314787694438
2012-08-24,-0.0005707414783870341
2012-08-27,-0.0008002802469259284
2012-08-28,-0.0046891011199669385
2012-08-29,-0.005630885997262051
2012-08-30,-0.016641908104041953
2012-08-31,0.00775634312408496
2012-09-04,-0.016093140270406845
2012-09-05,0.0011854326937385023
2012-09-06,0.02462415447746968
2012-09-07,0.03870586297199158
2012-09-10,-0.003559416692810159
2012-09-11,0.0023438150591280618
2012-09-12,0.008019401028068833
2012-09-13,0.021765325860586802
2012-09-14,0.0
2012-09-17,-0.004109148279484271
2012-09-18,-0.015743989299327202
2012-09-19,-0.01588491610506073
2012-09-20,-0.00044847055773270103
2012-09-21,-0.006504455462608056
2012-09-24,-0.018512215677285677
2012-09-25,-0.019206237407911646
2012-09-26,-0.0004691986739044171
2012-09-27,0.018770339984341293
2012-09-28,-0.004260488863832444
2012-10-01,-0.0006942630401443566
2012-10-02,0.001620570154211288
2012-10-03,-0.0005775161844471732
2012-10-04,0.00023113996084713097
2012-10-05,-0.007281935703268978
2012-10-08,0.006287409278538224
2012-10-09,0.006016315378412845
2012-10-10,-0.017020932673082724
2012-10-11,0.005849841947970917
2012-10-12,-0.007444259702693772
2012-10-15,0.0012887006248143704
2012-10-16,0.019311422462806625
2012-10-17,0.018831427671794264
2012-10-18,0.0018066397592493416
2012-10-19,-0.02085193786174441
2012-10-22,-0.015425231409893802
2012-10-23,-0.028060231838706585
2012-10-24,-0.010586500284175114
2012-10-25,0.006808469750529738
2012-10-26,-0.005433663359374097
2012-10-31,0.004371070895639932
2012-11-01,-0.010517789283675525
2012-11-02,-0.007696324824965575
2012-11-05,-0.003324236196430556
2012-11-06,0.02309998057691695
2012-11-07,-0.03537754061053127
2012-11-08,-0.012517482654018195
2012-11-09,-0.00418298523894186
2012-11-12,0.00012727152874351036
2012-11-13,-0.0156549205957826
2012-11-14,-0.01318829234764014
2012-11-15,-0.008778691662310555
2012-11-16,-0.004627226635890426
2012-11-19,0.023904764028846823
2012-11-20,-0.01686083390328949
2012-11-21,0.00659589948364737
2012-11-23,0.011009241580885605
2012-11-26,-0.008555490849482891
2012-11-27,0.00980591442689526
2012-11-28,0.004791018382244282
2012-11-29,-0.008118103630395897
2012-11-30,0.001558469105212708
2012-12-03,-0.00946933508674654
2012-12-04,-0.0013092472155345845
2012-12-05,0.01927596465389075
2012-12-06,-0.01749649292873294
2012-12-07,0.0018335773269299283
2012-12-10,-0.018821475187593962
2012-12-11,0.017050812019616297
2012-12-12,0.019121881950624954
2012-12-13,-0.005268632359369828
2012-12-14,-0.004909471294734336
2012-12-17,0.005712725720308124
2012-12-18,0.03485666539668629
2012-12-19,-0.0034927967917303565
2012-12-20,0.0011264500375537587
2012-12-21,0.0003750175139290594
2012-12-24,-0.016499914242353125
2012-12-26,-0.005592397136522436
2012-12-27,0.0
2012-12-28,-0.015209382955023172
2012-12-31,0.018819269542445234
2013-01-02,0.028534505735103754
2013-01-03,0.013376516151666717
2013-01-04,0.016866535205227972
2013-01-07,-0.034255235302227
2013-01-08,-0.005475841091508253
2013-01-09,-0.00387960838507088
2013-01-10,0.013944850145181561
2013-01-11,-0.001734400940440467
2013-01-14,-0.0029788947042904447
2013-01-15,0.0008712055873663539
2013-01-16,0.005348271053134467
2013-01-17,0.008182674700535835
2013-01-18,0.006148638841080888
2013-01-22,0.009288571411540462
2013-01-23,-0.00629734562003399
2013-01-24,0.014380201825486117
2013-01-25,0.010932492158553393
2013-01-28,-0.004991346392768334
2013-01-29,0.01970600922051118
2013-01-30,-0.011946600718400348
2013-01-31,-0.007112370109188452
2013-02-01,0.019102182080015382
2013-02-04,-0.020969710924082074
2013-02-05,0.01998282597356993
2013-02-06,-0.003871020678272262
2013-02-07,-0.013779589867392568
2013-02-08,0.010867342092677278
2013-02-11,-0.009923422786195507
2013-02-12,0.004414994364870968
2013-02-13,0.0017812004856127335
2013-02-14,-0.047432313953738765
2013-02-15,-0.04332153328007722
2013-02-19,0.005855846063252454
2013-02-20,-0.023544697229486412
2013-02-21,-0.004902235068894289
2013-02-22,0.003861682108191204
2013-02-25,-0.028514742774976762
2013-02-26,0.004231592138578569
2013-02-27,0.011147870989402646
2013-02-28,-0.0014790405314863754
2013-03-01,-0.007001320764022796
2013-03-04,-0.013830725311592854
2013-03-05,0.0016496370391882963
2013-03-06,0.009609028803512176
2013-03-07,0.028552228674043015
2013-03-08,0.0
2013-03-11,-0.0018511814956196728
2013-03-12,-0.0031780143604664387
2013-03-13,0.00013276188280889403
2013-03-14,0.002656815011707823
2013-03-15,0.00264943135145539
2013-03-18,0.0005287877378285067
2013-03-19,-0.013998651217843942
2013-03-20,0.0095094995966187
2013-03-21,-0.01618688779343114
2013-03-22,0.004315349375575131
2013-03-25,0.0021489609511834576
2013-03-26,-0.0030822117090256993
2013-03-27,0.020564813553728852
2013-03-28,0.01619883914469364
2013-04-01,-0.005831512505646729
2013-04-02,-0.007169970562173012
2013-04-03,-0.017201031180322145
2013-04-04,0.0020038507651066557
2013-04-05,-0.010666453962509648
2013-04-08,0.005929607319011811
2013-04-09,0.011388564764037958
2013-04-10,0.0018544179182091798
2013-04-11,0.011768002875849995
2013-04-12,-0.018688038192317288
2013-04-15,-0.032893800400815784
2013-04-16,-0.007849073502962791
2013-04-17,-0.008327542366473506
2013-04-18,-0.006035032204435881
2013-04-19,-0.027958504132980698
2013-04-22,0.005374693821105093
2013-04-23,0.018061260670746863
2013-04-24,0.0124894259463778
2013-04-25,0.015979679618784704
2013-04-26,-0.0028974940281570175
2013-04-29,0.012315233024011125
2013-04-30,0.00984131144313327
2013-05-01,-0.006226099925178112
2013-05-02,0.0051753516829054136
2013-05-03,0.01951228916878976
2013-05-06,0.010366935337188944
2013-05-07,0.008944755192591556
2013-05-08,0.013819828011883207
2013-05-09,0.04771095156485573
2013-05-10,0.022830835927186006
2013-05-13,-0.0006001600799418691
2013-05-14,-0.0030019190437994146
2013-05-15,-0.013729615637562923
2013-05-16,-0.012211868931761266
2013-05-17,0.005068789666080704
2013-05-20,0.034193847742108256
2013-05-21,0.003330881534422032
2013-05-22,-0.011735698152848655
2013-05-23,-0.018231867893584944
2013-05-24,-0.0023216686886238236
2013-05-28,0.008939912796915757
2013-05-29,0.023060939488543916
2013-05-30,0.005457285687549187
2013-05-31,-0.030914359479504314
2013-06-03,0.029708878916184577
2013-06-04,-0.0026012878880343144
2013-06-05,0.004623671228937573
2013-06-06,0.01250874255299338
2013-06-07,-0.012470650836249155
2013-06-10,0.010385499918357596
2013-06-11,-0.01413361359621476
2013-06-12,0.0005923674529548181
2013-06-13,0.007933563747915182
2013-06-14,-0.0027022795138194515
2013-06-17,0.01920149856078508
2013-06-18,0.006934592302520019
2013-06-19,-0.00631278352917952
2013-06-20,-0.018943913064838114
2013-06-21,0.0012949780535426547
2013-06-24,-0.03363154284927173
2013-06-25,0.0055975308107215115
2013-06-26,0.006413587489372252
2013-06-27,0.010700675219194291
2013-06-28,-0.0027361710998805855
2013-07-01,-0.006322112668067576
2013-07-02,-0.014045487476198616
2013-07-03,-0.0231341975219124
2013-07-05,0.024180497707226356
2013-07-08,-0.008762395395599233
2013-07-09,0.00012253577009062566
2013-07-10,-0.01387158541668903
2013-07-11,0.01693057775237502
2013-07-12,0.008813498991527821
2013-07-15,0.006795627468272789
2013-07-16,-0.011329916340782741
2013-07-17,0.005851798874523548
2013-07-18,0.015672137923994016
2013-07-19,0.016507538828602203
2013-07-22,-0.01270853933184812
2013-07-23,-0.003933368111776604
2013-07-24,-0.01268437168457068
2013-07-25,0.003150888920374841
2013-07-26,-0.008577645702711998
2013-07-29,-0.01108934074882848
2013-07-30,-0.007024276204877171
2013-07-31,-0.004095238064736596
2013-08-01,0.017819219068567864
2013-08-02,0.003917813127264788
2013-08-05,0.003780853148345314
2013-08-06,-0.0006076920481824358
2013-08-07,-0.0038901885116333266
2013-08-08,0.015132659184754198
2013-08-09,0.00024082001666690453
2013-08-12,-0.006009683460268464
2013-08-13,-0.002297479394489482
2013-08-14,-0.021452004930575037
2013-08-15,-0.005821313180039115
2013-08-16,-0.015946145990112764
2013-08-19,-0.04582847974745388
2013-08-20,0.01194100866426769
2013-08-21,0.01245564979442023
2013-08-22,0.022921592514320188
2013-08-23,0.010254393351479815
2013-08-26,-0.0008772446123805132
2013-08-27,-0.014548906035450618
2013-08-28,0.007636603590515553
2013-08-29,-0.006694437537510951
2013-08-30,0.08952184765081038
2013-09-03,-0.010387081698532766
2013-09-04,0.00872702175445978
2013-09-05,0.007716637850394395
2013-09-06,0.0037126885223322426
2013-09-09,0.0017339114708786161
2013-09-10,0.006923879140036247
2013-09-11,-0.0026361829717296468
2013-09-12,0.0019535403738200918
2013-09-13,-0.004472781120916854
2013-09-16,0.0021891819451589113
2013-09-17,0.014367561056409487
2013-09-18,0.007705198938874139
2013-09-19,-0.005172546882409034
2013-09-20,-0.007007653368406216
2013-09-23,-0.005463976181294025
2013-09-24,-0.004234747901234743
2013-09-25,-0.004253231867701067
2013-09-26,-0.0016159248855292204
2013-09-27,-0.0027748281113994006
2013-09-30,-0.0128696940189255
2013-10-01,0.015621396748061716
2013-10-02,-0.004625504657349322
2013-10-03,-0.0051122869932891
2013-10-04,0.015999078024136287
2013-10-07,-0.0020694252358582355
2013-10-08,-0.008292548020017353
2013-10-09,-0.002091176719719196
2013-10-10,0.01978628350850289
2013-10-11,0.003766020845419017
2013-10-14,0.0076183366842841
2013-10-15,0.001240786415368978
2013-10-16,0.01690529845163707
2013-10-17,0.0037687453379766705
2013-10-18,0.00984820457130118
2013-10-21,-0.018299950294508423
2013-10-22,0.0012282067457211946
2013-10-23,-0.010702364179392403
2013-10-24,0.011606836309239853
2013-10-25,0.007575332524431976
2013-10-28,-0.0009954964659989332
2013-10-29,0.005422438385164336
2013-10-30,-0.021133452814256444
2013-10-31,-0.0014614364583805065
2013-11-01,0.004954674747687515
2013-11-04,0.012438266592752205
2013-11-05,-0.013502875966089194
2013-11-06,-0.007629379930871023
2013-11-07,0.0015826731583709565
2013-11-08,0.013658938809279568
2013-11-11,-0.00011160252159761131
2013-11-12,-0.0008910844295614277
2013-11-13,0.012707211499822037
2013-11-14,0.014089762159799084
2013-11-15,0.0040159187841048724
2013-11-18,-0.005513456044123683
2013-11-19,0.011088269477531222
2013-11-20,0.001827556535981369
2013-11-21,0.008692885819003906
2013-11-22,0.0045746772082776175
2013-11-25,-0.012496810563218264
2013-11-26,0.005361991007709429
2013-11-27,-0.018134680297463124
2013-11-29,-0.0059759955245779475
2013-12-02,-0.0031695974428866775
2013-12-03,-0.0070172193095335384
2013-12-04,-0.007398806377768368
2013-12-05,-0.0005563081853387412
2013-12-06,-0.00912738603321455
2013-12-09,-0.00044951178507667157
2013-12-10,-0.012361866341776804
2013-12-11,-0.01661397699704162
2013-12-12,-0.004512780380921642
2013-12-13,0.0015110593416745102
2013-12-16,-0.00023203715893989503
2013-12-17,-0.009983739878228147
2013-12-18,0.006918024516512173
2013-12-19,0.008385029319114749
2013-12-20,-0.002078201814795593
2013-12-23,-0.005208052718481459
2013-12-24,0.0029081108854173156
2013-12-26,0.0011602894851476017
2013-12-27,0.004286299635466132
2013-12-30,-0.005998854735469203
2013-12-31,-0.0025533651096327757
2014-01-02,-0.005352494022272306
2014-01-03,0.0007019502661819991
2014-01-06,0.009001852111294291
2014-01-07,0.01842192929010799
2014-01-08,-0.014220924507152236
2014-01-09,-0.006462914673478978
2014-01-10,0.0012779599731666093
2014-01-13,-0.022157805342849012
2014-01-14,0.016609605623519312
2014-01-15,-0.014588350715170735
2014-01-16,0.017290889639487852
2014-01-17,-0.01621891995692461
2014-01-21,0.002134185675006912
2014-01-22,0.00047372645574954016
2014-01-23,-0.011120553463832308
2014-01-24,-0.013996560928272766
2014-01-27,-0.015044869416383397
2014-01-28,0.00997798843763224
2014-01-29,-0.011830967062632316
2014-01-30,0.0032091982515275795
2014-01-31,-0.01254900567602658
2014-02-03,-0.01906314289182184
2014-02-04,-0.0029211562560488968
2014-02-05,-0.0061150204005280435
2014-02-06,0.024352950644108928
2014-02-07,0.01851851375633653
2014-02-10,-0.007985697386537483
2014-02-11,0.007802212038240326
2014-02-12,-0.0012288805878978874
2014-02-13,-0.0039371425143436755
2014-02-14,0.030014866988494933
2014-02-18,-0.000839617784444169
2014-02-19,0.009001825746897719
2014-02-20,0.003449625891237899
2014-02-21,0.002370514577254681
2014-02-24,-0.0027196964536823115
2014-02-25,-0.014704234623385095
2014-02-26,-0.03935511960799967
2014-02-27,-0.002881201978760083
2014-02-28,-0.0037694903489723943
2014-03-03,0.007188813501682734
2014-03-04,0.007763831494238231
2014-03-05,-0.018265801895510515
2014-03-06,0.006454741052759175
2014-03-07,0.006665270167099229
2014-03-10,0.005621520327184639
2014-03-11,-0.011801029032524077
2014-03-12,-0.004525714253235511
2014-03-13,-0.0025255361387189895
2014-03-14,0.0030383167452036745
2014-03-17,0.001766950356651994
2014-03-18,0.008441893339943206
2014-03-19,-0.008870838941666997
2014-03-20,0.009075948952248012
2014-03-21,0.00824495638592912
2014-03-24,0.0007434236639556976
2014-03-25,0.014361756232457551
2014-03-26,-0.005736915514888481
2014-03-27,0.007611213336688034
2014-03-28,0.011452426854339413
2014-03-31,-0.0008432358098885412
2014-04-01,0.009764828234238934
2014-04-02,0.005611452865004373
2014-04-03,0.013416053135710232
2014-04-04,0.001288054225523915
2014-04-07,-0.016145941978367075
2014-04-08,0.012962228049256258
2014-04-09,-0.017961999682960732
2014-04-10,-0.01111776729209175
2014-04-11,-0.007616212648224928
2014-04-14,0.005847724085614401
2014-04-15,0.00920405659742182
2014-04-16,0.010080201243938417
2014-04-17,0.014180483464251907
2014-04-21,0.008107083417573963
2014-04-22,0.0046621236559862035
2014-04-23,0.016009137755105072
2014-04-24,0.004338957131828842
2014-04-25,-0.007730721622153963
2014-04-28,-0.005384994724057465
2014-04-29,0.011749817036101689
2014-04-30,-0.011727214072750208
2014-05-01,0.002765342379910687
2014-05-02,-0.0009194349671323482
2014-05-05,0.0
2014-05-06,-0.006209865092987154
2014-05-07,0.015505665319528336
2014-05-08,0.0030762204539824273
2014-05-09,0.009769489398113793
2014-05-12,0.012937650040410345
2014-05-13,-0.00022234250919097253
2014-05-14,-0.0016663462811205049
2014-05-15,-0.010570077595452986
2014-05-16,-0.0015750787741024787
2014-05-19,0.006195543331008725
2014-05-20,0.004477490229037979
2014-05-21,0.006241046742938388
2014-05-22,0.0005537497539047585
2014-05-23,-0.0017713587429579161
2014-05-27,0.001996158559293862
2014-05-28,0.015493437478598502
2014-05-29,0.014167518970268375
2014-05-30,0.0017193647125191814
2014-06-02,-0.006222150318789997
2014-06-03,-0.006907977319202257
2014-06-04,0.005434683349317806
2014-06-05,0.007242741723874431
2014-06-06,0.012236001055231517
2014-06-09,0.0036055365502047254
2014-06-10,0.004225715423536557
2014-06-11,0.003787550107860778
2014-06-12,0.009432824601672506
2014-06-13,0.014017442363298634
2014-06-16,0.005529174199201342
2014-06-17,-0.0020366860141926373
2014-06-18,0.01632621782766574
2014-06-19,0.0042173241727212225
2014-06-20,0.0066987095700943465
2014-06-23,0.009037495257039703
2014-06-24,-0.027066595096011805
2014-06-25,0.0053614512402087285
2014-06-26,0.003119425822759128
2014-06-27,0.0007022523874320152
2014-06-30,0.008620972084388206
2014-07-01,-0.0010939939791638135
2014-07-02,-0.006566259785399838
2014-07-03,0.0018028399089447845
2014-07-07,-0.009797194699950478
2014-07-08,-0.005956461817202357
2014-07-09,0.012086075986775118
2014-07-10,-0.00431503930357287
2014-07-11,-0.01834309041715793
2014-07-14,0.01180705166417419
2014-07-15,-0.006189823899983075
2014-07-16,0.019706332452970206
2014-07-17,-0.009612634457469522
2014-07-18,-0.0008110635280269062
2014-07-21,-0.00020287863741855439
2014-07-22,0.04626602672444507
2014-07-23,0.0034910399515262177
2014-07-24,-0.008503768012831599
2014-07-25,-0.007310207865453369
2014-07-28,-0.005694686765136163
2014-07-29,0.0004936737704425041
2014-07-30,-0.00029583620377496273
2014-07-31,0.013525420435204655
2014-08-01,-0.022793635131411496
2014-08-04,0.019636892101510317
2014-08-05,-0.028448270263762735
2014-08-06,0.0057357538597848454
2014-08-07,-0.013806951951377771
2014-08-08,0.018362326562388707
2014-08-11,-0.005080586596344987
2014-08-12,-0.014018477367046827
2014-08-13,0.0013207555394205987
2014-08-14,-0.00669384294556867
2014-08-15,0.007555561167030503
2014-08-18,-0.0018244716778656384
2014-08-19,0.00781795267623672
2014-08-20,0.010778200354736788
2014-08-21,0.007873297185471693
2014-08-22,-0.012953733346268271
2014-08-25,0.016128906759502487
2014-08-26,0.0011830691142286378
2014-08-27,-0.0001969451859380936
2014-08-28,-0.0015757711917822753
2014-08-29,0.0045380845137840764
2014-09-02,-0.0164000498987523
2014-09-03,0.0019969871736529926
2014-09-04,-0.015942631698141488
2014-09-05,0.007796436464677258
2014-09-08,-0.01607517396084265
2014-09-09,-0.008373546147746129
2014-09-10,0.001750414819792937
2014-09-11,0.003597980113777231
2014-09-12,-0.014237426805947032
2014-09-15,0.009144237111970155
2014-09-16,0.00720728513176632
2014-09-17,-0.00327127809060663
2014-09-18,-0.005025532252982606
2014-09-19,-0.00515436549305686
2014-09-22,-0.020619661468370985
2014-09-23,0.005713121712846653
2014-09-24,-0.0022090528594484204
2014-09-25,-0.016236196792303044
2014-09-26,0.014039451354446121
2014-09-29,0.0006336761902786922
2014-09-30,-0.00855466202905509
2014-10-01,-0.030041531649974022
2014-10-02,-0.025370891504469913
2014-10-03,-0.020171234320200165
2014-10-06,-0.008741027576725525
2014-10-07,-0.022972253376687544
2014-10-08,0.014487733069256945
2014-10-09,-0.041554560098341756
2014-10-10,-0.024059517869807936
2014-10-13,-0.04980630253559742
2014-10-14,-0.0201499845487758
2014-10-15,-0.023252704178955266
2014-10-16,0.007706123546470644
2014-10-17,-0.005189211759375704
2014-10-20,0.004545587495404857
2014-10-21,0.035650354297800634
2014-10-22,-0.021977803417046454
2014-10-23,0.029917411067272692
2014-10-24,-0.0035493949148119115
2014-10-27,-0.03640628660847285
2014-10-28,0.029979211271949215
2014-10-29,0.015284662938922396
2014-10-30,-0.007593141068330003
2014-10-31,0.018335739864625226
2014-11-03,-0.010362769490416143
2014-11-04,-0.028665083308277453
2014-11-05,0.018192260859331923
2014-11-06,-0.0015883347434342023
2014-11-07,0.014315526546962344
2014-11-10,-0.018556777595709183
2014-11-11,0.0041275180117828734
2014-11-12,-0.022676034481850488
2014-11-13,-0.022116760859854423
2014-11-14,0.017760699439355588
2014-11-17,-0.01717813260521161
2014-11-18,-0.00027739421511211473
2014-11-19,-0.000277188554847122
2014-11-20,0.030395300043862074
2014-11-21,0.019665945947577323
2014-11-24,0.0014528106946025362
2014-11-25,-0.0323174896340926
2014-11-26,-0.015266818430607216
2014-11-28,-0.11281837170169987
2014-12-01,-0.004368911365112782
2014-12-02,-0.01097004666437577
2014-12-03,0.01885592168991378
2014-12-04,-0.016329792819851963
2014-12-05,-0.02545458878367279
2014-12-08,-0.06829962444091595
2014-12-09,0.024551336292932387
2014-12-10,-0.0180148174355067
2014-12-11,-0.012806998108421643
2014-12-12,-0.010519232020803312
2014-12-15,-0.021970116923734313
2014-12-16,0.027355177265891872
2014-12-17,0.06154112499380415
2014-12-18,0.032392081097358784
2014-12-19,0.042960402216378604
2014-12-22,-0.01666135599888633
2014-12-23,0.02651383573012473
2014-12-24,-0.021091089141891367
2014-12-26,-0.0014054027667122838
2014-12-29,-0.005002861416670355
2014-12-30,-0.010527970873883515
2014-12-31,-0.004764429774596927
2015-01-02,0.018509554853310996
2015-01-05,-0.061412966040941444
2015-01-06,-0.010849485205556533
2015-01-07,-0.011137771674005028
2015-01-08,0.03873758932548602
2015-01-09,-0.002957147298194022
2015-01-12,-0.03674439069969754
2015-01-13,0.0
2015-01-14,0.018303257921374144
2015-01-15,0.007895201015956352
2015-01-16,0.03750016019434821
2015-01-20,-0.029677667087600376
2015-01-21,0.035904626510091076
2015-01-22,0.02310647905278744
2015-01-23,-0.013801933543423512
2015-01-26,0.025286425130931267
2015-01-27,0.001861004312973472
2015-01-28,-0.053723214128667665
2015-01-29,0.0017998651221406395
2015-01-30,0.021884445205764828
2015-02-02,0.058494609013118884
2015-02-03,0.027631114335252067
2015-02-04,-0.011020138979451161
2015-02-05,0.015748640230607725
2015-02-06,-0.0005853695157122496
2015-02-09,-0.016244592774769136
2015-02-10,-0.014430388418929518
2015-02-11,-0.022641674678865777
2015-02-12,-0.002625283953410061
2015-02-13,0.038247314892528556
2015-02-17,-0.003877728702711248
2015-02-18,-0.015571447946160203
2015-02-19,0.013383973881708032
2015-02-20,-0.0061532453979300916
2015-02-23,0.0
2015-02-24,0.010419977608015895
2015-02-25,0.013749851620306256
2015-02-26,-0.030812326186652646
2015-02-27,0.0015210055378025618
2015-03-02,-0.0007593092804510406
2015-03-03,0.014135950645706746
2015-03-04,-0.002847804777558724
2015-03-05,-0.01653391608300981
2015-03-06,-0.03515213170265141
2015-03-09,-0.0272452220216418
2015-03-10,-0.02051778138620292
2015-03-11,0.016791133500375897
2015-03-12,-0.016187197570170602
2015-03-13,-0.013461522737929856
2015-03-16,0.00791745376259122
2015-03-17,-0.012368272971920443
2015-03-18,0.04078518874181365
2015-03-19,-0.026341053082986107
2015-03-20,-0.0055112397341852545
2015-03-23,-0.014609648805290703
2015-03-24,0.005964659930112959
2015-03-25,0.013552143545786374
2015-03-26,-0.00033425015474858164
2015-03-27,-0.006687662299723106
2015-03-30,0.023901747570760027
2015-03-31,-0.008219631515646723
2015-04-01,0.004972534583658992
2015-04-02,0.013359555439929933
2015-04-06,0.05533864388574074
2015-04-07,0.009253646211317792
2015-04-08,-0.0029033530119507065
2015-04-09,0.018697483841495905
2015-04-10,0.020610260195636207
2015-04-13,-0.004863909008664635
2015-04-14,0.03406863054444178
2015-04-15,0.0227764034887672
2015-04-16,-0.008263228816454856
2015-04-17,-0.006073002956280653
2015-04-20,0.007700260163206255
2015-04-21,-0.032545577911382594
2015-04-22,-0.008337111797041281
2015-04-23,0.00811210022214374
2015-04-24,-0.02970002440761621
2015-04-27,0.0060314155754988075
2015-04-28,0.0010491640659754601
2015-04-29,0.026501026423694687
2015-04-30,-0.002333919257981448
2015-05-01,0.0011699112481122122
2015-05-04,0.0010218303885538465
2015-05-05,-0.008898455032571417
2015-05-06,-0.008831212419591231
2015-05-07,-0.033561032134499895
2015-05-08,0.007067868811110787
2015-05-11,-0.03677116953393344
2015-05-12,0.008078479725107699
2015-05-13,-0.01477070153526354
2015-05-14,-0.0011164312631060374
2015-05-15,0.012613852813503494
2015-05-18,0.005676165777509601
2015-05-19,-0.025242638900796612
2015-05-20,-0.009007670286214986
2015-05-21,0.009089545918903883
2015-05-22,0.005790372281650224
2015-05-26,-0.017911302303800787
2015-05-27,-0.010421895898066075
2015-05-28,-0.01612626776513657
2015-05-29,0.0008361302250003445
2015-06-01,-0.01620975652807695
2015-06-02,0.012400318938191303
2015-06-03,-0.010906208792107994
2015-06-04,-0.011874596049322726
2015-06-05,0.01888448434274946
2015-06-08,-0.019208197259587154
2015-06-09,0.00618454951346833
2015-06-10,0.006658732906203416
2015-06-11,-0.01373801243256096
2015-06-12,0.0005158094062082073
2015-06-15,-0.00360975990266956
2015-06-16,0.01863063961877386
2015-06-17,-0.023370221385655983
2015-06-18,-0.00762934192675674
2015-06-19,-0.012056713852266311
2015-06-22,0.01750945129949502
2015-06-23,0.02294451690797491
2015-06-24,-0.002378594266074683
2015-06-25,-0.015500394034774052
2015-06-26,0.011764873553883837
2015-06-29,-0.021716407778745003
2015-06-30,0.007341131200094698
2015-07-01,-0.026895564290069545
2015-07-02,0.01248193702662844
2015-07-06,-0.0225433645373224
2015-07-07,0.003604045775633831
2015-07-08,-0.0402155660022988
2015-07-09,0.00692095004694573
2015-07-10,-0.01653353372045677
2015-07-13,0.006044612849415548
2015-07-14,0.021216771074935307
2015-07-15,-0.016731256978132335
2015-07-16,-0.015145915372212033
2015-07-17,-0.0385416179908924
2015-07-20,-0.035126229319724527
2015-07-21,-0.02241843237705448
2015-07-22,-0.004418048049512779
2015-07-23,0.0006334950883673043
2015-07-24,-0.04794086194461293
2015-07-27,-0.012644311838958854
2015-07-28,0.04403519136596067
2015-07-29,0.006886619621752658
2015-07-30,-0.006625639085542077
2015-07-31,-0.013339337374953518
2015-08-03,-0.012864920961662711
2015-08-04,0.0017668193874018946
2015-08-05,-0.02006585305296976
2015-08-06,0.048604708111482126
2015-08-07,-0.010514514396120918
2015-08-10,0.050747887658656676
2015-08-11,-0.01568607831746295
2015-08-12,0.03187242131596493
2015-08-13,-0.02662083165228012
2015-08-14,-0.018789226242050816
2015-08-17,0.018085472335148536
2015-08-18,0.004597537827533583
2015-08-19,-0.04701481006218433
2015-08-20,-0.027286772654980026
2015-08-21,-0.02984742460245134
2015-08-24,-0.0633814236695376
2015-08-25,-0.039269508644899524
2015-08-26,0.016195433450765927
2015-08-27,0.08246927062018002
2015-08-28,0.0483757121074903
2015-08-31,0.008471028937544239
2015-09-01,-0.04663982833427152
2015-09-02,0.002086279363918572
2015-09-03,0.0
2015-09-04,-0.016658744846210993
2015-09-08,0.017412015501170067
2015-09-09,-0.04509759157125535
2015-09-10,-0.010898690409414295
2015-09-11,-0.015671086348834636
2015-09-14,0.0009950752873999975
2015-09-15,0.0047219245816765235
2015-09-16,0.06455614864708545
2015-09-17,-0.02439566135256511
2015-09-18,-0.05572803434421752
2015-09-21,-0.00781844124548164
2015-09-22,-0.01804782154035697
2015-09-23,-0.035205625860001796
2015-09-24,0.016367184295404597
2015-09-25,0.008447623130227242
2015-09-28,-0.052356156033998735
2015-09-29,0.025414328261090326
2015-09-30,0.054957099619137445
2015-10-01,0.014300191593403597
2015-10-02,0.07275910878378207
2015-10-05,0.032152215327987316
2015-10-06,0.04865890933323545
2015-10-07,-0.004119798771769385
2015-10-08,0.026562042881343166
2015-10-09,-0.014422303150792537
2015-10-12,-0.032709197695882104
2015-10-13,-0.008008576014234286
2015-10-14,0.024668782566584644
2015-10-15,0.023199430129189503
2015-10-16,-0.004919243556717111
2015-10-19,-0.02558023967482385
2015-10-20,0.018633381199700375
2015-10-21,-0.01829263843336025
2015-10-22,0.01974254888210905
2015-10-23,0.011311755448413403
2015-10-26,-0.023875961053447217
2015-10-27,-0.02732486441987355
2015-10-28,0.04327134808704938
2015-10-29,0.011509198746863984
2015-10-30,0.01180792395034741
2015-11-02,0.017185997336769423
2015-11-03,0.040259227870407345
2015-11-04,-0.009625371461097532
2015-11-05,-0.0024295780316894175
2015-11-06,-0.032474082134270964
2015-11-09,0.13152942650164967
2015-11-10,-0.011680030796651976
2015-11-11,-0.07334450822412673
2015-11-12,-0.010121193125424437
2015-11-13,0.0014314039346017356
2015-11-16,0.031039412635601858
2015-11-17,-0.015448494568155027
2015-11-18,0.007845145821681915
2015-11-19,-0.011177253668386414
2015-11-20,-0.008881981589545907
2015-11-23,-0.005091669194387909
2015-11-24,0.04217003335342313
2015-11-25,-0.010999809228582078
2015-11-27,-0.01847076610089626
2015-11-30,-0.004856104988287545
2015-12-01,-0.0006102421637370941
2015-12-02,-0.03723244266265085
2015-12-03,-0.032967208338040815
2015-12-04,0.0006554130594084889
2015-12-07,-0.03428720465113841
2015-12-08,0.014699582222161904
2015-12-09,0.0017826583477429877
2015-12-10,0.027585817871585944
2015-12-11,-0.0707945026428852
2015-12-14,0.013281052276861683
2015-12-15,0.040929248952542276
2015-12-16,-0.0103824821492054
2015-12-17,-0.041294727079583426
2015-12-18,-0.00605350813069001
2015-12-21,-0.00374820321716383
2015-12-22,0.005878226901275209
2015-12-23,0.0684902088873572
2015-12-24,0.001968499844911709
2015-12-28,-0.019213804141910845
2015-12-29,0.011799169627035797
2015-12-30,-0.014081585674597446
2015-12-31,-0.007587839055713759
2016-01-04,-0.00089912199809087
2016-01-05,-0.020256611511036735
2016-01-06,-0.11486344350155037
2016-01-07,-0.051388673730579856
2016-01-08,0.0027361804551853815
2016-01-11,-0.04338330813442571
2016-01-12,0.010268126862091156
2016-01-13,0.0050816702295989275
2016-01-14,0.040168894553078316
2016-01-15,-0.0459089930242981
2016-01-19,-0.024058738875676746
2016-01-20,0.011101236029085682
2016-01-21,0.07598994662813176
2016-01-22,0.05746481671092908
2016-01-25,-0.04951771346730339
2016-01-26,0.016030008281618262
2016-01-27,0.01577710121842695
2016-01-28,0.05099666346879076
2016-01-29,0.04778339571710068
2016-02-01,-0.040432659191136734
2016-02-02,-0.05561030170330388
2016-02-03,0.06977997493744019
2016-02-04,-0.012124533408440245
2016-02-05,-0.04148204586084708
2016-02-08,-0.03764435670301734
2016-02-09,-0.053219964226069366
2016-02-10,-0.007026224516985002
2016-02-11,-0.02688914046543472
2016-02-12,0.06253611633939839
2016-02-16,0.02573211443094576
2016-02-17,0.06912231308637212
2016-02-18,-0.0314530412602459
2016-02-19,-0.037886477612614475
2016-02-22,0.061076929962186347
2016-02-23,-0.043675706923482216
2016-02-24,0.01900735494815571
2016-02-25,-0.02098456077316461
2016-02-26,0.044456432157826506
2016-02-29,-0.03014971175025727
2016-03-01,0.00888181686302044
2016-03-02,0.08674245253462963
2016-03-03,0.07433933185795275
2016-03-04,0.06542412748615836
2016-03-07,0.0620320123885852
2016-03-08,-0.09506087156899819
2016-03-09,0.0012997670054462893
2016-03-10,0.00043247847863801174
2016-03-11,0.058810969663054144
2016-03-14,-0.015928502812185545
2016-03-15,-0.0053949958052658415
2016-03-16,0.02753978411933392
2016-03-17,0.024771674433857336
2016-03-18,-0.01664304907458552
2016-03-21,0.005036983328066364
2016-03-22,0.00781835707400664
2016-03-23,-0.04794087204547879
2016-03-24,0.02068538907280904
2016-03-28,-0.009007381021516792
2016-03-29,0.0030989091052299935
2016-03-30,0.0016473184453043655
2016-03-31,0.0034955091715138
2016-04-01,-0.02683921160000289
2016-04-04,-0.014315828950495869
2016-04-05,0.010893102950612596
2016-04-06,0.05134142396247814
2016-04-07,-0.011454892929288092
2016-04-08,0.029883919837184168
2016-04-11,-0.014014895555197299
2016-04-12,0.0668669440957006
2016-04-13,-0.015575248941625425
2016-04-14,0.009721979310757332
2016-04-15,-0.01736884347710922
2016-04-18,0.02670531466953258
2016-04-19,0.029565990201651838
2016-04-20,-0.0016434923684942161
2016-04-21,0.0018288677289537401
2016-04-22,0.025922079843665277
2016-04-25,-0.03185064972754042
2016-04-26,0.027017234098464654
2016-04-27,0.02970650196113185
2016-04-28,-0.03667006603559743
2016-04-29,-0.018582076783317556
2016-05-02,-0.0029412125438072504
2016-05-03,-0.03890119148207993
2016-05-04,-0.0268559359346149
2016-05-05,0.08062298485404241
2016-05-06,-0.017876838508742242
2016-05-09,-0.031946490986179556
2016-05-10,0.01861109267284296
2016-05-11,0.01732904225082799
2016-05-12,0.0053690869834367595
2016-05-13,-0.02357258339993605
2016-05-16,0.03357192834095931
2016-05-17,0.005839489788694128
2016-05-18,0.02703192221652455
2016-05-19,0.006536215331657905
2016-05-20,0.0022814544373954866
2016-05-23,0.008579833829380533
2016-05-24,0.01128474464144521
2016-05-25,-0.0058366641883052395
2016-05-26,0.0020718221435080775
2016-05-27,0.0044804334165879
2016-05-31,-0.019729093475087767
2016-06-01,-0.016975685854451417
2016-06-02,-0.00587479889187609
2016-06-03,-0.022564548373143884
2016-06-06,0.01905456305116411
2016-06-07,0.04656601745603647
2016-06-08,-0.02078677729174591
2016-06-09,-0.02052640683181748
2016-06-10,-0.04137562163818759
2016-06-13,0.0059791477821339945
2016-06-14,0.017087374042062415
2016-06-15,-0.004200052690191691
2016-06-16,-0.028057725119127734
2016-06-17,0.01641486587487312
2016-06-20,0.026916955418566094
2016-06-21,0.02368050596555597
2016-06-22,-0.0035318709263461477
2016-06-23,0.030657578839429506
2016-06-24,-0.056740148226453443
2016-06-27,-0.05213287306112072
2016-06-28,0.04192305637890254
2016-06-29,0.030085177588923994
2016-06-30,-0.0025085197307160257
2016-07-01,0.017962729015206867
2016-07-05,-0.03529178754966065
2016-07-06,0.01152350168216239
2016-07-07,-0.007233274025741425
2016-07-08,0.0049179929403440166
2016-07-11,-0.0010871804794845747
2016-07-12,0.04409352825351342
2016-07-13,-0.01737938460399385
2016-07-14,0.006013451025435271
2016-07-15,0.00421937482002924
2016-07-18,-0.013830563932602683
2016-07-19,-0.02165776459090387
2016-07-20,-0.004739529879960727
2016-07-21,-0.021977980389868836
2016-07-22,0.004681623526673802
2016-07-25,-0.031314269637399
2016-07-26,0.015008898288758583
2016-07-27,-0.0187678199856181
2016-07-28,0.0015456364831423347
2016-07-29,0.012731608680624165
2016-08-01,-0.05009550653982941
2016-08-02,0.001403748934042643
2016-08-03,0.0358430986289853
2016-08-04,-0.02996322788137663
2016-08-05,-0.0107613751343211
2016-08-08,0.020749419208537834
2016-08-09,-0.008683629097289211
2016-08-10,-0.02886762872832849
2016-08-11,0.016605655643666714
2016-08-12,-0.011695598936377711
2016-08-15,0.017751207834218328
2016-08-16,0.021852523405174927
2016-08-17,0.012948438100566274
2016-08-18,0.0381563650639975
2016-08-19,-0.0020522133071869965
2016-08-22,-0.006356566887299292
2016-08-23,0.004515551122264688
2016-08-24,-0.012174281482502639
2016-08-25,-0.004361190655143171
2016-08-26,-0.0030467454971541347
2016-08-29,0.009168921414481073
2016-08-30,-0.0075716571838967
2016-08-31,-0.05206945033141853
2016-09-01,0.0018110499288498422
2016-09-02,0.03012637139494692
2016-09-06,0.007408786563599575
2016-09-07,0.06696367487817657
2016-09-08,0.07110450407534187
2016-09-09,0.005927349600231755
2016-09-12,0.00841746337900675
2016-09-13,-0.03990012730081292
2016-09-14,-0.013214893503988388
2016-09-15,0.03436112410074593
2016-09-16,-0.0023849259604324397
2016-09-19,-0.012124358330141489
2016-09-20,-0.00622311501035003
2016-09-21,0.05914098855941929
2016-09-22,0.0018063523390590241
2016-09-23,-0.016065501816766126
2016-09-26,-0.0013328428209446166
2016-09-27,-0.005839257050758633
2016-09-28,0.0689711855603415
2016-09-29,0.0006280762762027985
2016-09-30,0.0020398894563310207
2016-10-03,0.0012525003789853545
2016-10-04,-0.0025021749011331644
2016-10-05,0.01348196265736052
2016-10-06,-0.008662256102702378
2016-10-07,-0.011858296143817969
2016-10-10,0.01310600228242571
2016-10-11,-0.020106396960840503
2016-10-12,-0.002544768208075161
2016-10-13,-0.010205434571804974
2016-10-14,-0.004833242933451975
2016-10-17,0.0012946837124726905
2016-10-18,0.015845036111600538
2016-10-19,0.027804636259420045
2016-10-20,-0.013059928203574005
2016-10-21,-0.02032120294864208
2016-10-24,-0.00980903478867596
2016-10-25,-0.01640137545907522
2016-10-26,0.018326018475527485
2016-10-27,0.0003245417863240713
2016-10-28,-0.015883489414951654
2016-10-31,-0.020421558360729404
2016-11-01,0.0008406638080472222
2016-11-02,-0.0011760560035448783
2016-11-03,-0.0662632858697881
2016-11-04,0.011167344768611998
2016-11-07,0.023334835255019146
2016-11-08,-0.009051441481953583
2016-11-09,0.01914612515042843
2016-11-10,0.005170824801580799
2016-11-11,-0.010288197758447875
2016-11-14,0.02096348170757384
2016-11-15,0.07568292810701002
2016-11-16,-0.014828999244507762
2016-11-17,-0.01681341419683289
2016-11-18,0.011075083333080602
2016-11-21,0.01916872154925952
2016-11-22,-0.012644050458167046
2016-11-23,0.018888870149852587
2016-11-25,-0.012725696847654252
2016-11-28,-0.023711175401795112
2016-11-29,-0.009942781878225683
2016-11-30,0.08577528881244324
2016-12-01,-0.01228203777980857
2016-12-02,-0.00046024025925714456
2016-12-05,0.01996607345002487
2016-12-06,-0.0009037629018463165
2016-12-07,0.000602955144908275
2016-12-08,0.0016568322315464194
2016-12-09,0.0009021715341779539
2016-12-12,0.0034558328148479775
2016-12-13,0.008384145502643367
2016-12-14,-0.023904894970164174
2016-12-15,0.01521158701761105
2016-12-16,-0.005244292623672058
2016-12-19,0.004669348411808172
2016-12-20,0.0007496655010754218
2016-12-21,-0.0016480433147099815
2016-12-22,0.0015007545687200216
2016-12-23,-0.005094434713347736
2016-12-27,-0.0009037515652923975
2016-12-28,-0.02637898031443193
2016-12-29,-0.011147105328264453
2016-12-30,-0.006263132588245124
2017-01-03,0.004884321346236101
2017-01-04,-0.002978827666010809
2017-01-05,-0.005346792479350765
2017-01-06,-0.0020555701208797954
2017-01-09,-0.012040600470342142
2017-01-10,0.0081782258214707
2017-01-11,0.01431548088332047
2017-01-12,-0.011760956829232944
2017-01-13,-0.00380827050042102
2017-01-17,0.005097157192528093
2017-01-18,0.0009548988149733664
2017-01-19,-0.010968299998456055
2017-01-20,-0.006589354833294398
2017-01-23,-0.016825989721947397
2017-01-24,0.0031266756215200483
2017-01-25,0.007709815891434852
2017-01-26,0.01823217786676678
2017-01-27,-0.007513991877828457
2017-01-30,-0.03431064302392374
2017-01-31,-0.0021684332170360332
2017-02-01,-0.03410224586929779
2017-02-02,0.02267205191818119
2017-02-03,0.009308132233827008
2017-02-06,-0.02967798504815129
2017-02-07,-0.014515471026621537
2017-02-08,-0.0017535419810651015
2017-02-09,-0.00017558506779315463
2017-02-10,0.008081247051273499
2017-02-13,-0.0034854376331654086
2017-02-14,-0.029380846790559963
2017-02-15,0.0016218618749187618
2017-02-16,-0.006116254134134739
2017-02-17,0.003438706307890411
2017-02-21,0.008117117363785238
2017-02-22,-0.017534339121464827
2017-02-23,-0.035148959031666295
2017-02-24,0.00811666596035959
2017-02-27,-0.008987192629083745
2017-02-28,-0.006423720247033959
2017-03-01,0.0068452161633043695
2017-03-02,-0.01945221028696034
2017-03-03,0.0032744822116893713
2017-03-06,0.0019198408131602001
2017-03-07,-0.017436242650145033
2017-03-08,-0.03646673653594272
2017-03-09,0.024691704376411428
2017-03-10,-0.007900326950968923
2017-03-13,-0.0013938170648140483
2017-03-14,0.003389180699866301
2017-03-15,0.014703175534468295
2017-03-16,0.00019582799401792787
2017-03-17,0.002740195157087036
2017-03-20,-0.005661526264080678
2017-03-21,-0.01237021755934931
2017-03-22,0.004771723836786182
2017-03-23,-0.00890370774553523
2017-03-24,0.0029946952393573485
2017-03-27,-0.010350509602783893
2017-03-28,0.030168534908306177
2017-03-29,0.03826666501492759
2017-03-30,-0.020496514176416816
2017-03-31,-0.013438323485821486
2017-04-03,-0.006810448500316559
2017-04-04,0.01665354003914655
2017-04-05,-0.0036616530263946035
2017-04-06,0.02437120574724971
2017-04-07,-0.006042126784390448
2017-04-10,0.025645892358629508
2017-04-11,-0.002222661583456079
2017-04-12,-0.0011136251965787216
2017-04-13,-0.026761064945817713
2017-04-17,0.0024824772207364576
2017-04-18,-0.03904774911607131
2017-04-19,-0.02011961029520036
2017-04-20,-0.003456067979210276
2017-04-21,0.0
2017-04-24,-0.005711330987017189
2017-04-25,0.03098033873930896
2017-04-26,-0.004776094014128408
2017-04-27,-0.0337930608518076
2017-04-28,0.006622379435093053
2017-05-01,0.003083665251127555
2017-05-02,-0.0065586870999181455
2017-05-03,0.00680829957840787
2017-05-04,-0.018442627029613537
2017-05-05,0.02901894326490589
2017-05-08,0.01947656215744322
2017-05-09,0.00398017499586818
2017-05-10,0.015064146470767236
2017-05-11,-0.002733352851185482
2017-05-12,0.007440535627270248
2017-05-15,-0.009329584659132315
2017-05-16,0.0
2017-05-17,-0.015302943997481415
2017-05-18,-0.0053794317631679816
2017-05-19,0.024839800419999447
2017-05-22,-0.022283383471444537
2017-05-23,-0.00039974087237304126
2017-05-24,-0.0025999861098362272
2017-05-25,-0.04331257557248102
2017-05-26,0.010060627826500869
2017-05-30,-0.0130729816345344
2017-05-31,-0.01682117357718405
2017-06-01,0.011548375799003191
2017-06-02,-0.006553774206111619
2017-06-05,-0.005533062409582842
2017-06-06,0.02803323176146898
2017-06-07,-0.026227904234428633
2017-06-08,0.004702734774666466
2017-06-09,0.028510381765590422
2017-06-12,0.0016550361354077364
2017-06-13,0.016522513648814963
2017-06-14,-0.03047563978526719
2017-06-15,0.0016761315669138203
2017-06-16,0.0364019967344268
2017-06-19,0.005651771837823854
2017-06-20,-0.0421515285010486
2017-06-21,-0.043168860612190545
2017-06-22,-0.000656814205396811
2017-06-23,0.00986209437816875
2017-06-26,0.0028213761852831226
2017-06-27,0.0
2017-06-28,0.020125296751592168
2017-06-29,0.006576017872328325
2017-06-30,0.0101160633882927
2017-07-03,0.02920920797175757
2017-07-05,-0.034056075645993875
2017-07-06,-0.03945454119225089
2017-07-07,-0.01441963545779573
2017-07-10,0.04433581440196929
2017-07-11,0.001910308884472395
2017-07-12,0.008051113069340102
2017-07-13,0.013871296651949921
2017-07-14,0.006633059727841585
2017-07-17,0.0024716571544588194
2017-07-18,-0.019515391586855703
2017-07-19,0.050126377998424856
2017-07-20,-0.010228884182946499
2017-07-21,-0.019047316030199556
2017-07-24,-0.009295662732629838
2017-07-25,0.018765362753126243
2017-07-26,0.0
2017-07-27,0.02783503737702947
2017-07-28,-0.004181802037383881
2017-07-31,-0.010597766548305087
2017-08-01,-0.016572262757758017
2017-08-02,-0.015413570264371066
2017-08-03,-0.08035850780403886
2017-08-04,0.02632730291941509
2017-08-07,-0.018354526467298533
2017-08-08,-0.006082775771856455
2017-08-09,-0.012239128725586622
2017-08-10,-0.022257842653819956
2017-08-11,-0.005163362091495561
2017-08-14,-0.019344087862210858
2017-08-15,-0.0007214934263092903
2017-08-16,-0.02190699482808371
2017-08-17,-0.01821272473910519
2017-08-18,0.010528857284163301
2017-08-21,-0.019598194994243773
2017-08-22,0.009362528163775906
2017-08-23,0.008773906436412432
2017-08-24,-0.005218340623150119
2017-08-25,0.0007494308965755793
2017-08-28,-0.01772377147143634
2017-08-29,-0.01219804987619504
2017-08-30,-0.012863749198932673
2017-08-31,0.012249590642582703
2017-09-01,0.016477788446193187
2017-09-05,-0.0015198040768856027
2017-09-06,0.01801140592258643
2017-09-07,0.01495114743365864
2017-09-08,-0.035109153564648776
2017-09-11,0.011704685709789883
2017-09-12,0.019114838733509183
2017-09-13,0.0449160741057455
2017-09-14,-0.0028342873574169975
2017-09-15,0.007105686792274923
2017-09-18,-0.005174064073540634
2017-09-19,-0.013002721154477627
2017-09-20,0.031138338484753454
2017-09-21,0.007200655929332727
2017-09-22,0.004843296494582267
2017-09-25,0.03419806312620262
2017-09-26,0.019973073170020405
2017-09-27,0.006527775923597933
2017-09-28,-0.009943979931363927
2017-09-29,0.0
2017-10-02,-0.001746849263047967
2017-10-03,-0.006124248615582301
2017-10-04,-0.0066019457527046405
2017-10-05,0.015064246469267064
2017-10-06,-0.014186005684271459
2017-10-09,0.015054349290937165
2017-10-10,-0.07393684587643667
2017-10-11,-0.011775489913403669
2017-10-12,-0.01310819075971917
2017-10-13,0.004588241306001989
2017-10-16,0.02716342733972198
2017-10-17,0.0007022460794181409
2017-10-18,-0.0025723421080550905
2017-10-19,-0.01172393684493361
2017-10-20,-0.008829694659498438
2017-10-23,-0.02961760716239235
2017-10-24,-0.00397031440394934
2017-10-25,-0.015694980078270304
2017-10-26,0.0020251541884972993
2017-10-27,0.029047394828967975
2017-10-30,0.0017182819255508618
2017-10-31,0.01372220524984619
2017-11-01,0.020788194015559657
2017-11-02,-0.013024466905633173
2017-11-03,0.0256720627261233
2017-11-06,0.0699415767043779
2017-11-07,-0.012024577083941885
2017-11-08,-0.01504770937200302
2017-11-09,0.016401052193052542
2017-11-10,-0.024535970931276862
2017-11-13,-0.014502612866722575
2017-11-14,-0.03701983447181309
2017-11-15,-0.02029640387034154
2017-11-16,-0.013160411336450172
2017-11-17,0.01704076734456266
2017-11-20,-0.002671289982901645
2017-11-21,0.009009070111291402
2017-11-22,0.0024132407332506166
2017-11-24,-0.009629146020408883
2017-11-27,-0.031113336139717788
2017-11-28,0.010285903897623752
2017-11-29,0.011671158203507705
2017-11-30,0.026755026469746403
2017-12-01,0.057136217699221524
2017-12-04,-0.022840619060548465
2017-12-05,-0.024531423404738923
2017-12-06,-0.03748484158969865
2017-12-07,0.001478781404572432
2017-12-08,0.0017226974790035164
2017-12-11,-0.012530913102057664
2017-12-12,-0.011694275395154706
2017-12-13,0.0020139033814859696
2017-12-14,-0.009547478376795338
2017-12-15,0.0012687559229270372
2017-12-18,0.011400866184755297
2017-12-19,0.008266451335346129
2017-12-20,0.02509311689105085
2017-12-21,0.049684757575397795
2017-12-22,-0.00923540166706291
2017-12-26,0.010486829430007462
2017-12-27,-0.010839207002592256
2017-12-28,-0.0004661518132051414
2017-12-29,-0.015162320683670603
2018-01-02,0.049265850678513246
2018-01-03,0.023250577451080088
2018-01-04,0.03331141983074865
2018-01-05,-0.009607364432768084
2018-01-08,-0.010131336122620412
2018-01-09,-0.02983482884860036
2018-01-10,-0.012569787384094647
2018-01-11,0.04569189674102972
2018-01-12,0.025217237058043997
2018-01-16,-0.018871723220700503
2018-01-17,0.005619371766712672
2018-01-18,0.00365340729050657
2018-01-19,-0.00861147487743069
2018-01-22,0.03496201147928315
2018-01-23,0.0023080651582389746
2018-01-24,0.007326541746698272
2018-01-25,-0.013923386776946961
2018-01-26,0.013277257559628665
2018-01-29,-0.02974234166495117
2018-01-30,-0.04458714495309731
2018-01-31,0.006731169600201494
2018-02-01,-0.004011762214699702
2018-02-02,-0.04184386292219527
2018-02-05,-0.0441383278718444
2018-02-06,0.004642098576349188
2018-02-07,-0.03818079208670719
2018-02-08,-0.046017879966190924
2018-02-09,-0.013251870751055399
2018-02-12,0.02363710572158789
2018-02-13,-0.010758606339821395
2018-02-14,0.01326254065272176
2018-02-15,-0.002617789589690806
2018-02-16,0.0002627920223062282
2018-02-20,0.0049853440436400925
2018-02-21,-0.02872068476000398
2018-02-22,-0.06317195576362451
2018-02-23,0.03672878139661371
2018-02-26,-0.004151788169691021
2018-02-27,-0.032796093937323606
2018-02-28,-0.01867801280510546
2018-03-01,0.0035137818370910307
2018-03-02,0.014881771090152266
2018-03-05,0.012363553506473671
2018-03-06,0.004260134812692654
2018-03-07,-0.02007897686318749
2018-03-08,0.009234919069865932
2018-03-09,0.010008672725963853
2018-03-12,0.002548106748773756
2018-03-13,0.0014122267389824967
2018-03-14,0.005357775523592829
2018-03-15,-0.00869556245596611
2018-03-16,0.022637277346759112
2018-03-19,-0.015771824499906155
2018-03-20,0.019679551753317138
2018-03-21,0.050454799523126925
2018-03-22,-0.021522365719984317
2018-03-23,-0.007242483530403836
2018-03-26,0.007295319763641036
2018-03-27,0.005364847699881692
2018-03-28,-0.0034685396147575275
2018-03-29,0.030254513336495762
2018-04-02,-0.015073106811862965
2018-04-03,0.002638889571602992
2018-04-04,0.004999839094018873
2018-04-05,0.01466328535568339
2018-04-06,-0.010580305606839582
2018-04-09,0.002869003579121523
2018-04-10,0.02158648012708409
2018-04-11,0.009164758735394391
2018-04-12,-0.006558774732933872
2018-04-13,0.03148785166535134
2018-04-16,0.00418490098168656
2018-04-17,0.013729455617411521
2018-04-18,0.03603350596776964
2018-04-19,-0.018907325958802717
2018-04-20,-0.007898415657036346
2018-04-23,0.0019299802213399884
2018-04-24,-0.0214307144608157
2018-04-25,0.00885865780532148
2018-04-26,-0.0029271500521696105
2018-04-27,-0.017123001655348555
2018-04-30,0.01916375647775552
2018-05-01,-0.01221026862034366
2018-05-02,0.015080457751521746
2018-05-03,-0.06137368796541587
2018-05-04,0.024650041099521708
2018-05-07,-0.0005065328610262614
2018-05-08,0.016468284868310205
2018-05-09,0.02816529500776126
2018-05-10,0.009454834957679212
2018-05-11,-0.005523702611824815
2018-05-14,0.02173397028672076
2018-05-15,0.0049630676700842796
2018-05-16,0.0032925576448859933
2018-05-17,0.03164587396147784
2018-05-18,-0.0022722799966854493
2018-05-21,0.008426259121174881
2018-05-22,-0.025971136128225346
2018-05-23,-0.012983848770767047
2018-05-24,-0.0307731125450629
2018-05-25,-0.04798828737972416
2018-05-29,-0.00712840713217884
2018-05-30,0.043846345143564024
2018-05-31,-0.01744038209951309
2018-06-01,-0.02575001397834668
2018-06-04,0.0053881939698652275
2018-06-05,0.0017875903453032623
2018-06-06,0.008407352173128775
2018-06-07,0.05482535740038939
2018-06-08,0.011736432415710145
2018-06-11,0.05587124682563147
2018-06-12,-0.04125527776449882
2018-06-13,0.013096194972960523
2018-06-14,-0.009926215453331628
2018-06-15,-0.02984392667384604
2018-06-18,0.02956031385416253
2018-06-19,0.00980377921234801
2018-06-20,0.0559412311922527
2018-06-21,-0.028896409167856473
2018-06-22,0.009016762481944317
2018-06-25,-0.036193392691494575
2018-06-26,0.02387583141139304
2018-06-27,0.038940691244759816
2018-06-28,0.0010895953679469395
2018-06-29,0.017631819510498966
2018-07-02,-0.044278408369518296
2018-07-03,0.02461974396018925
2018-07-05,0.01201414006656797
2018-07-06,0.01251875486647724
2018-07-09,0.031762909072062764
2018-07-10,0.004338681459958512
2018-07-11,-0.01913167309289651
2018-07-12,-0.012793517364281068
2018-07-13,0.008073126836039642
2018-07-16,-0.030558611685810373
2018-07-17,-0.01608672547078114
2018-07-18,-0.017675977895113104
2018-07-19,0.002024139940781731
2018-07-20,0.0018058096933246542
2018-07-23,-0.000675824988990713
2018-07-24,0.015783498611822523
2018-07-25,0.014428173467614486
2018-07-26,0.00043819072382990886
2018-07-27,-0.01552938624915119
2018-07-30,0.023328135921737325
2018-07-31,-0.0013027592909249713
2018-08-01,-0.023043486472759313
2018-08-02,-0.011793349144936745
2018-08-03,0.01666326430798151
2018-08-06,0.010851956951930995
2018-08-07,0.01621398822727062
2018-08-08,-0.005390102345158763
2018-08-09,-0.0615650497712064
2018-08-10,0.02032778202198855
2018-08-13,-0.010866960075515185
2018-08-14,0.004806675978486843
2018-08-15,-0.04373603280374554
2018-08-16,0.0045260126783244385
2018-08-17,-0.0040314209874406075
2018-08-20,0.0007142341595275105
2018-08-21,0.01522728128077185
2018-08-22,0.014295980318557496
2018-08-23,-0.009704421539560928
2018-08-24,0.014698949815329446
2018-08-27,0.006438376109086286
2018-08-28,-0.023075080016099772
2018-08-29,0.022684693276064684
2018-08-30,0.014863798810222319
2018-08-31,-0.012392749223498154
2018-09-04,-0.014829992873614112
2018-09-05,0.017137488877494368
2018-09-06,-0.028688384034127958
2018-09-07,0.0049226193328973065
2018-09-10,0.010263467889696055
2018-09-11,0.018009593690902086
2018-09-12,0.023588088718278735
2018-09-13,-0.013072992303603788
2018-09-14,0.02065532804142833
2018-09-17,0.007039338635376655
2018-09-18,0.010484889660344446
2018-09-19,0.011673428575744745
2018-09-20,-0.024145829635991926
2018-09-21,0.006350028876926395
2018-09-24,0.0330722761596548
2018-09-25,0.006318788226316801
2018-09-26,-0.01151127681566076
2018-09-27,0.004234056305120788
2018-09-28,0.005060620323956158
2018-10-01,0.01447475045933154
2018-10-02,0.003928418309276482
2018-10-03,0.006797403038217704
2018-10-04,-0.008183517122354086
2018-10-05,-0.010313142124267484
2018-10-08,0.00041648197908457417
2018-10-09,0.027083372681971713
2018-10-10,-0.05882345053608168
2018-10-11,-0.03814653281889744
2018-10-12,0.011202907542156906
2018-10-15,-0.012408398655746349
2018-10-16,-0.0013463113738096883
2018-10-17,-0.02763415066765566
2018-10-18,-0.021949994135889175
2018-10-19,0.000475083864739753
2018-10-22,-0.01923984322875971
2018-10-23,-0.03657074517730488
2018-10-24,-0.0454999906781779
2018-10-25,0.004740678471592305
2018-10-26,-0.019921659657221168
2018-10-29,-0.03236170407086245
2018-10-30,0.03510272006526382
2018-10-31,0.010146637324787714
2018-11-01,-0.03806522666763945
2018-11-02,-0.012365896223704476
2018-11-05,0.045631488750747795
2018-11-06,-0.006386295762972737
2018-11-07,0.012587115106932872
2018-11-08,-0.04734191594093146
2018-11-09,0.029428274477718303
2018-11-12,-0.027777909642121228
2018-11-13,-0.022468652751917294
2018-11-14,0.024971367113202282
2018-11-15,0.024086447168633396
2018-11-16,0.011895209068877904
2018-11-19,-0.024044857247768274
2018-11-20,-0.0509173952374344
2018-11-21,0.039227048365494524
2018-11-23,-0.032472873481232505
2018-11-26,0.014630083479867788
2018-11-27,-0.008199083439031245
2018-11-28,0.005131163978405959
2018-11-29,0.007941041545579368
2018-11-30,-0.011536364338162726
2018-12-03,0.038713459629928906
2018-12-04,-0.039737192876929
2018-12-06,-0.0325338725660765
2018-12-07,-0.02625412719590084
2018-12-10,-0.05301391526757617
2018-12-11,-0.022073123349431557
2018-12-12,0.02486104518161111
2018-12-13,-0.0009577425412756322
2018-12-14,-0.033865579349736365
2018-12-17,-0.0023147659482523108
2018-12-18,-0.030825415502806063
2018-12-19,-0.016757914277786307
2018-12-20,-0.060869347290337786
2018-12-21,-0.01666673475790046
2018-12-24,-0.04331454339277588
2018-12-26,0.06456675262692536
2018-12-27,-0.011094491526196069
2018-12-28,-0.014958847633685178
2018-12-31,-0.0034169241819381148
2019-01-02,0.03276206923960073
2019-01-03,0.0025821047140162767
2019-01-04,0.04194236563269696
2019-01-07,0.021539544247644964
2019-01-08,0.01486341709483612
2019-01-09,0.05109019226649358
2019-01-10,0.0032401327447492724
2019-01-11,0.0045222480504035645
2019-01-14,0.015112402341148507
2019-01-15,0.005701654383025537
2019-01-16,-0.017007915550898894
2019-01-17,0.015379715851366788
2019-01-18,0.02067418829224745
2019-01-22,-0.017762614933692227
2019-01-23,-0.017449192736504904
2019-01-24,0.028091662076034404
2019-01-25,0.006909690415739804
2019-01-28,0.007174357543769922
2019-01-29,0.02446547661189536
2019-01-30,0.009673454652087092
2019-01-31,-0.017365220869748052
2019-02-01,-0.005179723103435187
2019-02-04,0.014701529994053691
2019-02-05,-0.009055197274894466
2019-02-06,-0.02985108713082699
2019-02-07,-0.04144410135299972
2019-02-08,-0.021618141331010924
2019-02-11,0.016069723764546344
2019-02-12,0.02405271785692119
2019-02-13,0.038609798813759276
2019-02-14,0.012081879849155031
2019-02-15,0.019283809385881024
2019-02-19,0.00030025242460475623
2019-02-20,0.014710259497089042
2019-02-21,-0.012721864162199135
2019-02-22,0.002996784255397359
2019-02-25,-0.0002989360880626618
2019-02-26,-0.01105788839578642
2019-02-27,0.014203674856948201
2019-02-28,-0.011322933573469047
2019-03-01,0.024412263950476652
2019-03-04,-0.00941467702332289
2019-03-05,0.0017822712146255781
2019-03-06,-0.029647369907426998
2019-03-07,0.016498699320784075
2019-03-08,-0.03967542658332456
2019-03-11,0.02503899532391353
2019-03-12,0.02839683215677966
2019-03-13,0.019002738706241643
2019-03-14,-0.0014571189968301877
2019-03-15,0.00525272590172961
2019-03-18,0.016255214278747737
2019-03-19,-0.014852993111722841
2019-03-20,0.023195283130006586
2019-03-21,0.022386071416742027
2019-03-22,-0.03492256710841999
2019-03-25,0.002871923141299595
2019-03-26,0.021191184552576316
2019-03-27,-0.01794703347595532
2019-03-28,0.001998871408598957
2019-03-29,-0.012254305725594805
2019-04-01,0.00894414699741901
2019-04-02,-0.019731246380301007
2019-04-03,-0.035589294520240886
2019-04-04,0.009376803922292275
2019-04-05,0.06592736963869868
2019-04-08,-0.0002810255514610939
2019-04-09,-0.019122377585287696
2019-04-10,0.02408212945605711
2019-04-11,-0.002239480698616287
2019-04-12,0.024130265698565717
2019-04-15,-0.015068451291717784
2019-04-16,0.01696821999208259
2019-04-17,0.007658375819538306
2019-04-18,-0.019677443861936244
2019-04-22,0.034011809837972716
2019-04-23,-0.017794685587606596
2019-04-24,-0.026077239872898374
2019-04-25,-0.04002273809590543
2019-04-26,-0.02935996733760245
2019-04-29,0.004839444413509508
2019-04-30,-0.009331600440171015
2019-05-01,-0.03646292079182178
2019-05-02,-0.0608639773947301
2019-05-03,0.027199438500881846
2019-05-06,0.006211063669318449
2019-05-07,-0.00877194827879752
2019-05-08,0.0032774411793755126
2019-05-09,0.014701212548014495
2019-05-10,0.005151361497733133
2019-05-13,-0.03459320876928713
2019-05-14,0.028865262702357623
2019-05-15,0.005159741990527124
2019-05-16,0.0019248410520377064
2019-05-17,-0.026256783298561997
2019-05-20,-0.015784331552335325
2019-05-21,0.030070202672499956
2019-05-22,-0.04346402792053216
2019-05-23,-0.06205515246761965
2019-05-24,-0.011930342651413933
2019-05-28,-0.015367964818486372
2019-05-29,-0.009290253539931993
2019-05-30,-0.018004387112019172
2019-05-31,-0.004201830251040056
2019-06-03,0.031453935019696636
2019-06-04,0.05392338778931775
2019-06-05,-0.010585757891416846
2019-06-06,0.02853065188104753
2019-06-07,0.0038144433068259677
2019-06-10,-0.0024181055473114694
2019-06-11,-0.001038854420564593
2019-06-12,-0.029116089120637484
2019-06-13,0.012495703500189033
2019-06-14,-0.0306772940205396
2019-06-17,0.012731905233658447
2019-06-18,0.028735697589310865
2019-06-19,-0.0006983195112151018
2019-06-20,0.031097257067426196
2019-06-21,0.00440510060651049
2019-06-24,-0.019230802241312666
2019-06-25,-0.02923973909836381
2019-06-26,0.02870302791105295
2019-06-27,-0.013434292610039695
2019-06-28,0.011522433433548536
2019-07-01,0.007939275356418404
2019-07-02,-0.061643905595072705
2019-07-03,-0.004379364773502539
2019-07-05,-0.0036660036990658913
2019-07-08,-0.02501823622421626
2019-07-09,0.016981108199682772
2019-07-10,0.019294950698757498
2019-07-11,-0.026574440956701428
2019-07-12,0.006357389103746256
2019-07-15,-0.020810061363232834
2019-07-16,-0.04212505506277837
2019-07-17,-0.030111194511779897
2019-07-18,-0.037990144559125326
2019-07-19,0.03133068220485246
2019-07-22,-0.007074566221245827
2019-07-23,0.018859916205001423
2019-07-24,0.01974502701209977
2019-07-25,-0.024606713561650017
2019-07-26,-0.010339257905446255
2019-07-29,-0.025072905364968576
2019-07-30,0.03300485141618474
2019-07-31,0.013277859227652643
2019-08-01,-0.012284946443097982
2019-08-02,0.0029018745217693712
2019-08-05,-0.0388588705390401
2019-08-06,-0.01419365010194628
2019-08-07,-0.0405757846478924
2019-08-08,0.020918862072671927
2019-08-09,-0.021381317609365156
2019-08-12,-0.019116796423343997
2019-08-13,0.017169091282446803
2019-08-14,-0.08394122525499832
2019-08-15,-0.007470078833739697
2019-08-16,0.0456598572602065
2019-08-19,0.05086339823038387
2019-08-20,-0.006848965848262281
2019-08-21,-0.0009197665436208462
2019-08-22,-0.012425489079102405
2019-08-23,-0.03588044089483167
2019-08-26,0.01498273800136822
2019-08-27,-0.0019043601108141898
2019-08-28,0.031965497606656824
2019-08-29,0.018955224275313452
2019-08-30,-0.021325082302845612
2019-09-03,-0.007417523345971852
2019-09-04,0.02942553849087044
2019-09-05,0.02858432253683475
2019-09-06,-0.01411571891859594
2019-09-09,0.05816525036000596
2019-09-10,0.002114831919285189
2019-09-11,0.012236065111622476
2019-09-12,-0.006252476836364035
2019-09-13,0.02097294485410914
2019-09-16,0.16885777621644113
2019-09-17,-0.08541295167418753
2019-09-18,-0.02267451881137969
2019-09-19,0.012976528949236859
2019-09-20,0.0015526446921846368
2019-09-23,0.014728854730841305
2019-09-24,-0.03055769003531622
2019-09-25,0.0055160711185061415
2019-09-26,-0.009796007807182776
2019-09-27,0.01701629500235466
2019-09-30,-0.0038913852309341444
2019-10-01,-0.05195292717863207
2019-10-02,-0.04408741457778237
2019-10-03,0.007327764157618285
2019-10-04,-0.051776240123418776
2019-10-07,-0.034295608968848784
2019-10-08,-0.05373855932833136
2019-10-09,0.013827179019098754
2019-10-10,-0.004870895197513997
2019-10-11,0.048458164581161985
2019-10-14,0.02427637781599125
2019-10-15,0.010939117136531845
2019-10-16,-0.018935999009655854
2019-10-17,0.016543985820462202
2019-10-18,0.014466386742379732
2019-10-21,0.02613806877947571
2019-10-22,0.007905047612328428
2019-10-23,0.025708255731494135
2019-10-24,-0.013169407389643388
2019-10-25,-0.049935267528415664
2019-10-28,-0.015405579938801704
2019-10-29,0.014726168178756932
2019-10-30,-0.03129235031301585
2019-10-31,0.014044958697715923
2019-11-01,0.09926117112023958
2019-11-04,0.02981921682862289
2019-11-05,-0.022838499334871764
2019-11-06,-0.01419008458089692
2019-11-07,0.019474883279349525
2019-11-08,0.014534870609884253
2019-11-11,-0.023741084752092016
2019-11-12,-0.0020965963608020346
2019-11-13,-0.02100839697022301
2019-11-14,0.005579729517273137
2019-11-15,0.020486283795593935
2019-11-18,-0.0388957143807504
2019-11-19,-0.026545077460639534
2019-11-20,0.022351256455336022
2019-11-21,0.015304176076924629
2019-11-22,0.008182545014813707
2019-11-25,0.005980131500456003
2019-11-26,-0.028025131094882826
2019-11-27,0.014416691287899195
2019-11-29,-0.04048271100823341
2019-12-02,-0.12297975333205444
2019-12-03,-0.05936593947606195
2019-12-04,0.017410397490045807
2019-12-05,-0.00641699958595319
2019-12-06,0.07588826277918748
2019-12-09,0.03201573757725748
2019-12-10,0.014542166656923778
2019-12-11,0.01672238886451144
2019-12-12,0.03571446419000194
2019-12-13,-0.031306844505821156
2019-12-16,0.033723474797898556
2019-12-17,0.01812389810207774
2019-12-18,0.012016239691220712
2019-12-19,-0.001319163289490573
2019-12-20,-0.003963016232256244
2019-12-23,0.1728557031791163
2019-12-24,-0.013569475600793869
2019-12-26,0.0038212026123583312
2019-12-27,-0.0057099418446363535
2019-12-30,-0.023736685470986358
2019-12-31,0.003529504879089303
2020-01-02,-0.008987866751241433
2020-01-03,0.013012543782434778
2020-01-06,-0.0019461675111479455
2020-01-07,0.26794047977177576
2020-01-08,0.006767180403440403
2020-01-09,-0.003971919216903663
2020-01-10,-0.006748289763497534
2020-01-13,-0.01142677259550698
2020-01-14,0.049359533221020095
2020-01-15,-0.0014884500800369455
2020-01-16,-0.013118722529769696
2020-01-17,-0.012991041610884511
2020-01-21,-0.020974741108027033
2020-01-22,-0.02741002359972946
2020-01-23,-0.019436447328206742
2020-01-24,-0.009580327975860217
2020-01-27,-0.03769186829887204
2020-01-28,-0.00415945180067412
2020-01-29,-0.02227632239947407
2020-01-30,0.003203852104201529
2020-01-31,-0.026259761747740973
2020-02-03,0.0043731031734537155
2020-02-04,0.021045069482995418
2020-02-05,0.027007782438957132
2020-02-06,0.0013843184333288065
2020-02-07,-0.028679971827432316
2020-02-10,-0.004980480809337517
2020-02-11,0.007150368050531098
2020-02-12,0.011004612235391864
2020-02-13,-0.01966271583836976
2020-02-14,-0.02005733401110572
2020-02-18,0.027412298428542977
2020-02-19,0.01280660832875247
2020-02-20,0.0038637815121146174
2020-02-21,-0.006298080934272034
2020-02-24,-0.058098698586432004
2020-02-25,-0.04672906845041894
2020-02-26,-0.04196083434746175
2020-02-27,0.026197252844816207
2020-02-28,-0.00598296668559695
2020-03-02,0.02407699332752366
2020-03-03,-0.020767991981665943
2020-03-04,0.005602384351203748
2020-03-05,-0.031436819987530666
2020-03-06,-0.14954804749525594
2020-03-09,-0.5386472995028769
2020-03-10,0.1298426677767003
2020-03-11,-0.2354029554138802
2020-03-12,-0.05939376018210627
2020-03-13,0.0399481468337806
2020-03-16,-0.3234200578005452
2020-03-17,-0.1831501245916767
2020-03-18,-0.004484311987542599
2020-03-19,0.11486460390039126
2020-03-20,-0.024242128030124255
2020-03-23,-0.10766044381677217
2020-03-24,0.2946634283434377
2020-03-25,0.05555544378223221
2020-03-26,-0.022071059257790206
2020-03-27,-0.1562496436898384
2020-03-30,-0.15432143681723468
2020-03-31,0.017031725208306772
2020-04-01,-0.03827763564841629
2020-04-02,0.16666665503056327
2020-04-03,0.14712135399402637
2020-04-06,0.09107833279583091
2020-04-07,0.11073232524868301
2020-04-08,0.16257679486473084
2020-04-09,0.08179418040087834
2020-04-13,0.021951187121601483
2020-04-14,-0.03579938167097541
2020-04-15,-0.017326828625770764
2020-04-16,-0.05667515512629933
2020-04-17,0.133511353767687
2020-04-20,-0.001177792210187843
2020-04-21,0.013601622284098962
2020-04-22,0.09918318119694557
2020-04-23,0.11464955286351176
2020-04-24,0.018095381756758556
2020-04-27,-0.017773758805913014
2020-04-28,0.01619058228679342
2020-04-29,0.22305505512730228
2020-04-30,0.002298896123295352
2020-05-01,-0.13761474641821392
2020-05-04,0.06914911774442334
2020-05-05,-0.02321723986355543
2020-05-06,-0.014431333199354432
2020-05-07,0.023256080767677427
2020-05-08,0.04797960311436926
2020-05-11,-0.033734884731651586
2020-05-12,-0.019950144179178
2020-05-13,-0.08990694845209508
2020-05-14,-0.03448271545424985
2020-05-15,0.02413132168756969
2020-05-18,0.12346844838568989
2020-05-19,-0.04697976367430276
2020-05-20,0.051936460815558534
2020-05-21,0.008368460679446956
2020-05-22,0.009958329846035289
2020-05-26,0.04437173067408921
2020-05-27,-0.010228189732831476
2020-05-28,-0.05643882377342042
2020-05-29,-0.09098594542989542
2020-06-01,0.08711766417572522
2020-06-02,0.04262582860388416
2020-06-03,0.02452978043515388
2020-06-04,0.037510094621442766
2020-06-05,0.23615393907906262
2020-06-08,0.10329773172805701
2020-06-09,-0.06768166702504964
2020-06-10,-0.10284331026866837
2020-06-11,-0.1375589192157726
2020-06-12,0.07662211296998993
2020-06-15,0.022512667582191136
2020-06-16,0.034801351032711966
2020-06-17,-0.04667131509639013
2020-06-18,0.023758165491868415
2020-06-19,-0.016877811833816675
2020-06-22,0.021459253240566224
2020-06-23,-0.010504253223927354
2020-06-24,-0.07501752090606315
2020-06-25,0.04514157828693305
2020-06-26,-0.03001457602196859
2020-06-29,0.006037516268465543
2020-06-30,0.01275327308761783
2020-07-01,-0.03703702168255772
2020-07-02,0.020000049939852615
2020-07-06,0.020361884954151317
2020-07-07,-0.05617134050379306
2020-07-08,0.0234924960297126
2020-07-09,-0.07574584798811425
2020-07-10,0.05215241092503091
2020-07-13,-0.014949150115285102
2020-07-14,0.07907361432084889
2020-07-15,0.022945836551129254
2020-07-16,0.0036179355129662195
2020-07-17,-0.04181664862027632
2020-07-20,0.023325590871565143
2020-07-21,0.09760576131687243
2020-07-22,-0.0261742168325971
2020-07-23,-0.008270286881664096
2020-07-24,-0.013203593818617071
2020-07-27,-0.035915562607907396
2020-07-28,-0.027027009380941436
2020-07-29,0.024774681070794197
2020-07-30,0.17289385408646846
2020-07-31,-0.0412241496359371
2020-08-03,0.024104143958569513
2020-08-04,0.010178158462992528
2020-08-05,0.022670028556172964
2020-08-06,-0.03940888800735371
2020-08-07,-0.003846106741727139
2020-08-10,0.047619157176823475
2020-08-11,-0.04238348747914701
2020-08-12,0.010262887824399361
2020-08-13,-0.020952233940424142
2020-08-14,0.012970130551223846
2020-08-17,-0.017925612776979315
2020-08-18,-0.0058671240683990395
2020-08-19,0.005901750370040789
2020-08-20,-0.039113529222180345
2020-08-21,-0.03256443124220071
2020-08-24,0.014025282584301267
2020-08-25,0.013139444139668215
2020-08-26,-0.03890780094678585
2020-08-27,0.036931953667306595
2020-08-28,0.03082211515172525
2020-08-31,-0.01661144835016163
2020-09-01,0.009459544847211045
2020-09-02,-0.03480593437759737
2020-09-03,-0.002080456992356988
2020-09-04,0.01459340493474565
2020-09-08,-0.10684931045594905
2020-09-09,0.008435493986887336
2020-09-10,-0.08669189774480246
2020-09-11,-0.00999183015200457
2020-09-14,0.0033644440731649124
2020-09-15,0.0008380096764456626
2020-09-16,0.04690131939641584
2020-09-17,-0.006399891453636383
2020-09-18,0.018518123700943977
2020-09-21,-0.04268741029157408
2020-09-22,0.010734689290848625
2020-09-23,-0.09313694570866617
2020-09-24,-0.018017960888830373
2020-09-25,-0.0963304510832731
2020-09-28,0.0426394078146121
2020-09-29,-0.07108080531048257
2020-09-30,-0.0073375344305593344
2020-10-01,-0.01689541100655729
2020-10-02,0.046187031417281324
2020-10-05,0.010266966597343066
2020-10-06,-0.042682739202911116
2020-10-07,0.015923188770042757
2020-10-08,0.059561043984563966
2020-10-09,-0.046350871938859214
2020-10-12,-0.03722866005200742
2020-10-13,-0.018260032424036992
2020-10-14,0.0065648385686466245
2020-10-15,0.0608694374373008
2020-10-16,-0.039959269506964136
2020-10-19,-0.03308413245386254
2020-10-20,0.06070613334648752
2020-10-21,-0.05059949102527748
2020-10-22,0.03736225195309917
2020-10-23,-0.01694886942610496
2020-10-26,-0.07758599933797822
2020-10-27,-0.02453282898223981
2020-10-28,-0.06706602297925877
2020-10-29,0.05134769211226086
2020-10-30,0.013431379512378844
2020-11-02,0.0710842413437563
2020-11-03,-0.01799782000725912
2020-11-04,0.02978227772351978
2020-11-05,-0.0022244164067847117
2020-11-06,-0.04793784632888202
2020-11-09,0.14168650591314916
2020-11-10,0.024615162707065562
2020-11-11,-0.004003950183426074
2020-11-12,-0.0251257930418727
2020-11-13,0.06391770792992196
2020-11-16,0.07945693973626619
2020-11-17,0.026930429415571878
2020-11-18,-0.03496514599949756
2020-11-19,0.02807968646426114
2020-11-20,0.007929654604848142
2020-11-23,0.12412575202202493
2020-11-24,0.0917573679757395
2020-11-25,0.005698088009306798
2020-11-27,-0.014164351558269662
2020-11-30,-0.0739942583946561
2020-12-01,-0.0403414991808159
2020-12-02,0.05982216624008918
2020-12-03,0.04805517316415649
2020-12-04,0.10480329051118287
2020-12-07,-0.037549309185061906
2020-12-08,0.010266992920156882
2020-12-09,0.017615089091673013
2020-12-10,0.09853529853517982
2020-12-11,-0.024242436112743654
2020-12-14,-0.04906825243264783
2020-12-15,0.03788380691094458
2020-12-16,-0.005664108180854522
2020-12-17,-0.003164549819724763
2020-12-18,-0.026666662893113445
2020-12-21,-0.031311098123368054
2020-12-22,-0.04915822485163585
2020-12-23,0.04674213126875727
2020-12-24,-0.023680595605326725
2020-12-28,-0.015246118696247993
2020-12-29,-0.004222165305233559
2020-12-30,0.02968173307318072
2020-12-31,-0.026080793210389273
2021-01-04,0.04087361524486968
2021-01-05,0.09546390246714284
2021-01-06,0.040791034399825114
2021-01-07,0.016033337621436706
2021-01-08,-0.03097597901245061
2021-01-11,0.004824890860923021
2021-01-12,0.1122450426587202
2021-01-13,-0.039395676684777156
2021-01-14,0.030898996515566882
2021-01-15,-0.0588558265297608
2021-01-19,0.03184739104312655
2021-01-20,-0.0196408077747772
2021-01-21,-0.046145109152846135
2021-01-22,-0.01562510135584953
2021-01-25,-0.039682393567381416
2021-01-26,-0.02733618218905364
2021-01-27,-0.045751727158519946
2021-01-28,0.023287720931182625
2021-01-29,-0.04417672447599596
2021-02-01,0.0588234193986532
2021-02-02,0.029100666948394995
2021-02-03,0.05591231902532832
2021-02-04,-0.00669484858736514
2021-02-05,-0.00612746393223972
2021-02-08,0.09987677064163789
2021-02-09,-0.03419286430670683
2021-02-10,0.022054731467083432
2021-02-11,-0.035775481074610385
2021-02-12,0.029446475080152475
2021-02-16,0.06292920199789068
2021-02-17,0.005920147246653597
2021-02-18,-0.05671453399167527
2021-02-19,0.022121270190406363
2021-02-22,0.058823529411764705
2021-02-23,0.035115406871934235
2021-02-24,0.05367071171090057
2021-02-25,-0.032676454662580866
2021-02-26,-0.01987076907700632
2021-03-01,-0.0106439079250076
2021-03-02,-0.0010245353761712864
2021-03-03,0.02102565688700029
2021-03-04,0.05374197885500649
2021-03-05,0.10819809861650058
2021-03-08,-0.003440867543542587
2021-03-09,-0.06775986716919426
2021-03-10,0.001388711295906269
2021-03-11,0.012020110549786658
2021-03-12,-0.030150570864242415
2021-03-15,0.014130925096148514
2021-03-16,-0.0362286496120611
2021-03-17,0.01156650655463973
2021-03-18,-0.08337281175726134
2021-03-19,0.01247345719148312
2021-03-22,-0.0318271918910798
2021-03-23,-0.03128299701259769
2021-03-24,0.016967526000249478
2021-03-25,-0.012916842797355818
2021-03-26,0.024536121769207372
2021-03-29,-0.04417220452271865
2021-03-30,-0.007238414639359959
2021-03-31,0.0039259444734584805
2021-04-01,0.05307270679277955
2021-04-05,-0.0694961922765453
2021-04-06,0.018244117636236266
2021-04-07,0.00895858560715969
2021-04-08,-0.02608203134576484
2021-04-09,-0.01652428123127133
2021-04-12,-0.0005794077069670827
2021-04-13,0.0017390373172456147
2021-04-14,0.04976888507543289
2021-04-15,-0.0038592199076881418
2021-04-16,-0.014941956095887754
2021-04-19,0.015168604721674896
2021-04-20,-0.059214019461073235
2021-04-21,0.009720155483213054
2021-04-22,0.027421322881039815
2021-04-23,0.03236779097481895
2021-04-26,0.025852485376783998
2021-04-27,0.020375504305528182
2021-04-28,0.07672081679459737
2021-04-29,0.00927289275903537
2021-04-30,-0.03288208331533363
2021-05-03,0.023000172783249246
2021-05-04,-0.013685453326975652
2021-05-05,0.039147701193474695
2021-05-06,0.02193615841799046
2021-05-07,0.007466093965744756
2021-05-10,0.013895350704340172
2021-05-11,-0.03883042638374009
2021-05-12,0.004277490385469503
2021-05-13,-0.03454828827204816
2021-05-14,0.05686314388901519
2021-05-17,0.027829366706474148
2021-05-18,-0.022111807371391356
2021-05-19,-0.03922483749169589
2021-05-20,-0.009126021152336423
2021-05-21,0.0126028658633666
2021-05-24,-0.0004783940258298732
2021-05-25,-0.04501929818138162
2021-05-26,0.02708132075059547
2021-05-27,0.017089949346273847
2021-05-28,-0.0014407025131745225
2021-06-01,0.10865443244394239
2021-06-02,0.019947721206236217
2021-06-03,-0.011054488213676453
2021-06-04,0.0068789800154165585
2021-06-07,0.0
2021-06-08,-0.011956159924574909
2021-06-09,-0.012963922976113899
2021-06-10,-0.007005668693421675
2021-06-11,-0.0022043617889066624
2021-06-14,-0.00927971601792682
2021-06-15,0.019625459462936732
2021-06-16,-0.012685827763992956
2021-06-17,-0.06380173807457744
2021-06-18,-0.022716499728287133
2021-06-21,0.07312364792601456
2021-06-22,-0.009476632136230524
2021-06-23,-0.0022780775257087342
2021-06-24,0.016438269424488065
2021-06-25,-0.0026950044630551775
2021-06-28,-0.052702757624213614
2021-06-29,0.0
2021-06-30,0.02853061786063533
2021-07-01,0.013407008368168596
2021-07-02,-0.020529039549718027
2021-07-06,-0.04331586758324075
2021-07-07,-0.023856420480960618
2021-07-08,-0.0009974271279119657
2021-07-09,0.02695963948043395
2021-07-12,-0.0077782400501630955
2021-07-13,-0.011759095229747578
2021-07-14,-0.05602370239919473
2021-07-15,-0.029936812894058622
2021-07-16,-0.026529800582668878
2021-07-19,-0.04282530046993212
2021-07-20,0.02033727068241365
2021-07-21,0.050470076159697
2021-07-22,-0.009228962863741556
2021-07-23,-0.002191587300892467
2021-07-26,0.03459628467212927
2021-07-27,-0.01486185983470319
2021-07-28,0.02586199114512818
2021-07-29,0.00210071276680678
2021-07-30,-0.01729547989763629
2021-08-02,-0.025066742507600957
2021-08-03,0.027352642058982326
2021-08-04,-0.054845722164242876
2021-08-05,0.017464539112384967
2021-08-06,0.014950489222050374
2021-08-09,-0.02291337494995461
2021-08-10,0.06420981530000391
2021-08-11,0.008919243628766567
2021-08-12,-0.01612058949654056
2021-08-13,-0.05496834927110078
2021-08-16,-0.041946617547969724
2021-08-17,-0.015177716885228657
2021-08-18,-0.016004691345471278
2021-08-19,-0.03614472165947489
2021-08-20,0.004375150918088215
2021-08-23,0.07591766550458173
2021-08-24,0.03528055357829058
2021-08-25,0.012848940936340885
2021-08-26,-0.024268925159961208
2021-08-27,0.05935554322706333
2021-08-30,-0.00426856619658401
2021-08-31,0.04394396333610784
2021-09-01,-0.022073948696438608
2021-09-02,0.041994648230853665
2021-09-03,-0.009068019593621073
2021-09-07,-0.007117457796785343
2021-09-08,-0.02508944975264043
2021-09-09,-0.00577742631217333
2021-09-10,-0.012678223407528978
2021-09-13,0.0781166496976749
2021-09-14,-0.03970235704489611
2021-09-15,0.06563311458572019
2021-09-16,-0.006304607167398394
2021-09-17,-0.017081227155508947
2021-09-20,-0.06107252428369758
2021-09-21,-0.007403861635296884
2021-09-22,0.07192378396866594
2021-09-23,0.07057654536021346
2021-09-24,0.01717712278814796
2021-09-27,0.061615608647410246
2021-09-28,-0.0674975774193059
2021-09-29,-0.019363811064517494
2021-09-30,0.007522187369748807
2021-10-01,0.017265607007765603
2021-10-04,0.011926593270523858
2021-10-05,0.006799425400670366
2021-10-06,-0.004952623947487479
2021-10-07,0.03167429538148126
2021-10-08,0.06842108234290128
2021-10-11,0.002462904527468227
2021-10-12,0.013104036696864205
2021-10-13,-0.005254688514708679
2021-10-14,0.06542056411857307
2021-10-15,0.0057209002993369356
2021-10-18,0.021236227117919206
2021-10-19,-0.0025993387606533416
2021-10-20,0.021965738174217295
2021-10-21,-0.013765550069039558
2021-10-22,0.024805638683205563
2021-10-25,0.01950854655221192
2021-10-26,-0.002480551478445399
2021-10-27,-0.044404982437545516
2021-10-28,0.006691655365345107
2021-10-29,-0.03212713925635724
2021-11-01,0.03662703985230077
2021-11-02,0.004417070909531983
2021-11-03,0.012458388474621595
2021-11-04,0.052479299406313074
2021-11-05,0.028198118419991737
2021-11-08,0.025418089869403006
2021-11-09,-0.021200291709636117
2021-11-10,-0.0426523126932255
2021-11-11,0.023668598469502918
2021-11-12,0.001359888908278113
2021-11-15,0.005433221000154719
2021-11-16,0.00033752631643488464
2021-11-17,-0.0661717054038163
2021-11-18,-0.0028919343934558027
2021-11-19,-0.05728780041700607
2021-11-22,0.020384364995595348
2021-11-23,0.07312467932786787
2021-11-24,0.0049174612607903135
2021-11-26,-0.08283813533771281
2021-11-29,0.02248486520159495
2021-11-30,-0.03950794775173492
2021-12-01,-0.020178564478643666
2021-12-02,0.03683172848648101
2021-12-03,-0.022918309962067944
2021-12-06,0.010555097976693599
2021-12-07,0.04023215082711997
2021-12-08,-0.009668887673232419
2021-12-09,-0.022531028708211543
2021-12-10,0.02458684810357636
2021-12-13,-0.05211833061220864
2021-12-14,-0.013053874447739222
2021-12-15,0.006011882492668393
2021-12-16,-0.012350614337565817
2021-12-17,-0.01653890933331714
2021-12-20,-0.018047478442212488
2021-12-21,0.05847948294781156
2021-12-22,0.019337250213277854
2021-12-23,0.009291147065584981
2021-12-27,0.07288093115537428
2021-12-28,-0.0014302177915831984
2021-12-29,-0.0007159745803657289
2021-12-30,-0.030455005302658485
2021-12-31,-0.006282345800741562
2022-01-03,0.04351052971846428
2022-01-04,0.04989312504882162
2022-01-05,-0.035980856785124325
2022-01-06,0.042957582984609805
2022-01-07,0.0016883328701449499
2022-01-10,-0.008426316703396861
2022-01-11,0.08769552390800901
2022-01-12,0.020312321515020118
2022-01-13,-0.01715155518889285
2022-01-14,0.03739491696331455
2022-01-18,-0.009612531826343803
2022-01-19,-0.017895074727895907
2022-01-20,-0.031157866752802996
2022-01-21,-0.036799965672016155
2022-01-24,0.014617843850263618
2022-01-25,0.08284223182427328
2022-01-26,0.0012094505606488604
2022-01-27,-0.004832224671802859
2022-01-28,0.006676571617823638
2022-01-31,0.001206136989900963
2022-02-01,0.045166882932012195
2022-02-02,0.0017287447224105666
2022-02-03,-0.006615132961070753
2022-02-04,-0.0014472961913429517
2022-02-07,-0.011597645032270532
2022-02-08,-0.03578765565708091
2022-02-09,0.01703674409516867
2022-02-10,0.0008975012533284372
2022-02-11,0.020322659125557477
2022-02-14,-0.05858227393111808
2022-02-15,0.0028004351962757847
2022-02-16,0.005274421777877989
2022-02-17,-0.00030856417729867547
2022-02-18,-0.00710093700910181
2022-02-22,-0.03482593547232321
2022-02-23,-0.006765321536622903
2022-02-24,0.04800509916290888
2022-02-25,0.042092266408515544
2022-02-28,0.058212050585921646
2022-03-01,0.04659002610498335
2022-03-02,0.015553629556781471
2022-03-03,0.010826635916788967
2022-03-04,0.031347775631568715
2022-03-07,-0.03951388530431831
2022-03-08,0.018723740751283073
2022-03-09,0.0018122346334012965
2022-03-10,0.03462536959027041
2022-03-11,-0.024725484461057212
2022-03-14,-0.03764388060743396
2022-03-15,-0.023416675909998703
2022-03-16,0.00408718445442049
2022-03-17,0.07001363033669816
2022-03-18,-0.00811583852627076
2022-03-21,0.04525700963038921
2022-03-22,-0.008806200573427014
2022-03-23,0.004689112137436108
2022-03-24,0.0017195331927874087
2022-03-25,0.01839121811195724
2022-03-28,-0.040452789483500416
2022-03-29,0.027854574781230466
2022-03-30,0.005859405498106004
2022-03-31,0.00315524014930942
2022-04-01,0.021534170504704152
2022-04-04,0.018000899956193216
2022-04-05,-0.030013934909256832
2022-04-06,-0.02110814647785275
2022-04-07,0.004655574194329393
2022-04-08,0.04926835340274059
2022-04-11,-0.04532806613635147
2022-04-12,0.027027256343667504
2022-04-13,0.033902406555101086
2022-04-14,0.0016050857824234357
2022-04-18,0.0068681174418595255
2022-04-19,0.009322326283927315
2022-04-20,-0.001351414598199101
2022-04-21,-0.045583207602760176
2022-04-22,-0.03507936605572602
2022-04-25,-0.04003923786317659
2022-04-26,-0.011770818127066669
2022-04-27,0.03495608522277655
2022-04-28,0.0370277279605648
2022-04-29,-0.012545333070729777
2022-05-02,-0.007818287993524594
2022-05-03,0.047032854198325286
2022-05-04,0.06302934793830377
2022-05-05,-0.08628365453529686
2022-05-06,0.0680392456321853
2022-05-09,-0.14917267888345528
2022-05-10,-0.003996541175273763
2022-05-11,0.024612044934279625
2022-05-12,-0.007049605176631749
2022-05-13,0.08204066271156761
2022-05-16,0.030619487264122405
2022-05-17,0.017213002623254755
2022-05-18,-0.062355140865376184
2022-05-19,0.009146784712051244
2022-05-20,0.020578096544387914
2022-05-23,0.05976977877963221
2022-05-24,-0.01200457408195569
2022-05-25,0.044245854739909905
2022-05-26,0.006366534720162168
2022-05-27,0.038830829153409796
2022-05-31,-0.012809981745418088
2022-06-01,0.01297620671658228
2022-06-02,-0.0031500076249341537
2022-06-03,0.01748463244818953
2022-06-06,0.005175978911781328
2022-06-07,0.0584965873948099
2022-06-08,-0.00428119286243607
2022-06-09,-0.022083040677593417
2022-06-10,-0.024580394015526384
2022-06-13,-0.06637990704944018
2022-06-14,0.009436154968341522
2022-06-15,-0.008043492749439449
2022-06-16,-0.08481275123145586
2022-06-17,-0.06082360330315973
2022-06-21,0.028811773279450302
2022-06-22,-0.07063203023578457
2022-06-23,-0.034399918456950264
2022-06-24,0.006628176314956265
2022-06-27,0.027983329480841593
2022-06-28,0.03469457565193342
2022-06-29,-0.0688678682303695
2022-06-30,-0.03324107570233002
2022-07-01,0.012894148203303769
2022-07-05,-0.07411618612475675
2022-07-06,-0.0219981411365461
2022-07-07,0.07810087248694265
2022-07-08,0.009852037806782442
2022-07-11,-0.018364374482919218
2022-07-12,-0.052031399216916054
2022-07-13,0.014492661236332386
2022-07-14,-0.040121624272018465
2022-07-15,0.012982932193000306
2022-07-18,0.0253202655897878
2022-07-19,0.046951389837845435
2022-07-20,0.019219461778473636
2022-07-21,-0.04544784196677532
2022-07-22,-0.026434357852008226
2022-07-25,0.062326304534003577
2022-07-26,-0.017136252983598887
2022-07-27,0.03989378890587135
2022-07-28,0.012219113307216953
2022-07-29,0.04351472471624035
2022-08-01,-0.03120771340507168
2022-08-02,-0.0022216601857341263
2022-08-03,-0.041747767217687894
2022-08-04,-0.1089165633599895
2022-08-05,0.03487613543028191
2022-08-08,0.014488046195434983
2022-08-09,0.01459185729799692
2022-08-10,0.016523722902449658
2022-08-11,0.04876584479807747
2022-08-12,-0.004018453676230645
2022-08-15,-0.03256468132245524
2022-08-16,-0.01042609471677123
2022-08-17,0.012342046769757285
2022-08-18,0.08534045776655534
2022-08-19,-0.009588971023251453
2022-08-22,0.01770402419515824
2022-08-23,0.05436257113758546
2022-08-24,0.039185365439734283
2022-08-25,0.0022327313964873217
2022-08-26,-0.005445773878554404
2022-08-29,0.029368235410127327
2022-08-30,-0.049323141208041515
2022-08-31,-0.005341099367833734
2022-09-01,-0.03042699707075408
2022-09-02,0.023206694727415565
2022-09-06,-0.025257417884615427
2022-09-07,-0.030407356292854123
2022-09-08,0.007090336260000908
2022-09-09,0.03141087361915049
2022-09-12,0.05014444696436998
2022-09-13,-0.022250308852493145
2022-09-14,0.06724635979082995
2022-09-15,-0.005989377674888725
2022-09-16,-0.024825471159470244
2022-09-19,-0.00024687273769950357
2022-09-20,-0.02101385190782558
2022-09-21,-0.029545147415286584
2022-09-22,-0.03434835610834427
2022-09-23,-0.11425492126495725
2022-09-26,-0.03133543443385657
2022-09-27,0.026381907559052398
2022-09-28,0.06089336628323391
2022-09-29,0.008076189185547053
2022-09-30,-0.02174541966065987
2022-10-03,0.09096205685616478
2022-10-04,0.04986651165780172
2022-10-05,0.03472910459011766
2022-10-06,0.04146100520174374
2022-10-07,0.007583022164550739
2022-10-10,-0.03175005174459691
2022-10-11,-0.016759509501970145
2022-10-12,0.00666952286818067
2022-10-13,0.027239591797620106
2022-10-14,-0.04610609233238267
2022-10-17,0.004257371013304133
2022-10-18,-0.006982471629917746
2022-10-19,0.05248620487209555
2022-10-20,-0.0036005925343392266
2022-10-21,0.04047236086497685
2022-10-24,0.013197456680541012
2022-10-25,0.03290671138574245
2022-10-26,0.019469274766117328
2022-10-27,-0.007595833580335017
2022-10-28,-0.006341440503420613
2022-10-31,0.00043998301813201755
2022-11-01,0.007259258364793761
2022-11-02,-0.03384998921056748
2022-11-03,0.0689419707162659
2022-11-04,0.035948317867208715
2022-11-07,0.010410335029022782
2022-11-08,-0.009292941668209109
2022-11-09,-0.07116633014293197
2022-11-10,0.03183306828173587
2022-11-11,0.03744682294745893
2022-11-14,-0.03178825580247311
2022-11-15,0.03876286760855099
2022-11-16,-0.032830431127059564
2022-11-17,-0.01033093910045968
2022-11-18,-0.012782240167896667
2022-11-21,-0.023090243648138158
2022-11-22,0.055445197526649934
2022-11-23,-0.020929412766637238
2022-11-25,-0.007481895260730597
2022-11-28,-0.03166043034073826
2022-11-29,0.03625458004304746
2022-11-30,0.0055802783471828035
2022-12-01,-0.002774609325670525
2022-12-02,0.008347733614429058
2022-12-05,-0.029717842931480103
2022-12-06,-0.04025373427802211
2022-12-07,-0.004786991158123545
2022-12-08,-0.020384819294829583
2022-12-09,-0.021276457037443356
2022-12-12,0.048972744384965294
2022-12-13,0.04372590168059314
2022-12-14,-0.0172376620638348
2022-12-15,0.0002218968895260122
2022-12-16,-0.027968955640041628
2022-12-19,0.00114195115457649
2022-12-20,0.006614827676400042
2022-12-21,0.05755741856339146
2022-12-22,-0.042425636463895196
2022-12-23,0.057283541750383464
2022-12-27,0.008254097750742458
2022-12-28,-0.051637414814191596
2022-12-29,0.016157632940861998
2022-12-30,0.016771862285093284
2023-01-03,-0.06555253236085042
2023-01-04,-0.03370038552965382
2023-01-05,-0.009252505352832131
2023-01-06,0.027059334485031145
2023-01-09,0.011191267532383104
2023-01-10,-0.002997343797684216
2023-01-11,0.013413634451105978
2023-01-12,0.0349155198801842
2023-01-13,-0.00022057220040944196
2023-01-17,-0.004410879837155666
2023-01-18,-0.023925668052299516
2023-01-19,0.024965703218983042
2023-01-20,0.004008228309641522
2023-01-23,0.005988051569942997
2023-01-24,-0.028659605423120627
2023-01-25,0.0006807617018393546
2023-01-26,0.028804842255828036
2023-01-27,0.008156706729538554
2023-01-30,-0.03433188304889625
2023-01-31,0.003849765073970549
2023-02-01,-0.020978792704203136
2023-02-02,-0.023963383626373867
2023-02-03,-0.00755407040912793
2023-02-06,-0.0004760257793878673
2023-02-07,0.03974311029477647
2023-02-08,-0.035934919667028
2023-02-09,-0.02540363227906173
2023-02-10,0.061145024044426274
2023-02-13,-0.024104824237148534
2023-02-14,-0.0009411179572216331
2023-02-15,-0.027313131618145206
2023-02-16,-0.028322567816046626
2023-02-17,-0.05107129577110575
2023-02-21,-0.0007875740739350517
2023-02-22,-0.005254859908726947
2023-02-23,0.03328031870117279
2023-02-24,0.002556458776866878
2023-02-27,0.0002549608555549541
2023-02-28,-0.021667032223564437
2023-03-01,0.0325689818467933
2023-03-02,0.016149444375326474
2023-03-03,0.021852404176521276
2023-03-06,-0.024301227448408496
2023-03-07,-0.02540491963763124
2023-03-08,-0.016355470284543285
2023-03-09,-0.0384516675146445
2023-03-10,-0.028641065383012497
2023-03-13,-0.03977724937994268
2023-03-14,0.008980223376945788
2023-03-15,-0.07981625835881914
2023-03-16,0.023713065372961698
2023-03-17,-0.0326121698638107
2023-03-20,0.035916900704697385
2023-03-21,0.06569353453327956
2023-03-22,-0.01969191050233166
2023-03-23,-0.009898181520056254
2023-03-24,0.01470149298413256
2023-03-27,0.025210120431195315
2023-03-28,0.014697665954756509
2023-03-29,0.0002784187288549755
2023-03-30,-0.014759083114779564
2023-03-31,0.019219982320724253
2023-04-03,0.08707691087719467
2023-04-04,-0.028061003440412603
2023-04-05,-0.0028872407950863007
2023-04-06,0.0021058398651623835
2023-04-10,0.02679272347204453
2023-04-11,0.021233126927709855
2023-04-12,-0.007013939860886828
2023-04-13,0.02093829797675475
2023-04-14,0.007659983286374884
2023-04-17,-0.0316331600979258
2023-04-18,-0.0017723042192996624
2023-04-19,-0.01598191532833751
2023-04-20,-0.021795637320702207
2023-04-21,-0.01246691161652175
2023-04-24,0.016653181170377663
2023-04-25,-0.04147914641341784
2023-04-26,-0.025083028707863175
2023-04-27,0.008198905486036285
2023-04-28,0.033371078446964714
2023-05-01,0.001356926440125212
2023-05-02,-0.06883497806090172
2023-05-03,-0.0055297017968759
2023-05-04,-0.05589688757312589
2023-05-05,0.029758154655350585
2023-05-08,-0.0042141976554848715
2023-05-09,0.002418369221848436
2023-05-10,-0.010856374244910483
2023-05-11,0.008536515024879331
2023-05-12,-0.0030230753895650643
2023-05-15,-0.0012129490435447141
2023-05-16,-0.03976915395370965
2023-05-17,0.02940250232788296
2023-05-18,0.0046068680753534805
2023-05-19,0.021400108175402072
2023-05-22,0.0017959424636158664
2023-05-23,0.013146141121973896
2023-05-24,0.013860293170240097
2023-05-25,-0.031413756128294903
2023-05-26,0.0033032650273771493
2023-05-30,-0.03501926750311107
2023-05-31,-0.014268077416556975
2023-06-01,0.008181126086988618
2023-06-02,0.05118623921798422
2023-06-05,-0.018111774772053918
2023-06-06,0.008164570436024522
2023-06-07,0.03179374532931945
2023-06-08,-0.011628043024660164
2023-06-09,-0.017353032650154684
2023-06-12,-0.010475772718127803
2023-06-13,0.019661323752180642
2023-06-14,-0.0017798953234857754
2023-06-15,0.030311853184156867
2023-06-16,-0.008364443813157338
2023-06-20,-0.025596414750278088
2023-06-21,0.021194011918724463
2023-06-22,-0.02923131523616938
2023-06-23,-0.01897005446263394
2023-06-26,0.013812054324661066
2023-06-27,-0.008174328327864558
2023-06-28,0.013431055064888307
2023-06-29,0.0216867190255738
2023-06-30,0.0073701803007578245
2023-07-03,-0.003218972182635603
2023-07-05,0.008514309622553147
2023-07-06,-0.0203783224395138
2023-07-07,0.03744412918279576
2023-07-10,0.00486969789561972
2023-07-11,0.06271361779854892
2023-07-12,0.006169798137802435
2023-07-13,0.029058695781403528
2023-07-14,-0.05077729498601492
2023-07-17,-0.008460436272929518
2023-07-18,0.04266419644341408
2023-07-19,0.003959977713122246
2023-07-20,0.005029178312108558
2023-07-21,0.017645644394264044
2023-07-24,0.016562982250951555
2023-07-25,0.007382794302835225
2023-07-26,0.010614245303664399
2023-07-27,-0.012753114733868288
2023-07-28,0.016970637815701402
2023-07-31,0.008468123436111552
2023-08-01,-0.006174245748710732
2023-08-02,-0.030566840062007015
2023-08-03,0.06793143199413479
2023-08-04,0.005040668916658566
2023-08-07,0.007165102638966724
2023-08-08,0.02750774980096278
2023-08-09,0.02054008292736991
2023-08-10,-0.0015830798261958225
2023-08-11,0.016534690761047334
2023-08-14,-0.0049020761526910915
2023-08-15,-0.01791306625924236
2023-08-16,-0.005016175723710195
2023-08-17,0.009395323122427296
2023-08-18,0.003859196085759913
2023-08-21,-0.007236521893355736
2023-08-22,-0.029385025365357288
2023-08-23,-0.0016426951400490943
2023-08-24,-0.0072873802052626
2023-08-25,0.011840001652616054
2023-08-28,0.003978212951634654
2023-08-29,0.015618037852352579
2023-08-30,0.0034426695313048254
2023-08-31,0.00274460832649219
2023-09-01,0.02828475670620239
2023-09-05,0.005323994430125135
2023-09-06,-0.014783682664182386
2023-09-07,-0.006271239262924668
2023-09-08,-0.00247916305043747
2023-09-11,-0.030953464922942667
2023-09-12,0.03054332535460825
2023-09-13,-0.04751136956669388
2023-09-14,0.020902599653097882
2023-09-15,-0.012098638543733805
2023-09-18,0.005888084200722003
2023-09-19,-0.012643605771575046
2023-09-20,-0.02110509438942703
2023-09-21,-0.02761610546001859
2023-09-22,0.0019930713391270332
2023-09-25,0.019890431128396065
2023-09-26,0.0007315242434035633
2023-09-27,0.03239949258889981
2023-09-28,-0.0035395390466311416
2023-09-29,-0.026758304496938407
2023-10-02,-0.038199327084040204
2023-10-03,0.0032884484674335097
2023-10-04,-0.04160359342529456
2023-10-05,-0.007366544455330009
2023-10-06,-0.003710323224055081
2023-10-09,0.042032305239405404
2023-10-10,-0.007148169238952244
2023-10-11,0.0010283462681157788
2023-10-12,0.007449389332640564
2023-10-13,0.05175927158625293
2023-10-16,0.022787897888106937
2023-10-17,0.005688483127589285
2023-10-18,0.013198218387161245
2023-10-19,0.007210900973184652
2023-10-20,-0.020673519685268774
2023-10-23,-0.023007651367427797
2023-10-24,-0.004612825221003038
2023-10-25,0.00048779981956384227
2023-10-26,-0.014626963255819546
2023-10-27,-0.007174486106539862
2023-10-30,-0.011213860927104607
2023-10-31,0.0010082684441335705
2023-11-01,-0.0027693566490784548
2023-11-02,0.002019456075703305
2023-11-03,0.006802865374694275
2023-11-06,-0.016516557094658938
2023-11-07,-0.0310430427753429
2023-11-08,-0.03597717906001567
2023-11-09,-0.009534088594058961
2023-11-10,0.01540161373514215
2023-11-13,-0.0073132631057703104
2023-11-14,0.025102524092045064
2023-11-15,-0.006920455557520876
2023-11-16,-0.039131645676939775
2023-11-17,0.028451941696450003
2023-11-20,0.003525864817632553
2023-11-21,-0.010270392695608649
2023-11-22,-0.0016384320047815465
2023-11-24,0.008752760931182588
2023-11-27,-0.014641930510316377
2023-11-28,0.0011005868782713707
2023-11-29,-0.0019239972582776117
2023-11-30,-0.008537737163594022
2023-12-01,0.005555734020149072
2023-12-04,-0.010497361507012295
2023-12-05,-0.028754822579404607
2023-12-06,-0.021845617103609154
2023-12-07,-0.005876982055583139
2023-12-08,0.018917985511692433
2023-12-11,0.0066726467797584375
2023-12-12,-0.01498555631542167
2023-12-13,0.019602211433309983
2023-12-14,0.025537749028371658
2023-12-15,-0.010912089801079806
2023-12-18,0.008203652299174932
2023-12-19,0.010381605262796871
2023-12-20,-0.013607189915982261
2023-12-21,0.011824199774202598
2023-12-22,0.0005567138315823543
2023-12-26,0.03698514592660432
2023-12-27,-0.003217987895604204
2023-12-28,-0.02878670271138353
2023-12-29,-0.006094002607761547
2024-01-02,0.0064104265591539535
2024-01-03,0.01772355219410627
2024-01-04,-0.07346965549786544
2024-01-05,0.008517049457323726
2024-01-08,-0.01776354203345561
2024-01-09,-0.02253188852643297
2024-01-10,-0.012132179965645015
2024-01-11,-0.0033773711109811523
2024-01-12,0.0024646770984187074
2024-01-16,-0.03902893432191085
2024-01-17,-0.014710567180722308
2024-01-18,-0.004219503026803787
2024-01-19,-0.001971587903621544
2024-01-22,0.011195212186313835
2024-01-23,0.004558862008515176
2024-01-24,0.016855534515308294
2024-01-25,0.021358080661601636
2024-01-26,0.0021847776036703266
2024-01-29,-0.007474261261363012
2024-01-30,0.017257458366446196
2024-01-31,-0.03362110555679054
2024-02-01,-0.016916701449491502
2024-02-02,-0.018181889129168755
2024-02-05,-0.014219583429293348
2024-02-06,0.023817555201505167
2024-02-07,0.0009829559935133749
2024-02-08,-0.0026186879850037285
2024-02-09,-0.019691587975995836
2024-02-12,0.0204220117559611
2024-02-13,-0.027887267179805497
2024-02-14,0.0057375834773991385
2024-02-15,0.04865751179100268
2024-02-16,0.010240118664682265
2024-02-20,-0.018688558969697497
2024-02-21,0.014848152219661343
2024-02-22,-0.0388040829361666
2024-02-23,-0.006287072843569738
2024-02-26,-0.013653046316343493
2024-02-27,0.019581338516564618
2024-02-28,-0.008278188117929132
2024-02-29,-0.005342228058922417
2024-03-01,0.020812415197944013
2024-03-04,-0.01249585891193353
2024-03-05,0.014318808822947055
2024-03-06,0.005581102748540469
2024-03-07,-0.0026117110527900875
2024-03-08,0.008510632423984234
2024-03-11,0.01265815074959392
2024-03-12,0.00769232900609838
2024-03-13,0.03562348526601173
2024-03-14,-0.0027641756361797016
2024-03-15,-0.0144749204066721
2024-03-18,0.010624957788704668
2024-03-19,0.024737258274874566
2024-03-20,0.01961381008803488
2024-03-21,0.003551137560232651
2024-03-22,-0.013270280860946925
2024-03-25,0.03377175672483164
2024-03-26,-0.049436253675331006
2024-03-27,0.025243196350592637
2024-03-28,0.019875558760256214
2024-04-01,0.030541007025346036
2024-04-02,-0.0025404424778550402
2024-04-03,-0.003678549157063041
2024-04-04,0.006248447140249891
2024-04-05,0.008749434339726574
2024-04-08,-0.0195860367123073
2024-04-09,-0.004280496059759299
2024-04-10,0.004585712225814222
2024-04-11,-0.018544803820840904
2024-04-12,-0.01976742204690027
2024-04-15,-0.016607418624793036
2024-04-16,-0.019903630616288307
2024-04-17,-0.00738457114841357
2024-04-18,0.00526976094996482
2024-04-19,0.005593553733602192
2024-04-22,0.003399197004847997
2024-04-23,-0.012626901132844235
2024-04-24,-0.0003121408838057355
2024-04-25,0.00967253424078949
2024-04-26,0.004017303357158014
2024-04-29,0.007079137454143057
2024-04-30,-0.03911998075538195
2024-05-01,-0.02989816777594595
2024-05-02,-0.04327852915137322
2024-05-03,0.002741436845889218
2024-05-06,0.022556415171039408
2024-05-07,0.011363610140566145
2024-05-08,0.008261765681808109
2024-05-09,0.01212710300062171
2024-05-10,-0.016191709317972088
2024-05-13,-0.0059248319742307345
2024-05-14,-0.00099347293821977
2024-05-15,0.012263908288235271
2024-05-16,-0.0009823441805441593
2024-05-17,0.01212710300062171
2024-05-20,0.0006477307066362585
2024-05-21,-0.005825328835557169
2024-05-22,-0.01920560233040861
2024-05-23,-0.020245673213267413
2024-05-24,-0.005420008486659381
2024-05-28,0.016008216789732518
2024-05-29,-0.022125469143327275
2024-05-30,0.019197931073907402
2024-05-31,0.026908827322421676
2024-06-03,-0.035702728451834156
2024-06-04,-0.016304353233459593
2024-06-05,0.0013813483867555854
2024-06-06,0.00793093089019952
2024-06-07,-0.013000232774607469
2024-06-10,0.021490429854285762
2024-06-11,0.007465226527559998
2024-06-12,-0.012125262218493894
2024-06-13,-0.02591209991045336
2024-06-14,-0.02625127360401173
2024-06-17,0.004313406908580652
2024-06-18,0.002147515552601476
2024-06-20,0.010714269168421293
2024-06-21,-0.0074204685755687155
2024-06-24,0.04449977766572097
2024-06-25,-0.011588248364920575
2024-06-26,-0.012413831714315645
2024-06-27,0.015013875775791307
2024-06-28,0.01272789941473816
2024-07-01,0.0064538568283087315
2024-07-02,-0.009112344509284075
2024-07-03,0.002384282859836763
2024-07-05,-0.028202521663828063
2024-07-08,0.008391536566075962
2024-07-09,-0.001733724747799926
2024-07-10,-0.000694607100413603
2024-07-11,0.035453439993297815
2024-07-12,0.0060422453602092955
2024-07-15,0.04971649187837072
2024-07-16,0.006675186417205037
2024-07-17,0.01736667678549073
2024-07-18,-0.0021725774709229367
2024-07-19,-0.004354745837363818
2024-07-22,-0.015428148776402174
2024-07-23,-0.01854816630760337
2024-07-24,-0.0133593553840293
2024-07-25,0.033025079785106215
2024-07-26,-0.002237842433195725
2024-07-29,-0.013777502408648452
2024-07-30,0.008122151482249313
2024-07-31,0.005156326161596686
2024-08-01,-0.003526917915945661
2024-08-02,-0.0801157941407219
2024-08-05,-0.034977315647842774
2024-08-06,-0.017397622009981226
2024-08-07,-0.0033196960823711603
2024-08-08,0.05292373410366876
2024-08-09,-0.004569484230704374
2024-08-12,0.030720327102546838
2024-08-13,-0.009249715068978696
2024-08-14,0.0010374528891372516
2024-08-15,0.018307307606480226
2024-08-16,-0.007801847138045811
2024-08-19,0.0023931523479933077
2024-08-20,-0.03376547958845992
2024-08-21,-0.009530431586497889
2024-08-22,-0.004989287901220977
2024-08-23,0.019699143144078238
2024-08-26,0.017913570513114513
2024-08-27,-0.01897860895071381
2024-08-28,0.004924355215413524
2024-08-29,0.02695138154513155
2024-08-30,-0.028970840742414718
2024-09-03,-0.06142488812559225
2024-09-04,-0.0317875950598606
2024-09-05,0.0030899717639267027
2024-09-06,-0.028109365722549618
2024-09-09,-0.012678188848493801
2024-09-10,-0.04293752667257618
2024-09-11,-0.010062814362308492
2024-09-12,0.0038118150528051523
2024-09-13,0.010126766330827496
2024-09-16,0.02088544607232788
2024-09-17,0.03314245826901323
2024-09-18,-0.005544613291566286
2024-09-19,0.00995610411994283
2024-09-20,-0.011435191142605583
2024-09-23,0.014758672702347046
2024-09-24,-0.003930847696950998
2024-09-25,-0.030386777219149726
2024-09-26,-0.05779387887681823
2024-09-27,0.05961108828456633
2024-09-30,-0.0028538058770527755
2024-10-01,0.049059818570814234
2024-10-02,0.003897065247992855
2024-10-03,0.029891423256857456
2024-10-04,0.013569318902585881
2024-10-07,0.0029752923355959916
2024-10-08,-0.026325578982394324
2024-10-09,0.0026655609899548373
2024-10-10,0.020129239444765988
2024-10-11,0.007818284398210048
2024-10-14,-0.0136682653300675
2024-10-15,-0.0692885340921681
2024-10-16,-0.002011921159155294
2024-10-17,0.004838797163770269
2024-10-18,0.00963065869923547
2024-10-21,-0.0019872143363921114
2024-10-22,0.012872051809969266
2024-10-23,-0.027402636146558877
2024-10-24,0.007349862607586572
2024-10-25,0.006080335743501722
2024-10-28,-0.04512491021770168
2024-10-29,-0.016455728255664534
2024-10-30,0.006864034022331872
2024-10-31,0.005538909190769501
2024-11-01,-0.021610179860729443
2024-11-04,0.019489201430961604
2024-11-05,0.0012741803084749142
2024-11-06,0.0492150838943614
2024-11-07,-0.11322284831544062
2024-11-08,-0.007295877743322757
2024-11-11,0.01837388858054479
2024-11-12,-0.013531692223089415
2024-11-13,0.006858608336747773
2024-11-14,0.026339680847499217
2024-11-15,-0.009734575403218619
2024-11-18,0.0035748185545636676
2024-11-19,-0.02404285958347391
2024-11-20,0.009580318875782238
2024-11-21,0.01400824790331351
2024-11-22,0.014705790764597809
2024-11-25,-0.004391828709202938
2024-11-26,-0.006616576281011434
2024-11-27,0.0
2024-11-29,0.005772566782607172
2024-12-02,-0.013686464869958032
2024-12-03,0.003581126837816059
2024-12-04,-0.00981272818392751
2024-12-05,-0.01621623373106596
2024-12-06,-0.01923082171213185
2024-12-09,0.038748808184740025
2024-12-10,0.0004495670227116789
2024-12-11,0.00539062578623872
2024-12-12,0.025022536041135714
2024-12-13,-0.0034872824032181476
2024-12-16,-0.040245079106151195
2024-12-17,-0.04056527975888651
2024-12-18,-0.009976177734661616
2024-12-19,-0.01727429461488954
2024-12-20,0.027343653566437413
2024-12-23,0.02661587821320894
2024-12-24,0.0125000618475794
2024-12-26,-0.0013717592575189735
2024-12-27,0.011446684665095685
2024-12-30,0.014939169367371283
2024-12-31,0.02988388430543762
2025-01-02,0.012559499898662027
2025-01-03,0.001711002801125373
2025-01-06,0.010247604067274001
2025-01-07,0.0
2025-01-08,0.0008453770462411342
2025-01-10,0.0
2025-01-13,0.029560774378556046
2025-01-14,0.019277972563102395
2025-01-15,0.024144925961222988
2025-01-16,-0.01178788668239903
2025-01-17,-0.02982087843937528
2025-01-21,-0.028688572574357026
2025-01-22,-0.0038380135916567908
2025-01-23,0.006421305470736717
2025-01-24,-0.008081746625354175
2025-01-27,0.0025727360611561764
2025-01-28,-0.001710698064487959
2025-01-29,-0.00685521529148649
2025-01-30,-0.008196802568851413
2025-01-31,-0.04610695179597498
2025-02-03,-0.0209758357452336
2025-02-04,0.042850496465938435
2025-02-05,-0.008932418499446697
2025-02-06,-0.02478591231358398
2025-02-07,0.001386280763390385
2025-02-10,0.06091350789565674
2025-02-11,0.013919248351212884
2025-02-12,-0.04032595978535836
2025-02-13,0.005364259969115666
2025-02-14,0.02890163741133341
2025-02-18,0.018582582032601512
2025-02-19,0.0008485401184332507
2025-02-20,0.0012716879606011209
2025-02-21,-0.03513957111968732
2025-02-24,0.003510237814395785
2025-02-25,-0.021425411016201636
2025-02-26,-0.016532646586431502
2025-02-27,-0.07223989129447587
2025-02-28,0.013712108461991198
2025-03-03,-0.08743965623950063
2025-03-04,-0.01694025567126086
2025-03-05,-0.0016154614731274028
2025-03-06,0.011326856936774406
2025-03-07,0.004799967376230048
2025-03-10,0.009554183440322054
2025-03-11,0.009463764894484073
2025-03-12,0.023437445387720968
2025-03-13,-0.03104324151357509
2025-03-14,0.029937055678820122
2025-03-17,0.02141753105175422
2025-03-18,0.0069894457784941445
2025-03-19,0.0317302364296724
2025-03-20,-0.011532677238067597
2025-03-21,0.0019444891788668063
2025-03-24,0.011159533344213206
2025-03-25,0.0023992920390596313
2025-03-26,0.01005265360481381
2025-03-27,0.004739357960839555
2025-03-28,-0.01320751079155185
2025-03-31,0.0047801360970604325
2025-04-01,0.005232989494839617
2025-04-02,0.005205940352028703
2025-04-03,-0.16478340306392042
2025-04-04,-0.14430666630290273
2025-04-07,-0.01449275168169143
2025-04-08,-0.06216571443096877
2025-04-09,0.19101907432461226
2025-04-10,-0.12627166136978898
2025-04-11,0.030137053081909754
2025-04-14,0.010638210129494948
2025-04-15,-0.02039462893230189
2025-04-16,0.032236338494631
2025-04-17,0.0481458227253221
2025-04-21,-0.037864784495694456
2025-04-22,0.03999991865748642
2025-04-23,-0.01324080369386879
2025-04-24,0.038977749208835476
2025-04-25,0.005535075896419772
2025-04-28,0.012232250308573368
2025-04-29,-0.018731075859524396
2025-04-30,-0.04310345517929471
2025-05-01,0.04375801061795138
2025-05-02,0.014796460548137668
2025-05-05,-0.05832305247501218
2025-05-06,0.014838629397048655
2025-05-07,-0.0158931599897914
2025-05-08,0.0452197101309912
2025-05-09,0.03337453776400601
2025-05-12,0.059210448771095145
2025-05-13,0.0423489663644659
2025-05-14,-0.01570956978383301
2025-05-15,-0.022564800175829326
2025-05-16,-0.009572008957021998
2025-05-19,-0.015349688863652804
2025-05-20,-0.004041496206115614
2025-05-21,-0.03130440844152824
2025-05-22,0.001795359006845401
2025-05-23,0.00657108578829245
2025-05-27,0.027299794520995253
2025-05-28,-0.007510086459328562
2025-05-29,0.009312982379890443
2025-05-30,-0.019030908105527242
2025-06-02,0.018812231261400587
2025-06-03,0.054241359050707524
2025-06-04,-0.01915717161938627
2025-06-05,-0.0039061780382491935
2025-06-06,0.03641445279683734
2025-06-09,0.007027005981742222
2025-06-10,0.03489018084733358
2025-06-11,0.01711607217815343
2025-06-12,0.017338180737801134
2025-06-13,0.053132648594275814
2025-06-16,-0.024274185169761597
2025-06-17,0.01365867636506733
2025-06-18,-0.02261796512163062
2025-06-20,-0.016740509056877934
2025-06-23,-0.07911872231667767
2025-06-24,-0.011419148427605488
2025-06-25,-0.020902254017264234
2025-06-26,0.03651685930011713
2025-06-27,0.00596216724020084
2025-06-30,-0.014547361229106926
2025-07-01,0.035538544995460816
2025-07-02,0.029038956467763256
2025-07-03,0.0020525021298533528
2025-07-07,-0.006144484199041621
2025-07-08,0.05615651185609512
2025-07-09,-0.002438882039662357
2025-07-10,-0.0024450404012327834
2025-07-11,-0.01421562031316263
2025-07-14,-0.0318250702107736
2025-07-15,-0.042116020648866
2025-07-16,-0.027345769034447673
2025-07-17,0.038588700871556296
2025-07-18,-0.00106155150914266
2025-07-21,-0.011689688201981414
2025-07-22,0.02125348466275091
2025-07-23,0.024546362484061043
2025-07-24,0.0052081416433588795
2025-07-25,-0.010362519429340406
2025-07-28,0.02460725127981269
2025-07-29,0.005620843598574455
2025-07-30,-0.010162629758479574
2025-07-31,-0.009753539644115421
2025-08-01,-0.043027531976154325
2025-08-04,-0.01029246766983395
2025-08-05,0.01751494880790914
2025-08-06,-0.028509862828132268
2025-08-07,0.07751937476146321
2025-08-08,0.028263080347117366
2025-08-11,-0.004497783364988274
2025-08-12,0.026104451496565245
2025-08-13,0.005870819187576121
2025-08-14,-0.0034046404030384564
2025-08-15,-0.00048812136853163327
2025-08-18,-0.0034178435683589917
2025-08-19,-0.00832923439901757
2025-08-20,0.00494072485744777
2025-08-21,0.014257581281721806
2025-08-22,0.04895775188005751
2025-08-25,0.033271867240536684
2025-08-26,-0.010733498864273662
2025-08-27,0.021247761547772148
2025-08-28,0.01726425278834446
2025-08-29,0.010443737966084457
2025-09-02,0.02670124653988041
2025-09-03,-0.04865783370266145
2025-09-04,0.03350986487595548
2025-09-05,-0.02943695573804134
2025-09-08,-0.021538365164144115
2025-09-09,-0.026954161405743967
2025-09-10,0.07525388759687096
2025-09-11,-0.01331045258522056
2025-09-12,-0.006092287849198289
2025-09-15,0.0030647724529820628
2025-09-16,0.06983860606591129
2025-09-17,-0.014280004474430393
2025-09-18,-0.010761603133357653
2025-09-19,-0.017573238067739968
2025-09-22,0.005536676181826191
2025-09-23,0.01609486956438136
2025-09-24,0.017924135536433933
2025-09-25,-0.0032759638870428188
2025-09-26,0.01437966143644803
2025-09-29,-0.014175817973405742
2025-09-30,-0.0024650685985196613
2025-10-01,0.032125082312388725
2025-10-02,-0.04708692069013673
2025-10-03,0.027638168524982368
2025-10-06,0.02363506059158233
2025-10-07,-0.0015923765825641954
2025-10-08,-0.019138838072985383
2025-10-09,-0.03821142216792382
2025-10-10,-0.07269653536333417
2025-10-13,0.040109356438725596
2025-10-14,0.003943937204243634
2025-10-15,0.01440426473416233
2025-10-16,-0.010327067254400166
2025-10-17,-0.02086957103825981
2025-10-20,-0.0013321002772272645
2025-10-21,0.004001631405987071
2025-10-22,0.025078397583379687
2025-10-23,0.07557888955879631
2025-10-24,-0.03208769203921826
2025-10-27,-0.020562285814642405
2025-10-28,-0.02613545259617448
2025-10-29,-0.008358979502873665
2025-10-30,-0.006211208095173226
2025-10-31,0.011160659042877106
2025-11-03,-0.007063890004464216
2025-11-04,-0.017785749406648402
2025-11-05,-0.019465739312638945
2025-11-06,0.09141271067771403
2025-11-07,0.008037207892061705
2025-11-10,0.02182122634848103
2025-11-11,0.009856204067971885
2025-11-12,-0.02846682729464841
2025-11-13,0.03348686097886355
2025-11-14,0.004050218311265551
2025-11-17,-0.016538916758788387
2025-11-18,0.022149230194231317
2025-11-19,-0.03491173623013125
2025-11-20,-0.02785865640979606
2025-11-21,0.024379929720692854
2025-11-24,0.019206626849862327
2025-11-25,-0.013518979430007743
2025-11-26,0.024501625613643108
2025-11-28,0.012160505666626154
2025-12-01,0.01241497057316371
2025-12-02,0.006724652694609853
2025-12-03,0.05893910741808719
2025-12-04,-0.008905544170599492
2025-12-05,0.01460139780823003
2025-12-08,-0.03542435918730967
2025-12-09,0.009563913817018916
2025-12-10,-0.0026524947800737136
2025-12-11,-0.014057712663073532
2025-12-12,-0.0007708022775187583
2025-12-15,-0.02545316084516852
2025-12-16,-0.051840156742277016
2025-12-17,0.027963300444230597
2025-12-18,-0.03329263394420987
2025-12-19,0.013019732753199205
2025-12-22,0.012023114407707263
2025-12-23,-0.0020482987141475753
2025-12-24,0.0
2025-12-26,-0.007389138482481287
2025-12-29,0.008271289379202023
2025-12-30,0.013125514226025979
2025-12-31,-0.009716699080426033
2026-01-02,0.036794889576945315
2026-01-05,-0.035094744032127
2026-01-06,-0.024111124113924107
2026-01-07,-0.020519233337840084
2026-01-08,0.0846515361265902
2026-01-09,-0.006700797603350545
2026-01-12,-0.011111161030423429
2026-01-13,0.03210277386991355
2026-01-14,0.03771385385052481
2026-01-15,-0.02547766461506169
2026-01-16,-0.00884284032980009
2026-01-20,-0.016679526154987752
2026-01-21,0.04694274067524856
2026-01-22,-0.02814758927702619
2026-01-23,0.00978477224527568
2026-01-26,-0.015503963116537466
2026-01-27,0.01692923432214396
2026-01-28,0.006968627812362608
2026-01-29,0.009611648940860073
2026-01-30,0.005712160425592953
2026-02-02,-0.019689563473390553
2026-02-03,0.022016194093713155
2026-02-04,0.03476945665731372
2026-02-05,-0.03287064870598988
2026-02-06,0.03700900189361356
2026-02-09,0.0010925079235871158
2026-02-10,-0.0014549703044675713
2026-02-11,0.029508174780397432
2026-02-12,-0.0474168287775006
2026-02-13,0.037147022799303896
2026-02-17,-0.020773569662788673
2026-02-18,0.04645202292744461
2026-02-19,0.016427878143069275
2026-02-20,-0.000687808305218792
2026-02-23,-0.011699924078747839
2026-02-24,-0.003481880131785756
2026-02-25,-0.027253639726943373
2026-02-26,0.04525860317619513
2026-02-27,0.043642620840395344
2026-03-02,0.04346394640133812
2026-03-03,0.005048915217873207
2026-03-04,-0.023547906328299482
2026-03-05,0.041157588896762264
2026-03-06,0.009264880931586712
2026-03-09,-0.002753943350561652
2026-03-10,-0.02362683211275548
2026-03-11,0.036140766784446714
2026-03-12,0.01941160180199983
2026-03-13,0.025587657171419007
2026-03-16,0.0020306757696289214
2026-03-17,0.03850610470555028
2026-03-18,0.02063005603483315
2026-03-19,0.03960671629209567
2026-03-20,0.027587906228614366
2026-03-23,-0.0020454649729697233
2026-03-24,0.045349687260277965
2026-03-25,0.012745085215257553
2026-03-26,0.03581810701190727
2026-03-27,0.037149544300405096
2026-03-30,-0.014642965016156851
2026-03-31,-0.02972113558086476
2026-04-01,-0.02568337913934154
2026-04-02,0.016686922629082074
2026-04-06,0.023311185514666103
2026-04-07,-0.0013947124262989096
2026-04-08,-0.09799820716159545
2026-04-09,0.005677536410873637
2026-04-10,-0.008724703539896779
2026-04-13,0.022262519939461323
2026-04-14,-0.06229440801553876
2026-04-15,-0.0116121189461795
2026-04-16,0.03551919439276945
2026-04-17,-0.056992076301945
2026-04-20,0.006435296932259229
2026-04-21,0.04531553053597616
2026-04-22,0.019009432307888995
2026-04-23,0.01576457115333896
2026-04-24,-0.02405586995421942
2026-04-27,0.018552845849633348
2026-04-28,0.005724733760744934
2026-04-29,0.04320820097061411
2026-04-30,0.010168665042584285
2026-05-01,-0.014731052607304635
2026-05-04,0.047096894933763726
2026-05-05,-0.012851078192743592
2026-05-06,-0.07666348544393801
2026-05-07,-0.05378576387046546
2026-05-08,-0.018763789655429013
2026-05-11,0.03205843557470327
2026-05-12,0.010626637825412717
2026-05-13,-0.0032353298810166705
2026-05-14,0.0037868896765484565
2026-05-15,0.05039071246446621
2026-05-18,0.030015405605385497
2026-05-19,0.018928919532381936
2026-05-20,-0.03886572682275559
2026-05-21,-0.024923740618645256
2026-05-22,0.01199786861310358
2026-05-26,-0.033505117128059834
2026-05-27,-0.023466726164536607
2026-05-28,-0.0024576666706180115
2026-05-29,-0.002737351684281029
2026-06-01,0.0362338043190451
2026-06-02,0.0015894334375520262
2026-06-03,0.013752959011687303
2026-06-04,-0.0028697844093755376
2026-06-05,-0.04317115917499831
2026-06-08,0.029805861672397297
2026-06-09,-0.027880996525267297
2026-06-10,0.03796771821078598
2026-06-11,-0.032105319025258164
2026-06-12,0.006525406796069757
2026-06-15,-0.06077799090875602
2026-06-16,-0.01466792280182516
2026-06-17,-0.009632123134015819
2026-06-18,-0.026525237079333422
2026-06-22,0.0354223607541201
2026-06-23,0.000584881044046923
2026-06-24,-0.02600823182012494
2026-06-25,0.002700147092146626
2026-06-26,-0.012268005698179266
2026-06-29,-0.0015147399700263962
2026-06-30,-0.01183245262927981
2026-07-01,-0.021492194773114648
2026-07-02,0.015374924128858264
2026-07-06,0.0030902130669322983
2026-07-07,0.047443099311432965
2026-07-08,0.03117651983712296
2026-07-09,-0.05048488287010162
2026-07-10,0.0045057676272031765
2026-07-13,0.03678223165351458
2026-07-14,-0.004038000618503401
2026-07-15,-0.007529675472222049
2026-07-16,0.0002917871283427309
2026-07-17,0.0274212219658452
2026-07-20,-0.010789269804060413
2026-07-21,0.02669345310783178
2026-07-22,0.018581076545787376
2026-07-23,0.006633440070347319
2026-07-24,-0.0074134172608670695
2026-07-27,-0.03900414351027689
2026-07-28,0.005469159974933246
2026-07-29,0.05067278678212323
2026-07-30,-0.010081714555668333
2026-07-31,0.02725014626680493
2026-08-03,-0.012057898355284879
2026-08-04,-0.02902087675133874
2026-08-05,-0.031843559048691204
2026-08-06,0.053952652628888834
2026-08-07,0.03011230018003116
2026-08-10,0.090087677210322
2026-08-11,-0.009751377898953674
2026-08-12,-0.016001913546861847
2026-08-13,0.000750532358786535
2026-08-14,0.011750030517578124
2026-08-17,0.02742773849445111
2026-08-18,0.018999448437735666
2026-08-19,0.02548977716027158
2026-08-20,0.021634030154281454
2026-08-21,-0.02252759661522311
2026-08-24,-0.009910124711326143
2026-08-25,-0.037476737538699734
2026-08-26,-0.003869403949609462
2026-08-27,0.028890567639752538
2026-08-28,0.0037753620429350557
2026-08-31,0.0143394592671226
2026-09-01,0.026651162700236236
2026-09-02,0.00902937997218457
2026-09-03,-0.011633119661930782
2026-09-04,-0.031914889942789904
2026-09-08,0.01823705333057317
2026-09-09,0.02962114668487911
2026-09-10,-0.006913500718913897
2026-09-11,0.004491371399552756
2026-09-14,0.006706891127447306
2026-09-15,0.052853678273015424
2026-09-16,-0.0552625804749455
2026-09-17,0.014958654950887584
2026-09-18,-0.012978446204795711
2026-09-21,-0.02362374824663774
2026-09-22,-0.03446706434369228
2026-09-23,0.033096963383685236
2026-09-24,-0.00045767637104101867
2026-09-25,-0.02152011492998092
