date,returns
2011-01-14,0.0
2011-01-18,0.009052168697214154
2011-01-19,-0.032167287077905136
2011-01-20,-0.0063559759507860365
2011-01-21,0.006529983616778848
2011-01-24,0.016946967941638757
2011-01-25,0.0006509784156270328
2011-01-26,0.01444157992190384
2011-01-27,0.0083368980999814
2011-01-28,-0.05189529461098444
2011-01-31,0.0
2011-02-01,0.0
2011-02-02,-0.005266236546745914
2011-02-03,0.007311074534648876
2011-02-04,0.007758669387094034
2011-02-07,0.020364894313673703
2011-02-08,0.013022141489850324
2011-02-09,-0.005766648683812041
2011-02-10,0.0016916183229993952
2011-02-11,0.018938728150433282
2011-02-14,0.007576306239787163
2011-02-15,-0.00963431799257843
2011-02-16,0.018744829543943773
2011-02-17,0.009898643216460943
2011-02-18,-0.0002184419371018474
2011-02-22,0.0
2011-02-23,0.00021848966440737725
2011-02-24,0.0
2011-02-25,0.0
2011-02-28,-0.0002184419371018474
2011-03-01,-0.050386302866248726
2011-03-02,0.00021848966440737725
2011-03-03,-0.0002184419371018474
2011-03-04,-0.020362556239506887
2011-03-07,-0.0002184419371018474
2011-03-08,0.0
2011-03-09,0.0
2011-03-10,0.0
2011-03-11,0.00021848966440737725
2011-03-14,0.0
2011-03-15,0.00021729608049330168
2011-03-16,0.0
2011-03-17,0.03302079047220108
2011-03-18,0.0
2011-03-21,0.0
2011-03-22,-0.010730742498150276
2011-03-23,0.008522683267447083
2011-03-24,0.029577555872255495
2011-03-25,0.009824502338668096
2011-03-28,-0.007266017828346015
2011-03-29,0.020344997728732318
2011-03-30,0.02237079317582042
2011-03-31,-0.0028542544849004254
2011-04-01,0.012522552219276917
2011-04-04,0.0029445151090724334
2011-04-05,0.0
2011-04-06,0.007868654628883798
2011-04-07,-0.007923749096898879
2011-04-08,-0.011862763359901668
2011-04-11,-0.009033562838864605
2011-04-12,-0.02350967647936586
2011-04-13,0.0011055519007993615
2011-04-14,0.002576617417707548
2011-04-15,0.011259164137196749
2011-04-18,-0.034611827670758204
2011-04-19,0.01566993540480838
2011-04-20,0.04505061620524294
2011-04-21,0.014408687490325311
2011-04-25,-0.0020953325596200618
2011-04-26,0.02531780860321551
2011-04-27,0.019116819203128337
2011-04-28,0.009714269158533025
2011-04-29,0.00862546233017059
2011-05-02,-0.006139534716310844
2011-05-03,-0.014230538356861694
2011-05-04,-0.020591051760196544
2011-05-05,0.0
2011-05-06,0.0
2011-05-09,0.0
2011-05-10,0.026571110513063195
2011-05-11,-0.03188180518879109
2011-05-12,0.013999025217428093
2011-05-13,-0.025235065956779813
2011-05-16,-0.018690463381892453
2011-05-17,0.0
2011-05-18,0.029066080347716797
2011-05-19,0.005187872125215234
2011-05-20,-0.021447186750657255
2011-05-23,-0.03715428783606863
2011-05-24,0.0
2011-05-25,0.0
2011-05-26,0.014961199010524113
2011-05-27,0.012482283129937223
2011-05-31,0.03087925478713472
2011-06-01,-0.06685620113586936
2011-06-02,0.0
2011-06-03,-0.030247365285826333
2011-06-06,-0.03396886619767716
2011-06-07,-0.001045786241523309
2011-06-08,-0.01374006601001427
2011-06-09,0.02083067729584251
2011-06-10,-0.042240551753519415
2011-06-13,0.0009498711029968018
2011-06-14,0.00021848966440737725
2011-06-15,-0.05171728305219715
2011-06-16,0.0
2011-06-17,0.0
2011-06-20,0.0
2011-06-21,-0.0002184419371018474
2011-06-22,-0.01734303109109183
2011-06-23,-0.0077136799790155156
2011-06-24,-0.033070008539229465
2011-06-27,0.0
2011-06-28,0.0
2011-06-29,0.02674645141310445
2011-06-30,0.028169164815668606
2011-07-01,0.0429142606415453
2011-07-05,-0.0012786661480769371
2011-07-06,0.005004968669898384
2011-07-07,0.03219408088823964
2011-07-08,-0.021204838939656055
2011-07-11,-0.05559372941370671
2011-07-12,0.0002181204643996242
2011-07-13,0.00021848966440737725
2011-07-14,0.0
2011-07-15,0.0
2011-07-18,0.0
2011-07-19,0.0
2011-07-20,-0.0023983122640114708
2011-07-21,0.04026447437902556
2011-07-22,0.003581863794639809
2011-07-25,-0.01772961341946108
2011-07-26,-0.0116034633391546
2011-07-27,0.0
2011-07-28,0.0
2011-07-29,0.0
2011-08-01,0.0
2011-08-02,-0.07852998966611821
2011-08-03,0.01649992468372827
2011-08-04,-0.14749508833861807
2011-08-05,-0.013907224406457084
2011-08-08,-0.19711212359647154
2011-08-09,0.1432451019131851
2011-08-10,0.0
2011-08-11,0.1405027555333595
2011-08-12,0.0
2011-08-15,0.0
2011-08-16,0.0
2011-08-17,0.0
2011-08-18,-0.00043646719907331454
2011-08-19,0.00043665778587406853
2011-08-22,-0.00043646719907331454
2011-08-23,0.00043665778587406853
2011-08-24,0.0
2011-08-25,-0.00043646719907331454
2011-08-26,0.00043665778587406853
2011-08-29,0.0
2011-08-30,0.007358218021778865
2011-08-31,0.01800572479482184
2011-09-01,-0.03420696481543147
2011-09-02,0.0
2011-09-06,-0.0002184419371018474
2011-09-07,-0.0002180728982377876
2011-09-08,0.0
2011-09-09,0.0002181204643996242
2011-09-12,0.0
2011-09-13,-0.0002180728982377876
2011-09-14,0.0
2011-09-15,0.0
2011-09-16,0.014290781294380486
2011-09-19,-0.029367049918144136
2011-09-20,-0.0069952437951107714
2011-09-21,-0.09228628405247923
2011-09-22,-0.0002180728982377876
2011-09-23,0.0002181204643996242
2011-09-26,0.0
2011-09-27,-0.0002180728982377876
2011-09-28,0.0002181204643996242
2011-09-29,0.0
2011-09-30,0.0
2011-10-03,0.0
2011-10-04,0.0
2011-10-05,0.0
2011-10-06,0.057773035403781904
2011-10-07,-0.025819182651164393
2011-10-10,0.10214038977316058
2011-10-11,0.0033299785187539898
2011-10-12,0.027839105740530105
2011-10-13,-0.004843210021802825
2011-10-14,0.05137032403898204
2011-10-17,-0.06051789511782879
2011-10-18,0.06222603070748694
2011-10-19,-0.03985539508709016
2011-10-20,0.0
2011-10-21,-0.0002180728982377876
2011-10-24,0.045909687605562695
2011-10-25,-0.059536980614261464
2011-10-26,0.0290227243845189
2011-10-27,0.10423861110289649
2011-10-28,-0.00044839332326782267
2011-10-31,-0.07322156113894504
2011-11-01,-0.081102812989317
2011-11-02,-0.0002180728982377876
2011-11-03,-0.00021759939305609905
2011-11-04,0.00021764675285742147
2011-11-07,0.0002181204643996242
2011-11-08,0.0
2011-11-09,-0.11179082693559302
2011-11-10,0.0002181204643996242
2011-11-11,-0.0002180728982377876
2011-11-14,-0.025123159830410163
2011-11-15,-0.0002180728982377876
2011-11-16,0.0002181204643996242
2011-11-17,0.0
2011-11-18,0.0
2011-11-21,0.0
2011-11-22,-0.0002180728982377876
2011-11-23,0.0002181204643996242
2011-11-25,0.0
2011-11-28,0.0
2011-11-29,0.007397698600215314
2011-11-30,0.12483487065734941
2011-12-01,-0.0001669749185706651
2011-12-02,-0.0005024881832304029
2011-12-05,0.030318316146133235
2011-12-06,0.0009754835849021745
2011-12-07,0.0077960584736172685
2011-12-08,-0.0649476404792075
2011-12-09,-0.00021759939305609905
2011-12-12,-0.044633897652584686
2011-12-13,-0.031432239158284844
2011-12-14,-0.034226493363884565
2011-12-15,0.013220923526360177
2011-12-16,0.0052558167579515435
2011-12-19,-0.03281081446520766
2011-12-20,0.08965533391457654
2011-12-21,0.007697718201460362
2011-12-22,0.028687596961366347
2011-12-23,0.022937118393169257
2011-12-27,0.001936268139528631
2011-12-28,-0.036387237113611644
2011-12-29,0.027735870512069397
2011-12-30,-0.010892489474343263
2012-01-03,0.04437882287114641
2012-01-04,0.0018883385333437065
2012-01-05,0.011624244501462204
2012-01-06,-0.006832133733047599
2012-01-09,0.005472055472114696
2012-01-10,0.029078086245682342
2012-01-11,0.00423054853463823
2012-01-12,0.005718201121088501
2012-01-13,-0.012716882902949787
2012-01-17,0.007273494729285092
2012-01-18,0.03490307924264221
2012-01-19,0.016717549370294994
2012-01-20,0.0008578163334259783
2012-01-23,0.0018572946865480385
2012-01-24,-0.0008556722608697609
2012-01-25,0.02697311041273228
2012-01-26,-0.01695389761457339
2012-01-27,0.0005652019282729926
2012-01-30,-0.009748395752881634
2012-01-31,-0.0029957970208127683
2012-02-01,0.02976511632697386
2012-02-02,0.0062535055224617955
2012-02-03,0.0426734174036662
2012-02-06,-0.0015892896295130565
2012-02-07,0.007694603827402076
2012-02-08,0.006845351783310511
2012-02-09,0.0048381921489539115
2012-02-10,0.00021831031361934207
2012-02-13,-0.00021826266462857564
2012-02-14,-0.002216212207915403
2012-02-15,-0.00021826266462857564
2012-02-16,0.00021831031361934207
2012-02-17,-0.00021826266462857564
2012-02-21,0.0
2012-02-22,0.0
2012-02-23,0.015566733788043298
2012-02-24,0.0055739581348917865
2012-02-27,0.004409237072904121
2012-02-28,0.008026880746381925
2012-02-29,-0.01741954123843909
2012-03-01,0.020641036382497823
2012-03-02,-0.00930528278473729
2012-03-05,-0.013400251837826307
2012-03-06,-0.047346770058640825
2012-03-07,0.0
2012-03-08,0.030615178122810924
2012-03-09,0.013146125664093662
2012-03-12,-0.0024956399359418544
2012-03-13,0.05591006958652863
2012-03-14,-0.004501302902461649
2012-03-15,0.015944641525586833
2012-03-16,0.006441930527950809
2012-03-19,0.010241160367530045
2012-03-20,-0.010598206534557078
2012-03-21,-0.0036089468186425943
2012-03-22,-0.023019492195928935
2012-03-23,0.010405193958705122
2012-03-26,0.04060170750186119
2012-03-27,-0.00875917493537463
2012-03-28,-0.01549217323969438
2012-03-29,-0.003963076049952435
2012-03-30,0.008542845815471397
2012-04-02,0.02367150997109255
2012-04-03,-0.0089551809424452
2012-04-04,-0.03133917287933503
2012-04-05,-0.0037786113066713423
2012-04-09,0.00021831031361934207
2012-04-10,0.0
2012-04-11,0.0
2012-04-12,-0.00021826266462857564
2012-04-13,-0.03482180172097886
2012-04-16,0.0002191923897069673
2012-04-17,0.0
2012-04-18,-0.009423710378110094
2012-04-19,-0.016831491884790287
2012-04-20,0.002977475290174026
2012-04-23,-0.025726801287218545
2012-04-24,0.010790947709636657
2012-04-25,0.04295394877170558
2012-04-26,0.01999049805676974
2012-04-27,0.006021152596787904
2012-04-30,-0.013261127661516613
2012-05-01,0.019029522295406467
2012-05-02,-0.0067695236958382286
2012-05-03,-0.025029166741472205
2012-05-04,-0.04869268154901044
2012-05-07,0.00021831031361934207
2012-05-08,0.0
2012-05-09,0.0
2012-05-10,0.0
2012-05-11,0.0
2012-05-14,0.0
2012-05-15,-0.018081230384754208
2012-05-16,-0.011818099477477246
2012-05-17,-0.04950646908807666
2012-05-18,-0.028090902129734117
2012-05-21,0.05419276515537065
2012-05-22,-0.00043735918852984875
2012-05-23,0.0
2012-05-24,0.0004375505552856493
2012-05-25,0.0
2012-05-29,0.0
2012-05-30,-0.04406303841587083
2012-05-31,0.0
2012-06-01,0.0
2012-06-04,-0.005636240850746174
2012-06-05,0.02361821263797197
2012-06-06,-0.00021826266462857564
2012-06-07,-0.00028834221774720435
2012-06-08,0.023627778265914924
2012-06-11,-0.03912698710301258
2012-06-12,0.033396700991611225
2012-06-13,-0.021828851324843718
2012-06-14,0.0
2012-06-15,0.027281423137418263
2012-06-18,0.011225129604990522
2012-06-19,0.028699680649346897
2012-06-20,-0.004343151145747465
2012-06-21,-0.06701011486342039
2012-06-22,0.019407773144060142
2012-06-25,-0.048360220447518955
2012-06-26,0.01679331914368316
2012-06-27,0.026712417449661022
2012-06-28,-0.008252911607928192
2012-06-29,0.0743300178349657
2012-07-02,0.007745923369449314
2012-07-03,0.020583579343335268
2012-07-05,-0.013658059655833466
2012-07-06,-0.027048329927055487
2012-07-09,-0.004389442932077338
2012-07-10,-0.026452939212187877
2012-07-11,0.00013714860003162302
2012-07-12,-0.013446689342026478
2012-07-13,0.04742715115894147
2012-07-16,-0.0059755832776553375
2012-07-17,0.0200374803003248
2012-07-18,0.022001117484532068
2012-07-19,0.008841508451576337
2012-07-20,-0.028324473832751544
2012-07-23,-0.02954230594050655
2012-07-24,0.0002191923897069673
2012-07-25,0.00021831031361934207
2012-07-26,-0.00021826266462857564
2012-07-27,0.05673577022137178
2012-07-30,-0.0007489455759120311
2012-07-31,-0.018493043809038164
2012-08-01,0.0002191923897069673
2012-08-02,-0.02184760725881603
2012-08-03,0.05851607469203086
2012-08-06,0.006046675878556678
2012-08-07,0.014227741432001392
2012-08-08,0.003144301631848493
2012-08-09,0.003013659115394085
2012-08-10,0.004928124654502001
2012-08-13,-0.001674571744718458
2012-08-14,0.0013178825022734306
2012-08-15,0.0025126461319684595
2012-08-16,0.022556534307039907
2012-08-17,0.0036178646574213974
2012-08-20,0.00046518580560695735
2012-08-21,-0.009066465101602002
2012-08-22,0.0
2012-08-23,-0.022639451494073162
2012-08-24,0.0
2012-08-27,0.0004720476774114384
2012-08-28,-0.0021235101602097416
2012-08-29,0.0
2012-08-30,0.0
2012-08-31,0.0
2012-09-04,-0.0019094463615083339
2012-09-05,-0.0011957153821488549
2012-09-06,0.0604501335558193
2012-09-07,0.012981224811039816
2012-09-10,-0.01716069345162886
2012-09-11,0.008616923075161112
2012-09-12,0.00831826558013251
2012-09-13,0.0479374696342042
2012-09-14,0.012659592366364533
2012-09-17,-0.009979840949435239
2012-09-18,-0.0031835337593185235
2012-09-19,0.002022970775696823
2012-09-20,-0.0009562900079230284
2012-09-21,-0.0013826374438628722
2012-09-24,-0.004046225676225306
2012-09-25,-0.029829905681958476
2012-09-26,0.0
2012-09-27,0.0002191923897069673
2012-09-28,-0.014635007749977367
2012-10-01,0.0064285217947714045
2012-10-02,0.0002191923897069673
2012-10-03,0.011621501931241143
2012-10-04,0.023301200321530824
2012-10-05,-0.0019063051359979213
2012-10-08,-0.00986847900965243
2012-10-09,-0.0293644406239185
2012-10-10,0.0002191923897069673
2012-10-11,0.0
2012-10-12,-0.0106788132226436
2012-10-15,0.0002191923897069673
2012-10-16,0.030927736928356157
2012-10-17,0.013010844282340188
2012-10-18,-0.007005723152171997
2012-10-19,-0.05066801621209153
2012-10-22,0.0
2012-10-23,0.0002191923897069673
2012-10-24,0.0
2012-10-25,-0.00021914435493211893
2012-10-26,0.0
2012-10-31,0.0002191923897069673
2012-11-01,0.0
2012-11-02,-0.02839527665019827
2012-11-05,0.007159564628519965
2012-11-06,0.0
2012-11-07,-0.0689143763754027
2012-11-08,0.0
2012-11-09,0.002923461312709485
2012-11-12,0.0
2012-11-13,-0.01022197243641603
2012-11-14,-0.036593066031280944
2012-11-15,-0.010058063345294924
2012-11-16,0.01323497015934429
2012-11-19,0.06254131181716018
2012-11-20,0.002980433034176787
2012-11-21,0.005694902726734246
2012-11-23,0.03594757323025144
2012-11-26,-0.0020205688082755393
2012-11-27,-0.015241406021415747
2012-11-28,0.022249065156187985
2012-11-29,0.014549284342490714
2012-11-30,-0.002798126652218929
2012-12-03,-0.011691821607876993
2012-12-04,-0.005560265436632117
2012-12-05,0.0
2012-12-06,0.011959911297754401
2012-12-07,0.0
2012-12-10,0.0029041947287028226
2012-12-11,0.018188378067953558
2012-12-12,0.0030719799099438523
2012-12-13,-0.017695113627599266
2012-12-14,0.0
2012-12-17,0.0
2012-12-18,0.032720457974006675
2012-12-19,-0.022834108148140075
2012-12-20,0.0
2012-12-21,0.0
2012-12-24,0.0
2012-12-26,0.0
2012-12-27,0.0
2012-12-28,0.0002191923897069673
2012-12-31,-0.00021914435493211893
2013-01-02,0.07621214525452488
2013-01-03,-0.004876391898335997
2013-01-04,0.012783791790908506
2013-01-07,-0.011149515914204723
2013-01-08,-0.005957075878593981
2013-01-09,0.006741661087461889
2013-01-10,0.02338405210652687
2013-01-11,0.0009348702879770317
2013-01-14,-0.003631759728012072
2013-01-15,0.0010415499599449381
2013-01-16,0.00041609455034366386
2013-01-17,0.019238617473035683
2013-01-18,0.007040267534675387
2013-01-22,0.015501584635568999
2013-01-23,0.00518792373954296
2013-01-24,0.000595615903502328
2013-01-25,0.016069864707520948
2013-01-28,-0.002733541185189495
2013-01-29,0.012334714418876706
2013-01-30,-0.011604555470883847
2013-01-31,0.00021767559181790097
2013-02-01,-0.00021762821946643234
2013-02-04,-0.032832157808045395
2013-02-05,0.00021767559181790097
2013-02-06,0.002885266047698572
2013-02-07,-0.0036443981363900686
2013-02-08,0.015399634287928166
2013-02-11,-0.00047365020761617566
2013-02-12,0.005405164629085463
2013-02-13,0.002169950473441033
2013-02-14,0.0031053896591986072
2013-02-15,-0.004503571675668913
2013-02-19,0.021206396597722534
2013-02-20,-0.036271669294942945
2013-02-21,-0.00021762821946643234
2013-02-22,0.00021767559181790097
2013-02-25,-0.05629254078647404
2013-02-26,0.0
2013-02-27,0.00021767559181790097
2013-02-28,-0.008358699933958188
2013-03-01,0.0
2013-03-04,-0.00021762821946643234
2013-03-05,0.027656065145633055
2013-03-06,0.004258931210091827
2013-03-07,0.005323758793133993
2013-03-08,0.012833949103904795
2013-03-11,0.0101020171026928
2013-03-12,-0.005526762105424532
2013-03-13,0.0030872768039884985
2013-03-14,0.016621672101104077
2013-03-15,-0.003979697263386053
2013-03-18,-0.017109518111186755
2013-03-19,0.0
2013-03-20,0.0
2013-03-21,-0.02424774063378994
2013-03-22,0.022079252029191143
2013-03-25,-0.009445935692279184
2013-03-26,0.02163214451188487
2013-03-27,-8.664404900517572e-05
2013-03-28,0.0059634605445122715
2013-04-01,-0.008076239615178492
2013-04-02,0.013945458631888693
2013-04-03,-0.03229113037509102
2013-04-04,0.014036150346258481
2013-04-05,-0.013057793862467549
2013-04-08,0.020111019411690675
2013-04-09,0.008300634805805193
2013-04-10,0.039104812605154665
2013-04-11,0.009407954922847205
2013-04-12,-0.0076034707223741095
2013-04-15,-0.0677210608118588
2013-04-16,0.0
2013-04-17,-0.04554718881792316
2013-04-18,-0.00021762821946643234
2013-04-19,0.00021767559181790097
2013-04-22,0.0
2013-04-23,0.03316782087897182
2013-04-24,0.002528102828098264
2013-04-25,0.011346500893302013
2013-04-26,-0.004238694070046639
2013-04-29,0.01827770862479804
2013-04-30,0.006638812286987524
2013-05-01,-0.02564751825918372
2013-05-02,0.00021767559181790097
2013-05-03,0.0293185025590654
2013-05-06,0.009968974268703452
2013-05-07,0.013866304342342676
2013-05-08,0.014835324850178907
2013-05-09,-0.008908088161423864
2013-05-10,0.010140532807688878
2013-05-13,0.0020532640627990363
2013-05-14,0.031420851563170066
2013-05-15,0.014349075989858889
2013-05-16,-0.01262283073720838
2013-05-17,0.00021767559181790097
2013-05-20,-0.00021445957360348203
2013-05-21,0.0038594760162100157
2013-05-22,0.0
2013-05-23,0.0
2013-05-24,0.0
2013-05-28,-0.00021762821946643234
2013-05-29,-0.01887191240899637
2013-05-30,-0.00021762821946643234
2013-05-31,0.00021767559181790097
2013-06-03,0.0
2013-06-04,0.0
2013-06-05,0.0
2013-06-06,-0.00021762821946643234
2013-06-07,0.00021767559181790097
2013-06-10,0.0013445078973810475
2013-06-11,-0.030201675628845733
2013-06-12,-0.00021762821946643234
2013-06-13,0.00021767559181790097
2013-06-14,-0.00021762821946643234
2013-06-17,0.0
2013-06-18,0.0
2013-06-19,0.0
2013-06-20,0.0
2013-06-21,0.00021767559181790097
2013-06-24,0.0
2013-06-25,0.0
2013-06-26,0.0
2013-06-27,-0.00021762821946643234
2013-06-28,-0.020190092024806677
2013-07-01,0.025454675315730806
2013-07-02,-0.004964802508380971
2013-07-03,0.003326616501925802
2013-07-05,0.03173064522334041
2013-07-08,0.017443388104662647
2013-07-09,0.02188121293600925
2013-07-10,0.000883031496183704
2013-07-11,0.04168503532212379
2013-07-12,-0.00042356281829591757
2013-07-15,0.013133069257393626
2013-07-16,-0.012126416739550124
2013-07-17,0.007830947313737081
2013-07-18,0.017429605785327033
2013-07-19,0.005366012526255629
2013-07-22,0.00492719719010731
2013-07-23,-0.005515757600041409
2013-07-24,-0.011914679121579355
2013-07-25,0.008108290208939656
2013-07-26,0.001237235851577875
2013-07-29,-0.008856795915977126
2013-07-30,0.0
2013-07-31,0.002493760787367511
2013-08-01,0.033582155965688094
2013-08-02,0.005013867569606285
2013-08-05,-0.0031927456840146013
2013-08-06,-0.016616912689606637
2013-08-07,-0.010382311058381874
2013-08-08,0.00925722611719649
2013-08-09,-0.0073381958947248225
2013-08-12,-0.004722604052378695
2013-08-13,0.01010933310617292
2013-08-14,-0.01572721487218022
2013-08-15,-0.04357746722931982
2013-08-16,0.0
2013-08-19,-0.0002177798925327155
2013-08-20,0.01472877719026103
2013-08-21,0.0
2013-08-22,-0.0002177798925327155
2013-08-23,0.00021782733094543948
2013-08-26,-0.011236146141018135
2013-08-27,0.0
2013-08-28,0.0
2013-08-29,0.00021782733094543948
2013-08-30,0.0
2013-09-03,0.0
2013-09-04,0.0
2013-09-05,0.0
2013-09-06,0.002193832761020436
2013-09-09,0.029772582426558343
2013-09-10,0.02125822105368173
2013-09-11,0.010408164624190594
2013-09-12,-0.007828594151493463
2013-09-13,0.0056064979863992255
2013-09-16,0.017550639898583326
2013-09-17,0.012581418156683453
2013-09-18,0.03667321280377522
2013-09-19,-0.0048327023517654374
2013-09-20,-0.022144276108673182
2013-09-23,-0.012912371586545254
2013-09-24,-0.007244989032228063
2013-09-25,-0.008919391021771491
2013-09-26,0.010431323326342903
2013-09-27,-0.01255034378743754
2013-09-30,0.0
2013-10-01,0.00021782733094543948
2013-10-02,-0.0046832621009553444
2013-10-03,0.0
2013-10-04,0.0
2013-10-07,0.0
2013-10-08,0.0
2013-10-09,-0.0002177798925327155
2013-10-10,-0.00021907921215776958
2013-10-11,0.019270225531277867
2013-10-14,0.012670952423762063
2013-10-15,-0.023038820874605494
2013-10-16,0.00021834011001753192
2013-10-17,0.020480002784585546
2013-10-18,0.018348588427794788
2013-10-21,0.002064949046157852
2013-10-22,0.01498370364857902
2013-10-23,-0.0125484684915873
2013-10-24,0.009157156212967673
2013-10-25,0.01351842178323978
2013-10-28,0.0052989926107872435
2013-10-29,0.016357616704609435
2013-10-30,-0.015557853018691944
2013-10-31,-0.01071757768370653
2013-11-01,0.009180967578691468
2013-11-04,0.010371140038151141
2013-11-05,-0.009364239484776203
2013-11-06,0.014179327331419885
2013-11-07,-0.0363866707767313
2013-11-08,0.03962067966909135
2013-11-11,-0.0007155646378830252
2013-11-12,-0.005013518949665255
2013-11-13,0.023214051054325172
2013-11-14,0.01653171215197613
2013-11-15,0.012629812147172924
2013-11-18,-0.010250988978495164
2013-11-19,-0.006904894499777131
2013-11-20,-0.009386569791167807
2013-11-21,0.02333723967488052
2013-11-22,0.014060391425720341
2013-11-25,-0.0011834578933026133
2013-11-26,0.0
2013-11-27,0.006432973212998077
2013-11-29,-0.002691355633319202
2013-12-02,-0.006915392007446384
2013-12-03,0.00021912721837613375
2013-12-04,0.0
2013-12-05,0.0
2013-12-06,0.0
2013-12-09,0.007937756422828283
2013-12-10,-0.00971832849348101
2013-12-11,-0.035025543568636124
2013-12-12,0.0
2013-12-13,0.0
2013-12-16,-0.00021907921215776958
2013-12-17,0.0
2013-12-18,0.00021912721837613375
2013-12-19,-0.0016711081376263302
2013-12-20,0.016404399879299012
2013-12-23,0.015645759189297153
2013-12-24,0.007296666163446742
2013-12-26,0.014810266747818195
2013-12-27,-0.00047610434877357565
2013-12-30,-0.0011109049302910664
2013-12-31,0.013663926561150971
2014-01-02,-0.027586064947054362
2014-01-03,0.00021834011001753192
2014-01-06,-0.007596417997686095
2014-01-07,0.018403832643150195
2014-01-08,0.00047985294112697796
2014-01-09,0.0017583702217015824
2014-01-10,0.007340143318625377
2014-01-13,-0.03817545129424955
2014-01-14,0.0
2014-01-15,0.016445732791367434
2014-01-16,-0.004241224231433892
2014-01-17,-0.013251342128475832
2014-01-21,0.00959244248198368
2014-01-22,0.0017418753362449233
2014-01-23,-0.02450213335538689
2014-01-24,-0.06481921399881733
2014-01-27,0.0
2014-01-28,0.018284193688716963
2014-01-29,0.00021834011001753192
2014-01-30,0.0
2014-01-31,-0.00021829244802041515
2014-02-03,0.0
2014-02-04,0.02089991701878802
2014-02-05,-0.00021829244802041515
2014-02-06,0.0
2014-02-07,0.03868790278168915
2014-02-10,0.004290961521137045
2014-02-11,0.03298590117695805
2014-02-12,0.0031435085722777514
2014-02-13,0.014349530482374086
2014-02-14,0.016097749795748923
2014-02-18,0.0035200725904260197
2014-02-19,-0.019294870934400042
2014-02-20,0.0
2014-02-21,-0.002878185785287354
2014-02-24,0.013951172247005077
2014-02-25,0.00015835771269956966
2014-02-26,0.0007903986661456797
2014-02-27,0.016116226386486052
2014-02-28,0.007464095142081428
2014-03-03,0.0
2014-03-04,-0.00021829244802041515
2014-03-05,-0.0009068291977254554
2014-03-06,0.008770959505762616
2014-03-07,0.00029975192704652614
2014-03-10,0.0
2014-03-11,0.0
2014-03-12,0.0
2014-03-13,0.0
2014-03-14,0.0
2014-03-17,0.0
2014-03-18,0.0
2014-03-19,-0.01635121527726888
2014-03-20,0.017546425929475744
2014-03-21,-0.011949921615644682
2014-03-24,-0.01255322653103357
2014-03-25,0.014883492631762483
2014-03-26,-0.02245656259160339
2014-03-27,0.0
2014-03-28,0.013190862814590506
2014-03-31,0.024798683161547357
2014-04-01,0.019509926196051037
2014-04-02,0.009939070007491219
2014-04-03,-0.004112759532746005
2014-04-04,-0.03466086062813331
2014-04-07,-0.03422438633905501
2014-04-08,0.0
2014-04-09,0.03264614582141049
2014-04-10,-0.06337934106209528
2014-04-11,0.0
2014-04-14,0.0
2014-04-15,0.0
2014-04-16,0.0
2014-04-17,0.004164291333284122
2014-04-21,0.011367183449100563
2014-04-22,0.012150881192513256
2014-04-23,-0.00555227832255636
2014-04-24,0.005885274460900222
2014-04-25,-0.024902930597784617
2014-04-28,0.009692501401076246
2014-04-29,0.013103749070666897
2014-04-30,0.010527868333597088
2014-05-01,-0.0007439951380039882
2014-05-02,-0.0040215178883918614
2014-05-05,0.0053835694916837375
2014-05-06,-0.025286354075818557
2014-05-07,0.016938854209780047
2014-05-08,-0.0034513684588148657
2014-05-09,0.00406578726714983
2014-05-12,0.028344191999240532
2014-05-13,0.0029163942630149
2014-05-14,-0.013522994936228848
2014-05-15,-0.027712187879441758
2014-05-16,0.0121283885944103
2014-05-19,0.009886298083742863
2014-05-20,-0.01913410793532438
2014-05-21,0.02495098639482626
2014-05-22,0.007819427144559738
2014-05-23,0.012736047879973754
2014-05-27,0.01749069851457313
2014-05-28,-0.0026992168791044784
2014-05-29,0.016239493954302207
2014-05-30,0.0025223857755235952
2014-06-02,0.005034197279047679
2014-06-03,-0.0013917219479141854
2014-06-04,0.004737088870432868
2014-06-05,0.02121464517601953
2014-06-06,0.013713392911228632
2014-06-09,0.0036166273532121374
2014-06-10,-0.00013391166997513872
2014-06-11,-0.009476418389793125
2014-06-12,-0.022368899854988557
2014-06-13,-0.00021875758632731686
2014-06-16,0.001911587030999156
2014-06-17,0.007904092755793795
2014-06-18,0.022038756871888714
2014-06-19,0.0035721309419792925
2014-06-20,0.006195605773762185
2014-06-23,-0.0006550720386249883
2014-06-24,-0.018222829658460577
2014-06-25,0.012819230284172643
2014-06-26,-0.001845698250143552
2014-06-27,0.005018873030628801
2014-06-30,-0.0006570278247245799
2014-07-01,0.020121103673405766
2014-07-02,0.0024492645749419075
2014-07-03,0.0146608727977595
2014-07-07,-0.009632762659431141
2014-07-08,-0.019324392279679973
2014-07-09,0.012266924857587999
2014-07-10,-0.011989025297962206
2014-07-11,0.0
2014-07-14,0.0
2014-07-15,-0.005758762190925853
2014-07-16,0.010683622003784267
2014-07-17,-0.03387676220581571
2014-07-18,-0.000218074708282016
2014-07-21,-0.005248858167241629
2014-07-22,-0.000218074708282016
2014-07-23,0.00647651266051386
2014-07-24,0.0
2014-07-25,-0.013626170880409457
2014-07-28,0.0
2014-07-29,0.0
2014-07-30,0.0
2014-07-31,-0.000218074708282016
2014-08-01,-0.008812711763226254
2014-08-04,0.021394599402662372
2014-08-05,-0.000218074708282016
2014-08-06,0.0
2014-08-07,0.00021812227523355736
2014-08-08,0.03444840569785412
2014-08-11,0.0
2014-08-12,-0.003410281659368843
2014-08-13,0.020801972068885552
2014-08-14,0.012602080781654706
2014-08-15,0.00039754079724817513
2014-08-18,0.023425310689976674
2014-08-19,0.015129806753430196
2014-08-20,0.008789884758895295
2014-08-21,0.009344284356397082
2014-08-22,-0.0053792543901405405
2014-08-25,0.015471358884574701
2014-08-26,0.002229832605626915
2014-08-27,-0.000865083312776984
2014-08-28,-0.0018558905129767596
2014-08-29,0.0
2014-09-02,-0.0019672547868710712
2014-09-03,0.00021812227523355736
2014-09-04,-0.005674088481556773
2014-09-05,0.014514076217670731
2014-09-08,-0.007214203067150544
2014-09-09,-0.019584027212289325
2014-09-10,0.00021812227523355736
2014-09-11,-0.000218074708282016
2014-09-12,-0.01758550827522977
2014-09-15,0.0
2014-09-16,0.0
2014-09-17,0.0034591439895072457
2014-09-18,0.015265177351751941
2014-09-19,-0.0016975410712871304
2014-09-22,-0.023563667267489197
2014-09-23,0.0
2014-09-24,0.0
2014-09-25,0.0
2014-09-26,0.0
2014-09-29,-0.000218074708282016
2014-09-30,0.00021812227523355736
2014-10-01,0.0
2014-10-02,0.0
2014-10-03,-0.0004371933357037257
2014-10-06,-0.0032478144420962068
2014-10-07,-0.04600515314060508
2014-10-08,0.0
2014-10-09,-0.06022858924815634
2014-10-10,0.0
2014-10-13,0.0
2014-10-14,0.006922284061746401
2014-10-15,-0.026901698818276278
2014-10-16,0.0001535266989717008
2014-10-17,0.037930074572791087
2014-10-20,0.0
2014-10-21,0.058417195781053984
2014-10-22,-0.02066340078815477
2014-10-23,0.03484185509605029
2014-10-24,0.021327767695755583
2014-10-27,-0.003283755284057767
2014-10-28,0.03373349912316994
2014-10-29,-0.00331421510390199
2014-10-30,0.019695510603515144
2014-10-31,0.03323722154945147
2014-11-03,0.001213927054019754
2014-11-04,-0.0090933121051611
2014-11-05,0.01774152167619148
2014-11-06,0.01226256411377391
2014-11-07,0.002375375513777428
2014-11-10,0.009478487220074945
2014-11-11,0.0023476933680478163
2014-11-12,-0.0025761972229981786
2014-11-13,0.0027002534822932983
2014-11-14,0.0005851351428599025
2014-11-17,0.0019893007611764455
2014-11-18,0.017517314070169723
2014-11-19,-0.0052794486789398435
2014-11-20,0.005653426904437971
2014-11-21,0.016406863877529102
2014-11-24,0.00801433275577256
2014-11-25,-0.0017917726077672324
2014-11-26,0.007179671978258424
2014-11-28,-0.006237395117533058
2014-12-01,-0.021519702122420215
2014-12-02,0.0
2014-12-03,0.01157713347253546
2014-12-04,-0.0037775290893029088
2014-12-05,0.005353546534460674
2014-12-08,-0.020079790599404443
2014-12-09,-0.0026039574549718064
2014-12-10,0.0
2014-12-11,0.0
2014-12-12,0.00021921446652556454
2014-12-15,-0.0004372886973088264
2014-12-16,-0.023827365340094164
2014-12-17,0.05863335530096489
2014-12-18,0.07331946697140622
2014-12-19,0.012843966299000026
2014-12-22,0.01391508852467131
2014-12-23,0.00420591279991108
2014-12-24,0.0011023934425681964
2014-12-26,0.008917681966160555
2014-12-29,0.003710292921343113
2014-12-30,-0.01609052698011067
2014-12-31,-0.030718223205279116
2015-01-02,-0.00021817009079176005
2015-01-05,0.00021821769936704332
2015-01-06,-0.00021817009079176005
2015-01-07,0.0
2015-01-08,0.0
2015-01-09,-0.025425821964306105
2015-01-12,0.0
2015-01-13,0.0
2015-01-14,0.0
2015-01-15,0.0
2015-01-16,0.0
2015-01-20,0.0
2015-01-21,0.00021821769936704332
2015-01-22,0.044149128110615284
2015-01-23,-0.01670822618148014
2015-01-26,0.00786003842153521
2015-01-27,-0.040142010481542124
2015-01-28,-0.039072854543075304
2015-01-29,0.0
2015-01-30,0.0
2015-02-02,0.0
2015-02-03,0.00021821769936704332
2015-02-04,-0.010815081575899301
2015-02-05,0.0
2015-02-06,-0.009806387037412797
2015-02-09,-0.00021874000118458052
2015-02-10,0.00021878785884108258
2015-02-11,0.002375393018966396
2015-02-12,0.027868731169086374
2015-02-13,0.013501259064134468
2015-02-17,0.004332612872260127
2015-02-18,0.00032325822504273574
2015-02-19,-0.0018325658771768867
2015-02-20,0.017496523423976448
2015-02-23,-0.0004245974142803762
2015-02-24,0.008176703978340624
2015-02-25,-0.002738573634665393
2015-02-26,-0.0036966957964054948
2015-02-27,-0.010177374990775059
2015-03-02,0.018849917305153226
2015-03-03,-0.012508906237888313
2015-03-04,-0.012348445801071426
2015-03-05,0.002586668594949019
2015-03-06,-0.04203373829873627
2015-03-09,0.00021878785884108258
2015-03-10,-0.0485533042077832
2015-03-11,0.0
2015-03-12,-0.00021874000118458052
2015-03-13,-0.019208822983892062
2015-03-16,0.0
2015-03-17,-0.009628887800057821
2015-03-18,0.03598546887761793
2015-03-19,-0.014563044641969345
2015-03-20,0.02671032427968947
2015-03-23,-0.0054375912435619045
2015-03-24,-0.017581425712170695
2015-03-25,-0.04321262205055963
2015-03-26,-0.007299319827815545
2015-03-27,0.005974269461467586
2015-03-30,0.037003079183636114
2015-03-31,-0.025991034684348227
2015-04-01,-0.009723952925875882
2015-04-02,0.008106756517897022
2015-04-06,0.021180139590914054
2015-04-07,-0.008096611849903082
2015-04-08,0.010175610105974878
2015-04-09,0.013947211144798407
2015-04-10,0.015283980841264064
2015-04-13,-0.013548471420621728
2015-04-14,0.005559005618464149
2015-04-15,0.014092243991569985
2015-04-16,-0.0016033837434758775
2015-04-17,-0.034368273487585525
2015-04-20,0.026832102912223738
2015-04-21,-0.0032391348866625466
2015-04-22,0.015274482638123586
2015-04-23,0.00661530966532921
2015-04-24,0.007419948925781772
2015-04-27,-0.01304695139940854
2015-04-28,0.009168207833531004
2015-04-29,-0.011831590165220217
2015-04-30,-0.029720167545806697
2015-05-01,-0.00021857889240474917
2015-05-04,0.009618426038445637
2015-05-05,-0.03514326010294882
2015-05-06,0.0
2015-05-07,-0.00021857889240474917
2015-05-08,0.0002186266795822224
2015-05-11,-0.0142572528396582
2015-05-12,-0.00942812071399867
2015-05-13,0.0011899254917273777
2015-05-14,0.03078771561317314
2015-05-15,0.0033532641902155012
2015-05-18,0.0094006849059127
2015-05-19,-0.0015522907983065476
2015-05-20,-0.0020725608283124527
2015-05-21,0.008931735763502596
2015-05-22,-0.007411548505624665
2015-05-26,-0.030799599773244413
2015-05-27,0.02674948510184162
2015-05-28,-0.0023968233471980595
2015-05-29,-0.019534222876909597
2015-06-01,0.005859805730821486
2015-06-02,-0.003495329737666596
2015-06-03,0.008822212290522788
2015-06-04,-0.023496011285209183
2015-06-05,0.0
2015-06-08,-0.018051192522925107
2015-06-09,0.0
2015-06-10,0.0002189881430725322
2015-06-11,0.009413549160531099
2015-06-12,-0.022572894025163263
2015-06-15,-0.01452891883421095
2015-06-16,-0.0004374712344639985
2015-06-17,0.004757852513762874
2015-06-18,0.030241254949707978
2015-06-19,-0.01775833647032816
2015-06-22,0.02052541561869567
2015-06-23,0.0023965601817315446
2015-06-24,-0.02162362588509732
2015-06-25,-0.009457151625430605
2015-06-26,-0.0004292872900892157
2015-06-29,-0.06288868923967526
2015-06-30,0.0
2015-07-01,0.0
2015-07-02,0.0
2015-07-06,0.0
2015-07-07,-0.00021894019776517968
2015-07-08,0.0
2015-07-09,0.0
2015-07-10,0.0
2015-07-13,0.03300989575911326
2015-07-14,0.013170844481473142
2015-07-15,-0.0008523625996960627
2015-07-16,0.021542244056021145
2015-07-17,0.0045930929344913714
2015-07-20,0.0018704930874507786
2015-07-21,-0.012239276466656096
2015-07-22,-0.006090807437494199
2015-07-23,-0.016375868292949736
2015-07-24,-0.031256662574410614
2015-07-27,-0.017518590717493336
2015-07-28,0.0
2015-07-29,0.02102630973439722
2015-07-30,0.000640136207907474
2015-07-31,-0.004798533664192405
2015-08-03,-0.010178912039032992
2015-08-04,-0.00649494550033806
2015-08-05,0.010351090909724591
2015-08-06,-0.02318581193234072
2015-08-07,0.0
2015-08-10,0.0369093101484647
2015-08-11,-0.02658936416408253
2015-08-12,0.0
2015-08-13,0.0
2015-08-14,0.011133247392476269
2015-08-17,0.015916159470482413
2015-08-18,-0.008584716011455561
2015-08-19,-0.023703741228129717
2015-08-20,-0.00021894019776517968
2015-08-21,0.0
2015-08-24,-0.12086773052917886
2015-08-25,-0.037009303044560536
2015-08-26,0.1171475462913279
2015-08-27,-0.00021894019776517968
2015-08-28,0.0002189881430725322
2015-08-31,0.0
2015-09-01,0.0
2015-09-02,-0.00021894019776517968
2015-09-03,0.0002189881430725322
2015-09-04,-0.00021894019776517968
2015-09-08,0.0
2015-09-09,0.0
2015-09-10,-0.00021877908517938422
2015-09-11,0.01355420575913141
2015-09-14,-0.0117518140941264
2015-09-15,0.039092195356617405
2015-09-16,0.02565122143189653
2015-09-17,-0.007182271710026495
2015-09-18,-0.0498643812969613
2015-09-21,0.0002188269599414928
2015-09-22,-0.03801843642534429
2015-09-23,-0.00021877908517938422
2015-09-24,-0.009374989694189501
2015-09-25,0.0
2015-09-28,0.0002188269599414928
2015-09-29,0.0
2015-09-30,-0.00021877908517938422
2015-10-01,0.0002188269599414928
2015-10-02,0.042941484819206725
2015-10-05,0.053980134392492385
2015-10-06,-0.009929882965976385
2015-10-07,0.024676957146599017
2015-10-08,0.027301700457595775
2015-10-09,0.001253540124364181
2015-10-12,0.00388122519231963
2015-10-13,-0.020329095847829732
2015-10-14,-0.01464041260123983
2015-10-15,0.04547802212442556
2015-10-16,0.012975897060816852
2015-10-19,0.002317895144589377
2015-10-20,-0.004259711678501191
2015-10-21,-0.01784650615632179
2015-10-22,0.0
2015-10-23,0.033554770157200216
2015-10-26,-0.007571468371017981
2015-10-27,-0.005664271913075437
2015-10-28,0.03417786192303488
2015-10-29,-0.0012360789716595092
2015-10-30,-0.013843823495750652
2015-11-02,0.03515180744189353
2015-11-03,0.008489529552375997
2015-11-04,-0.00830882708195771
2015-11-05,0.0
2015-11-06,-0.0014391096301009417
2015-11-09,-0.028150007365448555
2015-11-10,-0.00021924516722279523
2015-11-11,-0.011898410807656381
2015-11-12,0.0
2015-11-13,-0.00021924516722279523
2015-11-16,0.00021929324620723075
2015-11-17,-0.00021924516722279523
2015-11-18,0.0
2015-11-19,-0.002719636756035744
2015-11-20,-0.00021924516722279523
2015-11-23,-0.005162815709577043
2015-11-24,0.004512785799083597
2015-11-25,-0.0005615640068102398
2015-11-27,0.0035958398590344508
2015-11-30,-0.012876360491721
2015-12-01,0.029264796605309566
2015-12-02,-0.031738978415895354
2015-12-03,-0.0418848679190003
2015-12-04,0.0
2015-12-07,-0.01875365708176455
2015-12-08,-0.022888522878552163
2015-12-09,-0.0002184566482245613
2015-12-10,0.00021850438195946656
2015-12-11,0.00021929324620723075
2015-12-14,0.0
2015-12-15,-0.00021924516722279523
2015-12-16,0.00021929324620723075
2015-12-17,-0.04417032568419154
2015-12-18,-0.05707022586343012
2015-12-21,-0.00021924516722279523
2015-12-22,0.0
2015-12-23,0.03625139054733984
2015-12-24,-0.005499284877276825
2015-12-28,-0.006470505805054931
2015-12-29,0.032918879845236323
2015-12-30,-0.021208422882291585
2015-12-31,-0.029280848979971717
2016-01-04,0.00021929324620723075
2016-01-05,0.0
2016-01-06,-0.0004376539198829856
2016-01-07,0.00021850438195946656
2016-01-08,-0.03289326320325759
2016-01-11,0.0005818429991703339
2016-01-12,0.025566395377310067
2016-01-13,-0.00021924516722279523
2016-01-14,0.046629214097689706
2016-01-15,0.0
2016-01-19,0.004211388211369304
2016-01-20,-0.03572532488503666
2016-01-21,0.012242131528065043
2016-01-22,-0.0004376539198829856
2016-01-25,-0.04541378527463819
2016-01-26,-0.0002184566482245613
2016-01-27,-0.03258416008549596
2016-01-28,0.0
2016-01-29,0.07242584835659387
2016-02-01,0.00042950113972571786
2016-02-02,-0.054633927111141935
2016-02-03,0.00021850438195946656
2016-02-04,0.00021929324620723075
2016-02-05,0.0
2016-02-08,-0.00021924516722279523
2016-02-09,0.00021929324620723075
2016-02-10,-0.00021924516722279523
2016-02-11,0.00021929324620723075
2016-02-12,-0.00021924516722279523
2016-02-16,0.0
2016-02-17,0.04915767679170731
2016-02-18,-0.012553080370935502
2016-02-19,-0.00014788677758444587
2016-02-22,0.04183879637079336
2016-02-23,-0.035759485543605696
2016-02-24,0.012067415389313375
2016-02-25,0.03577199528545022
2016-02-26,-0.00617749365800323
2016-02-29,-0.02683965047928117
2016-03-01,0.07446630032785251
2016-03-02,0.012834225207075627
2016-03-03,0.011337908454167574
2016-03-04,0.010023740115732925
2016-03-07,0.0019583612991928906
2016-03-08,-0.033233105340980326
2016-03-09,0.0156379311577432
2016-03-10,0.002123775865222466
2016-03-11,0.04781435828881477
2016-03-14,-0.003665903131925375
2016-03-15,-0.004186786892301547
2016-03-16,0.017072698846519557
2016-03-17,0.018539266070001843
2016-03-18,0.011560349548777294
2016-03-21,0.004984968235002136
2016-03-22,-0.0018147225322854108
2016-03-23,-0.019270418286809355
2016-03-24,-0.001482995330166711
2016-03-28,0.0012377690736088693
2016-03-29,0.028429956833089125
2016-03-30,0.013101094100050881
2016-03-31,-0.008304538354911259
2016-04-01,0.019380143167826835
2016-04-04,-0.009036304068554638
2016-04-05,-0.029607200217801742
2016-04-06,0.0
2016-04-07,-0.03571457013740424
2016-04-08,0.0002188269599414928
2016-04-11,-0.00021877908517938422
2016-04-12,0.0
2016-04-13,0.029306511409289228
2016-04-14,0.000810017166830021
2016-04-15,-0.003931935748723703
2016-04-18,0.02113115994833415
2016-04-19,0.009209602956169323
2016-04-20,0.0024786759985618825
2016-04-21,-0.015846402361294077
2016-04-22,0.0004566964571947764
2016-04-25,-0.0055930586923824445
2016-04-26,0.005509825536684777
2016-04-27,0.0046803282744929025
2016-04-28,-0.027042322601650216
2016-04-29,0.0002189881430725322
2016-05-02,-0.00021894019776517968
2016-05-03,-0.025635244685105796
2016-05-04,-0.00021894019776517968
2016-05-05,0.0
2016-05-06,0.0002189881430725322
2016-05-09,0.002997038687200777
2016-05-10,0.03526203911705595
2016-05-11,-0.02551674717553207
2016-05-12,-0.0009480980640188606
2016-05-13,-0.026446749952055943
2016-05-16,0.0
2016-05-17,-0.02604500819455996
2016-05-18,0.0002188269599414928
2016-05-19,-0.00021877908517938422
2016-05-20,0.0002188269599414928
2016-05-23,-0.003019059106671592
2016-05-24,0.038759652774393284
2016-05-25,0.0190068678200097
2016-05-26,0.0017163074249705488
2016-05-27,0.012223003463274063
2016-05-31,-0.00462698023658341
2016-06-01,0.0054420702638928314
2016-06-02,0.008908445172610677
2016-06-03,-0.008271014548931928
2016-06-06,0.014538401069978352
2016-06-07,0.004332795337955231
2016-06-08,0.009511882987107968
2016-06-09,-0.0035062894995958505
2016-06-10,-0.02803720931437913
2016-06-13,0.0
2016-06-14,0.0
2016-06-15,0.0
2016-06-16,0.0002189881430725322
2016-06-17,-0.00021894019776517968
2016-06-20,0.0002189881430725322
2016-06-21,0.009105295957047174
2016-06-22,-0.006053692120498875
2016-06-23,0.0
2016-06-24,-0.10840965840094201
2016-06-27,0.0
2016-06-28,0.05205188412435193
2016-06-29,0.05446164288498084
2016-06-30,0.03959374944659087
2016-07-01,0.005684302035810232
2016-07-05,-0.019104644808145173
2016-07-06,0.016710813881653904
2016-07-07,-0.00249375249876195
2016-07-08,0.04579533970311042
2016-07-11,0.010431543532938766
2016-07-12,0.02096987303527667
2016-07-13,0.00042133266137630546
2016-07-14,0.016003366405657377
2016-07-15,-0.0042488451276411245
2016-07-18,0.008637847036643439
2016-07-19,-0.004023896717957671
2016-07-20,0.013260128616942746
2016-07-21,-0.012064518749778388
2016-07-22,0.013453740619714109
2016-07-25,-0.00786293268693537
2016-07-26,0.0007205716402166827
2016-07-27,-0.0027770991179461536
2016-07-28,0.003300439772139777
2016-07-29,0.005448284819574402
2016-08-01,-0.0040894383586684525
2016-08-02,-0.018581347773797743
2016-08-03,0.008786548800047197
2016-08-04,0.002903455648152569
2016-08-05,0.02491732562619686
2016-08-08,-0.0018161120138692637
2016-08-09,0.001516052624661321
2016-08-10,-0.007164717664357084
2016-08-11,0.013924387222755802
2016-08-12,-0.003207551707247305
2016-08-15,0.009754524687122294
2016-08-16,-0.01593469252525483
2016-08-17,0.004554431035183387
2016-08-18,0.007454819915703418
2016-08-19,-0.004999829539786887
2016-08-22,-0.0004018541465721968
2016-08-23,0.005328443016898454
2016-08-24,-0.013701152266333132
2016-08-25,-0.00021857889240474917
2016-08-26,0.0
2016-08-29,0.0002186266795822224
2016-08-30,-0.005144326780692579
2016-08-31,-0.008313580446899864
2016-09-01,0.00030664117835586623
2016-09-02,0.012980375904445382
2016-09-06,0.009484555555951913
2016-09-07,-0.00020007491450962125
2016-09-08,-0.007397857642363107
2016-09-09,-0.07241417315090977
2016-09-12,0.043648381024385445
2016-09-13,0.0002186266795822224
2016-09-14,0.0
2016-09-15,0.0
2016-09-16,0.0
2016-09-19,0.0
2016-09-20,0.0004277787834331634
2016-09-21,0.03283054060720413
2016-09-22,0.018844672885499073
2016-09-23,-0.016361817020406205
2016-09-26,-0.023659470193388207
2016-09-27,0.01820130501536224
2016-09-28,0.014965670973250654
2016-09-29,-0.028159070116550906
2016-09-30,0.00021878785884108258
2016-10-03,-0.009467194324482184
2016-10-04,-0.01319334818091476
2016-10-05,0.011580107046536123
2016-10-06,0.002810134249218558
2016-10-07,-0.010274048891120975
2016-10-10,0.01446973065731816
2016-10-11,-0.03648569567646738
2016-10-12,0.00021878785884108258
2016-10-13,-0.00021874000118458052
2016-10-14,0.0
2016-10-17,0.0
2016-10-18,0.0
2016-10-19,0.008250207716332546
2016-10-20,-0.005313583644907802
2016-10-21,0.0012823638591211019
2016-10-24,0.011843912032512848
2016-10-25,-0.008436249188113764
2016-10-26,-0.006593589573152964
2016-10-27,-0.008243320426842402
2016-10-28,-0.009391229727435987
2016-10-31,0.00021821769936704332
2016-11-01,-0.00021817009079176005
2016-11-02,0.00021821769936704332
2016-11-03,-0.013392219943552774
2016-11-04,-0.004256535137597338
2016-11-07,0.065503826854979
2016-11-08,0.013986686699714746
2016-11-09,0.032078502166734114
2016-11-10,0.006423665952276753
2016-11-11,-0.005661945836552974
2016-11-14,0.0015530073569148175
2016-11-15,0.022844625689949237
2016-11-16,-0.0038401108510864733
2016-11-17,0.013898699107383271
2016-11-18,-0.006803886534564517
2016-11-21,0.02206323091666172
2016-11-22,0.006604041217527946
2016-11-23,0.0018605354312846588
2016-11-25,0.010653919174923534
2016-11-28,-0.013829919828309703
2016-11-29,0.005001719962954136
2016-11-30,-0.008099326593518665
2016-12-01,-0.010231276756909935
2016-12-02,-0.00021795641268600313
2016-12-05,0.0
2016-12-06,0.010150311666031184
2016-12-07,0.039130597798801195
2016-12-08,0.007996232463041375
2016-12-09,0.017895077919858407
2016-12-12,-0.00362502637471579
2016-12-13,0.01909976744853722
2016-12-14,-0.023471841055347872
2016-12-15,0.011880914214023396
2016-12-16,-0.005509195969710256
2016-12-19,0.005448894075181054
2016-12-20,0.011651918873234468
2016-12-21,-0.007499724167082295
2016-12-22,-0.005307537364910081
2016-12-23,0.0027129982658158185
2016-12-27,0.007215745537574106
2016-12-28,-0.023103723312234467
2016-12-29,-0.0017418930289092203
2016-12-30,-0.0004376017585931422
2017-01-03,0.00043779333772763217
2017-01-04,0.0177224908846832
2017-01-05,-0.002321844810830575
2017-01-06,0.011278191806340872
2017-01-09,-0.009470643545692832
2017-01-10,-0.0008936799205744886
2017-01-11,0.008317731454141317
2017-01-12,-0.0071846863478415585
2017-01-13,0.006343008912490814
2017-01-17,-0.010741947686849282
2017-01-18,0.006461367245615204
2017-01-19,-0.010700010162893011
2017-01-20,0.009824419885797284
2017-01-23,-0.007140618209947594
2017-01-24,0.018608505523814798
2017-01-25,0.024799380125074474
2017-01-26,-0.0023251853859615635
2017-01-27,-0.003970492621847562
2017-01-30,-0.01811264761582389
2017-01-31,-0.001323888372858795
2017-02-01,0.001325643376711781
2017-02-02,0.0007059648307370936
2017-02-03,0.02063895008247027
2017-02-06,-0.004666735141794435
2017-02-07,0.0
2017-02-08,0.003299220269342897
2017-02-09,0.017653096687350076
2017-02-10,0.01156479520724365
2017-02-13,0.01588751074601643
2017-02-14,0.012991464564873493
2017-02-15,0.01470334727702612
2017-02-16,-0.00185154741060522
2017-02-17,0.0035488589820593646
2017-02-21,0.017439423463833488
2017-02-22,-0.0015007066020850846
2017-02-23,0.001740292942430891
2017-02-24,0.0
2017-02-27,0.0
2017-02-28,0.000437155480344813
2017-03-01,-0.0003933410665710709
2017-03-02,-0.01775001973068698
2017-03-03,0.00021882920943980768
2017-03-06,-0.00932999045023448
2017-03-07,-0.00848376493169687
2017-03-08,-0.005808861573351184
2017-03-09,0.0026846526162402342
2017-03-10,0.009685724046948696
2017-03-13,0.0017157920886720825
2017-03-14,-0.011600803687625125
2017-03-15,0.02504933307517459
2017-03-16,-0.004072855481034816
2017-03-17,-0.005786968551707457
2017-03-20,-0.0038805438732595647
2017-03-21,-0.037631605388327875
2017-03-22,0.005505227758336707
2017-03-23,-0.0002189421483463502
2017-03-24,0.00021899009450810839
2017-03-27,0.0
2017-03-28,0.02119850345004784
2017-03-29,0.004136051226323757
2017-03-30,0.007920720650561234
2017-03-31,-0.00707266134847728
2017-04-03,-0.003957059492069325
2017-04-04,0.0015888444577862608
2017-04-05,-0.010551185161826555
2017-04-06,0.0
2017-04-07,-0.002702887740446215
2017-04-10,0.0
2017-04-11,0.0002187621983930998
2017-04-12,-0.00021871435196064477
2017-04-13,0.0002187621983930998
2017-04-17,0.0
2017-04-18,0.00021861000351028188
2017-04-19,0.0
2017-04-20,0.0
2017-04-21,-0.009729495599408666
2017-04-24,0.03213327177780896
2017-04-25,0.017712031700690415
2017-04-26,-0.0007663975680769178
2017-04-27,0.00237826827811749
2017-04-28,-0.00673577706933644
2017-05-01,0.0058568353640419905
2017-05-02,0.0021452070822661957
2017-05-03,-0.004892999818193812
2017-05-04,0.00338069632358814
2017-05-05,0.011944683159639695
2017-05-08,0.0003026734627219924
2017-05-09,-0.0024205913590969407
2017-05-10,0.004246361339965182
2017-05-11,-0.005436476600790474
2017-05-12,-0.00516250891977399
2017-05-15,0.014041465568654174
2017-05-16,-0.0018057573918541052
2017-05-17,-0.05187002823803723
2017-05-18,0.0
2017-05-19,-0.00021905868989974703
2017-05-22,0.015759939072494355
2017-05-23,0.006389145533574706
2017-05-24,0.006650254782447108
2017-05-25,0.014114204999572475
2017-05-26,0.0008885165929445501
2017-05-30,-0.0029586154334764795
2017-05-31,-0.0014839159695036316
2017-06-01,0.023180001784871458
2017-06-02,0.009003707322606991
2017-06-05,-0.002302836823581437
2017-06-06,-0.008655615992461393
2017-06-07,0.0004374162183715229
2017-06-08,0.0011571412139137782
2017-06-09,-0.004335039679170327
2017-06-12,-0.0014516712117422876
2017-06-13,0.00021871242183350438
2017-06-14,-0.0031531710579465826
2017-06-15,-0.006037851246930309
2017-06-16,-0.0005782511224274932
2017-06-19,0.024601495222815486
2017-06-20,-0.01836118476346784
2017-06-21,-0.0014388964100564082
2017-06-22,-0.0023057942936746214
2017-06-23,0.0046216994536764765
2017-06-26,0.00028777316213936233
2017-06-27,-0.02242018981515591
2017-06-28,0.02469819508287194
2017-06-29,-0.025537725555545423
2017-06-30,0.00021840836570730237
2017-07-03,0.00010970123550886267
2017-07-05,-0.00021864922695154332
2017-07-06,0.0002186970448913454
2017-07-07,0.0
2017-07-10,0.0
2017-07-11,-0.0014575291849420228
2017-07-12,0.02218965705809994
2017-07-13,0.0048557368696862105
2017-07-14,0.012507582859319258
2017-07-17,0.0
2017-07-18,0.001684265950012726
2017-07-19,0.01625567044554815
2017-07-20,0.0008271530936640026
2017-07-21,-0.001928970016763668
2017-07-24,-0.0013807310739791573
2017-07-25,0.007465232686627327
2017-07-26,0.0
2017-07-27,-0.0027444432560570988
2017-07-28,-0.004127588559637446
2017-07-31,-0.001657855204054587
2017-08-01,0.006089207572420227
2017-08-02,0.0013754454218879808
2017-08-03,-0.004945218477412003
2017-08-04,0.0
2017-08-07,0.0043968426008998175
2017-08-08,-0.006019006005532939
2017-08-09,0.0
2017-08-10,0.0
2017-08-11,0.0002188085634301771
2017-08-14,-0.00021876069671639362
2017-08-15,0.0
2017-08-16,0.0050129331800737725
2017-08-17,-0.04682775527683123
2017-08-18,-0.00021876069671639362
2017-08-21,0.0002188085634301771
2017-08-22,0.00021834440614224254
2017-08-23,-0.009903644433011116
2017-08-24,-0.0074308199980537325
2017-08-25,0.006047088713014026
2017-08-28,0.001430710119843806
2017-08-29,0.0020003370482822268
2017-08-30,0.015402500738747405
2017-08-31,0.016853660927084357
2017-09-01,0.005248677046900335
2017-09-05,-0.021709056130961257
2017-09-06,0.00043738864306807685
2017-09-07,0.000278405668226918
2017-09-08,-0.004731930485897044
2017-09-11,0.0
2017-09-12,0.01057530624621536
2017-09-13,0.0018783612847751777
2017-09-14,-0.001071385255484523
2017-09-15,0.0032170388641088255
2017-09-18,0.005878954147239525
2017-09-19,0.0029229679418403182
2017-09-20,0.0021192750001254304
2017-09-21,-0.008459283945362057
2017-09-22,0.0
2017-09-25,-0.00559835638818323
2017-09-26,0.001340075536659292
2017-09-27,0.010442116536698015
2017-09-28,0.0037098263390867147
2017-09-29,0.009239341546081374
2017-10-02,0.013863478578897664
2017-10-03,0.006707843463020696
2017-10-04,0.0028190532403579694
2017-10-05,0.017633794551304736
2017-10-06,-0.003264904815272174
2017-10-09,-0.004283231336485674
2017-10-10,0.007085043418602143
2017-10-11,0.004774451376430086
2017-10-12,-0.004751764308785533
2017-10-13,0.0032664404650299566
2017-10-16,0.0037565933277699617
2017-10-17,0.0019959692070267527
2017-10-18,0.002490122566222221
2017-10-19,0.0014901532691740146
2017-10-20,0.013888829446143116
2017-10-23,-0.010273800537107665
2017-10-24,0.004696255904908542
2017-10-25,0.0
2017-10-26,0.0
2017-10-27,0.0
2017-10-30,-0.010206897511056143
2017-10-31,0.0034374875350388122
2017-11-01,0.004893623748003556
2017-11-02,0.000730176851395432
2017-11-03,0.008759518015040397
2017-11-06,0.004100167990244628
2017-11-07,-0.0007208601873973621
2017-11-08,0.005048346132182956
2017-11-09,-0.011241600333731706
2017-11-10,0.0002188978560477
2017-11-13,0.0
2017-11-14,0.0
2017-11-15,0.0
2017-11-16,0.00021843447812180833
2017-11-17,-0.00021838677492059985
2017-11-20,0.003646683856987284
2017-11-21,0.01986449155478465
2017-11-22,-0.0021381378835504147
2017-11-24,0.005713317040103826
2017-11-27,-0.0009467768742575911
2017-11-28,0.029850637625932767
2017-11-29,-0.0018402171390384454
2017-11-30,0.025120662543263863
2017-12-01,-0.005170752155426309
2017-12-04,0.00010942183227169586
2017-12-05,0.00010920225160094964
2017-12-06,-0.00022907587817488017
2017-12-07,0.009635267808864652
2017-12-08,0.016359696030069155
2017-12-11,0.009166508037220068
2017-12-12,0.005538228292824835
2017-12-13,-0.0010504152005316614
2017-12-14,-0.012117539633187811
2017-12-15,0.024531693257850623
2017-12-18,0.01965219653040295
2017-12-19,-0.01121589610598939
2017-12-20,-0.002246591860927986
2017-12-21,0.005177966264721041
2017-12-22,-0.0011197082899138365
2017-12-26,-0.0035874462264438773
2017-12-27,0.0018003634262676632
2017-12-28,0.004941374113352599
2017-12-29,-0.009163861561485367
2018-01-02,0.019399735798241943
2018-01-03,0.017702954322042153
2018-01-04,0.01261157907417283
2018-01-05,0.018896297075732503
2018-01-08,0.006111764316288775
2018-01-09,0.006912340169523861
2018-01-10,-0.005824674083380702
2018-01-11,0.022598796326269814
2018-01-12,0.019439360422592845
2018-01-16,-0.010638364460086603
2018-01-17,0.0002190942562569141
2018-01-18,0.0
2018-01-19,0.0001092639672315911
2018-01-22,0.00010935568459871853
2018-01-23,0.006685637491184787
2018-01-24,0.00010924008389721358
2018-01-25,0.0
2018-01-26,0.00021845630360949297
2018-01-29,-0.00021840859087605364
2018-01-30,0.00010933178382733164
2018-01-31,0.00010911259030802495
2018-02-01,-4.361955254213405e-05
2018-02-02,0.00010962351472053153
2018-02-05,-0.00010961149872278775
2018-02-06,0.05550303315281654
2018-02-07,0.00010847187066423325
2018-02-08,-0.00010846010579366537
2018-02-09,0.04585046430758015
2018-02-12,0.0
2018-02-13,0.0
2018-02-14,0.0
2018-02-15,0.03751072491316368
2018-02-16,0.00021656303935266064
2018-02-20,-0.017965142653024103
2018-02-21,-0.00010946008528152265
2018-02-22,0.00010947206810343318
2018-02-23,0.00021912728519933955
2018-02-26,0.03490839902859628
2018-02-27,-0.03784469236069371
2018-02-28,0.0001088148970596579
2018-03-01,9.814015096812464e-05
2018-03-02,0.00010962048642305247
2018-03-05,0.0
2018-03-06,0.007906969338723719
2018-03-07,-0.0006538479290388347
2018-03-08,0.01417356030198591
2018-03-09,0.05117196061151435
2018-03-12,-0.0034770094090898094
2018-03-13,-0.01990992487976698
2018-03-14,-0.015287862147847352
2018-03-15,-0.003615549394607786
2018-03-16,0.002347769087747351
2018-03-19,-0.04067288000635414
2018-03-20,-0.00010895171276645056
2018-03-21,0.0002183410858216025
2018-03-22,0.00010914671169925498
2018-03-23,0.00010996236245911841
2018-03-26,0.08374027414748404
2018-03-27,0.00021878682652966646
2018-03-28,0.00010952461868316244
2018-03-29,0.0002186116032917075
2018-04-02,-5.54163713194638e-05
2018-04-03,-0.00010908117873018341
2018-04-04,0.00021859978051092993
2018-04-05,0.00010958615203217697
2018-04-06,-0.06555795979311885
2018-04-09,0.00010967751605752229
2018-04-10,-0.00010966548821917718
2018-04-11,-0.017229105323465704
2018-04-12,0.0
2018-04-13,-0.009023847269148963
2018-04-16,0.023963589900558746
2018-04-17,0.031827679751654306
2018-04-18,0.001814471609774522
2018-04-19,-0.016300759076785125
2018-04-20,-0.0260067147717055
2018-04-23,-0.0007090047139387514
2018-04-24,-0.039016223298534033
2018-04-25,0.00010929569153904656
2018-04-26,0.00010928374729631183
2018-04-27,0.0023754431470283297
2018-04-30,-0.023222620464734552
2018-05-01,0.00533697220630319
2018-05-02,-0.021235440110611573
2018-05-03,-0.006410310814355398
2018-05-04,0.03846159257245703
2018-05-07,0.009557951747488146
2018-05-08,0.00023666259160970245
2018-05-09,0.02863246466737128
2018-05-10,0.028755269324333994
2018-05-11,0.0055905929810319745
2018-05-14,0.003112962900924442
2018-05-15,-0.019951109542616835
2018-05-16,0.01311907390504764
2018-05-17,-0.00312574509960114
2018-05-18,-0.007614651280934493
2018-05-21,0.02189130299673529
2018-05-22,-0.008392096492921141
2018-05-23,0.008463119811006259
2018-05-24,-0.0057420078316693735
2018-05-25,-0.00821882096958429
2018-05-29,-0.03359451394637718
2018-05-30,-0.00010901710712534575
2018-05-31,0.00021857373366744134
2018-06-01,6.517622123944548e-05
2018-06-04,0.014137678543712206
2018-06-05,0.0021781318805397165
2018-06-06,0.025211838522835817
2018-06-07,-0.0016959944173159365
2018-06-08,0.008494550508312486
2018-06-11,0.004421879335813309
2018-06-12,0.004821827230805086
2018-06-13,-0.011475011465886073
2018-06-14,0.007809099689725026
2018-06-15,-0.003979251036053026
2018-06-18,-0.006938418185752191
2018-06-19,-0.011140550802331624
2018-06-20,-0.00010901771228700716
2018-06-21,-0.019378003053359297
2018-06-22,0.00010942987755085217
2018-06-25,0.00021832065771905707
2018-06-26,-0.00010929101343568713
2018-06-27,0.00021819384328675338
2018-06-28,0.0
2018-06-29,0.000219279204843547
2018-07-02,-0.00014303055066659033
2018-07-03,0.0002189535277831532
2018-07-05,0.0
2018-07-06,0.024524714845903496
2018-07-09,0.02825151816560054
2018-07-10,0.009647385905370945
2018-07-11,-0.020149556557196784
2018-07-12,0.02522792880239178
2018-07-13,0.0018612244214544793
2018-07-16,-0.0020641666535055362
2018-07-17,0.01199587518542197
2018-07-18,0.005926798588801529
2018-07-19,-0.011783921732912634
2018-07-20,-0.002672552474895295
2018-07-23,0.0053596786813416095
2018-07-24,0.013123009001922117
2018-07-25,0.027727068810468547
2018-07-26,-0.00886190627257065
2018-07-27,-0.019868703550120218
2018-07-30,-0.0001093212906453062
2018-07-31,0.00021876933966732455
2018-08-01,-0.0032525549939657608
2018-08-02,0.014276920129658064
2018-08-03,0.013673865298924639
2018-08-06,0.010910539184584392
2018-08-07,0.00941930580714849
2018-08-08,-0.0011665738728064562
2018-08-09,-0.004281855460193085
2018-08-10,-0.02071939679117978
2018-08-13,0.00010996307604337231
2018-08-14,-0.00021907990754663488
2018-08-15,0.0002191279140697902
2018-08-16,0.0
2018-08-17,0.009700643794626637
2018-08-20,0.0066671181005925504
2018-08-21,0.006232768351602041
2018-08-22,-0.0009677961121853517
2018-08-23,-0.00465029805680612
2018-08-24,0.017130677183450252
2018-08-27,0.02354062163010942
2018-08-28,0.002804506105323338
2018-08-29,0.015289998823840438
2018-08-30,-0.012855563456160183
2018-08-31,-0.00010881647506070111
2018-09-04,-0.004651425195233616
2018-09-05,-0.007663310755174301
2018-09-06,0.00021858545130554755
2018-09-07,0.00021853768214766803
2018-09-10,0.0
2018-09-11,0.00010960415658370002
2018-09-12,0.00037677681136768533
2018-09-13,0.01639357393872607
2018-09-14,0.00037056009967668875
2018-09-17,-0.016122809613316674
2018-09-18,0.015633723367431733
2018-09-19,0.003709303420434124
2018-09-20,0.023281405285267627
2018-09-21,-0.0023472905053458833
2018-09-24,-0.009411765912815768
2018-09-25,-0.0037718770756734457
2018-09-26,-0.009373282402730066
2018-09-27,0.00816334209880502
2018-09-28,-0.0003679584270175018
2018-10-01,0.010493315700925404
2018-10-02,-0.0016395527697511457
2018-10-03,0.0021895866975401414
2018-10-04,-0.023852965612987317
2018-10-05,0.00010904337497444295
2018-10-08,0.0
2018-10-09,-0.00010903148581325141
2018-10-10,0.00021849668744878983
2018-10-11,-0.06780383860611448
2018-10-12,0.042918465902764776
2018-10-15,-0.0177605230236975
2018-10-16,0.06328546348771312
2018-10-17,0.0
2018-10-18,0.0
2018-10-19,0.00010949594071199403
2018-10-22,0.0002185582366549406
2018-10-23,0.0
2018-10-24,0.00010884566053956729
2018-10-25,0.05480479384692802
2018-10-26,0.00010943616114735779
2018-10-29,-0.017011893334029277
2018-10-30,0.04640088411781968
2018-10-31,0.00010891237988801883
2018-11-01,0.00021892688977967603
2018-11-02,-0.020500079729661835
2018-11-05,0.017479455980366276
2018-11-06,0.018987300734072857
2018-11-07,0.06233369427296177
2018-11-08,-0.004802830033640901
2018-11-09,-0.027905909024864835
2018-11-12,-0.05806184992360019
2018-11-13,0.00010944279604046193
2018-11-14,-0.0001094308196255891
2018-11-15,0.00032832838812138574
2018-11-16,0.00010899787699538456
2018-11-19,-0.04623747023776547
2018-11-20,0.00021830250223747283
2018-11-21,0.00021845931085441204
2018-11-23,0.0
2018-11-26,0.00010956351510417886
2018-11-27,0.009756051895633253
2018-11-28,0.06932355752598426
2018-11-29,-0.006776681535119373
2018-11-30,0.020241063888261263
2018-12-03,0.036558153944806396
2018-12-04,-0.09462367310425529
2018-12-06,0.00021881035608371959
2018-12-07,0.00010948337430619252
2018-12-10,0.000109267151343072
2018-12-11,-0.00010925521333714127
2018-12-12,0.000218534302686144
2018-12-13,0.00010924327793950434
2018-12-14,0.0001093334305186049
2018-12-17,0.00010921940381720796
2018-12-18,-0.004819695837386498
2018-12-19,-0.049287966970424604
2018-12-20,-0.04465079332312977
2018-12-21,-0.06179431469873398
2018-12-24,-0.07923754967745744
2018-12-26,0.14488011524346237
2018-12-27,0.0003286373528133694
2018-12-28,0.00010944179787272888
2018-12-31,0.00010942982167630374
2019-01-02,-0.00010941784810069786
2019-01-03,-0.07409647754001981
2019-01-04,0.00010939396457287162
2019-01-07,0.024129005893804397
2019-01-08,0.02705058015810597
2019-01-09,0.01472661795189971
2019-01-10,0.011163840729519236
2019-01-11,0.0002760617159672789
2019-01-14,-0.018211833067739717
2019-01-15,0.034569931966281844
2019-01-16,0.00570496863155877
2019-01-17,0.02404084562960046
2019-01-18,0.037984871182726254
2019-01-22,-0.03913573767040671
2019-01-23,0.0
2019-01-24,0.00032796118650653606
2019-01-25,0.027325002080053975
2019-01-28,-0.02455233232273132
2019-01-29,-0.0052437908679683525
2019-01-30,0.04744332159423643
2019-01-31,0.02667320439003748
2019-02-01,0.0007355187069350944
2019-02-04,0.021063016042713465
2019-02-05,0.01247274574271365
2019-02-06,-0.0037904608446935116
2019-02-07,-0.029250754720096653
2019-02-08,0.002939452643948966
2019-02-11,0.0021982262236830224
2019-02-12,0.03850866484331287
2019-02-13,0.00868329579617412
2019-02-14,-0.006747175074504299
2019-02-15,0.03232625620926536
2019-02-19,0.0052188620722283955
2019-02-20,0.005868993341709499
2019-02-21,-0.01099622353556621
2019-02-22,0.019060480969527147
2019-02-25,0.003785282368873962
2019-02-26,-0.0024401687676560116
2019-02-27,-0.0022239076408068757
2019-02-28,-0.006462794476122939
2019-03-01,0.019515401939890337
2019-03-04,-0.01232122575037985
2019-03-05,-0.0033415380158735124
2019-03-06,-0.019222150376198857
2019-03-07,0.00021820604359630786
2019-03-08,0.00010958703765112017
2019-03-11,0.0
2019-03-12,0.010585321710128638
2019-03-13,0.01983535491700839
2019-03-14,-0.002403995215690794
2019-03-15,0.014896130025352497
2019-03-18,0.00971286158037406
2019-03-19,0.0017101684455432793
2019-03-20,-0.010029968712287514
2019-03-21,0.03298119420456369
2019-03-22,-0.05717856061522922
2019-03-25,0.0
2019-03-26,0.00010949128057713981
2019-03-27,0.00010947929354909244
2019-03-28,0.000218021545276653
2019-03-29,0.019402574748592246
2019-04-01,0.034217485753729446
2019-04-02,0.0010337575451810392
2019-04-03,0.004957674716414423
2019-04-04,0.0073996611475757
2019-04-05,0.013262910528993229
2019-04-08,0.0030203298237991417
2019-04-09,-0.016061128124898523
2019-04-10,0.0
2019-04-11,-0.0008078130478222892
2019-04-12,0.019810138238379467
2019-04-15,-0.0019823411100060094
2019-04-16,0.001588831563129032
2019-04-17,-0.007931635495423797
2019-04-18,0.005396724469346562
2019-04-22,0.0017892520560958925
2019-04-23,0.026989490670476027
2019-04-24,-0.0052174328474519985
2019-04-25,-0.0027194234239178907
2019-04-26,-0.00010843516215157231
2019-04-29,0.0034601833184259778
2019-04-30,0.0019152682555781324
2019-05-01,-0.021988161849803248
2019-05-02,0.00010932965634753307
2019-05-03,0.00010962136497122668
2019-05-06,-0.011674493753718757
2019-05-07,0.00010939495180246652
2019-05-08,0.0
2019-05-09,0.00010928179900507017
2019-05-10,0.0002189444187738971
2019-05-13,-0.0737185452844881
2019-05-14,0.02535265702534841
2019-05-15,0.0001090436317153504
2019-05-16,0.027255534693156242
2019-05-17,-0.018305471970182008
2019-05-20,-0.02074153179269736
2019-05-21,0.026743723450834825
2019-05-22,-0.008751902014692912
2019-05-23,-0.035316527582447146
2019-05-24,0.0
2019-05-28,-0.02735560879818588
2019-05-29,0.0
2019-05-30,0.0003274157980547864
2019-05-31,0.0
2019-06-03,-0.009877699681343517
2019-06-04,0.06484557302473583
2019-06-05,0.02587576053831251
2019-06-06,0.019569246021270217
2019-06-07,0.029217278736322842
2019-06-10,0.013468942840802177
2019-06-11,-0.0006136407127882462
2019-06-12,-0.005114540785032621
2019-06-13,0.01254378630426549
2019-06-14,-0.00467114816932855
2019-06-17,0.002040586360254966
2019-06-18,0.029118394941400512
2019-06-19,0.008903855576494094
2019-06-20,0.027848332221000523
2019-06-21,-0.004770058286928092
2019-06-24,-0.003834321249500425
2019-06-25,-0.03013522643806748
2019-06-26,0.00021848694061391805
2019-06-27,0.009400079546563833
2019-06-28,0.01743595745151934
2019-07-01,0.023563704361153296
2019-07-02,0.009132595528508838
2019-07-03,0.02243592951070503
2019-07-05,-0.004425825982468607
2019-07-08,-0.014076508151366426
2019-07-09,0.002817994770222764
2019-07-10,0.014424872335031397
2019-07-11,0.005909623095700901
2019-07-12,0.012667341804946192
2019-07-15,0.0012690416846911827
2019-07-16,-0.010682641432075297
2019-07-17,-0.018850490053579114
2019-07-18,0.010445638231198212
2019-07-19,-0.01827568769123818
2019-07-22,0.007521617671614013
2019-07-23,0.021463175483348806
2019-07-24,0.014069061409211863
2019-07-25,-0.015135136456688661
2019-07-26,0.01975859233035109
2019-07-29,-0.005023418059345798
2019-07-30,-0.00649121685957683
2019-07-31,0.0001091235656266003
2019-08-01,0.0002734837430170803
2019-08-02,0.0
2019-08-05,-0.00010948434283331391
2019-08-06,0.04053766803748311
2019-08-07,0.00021846554070875413
2019-08-08,0.00010905800145175919
2019-08-09,-0.00010904610910103453
2019-08-12,0.0002187196449779746
2019-08-13,0.00010923532356538866
2019-08-14,-0.00010922339251276661
2019-08-15,0.0004368407092490635
2019-08-16,-0.0001092881670574699
2019-08-19,0.0
2019-08-20,-0.02268618267222855
2019-08-21,0.024650843593621352
2019-08-22,-0.002205314870445452
2019-08-23,-0.07615036598462707
2019-08-26,0.00010897461223284255
2019-08-27,0.00010926429545387152
2019-08-28,-0.00010925235807194012
2019-08-29,0.00021862911003879535
2019-08-30,-0.0008050879760648999
2019-09-03,-0.01732470504225374
2019-09-04,-0.00010920702638208675
2019-09-05,0.03891996618356416
2019-09-06,0.002293392533667088
2019-09-09,0.00038135748653224356
2019-09-10,0.0011437884754353263
2019-09-11,0.020944611635243544
2019-09-12,0.008951754810995105
2019-09-13,-0.0025878864106640307
2019-09-16,-0.008524884938127409
2019-09-17,0.00654201340852035
2019-09-18,0.0022286032117647364
2019-09-19,-0.0003706202550328781
2019-09-20,-0.016496792783452077
2019-09-23,0.0015076806343555928
2019-09-24,-0.024651789696680533
2019-09-25,0.0
2019-09-26,0.00021817546104117865
2019-09-27,0.0
2019-09-30,0.00010936493986784501
2019-10-01,-0.036704350672818235
2019-10-02,0.0
2019-10-03,0.022604036904700055
2019-10-04,0.0
2019-10-07,-0.0133805770073457
2019-10-08,-0.04507373369017396
2019-10-09,0.0
2019-10-10,0.00021821635208646824
2019-10-11,0.030272795029318112
2019-10-14,-0.0027063730997623284
2019-10-15,0.029075378143141168
2019-10-16,-0.0052738632218908964
2019-10-17,0.0071956298887256975
2019-10-18,-0.01297262750610902
2019-10-21,0.0217145124624333
2019-10-22,-0.011372195918809504
2019-10-23,0.009428541605159463
2019-10-24,0.0037362941970650464
2019-10-25,0.013586505612584525
2019-10-28,0.015974800042942813
2019-10-29,-0.001626509083061455
2019-10-30,0.009051549189256828
2019-10-31,-0.008970353592469563
2019-11-01,0.028240440449436903
2019-11-04,0.011443757716554663
2019-11-05,-0.0033071997310225726
2019-11-06,0.0012225693792963475
2019-11-07,0.010814473568158813
2019-11-08,0.005867204020234777
2019-11-11,-0.005661472818220782
2019-11-12,0.005693707588970636
2019-11-13,0.0013722687107945233
2019-11-14,0.004625735251234071
2019-11-15,0.021486938591226915
2019-11-18,0.0008346905605278912
2019-11-19,-0.0008339944332469272
2019-11-20,-0.010517580769870123
2019-11-21,-0.004723965149167127
2019-11-22,0.0057636969494500355
2019-11-25,0.022922601217300945
2019-11-26,0.0065909314638214886
2019-11-27,0.01293157738224339
2019-11-29,-0.010665718860744505
2019-12-02,-0.026298591471435716
2019-12-03,-0.00010985145442125092
2019-12-04,0.00010986352308905009
2019-12-05,0.00021820220591324977
2019-12-06,0.025893691476629052
2019-12-09,-0.008630761073308828
2019-12-10,0.0
2019-12-11,0.0
2019-12-12,0.025666093900843203
2019-12-13,0.0009563141766229719
2019-12-16,0.02085987444306168
2019-12-17,0.00031206315515832365
2019-12-18,0.0
2019-12-19,0.012630352138011232
2019-12-20,0.014629339049154724
2019-12-23,0.002011135502949835
2019-12-24,0.0003039300549830505
2019-12-26,0.01520227929042655
2019-12-27,-0.0005986947525815661
2019-12-30,-0.017531097113477438
2019-12-31,0.0
2020-01-02,0.027693876899139023
2020-01-03,-0.0240024092492695
2020-01-06,-0.0001097014223019195
2020-01-07,-0.007606382524629163
2020-01-08,0.015329067376842984
2020-01-09,0.020278291980527774
2020-01-10,-0.009429922267527174
2020-01-13,0.021675547800589105
2020-01-14,-0.005447429400232325
2020-01-15,0.007063038180099166
2020-01-16,0.023471944400827435
2020-01-17,0.010348190409104887
2020-01-21,-0.007197523499978598
2020-01-22,0.0015337083334072221
2020-01-23,0.002644854474352326
2020-01-24,-0.027488451283255746
2020-01-27,0.0001095297141534057
2020-01-28,0.0
2020-01-29,0.00010931805103585592
2020-01-30,0.0
2020-01-31,0.0
2020-02-03,8.754470444877831e-05
2020-02-04,0.0
2020-02-05,0.03342338321847147
2020-02-06,0.010780980167822566
2020-02-07,-0.016682616424079245
2020-02-10,0.021693670435176858
2020-02-11,0.006125017489151856
2020-02-12,0.01866886669856584
2020-02-13,-0.0030542786136833243
2020-02-14,0.004129432444230476
2020-02-18,-0.00902085544831383
2020-02-19,0.015127240249795608
2020-02-20,-0.01186878164872147
2020-02-21,0.00021815039190264048
2020-02-24,-0.00010940045062614056
2020-02-25,0.0
2020-02-26,-0.012456001040559333
2020-02-27,-0.13328777667589928
2020-02-28,-0.011602782066143683
2020-03-02,0.12455235458325635
2020-03-03,0.0002181900967013724
2020-03-04,0.0004373811938045138
2020-03-05,0.0002189436239094406
2020-03-06,0.0
2020-03-09,0.0004365963332281678
2020-03-10,0.15303995414133706
2020-03-11,0.00021835011150989848
2020-03-12,0.00010910145001401596
2020-03-13,0.269675663113087
2020-03-16,0.00010886667305536906
2020-03-17,0.16348286248266886
2020-03-18,0.00021820715311505389
2020-03-19,-0.00021815954914091096
2020-03-20,0.00032755948383709864
2020-03-23,-0.00021803623161376155
2020-03-24,0.278062705100391
2020-03-25,0.03744988239730854
2020-03-26,0.1779111802560536
2020-03-27,-0.09157227242852925
2020-03-30,0.09598407243043582
2020-03-31,-0.04543802973812814
2020-04-01,-0.13282155420389347
2020-04-02,0.00010906336462072021
2020-04-03,-0.04187416630712331
2020-04-06,0.20250982383364255
2020-04-07,-0.0003595262292514316
2020-04-08,0.10187158959518755
2020-04-09,0.044756530827667465
2020-04-13,-0.027829797934190905
2020-04-14,0.0897396778565176
2020-04-15,-0.06434487374008765
2020-04-16,0.015141846421728881
2020-04-17,0.08017402174530668
2020-04-20,-0.05235893224063513
2020-04-21,0.0
2020-04-22,0.0
2020-04-23,0.0001091866806582215
2020-04-24,-0.00010917476022854049
2020-04-27,0.04271928195993702
2020-04-28,-0.013271731482601797
2020-04-29,0.07719330014843591
2020-04-30,-0.02958773015826088
2020-05-01,-0.07720260757399083
2020-05-04,0.0
2020-05-05,0.0
2020-05-06,-0.019631255340023832
2020-05-07,0.03616290634754919
2020-05-08,0.04961045986156079
2020-05-11,-0.0002745052760613157
2020-05-12,-0.058823522984465484
2020-05-13,-0.05227817019177534
2020-05-14,0.00010948053674923225
2020-05-15,-0.00021903662101230943
2020-05-18,0.0921675200609598
2020-05-19,-0.029927488167353695
2020-05-20,0.05141751533750126
2020-05-21,-0.023526326236249086
2020-05-22,0.0067674484545650684
2020-05-26,0.038989600685342574
2020-05-27,0.04192542750060489
2020-05-28,-0.003974435024790111
2020-05-29,0.010723358040630144
2020-06-01,0.014063536695940774
2020-06-02,0.024331041905212694
2020-06-03,0.04038005042148041
2020-06-04,-0.00844766000190039
2020-06-05,0.07690549665065184
2020-06-08,0.03656192803729064
2020-06-09,-0.021864702941692786
2020-06-10,-0.016238097968427113
2020-06-11,-0.1734188758396982
2020-06-12,0.0002185111713960813
2020-06-15,0.0
2020-06-16,0.0
2020-06-17,0.0
2020-06-18,-0.00010958006450991337
2020-06-19,0.0
2020-06-22,0.0
2020-06-23,0.013428355075334832
2020-06-24,-0.07591423392685398
2020-06-25,0.00010959207361641002
2020-06-26,-0.0702049405960332
2020-06-29,0.0
2020-06-30,0.042383681256612384
2020-07-01,0.018655203957510403
2020-07-02,0.015497101076210365
2020-07-06,0.046011341984927234
2020-07-07,-0.030504095536509006
2020-07-08,0.022115995015624158
2020-07-09,-0.016283786638497794
2020-07-10,0.030612293593131522
2020-07-13,-0.025522568997908817
2020-07-14,0.0
2020-07-15,0.026733440503563726
2020-07-16,-0.00994928274821639
2020-07-17,0.00769719792857742
2020-07-20,0.025037251772102562
2020-07-21,0.0064168492801531295
2020-07-22,0.016659919406929343
2020-07-23,-0.03439226140981674
2020-07-24,-0.020741430066276007
2020-07-27,0.02160874942092949
2020-07-28,-0.01738215919402437
2020-07-29,0.03516602293991147
2020-07-30,-0.010705955902292395
2020-07-31,0.024141287003667238
2020-08-03,0.020321210393461308
2020-08-04,0.01135247933495417
2020-08-05,0.018314098013723943
2020-08-06,0.02049887953024662
2020-08-07,0.0018950890443536618
2020-08-10,0.009646409956801447
2020-08-11,-0.024353582075984967
2020-08-12,0.04013038578446363
2020-08-13,-0.003876576717039074
2020-08-14,-0.0009266845562238425
2020-08-17,0.0090892397887471
2020-08-18,0.006249874544848711
2020-08-19,-0.01223967753923094
2020-08-20,0.00924733381185262
2020-08-21,0.010262151578044474
2020-08-24,0.03101766578250483
2020-08-25,0.010379747065357785
2020-08-26,0.029949618994815044
2020-08-27,0.0
2020-08-28,0.00010959207361641002
2020-08-31,0.0
2020-09-01,0.0
2020-09-02,0.0
2020-09-03,-0.00010958006450991337
2020-09-04,0.00010959207361641002
2020-09-08,0.0
2020-09-09,-0.00010958006450991337
2020-09-10,-0.051516208162652725
2020-09-11,0.0003852992799538069
2020-09-14,0.040238634532331424
2020-09-15,0.014251558378364912
2020-09-16,-0.011131485858156738
2020-09-17,-0.026019641056803548
2020-09-18,-0.03429336736248426
2020-09-21,-0.034530196822277696
2020-09-22,0.031091269541883154
2020-09-23,-0.06976746733955337
2020-09-24,0.00010890716241791024
2020-09-25,-0.00010889530293946646
2020-09-28,0.050351443074442274
2020-09-29,-0.017188743946207452
2020-09-30,0.023318972152529708
2020-10-01,0.018230327572675797
2020-10-02,-0.026855936540562533
2020-10-05,0.0
2020-10-06,-0.04175041660504192
2020-10-07,0.05079934418828342
2020-10-08,0.026434770280239408
2020-10-09,0.026988908180444564
2020-10-12,0.049467594916541534
2020-10-13,-0.0202944023520474
2020-10-14,-0.017875292384840074
2020-10-15,-0.004082281052295222
2020-10-16,-0.002391074767660804
2020-10-19,-0.045026595862201174
2020-10-20,-0.00010889530293946646
2020-10-21,0.0
2020-10-22,0.0171368990639771
2020-10-23,0.009477023614997327
2020-10-26,-0.054068250565482555
2020-10-27,-0.00010889530293946646
2020-10-28,0.0
2020-10-29,0.029186595516655
2020-10-30,0.0
2020-11-02,0.0
2020-11-03,0.0
2020-11-04,0.06680654425823658
2020-11-05,0.05868661093285236
2020-11-06,-0.0005070667223572134
2020-11-09,0.038214533851453715
2020-11-10,-0.004723081819132475
2020-11-11,0.021273019222137233
2020-11-12,-0.028200355594182356
2020-11-13,0.04072516125315239
2020-11-16,0.03770595931936019
2020-11-17,-0.0160304533206883
2020-11-18,-0.03553133457908917
2020-11-19,0.011743729253832007
2020-11-20,-0.020193912984512546
2020-11-23,0.018500422917256558
2020-11-24,0.046845215073563956
2020-11-25,-0.004261959344517204
2020-11-27,0.00856028138448655
2020-11-30,-0.01348906115616793
2020-12-01,0.032263527352833686
2020-12-02,0.006101472948663094
2020-12-03,-0.0007391741878305989
2020-12-04,0.026794663945421477
2020-12-07,-0.006487880507768476
2020-12-08,0.007981298948192606
2020-12-09,-0.02605810792857507
2020-12-10,-0.0017735518898341128
2020-12-11,0.00010921414993260979
2020-12-14,-0.00010920222350459899
2020-12-15,0.0
2020-12-16,0.004923387585965804
2020-12-17,0.017435228100144425
2020-12-18,-0.012745828104862515
2020-12-21,-0.010041812976388308
2020-12-22,0.0
2020-12-23,-0.00010920222350459899
2020-12-24,0.012528893728830709
2020-12-28,0.025324039608225272
2020-12-29,-0.005332747370119214
2020-12-30,-0.00010920222350459899
2020-12-31,0.015888601536186875
2021-01-04,-0.04138443001804032
2021-01-05,-0.00010920222350459899
2021-01-06,0.00010921414993260979
2021-01-07,0.0
2021-01-08,0.0170437468309209
2021-01-11,-0.01872193355210397
2021-01-12,-0.00010920222350459899
2021-01-13,0.007875181474264702
2021-01-14,-0.01138941664334864
2021-01-15,-0.021835286450796552
2021-01-19,0.0
2021-01-20,0.04132643279953446
2021-01-21,0.0025687062217148032
2021-01-22,-0.010632523689955467
2021-01-25,0.011912166749186869
2021-01-26,-0.00010920222350459899
2021-01-27,0.0
2021-01-28,0.00010921414993260979
2021-01-29,0.0
2021-02-01,0.0
2021-02-02,-0.00010920222350459899
2021-02-03,0.0024993666845736667
2021-02-04,0.03332926220044663
2021-02-05,0.011936350471489922
2021-02-08,0.02208543765705013
2021-02-09,-0.0024552926771363136
2021-02-10,-0.001230863146928897
2021-02-11,0.004929324753633904
2021-02-12,0.01508244317749299
2021-02-16,-0.0024158443531170654
2021-02-17,0.00024213107605469588
2021-02-18,-0.013075272441902609
2021-02-19,-0.005519957168470198
2021-02-22,-0.02257312876538279
2021-02-23,0.002902776497916018
2021-02-24,0.032842454208730394
2021-02-25,-0.07188107928498433
2021-02-26,0.0
2021-03-01,-0.00010921414993260979
2021-03-02,-0.022630866583926518
2021-03-03,-0.04033085434325256
2021-03-04,0.0
2021-03-05,0.0
2021-03-08,-0.014102715149773343
2021-03-09,0.041589365696777736
2021-03-10,0.01894697512585075
2021-03-11,0.030325646283575702
2021-03-12,0.004845236212347627
2021-03-15,0.018201555537886133
2021-03-16,-0.003906710131081233
2021-03-17,0.008438169309905857
2021-03-18,-0.04266343965485102
2021-03-19,-0.005416584924020821
2021-03-22,0.02376518561101715
2021-03-23,-0.024543715095593537
2021-03-24,-0.014873336276803603
2021-03-25,0.01723677867074826
2021-03-26,0.04675337104990675
2021-03-29,-0.0005909458440478179
2021-03-30,-0.006857169103603686
2021-03-31,0.011309348074441488
2021-04-01,0.03048855720148647
2021-04-05,0.04455102462973167
2021-04-06,-0.0030621605499178035
2021-04-07,0.0037296781721898238
2021-04-08,0.014426224167261434
2021-04-09,0.02143948209250903
2021-04-12,0.0011602703367167234
2021-04-13,0.009270904200071916
2021-04-14,-0.009394710330937214
2021-04-15,0.03161238687125985
2021-04-16,0.010418796706846192
2021-04-19,-0.015568154567639693
2021-04-20,-0.02207851366671891
2021-04-21,0.0
2021-04-22,-0.02675922158319112
2021-04-23,0.0
2021-04-26,0.006615286785475078
2021-04-27,-0.0011121750585184433
2021-04-28,-0.0007083315177673892
2021-04-29,0.018636694630274255
2021-04-30,-0.018395210947918364
2021-05-03,0.0
2021-05-04,-0.018238695654883234
2021-05-05,0.00010923801060554703
2021-05-06,0.023799390151708934
2021-05-07,0.02214452445926443
2021-05-10,-0.029016695840488188
2021-05-11,-0.02665327166038072
2021-05-12,-0.00010923801060554703
2021-05-13,0.0
2021-05-14,0.0
2021-05-17,-0.008387897201931081
2021-05-18,-0.02506698861878436
2021-05-19,-0.007829987481314879
2021-05-20,0.0
2021-05-21,-0.0025853707374899173
2021-05-24,0.031003830725929018
2021-05-25,-0.00623563528175739
2021-05-26,0.005566342200742007
2021-05-27,0.0009056586911516348
2021-05-28,0.006033244669719735
2021-06-01,-0.002698872461199251
2021-06-02,0.004309635871604348
2021-06-03,-0.010877308354333596
2021-06-04,0.02693704387443969
2021-06-07,-0.0020629641007171382
2021-06-08,0.0
2021-06-09,-0.004626874035791482
2021-06-10,0.013945144534546702
2021-06-11,0.004974679225333705
2021-06-14,0.006697159438196117
2021-06-15,-0.005784711825388951
2021-06-16,-0.01706761162535996
2021-06-17,-0.0003946944184452294
2021-06-18,-0.04056464370202092
2021-06-21,-0.00010915035511211564
2021-06-22,0.015104827195804098
2021-06-23,-0.003013062277373803
2021-06-24,0.017644663379143825
2021-06-25,0.00996281982624756
2021-06-28,0.006639327595661379
2021-06-29,0.000471115166712342
2021-06-30,0.003767221212158079
2021-07-01,0.016044273480021284
2021-07-02,0.022993838928667666
2021-07-06,-0.0063188322189691015
2021-07-07,0.010991971445452992
2021-07-08,-0.02497990774725648
2021-07-09,0.0
2021-07-12,0.01170070615923094
2021-07-13,-0.010329495767240116
2021-07-14,0.0030331713883934817
2021-07-15,-0.009071503862287658
2021-07-16,-0.023963431592139768
2021-07-19,-0.00011015827632775335
2021-07-20,0.0
2021-07-21,0.0
2021-07-22,0.006394754573901921
2021-07-23,0.03024863984634927
2021-07-26,0.007209761310081143
2021-07-27,-0.014230185370107985
2021-07-28,0.0
2021-07-29,0.012781313110534638
2021-07-30,-0.015645305754071213
2021-08-02,0.0
2021-08-03,0.0
2021-08-04,-0.01448534212059461
2021-08-05,0.01784762897388614
2021-08-06,0.005931086911799367
2021-08-09,-0.0027344740383427706
2021-08-10,0.0034273969574026043
2021-08-11,0.007343456112030627
2021-08-12,0.008391993425600028
2021-08-13,0.005968340772885074
2021-08-16,0.007520732444267845
2021-08-17,-0.020237235032213422
2021-08-18,-0.03309904878676135
2021-08-19,0.0002190697257394475
2021-08-20,0.0
2021-08-23,0.025174356567597533
2021-08-24,0.0054753139796280105
2021-08-25,0.0061056615879114245
2021-08-26,-0.01787768258501999
2021-08-27,0.026469673854622598
2021-08-30,0.013503548791417555
2021-08-31,-0.0040933944272281975
2021-09-01,0.0025791063262450703
2021-09-02,0.008199291506396842
2021-09-03,-0.0011960946993081493
2021-09-07,-0.010297568613289735
2021-09-08,-0.004194267823321062
2021-09-09,-0.013769810740607721
2021-09-10,0.0001088873170683111
2021-09-13,0.0
2021-09-14,-0.000108875461911369
2021-09-15,0.0
2021-09-16,-0.005295377488757257
2021-09-17,-0.028031989925064237
2021-09-20,0.0001088873170683111
2021-09-21,-0.0019844195476332524
2021-09-22,0.02828507646762794
2021-09-23,0.03673425183414611
2021-09-24,0.004747065573432394
2021-09-27,-0.00852116970262659
2021-09-28,-0.0610959660688112
2021-09-29,0.0001088873170683111
2021-09-30,0.0
2021-10-01,0.0
2021-10-04,-0.038214960288227615
2021-10-05,0.00010929775148520899
2021-10-06,0.013041614474117013
2021-10-07,0.025387144101822544
2021-10-08,-0.005443339368190781
2021-10-11,-0.02171629601251673
2021-10-12,-0.007128585648474096
2021-10-13,0.009542891802113509
2021-10-14,0.05095429383711509
2021-10-15,0.02269997145362164
2021-10-18,0.009213533937899586
2021-10-19,0.022574660795686808
2021-10-20,0.012336484955017463
2021-10-21,0.00817766302525942
2021-10-22,-0.004373772515553835
2021-10-25,0.015335510541300118
2021-10-26,0.003854508347725318
2021-10-27,-0.013556821029430807
2021-10-28,0.02875750776912174
2021-10-29,0.005637040605088379
2021-11-01,0.005451784534901079
2021-11-02,0.011761214676893884
2021-11-03,0.01834228665805761
2021-11-04,0.013638504039915579
2021-11-05,0.01067695266694322
2021-11-08,0.003544934577372833
2021-11-09,-0.010093619042275244
2021-11-10,0.0
2021-11-11,0.00010960866418625581
2021-11-12,0.0
2021-11-15,0.0006564165323076724
2021-11-16,0.011956230473961103
2021-11-17,-0.007276406146875521
2021-11-18,0.010377510842089668
2021-11-19,0.0
2021-11-22,0.0
2021-11-23,-0.00010959665144369178
2021-11-24,0.00010960866418625581
2021-11-26,-0.06732916322543739
2021-11-29,0.00010960866418625581
2021-11-30,-0.00010959665144369178
2021-12-01,0.00010960866418625581
2021-12-02,0.0
2021-12-03,-0.00010959665144369178
2021-12-06,0.0
2021-12-07,0.0
2021-12-08,0.007520713181334243
2021-12-09,-0.01964032747127826
2021-12-10,0.028313818696789582
2021-12-13,-0.026455585946811706
2021-12-14,-0.021045925533349313
2021-12-15,0.04661694444467692
2021-12-16,-0.026738683872689385
2021-12-17,-0.031472453240510775
2021-12-20,-0.03325924696090348
2021-12-21,-0.00010921008722557852
2021-12-22,0.030496215495059303
2021-12-23,0.018077194913572684
2021-12-27,0.04238551938066411
2021-12-28,-0.0021978010025305275
2021-12-29,0.0035103175669908494
2021-12-30,-0.008299938375344663
2021-12-31,-0.008023814249554513
2022-01-03,0.017711762892344496
2022-01-04,-0.0011653050283562982
2022-01-05,-0.058100872163220935
2022-01-06,0.0
2022-01-07,0.0
2022-01-10,-0.003914903891484189
2022-01-11,0.026921069580213113
2022-01-12,0.008160567750541449
2022-01-13,-0.040974404226928565
2022-01-14,0.0
2022-01-18,-0.05263570456633027
2022-01-19,0.00021856758003928835
2022-01-20,-0.03287481206362276
2022-01-21,-0.05948677942027846
2022-01-24,0.013598117783061251
2022-01-25,-0.0397176254851281
2022-01-26,-0.0038601906945701526
2022-01-27,-0.016885023569570633
2022-01-28,0.07536360992225084
2022-01-31,0.00021856758003928835
2022-02-01,0.02103529694421188
2022-02-02,0.028144893869180183
2022-02-03,-0.07163143550453636
2022-02-04,-0.00021851981869132635
2022-02-07,-0.010129731462488018
2022-02-08,0.025372142253122357
2022-02-09,0.0423127845410676
2022-02-10,-0.0518318324301724
2022-02-11,0.0
2022-02-14,-0.0001092339570100593
2022-02-15,0.00021859145764917596
2022-02-16,0.004454339056904225
2022-02-17,-0.06455747999594855
2022-02-18,0.00010933362302922906
2022-02-22,0.0
2022-02-23,-0.00010932167049491823
2022-02-24,0.046785857546103066
2022-02-25,0.0
2022-02-28,-0.007662773811729415
2022-03-01,0.00024059377027580578
2022-03-02,0.0
2022-03-03,0.00010950660845976912
2022-03-04,0.0
2022-03-07,0.0
2022-03-08,0.0
2022-03-09,0.0
2022-03-10,0.0
2022-03-11,-0.03858838462733705
2022-03-14,0.00010950660845976912
2022-03-15,-0.00021869034274405867
2022-03-16,0.06882453178566245
2022-03-17,0.03598119212215693
2022-03-18,0.03193514142705489
2022-03-21,0.0006995210364373905
2022-03-22,0.03406989241436097
2022-03-23,-0.03776286419909661
2022-03-24,0.044776194106920304
2022-03-25,0.013697417889481688
2022-03-28,0.021719227904897092
2022-03-29,0.03707911589178295
2022-03-30,-0.017837741704906224
2022-03-31,-0.04572239227828245
2022-04-01,0.0065110450625863745
2022-04-04,0.024464757705201276
2022-04-05,-0.034809179935637716
2022-04-06,-0.030277517345581196
2022-04-07,0.0
2022-04-08,-0.007248860528714676
2022-04-11,-0.052315280733128244
2022-04-12,0.0
2022-04-13,0.0
2022-04-14,-0.03679081962601019
2022-04-18,0.0005523941073978032
2022-04-19,0.04783349807391541
2022-04-20,-0.0019313372590303137
2022-04-21,-0.04468270627678705
2022-04-22,-0.0001091838022641493
2022-04-25,0.00010919572466855959
2022-04-26,-0.0001091838022641493
2022-04-27,0.00897015973810457
2022-04-28,0.07519282898219645
2022-04-29,-0.00021864252773472992
2022-05-02,0.00010919572466855959
2022-05-03,-0.0001091838022641493
2022-05-04,0.00021869034274405867
2022-05-05,-0.10654172538925627
2022-05-06,0.0
2022-05-09,-0.0001094706778954297
2022-05-10,0.0
2022-05-11,0.0
2022-05-12,-0.0040578155284767365
2022-05-13,0.07057434640182812
2022-05-16,-0.010680018285219289
2022-05-17,0.059933009858114596
2022-05-18,-0.11929284011039815
2022-05-19,0.00021834369967860048
2022-05-20,0.0018989616617708445
2022-05-23,0.05578903601767604
2022-05-24,-0.022572945996773335
2022-05-25,0.027161976329231393
2022-05-26,0.058252332910297314
2022-05-27,0.07448084714177394
2022-05-31,-0.017525842342408057
2022-06-01,-0.02378517881438809
2022-06-02,0.05587451055754402
2022-06-03,-0.04870205532246256
2022-06-06,0.008046701060323342
2022-06-07,0.02903733417336498
2022-06-08,-0.03226529770961517
2022-06-09,-0.07132890791137002
2022-06-10,-0.00021836928825652187
2022-06-13,0.00010945748527851601
2022-06-14,-0.00943697776626896
2022-06-15,0.04091842604715765
2022-06-16,0.00021809431971850496
2022-06-17,0.00381797709581772
2022-06-21,0.0735900404523477
2022-06-22,0.00010980789591445935
2022-06-23,0.028983559409153876
2022-06-24,0.09489373066682422
2022-06-27,-0.01031777228551668
2022-06-28,-0.06046742532415387
2022-06-29,-0.0031066045915173583
2022-06-30,-0.026566126910325595
2022-07-01,0.03171243686573725
2022-07-05,0.005763287641519886
2022-07-06,0.010725810396693587
2022-07-07,0.04404698811386501
2022-07-08,-0.0026453759271451312
2022-07-11,-0.03364521909674023
2022-07-12,-0.026437658050471498
2022-07-13,-0.01706468700932013
2022-07-14,-0.007397510436458011
2022-07-15,0.05764289361333612
2022-07-18,-0.024590348503151182
2022-07-19,0.07961102383613436
2022-07-20,0.01898107950495691
2022-07-21,0.03015284411811868
2022-07-22,-0.02692871553394163
2022-07-25,0.0024066639311564916
2022-07-26,-0.0352092651009104
2022-07-27,0.07782667644154065
2022-07-28,0.036680598545738616
2022-07-29,0.04503315444001807
2022-08-01,-0.009589294264118284
2022-08-02,-0.019842221893257874
2022-08-03,0.04658555756479807
2022-08-04,-0.002796775166184657
2022-08-05,-0.00607618177036426
2022-08-08,-0.0022336103125408795
2022-08-09,-0.012607372747749951
2022-08-10,0.06241030527561401
2022-08-11,0.0003369255177864784
2022-08-12,0.0495172301601016
2022-08-15,0.01273149901037396
2022-08-16,0.005810142472763887
2022-08-17,-0.020796185372515673
2022-08-18,0.0075083365404835095
2022-08-19,-0.04098801434032397
2022-08-22,0.00010919447267316416
2022-08-23,-0.0002185637954437595
2022-08-24,0.0003276192573347413
2022-08-25,0.04208549725371041
2022-08-26,-0.10130466256974108
2022-08-29,0.0
2022-08-30,0.00010905935610084792
2022-08-31,0.0002184921854283589
2022-09-01,0.00020801869884552106
2022-09-02,0.00010919951297017215
2022-09-06,-0.011325502799115216
2022-09-07,0.053882001071674346
2022-09-08,0.019860518760859164
2022-09-09,0.0459212533532569
2022-09-12,0.031953666795140084
2022-09-13,-0.12934300399207754
2022-09-14,0.0
2022-09-15,0.0003276178796812919
2022-09-16,0.0
2022-09-19,0.0
2022-09-20,-0.03364489658215863
2022-09-21,0.00021833108157706264
2022-09-22,0.0004369635456765254
2022-09-23,-0.05046749266845997
2022-09-26,-0.030056132830128274
2022-09-27,-0.007528189347516541
2022-09-28,0.057505877751009626
2022-09-29,0.0002182394891966993
2022-09-30,-0.04610998460562437
2022-10-03,0.07801412629951159
2022-10-04,0.0003280711123374958
2022-10-05,-0.006658307790116057
2022-10-06,-0.031120341900449336
2022-10-07,0.0
2022-10-10,0.00010966050613028976
2022-10-11,0.0
2022-10-12,0.0
2022-10-13,0.00032755874439710617
2022-10-14,0.0
2022-10-17,0.0
2022-10-18,0.034912229488372325
2022-10-19,-0.019664165385526757
2022-10-20,-0.02611125143401729
2022-10-21,0.07137789533628199
2022-10-24,0.03695725327355959
2022-10-25,0.048105995782029565
2022-10-26,-0.0228726784661265
2022-10-27,-0.016697995347039956
2022-10-28,0.07062373466402284
2022-10-31,-0.021642476319117282
2022-11-01,-0.013030372909439411
2022-11-02,-0.07552958009040489
2022-11-03,-0.03221508953462168
2022-11-04,0.04272485159747412
2022-11-07,0.028797062461219408
2022-11-08,0.01631482479375223
2022-11-09,-0.06200839067187296
2022-11-10,0.00010945046482367757
2022-11-11,0.029564376578838508
2022-11-14,-0.02591398046002414
2022-11-15,0.025309085218747293
2022-11-16,-0.022440275100673777
2022-11-17,-0.010617082686688215
2022-11-18,0.013921201761724521
2022-11-21,-0.011870937794358629
2022-11-22,0.04038207470391935
2022-11-23,0.017390295972358954
2022-11-25,-0.000683669808029584
2022-11-28,-0.04761898062858409
2022-11-29,-0.005603472323459943
2022-11-30,0.09218328606893601
2022-12-01,-0.0005291781375984519
2022-12-02,-0.004765334193083754
2022-12-05,-0.05373039102464587
2022-12-06,-0.043288787430446
2022-12-07,-0.006464027682461698
2022-12-08,0.000655619127956593
2022-12-09,-0.02267795505784322
2022-12-12,0.00010902960109348712
2022-12-13,0.0
2022-12-14,-0.01872658970596495
2022-12-15,-0.07421528566476053
2022-12-16,0.0
2022-12-19,0.0001202772360763597
2022-12-20,0.00348562553866348
2022-12-21,0.04463544488606598
2022-12-22,-0.042883744714665516
2022-12-23,0.0
2022-12-27,-0.011354546485520506
2022-12-28,-0.0370430090641754
2022-12-29,0.05173855705869399
2022-12-30,-0.007985783778322443
2023-01-03,-0.012075581363580857
2023-01-04,0.022001331398896873
2023-01-05,-0.0347632290382344
2023-01-06,0.06790027154136806
2023-01-09,-0.001237650131393109
2023-01-10,0.020446135510583704
2023-01-11,0.03794767845141442
2023-01-12,0.009944381271072859
2023-01-13,0.010425883179549233
2023-01-17,-0.005159039760109684
2023-01-18,-0.047536762310844964
2023-01-19,-0.021929925603144274
2023-01-20,0.05350248806492816
2023-01-23,0.036107356162826815
2023-01-24,-0.0031166134447852935
2023-01-25,0.0014210204250096005
2023-01-26,0.030935182988796477
2023-01-27,0.006744586536117498
2023-01-30,-0.0371888885148055
2023-01-31,0.043027805214770856
2023-02-01,0.03226679942151495
2023-02-02,0.0423370693510255
2023-02-03,-0.031633667825715625
2023-02-06,-0.018032052811793632
2023-02-07,0.00010916309112670506
2023-02-08,-0.03205099730594589
2023-02-09,0.00032813878155961857
2023-02-10,0.00010921323218126422
2023-02-13,0.00021869616380509015
2023-02-14,0.0
2023-02-15,0.009431433224065342
2023-02-16,-0.04165591689689695
2023-02-17,0.00010977831525379955
2023-02-21,0.0
2023-02-22,0.00032685520138639777
2023-02-23,0.00032723696118514304
2023-02-24,-0.03252266506629638
2023-02-27,0.00010880345983281967
2023-02-28,-0.010903354337967935
2023-03-01,-0.010576548889497637
2023-03-02,0.021077872772750767
2023-03-03,0.04703647163504764
2023-03-06,0.0029572467940097054
2023-03-07,-0.04633544060629709
2023-03-08,0.004269958622792511
2023-03-09,-0.05541715601478747
2023-03-10,0.00021828539068939658
2023-03-13,0.00021843278184581746
2023-03-14,0.04796874342055364
2023-03-15,0.0005458056604306981
2023-03-16,0.0004366791379708294
2023-03-17,0.00021775733126898865
2023-03-20,0.00010934179065633018
2023-03-21,0.0
2023-03-22,-0.05008059574118296
2023-03-23,0.005411363991996804
2023-03-24,0.00021773846594202632
2023-03-27,0.005127490185311374
2023-03-28,-0.006451679104301575
2023-03-29,0.043642308217829176
2023-03-30,0.016206328291495972
2023-03-31,0.04200444997538612
2023-04-03,0.010522008810807403
2023-04-04,-0.01609192787525216
2023-04-05,-0.008933621339479232
2023-04-06,0.010400917549107812
2023-04-10,0.00343128401424949
2023-04-11,-0.00027343071681749443
2023-04-12,-0.011355909708552624
2023-04-13,0.037780222116166315
2023-04-14,-0.00653430404797903
2023-04-17,0.010067248999621933
2023-04-18,0.0013290048572087597
2023-04-19,0.0
2023-04-20,-0.018049308430473417
2023-04-21,0.0017569581897710334
2023-04-24,0.0028332262327010562
2023-04-25,-0.04708731102747056
2023-04-26,0.0002180647812385556
2023-04-27,0.00032717126848808486
2023-04-28,0.025409013109455827
2023-05-01,-0.00382232840319177
2023-05-02,-0.033209957901332104
2023-05-03,-0.021896758744809314
2023-05-04,0.00032796150987896824
2023-05-05,0.0002189568585232542
2023-05-08,0.0010850993656071487
2023-05-09,-0.01300803707324119
2023-05-10,0.013454244216327264
2023-05-11,-0.006637655586691677
2023-05-12,-0.004363802192739046
2023-05-15,0.00958748769599465
2023-05-16,-0.019807242890360555
2023-05-17,0.03584756518508162
2023-05-18,0.027659079674863016
2023-05-19,-0.004030665561159409
2023-05-22,0.000783534266000801
2023-05-23,-0.033916314531748745
2023-05-24,-0.02200899376448463
2023-05-25,0.000654785667404839
2023-05-26,0.00021802246954833704
2023-05-30,0.00012984366333343466
2023-05-31,-0.016216826471940737
2023-06-01,0.027693246747296053
2023-06-02,0.042602419448715276
2023-06-05,-0.006522935684841005
2023-06-06,0.006813513709075118
2023-06-07,-0.009843707636621247
2023-06-08,0.01565791341335264
2023-06-09,0.005873194665677654
2023-06-12,0.025909068307777044
2023-06-13,0.019682323917905593
2023-06-14,0.004999960695007333
2023-06-15,0.03436319724640389
2023-06-16,-0.010514568257994081
2023-06-20,-0.014922122266868
2023-06-21,-0.015791460703349223
2023-06-22,0.009004629215893045
2023-06-23,-0.022716594829935533
2023-06-26,-0.01292685363988948
2023-06-27,0.032920792661939674
2023-06-28,0.0020935848090565686
2023-06-29,0.010331058588700029
2023-06-30,0.0337774889858559
2023-07-03,0.0035561559231432702
2023-07-05,-0.004761743568378294
2023-07-06,-0.025147433718818186
2023-07-07,0.00010948206914196022
2023-07-10,0.00021846003631333948
2023-07-11,0.019764529829731665
2023-07-12,0.02319074224810796
2023-07-13,0.022227108105663466
2023-07-14,-0.0020352391974829288
2023-07-17,0.010303869339069613
2023-07-18,0.021565687874093506
2023-07-19,0.00561567792818016
2023-07-20,-0.019234603612129395
2023-07-21,-0.0007381542441555075
2023-07-24,0.012556733975546498
2023-07-25,0.008440990415204989
2023-07-26,0.0006201659132127332
2023-07-27,-0.020861391932058278
2023-07-28,0.0001091599984909109
2023-07-31,0.006257717220071297
2023-08-01,-0.009888844782212096
2023-08-02,-0.041289118410969196
2023-08-03,0.0004372437090592418
2023-08-04,0.00021895675761869556
2023-08-07,0.0
2023-08-08,0.00021833501523658985
2023-08-09,0.00010928709912167785
2023-08-10,0.0005463757837839492
2023-08-11,0.00010911993245648174
2023-08-14,0.015677105260016127
2023-08-15,-0.0341542052418292
2023-08-16,0.00021845502720705965
2023-08-17,0.0004368146300622246
2023-08-18,0.00011886065172152328
2023-08-21,0.02008301373925445
2023-08-22,0.00010841635391984291
2023-08-23,0.0002180497477875346
2023-08-24,-0.041538598627100506
2023-08-25,0.0002178355010063924
2023-08-28,0.017805032305870622
2023-08-29,0.04356282233384264
2023-08-30,0.01314791865769237
2023-08-31,-0.0060559915403098205
2023-09-01,0.005004852634847265
2023-09-05,-0.013315985181211626
2023-09-06,-0.02029836324522014
2023-09-07,-0.010751611236287824
2023-09-08,0.004415230615696585
2023-09-11,0.0193868835786951
2023-09-12,-0.016917316690504534
2023-09-13,0.0038240971719135314
2023-09-14,0.024425773633878076
2023-09-15,-0.03674943696628381
2023-09-18,0.001930285457982251
2023-09-19,-0.006314946124527796
2023-09-20,-0.028917410979654203
2023-09-21,0.0005453219775591167
2023-09-22,-0.008174322787388569
2023-09-25,0.012487395950981297
2023-09-26,0.00010901917123018259
2023-09-27,0.0005162514211046892
2023-09-28,0.017546215672465528
2023-09-29,0.00010912584316319951
2023-10-02,0.00015313903715206175
2023-10-03,0.00021876366087040996
2023-10-04,0.02255460333566532
2023-10-05,0.000655791310608655
2023-10-06,0.0
2023-10-09,0.01898245723768594
2023-10-10,0.01577249166110384
2023-10-11,0.012348900469774549
2023-10-12,-0.01884067648755319
2023-10-13,-0.016248312731863997
2023-10-16,0.00010916691536146084
2023-10-17,-0.0007279707954017824
2023-10-18,0.00010885912606757672
2023-10-19,0.0004369981548966793
2023-10-20,0.0002175994635321748
2023-10-23,0.00010896523791358433
2023-10-24,0.00010933167608202183
2023-10-25,-0.04358794432349673
2023-10-26,0.0004360966213102226
2023-10-27,-0.01499207410087182
2023-10-30,0.03585511455880608
2023-10-31,0.017801842533848658
2023-11-01,0.03192636492494271
2023-11-02,0.056900881388854144
2023-11-03,0.02672783180833551
2023-11-06,0.00656991178170249
2023-11-07,0.008251294402366488
2023-11-08,0.0015877883012613851
2023-11-09,-0.024146345464380894
2023-11-10,0.046113643829008163
2023-11-13,-0.0035839173088762725
2023-11-14,0.058506307399662165
2023-11-15,0.0062293775379064446
2023-11-16,0.0023638416471697195
2023-11-17,0.005390299656153015
2023-11-20,0.02088664444644186
2023-11-21,-0.0072210364087609375
2023-11-22,0.011241119421714393
2023-11-24,0.000980714935818868
2023-11-27,-0.005661321655638793
2023-11-28,0.00273738636288711
2023-11-29,-0.001747271047161118
2023-11-30,0.0106104467142295
2023-12-01,0.016560161586831167
2023-12-04,-0.01511914802589589
2023-12-05,-0.0009729537787772978
2023-12-06,-0.013093929179059056
2023-12-07,0.022149230954848744
2023-12-08,0.012014547692501808
2023-12-11,0.01197802005590732
2023-12-12,0.01330261822237688
2023-12-13,0.04052096407569693
2023-12-14,0.008841599920691851
2023-12-15,-0.004234386508368504
2023-12-18,0.01592172454233259
2023-12-19,0.017521617307914537
2023-12-20,0.00021904280265219088
2023-12-21,0.0006578285916653287
2023-12-22,0.00010956602294831764
2023-12-26,0.01182858961855981
2023-12-27,0.006132713360517286
2023-12-28,0.0
2023-12-29,-0.009619230143779066
2024-01-02,-0.017982333614192488
2024-01-03,-0.024383171407970375
2024-01-04,0.00032804351850586615
2024-01-05,0.00010946791761987181
2024-01-08,0.042151111815852536
2024-01-09,-0.005237797139607084
2024-01-10,0.01755077223793157
2024-01-11,-0.0026830574258561923
2024-01-12,0.0016332826186457755
2024-01-16,-0.011414784227319542
2024-01-17,0.00021825138411178506
2024-01-18,0.00043659433996631666
2024-01-19,0.03618867421330902
2024-01-22,0.006409017379837442
2024-01-23,0.00821416068599694
2024-01-24,0.002837769108085458
2024-01-25,0.016157055067318037
2024-01-26,-0.0035933444858568747
2024-01-29,0.02217821977045622
2024-01-30,-0.0021167655228669403
2024-01-31,-0.04931950568443058
2024-02-01,0.0005031018710429443
2024-02-02,0.00021862184738629474
2024-02-05,0.0
2024-02-06,0.00808292343197704
2024-02-07,0.024664543280166675
2024-02-08,0.0011908296369557867
2024-02-09,0.016226280621247688
2024-02-12,-0.001671909893240494
2024-02-13,-0.041115494784347235
2024-02-14,0.00021870749454743602
2024-02-15,0.0005458117600754423
2024-02-16,-0.015439889130560113
2024-02-20,-0.01712299478953593
2024-02-21,0.00010876957991886719
2024-02-22,0.0005458337694488138
2024-02-23,0.0010533795273616469
2024-02-26,-0.010523783838575353
2024-02-27,0.004745077354603268
2024-02-28,-0.004559889554491331
2024-02-29,0.0096523181986234
2024-03-01,0.02924768230025675
2024-03-04,-0.00432950301147329
2024-03-05,-0.02996281992148044
2024-03-06,0.0002187944426211574
2024-03-07,0.000437122092783246
2024-03-08,0.00010932550244990198
2024-03-11,0.00010949898604495226
2024-03-12,0.000327441214706783
2024-03-13,-0.0052552438551735706
2024-03-14,-0.007070360319479803
2024-03-15,-0.021674537009809723
2024-03-18,0.00010910163233824248
2024-03-19,0.017139998264127196
2024-03-20,0.026187182756018793
2024-03-21,0.00936213453240264
2024-03-22,-0.005609666337409035
2024-03-25,-0.007973539481409476
2024-03-26,-0.00811365577514209
2024-03-27,0.024998193677681746
2024-03-28,-0.00037297491259668565
2024-04-01,-0.005073400364740175
2024-04-02,-0.02002276678846646
2024-04-03,0.0
2024-04-04,0.00043732434377555696
2024-04-05,0.00021861276669002722
2024-04-08,0.00010932866199539029
2024-04-09,0.00010913205394004107
2024-04-10,0.00021879420023657468
2024-04-11,0.000327473423473439
2024-04-12,-0.042967454828004764
2024-04-15,0.00021846630747656654
2024-04-16,0.0001091170576064274
2024-04-17,0.00010910515237323074
2024-04-18,-0.007047720079255119
2024-04-19,-0.02579420716528928
2024-04-22,0.02576627649998847
2024-04-23,0.03516692871337602
2024-04-24,-0.0013389749609471057
2024-04-25,-0.012651809437399453
2024-04-26,0.028004007630063294
2024-04-29,0.01007105830869689
2024-04-30,-0.046910821359729626
2024-05-01,-0.010890011780767357
2024-05-02,0.02678798422259943
2024-05-03,0.03731859658121386
2024-05-06,0.03060376309274183
2024-05-07,0.0037908752461604314
2024-05-08,-0.0005507430597721332
2024-05-09,0.016295521991168693
2024-05-10,0.003485779335200989
2024-05-13,0.00015425071410701076
2024-05-14,0.012657465479953169
2024-05-15,0.037191927324787204
2024-05-16,-0.007494964044390657
2024-05-17,0.0038498411196775666
2024-05-20,0.003834962036168794
2024-05-21,0.006538956724952777
2024-05-22,-0.008832094550319212
2024-05-23,-0.02297668285739373
2024-05-24,0.0192960604789479
2024-05-28,0.0019965001471970545
2024-05-29,-0.02103333745956418
2024-05-30,0.00021789380202592653
2024-05-31,0.00021775468706424433
2024-06-03,0.0019503052337310912
2024-06-04,0.0028453901118649055
2024-06-05,0.035463617014337694
2024-06-06,-0.0003605773811165054
2024-06-07,-0.004832605172233039
2024-06-10,0.009204905422069892
2024-06-11,0.006607434502566264
2024-06-12,0.02432920044181875
2024-06-13,0.006198861638194628
2024-06-14,0.0007616502738250027
2024-06-17,0.0001090671757809068
2024-06-18,0.007299930401803501
2024-06-20,-0.008320672913690621
2024-06-21,0.0003272972184944675
2024-06-24,0.00021821809624486755
2024-06-25,0.011759929225022545
2024-06-26,0.0038810666549516206
2024-06-27,0.00339162775725577
2024-06-28,-0.012573314982047107
2024-07-01,0.0062980125643848275
2024-07-02,0.01891305735525078
2024-07-03,0.01268601006716726
2024-07-05,0.016746860379091042
2024-07-08,0.003112774332660848
2024-07-09,0.0024564447511477394
2024-07-10,0.02889023662342359
2024-07-11,-0.02582280149493523
2024-07-12,0.0175642641208244
2024-07-15,0.008156279080713598
2024-07-16,0.017623039275905358
2024-07-17,-0.042339564708274144
2024-07-18,0.00010922666790942342
2024-07-19,0.00032737117939540177
2024-07-22,0.00021835799338102332
2024-07-23,0.0
2024-07-24,0.0003271016348259544
2024-07-25,0.0
2024-07-26,0.0005450517458160186
2024-07-29,0.0
2024-07-30,0.00010906002527466085
2024-07-31,0.00021791451807768136
2024-08-01,0.00024085301397429006
2024-08-02,0.0005467164134095303
2024-08-05,0.0
2024-08-06,0.026152805555260724
2024-08-07,0.00021864638915789828
2024-08-08,0.00010952615283988973
2024-08-09,0.00021857465372385337
2024-08-12,0.0018746944855092362
2024-08-13,0.04887733448490421
2024-08-14,0.009847969617165438
2024-08-15,0.050596946958932396
2024-08-16,0.0054482527608726425
2024-08-19,0.028833284430885484
2024-08-20,-0.005266869016949945
2024-08-21,0.010001306783891299
2024-08-22,-0.02427016019873601
2024-08-23,0.030644794599604765
2024-08-26,-0.007015308732374516
2024-08-27,0.0037591056309989055
2024-08-28,-0.017498293071723833
2024-08-29,0.0
2024-08-30,0.0264193194605261
2024-09-03,-0.061339246995181146
2024-09-04,0.00010938459233944444
2024-09-05,0.0001091014568524528
2024-09-06,0.0005470746284628478
2024-09-09,0.0
2024-09-10,0.00032745104787496916
2024-09-11,0.0
2024-09-12,0.02492046447987572
2024-09-13,0.01440380095407095
2024-09-16,0.00423349873431429
2024-09-17,0.0012973170674297069
2024-09-18,0.00021804497644491784
2024-09-19,0.050964986057067854
2024-09-20,-0.006785405960985219
2024-09-23,0.007959826337424238
2024-09-24,0.008111926767767117
2024-09-25,-0.007101805426851136
2024-09-26,0.01237713525960325
2024-09-27,-0.005713583648512919
2024-09-30,0.00010879930599012232
2024-10-01,0.00022955236837886856
2024-10-02,0.0001093927495926133
2024-10-03,0.0002184914922455776
2024-10-04,0.00021862377548409327
2024-10-07,0.00021884594757055803
2024-10-08,0.0
2024-10-09,0.00010930906594098642
2024-10-10,0.000109117205822307
2024-10-11,0.0005459762360919974
2024-10-14,-0.00010922555932026642
2024-10-15,-0.023269284819784086
2024-10-16,0.0
2024-10-17,0.0005296558030260108
2024-10-18,0.01011525188786424
2024-10-21,-0.004599245517027544
2024-10-22,-0.002515238115429687
2024-10-23,-0.027852741733969216
2024-10-24,0.00010883703763902651
2024-10-25,0.0004363782508720606
2024-10-28,0.0
2024-10-29,0.0042836284232298984
2024-10-30,-0.009123479508031605
2024-10-31,0.00021802268853556852
2024-11-01,0.00042644194832481603
2024-11-04,0.00021850989521657001
2024-11-05,0.0356600575328719
2024-11-06,0.07435907086814035
2024-11-07,0.02335476715475923
2024-11-08,0.011882978594381687
2024-11-11,0.002579219710808114
2024-11-12,-0.010071080554145984
2024-11-13,0.0016587608515994448
2024-11-14,-0.01992697702854651
2024-11-15,-0.03942581970449066
2024-11-18,0.00010912085649577929
2024-11-19,0.01036538672163059
2024-11-20,0.0001091627254747147
2024-11-21,0.00010924027815205173
2024-11-22,0.00032696937321268296
2024-11-25,0.009454857447421618
2024-11-26,0.016017500954255654
2024-11-27,-0.010364538403370312
2024-11-29,0.018024574159947123
2024-12-02,0.005360303659399042
2024-12-03,0.0009694877890923155
2024-12-04,0.017809012779493337
2024-12-05,-0.00465196565815938
2024-12-06,0.004939272240957639
2024-12-09,-0.01617164417978481
2024-12-10,-0.009024500386054636
2024-12-11,0.02254973539531164
2024-12-12,-0.015638012893270114
2024-12-13,-0.0014541114833263524
2024-12-16,0.012026692157148756
2024-12-17,0.000109144693494682
2024-12-18,0.0
2024-12-19,0.0001424789101344143
2024-12-20,0.00043798445846069995
2024-12-23,0.0
2024-12-24,0.03122359966535823
2024-12-26,5.477345124891935e-05
2024-12-27,-0.031535843874246704
2024-12-30,-0.03476737892564671
2024-12-31,0.00021866020942413038
2025-01-02,0.00021870141915591223
2025-01-03,0.00010937129570367481
2025-01-06,0.017880802143844795
2025-01-07,-0.03366010280161339
2025-01-08,0.0002190027883271336
2025-01-10,0.00032772078509271516
2025-01-13,0.00010908593366668406
2025-01-14,0.0002185036500243572
2025-01-15,0.00010922795830460433
2025-01-16,-0.0049089513776907345
2025-01-17,0.027916420522761644
2025-01-21,0.02670656433721994
2025-01-22,0.016223049413246027
2025-01-23,0.016451121853000118
2025-01-24,-0.009796051286323394
2025-01-27,-0.04188402416369703
2025-01-28,0.0
2025-01-29,-0.012546539337017229
2025-01-30,0.015535639403645577
2025-01-31,-0.01666397184408821
2025-02-03,0.00028455323855380605
2025-02-04,0.0
2025-02-05,0.00010933738617672168
2025-02-06,0.010174876680144274
2025-02-07,-0.028202678916503007
2025-02-10,0.00010954352786526785
2025-02-11,0.0020884643765765993
2025-02-12,-0.009104706284833076
2025-02-13,0.03033309412212267
2025-02-14,-0.0009131419509190977
2025-02-18,0.007743151390781632
2025-02-19,0.007149944727213805
2025-02-20,-0.012874099239022446
2025-02-21,-0.05130952799831639
2025-02-24,0.00010873298381886873
2025-02-25,0.0
2025-02-26,0.00021850388180550022
2025-02-27,0.0001089627427903501
2025-02-28,0.044756959019214115
2025-03-03,0.0002076865233196423
2025-03-04,0.0
2025-03-05,0.027462838732347315
2025-03-06,0.00010915773274704583
2025-03-07,0.0004376438007207689
2025-03-10,0.00010927474958237964
2025-03-11,-0.025964858066631614
2025-03-12,0.01484149143225834
2025-03-13,-0.0391879000136002
2025-03-14,0.05955363959790023
2025-03-17,0.02189675638392126
2025-03-18,-0.03036693275968073
2025-03-19,0.03047364933169817
2025-03-20,-0.0069663900456125895
2025-03-21,-0.000550097705349251
2025-03-24,0.05229825981732833
2025-03-25,0.00717734891976273
2025-03-26,-0.034914121665148935
2025-03-27,-0.009179116983550884
2025-03-28,-0.06042245641279814
2025-03-31,0.0
2025-04-01,0.00022965809584885502
2025-04-02,0.00010951629656237772
2025-04-03,0.00010906382013032686
2025-04-04,-0.18026168636098006
2025-04-07,-0.007389063266206481
2025-04-08,-0.046054615683910644
2025-04-09,0.2756217021078367
2025-04-10,0.0001089803698008529
2025-04-11,0.0004370182347068704
2025-04-14,0.0
2025-04-15,-0.007134445067670636
2025-04-16,-0.06678495190764266
2025-04-17,0.0004367722093963018
2025-04-21,0.00010918933774029237
2025-04-22,0.0
2025-04-23,0.04899021142006807
2025-04-24,0.06189577694450328
2025-04-25,0.0212177827971698
2025-04-28,0.001592044793919055
2025-04-29,0.01740583293472476
2025-04-30,0.0006249764475019182
2025-05-01,0.021156996711868846
2025-05-02,0.04396023915327806
2025-05-05,-0.01699001019183908
2025-05-06,-0.024882605174259182
2025-05-07,0.0
2025-05-08,0.020377339441025648
2025-05-09,-0.005029618344279553
2025-05-12,0.09820110713261543
2025-05-13,0.01976559664482904
2025-05-14,0.003651084077031951
2025-05-15,0.01408732233746499
2025-05-16,0.019043806192084088
2025-05-19,0.0027520496116592765
2025-05-20,-0.011169307436837281
2025-05-21,-0.04976446922163728
2025-05-22,0.00021816151697428025
2025-05-23,0.000436490653686581
2025-05-27,0.0
2025-05-28,-0.01855975892074328
2025-05-29,0.01358368402153809
2025-05-30,-0.005124040476365972
2025-06-02,0.0166402626782142
2025-06-03,0.017212168121151464
2025-06-04,-0.0019794086002617103
2025-06-05,-0.014395493687476625
2025-06-06,0.02934115951004025
2025-06-09,0.002648706675563076
2025-06-10,0.016856359805262615
2025-06-11,-0.00828841886386745
2025-06-12,0.010603198521810022
2025-06-13,-0.03375933983798424
2025-06-16,0.0
2025-06-17,-0.026081860677188137
2025-06-18,0.00021835468521901237
2025-06-20,0.000218307016859065
2025-06-23,0.0002183466730549729
2025-06-24,0.031826366115256674
2025-06-25,0.001702337604957022
2025-06-26,0.023854303387582515
2025-06-27,0.013338977843023455
2025-06-30,0.015210802755133082
2025-07-01,-0.0017287690173441506
2025-07-02,0.012699800973599105
2025-07-03,0.02268718849770897
2025-07-07,-0.022295258097707896
2025-07-08,-0.0019382140538072175
2025-07-09,0.017421399845196132
2025-07-10,0.008533698197405947
2025-07-11,-0.0116902113650055
2025-07-14,0.005351061333331488
2025-07-15,-0.01294199786886875
2025-07-16,0.009535663116818978
2025-07-17,0.017879176912890614
2025-07-18,-0.002430150045160804
2025-07-21,0.005260139273243492
2025-07-22,-5.515049826614277e-05
2025-07-23,0.02533882206926608
2025-07-24,0.0012356976535439722
2025-07-25,0.011053169948152886
2025-07-28,-0.0007430191892427578
2025-07-29,-0.00812570431130476
2025-07-30,-0.0037481516406622528
2025-07-31,-0.012146540267242704
2025-08-01,-0.04978238259889619
2025-08-04,0.00010919700242500741
2025-08-05,-0.014792093428813635
2025-08-06,0.021853866968716912
2025-08-07,-0.0017958223000865945
2025-08-08,0.02164322221465954
2025-08-11,-0.005923149105021111
2025-08-12,0.031456312728466974
2025-08-13,0.010252430219889825
2025-08-14,-0.000412159708168776
2025-08-15,-0.007318178648905732
2025-08-18,-0.0009862830832559732
2025-08-19,-0.01673332838015747
2025-08-20,-0.008879067536801595
2025-08-21,-0.012211338037384448
2025-08-22,0.045076709751774136
2025-08-25,-0.012500734756392856
2025-08-26,0.011769646656757143
2025-08-27,0.006410960792203474
2025-08-28,0.010325740312616979
2025-08-29,-0.018609981913490687
2025-09-02,-0.022848483532057137
2025-09-03,0.00010941985489057408
2025-09-04,0.02438008568168829
2025-09-05,-0.010192699201462197
2025-09-08,0.00890747563777146
2025-09-09,0.006175049845621795
2025-09-10,0.008876061342707083
2025-09-11,0.02377954096950222
2025-09-12,-0.001423986975002366
2025-09-15,0.015392124256481685
2025-09-16,-0.004358752248227691
2025-09-17,-0.003502282253995205
2025-09-18,0.013814289248206536
2025-09-19,0.013144480369678944
2025-09-22,0.013877160198523517
2025-09-23,-0.01669046641802057
2025-09-24,0.00021814189223324186
2025-09-25,-0.014406186584585574
2025-09-26,0.0003270551352966139
2025-09-29,0.007933063431621385
2025-09-30,0.010780301519536618
2025-10-01,0.010571021451663193
2025-10-02,0.0027085186596588996
2025-10-03,-0.0009313752169340014
2025-10-06,0.010908035181038968
2025-10-07,-0.011389824333090694
2025-10-08,0.00021860620820934867
2025-10-09,-0.00852779529972443
2025-10-10,-0.08161842581354535
2025-10-13,0.00010927457624431038
2025-10-14,0.0
2025-10-15,0.00010909029807243647
2025-10-16,0.00010925071842255749
2025-10-17,0.00021839141755327697
2025-10-20,0.00021834373315587915
2025-10-21,-0.0007914823504076938
2025-10-22,-0.015469176301376255
2025-10-23,0.016753399181770733
2025-10-24,0.024017915818439296
2025-10-27,0.03572736137341545
2025-10-28,0.007416812248764874
2025-10-29,0.001524673779539427
2025-10-30,-0.032622882066263736
2025-10-31,0.00021814415750421063
2025-11-03,0.00014198637825171167
2025-11-04,-0.03508220617198423
2025-11-05,0.00010927883022299931
2025-11-06,-0.03279282478534749
2025-11-07,0.00032785075862121134
2025-11-10,0.00021861011401754863
2025-11-11,0.006736701305159683
2025-11-12,0.0016060111367164017
2025-11-13,-0.04957242958942571
2025-11-14,0.00043681926849738466
2025-11-17,0.0
2025-11-18,0.00021844306934837591
2025-11-19,0.0
2025-11-20,0.000218309515161437
2025-11-21,0.029324067096468502
2025-11-24,0.0
2025-11-25,0.027679544372632942
2025-11-26,0.019863232804722002
2025-11-28,0.015918613435011744
2025-12-01,-0.013918246346129827
2025-12-02,0.0049629361387694875
2025-12-03,0.010239207361406644
2025-12-04,0.002556296187014659
2025-12-05,0.004383749748397461
2025-12-08,-0.009174642166346936
2025-12-09,-0.0031465294594889156
2025-12-10,0.018983649040555106
2025-12-11,0.00703596400681099
2025-12-12,-0.032869017706083796
2025-12-15,-0.004679898587912496
2025-12-16,-0.008901628426235025
2025-12-17,-0.03399195939262997
2025-12-18,0.023172653437588436
2025-12-19,0.02609623303516513
2025-12-22,0.018302385106348452
2025-12-23,0.013622134616175141
2025-12-24,0.010039604820921321
2025-12-26,-0.0011335372635928101
2025-12-29,-0.010911282034338063
2025-12-30,-0.004324427402195755
2025-12-31,-0.022292107482035448
2026-01-02,0.00466882834650942
2026-01-05,0.019806867331138556
2026-01-06,0.017564088587176424
2026-01-07,-0.009695610803558775
2026-01-08,-0.000965880064688936
2026-01-09,0.018765052169630446
2026-01-12,0.004917629328640572
2026-01-13,-0.006739332613330973
2026-01-14,0.00010926642449357146
2026-01-15,0.0
2026-01-16,-0.0036993967512139844
2026-01-20,-0.06133427771142733
2026-01-21,0.00010929206046504326
2026-01-22,0.01512554409939525
2026-01-23,0.00044356102232830596
2026-01-26,0.015647155057159155
2026-01-27,0.012089118449082911
2026-01-28,0.00010922048546587396
2026-01-29,0.0002183318627262923
2026-01-30,0.00021828420432935737
2026-02-02,0.000153302453555066
2026-02-03,-0.025810682878347663
2026-02-04,0.00021888473414025033
2026-02-05,0.0
2026-02-06,0.0003281274756502495
2026-02-09,0.0
2026-02-10,-0.008691066734290698
2026-02-11,-0.00048462091511255014
2026-02-12,-0.046458285810859326
2026-02-13,0.00043730150325477625
2026-02-17,0.00010934140650148258
2026-02-18,0.00010915928969378054
2026-02-19,0.0
2026-02-20,0.00032778241372912343
2026-02-23,0.0
2026-02-24,0.00021839330900050874
2026-02-25,0.0001092578374430435
2026-02-26,-0.01671522060546978
2026-02-27,-0.014442696509815138
2026-03-02,0.00014227062558620768
2026-03-03,0.00010944952159172236
2026-03-04,0.00010943754370491967
2026-03-05,0.00010925565296054784
2026-03-06,0.00021899712568396252
2026-03-09,0.00010921979864489314
2026-03-10,0.00010937771215115049
2026-03-11,0.0
2026-03-12,0.000218646588654696
2026-03-13,0.00032802552826414474
2026-03-16,0.030099235788663803
2026-03-17,0.007861288195990551
2026-03-18,-0.04174645905235438
2026-03-19,0.0
2026-03-20,0.0003278105234813376
2026-03-23,0.03181729605673907
2026-03-24,0.00010913764470277928
2026-03-25,-0.0001091257349770874
2026-03-26,0.00021844488947502674
2026-03-27,0.00032725664653162213
2026-03-30,-0.010752705370790037
2026-03-31,0.08631018413804614
2026-04-01,0.022986674229967623
2026-04-02,0.0024320464966421946
2026-04-06,0.012552692959161112
2026-04-07,0.001771090530678131
2026-04-08,0.07581111294390266
2026-04-09,0.017254755160646763
2026-04-10,-0.003373442340729226
2026-04-13,0.029319232673496447
2026-04-14,0.035940867305482925
2026-04-15,0.023829790317175286
2026-04-16,0.00707418811270419
2026-04-17,0.035166098075115074
2026-04-20,-0.005864319879911189
2026-04-21,-0.019593020611667265
2026-04-22,0.030127235758869362
2026-04-23,-0.012808218037833248
2026-04-24,0.023328535060547852
2026-04-27,0.0047906463852639405
2026-04-28,-0.014755470487362409
2026-04-29,-0.00045888788664174494
2026-04-30,0.028255394838800574
2026-05-01,0.008564344593041133
2026-05-04,-0.011067291098766198
2026-05-05,0.023277585298003053
2026-05-06,0.04171814226606214
2026-05-07,-0.009773273684815075
2026-05-08,0.02382603881878187
2026-05-11,0.006439134610889696
2026-05-12,-0.004040754417544471
2026-05-13,0.01649187157448371
2026-05-14,0.00021873772132004164
2026-05-15,-0.03719746061319007
2026-05-18,-0.00273826300193221
2026-05-19,-0.019445539562487436
2026-05-20,0.03049480921699718
2026-05-21,0.005918456193465227
2026-05-22,0.01050918893537337
2026-05-26,0.01944495079810045
2026-05-27,-7.194151363626679e-05
2026-05-28,0.016309271028452116
2026-05-29,0.006150268221081527
2026-06-01,0.00776391727583041
2026-06-02,0.004078718140910358
2026-06-03,-0.020831137182189728
2026-06-04,0.010743455256708235
2026-06-05,-0.07893073679070867
2026-06-08,0.0001095164859770916
2026-06-09,-0.009337290488909685
2026-06-10,0.0001093361544698497
2026-06-11,0.00010932420138208009
2026-06-12,0.00032793675272264504
2026-06-15,0.052390506552531066
2026-06-16,-0.01755770411961765
2026-06-17,-0.03759524010502512
2026-06-18,0.02894875966942675
2026-06-22,-0.009390402238155782
2026-06-23,-0.04291428126303471
2026-06-24,0.00010910883051052762
2026-06-25,0.00010918097709325946
2026-06-26,-0.02283231045192394
2026-06-29,0.053566506311433074
2026-06-30,0.020895441643319697
2026-07-01,-0.002512369895533082
2026-07-02,-0.004370505272276623
2026-07-06,0.026040698127212242
2026-07-07,-0.01540915861506115
2026-07-08,-0.0090587401575865
2026-07-09,0.0248606551083941
2026-07-10,0.012291903353370395
2026-07-13,-0.02313916335179604
2026-07-14,0.010670297921252967
2026-07-15,0.011174351549916053
2026-07-16,-0.016038180753285232
2026-07-17,-0.031031138969826944
2026-07-20,0.00010924460000085518
2026-07-21,0.0
2026-07-22,-0.00394778368685525
2026-07-23,-0.036744873070636716
2026-07-24,0.00032754261238868745
2026-07-27,0.00010917304975710463
2026-07-28,0.00010907735553261375
2026-07-29,0.00010914922659438079
2026-07-30,0.00010922107283236375
2026-07-31,0.02012098615966157
2026-08-03,0.04280380293155347
2026-08-04,0.05320368017909
2026-08-05,-0.00580523991462206
2026-08-06,-0.005634262803809336
2026-08-07,0.0176166694717965
2026-08-10,-0.0005061718465262245
2026-08-11,-0.010162669060978076
2026-08-12,0.0076747276220138355
2026-08-13,0.02007309053633851
2026-08-14,-0.006769565301489058
2026-08-17,-0.01443322093968162
2026-08-18,-0.02074645011623971
2026-08-19,0.006888878277467723
2026-08-20,-0.025544911813155106
2026-08-21,0.011325625571067316
2026-08-24,-0.008965975414740509
2026-08-25,0.008941380511335669
2026-08-26,0.00013959229254626137
2026-08-27,0.019536041244563606
2026-08-28,-0.007219795899272883
2026-08-31,-0.009685075943684585
2026-09-01,-0.020812239404904544
2026-09-02,0.013221969575271466
2026-09-03,0.030799447692549137
2026-09-04,-0.012115016112470851
2026-09-08,-0.016707451034316582
2026-09-09,-0.014188578189211976
2026-09-10,0.00010936077335000578
2026-09-11,0.0003279630359301355
2026-09-14,-0.013536870149551562
2026-09-15,-0.01372274097487204
