date,returns
2008-09-30,0.0
2008-10-01,-0.00015197633294129203
2008-10-02,-0.00043495382717695694
2008-10-03,0.0
2008-10-06,-0.00021793633778360516
2008-10-07,-0.0002171498555010011
2008-10-08,-0.0008704564192563562
2008-10-09,0.0015245214919646925
2008-10-10,-0.02425558169137104
2008-10-13,0.14519699783546094
2008-10-14,0.0017442525269607634
2008-10-15,0.0002174432472081393
2008-10-16,-0.0004351049019037169
2008-10-17,-0.0021778282101806686
2008-10-20,0.0024008605654860737
2008-10-21,0.0
2008-10-22,-0.0013065375919099427
2008-10-23,0.0013082468656193727
2008-10-24,-0.0010882596297413115
2008-10-27,0.0015253277736460796
2008-10-28,-0.00021787008164026866
2008-10-29,-0.0010876057797286388
2008-10-30,0.001306944779781632
2008-10-31,-0.00108799458672632
2008-11-03,-0.0002834665103894391
2008-11-04,0.00043686063571316377
2008-11-05,0.00043573034784623
2008-11-06,0.0015252267623088994
2008-11-07,0.0
2008-11-10,-0.00021775120310144394
2008-11-11,0.0
2008-11-12,0.0002177986290149458
2008-11-13,0.0
2008-11-14,0.0
2008-11-17,0.0004350856574888181
2008-11-18,-0.0010874493844486616
2008-11-19,-0.00021799770721875794
2008-11-20,0.0006535100539085835
2008-11-21,0.05394236364120423
2008-11-24,0.06929100666052235
2008-11-25,0.0002177986290149458
2008-11-26,0.0004350856574888181
2008-11-28,0.012589036192842023
2008-12-01,0.002751058362529031
2008-12-02,0.0008707854956034136
2008-12-03,-0.001522418700426677
2008-12-04,-0.023133213429806804
2008-12-05,0.03083193857841123
2008-12-08,0.0349142898634894
2008-12-09,-0.00043624121887297955
2008-12-10,0.0068152744524346935
2008-12-11,-0.024081429089484026
2008-12-12,0.00043557815747726153
2008-12-15,-0.013934683898216015
2008-12-16,0.047065629825570054
2008-12-17,-0.009686518267976533
2008-12-18,-0.0186831843229055
2008-12-19,-0.004301287327599543
2008-12-22,-0.012813604970024931
2008-12-23,-0.010337336511975955
2008-12-24,0.005802783187200517
2008-12-26,0.0
2008-12-29,-0.0028682249196675612
2008-12-30,0.003498541420459263
2008-12-31,0.014274621373547729
2009-01-02,0.030141769987491157
2009-01-05,-0.0011831165055272864
2009-01-06,0.006676896065113677
2009-01-07,0.001527743215550831
2009-01-08,0.004080124513647404
2009-01-09,-0.0214187146864014
2009-01-12,-0.02402046645108822
2009-01-13,0.001839298150771564
2009-01-14,0.00021762765231747927
2009-01-15,0.00021778861131169675
2009-01-16,-0.0006531194367178083
2009-01-20,-0.0017430679496402578
2009-01-21,0.0017461115407033548
2009-01-22,0.00021798769432373381
2009-01-23,-0.00021794018604507736
2009-01-26,-0.00021798769432373381
2009-01-27,-0.0004355493299481593
2009-01-28,-0.00043594765333267437
2009-01-29,0.0
2009-01-30,0.0008720669446988553
2009-02-02,0.0006108529846437334
2009-02-03,-0.0008715043089310391
2009-02-04,0.000654068055186914
2009-02-05,-0.0004364201752181684
2009-02-06,-0.0015253754836565944
2009-02-09,0.001310058619642904
2009-02-10,-0.00021809218544007397
2009-02-11,-0.0002184525799406101
2009-02-12,0.0007177825785647877
2009-02-13,0.0008722282140326845
2009-02-17,0.0
2009-02-18,0.00021862251144954645
2009-02-19,0.0
2009-02-20,0.0
2009-02-23,-0.00021857472609398837
2009-02-24,-0.0006531581991257183
2009-02-25,-0.00043648806664983
2009-02-26,0.00021813069815593497
2009-02-27,0.0006541450865016139
2009-03-02,0.0005892003832668759
2009-03-03,-0.0002182288938805493
2009-03-04,0.0
2009-03-05,0.00021827652812584232
2009-03-06,-0.0002182288938805493
2009-03-09,0.0
2009-03-10,0.0
2009-03-11,0.0
2009-03-12,-0.0004350944064217267
2009-03-13,-0.00021858000961251717
2009-03-16,-0.00021810651020826043
2009-03-17,0.0006536280318413207
2009-03-18,0.00021853265275922223
2009-03-19,-0.01238589643155245
2009-03-20,-0.02129367843155545
2009-03-23,0.07182851765048641
2009-03-24,-0.00021848490667297914
2009-03-25,0.000436856881433791
2009-03-26,-0.0002182288938805493
2009-03-27,0.00021827652812584232
2009-03-30,-0.03455477594442792
2009-03-31,0.00926493681988084
2009-04-01,0.01936603864757959
2009-04-02,0.02923802337604385
2009-04-03,0.00994851565504991
2009-04-06,-0.00021802086247052236
2009-04-07,0.0
2009-04-08,0.00043592833346536966
2009-04-09,0.039743050342535155
2009-04-13,0.00023364088687684341
2009-04-14,-0.01724400579773204
2009-04-15,0.010670152138068795
2009-04-16,0.01466226324073307
2009-04-17,0.0067052709896448836
2009-04-20,0.0004370574220036043
2009-04-21,0.0195367280304624
2009-04-22,0.0006544523770425571
2009-04-23,0.009817955315785488
2009-04-24,0.015110250965489333
2009-04-27,-0.009462372601338758
2009-04-28,-0.0031455802993757657
2009-04-29,-0.0002181908014507449
2009-04-30,0.0
2009-05-01,0.0003269930298086596
2009-05-04,-0.0013077528353389431
2009-05-05,0.00021845276217094704
2009-05-06,-0.00021840505098428745
2009-05-07,-0.01389216065737036
2009-05-08,0.00021845276217094704
2009-05-11,-0.01871344833286422
2009-05-12,-0.002959750781312514
2009-05-13,-0.02517245780426219
2009-05-14,0.0085698208287002
2009-05-15,-0.008161897528544638
2009-05-18,0.028407427322261584
2009-05-19,-0.0012057498513018557
2009-05-20,-0.006694223136744167
2009-05-21,-0.014363561427052907
2009-05-22,0.00021893517268055848
2009-05-26,0.00021794960884191975
2009-05-27,0.0
2009-05-28,-0.00021790211716071875
2009-05-29,0.00021794960884191975
2009-06-01,0.02420864511252896
2009-06-02,0.0
2009-06-03,0.00043562537885283233
2009-06-04,0.009397071082240646
2009-06-05,-0.00021704057106156283
2009-06-08,0.0002170876878973145
2009-06-09,-0.00021704057106156283
2009-06-10,0.0002170876878973145
2009-06-11,-0.0006537266168220092
2009-06-12,0.0008733178257555774
2009-06-15,0.0
2009-06-16,0.00021803477847437327
2009-06-17,-0.0009818618475956398
2009-06-18,0.007318339249503255
2009-06-19,0.00021803477847437327
2009-06-22,0.0
2009-06-23,0.0
2009-06-24,0.00861832428625222
2009-06-25,0.021748853205095665
2009-06-26,-0.0026067376817541484
2009-06-29,0.009363826517727008
2009-06-30,-0.00809031006486797
2009-07-01,0.004132338145971246
2009-07-02,-0.027293463876255045
2009-07-06,-0.00011119174205263635
2009-07-07,-0.019376539406388567
2009-07-08,0.00021750915351021022
2009-07-09,-0.0002174618535665202
2009-07-10,0.0
2009-07-13,0.024329534235729082
2009-07-14,0.00565997274199673
2009-07-15,0.029246335745682292
2009-07-16,0.0004360511003960511
2009-07-17,0.010954560351898157
2009-07-20,-0.0004358610427087582
2009-07-21,0.004625347202282626
2009-07-22,-0.00020898038642353626
2009-07-23,0.02208251738471766
2009-07-24,-0.0002183902285376638
2009-07-27,0.0
2009-07-28,0.00021843793324782712
2009-07-29,0.0
2009-07-30,0.00021849442234898905
2009-07-31,0.0014194150695368952
2009-08-03,0.016496411760537663
2009-08-04,0.0025880000736167833
2009-08-05,-0.0028796414477212785
2009-08-06,0.0
2009-08-07,0.0
2009-08-10,0.0
2009-08-11,0.0
2009-08-12,0.010728580246485323
2009-08-13,0.0076391536926213146
2009-08-14,-0.007679658802030977
2009-08-17,-0.02460519696350281
2009-08-18,0.007934107755584816
2009-08-19,0.008779179341253586
2009-08-20,0.010304812566280165
2009-08-21,0.019605695744511802
2009-08-24,-9.718152516023668e-05
2009-08-25,0.0019424152026336445
2009-08-26,9.700255109701978e-05
2009-08-27,0.0022297412204940405
2009-08-28,-0.00019335496125759825
2009-08-31,-0.008899744344497314
2009-09-01,-0.022057332434020006
2009-09-02,-0.003792204702993435
2009-09-03,0.008314914829333818
2009-09-04,0.0140086941033262
2009-09-08,0.008622359203918684
2009-09-09,0.007674463118636967
2009-09-10,0.010219396962992343
2009-09-11,-0.00019138144885020352
2009-09-14,0.004867953064522679
2009-09-15,0.004179222595541868
2009-09-16,0.015134422322237499
2009-09-17,-0.0014908209099059387
2009-09-18,0.0006369998828151502
2009-09-21,-0.0025292347056998215
2009-09-22,0.005824111654248152
2009-09-23,-0.008312121302005475
2009-09-24,-0.011019233081201675
2009-09-25,-0.005332970278578621
2009-09-28,0.017903628440226593
2009-09-29,-0.0030099182490504342
2009-09-30,-0.0038679064988799447
2009-10-01,-0.0248130129732592
2009-10-02,0.0
2009-10-05,0.0004358806351873943
2009-10-06,0.014324226638391904
2009-10-07,0.0027482897587558204
2009-10-08,0.007655818462832735
2009-10-09,0.006097364634282487
2009-10-12,0.0
2009-10-13,0.0
2009-10-14,0.017216017017076375
2009-10-15,0.0
2009-10-16,0.0004358806351873943
2009-10-19,-0.00021737665437226528
2009-10-20,-0.0002183615383653722
2009-10-21,-0.008973570364837985
2009-10-22,0.010164099819397324
2009-10-23,0.0
2009-10-26,0.0
2009-10-27,0.0
2009-10-28,0.0
2009-10-29,0.0002184092305409463
2009-10-30,0.00043568127549808517
2009-11-02,2.1972433031460566e-05
2009-11-03,0.0
2009-11-04,-0.0002182616480233107
2009-11-05,0.0
2009-11-06,0.0002183092965701589
2009-11-09,0.022776435002709802
2009-11-10,0.0001820709714710453
2009-11-11,0.005110001585914305
2009-11-12,-0.010167764522228718
2009-11-13,0.005411318256100789
2009-11-16,0.014504844574208151
2009-11-17,0.0011684581546327706
2009-11-18,-0.0006284567776727991
2009-11-19,-0.013031313189440645
2009-11-20,-0.0035511467993586147
2009-11-23,0.012702104009042876
2009-11-24,0.0015339034964263175
2009-11-25,0.003513805286755959
2009-11-27,-0.016250308325010596
2009-11-30,0.003376708310672173
2009-12-01,0.012370384968190118
2009-12-02,-0.0004492567087001032
2009-12-03,-0.007820210634884106
2009-12-04,0.005707349495124813
2009-12-07,-0.00043547288595411943
2009-12-08,0.0
2009-12-09,0.003741081210633646
2009-12-10,-0.00043547288595411943
2009-12-11,0.0
2009-12-14,-0.00021850860634231388
2009-12-15,0.0
2009-12-16,0.001526602424878589
2009-12-17,0.0
2009-12-18,0.0
2009-12-21,0.0
2009-12-22,0.0035925759551950942
2009-12-23,0.0019688252560076712
2009-12-24,0.004734597536380188
2009-12-28,-0.00021804425037730616
2009-12-29,8.711168092616806e-05
2009-12-30,-0.0003555680688067354
2009-12-31,-0.009598119679629605
2010-01-04,0.01695955744211169
2010-01-05,-0.00021838538184934075
2010-01-06,0.0
2010-01-07,0.0
2010-01-08,0.0
2010-01-11,0.0
2010-01-12,0.0
2010-01-13,0.008446639813875494
2010-01-14,0.002704676928236203
2010-01-15,-0.011224486619164883
2010-01-19,0.012495642618719804
2010-01-20,-0.01016890211272242
2010-01-21,-0.019228865253517143
2010-01-22,0.0
2010-01-25,0.00021828119035036684
2010-01-26,0.0
2010-01-27,0.00021760854150505317
2010-01-28,-0.00021756119832999648
2010-01-29,0.00021760854150505317
2010-02-01,-0.00021756119832999648
2010-02-02,-0.00021823355407040996
2010-02-03,0.0004359372317068901
2010-02-04,0.0
2010-02-05,0.0
2010-02-08,0.0
2010-02-09,0.0
2010-02-10,0.0
2010-02-11,0.0
2010-02-12,0.0
2010-02-16,0.0
2010-02-17,-0.00065403749426155
2010-02-18,0.00043676195462594587
2010-02-19,-0.00043657127690171273
2010-02-22,0.00043676195462594587
2010-02-23,-0.00043657127690171273
2010-02-24,0.009197463903712948
2010-02-25,-0.001353462708698424
2010-02-26,0.000632662862191175
2010-03-01,0.010384656571139494
2010-03-02,0.0027707598675999626
2010-03-03,0.000890997616656544
2010-03-04,0.0030277328862314346
2010-03-05,0.014293212149121418
2010-03-08,0.00017493053110430377
2010-03-09,0.0016627571386907286
2010-03-10,0.004455804835944677
2010-03-11,-0.00021838538184934075
2010-03-12,0.0
2010-03-15,0.0
2010-03-16,0.007966072889115494
2010-03-17,0.005927468795100163
2010-03-18,-0.0005125428963309314
2010-03-19,-0.005061587348171596
2010-03-22,0.005346229787800381
2010-03-23,0.0070330864448503805
2010-03-24,-0.004854638332262426
2010-03-25,-0.0016263973925359993
2010-03-26,-0.0006001246332135295
2010-03-29,-0.00043657127690171273
2010-03-30,0.0006817415789815322
2010-03-31,0.00043676195462594587
2010-04-01,0.0
2010-04-05,-0.00043657127690171273
2010-04-06,0.002357419983470027
2010-04-07,-0.005712101139461033
2010-04-08,0.0
2010-04-09,0.0
2010-04-12,0.0
2010-04-13,0.0
2010-04-14,0.011349221790709747
2010-04-15,0.0008252160069895115
2010-04-16,-0.015912537952098033
2010-04-19,0.003770108346260739
2010-04-20,0.00893125348986629
2010-04-21,-0.0018201642973901349
2010-04-22,0.0029834215824116
2010-04-23,0.006527969434461658
2010-04-26,-0.0037764383279529487
2010-04-27,-0.02365045160083277
2010-04-28,0.00759613276849776
2010-04-29,0.012397396912509271
2010-04-30,-0.016962065217510335
2010-05-03,0.012962200309208968
2010-05-04,-0.02351475893330572
2010-05-05,0.00021843308444189513
2010-05-06,0.00021828119035036684
2010-05-07,-0.014874768045151924
2010-05-10,0.0
2010-05-11,0.0
2010-05-12,0.0
2010-05-13,-0.01243087193891783
2010-05-14,0.00021828119035036684
2010-05-17,0.0
2010-05-18,-0.00021823355407040996
2010-05-19,0.00021828119035036684
2010-05-20,0.0
2010-05-21,0.0
2010-05-24,0.0
2010-05-25,0.0
2010-05-26,0.00021760854150505317
2010-05-27,-0.0004357472732468671
2010-05-28,0.00021828119035036684
2010-06-01,0.0
2010-06-02,0.00021760854150505317
2010-06-03,-0.0004357472732468671
2010-06-04,0.0004359372317068901
2010-06-07,-0.00021756119832999648
2010-06-08,0.00021760854150505317
2010-06-09,0.0
2010-06-10,0.0
2010-06-11,0.0
2010-06-14,-0.0004357472732468671
2010-06-15,0.0
2010-06-16,0.0
2010-06-17,0.0016071714364697153
2010-06-18,0.0010847387212321355
2010-06-21,-0.0028640788233380027
2010-06-22,-0.01651559649698986
2010-06-23,-0.0031031833430558275
2010-06-24,-0.016570536749284964
2010-06-25,0.0
2010-06-28,0.0
2010-06-29,0.0
2010-06-30,0.00021760854150505317
2010-07-01,-0.00021756119832999648
2010-07-02,0.0
2010-07-06,-0.00021823355407040996
2010-07-07,0.0
2010-07-08,0.009895101666366023
2010-07-09,0.007465318654219111
2010-07-12,0.0006486448943734677
2010-07-13,0.015088124661689411
2010-07-14,-9.12930458723531e-05
2010-07-15,0.0002738117328558554
2010-07-16,-0.027534889891389414
2010-07-19,0.005906962631037043
2010-07-20,0.011091288579955423
2010-07-21,-0.012997953733471986
2010-07-22,0.02232223256394981
2010-07-23,0.008678778552152051
2010-07-26,0.010415727893204213
2010-07-27,-8.955655246510769e-05
2010-07-28,-0.006454462818302821
2010-07-29,-0.004872752293636696
2010-07-30,-0.00018126753875983236
2010-08-02,0.022581043255629617
2010-08-03,-0.0047886325847536024
2010-08-04,0.006682835302042269
2010-08-05,-0.0010618935304412469
2010-08-06,-0.00407628080993701
2010-08-09,0.0053382186614062835
2010-08-10,-0.005398206875214388
2010-08-11,-0.027407122885508887
2010-08-12,0.0
2010-08-13,0.0
2010-08-16,-0.00021823355407040996
2010-08-17,0.00021828119035036684
2010-08-18,-0.00021823355407040996
2010-08-19,0.0
2010-08-20,0.00021828119035036684
2010-08-23,-0.00021823355407040996
2010-08-24,0.0
2010-08-25,0.003885083638950887
2010-08-26,-0.00021823355407040996
2010-08-27,0.0
2010-08-30,0.00021828119035036684
2010-08-31,-0.00021823355407040996
2010-09-01,0.0
2010-09-02,0.00021828119035036684
2010-09-03,0.0
2010-09-07,-0.00021823355407040996
2010-09-08,0.007023176862563269
2010-09-09,0.0
2010-09-10,0.0
2010-09-13,0.0
2010-09-14,0.00021828119035036684
2010-09-15,0.0
2010-09-16,0.0
2010-09-17,-0.00021823355407040996
2010-09-20,0.0
2010-09-21,0.0
2010-09-22,-0.004913583639863066
2010-09-23,-0.00811114121589541
2010-09-24,0.020622271436775277
2010-09-27,0.0
2010-09-28,0.003500733795787706
2010-09-29,-0.00174390912863169
2010-09-30,-0.0029704673716122744
2010-10-01,0.004205679486494518
2010-10-04,-0.007503764501674778
2010-10-05,0.02013214388654435
2010-10-06,-8.64222183098194e-05
2010-10-07,-0.001206541068260517
2010-10-08,0.00560897477709426
2010-10-11,0.00094371181089233
2010-10-12,0.0030862042806471604
2010-10-13,0.007777090504374743
2010-10-14,-0.0039009310524111968
2010-10-15,-0.00021823355407040996
2010-10-18,0.00021828119035036684
2010-10-19,-0.00021823355407040996
2010-10-20,0.009766008484763293
2010-10-21,0.002205679460006572
2010-10-22,0.00021828119035036684
2010-10-25,-0.00021823355407040996
2010-10-26,0.00021828119035036684
2010-10-27,0.0
2010-10-28,0.0001694278871491076
2010-10-29,0.00021828119035036684
2010-11-01,0.0003376905910384913
2010-11-02,0.007930499016436153
2010-11-03,0.004017780651363865
2010-11-04,0.019257663775301685
2010-11-05,0.0037623740011951817
2010-11-08,0.0
2010-11-09,-0.007184201947241195
2010-11-10,0.0
2010-11-11,-0.00021838538184934075
2010-11-12,0.00043676195462594587
2010-11-15,-0.0014142230455971637
2010-11-16,0.0
2010-11-17,0.0
2010-11-18,-0.00021823355407040996
2010-11-19,0.0027508417579139945
2010-11-22,-0.00083125846884888
2010-11-23,0.0
2010-11-24,0.00021828119035036684
2010-11-26,0.0
2010-11-29,0.0
2010-11-30,0.0
2010-12-01,-0.00021823355407040996
2010-12-02,0.0
2010-12-03,0.00021828119035036684
2010-12-06,-0.0010584858976806807
2010-12-07,0.0
2010-12-08,0.0
2010-12-09,0.00021828119035036684
2010-12-10,0.0
2010-12-13,0.0
2010-12-14,0.0
2010-12-15,-0.00457205592146483
2010-12-16,0.005801865615154663
2010-12-17,0.00021828119035036684
2010-12-20,0.0
2010-12-21,0.0
2010-12-22,-0.00021823355407040996
2010-12-23,0.0
2010-12-27,0.0
2010-12-28,0.00021828119035036684
2010-12-29,-0.00021823355407040996
2010-12-30,0.00021828119035036684
2010-12-31,-0.00021823355407040996
2011-01-03,0.010337767594253127
2011-01-04,0.0
2011-01-05,0.0
2011-01-06,0.0
2011-01-07,-0.00021823355407040996
2011-01-10,0.00021828119035036684
2011-01-11,0.0035436401095528024
2011-01-12,-0.00021823355407040996
2011-01-13,0.0
2011-01-14,0.007244771169061401
2011-01-18,0.0
2011-01-19,0.00021828119035036684
2011-01-20,-0.001325556049889877
2011-01-21,-0.00021823355407040996
2011-01-24,0.0
2011-01-25,0.00021828119035036684
2011-01-26,0.0038707263705070956
2011-01-27,0.00021828119035036684
2011-01-28,-0.00021823355407040996
2011-01-31,0.007516359930561454
2011-02-01,0.0
2011-02-02,0.0
2011-02-03,0.0
2011-02-04,0.002829357237745125
2011-02-07,0.006252418610461179
2011-02-08,0.004545970813616868
2011-02-09,-0.002262963942775645
2011-02-10,0.00037854669601654264
2011-02-11,0.005970121433107984
2011-02-14,0.0
2011-02-15,0.00021828119035036684
2011-02-16,0.0
2011-02-17,0.0
2011-02-18,-0.00021823355407040996
2011-02-22,0.0
2011-02-23,-0.006144117650190429
2011-02-24,0.0
2011-02-25,0.0
2011-02-28,0.006196210477953224
2011-03-01,-0.016672625353040874
2011-03-02,0.00021828119035036684
2011-03-03,0.0172246330836652
2011-03-04,0.00021828119035036684
2011-03-07,-0.007851267691936949
2011-03-08,0.0
2011-03-09,0.0
2011-03-10,-0.018506444944861745
2011-03-11,0.00021828119035036684
2011-03-14,0.0
2011-03-15,0.00021760854150505317
2011-03-16,0.0
2011-03-17,0.0
2011-03-18,0.0
2011-03-21,0.0
2011-03-22,-0.0004357472732468671
2011-03-23,0.00021828119035036684
2011-03-24,-0.00021823355407040996
2011-03-25,0.0
2011-03-28,0.00021828119035036684
2011-03-29,-0.00021823355407040996
2011-03-30,0.006901533250095921
2011-03-31,-0.00021823355407040996
2011-04-01,0.0
2011-04-04,0.0
2011-04-05,0.0
2011-04-06,0.0
2011-04-07,-0.0025432605239242155
2011-04-08,-0.003450527365657661
2011-04-11,-0.0030106744484813186
2011-04-12,-0.007474163851752996
2011-04-13,0.0
2011-04-14,0.0007605892075611193
2011-04-15,0.00021828119035036684
2011-04-18,-0.00021823355407040996
2011-04-19,0.0
2011-04-20,0.0
2011-04-21,0.005108970443978217
2011-04-25,-0.0010464037491744172
2011-04-26,0.008604841939793745
2011-04-27,0.006528809741267938
2011-04-28,0.0032433040171849933
2011-04-29,0.002350794379568361
2011-05-02,-0.001539301092766946
2011-05-03,-0.003596629085442109
2011-05-04,-0.00663098242287322
2011-05-05,-0.009048431330549797
2011-05-06,0.004415759346831332
2011-05-09,0.0038750420379538844
2011-05-10,0.008535859367948935
2011-05-11,-0.010524745020313734
2011-05-12,0.004760586219204828
2011-05-13,-0.007699225525059896
2011-05-16,-0.006341018739601316
2011-05-17,0.0
2011-05-18,-0.00021823355407040996
2011-05-19,0.002381487506533618
2011-05-20,-0.007944386036381404
2011-05-23,0.0
2011-05-24,0.0
2011-05-25,0.0
2011-05-26,0.0
2011-05-27,0.0
2011-05-31,0.0
2011-06-01,-0.022461299700177573
2011-06-02,0.0
2011-06-03,0.0
2011-06-06,0.0
2011-06-07,0.00021828119035036684
2011-06-08,0.0
2011-06-09,-0.00021823355407040996
2011-06-10,0.00021828119035036684
2011-06-13,-0.00021823355407040996
2011-06-14,0.00021828119035036684
2011-06-15,0.0
2011-06-16,0.0
2011-06-17,0.0
2011-06-20,0.0
2011-06-21,-0.00021823355407040996
2011-06-22,0.00021828119035036684
2011-06-23,0.0
2011-06-24,-0.00021823355407040996
2011-06-27,0.0
2011-06-28,0.013053056892395882
2011-06-29,0.00021828119035036684
2011-06-30,0.009562196336966164
2011-07-01,0.014776261664811116
2011-07-05,-0.0008213373549910838
2011-07-06,0.00021828119035036684
2011-07-07,-0.00021823355407040996
2011-07-08,0.0
2011-07-11,-0.018080135627624772
2011-07-12,-0.0043191894719022735
2011-07-13,0.003348734776682851
2011-07-14,-0.006902582962773986
2011-07-15,0.005805169921244489
2011-07-18,-0.00820136648960288
2011-07-19,0.016231413974601122
2011-07-20,-0.0006022359741209915
2011-07-21,0.013870632571566574
2011-07-22,0.00021828119035036684
2011-07-25,-0.005572953633687114
2011-07-26,0.0
2011-07-27,0.0
2011-07-28,0.0
2011-07-29,-0.0068342884900915325
2011-08-01,-0.004253126056100034
2011-08-02,0.0
2011-08-03,0.0
2011-08-04,0.0
2011-08-05,-0.001496796396455035
2011-08-08,0.0
2011-08-09,0.0
2011-08-10,0.0
2011-08-11,0.0
2011-08-12,0.0
2011-08-15,0.0
2011-08-16,0.0
2011-08-17,0.0
2011-08-18,-0.00043657127690171273
2011-08-19,0.00043676195462594587
2011-08-22,-0.00043657127690171273
2011-08-23,0.00043676195462594587
2011-08-24,0.0
2011-08-25,-0.00043657127690171273
2011-08-26,0.00043676195462594587
2011-08-29,0.0
2011-08-30,0.0
2011-08-31,0.004437905206207646
2011-09-01,0.0
2011-09-02,-0.025550347881446386
2011-09-06,-0.007297006567651497
2011-09-07,0.028207315152366814
2011-09-08,-0.010391474756022978
2011-09-09,-0.026209838592502185
2011-09-12,0.0
2011-09-13,-0.00021838538184934075
2011-09-14,0.0
2011-09-15,0.01725740842541595
2011-09-16,0.0
2011-09-19,0.00021843308444189513
2011-09-20,-0.0011633606213395477
2011-09-21,-0.029458349266655977
2011-09-22,-0.0323245495297977
2011-09-23,0.00021843308444189513
2011-09-26,0.02378016072023387
2011-09-27,-0.00021838538184934075
2011-09-28,0.00021843308444189513
2011-09-29,0.0
2011-09-30,0.0
2011-10-03,-0.02845753405419115
2011-10-04,0.0
2011-10-05,0.018515398900765298
2011-10-06,-0.00021838538184934075
2011-10-07,0.00021843308444189513
2011-10-10,-0.00021838538184934075
2011-10-11,0.00021843308444189513
2011-10-12,-0.00021838538184934075
2011-10-13,0.00021843308444189513
2011-10-14,-0.00021838538184934075
2011-10-17,0.0
2011-10-18,0.00021843308444189513
2011-10-19,0.0
2011-10-20,0.0
2011-10-21,-0.00021838538184934075
2011-10-24,0.0
2011-10-25,0.00021843308444189513
2011-10-26,0.010158552249094264
2011-10-27,-0.00021838538184934075
2011-10-28,0.0
2011-10-31,-0.0002183288701840507
2011-11-01,-0.02788817892505903
2011-11-02,0.01631139860312062
2011-11-03,0.018226930004941577
2011-11-04,-0.006099041540048497
2011-11-07,0.0062164059341742375
2011-11-08,0.012830708982200716
2011-11-09,-0.03690977671957917
2011-11-10,0.009418814310871824
2011-11-11,0.018822031047396534
2011-11-14,0.00021843308444189513
2011-11-15,-0.00021838538184934075
2011-11-16,0.00021843308444189513
2011-11-17,-0.015876843892582076
2011-11-18,0.0
2011-11-21,0.0
2011-11-22,-0.00021838538184934075
2011-11-23,0.00021843308444189513
2011-11-25,0.0
2011-11-28,0.0
2011-11-29,-0.0004366665721997076
2011-11-30,0.0002183765480890697
2011-12-01,-0.0001604232961191873
2011-12-02,-0.0008798996659749987
2011-12-05,0.0
2011-12-06,0.00021843308444189513
2011-12-07,-0.00021838538184934075
2011-12-08,0.0
2011-12-09,0.01694224858581389
2011-12-12,0.0
2011-12-13,0.0
2011-12-14,-0.010646205161651882
2011-12-15,0.0036143596377539
2011-12-16,0.0014822731823166087
2011-12-19,-0.01069136405306867
2011-12-20,0.03025995333155746
2011-12-21,0.0019366790498648303
2011-12-22,0.008859031018866863
2011-12-23,0.00894060729434275
2011-12-27,0.0007910296415068582
2011-12-28,4.388378364940255e-05
2011-12-29,0.010334252485975921
2011-12-30,-0.004916112762411865
2012-01-03,0.01593607354528223
2012-01-04,0.0
2012-01-05,0.0
2012-01-06,0.0
2012-01-09,0.0024274537802235065
2012-01-10,0.008670312722211714
2012-01-11,0.0005422224351566988
2012-01-12,0.0023993831286913186
2012-01-13,-0.005173228387652888
2012-01-17,0.0038804709461247007
2012-01-18,0.011056437836882009
2012-01-19,0.0052763495888175005
2012-01-20,0.0037273128208744457
2012-01-23,0.0
2012-01-24,0.0
2012-01-25,0.0
2012-01-26,-0.005129540852644766
2012-01-27,-0.0004548898085471628
2012-01-30,-0.0034138594229813244
2012-01-31,-0.00038048419566575427
2012-02-01,0.008757234288228595
2012-02-02,0.001585134385414421
2012-02-03,0.014018853103720492
2012-02-06,-0.0006688076589315968
2012-02-07,0.0025285330038598126
2012-02-08,0.0029673705083004412
2012-02-09,-0.00021795003555368585
2012-02-10,0.00021799754812705077
2012-02-13,0.00744260650486045
2012-02-14,-0.0012560214741729541
2012-02-15,-0.004660017330240747
2012-02-16,0.00021799754812705077
2012-02-17,-0.00021795003555368585
2012-02-21,0.0
2012-02-22,0.0
2012-02-23,0.004410842153212876
2012-02-24,0.0021955922845213905
2012-02-27,0.0016798770040873851
2012-02-28,0.002916024870085862
2012-02-29,-0.0039254624722061225
2012-03-01,0.005181522052214703
2012-03-02,0.0
2012-03-05,-0.004078505436731852
2012-03-06,0.0
2012-03-07,0.006976082876083197
2012-03-08,0.009949044006093963
2012-03-09,0.0
2012-03-12,0.0
2012-03-13,0.0
2012-03-14,-0.0010709820242590926
2012-03-15,0.0
2012-03-16,0.0
2012-03-19,0.00021799754812705077
2012-03-20,-0.002911233512942352
2012-03-21,-0.0016377074268124256
2012-03-22,-0.007203535619294725
2012-03-23,0.0
2012-03-26,0.0
2012-03-27,-0.00021795003555368585
2012-03-28,0.00021799754812705077
2012-03-29,-0.00021795003555368585
2012-03-30,0.004136236145031259
2012-04-02,-0.00021810180329114788
2012-04-03,0.00021814938206476305
2012-04-04,-0.00021810180329114788
2012-04-05,0.00021814938206476305
2012-04-09,-0.011231123536903406
2012-04-10,-0.0167846980007815
2012-04-11,0.008094166467620744
2012-04-12,0.013065735969351162
2012-04-13,-0.011888504761284164
2012-04-16,-0.0006564733166909837
2012-04-17,0.0
2012-04-18,-0.003379990987628024
2012-04-19,-0.006420837974128171
2012-04-20,-0.00021795003555368585
2012-04-23,0.00021799754812705077
2012-04-24,0.0
2012-04-25,0.013691326206372824
2012-04-26,0.006968886356366132
2012-04-27,0.001640979107302901
2012-04-30,-0.0037044006533105533
2012-05-01,0.00622067728776485
2012-05-02,-0.00298450787472139
2012-05-03,-0.007624946635267847
2012-05-04,-0.016158232012917037
2012-05-07,0.00021799754812705077
2012-05-08,0.0
2012-05-09,0.0
2012-05-10,0.0020629860074792158
2012-05-11,0.0
2012-05-14,-0.011061012497640587
2012-05-15,-0.005741672002065824
2012-05-16,-0.003824735444982866
2012-05-17,-0.014830801187577035
2012-05-18,-0.008558699877967677
2012-05-21,0.017187998319166627
2012-05-22,0.0017428172503049782
2012-05-23,0.0
2012-05-24,0.001965573233550918
2012-05-25,0.0
2012-05-29,0.0
2012-05-30,-0.014509796723463602
2012-05-31,-0.0022011386438335356
2012-06-01,-0.025176580688688485
2012-06-04,-0.00046811086293369107
2012-06-05,0.0
2012-06-06,-0.00021795003555368585
2012-06-07,0.0
2012-06-08,0.007951879272588558
2012-06-11,-0.012697325056795723
2012-06-12,0.00021799754812705077
2012-06-13,0.0
2012-06-14,0.0
2012-06-15,0.010227084930273772
2012-06-18,0.001938405659169956
2012-06-19,0.009672409092649315
2012-06-20,-0.0016210913910341804
2012-06-21,0.00043619448622222935
2012-06-22,0.007701930465747601
2012-06-25,0.00021799754812705077
2012-06-26,0.0
2012-06-27,0.009016669090145833
2012-06-28,-0.00285326314216407
2012-06-29,0.024926664199127348
2012-07-02,0.0030123159835062675
2012-07-03,0.006592813230772761
2012-07-05,-0.004511676624855887
2012-07-06,-0.00950419190903213
2012-07-09,-0.0012542442286530805
2012-07-10,-0.00872036459372976
2012-07-11,0.0001492308411855368
2012-07-12,-0.0048451460775871535
2012-07-13,0.00021814938206476305
2012-07-16,-0.002357010704246424
2012-07-17,0.0
2012-07-18,0.00740676066372736
2012-07-19,0.002620871352277285
2012-07-20,-0.009148364969613267
2012-07-23,-0.01011200149619476
2012-07-24,-0.008586887532279671
2012-07-25,0.00021799754812705077
2012-07-26,-0.00021795003555368585
2012-07-27,0.018433053319291796
2012-07-30,0.0
2012-07-31,-0.0069946496113721165
2012-08-01,-0.000871466588989502
2012-08-02,-0.0069044329236243145
2012-08-03,0.019832871325414003
2012-08-06,0.00021799754812705077
2012-08-07,-0.00021795003555368585
2012-08-08,-0.00021810180329114788
2012-08-09,0.0
2012-08-10,0.0
2012-08-13,0.0
2012-08-14,0.0
2012-08-15,0.0011363514675397487
2012-08-16,0.0
2012-08-17,0.0
2012-08-20,7.019082051837768e-05
2012-08-21,-0.0030239448823195987
2012-08-22,0.0
2012-08-23,-0.008178991325407834
2012-08-24,0.006042723097870622
2012-08-27,0.00021218807768324437
2012-08-28,-0.000989726077055556
2012-08-29,0.0007783533702288194
2012-08-30,-0.007207864719824443
2012-08-31,0.004768702654908062
2012-09-04,-0.0009209348015369998
2012-09-05,-0.0008506756609030528
2012-09-06,0.02029678335254287
2012-09-07,0.0038946568590538934
2012-09-10,-0.005680895739675269
2012-09-11,0.00278716993603241
2012-09-12,0.0
2012-09-13,0.0
2012-09-14,0.0
2012-09-17,-0.003396001508306387
2012-09-18,0.0
2012-09-19,0.0
2012-09-20,0.0
2012-09-21,0.0
2012-09-24,-0.0015082201947095755
2012-09-25,-0.01064184256487258
2012-09-26,-0.005621075120671261
2012-09-27,0.009421507056255243
2012-09-28,-0.00463216902891746
2012-10-01,0.0026395239085679188
2012-10-02,0.0010390350633783239
2012-10-03,0.004083196151030384
2012-10-04,0.007167798394475576
2012-10-05,6.852677238372397e-05
2012-10-08,0.0
2012-10-09,0.0
2012-10-10,0.00021814938206476305
2012-10-11,0.0
2012-10-12,-0.00021810180329114788
2012-10-15,0.00021814938206476305
2012-10-16,-0.00021810180329114788
2012-10-17,0.00021814938206476305
2012-10-18,-0.00021810180329114788
2012-10-19,0.0
2012-10-22,0.0
2012-10-23,0.00021814938206476305
2012-10-24,0.0
2012-10-25,-0.00021810180329114788
2012-10-26,0.0
2012-10-31,0.00021814938206476305
2012-11-01,0.0
2012-11-02,0.0
2012-11-05,0.0020485614243437827
2012-11-06,0.007824930756084625
2012-11-07,0.00021814938206476305
2012-11-08,0.0
2012-11-09,0.0
2012-11-12,0.0
2012-11-13,0.0
2012-11-14,0.0
2012-11-15,0.0
2012-11-16,0.0
2012-11-19,0.0
2012-11-20,-0.00021810180329114788
2012-11-21,0.0
2012-11-23,0.0
2012-11-26,0.0
2012-11-27,0.0
2012-11-28,0.008052405548688154
2012-11-29,0.004665716337961546
2012-11-30,0.00021110858694559233
2012-12-03,-0.004924441663835237
2012-12-04,-0.0014136237708768059
2012-12-05,0.0017698222766361403
2012-12-06,0.0033921949226272414
2012-12-07,0.0030282824366228713
2012-12-10,0.00042176508961760825
2012-12-11,0.006808145598643749
2012-12-12,0.0
2012-12-13,0.0
2012-12-14,0.0
2012-12-17,0.0
2012-12-18,0.00021814938206476305
2012-12-19,-0.00021810180329114788
2012-12-20,0.0
2012-12-21,-0.009077087742181347
2012-12-24,0.0
2012-12-26,0.0
2012-12-27,-0.0013402430004580887
2012-12-28,-0.010808338669829384
2012-12-31,0.016996585630476263
2013-01-02,0.0
2013-01-03,0.0
2013-01-04,0.00021814938206476305
2013-01-07,-0.0004369333927309755
2013-01-08,-0.0028779667843881096
2013-01-09,0.0
2013-01-10,0.0
2013-01-11,0.0
2013-01-14,0.0
2013-01-15,0.0
2013-01-16,0.0
2013-01-17,0.0002189272460642117
2013-01-18,-0.00021887932741584016
2013-01-22,0.0
2013-01-23,0.0
2013-01-24,0.00026762356831681693
2013-01-25,-0.00021887932741584016
2013-01-28,-0.0011979238033502095
2013-01-29,0.0
2013-01-30,0.0
2013-01-31,0.0002189272460642117
2013-02-01,-0.00021887932741584016
2013-02-04,0.0
2013-02-05,0.0002189272460642117
2013-02-06,0.0
2013-02-07,0.0
2013-02-08,0.0
2013-02-11,0.0
2013-02-12,0.0
2013-02-13,-0.00021887932741584016
2013-02-14,0.0002189272460642117
2013-02-15,-0.00021887932741584016
2013-02-19,0.0
2013-02-20,0.0002189272460642117
2013-02-21,-0.00021887932741584016
2013-02-22,0.00977265748225615
2013-02-25,-0.00021887932741584016
2013-02-26,0.006845828019904773
2013-02-27,0.012598154117598013
2013-02-28,-0.0019749753815830906
2013-03-01,0.003298118257766242
2013-03-04,0.00532533981828526
2013-03-05,0.00895845040846591
2013-03-06,0.0013610143062167618
2013-03-07,0.0002189272460642117
2013-03-08,-0.00021887932741584016
2013-03-11,0.0037956002631926032
2013-03-12,-0.002243061133790746
2013-03-13,0.0002189272460642117
2013-03-14,0.005324302008415627
2013-03-15,0.0
2013-03-18,-0.00021887932741584016
2013-03-19,-0.0023230210840131417
2013-03-20,0.006985723263682101
2013-03-21,0.0
2013-03-22,0.0002189272460642117
2013-03-25,-0.004177465156851181
2013-03-26,0.008002275482936748
2013-03-27,0.0
2013-03-28,0.00307357712031935
2013-04-01,-0.003956875158345212
2013-04-02,0.004933457591185334
2013-04-03,-0.010138675668196935
2013-04-04,0.004058277268231332
2013-04-05,-0.00449119636654132
2013-04-08,0.0
2013-04-09,0.003456779450037943
2013-04-10,0.012248736340521229
2013-04-11,0.0032775645633140865
2013-04-12,-0.002449677282715962
2013-04-15,-0.023174171641805876
2013-04-16,0.014762776176602085
2013-04-17,-0.01461156400905642
2013-04-18,-0.006253404940234917
2013-04-19,0.008693066544749288
2013-04-22,0.004438196330593984
2013-04-23,0.010308992333756428
2013-04-24,0.0006341383190187969
2013-04-25,0.004053284022123647
2013-04-26,-0.001766104016533596
2013-04-29,0.006699024654601185
2013-04-30,0.0023851223602294283
2013-05-01,-0.00876762610245968
2013-05-02,0.009287327405408009
2013-05-03,0.010140715342707012
2013-05-06,0.0
2013-05-07,0.0
2013-05-08,0.0002189272460642117
2013-05-09,0.0
2013-05-10,-0.00021887932741584016
2013-05-13,0.000795549977184713
2013-05-14,0.010334045515230813
2013-05-15,0.005386526425029548
2013-05-16,-0.004695889887254885
2013-05-17,0.0002189272460642117
2013-05-20,-6.061608863286772e-05
2013-05-21,0.0014382583128431277
2013-05-22,-0.007417144005351595
2013-05-23,-0.0028932730738152963
2013-05-24,-0.0008458622927862838
2013-05-28,0.005988651035901357
2013-05-29,-0.006494433433150068
2013-05-30,0.00369231061350292
2013-05-31,-0.014352586160158633
2013-06-03,0.005506865324525751
2013-06-04,-0.004806986681620702
2013-06-05,-0.01400128017986609
2013-06-06,0.00905316259906567
2013-06-07,0.012720394302600609
2013-06-10,0.0
2013-06-11,-0.010315395579036588
2013-06-12,-0.00827684935761206
2013-06-13,0.015208483798167423
2013-06-14,-0.00021887932741584016
2013-06-17,0.0
2013-06-18,0.0
2013-06-19,0.0
2013-06-20,-0.024777734072497424
2013-06-21,0.0032102303990295803
2013-06-24,-0.012636127996637176
2013-06-25,0.009613874859341062
2013-06-26,0.009901527126929939
2013-06-27,0.005869503274407388
2013-06-28,0.0
2013-07-01,0.0002189272460642117
2013-07-02,-0.00021887932741584016
2013-07-03,0.0002189272460642117
2013-07-05,0.0
2013-07-08,0.005704763046432644
2013-07-09,0.0
2013-07-10,0.0
2013-07-11,0.0
2013-07-12,0.0
2013-07-15,0.0
2013-07-16,0.0
2013-07-17,0.0
2013-07-18,0.005477939143778285
2013-07-19,0.0
2013-07-22,0.0019510876081753562
2013-07-23,-0.0021239879062912703
2013-07-24,-0.0036658277131850097
2013-07-25,-0.0004375500990170869
2013-07-26,0.0
2013-07-29,0.00021876649290187753
2013-07-30,-0.0002187186445910681
2013-07-31,0.00021876649290187753
2013-08-01,-0.0002187186445910681
2013-08-02,0.0016992368597924434
2013-08-05,0.0
2013-08-06,0.0
2013-08-07,-0.0002187186445910681
2013-08-08,0.0
2013-08-09,0.00021876649290187753
2013-08-12,-0.0011810805926509341
2013-08-13,0.0
2013-08-14,0.0
2013-08-15,0.0
2013-08-16,0.0
2013-08-19,-0.0002187186445910681
2013-08-20,0.00021876649290187753
2013-08-21,0.0
2013-08-22,-0.0002187186445910681
2013-08-23,0.00021876649290187753
2013-08-26,-0.0002187186445910681
2013-08-27,0.0
2013-08-28,0.0
2013-08-29,0.00021876649290187753
2013-08-30,0.0
2013-09-03,0.0
2013-09-04,0.0
2013-09-05,0.0
2013-09-06,0.0
2013-09-09,-0.0004362899810798464
2013-09-10,0.00021766630211561002
2013-09-11,0.0
2013-09-12,0.0
2013-09-13,0.00021876649290187753
2013-09-16,-0.0002187186445910681
2013-09-17,0.0
2013-09-18,0.01157450174794353
2013-09-19,-0.0016759880351915704
2013-09-20,-0.0069913355901662
2013-09-23,-0.004627967904592252
2013-09-24,-0.0023539385791856737
2013-09-25,-0.0028903897027646856
2013-09-26,0.0038451219600992284
2013-09-27,-0.004596249171429783
2013-09-30,-0.005328456220784858
2013-10-01,0.007916143608646129
2013-10-02,-0.0009441180094955259
2013-10-03,-0.00922176847753516
2013-10-04,0.007576900113591368
2013-10-07,-0.00864437897852612
2013-10-08,-0.011646849605219526
2013-10-09,-0.0002187186445910681
2013-10-10,-0.00021761893380701792
2013-10-11,0.006443648188853091
2013-10-14,0.003994072063906042
2013-10-15,0.0
2013-10-16,0.00021834004165368576
2013-10-17,0.006682909812026311
2013-10-18,0.006754312616471336
2013-10-21,5.765833538105482e-05
2013-10-22,0.005791559870983069
2013-10-23,-0.0047893330385497855
2013-10-24,0.003322837175554774
2013-10-25,0.004567351405396277
2013-10-28,0.0015918322892595285
2013-10-29,0.0053339571201037024
2013-10-30,-0.004967273178114285
2013-10-31,-0.0028363766432342816
2013-11-01,0.0023893291210649076
2013-11-04,0.0
2013-11-05,-0.0031666434468278363
2013-11-06,0.00021766630211561002
2013-11-07,-0.00021761893380701792
2013-11-08,0.013490988904024531
2013-11-11,0.00016961149461798588
2013-11-12,-0.0020310415423229053
2013-11-13,0.00802513220237852
2013-11-14,-0.00021761893380701792
2013-11-15,0.0
2013-11-18,0.0
2013-11-19,-0.002173601240899925
2013-11-20,0.0
2013-11-21,0.00021766630211561002
2013-11-22,-0.00021761893380701792
2013-11-25,0.0
2013-11-26,0.0
2013-11-27,0.00021766630211561002
2013-11-29,-0.0004358638089385047
2013-12-02,0.00021834004165368576
2013-12-03,0.00021766630211561002
2013-12-04,0.0
2013-12-05,0.0
2013-12-06,0.011177490601294898
2013-12-09,0.0
2013-12-10,-0.00021761893380701792
2013-12-11,0.00021766630211561002
2013-12-12,0.0
2013-12-13,0.0
2013-12-16,-0.00021761893380701792
2013-12-17,0.0
2013-12-18,0.00021766630211561002
2013-12-19,0.0
2013-12-20,-0.00021761893380701792
2013-12-23,0.0
2013-12-24,0.0
2013-12-26,0.0
2013-12-27,-5.3983489861552324e-05
2013-12-30,-0.00016370070961901478
2013-12-31,-0.0004358638089385047
2014-01-02,0.0
2014-01-03,0.00021834004165368576
2014-01-06,-0.00021829237968641236
2014-01-07,0.00021834004165368576
2014-01-08,0.0002181261943692237
2014-01-09,-0.00021829237968641236
2014-01-10,0.00021834004165368576
2014-01-13,-0.013305153238470984
2014-01-14,0.010897760429429665
2014-01-15,0.00539019103359574
2014-01-16,-0.0012997814829074758
2014-01-17,-0.004229481245929705
2014-01-21,0.002940239571733579
2014-01-22,0.000651789224821778
2014-01-23,-0.008193358226350552
2014-01-24,-0.021335783919767818
2014-01-27,-0.004919586635965223
2014-01-28,0.0
2014-01-29,0.00021834004165368576
2014-01-30,0.0
2014-01-31,-0.00021829237968641236
2014-02-03,0.0
2014-02-04,0.00021834004165368576
2014-02-05,-0.00021829237968641236
2014-02-06,0.0
2014-02-07,0.00021834004165368576
2014-02-10,0.0018365242868571064
2014-02-11,0.010943493943444247
2014-02-12,0.000495114009211563
2014-02-13,0.0
2014-02-14,0.005518613292113966
2014-02-18,0.0011955082214857831
2014-02-19,-0.006621673714513002
2014-02-20,0.005900915293777453
2014-02-21,-0.0011404617581116212
2014-02-24,0.005546588227582591
2014-02-25,-0.00037848864472953545
2014-02-26,5.430861968478584e-05
2014-02-27,0.005247578328797502
2014-02-28,0.0025289071899879155
2014-03-03,-0.007031959906454865
2014-03-04,0.01405528750432842
2014-03-05,0.0009061463328433617
2014-03-06,0.0022907505779290053
2014-03-07,-0.00021829237968641236
2014-03-10,0.0
2014-03-11,0.0
2014-03-12,0.0
2014-03-13,0.0
2014-03-14,-0.002807574603374785
2014-03-17,0.0
2014-03-18,0.0
2014-03-19,-0.0053288775645794085
2014-03-20,-0.00021829237968641236
2014-03-21,-0.0038782058194654617
2014-03-24,0.0
2014-03-25,0.0
2014-03-26,-0.00021829237968641236
2014-03-27,-0.0021088692738263806
2014-03-28,0.0049305522045770276
2014-03-31,0.008194487407326536
2014-04-01,0.0
2014-04-02,0.0
2014-04-03,0.00021834004165368576
2014-04-04,-0.00021829237968641236
2014-04-07,0.0
2014-04-08,0.0
2014-04-09,0.0
2014-04-10,-0.021005876269307146
2014-04-11,0.0
2014-04-14,0.0
2014-04-15,0.0
2014-04-16,0.0
2014-04-17,0.0013967814287406744
2014-04-21,0.003487233780776493
2014-04-22,0.0045449984014911
2014-04-23,-0.0023424548891310872
2014-04-24,0.002027551857922322
2014-04-25,-0.008198917565982972
2014-04-28,0.003167009313105031
2014-04-29,0.004655046075363906
2014-04-30,0.0029833863372450997
2014-05-01,0.00010564935268611736
2014-05-02,-0.0014334336016669528
2014-05-05,0.0019147860388128047
2014-05-06,-0.008704363815458253
2014-05-07,0.0
2014-05-08,-0.0010647003045294375
2014-05-09,0.0014920492478159523
2014-05-12,0.009736245667517325
2014-05-13,0.0008956108940666692
2014-05-14,-0.004738097701153964
2014-05-15,-0.00877973722776001
2014-05-16,0.0034682375895838807
2014-05-19,0.0036692373663933632
2014-05-20,-0.006304849643612369
2014-05-21,0.008424311518664587
2014-05-22,0.002431991484758066
2014-05-23,0.004008638585987379
2014-05-27,0.006146809641386029
2014-05-28,-0.00073096867349844
2014-05-29,0.005172745904570652
2014-05-30,0.0016117283527629371
2014-06-02,0.001141624499255915
2014-06-03,0.0
2014-06-04,0.0
2014-06-05,0.0
2014-06-06,0.0
2014-06-09,0.0002189097978889454
2014-06-10,0.0
2014-06-11,-0.003476034820167444
2014-06-12,0.0002189097978889454
2014-06-13,-0.00021886188687752345
2014-06-16,0.0002189097978889454
2014-06-17,-0.00021886188687752345
2014-06-18,0.0002189097978889454
2014-06-19,0.0
2014-06-20,0.0
2014-06-23,0.0
2014-06-24,0.0
2014-06-25,0.004519808234991689
2014-06-26,-0.0007155300848006677
2014-06-27,0.0019443621946781786
2014-06-30,-0.0005110926060157401
2014-07-01,0.00669346404212954
2014-07-02,0.0010150555363337694
2014-07-03,-0.00021886188687752345
2014-07-07,0.0002189097978889454
2014-07-08,0.0
2014-07-09,-0.00021886188687752345
2014-07-10,-0.0039569745641051274
2014-07-11,0.0013747649835268673
2014-07-14,0.005035814507758743
2014-07-15,-0.0018727705955183835
2014-07-16,0.0
2014-07-17,0.0
2014-07-18,0.010219111457646294
2014-07-21,-0.0018717290755697164
2014-07-22,0.004358252167541778
2014-07-23,0.002219902023766896
2014-07-24,5.026156683059766e-05
2014-07-25,0.0
2014-07-28,0.00040434090733193517
2014-07-29,-0.004297451983639681
2014-07-30,0.00015245759944755203
2014-07-31,-0.00021849223032024926
2014-08-01,0.00021853997960780792
2014-08-04,0.0
2014-08-05,-0.009695970463282187
2014-08-06,0.0
2014-08-07,0.00021853997960780792
2014-08-08,-0.00021849223032024926
2014-08-11,0.002897840569420312
2014-08-12,-0.0013932650095200183
2014-08-13,0.006769304054099662
2014-08-14,0.00472190968969391
2014-08-15,-0.0002047666199141639
2014-08-18,0.008379511401915531
2014-08-19,0.0052189324874717825
2014-08-20,0.0026715467711167047
2014-08-21,0.00021853997960780792
2014-08-22,-0.0015540107846271824
2014-08-25,0.005070645484935106
2014-08-26,0.0006493341854407456
2014-08-27,-0.00039935246585941637
2014-08-28,-0.0005492707717589832
2014-08-29,0.0028480058690702405
2014-09-02,-0.000498547638309546
2014-09-03,0.00021853997960780792
2014-09-04,-0.0014462973568378293
2014-09-05,0.00021853997960780792
2014-09-08,-0.00021849223032024926
2014-09-09,0.0
2014-09-10,0.0037623744763361764
2014-09-11,0.0011499924446923496
2014-09-12,-0.0058414635839276925
2014-09-15,0.0
2014-09-16,0.0
2014-09-17,0.0
2014-09-18,0.00021853997960780792
2014-09-19,0.0
2014-09-22,0.0
2014-09-23,0.0
2014-09-24,0.0
2014-09-25,0.0
2014-09-26,0.007945602795165941
2014-09-29,-0.00021849223032024926
2014-09-30,-0.0026323826603322736
2014-10-01,-0.01355208239349319
2014-10-02,0.0001547340791152766
2014-10-03,0.011009360871292343
2014-10-06,-0.0011705169244327544
2014-10-07,-0.015436301881314668
2014-10-08,0.0
2014-10-09,-0.019833371117660394
2014-10-10,0.0
2014-10-13,0.0
2014-10-14,-0.00021853997960780792
2014-10-15,0.0
2014-10-16,0.00021858774977018521
2014-10-17,0.0
2014-10-20,0.0
2014-10-21,-0.00021853997960780792
2014-10-22,-0.007110617323558739
2014-10-23,-0.00021853997960780792
2014-10-24,0.0
2014-10-27,0.0
2014-10-28,0.0
2014-10-29,0.00021858774977018521
2014-10-30,-0.00021853997960780792
2014-10-31,0.00021858774977018521
2014-11-03,-0.00021853997960780792
2014-11-04,-0.0034693408988765288
2014-11-05,0.006315996015111831
2014-11-06,0.00021858774977018521
2014-11-07,0.0009353678208233907
2014-11-10,0.00021858774977018521
2014-11-11,0.0
2014-11-12,0.0
2014-11-13,-0.00021853997960780792
2014-11-14,0.0
2014-11-17,0.00021858774977018521
2014-11-18,-0.00021853997960780792
2014-11-19,-0.0016054464087150637
2014-11-20,0.0
2014-11-21,0.0
2014-11-24,0.0028065276302501403
2014-11-25,-0.0007238658397072273
2014-11-26,0.0025589081609188394
2014-11-28,-0.002118959440359258
2014-12-01,-0.0069500317931659355
2014-12-02,0.0064639798595083715
2014-12-03,0.0
2014-12-04,0.0
2014-12-05,0.0016373460521265507
2014-12-08,0.0
2014-12-09,-0.00021853997960780792
2014-12-10,-0.016031594478865
2014-12-11,0.00507002936343625
2014-12-12,-0.016161482925515776
2014-12-15,-0.0004376020327454959
2014-12-16,0.0
2014-12-17,0.0196048342667181
2014-12-18,0.0002191579571052096
2014-12-19,-0.00021910993741894343
2014-12-22,0.004600137016603446
2014-12-23,0.0013495567440218429
2014-12-24,0.0002191579571052096
2014-12-26,-0.00021910993741894343
2014-12-29,0.0
2014-12-30,0.0
2014-12-31,0.0002191579571052096
2015-01-02,-0.0005350234069370238
2015-01-05,-0.018059714605145393
2015-01-06,-0.00021910993741894343
2015-01-07,0.0
2015-01-08,0.0
2015-01-09,-0.008013828683518947
2015-01-12,-0.007833561021580867
2015-01-13,0.0
2015-01-14,0.0
2015-01-15,0.0
2015-01-16,0.0
2015-01-20,0.0
2015-01-21,0.0002191579571052096
2015-01-22,0.014870762602207441
2015-01-23,-0.005482690044180605
2015-01-26,0.0023419752514518607
2015-01-27,-0.013190732248204148
2015-01-28,-0.00021910993741894343
2015-01-29,0.0
2015-01-30,0.0
2015-02-02,0.0
2015-02-03,0.0002191579571052096
2015-02-04,-0.003807831829177836
2015-02-05,0.010094870764959872
2015-02-06,-0.0027654562899813535
2015-02-09,-0.0002176955112522673
2015-02-10,0.00021774291290701416
2015-02-11,0.0005803294488388722
2015-02-12,0.009616883336002533
2015-02-13,0.0041165952184469305
2015-02-17,0.001573068891505974
2015-02-18,0.0
2015-02-19,-0.0007142798744590484
2015-02-20,0.006000808658914145
2015-02-23,-0.00014193044114132363
2015-02-24,-0.0002176955112522673
2015-02-25,0.00021774291290701416
2015-02-26,-0.0011810978946936574
2015-02-27,0.00021774291290701416
2015-03-02,-0.0002176955112522673
2015-03-03,0.00021774291290701416
2015-03-04,0.0
2015-03-05,0.0
2015-03-06,-0.0002176955112522673
2015-03-09,0.00021774291290701416
2015-03-10,0.0
2015-03-11,0.0
2015-03-12,0.012713905289097334
2015-03-13,-0.006132422542832007
2015-03-16,0.013360687311327375
2015-03-17,0.0
2015-03-18,0.01202163405572101
2015-03-19,-0.0045616782861269715
2015-03-20,0.008826746530393965
2015-03-23,-0.001948153711591615
2015-03-24,-0.005619329526745367
2015-03-25,-0.014653576680675044
2015-03-26,-0.00238160612814446
2015-03-27,0.0
2015-03-30,-0.00021941464352434248
2015-03-31,-0.008739151786806345
2015-04-01,-0.0004370623891936115
2015-04-02,0.00021946279687568582
2015-04-06,0.0
2015-04-07,0.00021774291290701416
2015-04-08,0.0
2015-04-09,0.004423926981064656
2015-04-10,0.0054568246270552115
2015-04-13,-0.00021941464352434248
2015-04-14,0.00021946279687568582
2015-04-15,0.004487200364987757
2015-04-16,-0.00028534769726156227
2015-04-17,-0.01150362499383683
2015-04-20,0.0
2015-04-21,-0.0011916944557813262
2015-04-22,0.00491460725126557
2015-04-23,0.0
2015-04-24,0.0
2015-04-27,0.00021946279687568582
2015-04-28,0.0
2015-04-29,0.0
2015-04-30,0.0
2015-05-01,-0.00021941464352434248
2015-05-04,0.00021946279687568582
2015-05-05,0.0
2015-05-06,0.0
2015-05-07,0.0039895783525483895
2015-05-08,0.00021946279687568582
2015-05-11,-0.00021941464352434248
2015-05-12,0.00021946279687568582
2015-05-13,0.0
2015-05-14,-0.00021941464352434248
2015-05-15,0.0
2015-05-18,0.0
2015-05-19,0.0
2015-05-20,0.0
2015-05-21,0.00021946279687568582
2015-05-22,0.0
2015-05-26,0.0
2015-05-27,0.0
2015-05-28,-0.00021941464352434248
2015-05-29,0.0
2015-06-01,0.0
2015-06-02,0.00021946279687568582
2015-06-03,0.0
2015-06-04,-0.00021941464352434248
2015-06-05,0.0
2015-06-08,-0.00021894026640693418
2015-06-09,0.0
2015-06-10,0.00021898821174435348
2015-06-11,0.00021946279687568582
2015-06-12,-0.00021941464352434248
2015-06-15,0.00021946279687568582
2015-06-16,-0.0004383068712307699
2015-06-17,0.0004384990683854715
2015-06-18,-0.0004383068712307699
2015-06-19,0.0
2015-06-22,0.00021898821174435348
2015-06-23,-0.00021894026640693418
2015-06-24,0.0
2015-06-25,0.00021898821174435348
2015-06-26,-0.00021894026640693418
2015-06-29,0.00021898821174435348
2015-06-30,0.0
2015-07-01,0.0
2015-07-02,0.0
2015-07-06,0.0
2015-07-07,-0.00021894026640693418
2015-07-08,-0.016776564594898555
2015-07-09,0.0
2015-07-10,0.0
2015-07-13,0.0
2015-07-14,0.00021898821174435348
2015-07-15,-0.00021894026640693418
2015-07-16,0.0
2015-07-17,0.00021898821174435348
2015-07-20,-0.00021894026640693418
2015-07-21,0.00021898821174435348
2015-07-22,-0.00021894026640693418
2015-07-23,0.0
2015-07-24,-0.010372011017594994
2015-07-27,-0.0058176541403821645
2015-07-28,0.012283537293396622
2015-07-29,0.006878722054672538
2015-07-30,0.00023748716180004676
2015-07-31,-0.0015178207205793972
2015-08-03,-0.0033731643850111064
2015-08-04,-0.001954310553748077
2015-08-05,0.00329523348004067
2015-08-06,0.0
2015-08-07,-0.0019200320444546536
2015-08-10,0.012599443758307608
2015-08-11,-0.00021894026640693418
2015-08-12,0.0011979822957529646
2015-08-13,0.0
2015-08-14,-0.00021783839297147143
2015-08-17,0.0
2015-08-18,-0.002896343795061189
2015-08-19,0.00021898821174435348
2015-08-20,-0.00021894026640693418
2015-08-21,0.0
2015-08-24,0.0
2015-08-25,-0.011768040694479454
2015-08-26,0.00021898821174435348
2015-08-27,-0.00021894026640693418
2015-08-28,0.00021898821174435348
2015-08-31,0.0
2015-09-01,0.0
2015-09-02,-0.00021894026640693418
2015-09-03,0.00021898821174435348
2015-09-04,-0.00021894026640693418
2015-09-08,0.0
2015-09-09,0.0
2015-09-10,-0.00021783839297147143
2015-09-11,0.0002178858568763846
2015-09-14,0.0
2015-09-15,-0.00021783839297147143
2015-09-16,0.0
2015-09-17,0.0
2015-09-18,0.0
2015-09-21,0.0002178858568763846
2015-09-22,0.0
2015-09-23,-0.00021783839297147143
2015-09-24,0.0
2015-09-25,0.0
2015-09-28,0.0002178858568763846
2015-09-29,0.0
2015-09-30,-0.00021783839297147143
2015-10-01,0.002608919713985098
2015-10-02,0.014937969704823641
2015-10-05,-0.00021783839297147143
2015-10-06,-0.003426286809259056
2015-10-07,0.008190365920419008
2015-10-08,0.009027105420682396
2015-10-09,0.0005960430055841819
2015-10-12,0.0009440392454088755
2015-10-13,-0.006302446224070634
2015-10-14,-0.0047940239042013515
2015-10-15,0.015354806857597254
2015-10-16,0.004546588268236651
2015-10-19,0.0004921017401985856
2015-10-20,-0.0012786203434029385
2015-10-21,0.00021971149924601623
2015-10-22,0.016893630086968068
2015-10-23,0.010961749146705457
2015-10-26,-0.00021966323670695012
2015-10-27,-0.0019322340673588688
2015-10-28,0.011374292725421259
2015-10-29,0.0
2015-10-30,-0.004310125359467733
2015-11-02,0.0
2015-11-03,0.00021971149924601623
2015-11-04,-0.003033069779847456
2015-11-05,-0.0009983755084596205
2015-11-06,0.0
2015-11-09,0.00021971149924601623
2015-11-10,-0.00021966323670695012
2015-11-11,0.00021971149924601623
2015-11-12,0.0
2015-11-13,-0.00021966323670695012
2015-11-16,0.00021971149924601623
2015-11-17,-0.00021966323670695012
2015-11-18,0.0
2015-11-19,0.00021971149924601623
2015-11-20,-0.00021966323670695012
2015-11-23,0.00021971149924601623
2015-11-24,-0.00021966323670695012
2015-11-25,0.0
2015-11-27,0.00021971149924601623
2015-11-30,-0.0041515820956158425
2015-12-01,-0.00021966323670695012
2015-12-02,-0.010205123968313447
2015-12-03,-0.014002829064256568
2015-12-04,0.0
2015-12-07,0.0
2015-12-08,-0.00021966323670695012
2015-12-09,-0.00021908405089024463
2015-12-10,0.00021913205922946056
2015-12-11,0.00021971149924601623
2015-12-14,0.0
2015-12-15,-0.00021966323670695012
2015-12-16,0.00021971149924601623
2015-12-17,-0.00021966323670695012
2015-12-18,0.00021971149924601623
2015-12-21,-0.00021966323670695012
2015-12-22,0.0
2015-12-23,0.0
2015-12-24,0.00021971149924601623
2015-12-28,-0.00021966323670695012
2015-12-29,0.0
2015-12-30,0.00021971149924601623
2015-12-31,-0.00021966323670695012
2016-01-04,0.00021971149924601623
2016-01-05,0.0
2016-01-06,-0.00043869916288546534
2016-01-07,0.00021913205922946056
2016-01-08,0.0
2016-01-11,0.0
2016-01-12,0.00021971149924601623
2016-01-13,-0.00021966323670695012
2016-01-14,-0.00021908405089024463
2016-01-15,0.0
2016-01-19,0.00021913205922946056
2016-01-20,0.0
2016-01-21,0.00021971149924601623
2016-01-22,-0.00043869916288546534
2016-01-25,0.00021913205922946056
2016-01-26,-0.00021908405089024463
2016-01-27,0.00021913205922946056
2016-01-28,0.0
2016-01-29,0.00021971149924601623
2016-02-01,-0.00043869916288546534
2016-02-02,-0.018021758268236328
2016-02-03,0.005994687653863539
2016-02-04,0.0015682932284474163
2016-02-05,-0.01905020466599937
2016-02-08,-0.00021966323670695012
2016-02-09,0.00021971149924601623
2016-02-10,-0.00021966323670695012
2016-02-11,-0.013008129604756254
2016-02-12,0.020616568954431574
2016-02-16,0.0
2016-02-17,0.0
2016-02-18,-0.004095808590012638
2016-02-19,0.0
2016-02-22,0.014479560291798947
2016-02-23,-0.012629943130874812
2016-02-24,0.004575746576236515
2016-02-25,0.012111749688133172
2016-02-26,-0.0023012456642225072
2016-02-29,-0.007842671928327804
2016-03-01,0.02350715805413286
2016-03-02,-0.00021966323670695012
2016-03-03,0.00021971149924601623
2016-03-04,0.0
2016-03-07,0.0
2016-03-08,-0.00021966323670695012
2016-03-09,0.004939639551454054
2016-03-10,0.0
2016-03-11,-0.00021966323670695012
2016-03-14,0.0
2016-03-15,0.0
2016-03-16,0.00021971149924601623
2016-03-17,0.006344201150919533
2016-03-18,0.003929614369220297
2016-03-21,0.0014190724321634569
2016-03-22,-0.0005376335099022309
2016-03-23,-0.006599786204108881
2016-03-24,-0.00044287340661272557
2016-03-28,0.0005913800528598558
2016-03-29,0.009249437298358785
2016-03-30,0.004387934685129146
2016-03-31,-0.0024264409167055676
2016-04-01,0.006811558789022338
2016-04-04,-0.003238238715592626
2016-04-05,-0.009987585361552337
2016-04-06,0.010921161006082989
2016-04-07,-0.011966069487033116
2016-04-08,0.0026967756733794557
2016-04-11,-0.002347091679042257
2016-04-12,0.009312928483056787
2016-04-13,0.010100912941066189
2016-04-14,4.7786374130950246e-05
2016-04-15,-0.001105353359022476
2016-04-18,0.007026487900843673
2016-04-19,0.0031544009336097354
2016-04-20,0.0009526523626121736
2016-04-21,-0.00021783839297147143
2016-04-22,0.0002178858568763846
2016-04-25,-0.00021783839297147143
2016-04-26,0.0002178858568763846
2016-04-27,0.0
2016-04-28,0.0
2016-04-29,0.00021898821174435348
2016-05-02,-0.00021894026640693418
2016-05-03,0.00021898821174435348
2016-05-04,-0.00021894026640693418
2016-05-05,0.0
2016-05-06,0.00021898821174435348
2016-05-09,0.0
2016-05-10,0.0
2016-05-11,-0.00043673096578261477
2016-05-12,0.0
2016-05-13,0.0
2016-05-16,0.0
2016-05-17,0.0
2016-05-18,0.0002178858568763846
2016-05-19,-0.00021783839297147143
2016-05-20,0.0002178858568763846
2016-05-23,-0.001362423726221881
2016-05-24,0.012961999538979932
2016-05-25,0.0002178858568763846
2016-05-26,0.0002864272625753313
2016-05-27,0.00021898821174435348
2016-05-31,0.0
2016-06-01,0.0
2016-06-02,-0.00021894026640693418
2016-06-03,-0.0029870178655888916
2016-06-06,0.005088356917641867
2016-06-07,0.0015614117370418034
2016-06-08,0.003259672559426502
2016-06-09,-0.0013656826098332878
2016-06-10,-0.009477504447913248
2016-06-13,-0.007711482467252664
2016-06-14,0.0
2016-06-15,0.0
2016-06-16,0.00021898821174435348
2016-06-17,-0.00021894026640693418
2016-06-20,0.00021898821174435348
2016-06-21,0.0
2016-06-22,0.0
2016-06-23,0.0
2016-06-24,-0.00021894026640693418
2016-06-27,0.0
2016-06-28,0.0
2016-06-29,0.0
2016-06-30,0.0
2016-07-01,0.002100631942603535
2016-07-05,-0.007193225508195686
2016-07-06,0.005997746332633396
2016-07-07,-0.0006199510430061132
2016-07-08,0.014890277709621032
2016-07-11,0.003527232268312259
2016-07-12,0.007262861145229018
2016-07-13,-0.0001394229639372045
2016-07-14,0.0055837806728491965
2016-07-15,-0.001341756972237699
2016-07-18,0.0
2016-07-19,0.00021946279687568582
2016-07-20,0.0
2016-07-21,0.0
2016-07-22,0.0
2016-07-25,-0.00021941464352434248
2016-07-26,0.0
2016-07-27,0.00021946279687568582
2016-07-28,0.0011546187189374595
2016-07-29,0.0016144862645537834
2016-08-01,-0.0008291668729270828
2016-08-02,0.00021946279687568582
2016-08-03,-0.00021941464352434248
2016-08-04,0.0
2016-08-05,0.008178983067907495
2016-08-08,0.0
2016-08-09,0.0
2016-08-10,-0.002474922769502948
2016-08-11,0.004640717453947158
2016-08-12,0.0
2016-08-15,0.0028840375344709804
2016-08-16,0.0
2016-08-17,0.0
2016-08-18,0.00021946279687568582
2016-08-19,-0.0014623003803650692
2016-08-22,0.0
2016-08-23,0.0
2016-08-24,-0.00511507110223704
2016-08-25,-0.00068849258606219
2016-08-26,0.0
2016-08-29,0.00021946279687568582
2016-08-30,0.0
2016-08-31,0.0
2016-09-01,0.0
2016-09-02,0.00021774291290701416
2016-09-06,0.0
2016-09-07,-9.110817722061665e-05
2016-09-08,-0.0022834738345617563
2016-09-09,0.00021774291290701416
2016-09-12,-0.0004370623891936115
2016-09-13,0.00021946279687568582
2016-09-14,0.0
2016-09-15,0.0
2016-09-16,0.0
2016-09-19,0.0
2016-09-20,0.0
2016-09-21,0.0
2016-09-22,0.00021774291290701416
2016-09-23,-0.005479108948048669
2016-09-26,-0.008102452883950551
2016-09-27,0.006207862738181601
2016-09-28,0.004963678785864408
2016-09-29,-0.00904721924788326
2016-09-30,0.007546081433287225
2016-10-03,-0.002403875667558984
2016-10-04,0.00021774291290701416
2016-10-05,0.0
2016-10-06,0.0
2016-10-07,0.0
2016-10-10,0.0
2016-10-11,-0.0002176955112522673
2016-10-12,0.00021774291290701416
2016-10-13,-0.0002176955112522673
2016-10-14,0.0
2016-10-17,0.0
2016-10-18,0.0
2016-10-19,0.00021774291290701416
2016-10-20,-0.0002176955112522673
2016-10-21,0.0
2016-10-24,0.0
2016-10-25,0.0
2016-10-26,0.00021774291290701416
2016-10-27,-0.0002176955112522673
2016-10-28,0.00021774291290701416
2016-10-31,0.0002191579571052096
2016-11-01,-0.00021910993741894343
2016-11-02,0.0002191579571052096
2016-11-03,-0.00021910993741894343
2016-11-04,0.0002191579571052096
2016-11-07,-0.00021910993741894343
2016-11-08,0.0002191579571052096
2016-11-09,-0.00043675774942136385
2016-11-10,0.0024956535283662926
2016-11-11,-0.002305062073742431
2016-11-14,0.0007854198018192388
2016-11-15,0.007803103466663507
2016-11-16,-0.0018786776617648595
2016-11-17,0.005140828985567949
2016-11-18,-0.0022377773771653925
2016-11-21,0.0075516038909394945
2016-11-22,0.001953152355517933
2016-11-23,0.0005442005592781872
2016-11-25,0.0037153486961271007
2016-11-28,-0.004694942581653598
2016-11-29,0.001950310019748041
2016-11-30,0.0
2016-12-01,-0.0036758565912077224
2016-12-02,0.0005010842349142637
2016-12-05,0.0
2016-12-06,0.00021852626389031067
2016-12-07,0.0
2016-12-08,0.0
2016-12-09,0.0
2016-12-12,-0.00021847852059546466
2016-12-13,0.00021852626389031067
2016-12-14,0.0
2016-12-15,0.0041171538503176515
2016-12-16,-0.0019556015734082193
2016-12-19,0.00021852626389031067
2016-12-20,-0.00021847852059546466
2016-12-21,0.00021852626389031067
2016-12-22,-0.00021847852059546466
2016-12-23,0.0
2016-12-27,0.00021852626389031067
2016-12-28,-2.1722529772398018e-05
2016-12-29,0.00021910989165235177
2016-12-30,-0.003654811302082996
2017-01-03,0.007649783320214437
2017-01-04,0.005949309681994698
2017-01-05,-0.0007942899335774358
2017-01-06,0.00357765470423675
2017-01-09,-0.00330084555361825
2017-01-10,0.0
2017-01-11,0.0028261250062691936
2017-01-12,-0.0025098949657837706
2017-01-13,0.002295399611191563
2017-01-17,-0.0035234767342841233
2017-01-18,0.0022099792793395328
2017-01-19,0.0
2017-01-20,0.00021910989165235177
2017-01-23,-0.00021906189302470596
2017-01-24,0.0
2017-01-25,0.00021910989165235177
2017-01-26,0.00021853981987641068
2017-01-27,-0.0004375061003967411
2017-01-30,0.00043769759576501726
2017-01-31,-0.0002184920706586445
2017-02-01,6.505031427759381e-05
2017-02-02,0.0
2017-02-03,-0.00021810797336556056
2017-02-06,0.00043714655458337615
2017-02-07,4.34205418016754e-05
2017-02-08,0.00131045399739163
2017-02-09,0.005932532543596613
2017-02-10,0.003946244766757556
2017-02-13,0.00544270075149115
2017-02-14,0.00021894323606873168
2017-02-15,-0.0002188953104211078
2017-02-16,0.0
2017-02-17,0.00021894323606873168
2017-02-21,0.0059551692100296046
2017-02-22,-0.0008877025549095504
2017-02-23,0.0006768671683802694
2017-02-24,0.001268960687998066
2017-02-27,0.0015627661679686225
2017-02-28,-0.0026990381864806868
2017-03-01,0.01399748203277074
2017-03-02,0.0
2017-03-03,0.00021882918659332966
2017-03-06,0.00021857255006423049
2017-03-07,-0.00043725828826216126
2017-03-08,-0.0018565155419254247
2017-03-09,0.0012683170242779383
2017-03-10,0.003504268798452628
2017-03-13,0.0005047508151602664
2017-03-14,-0.0038264518272469804
2017-03-15,0.008653357472033376
2017-03-16,0.00021857255006423049
2017-03-17,0.0
2017-03-20,-0.00021852478654438322
2017-03-21,-0.012839446379673268
2017-03-22,0.00235318360244059
2017-03-23,-0.0010671999352993096
2017-03-24,-0.0007264742614247444
2017-03-27,-0.001026041276114414
2017-03-28,0.007276735944424948
2017-03-29,0.0009345835731455589
2017-03-30,0.0031843992226216005
2017-03-31,-0.0023276143084480566
2017-04-03,-0.0017392128206028168
2017-04-04,0.0006373730454774139
2017-04-05,-0.002972587865605195
2017-04-06,0.002810950926183082
2017-04-07,-0.0010194554511830328
2017-04-10,0.0005953454740204872
2017-04-11,-0.0011895327118497188
2017-04-12,-0.004382000242573003
2017-04-13,-0.006494847249307015
2017-04-17,0.0
2017-04-18,-0.0029841954517907054
2017-04-19,-0.001838437194863631
2017-04-20,0.00813898310285288
2017-04-21,-0.0031867302483445646
2017-04-24,0.01099789414027724
2017-04-25,0.005818458587518968
2017-04-26,0.00021881865474423262
2017-04-27,-0.00021877078361566448
2017-04-28,0.0004374286126312938
2017-05-01,0.00252019247719952
2017-05-02,-0.00021873728400475528
2017-05-03,-0.0012145604802796845
2017-05-04,0.00021878514047216275
2017-05-05,-0.00021873728400475528
2017-05-08,0.00021878514047216275
2017-05-09,0.0
2017-05-10,0.00021852866475439308
2017-05-11,0.0
2017-05-12,-0.00021848092041058145
2017-05-15,0.00552361627775899
2017-05-16,-0.0009155088819779103
2017-05-17,-0.017744079562798484
2017-05-18,0.00402845775333731
2017-05-19,0.006503958422591882
2017-05-22,0.0050775693701779635
2017-05-23,0.0022131419102212877
2017-05-24,0.002332605479678978
2017-05-25,0.004779222097118052
2017-05-26,-0.0002066611289462552
2017-05-30,-0.0008687838580645265
2017-05-31,-0.00024837718383812586
2017-06-01,0.007952090459815082
2017-06-02,0.0033286971141529183
2017-06-05,-0.0007373446762305437
2017-06-06,-0.003196891279376902
2017-06-07,0.0018501666753108364
2017-06-08,0.0004926404055927864
2017-06-09,-0.0015177200619911789
2017-06-12,-0.00020562257798238082
2017-06-13,0.004890140743783332
2017-06-14,-0.001267661741215498
2017-06-15,-0.001924420171090069
2017-06-16,0.0004375290005000778
2017-06-19,-0.0002188251299612867
2017-06-20,-0.00674402008380691
2017-06-21,-0.00024708085171803914
2017-06-22,-0.0004527321936236952
2017-06-23,0.0011942650408062847
2017-06-26,0.00065812386174142
2017-06-27,-0.008056173769558894
2017-06-28,0.00043795450025868707
2017-06-29,-0.00021898556966356024
2017-06-30,0.00021903353484696412
2017-07-03,0.00010886770708773571
2017-07-05,0.002311675162814648
2017-07-06,-0.00914437919494635
2017-07-07,0.006485275334817356
2017-07-10,0.0010739387621409103
2017-07-11,-0.0007424755714671491
2017-07-12,0.007514796390960787
2017-07-13,0.0
2017-07-14,0.0004374982352640248
2017-07-17,-0.00021880967536600892
2017-07-18,0.0005294183641387273
2017-07-19,0.005413947394769636
2017-07-20,0.0004453268684998448
2017-07-21,-0.0008902572815123545
2017-07-24,-0.00024292327727679593
2017-07-25,0.0024307477318035882
2017-07-26,0.00021885756351843377
2017-07-27,-0.0009298690690424769
2017-07-28,-0.00021897000798100385
2017-07-31,-0.000567060221866667
2017-08-01,0.002228832864356866
2017-08-02,0.0004852661456941325
2017-08-03,-0.0019398392970147265
2017-08-04,0.0018221162154836016
2017-08-07,0.001859178972373594
2017-08-08,-0.002461178081830842
2017-08-09,0.0
2017-08-10,-0.014115258050962965
2017-08-11,0.0002187043997162776
2017-08-14,0.009913092156949046
2017-08-15,-0.00012162917003615548
2017-08-16,-0.00021865657856051952
2017-08-17,-0.015590732795225984
2017-08-18,-0.00021865657856051952
2017-08-21,0.0002187043997162776
2017-08-22,0.0002192810142917728
2017-08-23,-0.00358518518306576
2017-08-24,-0.002330740112463038
2017-08-25,0.002336185152909064
2017-08-28,4.0847356515584094e-05
2017-08-29,0.0011448278268105497
2017-08-30,0.00473748580908931
2017-08-31,0.006015986585689433
2017-09-01,0.001414221968295351
2017-09-05,-0.007182115012021549
2017-09-06,0.0034140436785537564
2017-09-07,-0.00012173621440477889
2017-09-08,-0.0011749117198315228
2017-09-11,0.010666245353048684
2017-09-12,0.0004377091135261584
2017-09-13,0.0
2017-09-14,-0.00021912279539536376
2017-09-15,0.0
2017-09-18,0.0
2017-09-19,0.00043813360079038803
2017-09-20,0.0
2017-09-21,-0.0026794291131608714
2017-09-22,0.00020013285683453705
2017-09-25,0.0
2017-09-26,0.0
2017-09-27,0.0
2017-09-28,-0.00021886688713476524
2017-09-29,0.00043689362290266884
2017-10-02,4.3867792038390764e-05
2017-10-03,0.0
2017-10-04,-0.00021870565337482365
2017-10-05,0.0002187534960010946
2017-10-06,-0.001138903331172193
2017-10-09,-0.0016511019239001416
2017-10-10,0.0
2017-10-11,0.0
2017-10-12,0.0004378189028805178
2017-10-13,0.0
2017-10-16,0.0013336503633739854
2017-10-17,0.0007051138477612396
2017-10-18,0.0009786271415546447
2017-10-19,0.0
2017-10-20,0.00021896953787658578
2017-10-23,-0.003889403471694503
2017-10-24,0.0004368998278277962
2017-10-25,-0.004950176498734402
2017-10-26,0.0012925262380157506
2017-10-27,0.008176321002046797
2017-10-30,-0.00021783511782573752
2017-10-31,0.00021788258030329007
2017-11-01,0.00010928113683961653
2017-11-02,-0.00021822678738489212
2017-11-03,0.0033387819976781123
2017-11-06,0.0015477086584623305
2017-11-07,-0.0006954837425191629
2017-11-08,0.0017010519547880963
2017-11-09,-0.0036277196182527304
2017-11-10,0.00021827442071049207
2017-11-13,0.000929636142282118
2017-11-14,-0.002322608061969036
2017-11-15,0.0
2017-11-16,0.00021864225961218368
2017-11-17,-0.00021859446562428087
2017-11-20,0.00021864225961218368
2017-11-21,0.00021890600167980242
2017-11-22,0.0
2017-11-24,0.002309754610766265
2017-11-27,-0.0004992130684319127
2017-11-28,0.010144793077558455
2017-11-29,-0.0006086209246638545
2017-11-30,0.0
2017-12-01,-0.002075067091286999
2017-12-04,0.00010859130603054447
2017-12-05,0.00011003277834945227
2017-12-06,0.00019010380902585537
2017-12-07,0.003152840493069
2017-12-08,0.00010929412085853905
2017-12-11,-0.0001092821769590828
2017-12-12,0.00010929412085853905
2017-12-13,-0.0001092821769590828
2017-12-14,-0.004086124544803682
2017-12-15,0.008327237393899747
2017-12-18,0.00634102837093353
2017-12-19,2.2308194661099096e-05
2017-12-20,0.0
2017-12-21,0.0020597666231367802
2017-12-22,-0.00026190260289095786
2017-12-26,-0.00011058045402301236
2017-12-27,0.00021942169363668788
2017-12-28,0.0020573365028010255
2017-12-29,-0.00021937355831898244
2018-01-02,0.007157014354084437
2018-01-03,0.00021753021771693895
2018-01-04,0.00011003784741909393
2018-01-05,0.0
2018-01-08,0.00010940354019486067
2018-01-09,0.0
2018-01-10,-0.0015296791757180492
2018-01-11,0.007296414938850661
2018-01-12,0.006518728211289909
2018-01-16,-0.0034183367792499533
2018-01-17,0.00021867945604496272
2018-01-18,-0.0016807799803744276
2018-01-19,0.004549588157260197
2018-01-22,0.008131119910356295
2018-01-23,0.002122306145889457
2018-01-24,-0.0003884310972868661
2018-01-25,0.000423690062402678
2018-01-26,0.00021845628097042673
2018-01-29,-0.00021840856824687546
2018-01-30,-0.010257178287807506
2018-01-31,0.0004970121899688295
2018-02-01,-0.0011352785544937714
2018-02-02,-0.021769926559120283
2018-02-05,-0.04182263439221647
2018-02-06,0.00010931268432268566
2018-02-07,0.00010919713377208341
2018-02-08,-0.00010918521105998536
2018-02-09,0.00021839426754416682
2018-02-12,0.014684322850785456
2018-02-13,0.0024876593049803363
2018-02-14,0.0
2018-02-15,0.012760241686404682
2018-02-16,0.00010967917133502233
2018-02-20,0.0
2018-02-21,-0.00010966714313364076
2018-02-22,0.0012958623541108971
2018-02-23,0.00021798804182843605
2018-02-26,-0.00021794053339832553
2018-02-27,0.00021798804182843605
2018-02-28,0.00010974677691317105
2018-03-01,9.834716715643556e-05
2018-03-02,0.00010920637707274739
2018-03-05,0.0
2018-03-06,0.0
2018-03-07,0.0
2018-03-08,-0.00010919445234221066
2018-03-09,0.00021830924099187132
2018-03-12,0.00010980348487904592
2018-03-13,0.0
2018-03-14,0.0
2018-03-15,-0.0010899539004553386
2018-03-16,0.0010843804343058355
2018-03-19,0.0
2018-03-20,-0.0001094690070271239
2018-03-21,0.0002187550252085675
2018-03-22,0.00010893976469010827
2018-03-23,0.00010954856989462544
2018-03-26,-0.00010953657031999573
2018-03-27,0.0002185799133024963
2018-03-28,0.00010931778462803718
2018-03-29,0.00021850825972597016
2018-04-02,-5.4279117489786224e-05
2018-04-03,-0.00010959807181837573
2018-04-04,0.00021849632956154002
2018-04-05,0.00010917260809638949
2018-04-06,0.0
2018-04-09,0.00010947080633777047
2018-04-10,0.01590026507295675
2018-04-11,0.00021914835640800132
2018-04-12,0.00822707590617584
2018-04-13,0.0
2018-04-16,0.00021827354718904598
2018-04-17,0.0
2018-04-18,0.0007406716854221268
2018-04-19,0.00021835304349317747
2018-04-20,0.0
2018-04-23,0.0
2018-04-24,0.00010920434560974768
2018-04-25,0.00010950233358770243
2018-04-26,0.010165528845737118
2018-04-27,0.00010937510973659499
2018-04-30,-0.0001093631481302671
2018-05-01,7.704799987110469e-05
2018-05-02,0.00010854049489921638
2018-05-03,0.0
2018-05-04,0.00021922593933358412
2018-05-07,0.0
2018-05-08,0.00010953732507580891
2018-05-09,0.0
2018-05-10,0.0
2018-05-11,0.0
2018-05-14,0.0
2018-05-15,0.00021812160036633693
2018-05-16,0.00010929503156551975
2018-05-17,0.0
2018-05-18,0.00010969586588994151
2018-05-21,0.0
2018-05-22,0.0
2018-05-23,0.00010906473430509977
2018-05-24,0.00021862154114464627
2018-05-25,-0.002382692213114104
2018-05-29,-0.011501094291225861
2018-05-30,0.013344961055988038
2018-05-31,-0.006126148232085192
2018-06-01,0.009817848079412262
2018-06-04,0.004751513166648939
2018-06-05,0.0
2018-06-06,-0.0001091924020647778
2018-06-07,0.00010920432634748755
2018-06-08,0.0002191065669382935
2018-06-11,0.00010989008723376137
2018-06-12,0.0
2018-06-13,-0.00010987801272935747
2018-06-14,0.0003282270523004655
2018-06-15,0.0
2018-06-18,-0.00010954487248585243
2018-06-19,0.0002189076200567614
2018-06-20,0.001705716995108051
2018-06-21,0.00010933876736358366
2018-06-22,0.00010881160723090225
2018-06-25,0.00021893892819658305
2018-06-26,0.002214054805917094
2018-06-27,-0.008284411078167016
2018-06-28,0.005717521132939117
2018-06-29,0.0014398632816985755
2018-07-02,0.0021378214093561118
2018-07-03,-0.003531598772241833
2018-07-05,0.008158481984521272
2018-07-06,0.008458270960752507
2018-07-09,0.009004436014440138
2018-07-10,0.0035983452188762333
2018-07-11,-0.007314742350506877
2018-07-12,0.009066167447713012
2018-07-13,0.0007877136655582086
2018-07-16,-0.0008944106056016609
2018-07-17,0.0040451087777348925
2018-07-18,0.002103719982310465
2018-07-19,-0.0037716458495125017
2018-07-20,-0.0011426896544762537
2018-07-23,-0.00010863705758175556
2018-07-24,0.005032240945782795
2018-07-25,-0.00010955093887211908
2018-07-26,0.00010956294159523642
2018-07-27,0.00021817609516222025
2018-07-30,-0.0001087043043407881
2018-07-31,0.004929184943826782
2018-08-01,-0.0016707372752310702
2018-08-02,0.00010992036994116947
2018-08-03,0.0
2018-08-06,0.003667617910941173
2018-08-07,0.003302132666198151
2018-08-08,-0.00010926756501805587
2018-08-09,0.00010927950572355266
2018-08-10,-0.006700102086084335
2018-08-13,-0.0037431872057385354
2018-08-14,0.006380442083829328
2018-08-15,-0.0074673463706244145
2018-08-16,0.00809129320997546
2018-08-17,0.003520556581266358
2018-08-20,0.0021396747979669614
2018-08-21,0.002345473856243652
2018-08-22,-0.0005934527714214331
2018-08-23,-0.001328232550965918
2018-08-24,0.0060184946762044675
2018-08-27,0.007895629203763627
2018-08-28,0.0004829239977542845
2018-08-29,-0.00010905745808219483
2018-08-30,0.00043648281531210475
2018-08-31,-0.00010912442381175
2018-09-04,-0.00172229250358712
2018-09-05,-0.00010953736836010548
2018-09-06,0.0002182773726344857
2018-09-07,-0.0019430348915550528
2018-09-10,0.0
2018-09-11,0.00010929621243981782
2018-09-12,0.00024171407836043684
2018-09-13,0.0
2018-09-14,0.0001087711964020951
2018-09-17,-0.005294445465493499
2018-09-18,0.0
2018-09-19,0.0
2018-09-20,0.00021849692375821685
2018-09-21,0.0
2018-09-24,-0.0033217847833183814
2018-09-25,0.0
2018-09-26,0.0
2018-09-27,0.00021842538066006305
2018-09-28,0.0
2018-10-01,6.541077969649399e-05
2018-10-02,0.00010959177116500051
2018-10-03,0.0
2018-10-04,0.0002186469902826635
2018-10-05,0.00010935083930612331
2018-10-08,0.0
2018-10-09,-0.0014596351597599205
2018-10-10,0.00021880416299772566
2018-10-11,0.0001094293800876849
2018-10-12,0.0
2018-10-15,0.0001090076035877025
2018-10-16,0.00010940548057945159
2018-10-17,0.0
2018-10-18,0.0
2018-10-19,0.00010929108394733173
2018-10-22,0.00021886553299031768
2018-10-23,0.0
2018-10-24,0.0001091528337294134
2018-10-25,0.00010903853708574698
2018-10-26,0.00010892427653908262
2018-10-29,0.0
2018-10-30,0.0
2018-10-31,0.0001092194972054344
2018-11-01,0.00021913159000387395
2018-11-02,0.0
2018-11-05,0.00010897898864633361
2018-11-06,0.0
2018-11-07,0.00010937637967457407
2018-11-08,0.00010936441779049093
2018-11-09,0.00021850032872228762
2018-11-12,-0.00010902175474911957
2018-11-13,0.00010903364178807399
2018-11-14,-0.00010902175474911957
2018-11-15,0.0003277146231604025
2018-11-16,0.00010930466994744276
2018-11-19,-0.00010929272374234645
2018-11-20,-0.018506050821365513
2018-11-21,0.00021825483434458073
2018-11-23,-0.006678958022731672
2018-11-26,0.016144422324323667
2018-11-27,0.0
2018-11-28,0.0001091428048781111
2018-11-29,-0.002185150312811028
2018-11-30,0.0060955254539942876
2018-12-03,0.013241250056560872
2018-12-04,-0.032402643692176145
2018-12-06,-0.0015167591987966485
2018-12-07,-0.02323628885192465
2018-12-10,0.0018973287878504823
2018-12-11,0.00022693903422205553
2018-12-12,0.005035435508465835
2018-12-13,0.00010934539678851242
2018-12-14,0.0001089251001610703
2018-12-17,0.00010921945955965776
2018-12-18,0.0
2018-12-19,-0.014975990392121281
2018-12-20,-0.016277552318045757
2018-12-21,0.00021910546596190975
2018-12-24,0.00010927366073191315
2018-12-26,0.05052466773590941
2018-12-27,0.00032771895263389826
2018-12-28,0.00010954384982170566
2018-12-31,0.00010963383624498706
2019-01-02,-0.00010962181798454526
2019-01-03,0.00032839158391521705
2019-01-04,0.03349566557207359
2019-01-07,0.00788448185885246
2019-01-08,0.00939532962575049
2019-01-09,0.004673469601954284
2019-01-10,0.003527494055660087
2019-01-11,0.0003864956852625822
2019-01-14,-0.006100926763653699
2019-01-15,0.011460684060014704
2019-01-16,0.0024200738175254254
2019-01-17,0.007586603412184015
2019-01-18,0.013309807180596607
2019-01-22,0.00010889089580434923
2019-01-23,0.0020922420278168324
2019-01-24,0.0005316330056419148
2019-01-25,0.00846096424651713
2019-01-28,-0.007599894903877736
2019-01-29,-0.0013270600682057528
2019-01-30,0.01583094303536156
2019-01-31,0.008782236972573191
2019-02-01,0.0004816990992612304
2019-02-04,0.0070355599163890534
2019-02-05,0.004191668368429794
2019-02-06,-0.0013180246855287285
2019-02-07,-0.009532658518979826
2019-02-08,0.001221337819212074
2019-02-11,0.00055464834412086
2019-02-12,0.012859384802008914
2019-02-13,0.0032466667728706026
2019-02-14,-0.002218413045372796
2019-02-15,0.010897780198083814
2019-02-19,0.0017305988534951707
2019-02-20,0.0020154620457943475
2019-02-21,-0.0035562180944513294
2019-02-22,0.006199817392026119
2019-02-25,0.001361426628453841
2019-02-26,-0.0007150586918075071
2019-02-27,-0.0004299040263687497
2019-02-28,-0.0018626393726371073
2019-03-01,0.00010922854167195874
2019-03-04,-0.00010921661210069263
2019-03-05,0.00010922854167195874
2019-03-06,0.00010962299949455568
2019-03-07,0.00021871403865783332
2019-03-08,-0.001999868635350153
2019-03-11,0.014501192139739348
2019-03-12,0.0037705483121296783
2019-03-13,0.006619612635454984
2019-03-14,-0.0006398018596753798
2019-03-15,0.004940602838600462
2019-03-18,0.003625825570757236
2019-03-19,0.00024769750492583
2019-03-20,-0.0030095190788993
2019-03-21,0.011294641734285073
2019-03-22,-0.019246357829581645
2019-03-25,-0.0007517748990619659
2019-03-26,0.0074537212007018275
2019-03-27,-0.005229473600274015
2019-03-28,0.003791271876617031
2019-03-29,0.0063050640455146
2019-04-01,0.01185935992352989
2019-04-02,0.0004896852978792147
2019-04-03,0.0015738034355020885
2019-04-04,0.0026535100695708907
2019-04-05,0.004840126225288155
2019-04-08,0.0007622156653680203
2019-04-09,-0.005124924745015118
2019-04-10,0.0034113223463778947
2019-04-11,-0.00027768483654648187
2019-04-12,0.006765984541256137
2019-04-15,0.00010873255136422365
2019-04-16,0.0
2019-04-17,0.00021885999677992099
2019-04-18,0.00010960865758468104
2019-04-22,0.0
2019-04-23,0.0
2019-04-24,0.00021787650929621632
2019-04-25,-0.0006163380131089505
2019-04-26,0.004656843989504511
2019-04-29,0.0015675815522668986
2019-04-30,0.0005106140810443248
2019-05-01,-0.007516451044821119
2019-05-02,-0.002159182660148886
2019-05-03,0.00010911524239728414
2019-05-06,-0.004115148853453109
2019-05-07,-0.016699698761676304
2019-05-08,-0.0013892168836858495
2019-05-09,-0.0030258712225778943
2019-05-10,0.00021874204505398134
2019-05-13,-0.00010944825737536606
2019-05-14,0.0001094602376076241
2019-05-15,0.00010924595006043931
2019-05-16,0.00010882944625433523
2019-05-17,-0.006464898218758924
2019-05-20,0.00010991806806304747
2019-05-21,0.0
2019-05-22,-0.0030712584596526873
2019-05-23,0.00021885425903529448
2019-05-24,0.0
2019-05-28,0.00010904945761791313
2019-05-29,0.0
2019-05-30,0.00032741586422832124
2019-05-31,-0.013475183218440347
2019-06-03,-0.0025430323129391245
2019-06-04,0.021706726451630142
2019-06-05,0.0
2019-06-06,0.0003282614747081099
2019-06-07,-0.00010985577995887274
2019-06-10,0.004588747808971219
2019-06-11,-0.00024212340818551071
2019-06-12,-0.0017655776547325782
2019-06-13,0.004126614360179861
2019-06-14,-0.0011049705612900932
2019-06-17,0.0003801987601152479
2019-06-18,0.01047062408243539
2019-06-19,0.0022576258176866095
2019-06-20,0.009554058188696039
2019-06-21,-0.0014533487117372372
2019-06-24,-0.0012246131610045552
2019-06-25,-0.009807881458698917
2019-06-26,-0.000997396307401727
2019-06-27,0.003545921033003026
2019-06-28,0.005145930256759657
2019-07-01,0.00907855425589459
2019-07-02,0.0026043256430218456
2019-07-03,0.007994731219565092
2019-07-05,-0.0011378616887772381
2019-07-08,-0.005494435181417605
2019-07-09,0.001246457117024172
2019-07-10,0.00010956913525155592
2019-07-11,0.0023444063293537737
2019-07-12,0.00010882783154902714
2019-07-15,0.0
2019-07-16,0.0001099243003434152
2019-07-17,0.0
2019-07-18,0.003660839270788244
2019-07-19,-0.005555042173778839
2019-07-22,0.0024566528556954448
2019-07-23,0.007149824425609252
2019-07-24,0.004699403232680224
2019-07-25,-0.00477687973166409
2019-07-26,0.006700036909465453
2019-07-29,-0.0018211038539535593
2019-07-30,-0.0024549925507076605
2019-07-31,-0.01094022842571129
2019-08-01,-0.008707988512382645
2019-08-02,-0.007529197162295824
2019-08-05,-0.00010908185979740761
2019-08-06,0.014022741731226853
2019-08-07,0.0005908519072149935
2019-08-08,0.01961981747341944
2019-08-09,-0.006811432191939853
2019-08-12,-0.012173148279720467
2019-08-13,0.015551553747389067
2019-08-14,-0.02956758456063684
2019-08-15,0.0026413668817643655
2019-08-16,0.014755465839431227
2019-08-19,0.012047545662300825
2019-08-20,-0.007662524264795065
2019-08-21,0.0081355537236785
2019-08-22,-0.0003078914876671776
2019-08-23,-0.025687492160164443
2019-08-26,0.00010917571630479004
2019-08-27,0.00010946535572270103
2019-08-28,-0.00010945337437014056
2019-08-29,0.012772558187749397
2019-08-30,-0.0004439570890000534
2019-09-03,-0.005847164468490184
2019-09-04,-0.00010930752577291623
2019-09-05,0.012855540126720801
2019-09-06,0.0007719653770918083
2019-09-09,0.0005038512927647046
2019-09-10,0.00021859102613518911
2019-09-11,0.007111205840521652
2019-09-12,0.003463853946716538
2019-09-13,-0.0006640162110151303
2019-09-16,0.0
2019-09-17,0.00010966142236689318
2019-09-18,0.0005976641116460373
2019-09-19,0.0
2019-09-20,0.00010922389794793595
2019-09-23,0.00021802242418852394
2019-09-24,0.0
2019-09-25,0.0
2019-09-26,0.00021907882522367015
2019-09-27,0.0
2019-09-30,0.0001090639135603769
2019-10-01,-0.011894670718170788
2019-10-02,-0.017664511165135375
2019-10-03,0.00032847114440189457
2019-10-04,0.0
2019-10-07,-0.004314178839538014
2019-10-08,-0.015524822289584692
2019-10-09,0.0
2019-10-10,0.00021851722375020483
2019-10-11,0.00010918461152686709
2019-10-14,-0.00010917269154895098
2019-10-15,0.00010918461152686709
2019-10-16,0.00010947344276533926
2019-10-17,0.00010906050191487387
2019-10-18,0.0
2019-10-21,0.00010954975152352333
2019-10-22,-0.003267213714491818
2019-10-23,0.0
2019-10-24,0.0002182737632030322
2019-10-25,0.0
2019-10-28,-0.00010971423899448454
2019-10-29,-0.00029673277799008193
2019-10-30,0.0030671858165125603
2019-10-31,0.00010928959559043028
2019-11-01,0.009263913672716237
2019-11-04,0.004017690675183699
2019-11-05,-0.00010976763713543323
2019-11-06,0.00010977968739232376
2019-11-07,0.00021853374473495922
2019-11-08,0.0024664054335156245
2019-11-11,0.0
2019-11-12,0.002108142091897581
2019-11-13,0.0003235970050073697
2019-11-14,0.00010913097900099699
2019-11-15,-0.00010911907072998056
2019-11-18,0.00021836207816621509
2019-11-19,-0.0002887634154220798
2019-11-20,-0.0037186601735453846
2019-11-21,-0.0016090943331146807
2019-11-22,0.002223918646802595
2019-11-25,0.007750268081677733
2019-11-26,0.0022654775513087557
2019-11-27,0.004457405113434538
2019-11-29,-0.0037081697791681504
2019-12-02,-0.00849488529978082
2019-12-03,-0.00010925121697051577
2019-12-04,0.006170133700903125
2019-12-05,0.0017983489929116014
2019-12-06,0.0
2019-12-09,0.00010952738184546136
2019-12-10,0.0
2019-12-11,0.0
2019-12-12,0.008618930530116607
2019-12-13,-0.00021828301758123218
2019-12-16,0.006869810969665129
2019-12-17,-0.00010929149712152394
2019-12-18,0.0002186068861169127
2019-12-19,0.00010917957250198488
2019-12-20,5.4383886054562035e-05
2019-12-23,0.0
2019-12-24,0.00010976150663962149
2019-12-26,0.00010944959845990921
2019-12-27,-0.00010943762055628292
2019-12-30,-0.005513099327249446
2019-12-31,0.002429659932070458
2020-01-02,0.0003282129186363773
2020-01-03,-0.00757267915949352
2020-01-06,0.003815386864776301
2020-01-07,-0.0028118190537904575
2020-01-08,0.005329417507001131
2020-01-09,0.00010899011616488256
2020-01-10,-0.0028777442961687473
2020-01-13,0.006877200166972931
2020-01-14,-0.0015244867299315558
2020-01-15,0.002260008312462713
2020-01-16,0.008318406169629096
2020-01-17,0.003112258313595486
2020-01-21,-0.001958163382939803
2020-01-22,0.00012086316511121028
2020-01-23,0.001146949826830886
2020-01-24,-0.0088931861867666
2020-01-27,-0.016029355022306187
2020-01-28,0.010479156873666625
2020-01-29,-0.0008260129874027131
2020-01-30,0.0032450759063620627
2020-01-31,-0.018157599565643938
2020-02-03,0.007428472658777164
2020-02-04,0.015241143712777728
2020-02-05,0.011547952695515996
2020-02-06,0.0033650899278440875
2020-02-07,-0.005329737604127216
2020-02-10,0.007465453569514786
2020-02-11,0.001732915878303149
2020-02-12,0.006442729006431045
2020-02-13,-0.0010667489557995235
2020-02-14,0.001602080509487229
2020-02-18,-0.002577138882963463
2020-02-19,0.0047813232400805115
2020-02-20,-0.004108249103358331
2020-02-21,-0.010298235894028049
2020-02-24,-0.03316545864086154
2020-02-25,0.0
2020-02-26,-0.0036782378725180942
2020-02-27,0.0002182784085758984
2020-02-28,-0.00010856706822857026
2020-03-02,0.04330690063951524
2020-03-03,0.0002185888430579951
2020-03-04,0.04203320157256522
2020-03-05,0.00021814669737853413
2020-03-06,0.0
2020-03-09,-0.07809456331561943
2020-03-10,0.051744649586421394
2020-03-11,0.00021844972186491543
2020-03-12,0.00010920100600306897
2020-03-13,0.08548648814588065
2020-03-16,0.00010916524313995462
2020-03-17,0.0
2020-03-18,0.00021830665478086102
2020-03-19,-0.00021825900738708256
2020-03-20,0.00032736048050548437
2020-03-23,-0.00021783733678239133
2020-03-24,0.0
2020-03-25,0.0
2020-03-26,0.0
2020-03-27,-0.029785769434702934
2020-03-30,0.0
2020-03-31,-0.014905564634730726
2020-04-01,-8.726296091286012e-05
2020-04-02,0.00010906334291485318
2020-04-03,-0.014454162115638583
2020-04-06,0.06716635184890893
2020-04-07,0.0010194741235161546
2020-04-08,0.03356833622983395
2020-04-09,0.015217283044902004
2020-04-13,-0.00913011931996658
2020-04-14,0.029492712640358406
2020-04-15,-0.021247741245850618
2020-04-16,0.0048242640867277075
2020-04-17,0.027015398016019813
2020-04-20,-0.017617947259025303
2020-04-21,-0.030363316318714882
2020-04-22,0.022194612727053524
2020-04-23,-7.185136581992962e-05
2020-04-24,0.013938914317619096
2020-04-27,0.01441804508731141
2020-04-28,-0.00459809965312785
2020-04-29,0.026178511187527374
2020-04-30,-0.009310851463528677
2020-05-01,-0.026473573806422148
2020-05-04,0.0027584008760594557
2020-05-05,0.00923933258862469
2020-05-06,-0.006778719570281794
2020-05-07,-0.00010938099810210532
2020-05-08,0.0
2020-05-11,0.00010939296361365073
2020-05-12,0.0
2020-05-13,0.0
2020-05-14,0.00010888335934822859
2020-05-15,0.0045968540218238735
2020-05-18,0.030460004915660612
2020-05-19,0.0
2020-05-20,0.016987848315698696
2020-05-21,-0.00690411770897449
2020-05-22,0.0018993254781526777
2020-05-26,0.01232057815158769
2020-05-27,0.014878947530668069
2020-05-28,-0.0018447594816558117
2020-05-29,0.004456017304213349
2020-06-01,0.004041852836526493
2020-06-02,0.008279812318880126
2020-06-03,0.01330870367137249
2020-06-04,-0.002627080207189628
2020-06-05,-0.0002186624684534353
2020-06-08,0.00010930537133364101
2020-06-09,0.0
2020-06-10,-0.005580254312344831
2020-06-11,-0.05764852939181751
2020-06-12,0.011975483022479137
2020-06-15,0.00933556693998114
2020-06-16,0.019247808858915597
2020-06-17,-0.004153928700001542
2020-06-18,0.0003851080037852934
2020-06-19,-0.00571493356668627
2020-06-22,0.006415187122598157
2020-06-23,0.004603864818307153
2020-06-24,-0.02550882841472326
2020-06-25,0.010720570874540137
2020-06-26,-0.02375146809839572
2020-06-29,0.014697501696400803
2020-06-30,0.012809193144368755
2020-07-01,0.007005095093327653
2020-07-02,0.005507122366350846
2020-07-06,0.015437249887630193
2020-07-07,-0.01031412187031779
2020-07-08,0.007648711001464285
2020-07-09,-0.005692989221806167
2020-07-10,0.010210932116749312
2020-07-13,-0.008659126620540724
2020-07-14,0.012959259950820848
2020-07-15,0.009187026835386953
2020-07-16,-0.00329355152511575
2020-07-17,0.0028991798208407075
2020-07-20,0.00808146439125997
2020-07-21,0.002127651530671727
2020-07-22,0.00569217765279623
2020-07-23,-0.011931772271031258
2020-07-24,-0.006440307463475578
2020-07-27,0.007292439710578556
2020-07-28,-0.006342340384194438
2020-07-29,0.012298239108260039
2020-07-30,-0.00356773518991873
2020-07-31,0.007902223234226164
2020-08-03,0.006952031490165413
2020-08-04,0.0038626308805869134
2020-08-05,0.006210806582571449
2020-08-06,0.006685047045381229
2020-08-07,0.0007179165729995175
2020-08-10,0.0029889584742078647
2020-08-11,-0.00825491075942967
2020-08-12,0.0
2020-08-13,-0.001807466205390423
2020-08-14,2.9514899022643635e-05
2020-08-17,0.0031768899652108314
2020-08-18,0.002159861527221375
2020-08-19,0.0
2020-08-20,0.003113469677179458
2020-08-21,0.0
2020-08-24,0.0
2020-08-25,-0.00010938099810210532
2020-08-26,0.0
2020-08-27,0.0021864044201752157
2020-08-28,0.006459472276964453
2020-08-31,-0.0036226462606208758
2020-09-01,0.0
2020-09-02,0.0
2020-09-03,-0.034414321103858204
2020-09-04,-0.008164608923992294
2020-09-08,0.0
2020-09-09,-0.00010938099810210532
2020-09-10,0.0
2020-09-11,-0.00010929342497523976
2020-09-14,0.0002187102921858008
2020-09-15,-0.0002186624684534353
2020-09-16,0.0002187102921858008
2020-09-17,0.0
2020-09-18,-0.0002186624684534353
2020-09-21,0.0
2020-09-22,0.0
2020-09-23,-0.02319099784335322
2020-09-24,0.00010930537133364101
2020-09-25,-0.00010929342497523976
2020-09-28,0.01660964816675474
2020-09-29,0.0
2020-09-30,-0.00010929342497523976
2020-10-01,0.0
2020-10-02,0.0
2020-10-05,0.0
2020-10-06,0.00010930537133364101
2020-10-07,-0.00010929342497523976
2020-10-08,0.0
2020-10-09,0.0
2020-10-12,0.00010930537133364101
2020-10-13,-0.00010929342497523976
2020-10-14,0.0
2020-10-15,-0.001235895536660221
2020-10-16,0.00010930537133364101
2020-10-19,0.0
2020-10-20,-0.00010929342497523976
2020-10-21,0.0
2020-10-22,0.00010930537133364101
2020-10-23,0.0
2020-10-26,0.0
2020-10-27,-0.00010929342497523976
2020-10-28,0.0
2020-10-29,0.00010930537133364101
2020-10-30,0.0
2020-11-02,0.0
2020-11-03,0.0
2020-11-04,-0.00010929342497523976
2020-11-05,0.019503021424366006
2020-11-06,-0.0002283408394612174
2020-11-09,0.012565479177072623
2020-11-10,-0.00010929342497523976
2020-11-11,0.0
2020-11-12,0.0
2020-11-13,0.00010930537133364101
2020-11-16,0.0
2020-11-17,0.0
2020-11-18,-0.012034618198698971
2020-11-19,0.004210267505354202
2020-11-20,-0.006848021632925339
2020-11-23,0.005994496143343271
2020-11-24,0.016113922007564858
2020-11-25,-0.0015418110495883037
2020-11-27,0.0027848604939521046
2020-11-30,-0.004427211175522586
2020-12-01,0.010937383055821521
2020-12-02,0.00010901504656535403
2020-12-03,0.0
2020-12-04,0.008617678157714312
2020-12-07,-0.00021877867550912077
2020-12-08,0.0
2020-12-09,0.0
2020-12-10,0.0
2020-12-11,0.00010901504656535403
2020-12-14,-0.004476971910819549
2020-12-15,0.013519465311057403
2020-12-16,0.0015692670847568546
2020-12-17,0.0
2020-12-18,0.0
2020-12-21,0.0
2020-12-22,0.0
2020-12-23,0.000898440031029697
2020-12-24,0.0038905203583273775
2020-12-28,0.008590887155860833
2020-12-29,-0.0019076609782127313
2020-12-30,0.0014266232639572444
2020-12-31,0.005080870096022057
2021-01-04,-0.013614022836459431
2021-01-05,0.00688728152184307
2021-01-06,0.005978799380966353
2021-01-07,0.014857372619009388
2021-01-08,0.0056977784628620964
2021-01-11,-0.006740806108896483
2021-01-12,0.00021124443541453076
2021-01-13,0.0026928410983397214
2021-01-14,0.00010901504656535403
2021-01-15,-0.007292536983952598
2021-01-19,0.0
2021-01-20,0.0
2021-01-21,0.0
2021-01-22,-0.00010900316358040054
2021-01-25,0.00010901504656535403
2021-01-26,-0.00010900316358040054
2021-01-27,0.0
2021-01-28,0.00010901504656535403
2021-01-29,0.0
2021-02-01,0.0
2021-02-02,-0.00010900316358040054
2021-02-03,0.0
2021-02-04,0.01136556121939581
2021-02-05,0.003936038564837789
2021-02-08,0.007221800303696568
2021-02-09,-0.0006658061935882636
2021-02-10,-0.0004355762732205231
2021-02-11,0.00010901504656535403
2021-02-12,-0.00010900316358040054
2021-02-16,-0.0008658499295576171
2021-02-17,0.0002294681123520783
2021-02-18,-0.00010900316358040054
2021-02-19,0.00010901504656535403
2021-02-22,-0.007691852009647068
2021-02-23,0.0012145090265313582
2021-02-24,0.011019185846208233
2021-02-25,-0.02409587511859098
2021-02-26,-0.005152435161308236
2021-03-01,-0.00010921416080565604
2021-03-02,0.0
2021-03-03,0.00010922608984139615
2021-03-04,0.0
2021-03-05,0.018396572359676785
2021-03-08,-0.004978710218144338
2021-03-09,0.014277464665160547
2021-03-10,0.0
2021-03-11,0.00010922608984139615
2021-03-12,-0.00010921416080565604
2021-03-15,0.005963460263184255
2021-03-16,0.0
2021-03-17,0.00010922608984139615
2021-03-18,-0.00010921416080565604
2021-03-19,-0.00185041982223511
2021-03-22,0.007984988195277943
2021-03-23,0.00010922608984139615
2021-03-24,-0.00010921416080565604
2021-03-25,0.0
2021-03-26,0.0
2021-03-29,0.0
2021-03-30,0.00010922608984139615
2021-03-31,-0.00010921416080565604
2021-04-01,0.00010922608984139615
2021-04-05,0.014353018812149579
2021-04-06,-0.00010942522583016807
2021-04-07,0.001157190719081991
2021-04-08,0.004746764944534598
2021-04-09,0.00727018250874101
2021-04-12,0.00036461516501343943
2021-04-13,0.002963606922903007
2021-04-14,-0.0034148987753638833
2021-04-15,0.010742381491167456
2021-04-16,0.0033423671483694822
2021-04-19,-0.004912962108373453
2021-04-20,-0.007321644580231497
2021-04-21,0.009462366240903236
2021-04-22,-0.00913329443351836
2021-04-23,0.010842271685159183
2021-04-26,0.002087733545489426
2021-04-27,-0.0002154061692766165
2021-04-28,-0.00010942522583016807
2021-04-29,0.0
2021-04-30,0.00010943720102060397
2021-05-03,0.0021568395639502344
2021-05-04,-0.006169267620662695
2021-05-05,0.00010943720102060397
2021-05-06,0.0
2021-05-07,0.007278126995053459
2021-05-10,-0.009902307855935925
2021-05-11,0.0
2021-05-12,-0.00010923804323894682
2021-05-13,0.0
2021-05-14,0.0
2021-05-17,0.00010924997749271201
2021-05-18,0.0
2021-05-19,-0.00010923804323894682
2021-05-20,0.0
2021-05-21,0.00010924997749271201
2021-05-24,-0.00010923804323894682
2021-05-25,-0.002218492128717715
2021-05-26,0.0019844538064253663
2021-05-27,0.0005249137839858224
2021-05-28,0.0017887708163857813
2021-06-01,-0.0008806609980029148
2021-06-02,0.0015724896660225536
2021-06-03,-0.003711390503030152
2021-06-04,0.00010924997749271201
2021-06-07,-0.0009702848801988476
2021-06-08,0.0002133022052297759
2021-06-09,-0.001491943682539333
2021-06-10,0.004648313481080245
2021-06-11,0.0016524419880188676
2021-06-14,0.002239253125238129
2021-06-15,-0.0018343744658278907
2021-06-16,-0.005583233598740025
2021-06-17,-0.00010924997749271201
2021-06-18,-0.013490380948713713
2021-06-21,0.014315907200983873
2021-06-22,0.0
2021-06-23,-0.0012051096463794968
2021-06-24,0.005915685335669402
2021-06-25,0.003551933869494101
2021-06-28,-0.00010924997749271201
2021-06-29,0.0005382804723118974
2021-06-30,0.0008415316440862419
2021-07-01,0.005536410359367427
2021-07-02,0.00764356006927147
2021-07-06,-0.0018216381583845758
2021-07-07,0.0035342293049605467
2021-07-08,-0.008147898632186568
2021-07-09,0.010674720405948225
2021-07-12,0.003581960599557992
2021-07-13,-0.0034090833537090944
2021-07-14,-0.00010926191435439605
2021-07-15,-0.0034154983025799766
2021-07-16,-0.007843469190764694
2021-07-19,-0.014767970019555328
2021-07-20,0.014330329417555255
2021-07-21,0.008096422003518655
2021-07-22,0.002093996928283536
2021-07-23,0.010288018015072746
2021-07-26,0.002455024431864611
2021-07-27,-0.004557525684900447
2021-07-28,-0.00041018618362031
2021-07-29,0.00414737076604741
2021-07-30,-0.004856343724032699
2021-08-02,-0.0020979463580991526
2021-08-03,0.008135207484167031
2021-08-04,-0.0049188603064989475
2021-08-05,0.006332771331086961
2021-08-06,0.0016525575689915807
2021-08-09,0.0
2021-08-10,0.0012438828701458067
2021-08-11,0.0024849701349960577
2021-08-12,0.002997013434504702
2021-08-13,0.0018197716684284616
2021-08-16,-0.0002185238287087921
2021-08-17,0.0
2021-08-18,0.0
2021-08-19,0.00021857159180988138
2021-08-20,0.007957232427453621
2021-08-23,0.008796587269100908
2021-08-24,0.0015874838669077472
2021-08-25,0.0
2021-08-26,0.00010928579590494069
2021-08-27,0.0
2021-08-30,0.00439752481408113
2021-08-31,-0.0014813732316138635
2021-09-01,0.0
2021-09-02,0.00021857159180988138
2021-09-03,-0.0002427340631110005
2021-09-07,0.0
2021-09-08,0.0
2021-09-09,0.0
2021-09-10,-0.007884395937267802
2021-09-13,0.0
2021-09-14,-0.00010927385382485383
2021-09-15,0.00835277675942637
2021-09-16,-0.001585359230110015
2021-09-17,-0.00010927385382485383
2021-09-20,0.00010928579590494069
2021-09-21,-0.00010927385382485383
2021-09-22,0.0
2021-09-23,0.00010928579590494069
2021-09-24,-0.00010927385382485383
2021-09-27,-0.002860896033312183
2021-09-28,-0.020151966419884534
2021-09-29,0.00010928579590494069
2021-09-30,0.0
2021-10-01,0.0
2021-10-04,-0.00021874693071957977
2021-10-05,0.00010949702903375
2021-10-06,0.0
2021-10-07,0.0
2021-10-08,0.0
2021-10-11,0.0
2021-10-12,-0.002461540258556445
2021-10-13,0.0
2021-10-14,-0.00010948504074706455
2021-10-15,0.00010949702903375
2021-10-18,-0.00010948504074706455
2021-10-19,0.0
2021-10-20,0.0
2021-10-21,0.0
2021-10-22,0.0
2021-10-25,0.00010949702903375
2021-10-26,-0.0002189700814941291
2021-10-27,0.0
2021-10-28,0.009648886006526901
2021-10-29,0.0
2021-11-01,0.0
2021-11-02,-0.0002189700814941291
2021-11-03,0.00610543371269067
2021-11-04,0.00010950901994608649
2021-11-05,0.003469616613394032
2021-11-08,0.0008534117226329234
2021-11-09,-0.003305304541463869
2021-11-10,-0.0080447353609995
2021-11-11,0.00010950901994608649
2021-11-12,0.0
2021-11-15,0.0
2021-11-16,0.003957910961660744
2021-11-17,-0.002429497985359481
2021-11-18,0.00010950901994608649
2021-11-19,0.0
2021-11-22,0.0
2021-11-23,-0.00010949702903375
2021-11-24,0.0026698480067104567
2021-11-26,-0.00010949702903375
2021-11-29,0.00010950901994608649
2021-11-30,-0.00010949702903375
2021-12-01,-0.011107286391303987
2021-12-02,0.01531637098307134
2021-12-03,-0.00870122107420374
2021-12-06,0.011843295345892447
2021-12-07,0.020684726375909946
2021-12-08,0.00010950901994608649
2021-12-09,-0.00010949702903375
2021-12-10,0.00010950901994608649
2021-12-13,0.0
2021-12-14,-0.00688025106763599
2021-12-15,0.0
2021-12-16,-0.00010949702903375
2021-12-17,0.00010950901994608649
2021-12-20,-0.010633323384156887
2021-12-21,-0.00010980795266659446
2021-12-22,0.0
2021-12-23,0.0
2021-12-27,0.00010982001177724953
2021-12-28,-0.00010980795266659446
2021-12-29,0.0
2021-12-30,-0.00276476560219138
2021-12-31,0.0
2022-01-03,-0.00010980795266659446
2022-01-04,0.00010982001177724953
2022-01-05,0.0
2022-01-06,0.0
2022-01-07,0.0
2022-01-10,-0.0012444239951500658
2022-01-11,0.00910823186928715
2022-01-12,0.00010923401144465469
2022-01-13,0.00010982001177724953
2022-01-14,0.0
2022-01-18,-0.017709613510025604
2022-01-19,-0.010383519432108317
2022-01-20,-0.01106805590775433
2022-01-21,-0.00010980795266659446
2022-01-24,0.00010982001177724953
2022-01-25,-0.00021901803989217298
2022-01-26,0.00010923401144465469
2022-01-27,0.00010982001177724953
2022-01-28,-0.00021901803989217298
2022-01-31,0.00021906601930232755
2022-02-01,-0.00010980795266659446
2022-02-02,0.00010982001177724953
2022-02-03,0.0
2022-02-04,-0.00021901803989217298
2022-02-07,-0.003209261362453536
2022-02-08,0.00010923401144465469
2022-02-09,0.01463620514666953
2022-02-10,-0.017965828334122073
2022-02-11,-0.019718626046219535
2022-02-14,-0.00010913434537581832
2022-02-15,0.00021839219090926307
2022-02-16,0.0011206054424795619
2022-02-17,-0.00010922208067864382
2022-02-18,0.00010923401144465469
2022-02-22,0.0
2022-02-23,-0.00010922208067864382
2022-02-24,0.0
2022-02-25,0.0
2022-02-28,0.0
2022-03-01,0.0002411918865840003
2022-03-02,0.018396246375826618
2022-03-03,0.00010930731347633627
2022-03-04,0.0
2022-03-07,0.0
2022-03-08,0.0
2022-03-09,0.0
2022-03-10,0.0
2022-03-11,-0.00010929536669342759
2022-03-14,0.00010930731347633627
2022-03-15,0.021990111037903902
2022-03-16,0.00021883787521577354
2022-03-17,0.0
2022-03-18,-0.00010929536669342759
2022-03-21,0.0
2022-03-22,0.0
2022-03-23,0.00021881391102464396
2022-03-24,0.0
2022-03-25,-0.00021876604197140081
2022-03-28,0.007112992856008731
2022-03-29,0.0
2022-03-30,0.00021881391102464396
2022-03-31,0.0
2022-04-01,0.0
2022-04-04,-0.0001094826412233923
2022-04-05,-0.00010929536669342759
2022-04-06,0.00010930731347633627
2022-04-07,0.0
2022-04-08,-0.00010929536669342759
2022-04-11,-0.017092527180145877
2022-04-12,-0.0037049738625482553
2022-04-13,0.011453628473765534
2022-04-14,-0.00010929536669342759
2022-04-18,0.000411081626217052
2022-04-19,0.016142830481306793
2022-04-20,-0.0007415658598683911
2022-04-21,0.0
2022-04-22,-0.027438990410488036
2022-04-25,0.005797599041747767
2022-04-26,-0.0001094826412233923
2022-04-27,0.0
2022-04-28,0.00021898925796914661
2022-04-29,-0.00021894131217365493
2022-05-02,0.00010949462898457331
2022-05-03,0.00458406814966234
2022-05-04,0.00021898925796914661
2022-05-05,0.0
2022-05-06,0.0
2022-05-09,-0.00010947065608682747
2022-05-10,0.0
2022-05-11,0.0
2022-05-12,0.0001094826412233923
2022-05-13,0.00010877339076143365
2022-05-16,-0.0001087615603977247
2022-05-17,0.0
2022-05-18,0.0
2022-05-19,0.0002188417028414558
2022-05-20,0.0
2022-05-23,0.0
2022-05-24,-0.00011004422981338191
2022-05-25,0.00011005634087864999
2022-05-26,0.01998122343526186
2022-05-27,0.024549208945292566
2022-05-31,-0.005610956743573935
2022-06-01,1.1453827331262216e-05
2022-06-02,0.00021851660292933757
2022-06-03,-0.00021846886385536206
2022-06-06,0.00010866071731809813
2022-06-07,-0.00010864891144944419
2022-06-08,0.00010866071731809813
2022-06-09,0.00010984394988885147
2022-06-10,-0.00021846886385536206
2022-06-13,0.00010866071731809813
2022-06-14,-0.003013209596331484
2022-06-15,0.014256353355124131
2022-06-16,0.00021958831324108566
2022-06-17,-0.00010972027006320266
2022-06-21,0.0002188671662507228
2022-06-22,0.00010931008313838208
2022-06-23,0.0
2022-06-24,-0.0002183971856426845
2022-06-27,0.0
2022-06-28,0.00021844489339261944
2022-06-29,0.00010939767867881051
2022-06-30,0.00010918664805550225
2022-07-01,-7.663130380798862e-05
2022-07-05,0.001888809124720599
2022-07-06,0.0033772974540256335
2022-07-07,0.0
2022-07-08,-0.00010928262327662149
2022-07-11,0.00010929456727364303
2022-07-12,-0.00010928262327662149
2022-07-13,0.0
2022-07-14,0.00010929456727364303
2022-07-15,-0.00010928262327662149
2022-07-18,0.0
2022-07-19,0.0
2022-07-20,0.0
2022-07-21,0.0003282818605359515
2022-07-22,-0.00927820686617501
2022-07-25,0.0012149554414480704
2022-07-26,-0.01183091186472819
2022-07-27,0.02596643160427222
2022-07-28,0.012542393263542142
2022-07-29,0.014578559200933124
2022-08-01,-0.002961008105576052
2022-08-02,-0.006597486766504944
2022-08-03,0.01565934562284915
2022-08-04,-0.0006754235321131847
2022-08-05,-0.0016902053517106371
2022-08-08,0.00010897979598107172
2022-08-09,-0.0001089679206793076
2022-08-10,0.00010897979598107172
2022-08-11,0.0
2022-08-12,0.00021922834406740263
2022-08-15,-0.00010944104452679969
2022-08-16,0.00010945302317998312
2022-08-17,0.0
2022-08-18,0.0004374659736261993
2022-08-19,0.0
2022-08-22,0.00010929383070107422
2022-08-23,-0.0002184644265601877
2022-08-24,0.00032751982334598267
2022-08-25,0.00010926997820262608
2022-08-26,0.0
2022-08-29,0.0
2022-08-30,0.00010925803957902282
2022-08-31,0.00021879015104664222
2022-09-01,0.00020772077879008008
2022-09-02,0.00010959661298815165
2022-09-06,0.0
2022-09-07,0.0001092868186398645
2022-09-08,0.00021864900324142434
2022-09-09,0.0
2022-09-12,-0.00010925098871648644
2022-09-13,0.00021872433102756474
2022-09-14,0.0
2022-09-15,0.00032781631570774937
2022-09-16,0.0
2022-09-19,0.0
2022-09-20,-0.0001093024194616231
2022-09-21,-0.01744379304789309
2022-09-22,0.00043686432769208096
2022-09-23,-0.01675492541566662
2022-09-26,-0.00989264810717535
2022-09-27,-0.0025527022339950937
2022-09-28,0.019676508435549803
2022-09-29,0.00021823955408564863
2022-09-30,0.0
2022-10-03,-0.00027308672822281974
2022-10-04,0.0003278728820581378
2022-10-05,0.0
2022-10-06,0.0002189726634923227
2022-10-07,0.0
2022-10-10,0.0001094623624810967
2022-10-11,0.0
2022-10-12,0.0
2022-10-13,0.0003276577945163675
2022-10-14,0.0
2022-10-17,0.02569712768172065
2022-10-18,0.0
2022-10-19,0.0
2022-10-20,-0.008385167097763956
2022-10-21,0.024301425490357804
2022-10-24,0.012236526123851675
2022-10-25,0.01596848970903943
2022-10-26,0.0002180405331709626
2022-10-27,0.0003275337431496219
2022-10-28,-0.00010901027278386418
2022-10-31,0.0
2022-11-01,8.794981656675771e-05
2022-11-02,0.00032812585629769174
2022-11-03,0.0003278204449794175
2022-11-04,0.0002189696307410822
2022-11-07,-0.00010931259280080706
2022-11-08,0.00010932454335009742
2022-11-09,0.0005466617999830595
2022-11-10,0.00010895652249502731
2022-11-11,0.009678641545827163
2022-11-14,-0.008506866446710375
2022-11-15,0.008529056462731926
2022-11-16,-0.007628669888828186
2022-11-17,-0.0030600719313925093
2022-11-18,0.004540436265422247
2022-11-21,-0.003635992986923994
2022-11-22,0.01345703331788668
2022-11-23,0.0063016301400033526
2022-11-25,-0.00022372569572476768
2022-11-28,-0.015956853355791664
2022-11-29,-0.0017178427840196565
2022-11-30,0.031500629561542696
2022-12-01,-0.0007358159598135639
2022-12-02,-0.0011536481821659119
2022-12-05,-0.017989268403534375
2022-12-06,-0.014414877919263524
2022-12-07,-0.001701108378555109
2022-12-08,0.0006560133721481969
2022-12-09,-0.007470020430749034
2022-12-12,0.014417069079316381
2022-12-13,0.007570046619522077
2022-12-14,-0.006393689615474901
2022-12-15,-0.02446164135176265
2022-12-16,0.0
2022-12-19,0.00012047407730538072
2022-12-20,0.00010924029183494757
2022-12-21,0.00010962197540767763
2022-12-22,0.0006563806476433367
2022-12-23,0.0
2022-12-27,0.0
2022-12-28,0.0003281225402486003
2022-12-29,0.00043791022751869156
2022-12-30,-0.00010925769321048917
2023-01-03,0.00010926963175839305
2023-01-04,-0.00010925769321048917
2023-01-05,0.0003276123671605058
2023-01-06,-0.0001092338453997276
2023-01-09,0.00021878628529279685
2023-01-10,0.007012784179742144
2023-01-11,0.012647838739545355
2023-01-12,0.0036408240968506494
2023-01-13,0.0038795131842906247
2023-01-17,-0.0018318270336247422
2023-01-18,-0.01578806361827303
2023-01-19,-0.007279971981670691
2023-01-20,0.018629365396513643
2023-01-23,0.011998413067858925
2023-01-24,-0.0010734799623314088
2023-01-25,0.00037498530603091533
2023-01-26,0.010990317175096024
2023-01-27,0.0022978742396241015
2023-01-30,-0.012546906732210608
2023-01-31,0.0001086777678703636
2023-02-01,0.010627887549920787
2023-02-02,0.01455690159248305
2023-02-03,-0.010629124038788393
2023-02-06,0.00010946879630148215
2023-02-07,0.00010926100594140986
2023-02-08,0.0
2023-02-09,0.00032794299469711283
2023-02-10,0.00010950683757170789
2023-02-13,0.0002185004411595338
2023-02-14,0.0
2023-02-15,0.00021825705065167976
2023-02-16,0.0005460615057154536
2023-02-17,0.0001092895533850142
2023-02-21,0.0
2023-02-22,0.00032744185610074025
2023-02-23,0.0003269438256570584
2023-02-24,0.00010949917558158617
2023-02-27,0.00010899884076412094
2023-02-28,0.00010927993701413032
2023-03-01,5.448752626240177e-05
2023-03-02,0.0003279814135403304
2023-03-03,0.00021864765837630883
2023-03-06,0.00010910475256593786
2023-03-07,0.0
2023-03-08,0.00021867359292422603
2023-03-09,0.00021823555625970206
2023-03-10,0.00021887069160505076
2023-03-13,-0.001425308075866352
2023-03-14,0.0001089975423881498
2023-03-15,-0.006254065578514713
2023-03-16,0.017544866510371595
2023-03-17,-0.011692763119198197
2023-03-20,0.009615526503537329
2023-03-21,0.013130747715126026
2023-03-22,-0.017046504734449436
2023-03-23,0.0027033294763378598
2023-03-24,0.006562154064048183
2023-03-27,0.0018698397436309438
2023-03-28,0.0002177146787847552
2023-03-29,0.0
2023-03-30,0.00021776454915686995
2023-03-31,-0.0002177171380824517
2023-04-03,0.003810638022084242
2023-04-04,-0.005548108819063645
2023-04-05,-0.0026184480933666267
2023-04-06,0.003901087376135542
2023-04-10,0.0010261255640155184
2023-04-11,0.00026888197261253923
2023-04-12,-0.0040763003591372015
2023-04-13,0.01328277872583034
2023-04-14,-0.0024427152664936534
2023-04-17,0.00021878809256968847
2023-04-18,0.00010888489062017805
2023-04-19,0.00010887303599156263
2023-04-20,0.000763774723713808
2023-04-21,-0.00010897200233921395
2023-04-24,0.00010898387853068013
2023-04-25,-0.00010897200233921395
2023-04-26,0.0002178707963153365
2023-04-27,0.019907995491378068
2023-04-28,0.0
2023-05-01,-0.0010096506179255945
2023-05-02,-0.00021881093794985003
2023-05-03,0.00010942941332749452
2023-05-04,-0.0070827725057233445
2023-05-05,0.018512368000316432
2023-05-08,0.00010945448466019613
2023-05-09,0.00010924880213724749
2023-05-10,0.00010933370933541374
2023-05-11,0.0006553495570435408
2023-05-12,-0.0013101906183470198
2023-05-15,0.00010903275945854351
2023-05-16,-0.00010902087261196405
2023-05-17,0.00021825901094806935
2023-05-18,0.0005462055351987247
2023-05-19,0.0
2023-05-22,0.00010894945847188862
2023-05-23,0.0
2023-05-24,0.0
2023-05-25,0.0006543021696752741
2023-05-26,0.00021831230676704397
2023-05-30,0.00010874601932588671
2023-05-31,0.00021795122373287
2023-06-01,0.0005581309131247656
2023-06-02,0.0001094217955479803
2023-06-05,0.0
2023-06-06,0.0002187231661311953
2023-06-07,0.00010909651781470897
2023-06-08,0.0005464840320760857
2023-06-09,0.00010950702175218176
2023-06-12,0.00010901309892143538
2023-06-13,0.00021858068851182114
2023-06-14,0.00021824385672449792
2023-06-15,0.0004369704767486622
2023-06-16,0.00010900232063244456
2023-06-20,0.00021798088084302373
2023-06-21,0.0
2023-06-22,0.0036097097061593025
2023-06-23,0.00010911156628787441
2023-06-26,0.00010890724662276897
2023-06-27,0.00021779077425197432
2023-06-28,0.00010916020505576212
2023-06-29,0.003941423498616204
2023-06-30,0.00032647257058407154
2023-07-03,0.0002514056275073891
2023-07-05,0.0001094338828630863
2023-07-06,-0.007830715743746075
2023-07-07,0.000109289995336448
2023-07-10,0.0002187481574932959
2023-07-11,0.00010906214237985883
2023-07-12,0.00021848447800256805
2023-07-13,0.0004369694798940294
2023-07-14,-0.0006228157146854365
2023-07-17,0.00010925469783210479
2023-07-18,0.007430435182797572
2023-07-19,0.002223646083532458
2023-07-20,-0.00663428634814391
2023-07-21,0.0
2023-07-24,0.00010925522057862332
2023-07-25,0.00010876414796370516
2023-07-26,0.0001093272217404223
2023-07-27,0.0005448518351744158
2023-07-28,0.00010915998803836342
2023-07-31,0.00010857360989157288
2023-08-01,0.00026288427319247674
2023-08-02,0.0001092032498351184
2023-08-03,0.00043733949066505077
2023-08-04,0.000219052434648241
2023-08-07,0.0
2023-08-08,0.00021823938010069997
2023-08-09,0.00010928710957108395
2023-08-10,0.0005466626474820392
2023-08-11,0.00010883325684428847
2023-08-14,0.00010929911939686758
2023-08-15,0.00010890505141751388
2023-08-16,0.0002185505475512691
2023-08-17,0.0004362415915101733
2023-08-18,0.00010929921543209465
2023-08-21,0.0001090963756236891
2023-08-22,0.00010917991188875712
2023-08-23,0.0002181451327393093
2023-08-24,0.00032695552221866466
2023-08-25,0.00021764477263894286
2023-08-28,0.00021826489042845045
2023-08-29,-0.0001089656311150168
2023-08-30,0.00411887070880149
2023-08-31,-0.0014633606725770003
2023-09-01,0.0018651692980345982
2023-09-05,0.0002188724430831641
2023-09-06,0.0
2023-09-07,0.000546394803669244
2023-09-08,0.00010935252455863551
2023-09-11,0.0
2023-09-12,0.0003278313806668557
2023-09-13,0.00010882908278392404
2023-09-14,0.0003276882804593153
2023-09-15,0.0002184189869523895
2023-09-18,0.00010885290711415067
2023-09-19,0.00010922129022378197
2023-09-20,0.0001093044095489853
2023-09-21,0.0005454169108323656
2023-09-22,0.00010932787105580234
2023-09-25,0.00010865109663527308
2023-09-26,0.0001087342572737995
2023-09-27,0.00032711684718230853
2023-09-28,0.0003269149537012867
2023-09-29,0.00010893603841380778
2023-10-02,0.00015304415546857225
2023-10-03,-0.013386170531824206
2023-10-04,0.007282212170453525
2023-10-05,0.0006556962880041151
2023-10-06,0.0
2023-10-09,0.00010917951405638857
2023-10-10,0.0
2023-10-11,0.0002185247174577748
2023-10-12,0.0004369539496771543
2023-10-13,0.0002182868507031583
2023-10-16,0.00010916694636948892
2023-10-17,0.00010906035979694325
2023-10-18,0.00010942710744208456
2023-10-19,0.0004364300908278126
2023-10-20,0.0002181671555875248
2023-10-23,0.00010877602099774474
2023-10-24,0.00010933165540137628
2023-10-25,0.00010875229999293583
2023-10-26,0.0004360965800742631
2023-10-27,0.0003266463149125668
2023-10-30,0.00010913000520517056
2023-10-31,0.0
2023-11-01,0.00030619199381153956
2023-11-02,0.0003281040994784429
2023-11-03,0.009123454289590953
2023-11-06,0.0023004174213031624
2023-11-07,0.002846190929312311
2023-11-08,0.0007322671390858927
2023-11-09,-0.007798757139632253
2023-11-10,0.015604861740171201
2023-11-13,-0.0009531810096826856
2023-11-14,0.01940077097390869
2023-11-15,0.002116945220050385
2023-11-16,0.0012232324883697798
2023-11-17,0.0012437525796122591
2023-11-20,0.007697555644982675
2023-11-21,-0.002179424355129708
2023-11-22,0.003860833928986283
2023-11-24,0.0006153298861910261
2023-11-27,-0.001800968974969464
2023-11-28,0.000990142676809332
2023-11-29,-0.0007032939705655931
2023-11-30,0.0039374269417988906
2023-12-01,0.005915794115564054
2023-12-04,-0.0052492776029515915
2023-12-05,-0.00019705638812436325
2023-12-06,-0.004029840397110588
2023-12-07,0.007630287287313065
2023-12-08,0.00429938570855341
2023-12-11,0.003889530368667887
2023-12-12,0.004567006863423797
2023-12-13,0.013790337357405306
2023-12-14,0.003209163687273661
2023-12-15,-0.001646528937640751
2023-12-18,0.0056252224748460245
2023-12-19,0.006081012715226265
2023-12-20,-0.013857393208373744
2023-12-21,0.009481878761340838
2023-12-22,0.002009729944783305
2023-12-26,0.00422253475674378
2023-12-27,0.00180810097446834
2023-12-28,0.0003777122211576639
2023-12-29,-0.0028949861196178772
2024-01-02,-0.005596317344066234
2024-01-03,-0.008166613576816313
2024-01-04,-0.0032210748737114127
2024-01-05,0.0001092807827498039
2024-01-08,0.00010926884176524563
2024-01-09,0.00010963107086732021
2024-01-10,0.00021830279027256234
2024-01-11,0.0005465729734299142
2024-01-12,0.0006925839399987619
2024-01-16,-0.0036711749975993323
2024-01-17,0.00021834479324280324
2024-01-18,0.00043678107665601304
2024-01-19,0.00010896085886926453
2024-01-22,0.00010932242038531718
2024-01-23,0.00010893707842890889
2024-01-24,0.00010883187463464085
2024-01-25,0.005438971469283332
2024-01-26,0.00010922709656561465
2024-01-29,0.00010902863414635056
2024-01-30,0.00010892349178499585
2024-01-31,-0.016317260547235517
2024-02-01,0.013088178633097525
2024-02-02,0.010527359580152348
2024-02-05,0.0
2024-02-06,0.000218946676422061
2024-02-07,0.00010926307782632983
2024-02-08,0.00043691142461438446
2024-02-09,0.00010929652603691821
2024-02-12,0.0002186622506014608
2024-02-13,0.0
2024-02-14,0.009087730494851875
2024-02-15,0.0005459049591283088
2024-02-16,0.00021863342669814517
2024-02-20,0.00010887442808383796
2024-02-21,0.00010942036860626433
2024-02-22,0.020695616160753945
2024-02-23,0.00010888423849550226
2024-02-26,0.0
2024-02-27,0.00021802345159456705
2024-02-28,0.00010903440100363659
2024-02-29,0.00043618291934804167
2024-03-01,0.00027345851223160617
2024-03-04,-0.001072337774199981
2024-03-05,0.0
2024-03-06,0.0050671912522998455
2024-03-07,0.0099264521994803
2024-03-08,-0.006002270247929443
2024-03-11,-0.0008597399461756348
2024-03-12,0.010757349449404265
2024-03-13,-0.0015675903493667831
2024-03-14,0.00043669247341245325
2024-03-15,0.00021843620060335822
2024-03-18,0.00010891640036483289
2024-03-19,0.005557211633710712
2024-03-20,0.00010925109577460277
2024-03-21,0.00032706945490676854
2024-03-22,0.00010911089887390889
2024-03-25,-0.002763013976220642
2024-03-26,0.00010907522526948241
2024-03-27,0.008403805528757429
2024-03-28,-0.00019097911240840057
2024-04-01,-0.0017396918837007437
2024-04-02,0.00021875621519031329
2024-04-03,0.0
2024-04-04,0.00043723194480159216
2024-04-05,0.00021888986265630882
2024-04-08,0.0005594350129542394
2024-04-09,0.0011566712543206754
2024-04-10,0.00021879420023657468
2024-04-11,0.0003276580195407859
2024-04-12,0.00010915280904246598
2024-04-15,0.0002181895342829729
2024-04-16,0.00010920932540643348
2024-04-17,0.00010919740003203985
2024-04-18,0.0005460196037729116
2024-04-19,0.0001090337252464411
2024-04-22,0.00021804367637858022
2024-04-23,0.00010890593484826832
2024-04-24,0.0
2024-04-25,0.0005454837748287935
2024-04-26,0.0
2024-04-29,0.00021785356962189423
2024-04-30,0.000108626889831713
2024-05-01,0.00019734809811293246
2024-05-02,0.0005467414723607047
2024-05-03,0.00010927014624631754
2024-05-06,0.010326672947620644
2024-05-07,0.0011036055685789237
2024-05-08,9.660296931104265e-05
2024-05-09,0.005761925648107558
2024-05-10,0.0012880481208704646
2024-05-13,0.00013430747168350805
2024-05-14,0.004588102052269877
2024-05-15,0.012383127726450754
2024-05-16,-0.0020574028285650667
2024-05-17,0.0014374246623611111
2024-05-20,0.0011522907357505985
2024-05-21,0.0024524661007669234
2024-05-22,-0.00287939602164649
2024-05-23,-0.007304279476561143
2024-05-24,0.0001089247912824959
2024-05-28,-0.00010891292796454939
2024-05-29,0.0002178495825649918
2024-05-30,-0.006633639160053977
2024-05-31,0.00021775466710755265
2024-06-03,0.00016401346633023443
2024-06-04,0.0011176521585258535
2024-06-05,0.011885181288487985
2024-06-06,-1.8523012498344067e-05
2024-06-07,-0.0012159762300797724
2024-06-10,0.00021848808260552027
2024-06-11,0.00010926593424936134
2024-06-12,0.008212874954501976
2024-06-13,0.0020133940666878167
2024-06-14,0.0006086168451322612
2024-06-17,0.007958942715567834
2024-06-18,0.0025404907177682544
2024-06-20,-0.002716558734568864
2024-06-21,-0.001340607917963367
2024-06-24,-0.003250510416653519
2024-06-25,0.0038507537634642555
2024-06-26,0.0012481564062453232
2024-06-27,0.00021823805370372806
2024-06-28,-0.0039350656419859876
2024-07-01,0.00035035958630007317
2024-07-02,0.006729546958287624
2024-07-03,0.00032803188440725615
2024-07-05,0.0003281978890100215
2024-07-08,0.0011536461572013836
2024-07-09,0.0009726224337997323
2024-07-10,0.009895169232495166
2024-07-11,-0.008622455249252448
2024-07-12,0.006307626323187957
2024-07-15,0.002749952888075344
2024-07-16,0.0059302267877524685
2024-07-17,-0.014021126594645978
2024-07-18,-0.007685090773571966
2024-07-19,0.0003273711198058162
2024-07-22,0.00021817598868614657
2024-07-23,-0.0015685069400011174
2024-07-24,0.000326919709556307
2024-07-25,0.0
2024-07-26,0.0005452337107564263
2024-07-29,0.0
2024-07-30,0.00010906002527466085
2024-07-31,0.00021791451807768136
2024-08-01,0.0002403078921018473
2024-08-02,0.0005472617022718309
2024-08-05,0.0
2024-08-06,0.009219487047082012
2024-08-07,0.00021864636931305013
2024-08-08,0.00010943540044645288
2024-08-09,0.00021830245614760948
2024-08-12,0.00032792649221521556
2024-08-13,0.00010936368021298169
2024-08-14,0.00010889835576177029
2024-08-15,0.00010933981418034034
2024-08-16,0.002241993397156602
2024-08-19,0.009561430105987631
2024-08-20,-0.001626172024549001
2024-08-21,0.003436683213204307
2024-08-22,-0.007848623999934023
2024-08-23,0.010625385922989625
2024-08-26,-0.0023838078459922528
2024-08-27,0.0013731820935272375
2024-08-28,-0.005805518307648967
2024-08-29,8.941712012188483e-05
2024-08-30,0.0005450838351425429
2024-09-03,0.0003936682090538262
2024-09-04,0.00010929418196966015
2024-09-05,0.00010937262865904547
2024-09-06,0.0005466225765427513
2024-09-09,0.0
2024-09-10,0.00032745110703315294
2024-09-11,0.0
2024-09-12,0.008423234396241144
2024-09-13,0.005222670911050653
2024-09-16,0.0014768156945352817
2024-09-17,0.00040862256895380966
2024-09-18,-0.002965714357998907
2024-09-19,0.017064156245996918
2024-09-20,-0.0017283842271999638
2024-09-23,0.0024986851621618717
2024-09-24,0.002861378152296959
2024-09-25,-0.0022053559610465253
2024-09-26,0.0
2024-09-27,0.00032704526495666743
2024-09-30,0.004007306781378934
2024-10-01,0.00022964240355086594
2024-10-02,0.00042196413129613313
2024-10-03,0.00021894169777043172
2024-10-04,0.0002184437444804027
2024-10-07,-0.009040484162329747
2024-10-08,0.0
2024-10-09,0.006926483704299482
2024-10-10,0.0001089372928695909
2024-10-11,0.0005460662809873051
2024-10-14,-0.00010904577396384265
2024-10-15,0.0003276225356833447
2024-10-16,0.0
2024-10-17,0.0002181337743344538
2024-10-18,0.0038467627038151022
2024-10-21,-0.0016422798462758723
2024-10-22,0.00010884890398044815
2024-10-23,0.0
2024-10-24,0.00010937585449886327
2024-10-25,0.00043601893521769656
2024-10-28,0.0
2024-10-29,0.0002178247021828333
2024-10-30,0.00010920269114194789
2024-10-31,0.00021784320690322514
2024-11-01,0.00042635224661082254
2024-11-04,-0.0021540016850669992
2024-11-05,0.0
2024-11-06,0.0002185517833708986
2024-11-07,0.00010952088734504072
2024-11-08,0.0005460210230191817
2024-11-11,-0.0001088221732835922
2024-11-12,0.00010883401683783167
2024-11-13,0.00021862956788909347
2024-11-14,0.0
2024-11-15,0.00032746971218573274
2024-11-18,0.00010876277022624983
2024-11-19,0.0003276849376901855
2024-11-20,0.00010898375068383277
2024-11-21,0.00010906134239750292
2024-11-22,0.00032723780607536935
2024-11-25,0.00010910320474566746
2024-11-26,0.005221380682413439
2024-11-27,-0.003030192099868163
2024-11-29,0.006212155049448533
2024-12-02,0.0017924309359995988
2024-12-03,0.00046394547237305837
2024-12-04,0.00620940683569032
2024-12-05,-0.0016455346383350015
2024-12-06,0.00189559172761388
2024-12-09,-0.005149673070058817
2024-12-10,-0.0031090940537520356
2024-12-11,0.007730637008498813
2024-12-12,0.00021852162137153949
2024-12-13,0.0003273985871725055
2024-12-16,0.0042697467151651
2024-12-17,0.00010887716257375625
2024-12-18,0.0
2024-12-19,0.00014238976206019886
2024-12-20,0.00043843027697150765
2024-12-23,0.0
2024-12-24,0.0002188517430035388
2024-12-26,0.00021880385739797133
2024-12-27,0.0004379573356339528
2024-12-30,0.0
2024-12-31,0.0002187492599294981
2025-01-02,0.00021887944228912826
2025-01-03,0.00010937127623731485
2025-01-06,0.00010918135075750235
2025-01-07,0.0002185168082666261
2025-01-08,0.00021864697551100503
2025-01-10,0.00032825450422808874
2025-01-13,0.00010899700969459945
2025-01-14,0.00021841473571416952
2025-01-15,0.00010922795830460433
2025-01-16,0.0
2025-01-17,0.000545902412767807
2025-01-21,0.0
2025-01-22,0.005621538331988033
2025-01-23,0.0
2025-01-24,0.00043644162351311265
2025-01-27,0.00010899623696705012
2025-01-28,0.00859241978255558
2025-01-29,-0.00448286446546619
2025-01-30,0.005366979111199046
2025-01-31,-0.005321911628030102
2025-02-03,-0.006729553403490357
2025-02-04,0.0
2025-02-05,0.004054423062778154
2025-02-06,0.0034757322910417467
2025-02-07,-0.00915361540214741
2025-02-10,0.00010936626327295648
2025-02-11,0.0007605411933127389
2025-02-12,0.0001093423659224681
2025-02-13,0.00021866082295321997
2025-02-14,-4.938059426134369e-05
2025-02-18,0.002935795846265833
2025-02-19,0.00010942395194694957
2025-02-20,0.00021829283319665688
2025-02-21,-0.017104107843856187
2025-02-24,0.0001089984020055706
2025-02-25,0.0
2025-02-26,0.00021823843455722014
2025-02-27,0.0001089627427903501
2025-02-28,0.0002181670448553036
2025-03-03,0.00020786333467606033
2025-03-04,0.0
2025-03-05,0.00010952324504911175
2025-03-06,0.00010924609060743478
2025-03-07,0.0004371133831108792
2025-03-10,0.00010927476888872242
2025-03-11,0.00010935115810207728
2025-03-12,0.00010933920173374174
2025-03-13,0.000218389567248665
2025-03-14,0.00021851846423634108
2025-03-17,0.00021811764035022755
2025-03-18,0.0
2025-03-19,0.00010934391883663013
2025-03-20,0.00021831095969550827
2025-03-21,0.00032757141131756136
2025-03-24,0.0
2025-03-25,0.00010883133665166018
2025-03-26,0.00010908404674476272
2025-03-27,0.00021814429742678785
2025-03-28,0.0003271450813062636
2025-03-31,0.0
2025-04-01,0.00022974624276325773
2025-04-02,0.00010951629656237772
2025-04-03,0.00010941620727129722
2025-04-04,0.00032786036143565844
2025-04-07,0.00010928032084209073
2025-04-08,0.0002187128572254971
2025-04-09,0.0
2025-04-10,0.00010924448678463017
2025-04-11,0.0004370182347068704
2025-04-14,0.0
2025-04-15,0.00021863361993840075
2025-04-16,0.00010889708539325922
2025-04-17,0.0004369481528650096
2025-04-21,0.00010892558580250376
2025-04-22,0.0
2025-04-23,0.00021853068092525152
2025-04-24,0.0
2025-04-25,0.007225197278295425
2025-04-28,0.00038127276311923387
2025-04-29,0.006299389544388651
2025-04-30,0.00039694175083581084
2025-05-01,0.007086868070855064
2025-05-02,0.014844136511218412
2025-05-05,0.0
2025-05-06,0.0002185669940314533
2025-05-07,0.0
2025-05-08,0.00021869475039574797
2025-05-09,0.0003278826606489041
2025-05-12,0.0
2025-05-13,0.0002185752664193047
2025-05-14,0.0
2025-05-15,0.00010908836762850045
2025-05-16,0.00043674428486214145
2025-05-19,0.0
2025-05-20,0.00021858356447917163
2025-05-21,0.00010909264883786098
2025-05-22,0.00021816149786004597
2025-05-23,0.00043657821140108584
2025-05-27,0.0
2025-05-28,0.00010892180806348846
2025-05-29,0.00010908504177055353
2025-05-30,-0.0011184010326800305
2025-06-02,0.005632815690603535
2025-06-03,0.00021899924780801702
2025-06-04,0.0
2025-06-05,-0.004832859623354348
2025-06-06,0.010269030973764423
2025-06-09,0.00021859332050511146
2025-06-10,0.00010918535573489306
2025-06-11,0.0
2025-06-12,0.003974172050062649
2025-06-13,-0.011180059785133145
2025-06-16,0.009514136167775746
2025-06-17,0.00021831499437876018
2025-06-18,-0.0001507130748305436
2025-06-20,-0.0023486812068518794
2025-06-23,0.009877590607664813
2025-06-24,0.011047186039507457
2025-06-25,0.0005603844216792087
2025-06-26,0.007823809728069984
2025-06-27,0.004968322293345539
2025-06-30,0.004781179328798333
2025-07-01,-0.0003236142841347398
2025-07-02,0.0045332655788041555
2025-07-03,0.007881400243543623
2025-07-07,-0.007451971921066907
2025-07-08,0.0
2025-07-09,0.00010935584094380278
2025-07-10,0.002820357162175432
2025-07-11,-0.0035155067463295293
2025-07-14,0.00010912194111299328
2025-07-15,0.00010945835096683857
2025-07-16,0.00021810911672599147
2025-07-17,0.0
2025-07-18,0.00043673246467359274
2025-07-21,0.00021848843764582754
2025-07-22,0.00014319543910258173
2025-07-23,0.008507476351847648
2025-07-24,0.000331029651090661
2025-07-25,0.0003273722135093049
2025-07-28,-0.00025106900474677337
2025-07-29,0.00010901852723793997
2025-07-30,-0.001259369621583909
2025-07-31,-0.0037510668874606986
2025-08-01,-0.01639061128571024
2025-08-04,0.015199864928028614
2025-08-05,-0.005070024116712923
2025-08-06,0.007659857740445151
2025-08-07,-0.0008377338742812092
2025-08-08,0.007797554830949679
2025-08-11,-0.001977404495101331
2025-08-12,0.010646077812391857
2025-08-13,0.003423132057329252
2025-08-14,9.291786892915457e-05
2025-08-15,-0.002341197926334745
2025-08-18,-0.00021771255650935607
2025-08-19,0.00021812318313795914
2025-08-20,-0.002656984608451887
2025-08-21,-0.0040118098056124716
2025-08-22,0.00032725871799886536
2025-08-25,-0.004401115665894672
2025-08-26,0.00418706521413384
2025-08-27,0.0022785484055948164
2025-08-28,0.003541324132844653
2025-08-29,-0.0059636393929621825
2025-09-02,-0.0074103476419112
2025-09-03,0.00010941983594642445
2025-09-04,0.008357320883294014
2025-09-05,-0.0028961941058495057
2025-09-08,0.002456577735978295
2025-09-09,0.002311884620151184
2025-09-10,0.0028909001882667313
2025-09-11,0.008310195052279347
2025-09-12,-0.00033463040934607905
2025-09-15,0.005323962798345287
2025-09-16,-0.0013768848246955582
2025-09-17,-0.0012424570616919016
2025-09-18,0.004672499536354359
2025-09-19,0.004952868450893295
2025-09-22,0.004730956629250427
2025-09-23,0.0
2025-09-24,-0.0031817570232212868
2025-09-25,0.0
2025-09-26,0.00032714144684413405
2025-09-29,0.00010909779832184455
2025-09-30,0.0037668347553583485
2025-10-01,0.0034075722246512683
2025-10-02,0.0011517326256852394
2025-10-03,-1.4805406382656672e-05
2025-10-06,0.003586271966467557
2025-10-07,0.0
2025-10-08,0.005963055269571302
2025-10-09,-0.002896974724933228
2025-10-10,0.00043694442727302277
2025-10-13,0.0001093607549322002
2025-10-14,-0.0012216462876413613
2025-10-15,0.0044395299096054355
2025-10-16,-0.0068101345623303375
2025-10-17,0.005676205164253079
2025-10-20,0.010400500262923327
2025-10-21,-1.4942878783183963e-05
2025-10-22,-0.005198916065879095
2025-10-23,0.005929962705964327
2025-10-24,0.008172554694480354
2025-10-27,0.011797664492784571
2025-10-28,0.0026560160190797757
2025-10-29,0.00048037063868603986
2025-10-30,0.0
2025-10-31,0.0002179721007753665
2025-11-03,0.00014215839093557507
2025-11-04,0.00010937675200575638
2025-11-05,0.00010927881143171578
2025-11-06,-0.010729453719183383
2025-11-07,0.00032785075862121134
2025-11-10,0.00021861011401754863
2025-11-11,-0.00010928116704038764
2025-11-12,0.0005563903663643598
2025-11-13,0.0001091093413060474
2025-11-14,0.00043681926849738466
2025-11-17,0.0
2025-11-18,0.00021844306934837591
2025-11-19,0.0
2025-11-20,0.00021822366792779115
2025-11-21,0.00021843354225993831
2025-11-24,0.0
2025-11-25,0.0002180426004270237
2025-11-26,0.00010904042963473515
2025-11-28,0.005458434229330838
2025-12-01,-0.004565470301164529
2025-12-02,0.00032822546036664706
2025-12-03,0.00010920115753226984
2025-12-04,0.0007311397879883586
2025-12-05,0.00021844028494759617
2025-12-08,0.00010932480622692162
2025-12-09,0.00021862571124032568
2025-12-10,0.0
2025-12-11,0.00010920331258613144
2025-12-12,0.0004366799137944693
2025-12-15,0.0
2025-12-16,0.00010931493349851273
2025-12-17,0.00010913179791598495
2025-12-18,0.00016440730012916372
2025-12-19,0.0003287605496239748
2025-12-22,0.0
2025-12-23,0.0
2025-12-24,0.00032856695961107113
2025-12-26,-0.00010140966545209113
2025-12-29,-0.0035636535074947654
2025-12-30,-0.0012212136133650188
2025-12-31,-0.0074088529688374994
2026-01-02,0.0004375918024013192
2026-01-05,0.0
2026-01-06,0.005947158299371112
2026-01-07,-0.0032234122811981305
2026-01-08,-0.0001015273142733078
2026-01-09,0.00021871384304049306
2026-01-12,0.0015704330006639244
2026-01-13,0.00010910760818962732
2026-01-14,-0.0049152529031389605
2026-01-15,0.0
2026-01-16,-0.0008379051891619938
2026-01-20,0.0
2026-01-21,0.00010937738756461009
2026-01-22,0.00010910950012749347
2026-01-23,0.0003276339861788102
2026-01-26,0.0
2026-01-27,0.00398416537847091
2026-01-28,0.00010913521426738298
2026-01-29,0.00021841711530837992
2026-01-30,0.00021819895175859833
2026-02-02,0.000153302453555066
2026-02-03,0.0
2026-02-04,0.00021879953183034755
2026-02-05,0.0
2026-02-06,0.000328212687273108
2026-02-09,0.0
2026-02-10,0.00010925479205313172
2026-02-11,0.00021882629917471832
2026-02-12,0.0
2026-02-13,0.000437301466028265
2026-02-17,0.00010917121603460531
2026-02-18,0.00010924438027424253
2026-02-19,0.0
2026-02-20,0.00032778241372912343
2026-02-23,-0.010211366038766238
2026-02-24,0.00021856339724739388
2026-02-25,0.00010908776778368687
2026-02-26,-0.00555444557920715
2026-02-27,0.00021846797336016834
2026-03-02,0.00014235561401248378
2026-03-03,0.00010944951229110375
2026-03-04,0.00010935256737651805
2026-03-05,0.00010934061070001949
2026-03-06,0.0002188272101781836
2026-03-09,0.00010930473778710647
2026-03-10,0.00010937771215115049
2026-03-11,0.0
2026-03-12,0.00021873149995126092
2026-03-13,0.0003279406076893116
2026-03-16,0.0
2026-03-17,0.00010913625780597933
2026-03-18,0.00021858811931143725
2026-03-19,0.0
2026-03-20,0.0003278105234813376
2026-03-23,0.00010923436631897402
2026-03-24,0.00010905283542036094
2026-03-25,-0.00010904094419621943
2026-03-26,0.00021819047086826495
2026-03-27,0.00032759582813834514
2026-03-30,0.00010907809432178597
2026-03-31,0.0
2026-04-01,0.00026279275736042175
2026-04-02,0.00021866814241540102
2026-04-06,0.00021887444831399336
2026-04-07,0.0001093285911880478
2026-04-08,0.0
2026-04-09,0.005769017699185538
2026-04-10,-0.0006617754265584978
2026-04-13,0.0
2026-04-14,0.012184877209840694
2026-04-15,0.007890969227043996
2026-04-16,0.0024573476469375083
2026-04-17,0.0003278683253729724
2026-04-20,-0.001999735115019452
2026-04-21,-0.0065468928485394795
2026-04-22,0.0
2026-04-23,0.00021834675985501166
2026-04-24,0.00021846818797970107
2026-04-27,0.00010912570698200812
2026-04-28,0.00010902928103894593
2026-04-29,0.0
2026-04-30,0.009949633527564741
2026-05-01,0.00032853751373659455
2026-05-04,0.00021869965694817426
2026-05-05,0.008022228723942352
2026-05-06,-0.00010935618593321403
2026-05-07,0.00021882074619985808
2026-05-08,0.0002186884384657596
2026-05-11,0.00021872504151850388
2026-05-12,0.00010921200751419123
2026-05-13,0.0
2026-05-14,0.00021873772132004164
2026-05-15,0.00021843677229928116
2026-05-18,0.0
2026-05-19,0.00021855777344036338
2026-05-20,0.00021851001637770946
2026-05-21,0.0
2026-05-22,0.0002182936485485749
2026-05-26,0.00021849889907576313
2026-05-27,0.00010914130486815731
2026-05-28,0.005516578600909887
2026-05-29,0.002491404803449221
2026-06-01,0.0027231134609037788
2026-06-02,0.0013579397972762791
2026-06-03,-0.007017182320499851
2026-06-04,0.0
2026-06-05,-0.025809371248925725
2026-06-08,0.00010934811937649518
2026-06-09,0.0
2026-06-10,0.00010942033315966363
2026-06-11,0.016996847886747966
2026-06-12,0.005408247901529478
2026-06-15,0.017633969893753335
2026-06-16,-0.005961562844234086
2026-06-17,-0.012487870885051466
2026-06-18,0.0004370942926856387
2026-06-22,-0.0031469796939627226
2026-06-23,0.0001092048140912041
2026-06-24,0.00010910883051052762
2026-06-25,0.0014456352254531687
2026-06-26,-0.0072313736168696085
2026-06-29,0.0164748623801593
2026-06-30,0.007786800986842105
2026-07-01,0.0003065311892334889
2026-07-02,0.00043761154958577226
2026-07-06,0.008727409093039805
2026-07-07,0.00021869201356075176
2026-07-08,-0.0030894297130047385
2026-07-09,0.008465250002579297
2026-07-10,0.00043740842390549493
2026-07-13,0.0
2026-07-14,0.0001093042953568156
2026-07-15,0.00010920847175912536
2026-07-16,0.00010928041488649178
2026-07-17,-0.009897156017872166
2026-07-20,0.00010916075917199803
2026-07-21,0.0
2026-07-22,0.00021854918383574357
2026-07-23,0.0
2026-07-24,0.00032754261238868745
2026-07-27,0.00010917304975710463
2026-07-28,0.00010907735553261375
2026-07-29,0.00010914922659438079
2026-07-30,0.00010913731434092789
2026-07-31,0.00032737621406200184
2026-08-03,0.00014215985867736076
2026-08-04,0.018029002715958583
2026-08-05,0.00010940902551632772
2026-08-06,0.00021871041209712148
2026-08-07,0.0003281194063423699
2026-08-10,0.0
2026-08-11,0.0001092536046369706
2026-08-12,0.00021865063117176747
2026-08-13,0.0
2026-08-14,-0.001979711546353152
2026-08-17,0.00021855507504281639
2026-08-18,0.00010917006840934195
2026-08-19,0.00010924173365210411
2026-08-20,-0.008399893367440514
2026-08-21,0.00032760583068177366
2026-08-24,0.00010919402859881003
2026-08-25,0.00010918210656474332
2026-08-26,0.00010908665982912151
2026-08-27,0.0
2026-08-28,-0.0022694852229378213
2026-08-31,0.00010913445356329001
2026-09-01,0.00010937301709224737
2026-09-02,0.00010944453766570078
2026-09-03,0.00021878164915286593
2026-09-04,0.00032814241848306403
2026-09-08,0.00010937273443682719
2026-09-09,0.0
2026-09-10,0.00010936077335000578
2026-09-11,0.0003279630359301355
2026-09-14,0.0
2026-09-15,0.00010931296426741803
2026-09-16,0.0
