date,returns
2011-11-01,0.0
2011-11-02,0.012195277466365975
2011-11-03,0.045265786029691626
2011-11-04,0.017699763711642533
2011-11-07,0.015026685345650829
2011-11-08,0.013830651257957535
2011-11-09,0.004410268816377787
2011-11-10,0.013826247517472712
2011-11-11,0.027880960069095767
2011-11-14,-0.007174329068612229
2011-11-15,0.015583122844785835
2011-11-16,-0.025824624769557852
2011-11-17,-0.03475391333540089
2011-11-18,0.00032694310960894833
2011-11-21,0.0003785442225957107
2011-11-22,-0.000820264265625311
2011-11-23,0.005374325940831412
2011-11-25,-0.011059081012152363
2011-11-28,0.053313669308697825
2011-11-29,-0.0013412987275904838
2011-11-30,0.028422952292048352
2011-12-01,0.00793086634126494
2011-12-02,-0.002101464027185816
2011-12-05,0.012959307322874102
2011-12-06,-0.002507877315177877
2011-12-07,0.018804076332987748
2011-12-08,-0.027483330875698934
2011-12-09,0.017531481678155655
2011-12-12,-0.04231708460180933
2011-12-13,-0.03583314677693868
2011-12-14,-0.024314958738141886
2011-12-15,0.0032211363333870947
2011-12-16,0.004803932855380036
2011-12-19,-0.0421704277761601
2011-12-20,0.0626237012204411
2011-12-21,-0.014487128967382508
2011-12-22,0.04917409062998679
2011-12-23,0.014160644446488378
2011-12-27,-0.0033188884042608313
2011-12-28,0.00035013768918281014
2011-12-29,0.013237468897693505
2011-12-30,-0.005644124782286382
2012-01-03,0.018641431400244733
2012-01-04,0.002200902181570024
2012-01-05,0.026770773612008483
2012-01-06,0.005410073341017697
2012-01-09,-0.0017725835644748565
2012-01-10,0.0016555777803094322
2012-01-11,0.006611021650203333
2012-01-12,0.003128605081908875
2012-01-13,-0.008665739119483262
2012-01-17,0.007599735469852179
2012-01-18,0.0802247769266974
2012-01-19,0.00310983889109226
2012-01-20,0.0009681473866052591
2012-01-23,-0.001009756693392593
2012-01-24,-0.000568289497471435
2012-01-25,0.0027125668241851208
2012-01-26,5.955736154440553e-05
2012-01-27,0.00578932160268371
2012-01-30,-0.004628490496898947
2012-01-31,0.002012865765647218
2012-02-01,-0.0014523018855686018
2012-02-02,-0.030080289233682337
2012-02-03,-0.05094732723412557
2012-02-06,-0.011025555552427912
2012-02-07,0.006665088404735591
2012-02-08,0.021057482507775303
2012-02-09,0.046016608448768294
2012-02-10,0.08372412167794015
2012-02-13,-0.0003790255357757271
2012-02-14,0.030151073743384535
2012-02-15,0.058305578144299416
2012-02-16,-0.0014503924236754135
2012-02-17,-0.0016900063043742827
2012-02-21,0.001297349496489642
2012-02-22,-0.0020424945269076795
2012-02-23,0.0032506305710600335
2012-02-24,0.0016071101309896427
2012-02-27,0.000823427777120375
2012-02-28,0.005202961480513273
2012-02-29,-0.01757469573222228
2012-03-01,0.0038695889523695376
2012-03-02,-0.00026861509593065105
2012-03-05,-0.005184924274502598
2012-03-06,-0.020074452992618872
2012-03-07,0.027685264418558255
2012-03-08,0.005208251974781741
2012-03-09,0.0020973189286493496
2012-03-12,0.00029119159386987195
2012-03-13,0.009081052358943515
2012-03-14,-0.0007574050935211349
2012-03-15,-7.948646863489969e-05
2012-03-16,-0.0020677228136885503
2012-03-19,-0.0021648708258916803
2012-03-20,-0.048402424094063104
2012-03-21,-0.046271511542780475
2012-03-22,0.009398722599102665
2012-03-23,-0.0003316620256526093
2012-03-26,0.0001482784176513206
2012-03-27,0.0993931126532399
2012-03-28,0.00631279918909299
2012-03-29,-0.0017355595289218933
2012-03-30,-0.0010183891123213837
2012-04-02,0.005280445111600601
2012-04-03,-0.0005021098916752199
2012-04-04,-0.00021150472418867599
2012-04-05,0.006823554426232795
2012-04-09,-0.02109598115689749
2012-04-10,-0.02373314014848871
2012-04-11,0.021634277644196665
2012-04-12,0.025644571396627448
2012-04-13,-0.02545691486361073
2012-04-16,-0.004788909699085962
2012-04-17,0.033432271829361204
2012-04-18,-0.013981511641441766
2012-04-19,-0.022046435184142503
2012-04-20,-0.03601049419446578
2012-04-23,-0.02233377397080699
2012-04-24,-0.014254386488657619
2012-04-25,0.045426034011636925
2012-04-26,0.035361301615519765
2012-04-27,0.003429967449478045
2012-04-30,-0.011633245110351707
2012-05-01,0.006642568577405491
2012-05-02,0.008284113416611966
2012-05-03,-0.0408885323585877
2012-05-04,-0.04388515709487725
2012-05-07,-0.0024076008209546994
2012-05-08,-0.010123008437335611
2012-05-09,-0.005627248753027277
2012-05-10,-0.006998945910634189
2012-05-11,0.009734948131395122
2012-05-14,-0.018734534095184253
2012-05-15,-0.009813372595915627
2012-05-16,-0.023875633157291788
2012-05-17,-0.06697151264518503
2012-05-18,-0.04763506433914873
2012-05-21,0.036875007331255136
2012-05-22,-0.01030048075191518
2012-05-23,0.006843212528127182
2012-05-24,-0.022848578038237373
2012-05-25,0.017063320181197567
2012-05-29,0.027499424157210215
2012-05-30,-0.013857934099588257
2012-05-31,-0.018832815763472947
2012-06-01,-0.07115044985096336
2012-06-04,0.003844461065938936
2012-06-05,0.034948360203888564
2012-06-06,0.03229315594210112
2012-06-07,-0.022023758661297733
2012-06-08,0.022871193691013217
2012-06-11,-0.027470516124468543
2012-06-12,0.03261042148551878
2012-06-13,-0.010572694966018748
2012-06-14,-0.002542729509228264
2012-06-15,0.02084503838500777
2012-06-18,0.025586997566636113
2012-06-19,0.01271697184025385
2012-06-20,0.00021144187027111766
2012-06-21,-0.012384290207062196
2012-06-22,0.021417174534883867
2012-06-25,-0.05788423918474963
2012-06-26,0.0075993240366622845
2012-06-27,0.02290064223433036
2012-06-28,-0.02131146774597541
2012-06-29,0.05771150017130798
2012-07-02,0.0016344231382052204
2012-07-03,0.026979283108523624
2012-07-05,0.00048602363229184966
2012-07-06,-0.042814920727256414
2012-07-09,-0.017780871042792107
2012-07-10,-0.03849280455781912
2012-07-11,-0.017303706924618852
2012-07-12,-0.02557784819090286
2012-07-13,0.019767601015513427
2012-07-16,-0.016437567646386212
2012-07-17,-0.0031121695476614346
2012-07-18,0.051668414411065504
2012-07-19,0.03502266752466304
2012-07-20,-0.030437358935923153
2012-07-23,-0.02016929344575057
2012-07-24,-0.008603730793318658
2012-07-25,0.020380495583180572
2012-07-26,0.03024261634082686
2012-07-27,0.04594691484836312
2012-07-30,0.0016984539990209343
2012-07-31,0.009945270008276903
2012-08-01,-0.00018631617261950458
2012-08-02,-0.005804025841425213
2012-08-03,0.02505098293326707
2012-08-06,0.0005700389321907755
2012-08-07,-0.00026076513649053224
2012-08-08,0.0006160192949738444
2012-08-09,0.0017176440644709446
2012-08-10,-0.0001956176178991569
2012-08-13,-0.0018038575455074524
2012-08-14,-0.0010340184219280884
2012-08-15,0.0012556152594323119
2012-08-16,-9.441767825999186e-06
2012-08-17,-0.028083216868850878
2012-08-20,0.0019284640496184408
2012-08-21,0.02309700917390415
2012-08-22,0.0012016298463388819
2012-08-23,0.0013683897324773449
2012-08-24,0.00099363742474943
2012-08-27,-0.0006231664723931491
2012-08-28,5.9392073808468414e-05
2012-08-29,0.0
2012-08-30,-0.004984636800858942
2012-08-31,0.02295372425818362
2012-09-04,-0.012186967712052835
2012-09-05,-0.011652467590084342
2012-09-06,0.06414716306357816
2012-09-07,-0.0006006563744184214
2012-09-10,-0.02631533406868121
2012-09-11,0.006402284342735955
2012-09-12,0.002793436866078192
2012-09-13,0.015257810528859855
2012-09-14,0.018122579589690845
2012-09-17,-0.00780292399005805
2012-09-18,0.002389219115011826
2012-09-19,-0.001079360866988452
2012-09-20,-0.011702646445227376
2012-09-21,0.0006463809780030541
2012-09-24,-0.022279190959435827
2012-09-25,-0.036420712669603214
2012-09-26,-0.008322926710463889
2012-09-27,0.032170376850776006
2012-09-28,-0.01783093746553733
2012-10-01,-0.004959164004610699
2012-10-02,0.010348670426712643
2012-10-03,-0.004996135720617482
2012-10-04,0.013162993604094049
2012-10-05,-0.0046813661034079065
2012-10-08,-0.01646047666042418
2012-10-09,-0.021983404897873118
2012-10-10,-0.020780743208009857
2012-10-11,0.0027537737525167535
2012-10-12,-0.009730306725990158
2012-10-15,0.018803913138492584
2012-10-16,0.030448473673282937
2012-10-17,-0.004968285414541575
2012-10-18,0.0006453491195137523
2012-10-19,-0.03509558098187831
2012-10-22,0.011920255363425322
2012-10-23,0.003914195401059365
2012-10-24,-0.007794913907522466
2012-10-25,-0.0037683031020304815
2012-10-26,0.0031544164673898284
2012-10-31,-0.0048638811440953255
2012-11-01,0.04506625069900132
2012-11-02,-0.024142057937946673
2012-11-05,0.010011231595686274
2012-11-06,0.008728874058491707
2012-11-07,-0.05104131077978166
2012-11-08,-0.02944662595062251
2012-11-09,0.014366721297799359
2012-11-12,-0.00204988607949666
2012-11-13,-0.01956110516681283
2012-11-14,-0.031506128184140364
2012-11-15,-0.006156720911215187
2012-11-16,0.00780719702306441
2012-11-19,0.07477845425388868
2012-11-20,-0.005766841177791412
2012-11-21,0.007756071996051925
2012-11-23,0.031135117651852784
2012-11-26,0.008286629864104007
2012-11-27,-0.00850589404619988
2012-11-28,0.012641714924825487
2012-11-29,0.010790456637597041
2012-11-30,-0.0027887773187655587
2012-12-03,-0.0027363041217200092
2012-12-04,-0.003850049228953619
2012-12-05,-0.02055217908550843
2012-12-06,0.012834326604455559
2012-12-07,-0.010649302693359085
2012-12-10,0.005719159385590973
2012-12-11,0.02681545944702741
2012-12-12,-0.00444538096435013
2012-12-13,-0.014346054002622727
2012-12-14,-0.019631809955067227
2012-12-17,0.02498555576376831
2012-12-18,0.01811101542977887
2012-12-19,-0.000394519224213231
2012-12-20,-0.0021331117863667656
2012-12-21,0.0024050359456335635
2012-12-24,0.0002586480349491267
2012-12-26,-0.007484949387853862
2012-12-27,-0.0024013274485306674
2012-12-28,-0.014738163499381347
2012-12-31,0.034013344080704326
2013-01-02,0.06073014842810122
2013-01-03,0.0008364251770769898
2013-01-04,-0.0006574870588327326
2013-01-07,-0.002061602354598315
2013-01-08,0.0016059364424742136
2013-01-09,0.0029046577983283754
2013-01-10,0.005977615428022493
2013-01-11,0.001113949310239262
2013-01-14,-0.011031183761743701
2013-01-15,-0.007845414381319292
2013-01-16,0.008949681836370267
2013-01-17,0.00775381151663118
2013-01-18,-0.003574635361518516
2013-01-22,0.004378977257204502
2013-01-23,0.019502448851921407
2013-01-24,-0.03322593500022128
2013-01-25,0.005244963578275728
2013-01-28,0.02775789501183766
2013-01-29,0.00013342888245045475
2013-01-30,0.06429288732758955
2013-01-31,-0.0005312971729564922
2013-02-01,0.018041124401987938
2013-02-04,0.0023732830795381013
2013-02-05,0.021773650999642243
2013-02-06,-0.0003113070299967083
2013-02-07,0.002357242034029455
2013-02-08,0.017703108379687735
2013-02-11,0.001750720311387922
2013-02-12,-0.0021772481572412726
2013-02-13,0.0017086987270783377
2013-02-14,-8.767954621930813e-05
2013-02-15,-0.0014123882955177983
2013-02-19,0.00354957387930778
2013-02-20,-0.00770877589823978
2013-02-21,-0.005146589926881471
2013-02-22,0.019731368265193245
2013-02-25,-0.024924792304141314
2013-02-26,0.007891541451927152
2013-02-27,0.020307063839906176
2013-02-28,-0.0029155286315421364
2013-03-01,0.007290442771445114
2013-03-04,0.006375027436586553
2013-03-05,0.028851363387478336
2013-03-06,-0.001296801558962375
2013-03-07,0.001195322725643648
2013-03-08,0.0028108827180918514
2013-03-11,-0.0006064912365069915
2013-03-12,0.0010560306679287357
2013-03-13,0.0008410995779647818
2013-03-14,-0.0014240502308788883
2013-03-15,-0.0011356047569779722
2013-03-18,0.003631887212549135
2013-03-19,-0.004070392666824435
2013-03-20,0.023176025696256347
2013-03-21,-0.005616739548005995
2013-03-22,0.0205475868305936
2013-03-25,-0.001822464914199826
2013-03-26,0.0027607759998272145
2013-03-27,0.0007746745770277147
2013-03-28,0.010283575937352022
2013-04-01,-0.014296663653684708
2013-04-02,-0.010390644414827035
2013-04-03,-0.03412575168803413
2013-04-04,0.018411842819249347
2013-04-05,-0.011287104936143802
2013-04-08,0.020590473093199526
2013-04-09,0.014097631466423283
2013-04-10,0.04185435643518516
2013-04-11,-0.005205915897220589
2013-04-12,-0.007890480569241031
2013-04-15,-0.04579974035259024
2013-04-16,0.03623748411956406
2013-04-17,-0.05920752853466378
2013-04-18,-0.020197866465139075
2013-04-19,0.009044904282111556
2013-04-22,0.01594098658334541
2013-04-23,0.02338067352435947
2013-04-24,7.240940897291603e-05
2013-04-25,0.00852184006477547
2013-04-26,-0.0020195613738473277
2013-04-29,0.026047932184528742
2013-04-30,0.019244896006427224
2013-05-01,-0.01640044254834214
2013-05-02,0.026845393628401992
2013-05-03,0.020417999968909306
2013-05-06,0.0009692068262558422
2013-05-07,-0.001033479384049407
2013-05-08,-0.0005941557810585205
2013-05-09,0.002901932558402023
2013-05-10,0.001473494459630849
2013-05-13,-5.190859478751918e-05
2013-05-14,0.0013108004380948108
2013-05-15,-0.0006734447264584839
2013-05-16,0.009504107953095356
2013-05-17,0.0005463406911258789
2013-05-20,0.014219015464280713
2013-05-21,0.007853734198498791
2013-05-22,0.011951462773764484
2013-05-23,-0.0008812286517004568
2013-05-24,-0.00039053508625630756
2013-05-28,0.0029136415481110065
2013-05-29,-0.001410444152877454
2013-05-30,-0.00043481541585557986
2013-05-31,-0.001838778506143481
2013-06-03,0.0001498946129667852
2013-06-04,-0.0011139292273182428
2013-06-05,-0.0002993743146173498
2013-06-06,0.010313745514329418
2013-06-07,-0.0028284436710595577
2013-06-10,0.0006502078614279688
2013-06-11,-0.005030596562217195
2013-06-12,-0.00580289235280685
2013-06-13,-0.0014411173542897586
2013-06-14,0.0007446761588023901
2013-06-17,0.012536643086213719
2013-06-18,0.010649209549804528
2013-06-19,0.0011528951044499226
2013-06-20,-0.005069188504854973
2013-06-21,0.0035941970126736025
2013-06-24,-0.001059560195456845
2013-06-25,0.0001329560289590289
2013-06-26,-0.0030978216556831546
2013-06-27,-0.0022834070933273063
2013-06-28,0.00405876258745397
2013-07-01,0.0014697253103930449
2013-07-02,0.0014441736740074414
2013-07-03,-0.0008443275940048915
2013-07-05,0.0032842845362140685
2013-07-08,0.0008500729487666283
2013-07-09,0.0025794513899212662
2013-07-10,-0.002108420963625698
2013-07-11,-0.002067612687030044
2013-07-12,0.0004107204475131732
2013-07-15,0.0006183049406831384
2013-07-16,-0.0018221701723250409
2013-07-17,-0.0006468652956766931
2013-07-18,0.0013221441275911186
2013-07-19,-0.004937679573443382
2013-07-22,0.006407854954804419
2013-07-23,-0.010087689809980854
2013-07-24,0.01102565099041335
2013-07-25,0.01210321385510536
2013-07-26,-0.010970752198772154
2013-07-29,-0.00904641634457276
2013-07-30,0.01909038521382949
2013-07-31,0.008053659360277422
2013-08-01,0.0322255082179251
2013-08-02,-0.0019280065480585093
2013-08-05,-0.0035447441116336067
2013-08-06,-0.013030052662164652
2013-08-07,-0.01649868001691866
2013-08-08,0.004046231268488946
2013-08-09,-0.00933362668864026
2013-08-12,0.006619565044590809
2013-08-13,0.019299650597016688
2013-08-14,-0.0018804807691884422
2013-08-15,-0.042742764014981935
2013-08-16,0.00660160480294123
2013-08-19,-0.010966484533469503
2013-08-20,0.008849292334812981
2013-08-21,-0.009785203484190777
2013-08-22,0.018466264251431868
2013-08-23,0.0014090935282942314
2013-08-26,0.0007238798533075461
2013-08-27,0.00036720876911334
2013-08-28,0.018006824943879195
2013-08-29,0.022610479516629055
2013-08-30,-0.009286575545905257
2013-09-03,0.010404877534168223
2013-09-04,0.01796011055956008
2013-09-05,0.0003719655790059007
2013-09-06,0.0004451097499660144
2013-09-09,-0.0019090017931984594
2013-09-10,-0.0024796850697480655
2013-09-11,-0.0010964549454751675
2013-09-12,-0.004283977541193808
2013-09-13,-0.00016545091420357188
2013-09-16,-0.0019219434638313587
2013-09-17,0.0035181742541704284
2013-09-18,0.006660255455108181
2013-09-19,-0.005020782348722941
2013-09-20,-0.0016563015724636626
2013-09-23,-0.0008921161069504084
2013-09-24,-0.0032672277401330587
2013-09-25,-0.006287533924466719
2013-09-26,0.009496928212685347
2013-09-27,-0.007308945971277778
2013-09-30,-0.0085400432940015
2013-10-01,0.0177248037539213
2013-10-02,-0.0022225122568014636
2013-10-03,-0.019018116386705135
2013-10-04,0.015015539064375244
2013-10-07,-0.01263453435193786
2013-10-08,-0.027596154671817023
2013-10-09,0.005986040359984691
2013-10-10,0.04308091625741682
2013-10-11,0.015704512885026018
2013-10-14,0.0033568791544566377
2013-10-15,-0.0017736514697750166
2013-10-16,0.005850151089896319
2013-10-17,0.0030610474229497637
2013-10-18,0.03335798979599871
2013-10-21,0.0010951982730559805
2013-10-22,0.0011442328139988536
2013-10-23,-0.05241888667241265
2013-10-24,0.01388486933412619
2013-10-25,0.009039842068888335
2013-10-28,0.010041758549737878
2013-10-29,0.022239774844857993
2013-10-30,-0.007802661814795137
2013-10-31,0.007235584050734726
2013-11-01,-0.00532519523857358
2013-11-04,-0.00020892873266011545
2013-11-05,-0.0038973196759985226
2013-11-06,0.004972423809995817
2013-11-07,-0.028175412338581913
2013-11-08,0.01670022264644173
2013-11-11,-0.001798898381731302
2013-11-12,0.007117407778307356
2013-11-13,0.01367416434363122
2013-11-14,0.0018794477397598905
2013-11-15,0.008854431749766054
2013-11-18,-0.015685422897304395
2013-11-19,-0.01753643564646203
2013-11-20,-0.008755856348001596
2013-11-21,0.025780068031385793
2013-11-22,-0.0006763617054380137
2013-11-25,-0.0006369573064356235
2013-11-26,0.01097297885404315
2013-11-27,0.006725282668710452
2013-11-29,0.0009106533719603575
2013-12-02,-0.0049252040913816955
2013-12-03,-0.0007032754967120202
2013-12-04,0.0003503613639079938
2013-12-05,-0.0005845858650643336
2013-12-06,0.003453097523983212
2013-12-09,0.00204308265492887
2013-12-10,-0.00017293448766838356
2013-12-11,-0.006634161211301698
2013-12-12,-0.0014662775229071462
2013-12-13,-0.0005278231113807799
2013-12-16,0.022914501293949268
2013-12-17,-0.0008780302135190345
2013-12-18,0.031776500698352125
2013-12-19,-0.0016888851295019432
2013-12-20,0.004914564517257785
2013-12-23,0.005221869551155213
2013-12-24,5.463558752036055e-05
2013-12-26,0.00162271022325505
2013-12-27,-0.0010349140426683774
2013-12-30,-0.0006326915598813705
2013-12-31,0.0031766545810045232
2014-01-02,-0.00374331297066735
2014-01-03,-0.0038143876242089344
2014-01-06,-0.0017993562205697875
2014-01-07,0.004652401528392321
2014-01-08,0.0006291229158469917
2014-01-09,-0.001559830325008948
2014-01-10,0.002092442581692129
2014-01-13,-0.007345181757263596
2014-01-14,0.038158521195945413
2014-01-15,0.0039298659944519134
2014-01-16,0.0001746734256821623
2014-01-17,-0.002840143174107447
2014-01-21,0.0037602629912066466
2014-01-22,0.0010708656449921234
2014-01-23,-0.001232651293986542
2014-01-24,-0.009714899565621724
2014-01-27,-0.011961522461951897
2014-01-28,0.008485195395369525
2014-01-29,-0.0203535533202037
2014-01-30,0.026144371225281963
2014-01-31,-0.0106631894444362
2014-02-03,-0.04522729881834715
2014-02-04,0.013601559741699732
2014-02-05,-0.002998057445748997
2014-02-06,0.025414344898182683
2014-02-07,0.028537042133093795
2014-02-10,0.005135085090010002
2014-02-11,0.0218146682036295
2014-02-12,0.0017851513762212443
2014-02-13,-0.0006190607926153835
2014-02-14,0.008712381276639347
2014-02-18,-0.00024789536056718704
2014-02-19,-0.013728623646159649
2014-02-20,0.010607497388062985
2014-02-21,-0.0006069859907777374
2014-02-24,0.010101261685763065
2014-02-25,-0.0006121989408457125
2014-02-26,-0.00020615199510699603
2014-02-27,0.015009319445671254
2014-02-28,-0.0005529517455586275
2014-03-03,-0.003424090785493757
2014-03-04,0.027733065569820036
2014-03-05,0.0015539382759986137
2014-03-06,-0.0007350641853853662
2014-03-07,-0.002832573881174772
2014-03-10,0.0002744368614240884
2014-03-11,0.000667075757704666
2014-03-12,0.0008321584003964684
2014-03-13,0.0008839797369453782
2014-03-14,-0.008719231159736763
2014-03-17,0.014934074924524058
2014-03-18,0.0061556050197715045
2014-03-19,-0.0035459173280624444
2014-03-20,0.0014526011117600515
2014-03-21,-0.005993565305633413
2014-03-24,-0.0046193828102197194
2014-03-25,0.0016969994957980908
2014-03-26,-0.006057118287486224
2014-03-27,-0.011665686749248092
2014-03-28,0.004222441083386789
2014-03-31,0.013494278048158512
2014-04-01,0.035914696759519
2014-04-02,0.001111320121638793
2014-04-03,-0.003859292517509756
2014-04-04,-0.012856126492380056
2014-04-07,-0.019740938928251232
2014-04-08,0.018488421479548843
2014-04-09,0.03416868697228335
2014-04-10,-0.062079728192420684
2014-04-11,-0.02306765667790915
2014-04-14,0.0149312245904544
2014-04-15,0.006568722463415216
2014-04-16,0.025794799274382343
2014-04-17,0.0003749660794830784
2014-04-21,0.014991145497653947
2014-04-22,0.01622944176728315
2014-04-23,-0.00416145396976846
2014-04-24,0.019541522820305943
2014-04-25,-0.03229248921162881
2014-04-28,0.006961448802289695
2014-04-29,0.01501025663495694
2014-04-30,0.011422612685177518
2014-05-01,0.00597260041326266
2014-05-02,0.002099930905997568
2014-05-05,0.005023924144251596
2014-05-06,-0.012440031637999591
2014-05-07,-0.005936480761217711
2014-05-08,-0.0021692830184278176
2014-05-09,0.007676468678073054
2014-05-12,0.032608163527119635
2014-05-13,0.0014029420725260406
2014-05-14,-0.010116063453907352
2014-05-15,-0.021457612299309356
2014-05-16,0.017900259490264823
2014-05-19,0.019461666974182962
2014-05-20,-0.00890976510556475
2014-05-21,0.017233733478148803
2014-05-22,0.00952936790174513
2014-05-23,0.017113313173359995
2014-05-27,0.025533023090802562
2014-05-28,0.00014489880020409815
2014-05-29,0.010972550477274572
2014-05-30,0.0021169076316811405
2014-06-02,0.007635403122966506
2014-06-03,-0.000337351656059543
2014-06-04,0.00029221852525545156
2014-06-05,-0.0006727331191068035
2014-06-06,1.0940436272885772e-05
2014-06-09,0.01164032959622921
2014-06-10,-0.017005506016649876
2014-06-11,0.021629995596589482
2014-06-12,0.0514270508598468
2014-06-13,2.2195265722377506e-05
2014-06-16,0.0003149257284946274
2014-06-17,-0.00014341450947274553
2014-06-18,0.0032268762412946557
2014-06-19,-0.0003830793669234923
2014-06-20,0.0005892869607061045
2014-06-23,0.0001081598253854889
2014-06-24,-0.00031017384158781903
2014-06-25,0.003248264414362588
2014-06-26,0.0003870049198527412
2014-06-27,0.002327372068306339
2014-06-30,0.0009185457548493359
2014-07-01,-0.02481255389049962
2014-07-02,-0.010957438044264975
2014-07-03,-0.012719637723855483
2014-07-07,0.018599914666514793
2014-07-08,0.016772552902038194
2014-07-09,0.003772028129817171
2014-07-10,-0.0013493373907194888
2014-07-11,0.003345991213245741
2014-07-14,0.002945029387580688
2014-07-15,-0.0019706660691820653
2014-07-16,0.0019423325274801732
2014-07-17,-0.006264188786651601
2014-07-18,0.02315754142502047
2014-07-21,-0.0005649617904140707
2014-07-22,0.003176921024030851
2014-07-23,0.0033991050342335677
2014-07-24,-0.013214397154522047
2014-07-25,-0.031699282891218164
2014-07-28,-0.0013809869700914272
2014-07-29,-0.0031160437387275893
2014-07-30,0.016130918050274008
2014-07-31,-0.009868665452010629
2014-08-01,0.005639304999131808
2014-08-04,0.014196959809130792
2014-08-05,-0.01873733604169491
2014-08-06,0.00014036254518917554
2014-08-07,-0.00979202293101033
2014-08-08,0.020963567918183625
2014-08-11,0.01803183194820831
2014-08-12,-0.002121963641080233
2014-08-13,0.01977935302612083
2014-08-14,0.005266014801935643
2014-08-15,0.01773026136848109
2014-08-18,0.010553485785295795
2014-08-19,0.013765590823316095
2014-08-20,0.012800767790127388
2014-08-21,0.0010132842380603732
2014-08-22,0.0006424215334316404
2014-08-25,0.0015927864124468218
2014-08-26,0.0006824696105523302
2014-08-27,0.005992573005031242
2014-08-28,0.01847708326269871
2014-08-29,0.00209716436327521
2014-09-02,0.0010314711369372388
2014-09-03,-0.011705259232007771
2014-09-04,-0.0005114773565502187
2014-09-05,0.0008267018354776768
2014-09-08,0.0003277404676908526
2014-09-09,-0.0007900335317411111
2014-09-10,2.9694183271147638e-05
2014-09-11,-0.0005012849476504207
2014-09-12,-0.0016666809736850762
2014-09-15,0.0005291054305984361
2014-09-16,0.025568185076497732
2014-09-17,-1.6650070594900366e-05
2014-09-18,-0.001186369779754021
2014-09-19,0.0009177643249054165
2014-09-22,-0.0002636426977636177
2014-09-23,0.0010811733831353392
2014-09-24,0.017227686666282285
2014-09-25,-0.010161347781629158
2014-09-26,0.017537442241684596
2014-09-29,-0.003780360365704975
2014-09-30,-0.0034081774313683396
2014-10-01,-0.028081756682972144
2014-10-02,-0.0003064858974988309
2014-10-03,0.02134257830460596
2014-10-06,-0.013141723812483547
2014-10-07,-0.0349451912884801
2014-10-08,0.0419193053201262
2014-10-09,-0.047728338958155175
2014-10-10,-0.11210345532914054
2014-10-13,-0.0365390787995665
2014-10-14,0.029156011357684326
2014-10-15,-0.0036477463396885398
2014-10-16,0.022110521575782655
2014-10-17,0.01998912170285705
2014-10-20,0.023759196578361327
2014-10-21,0.05627298270562503
2014-10-22,-0.021817601473990315
2014-10-23,0.029150617152595575
2014-10-24,0.01532970644327654
2014-10-27,0.003963131885492145
2014-10-28,0.021891535085458495
2014-10-29,0.002107204966707254
2014-10-30,0.0012294247827736768
2014-10-31,0.06503599567408481
2014-11-03,0.0014144858270501329
2014-11-04,-0.0017340853580331728
2014-11-05,-6.813400439049718e-05
2014-11-06,0.0014599205630424338
2014-11-07,-8.981391279460623e-05
2014-11-10,0.0014218053837631766
2014-11-11,0.001516865122530224
2014-11-12,0.001061457256911138
2014-11-13,0.002276997147324848
2014-11-14,0.0018024799528274205
2014-11-17,-0.0015752074993054465
2014-11-18,0.0037121644544374378
2014-11-19,0.024964247139420855
2014-11-20,0.0023469712710778726
2014-11-21,0.0010841802486930697
2014-11-24,-0.022883201360063277
2014-11-25,-0.003568908763392257
2014-11-26,-0.018631291775113048
2014-11-28,0.02590188477891009
2014-12-01,0.041687864850850374
2014-12-02,0.0017086313880340857
2014-12-03,0.0006686391144152124
2014-12-04,5.714919270407491e-05
2014-12-05,-0.0008952272257581272
2014-12-08,-0.0036317786136758463
2014-12-09,0.0017549161802342698
2014-12-10,-0.007463113861228066
2014-12-11,0.009268864959923564
2014-12-12,-0.004970108771987889
2014-12-15,-0.0163457944513642
2014-12-16,-0.019149646876752212
2014-12-17,0.056284786305449475
2014-12-18,0.05528170261413495
2014-12-19,0.0007868110415492278
2014-12-22,-0.0020640087529604284
2014-12-23,0.0015627998396486756
2014-12-24,-0.0001810613853393563
2014-12-26,0.002299450972541733
2014-12-29,0.00010592859394886463
2014-12-30,0.0009496293858796099
2014-12-31,-0.0007417705812275165
2015-01-02,0.004678214157075957
2015-01-05,-0.02983820473300805
2015-01-06,-0.026320866262042088
2015-01-07,0.03846994885722201
2015-01-08,0.04148329834599139
2015-01-09,-0.008040338771863706
2015-01-12,-0.020581291498280602
2015-01-13,-0.0005776719578495705
2015-01-14,-0.01038953764880174
2015-01-15,-0.026130613363160457
2015-01-16,0.02332608235299257
2015-01-20,0.014902022398200383
2015-01-21,0.003994743333224094
2015-01-22,0.03428049746104951
2015-01-23,0.001490383923452511
2015-01-26,0.003597412409844002
2015-01-27,-0.05712811075760001
2015-01-28,-0.004995899127726443
2015-01-29,0.018493245024230588
2015-01-30,-0.020679411877341618
2015-02-02,0.00892601096368367
2015-02-03,0.03178440139438293
2015-02-04,0.008755822627599942
2015-02-05,0.011464002690984772
2015-02-06,-0.007361256983125496
2015-02-09,0.0003681374155929306
2015-02-10,-0.0006347447461349525
2015-02-11,-0.0005614229089277987
2015-02-12,-0.002756254244363945
2015-02-13,0.00071328951746111
2015-02-17,-0.0032700344892564624
2015-02-18,0.001170167672651747
2015-02-19,0.0004108088468038249
2015-02-20,-0.001211711900507338
2015-02-23,0.0014018619394210012
2015-02-24,-0.0004972533110337032
2015-02-25,-0.00010450185688365605
2015-02-26,0.0035943287888911828
2015-02-27,0.0004342225141185312
2015-03-02,0.004112950858351887
2015-03-03,-0.0005773724067584731
2015-03-04,0.0011753261089146858
2015-03-05,0.0015019017525010332
2015-03-06,-0.001632646386377948
2015-03-09,0.00041051021377757724
2015-03-10,0.0026241281714403236
2015-03-11,-0.0012220651575161185
2015-03-12,0.017209042812500994
2015-03-13,-0.005036206499280453
2015-03-16,0.014924832811275877
2015-03-17,-0.00010776291356435217
2015-03-18,-8.161942531377878e-05
2015-03-19,-0.001649352488218562
2015-03-20,0.011808524680930313
2015-03-23,-0.000965735341533771
2015-03-24,-0.006033865444835881
2015-03-25,-0.033453073234329764
2015-03-26,-0.022324732263135947
2015-03-27,0.042267705005627765
2015-03-30,0.02306581948851129
2015-03-31,-0.01901625659469921
2015-04-01,-0.007390311672656487
2015-04-02,0.0032735208607979323
2015-04-06,0.01124204811867065
2015-04-07,0.0004237747276834478
2015-04-08,0.012994601125118382
2015-04-09,0.022713465805590295
2015-04-10,0.0068180248633117
2015-04-13,-0.005326395750868033
2015-04-14,-0.01602686630961311
2015-04-15,0.028073745490461977
2015-04-16,-0.007037933817272821
2015-04-17,-0.02925282615305941
2015-04-20,0.03337188845649907
2015-04-21,0.013062672564672868
2015-04-22,0.02358860318966689
2015-04-23,0.00017407899127154665
2015-04-24,-0.02888846463508804
2015-04-27,0.009281412342254982
2015-04-28,0.0011617408329792167
2015-04-29,-0.012248065471480359
2015-04-30,-0.017179107880200238
2015-05-01,0.03819540758210916
2015-05-04,-0.0003918030368490989
2015-05-05,-0.03161895869353143
2015-05-06,-0.004865700640139319
2015-05-07,0.015586549860656326
2015-05-08,0.0020142629124335486
2015-05-11,0.0003883072796689444
2015-05-12,-1.214740198009906e-05
2015-05-13,0.008848301047616594
2015-05-14,0.018631030715683908
2015-05-15,0.002596296033630471
2015-05-18,0.01665201983987093
2015-05-19,0.0004975695946717205
2015-05-20,0.0011069318091298259
2015-05-21,-0.0009682550632723027
2015-05-22,0.00229582185766293
2015-05-26,0.000608370972123217
2015-05-27,0.00014648045611366246
2015-05-28,-0.0003971950209038968
2015-05-29,-0.00023453948433520622
2015-06-01,0.004853987119357021
2015-06-02,-0.00164362732536493
2015-06-03,-0.0036367557928044802
2015-06-04,-0.0010740428687659872
2015-06-05,-0.0018593723177056886
2015-06-08,-0.002293238624071105
2015-06-09,-0.0006262259722865922
2015-06-10,0.01881604215951004
2015-06-11,-0.0002605445817889944
2015-06-12,-0.00039013130862199693
2015-06-15,0.0010921787453649855
2015-06-16,0.007786888056878339
2015-06-17,0.002068959037341611
2015-06-18,0.013745866699502136
2015-06-19,-0.012649618470028247
2015-06-22,0.01309598809903931
2015-06-23,0.0028862823519100467
2015-06-24,-0.0009234374488317008
2015-06-25,-0.001824921704084512
2015-06-26,-0.011391323389880775
2015-06-29,-0.042875653242118714
2015-06-30,0.005708685510194133
2015-07-01,0.0045740490526806855
2015-07-02,0.004818259909287044
2015-07-06,-0.018167112075944146
2015-07-07,-0.005410920205775202
2015-07-08,-0.04505641082894268
2015-07-09,-0.023159303569065016
2015-07-10,0.03476405899391044
2015-07-13,0.013249041593038458
2015-07-14,0.01650326568655454
2015-07-15,-0.010753461011549363
2015-07-16,0.003708447796376157
2015-07-17,-0.006274863593598007
2015-07-20,-0.017075693145067093
2015-07-21,-0.0010775783817322418
2015-07-22,-0.03846640918126729
2015-07-23,0.020069916937939115
2015-07-24,-0.035680752444450355
2015-07-27,-0.01597520484277227
2015-07-28,0.035170614346754926
2015-07-29,0.004480825099796068
2015-07-30,0.008112514720003334
2015-07-31,-0.01850529420364262
2015-08-03,-0.006455250366166022
2015-08-04,-0.017639062853600816
2015-08-05,0.022243392277587967
2015-08-06,-0.03409834513178541
2015-08-07,0.007359472230529392
2015-08-10,0.042853694203479696
2015-08-11,-0.04089620282541269
2015-08-12,0.010089463988900923
2015-08-13,-0.015990026765377113
2015-08-14,-0.007809251164096107
2015-08-17,0.018839321555713
2015-08-18,-0.03290510724550458
2015-08-19,-0.0168111020119188
2015-08-20,-0.06702878772910036
2015-08-21,-0.09760508593189965
2015-08-24,-0.04463450785849902
2015-08-25,-0.006058877142328821
2015-08-26,0.02036323694139398
2015-08-27,-0.0009240468149577033
2015-08-28,-0.0005378621840569897
2015-08-31,0.02299208009340301
2015-09-01,0.13304063884146738
2015-09-02,0.009804343086020906
2015-09-03,0.000818027388524527
2015-09-04,-0.021916674233073006
2015-09-08,0.036419416011140536
2015-09-09,-0.02046837698407741
2015-09-10,0.007924486334775355
2015-09-11,0.007514036253328451
2015-09-14,-0.005925706872637525
2015-09-15,0.020104073112405092
2015-09-16,0.0020517843763928176
2015-09-17,0.00043753283065873193
2015-09-18,-0.02052390068874973
2015-09-21,0.007905156076406277
2015-09-22,-0.032948135954744204
2015-09-23,-0.011488587773466235
2015-09-24,-0.002083309368835341
2015-09-25,0.007339950356976973
2015-09-28,0.0019481969040209754
2015-09-29,-0.00018817801117809578
2015-09-30,0.03201170272987354
2015-10-01,0.006977916021422292
2015-10-02,0.022063746602840238
2015-10-05,0.027230648368413084
2015-10-06,-0.007246990639578935
2015-10-07,0.008047107907529012
2015-10-08,0.00437619282705786
2015-10-09,0.007792455671492519
2015-10-12,0.004801586149387936
2015-10-13,-0.009450424664617794
2015-10-14,0.05641154335838925
2015-10-15,0.02593287932909542
2015-10-16,0.00579687523397156
2015-10-19,0.009520892778957162
2015-10-20,-0.0014320504004110984
2015-10-21,-0.009039482961941177
2015-10-22,0.03436598069098278
2015-10-23,0.030595369421091766
2015-10-26,0.0003103882701680345
2015-10-27,0.0011956699864741614
2015-10-28,0.0035187104562989227
2015-10-29,0.012578113448353684
2015-10-30,-0.0022399655967249078
2015-11-02,0.005346054805839412
2015-11-03,0.0016933982746503476
2015-11-04,0.000674218263349468
2015-11-05,-0.0002472515212337087
2015-11-06,0.0010963446833739156
2015-11-09,-0.0003118703465695835
2015-11-10,0.0008179718739419325
2015-11-11,-0.0015794661083596171
2015-11-12,-0.0012425487964807678
2015-11-13,0.029170023150342398
2015-11-16,-0.021406039553001372
2015-11-17,0.0001372946347635755
2015-11-18,0.009419883060480493
2015-11-19,0.0002383776795843324
2015-11-20,0.003419623217308104
2015-11-23,-0.0015197164751432311
2015-11-24,-0.00044319560387826625
2015-11-25,0.0005019911680293715
2015-11-27,0.0008261404066857662
2015-11-30,-0.001459076913612389
2015-12-01,0.005357415572001374
2015-12-02,-0.0035391036681709323
2015-12-03,-0.008594005520669652
2015-12-04,0.007344462751402098
2015-12-07,-0.0024800984372977744
2015-12-08,-0.00045435244278650705
2015-12-09,-0.00300396129958646
2015-12-10,0.0008933323424716559
2015-12-11,0.0009323208834049737
2015-12-14,-0.0020712166658992653
2015-12-15,-0.008935954123557488
2015-12-16,-0.02230403860235504
2015-12-17,-0.007281855999022887
2015-12-18,0.034344277013378124
2015-12-21,-0.0024883313128354068
2015-12-22,0.005224655919744187
2015-12-23,-0.0116013793567394
2015-12-24,0.00010649864064715289
2015-12-28,-0.0005623935228052177
2015-12-29,0.007746025706557398
2015-12-30,-0.0044242404230644084
2015-12-31,0.0014219233965875298
2016-01-04,0.03201946589002086
2016-01-05,0.0005699313917075146
2016-01-06,0.000853060239494394
2016-01-07,-0.004568071038218026
2016-01-08,-0.024884325447462264
2016-01-11,0.0072412920041231
2016-01-12,0.011864960970334385
2016-01-13,-0.04684619434183906
2016-01-14,0.028519057826677553
2016-01-15,-0.06683258334983673
2016-01-19,0.0021882796827621233
2016-01-20,0.012319337227595139
2016-01-21,0.020710430533339198
2016-01-22,0.08616473598147442
2016-01-25,-0.021439082055579664
2016-01-26,0.0014314030997650915
2016-01-27,-0.0176626772338205
2016-01-28,0.02009948765647101
2016-01-29,0.06807640472543233
2016-02-01,0.002418583186662347
2016-02-02,-0.031940842794184465
2016-02-03,-0.006759462804051936
2016-02-04,-0.0005780500994214104
2016-02-05,-0.05127659350699468
2016-02-08,-0.020618158494248237
2016-02-09,-0.008457354859089872
2016-02-10,0.006759011058773948
2016-02-11,0.005489419364328345
2016-02-12,0.021410904516988433
2016-02-16,0.033092931731176944
2016-02-17,0.03540764581098897
2016-02-18,-0.013072536023139628
2016-02-19,0.0031460694744366194
2016-02-22,0.023074748492067032
2016-02-23,-0.02272618187947275
2016-02-24,0.015412104337621368
2016-02-25,0.0138839047455312
2016-02-26,5.678383311710127e-05
2016-02-29,-0.010607988684699825
2016-03-01,0.04634268811345372
2016-03-02,0.0007998826542558219
2016-03-03,0.0005228351773924698
2016-03-04,-0.0015582963050432676
2016-03-07,-0.0002952405423459018
2016-03-08,-0.00021078232421102181
2016-03-09,-0.0012909007820179844
2016-03-10,-0.0011198247449566942
2016-03-11,-0.0033658900239179135
2016-03-14,-0.0005397562996879012
2016-03-15,-1.0239928036180612e-05
2016-03-16,0.005458355891970829
2016-03-17,-0.00033824009717828876
2016-03-18,0.0009029827752537332
2016-03-21,0.0019009581807870604
2016-03-22,0.0012468024335276226
2016-03-23,-0.003847315112540709
2016-03-24,-9.495575529997342e-05
2016-03-28,-0.00058298322558843
2016-03-29,0.008986529304425417
2016-03-30,0.002512757114597995
2016-03-31,-0.0005073744088994324
2016-04-01,0.02196190535428735
2016-04-04,-0.001549894803006511
2016-04-05,-0.013782990524076898
2016-04-06,0.023779358830621898
2016-04-07,-0.006889252975440616
2016-04-08,0.007182701866586163
2016-04-11,-0.007192833597601497
2016-04-12,0.01583638916045839
2016-04-13,0.04049209848215511
2016-04-14,4.497693056729768e-05
2016-04-15,-0.000909263537112659
2016-04-18,0.003421857013260613
2016-04-19,-0.022074111780520496
2016-04-20,0.01485551318701704
2016-04-21,0.0004187481723997885
2016-04-22,0.00020707494896598545
2016-04-25,-0.002383153936183742
2016-04-26,-0.006694067274746132
2016-04-27,-0.007537389860247113
2016-04-28,-0.01978096150219016
2016-04-29,-0.011312480208041722
2016-05-02,0.007188198426998928
2016-05-03,-0.010843592955204553
2016-05-04,-0.008310099386054492
2016-05-05,-0.00042678449145929165
2016-05-06,0.01782495891496263
2016-05-09,0.0009757848635798848
2016-05-10,0.02551582591108183
2016-05-11,-0.009072456732483625
2016-05-12,-0.028929280770325375
2016-05-13,0.004056203478685971
2016-05-16,0.029441250488813457
2016-05-17,-0.01612437197364577
2016-05-18,0.007486781975233174
2016-05-19,-0.0024796104085324376
2016-05-20,0.005673695745674526
2016-05-23,-0.0007185911273100837
2016-05-24,0.009682879479007372
2016-05-25,0.0039304449511791415
2016-05-26,0.0017780400144759845
2016-05-27,0.002358917532870506
2016-05-31,0.001203190149308551
2016-06-01,-0.0002946175641916836
2016-06-02,0.0014692236725606924
2016-06-03,-0.0015958455971206236
2016-06-06,0.0067307970258456765
2016-06-07,-0.0011497088754784945
2016-06-08,0.0009799485313891306
2016-06-09,-0.0006981387887315427
2016-06-10,-0.022489239591621517
2016-06-13,-0.016901022613374436
2016-06-14,0.00025009064303495483
2016-06-15,-0.005862289905379607
2016-06-16,0.005037441296189124
2016-06-17,-0.022731049706911994
2016-06-20,0.011953457030560593
2016-06-21,0.006480700445208614
2016-06-22,-0.0044026160117463685
2016-06-23,0.02785231968817405
2016-06-24,-0.04440521506675621
2016-06-27,-0.022703358740961826
2016-06-28,0.023970537942352817
2016-06-29,0.023446664754795968
2016-06-30,0.01876254280894479
2016-07-01,0.008170068549899361
2016-07-05,-0.021540115393132952
2016-07-06,0.002182012018541067
2016-07-07,0.017896851825782614
2016-07-08,0.042774925051233294
2016-07-11,0.019291899862342872
2016-07-12,0.02321018808472256
2016-07-13,0.0009357034009409965
2016-07-14,-0.0024262507175805675
2016-07-15,0.0004019095440184721
2016-07-18,0.0008294333900924571
2016-07-19,0.0018578905407178234
2016-07-20,-0.0024634160414937684
2016-07-21,0.0024500049199087347
2016-07-22,0.00022074384069434403
2016-07-25,-0.0020713194705948043
2016-07-26,0.00039286468685009344
2016-07-27,0.0015583753386666675
2016-07-28,0.0016866211257715968
2016-07-29,0.0017343737160685918
2016-08-01,0.0024817655788342387
2016-08-02,0.038301199475293625
2016-08-03,0.0017116690081886243
2016-08-04,0.0017852410296469417
2016-08-05,0.004104663756908061
2016-08-08,-5.738858602695408e-05
2016-08-09,0.0003245947817264736
2016-08-10,-0.0006887991322948099
2016-08-11,-0.0007255485803897431
2016-08-12,-0.0005371082263807684
2016-08-15,0.00201533015133985
2016-08-16,-0.0029425298948713894
2016-08-17,0.0008972029438901873
2016-08-18,0.00048022911418004686
2016-08-19,-0.0005972677820412267
2016-08-22,0.00044240260376221925
2016-08-23,0.0009533878412114449
2016-08-24,-0.0033559847539360384
2016-08-25,-0.0009887547809825296
2016-08-26,0.00025629264852168745
2016-08-29,0.0009784613785060235
2016-08-30,-0.0015660755971158135
2016-08-31,-0.0005726647968378617
2016-09-01,0.0015194380198119398
2016-09-02,0.0016243258187543358
2016-09-06,0.0034695751270936823
2016-09-07,0.00029770104870907864
2016-09-08,-0.0032838024587295185
2016-09-09,-0.012758494241438437
2016-09-12,0.02009983339062084
2016-09-13,-0.022319762507114888
2016-09-14,-0.0007226070513088117
2016-09-15,0.013697661545206801
2016-09-16,-0.0038933834509682075
2016-09-19,-0.00042384368853856224
2016-09-20,0.0013079209301263745
2016-09-21,0.018420417167314018
2016-09-22,-7.0015987328842584e-06
2016-09-23,-0.002896812386135412
2016-09-26,-0.016519647069017433
2016-09-27,0.014340864371408517
2016-09-28,0.008020075567154592
2016-09-29,-0.017164903938712287
2016-09-30,0.015413867093750689
2016-10-03,-0.0054687471956566215
2016-10-04,-0.0076581521863161705
2016-10-05,-0.00010500160760227304
2016-10-06,0.00046756886914665506
2016-10-07,-0.0002911652971912794
2016-10-10,0.001694641199529316
2016-10-11,0.00187856291025639
2016-10-12,0.0012190148531333056
2016-10-13,-0.0007360298934326972
2016-10-14,0.0014221019042594128
2016-10-17,9.002895905493489e-06
2016-10-18,0.009807242313344412
2016-10-19,0.004127226332786885
2016-10-20,-0.0033361497612133225
2016-10-21,0.0021479346933403433
2016-10-24,0.012348275379413864
2016-10-25,-0.0015890096043119513
2016-10-26,-0.0035685516962443865
2016-10-27,-0.002153294979414264
2016-10-28,-0.007981295118804257
2016-10-31,-0.000829479071423492
2016-11-01,-0.013820110786381639
2016-11-02,-0.013505328961508157
2016-11-03,-0.021062090568118027
2016-11-04,-0.008000824815197007
2016-11-07,0.06871746007743951
2016-11-08,0.013066646422862298
2016-11-09,0.0016574373862288088
2016-11-10,-0.0017411877109923786
2016-11-11,-0.002749330807255414
2016-11-14,0.0014346802472080234
2016-11-15,0.001986876016132655
2016-11-16,0.00046192195710018444
2016-11-17,0.0012478047670495954
2016-11-18,-0.00032835796954569735
2016-11-21,-0.0008916796997469687
2016-11-22,0.0003798763901266424
2016-11-23,-0.0009637411387935701
2016-11-25,0.001545364726532608
2016-11-28,-0.0008428667949496383
2016-11-29,0.0017887496624626135
2016-11-30,-0.0062433325105107655
2016-12-01,-0.0023643829438709857
2016-12-02,0.0005849327887954743
2016-12-05,-0.0030718994158039675
2016-12-06,0.0010451061790543404
2016-12-07,-0.0003152051249796495
2016-12-08,0.002605943608571135
2016-12-09,-0.009189029567295705
2016-12-12,0.00577824011689688
2016-12-13,0.00963098385168438
2016-12-14,-0.004141786991719717
2016-12-15,0.0008175160969761974
2016-12-16,0.00031772039787566976
2016-12-19,0.0020965036365745322
2016-12-20,-0.0006555109870763288
2016-12-21,-0.0006319581059324724
2016-12-22,-0.001286686386152396
2016-12-23,0.000332294815357583
2016-12-27,0.0023361079567413862
2016-12-28,-0.0037199720309213377
2016-12-29,-0.0001734702601091804
2016-12-30,-0.004937655340317198
2017-01-03,0.01657727267665015
2017-01-04,0.0028375326073736737
2017-01-05,0.0031942430593429466
2017-01-06,0.0039991548045522525
2017-01-09,0.002067448583665558
2017-01-10,0.0009411238605219355
2017-01-11,0.001595934747720023
2017-01-12,-0.0006086146155223266
2017-01-13,0.001501888610027029
2017-01-17,-0.0011732790485713862
2017-01-18,0.021909487460064835
2017-01-19,-0.00042141699803042266
2017-01-20,0.0013939313050392215
2017-01-23,0.0008791923694748365
2017-01-24,0.0030759008122098756
2017-01-25,0.004935312983820308
2017-01-26,0.006490353755861279
2017-01-27,-0.011716172987102322
2017-01-30,0.028572807385648345
2017-01-31,0.0006903405568098242
2017-02-01,0.0032799591905979314
2017-02-02,-0.00026325204628074384
2017-02-03,0.0012619331893625654
2017-02-06,0.0011298097451051727
2017-02-07,0.0017175131130363372
2017-02-08,0.001306704455455583
2017-02-09,0.0014178687065036452
2017-02-10,0.0016087032176963102
2017-02-13,-0.031610726113885525
2017-02-14,-0.04233045070808468
2017-02-15,0.025870523723633146
2017-02-16,0.0074418835053779945
2017-02-17,0.0037045216576350507
2017-02-21,0.010491590806422887
2017-02-22,0.004341120362969326
2017-02-23,0.025963546901480675
2017-02-24,-0.0118257223448642
2017-02-27,0.008819159123853882
2017-02-28,0.0257064686566937
2017-03-01,0.005070282423528113
2017-03-02,0.0015758036785309421
2017-03-03,0.0010362254088200212
2017-03-06,-0.0009881418687305928
2017-03-07,-0.0013550175337946244
2017-03-08,-0.0005298974246273984
2017-03-09,-0.001613005849528565
2017-03-10,-0.001420394098057924
2017-03-13,0.0002688738121106825
2017-03-14,-1.0257032852491405e-05
2017-03-15,0.0007750099452585105
2017-03-16,-0.0006368668797629058
2017-03-17,0.0007815292684942262
2017-03-20,0.0007524208151585437
2017-03-21,-0.00735004011217292
2017-03-22,0.006426933437550321
2017-03-23,-0.002957490569401591
2017-03-24,2.9871892452295115e-05
2017-03-27,-0.0009964436882707699
2017-03-28,0.013435324833705463
2017-03-29,0.0046205136893048716
2017-03-30,0.00474671246596887
2017-03-31,-0.0002810502635770708
2017-04-03,-0.002229004560607882
2017-04-04,0.0016299794097352402
2017-04-05,-0.007094260536419787
2017-04-06,0.0043548892495031966
2017-04-07,0.006386009158285341
2017-04-10,0.00042618368436545754
2017-04-11,-0.014309440988431715
2017-04-12,-0.02813925901674319
2017-04-13,-0.011332321325258984
2017-04-17,0.02300815699105983
2017-04-18,0.0050321820708147565
2017-04-19,0.00882706675800738
2017-04-20,0.015836867401541478
2017-04-21,-0.00433644665393138
2017-04-24,0.021932982842791465
2017-04-25,0.003142363948113281
2017-04-26,0.0018775346537492602
2017-04-27,-0.0001248675853628841
2017-04-28,0.0005366528209163042
2017-05-01,-0.023494995821934775
2017-05-02,0.0028488942923872067
2017-05-03,0.02525790737166317
2017-05-04,0.00012322778756452884
2017-05-05,0.0020022164322598558
2017-05-08,-0.025332135066524777
2017-05-09,-0.0025822054704081805
2017-05-10,0.003249691075453273
2017-05-11,-0.0026641804129864267
2017-05-12,-0.0005635956221821078
2017-05-15,-0.021555418520011957
2017-05-16,-0.009192242833052276
2017-05-17,0.17074424244252684
2017-05-18,0.009550090308624009
2017-05-19,0.011843493933547685
2017-05-22,0.012260238354706049
2017-05-23,0.00032591559325656884
2017-05-24,0.0025997709311271658
2017-05-25,0.0042736819886057265
2017-05-26,0.0008351464793706591
2017-05-30,0.000604642579296711
2017-05-31,-0.00011970854846759594
2017-06-01,0.0018680567243828858
2017-06-02,0.006119065557376678
2017-06-05,0.0029165000466279886
2017-06-06,0.02390068113185076
2017-06-07,0.0017825717717615047
2017-06-08,0.0004059434708779331
2017-06-09,-0.012704732674171873
2017-06-12,-0.002712355726510775
2017-06-13,0.004009361854307847
2017-06-14,-0.0019165774853906585
2017-06-15,-0.009150192276650223
2017-06-16,-0.0058420422295867285
2017-06-19,0.03113588466499221
2017-06-20,-0.0038566099405883355
2017-06-21,0.004991225911886372
2017-06-22,-8.360675289779135e-05
2017-06-23,0.0022179360752296964
2017-06-26,-0.014765390631965341
2017-06-27,-0.04915392994029209
2017-06-28,0.031959701036907553
2017-06-29,-0.04543484648727491
2017-06-30,-0.006882114399420971
2017-07-03,-0.02301444845501146
2017-07-05,0.03198146833277051
2017-07-06,-0.008085321405550357
2017-07-07,0.014875048869101765
2017-07-10,0.010895627214811063
2017-07-11,0.003257382226891128
2017-07-12,0.018703905101341668
2017-07-13,0.003201452192495711
2017-07-14,0.004172459367082268
2017-07-17,0.0003066141123018767
2017-07-18,0.008026477837856127
2017-07-19,0.016351248298275365
2017-07-20,0.0006598690783776079
2017-07-21,2.809229518324299e-05
2017-07-24,-0.0026135183564182825
2017-07-25,-0.0015920895497951119
2017-07-26,0.001982495959136111
2017-07-27,-0.0032652017165185634
2017-07-28,-0.005299883264396221
2017-07-31,-0.013292434665526685
2017-08-01,0.009422902359316492
2017-08-02,-0.009207713326736063
2017-08-03,-0.007797688149016997
2017-08-04,0.0014612269333633236
2017-08-07,0.028624970125143402
2017-08-08,-0.006090295820834582
2017-08-09,-0.0055556242443129825
2017-08-10,-0.05214289909730908
2017-08-11,0.011858957294279233
2017-08-14,0.04393170652153357
2017-08-15,0.004009000262009589
2017-08-16,0.003111407667546459
2017-08-17,-0.04999914692674844
2017-08-18,-0.003170145927816834
2017-08-21,0.0008942827688549068
2017-08-22,0.022361319433583948
2017-08-23,0.00483769152950533
2017-08-24,-0.004898960445522047
2017-08-25,0.00224612793125942
2017-08-28,0.001640582215031469
2017-08-29,0.003375036961653992
2017-08-30,0.013320382699164662
2017-08-31,0.013807269768042526
2017-09-01,0.0020519080009121678
2017-09-05,-0.01586775876449717
2017-09-06,0.0065995846076823735
2017-09-07,0.000799622661672195
2017-09-08,-0.0064305542798666245
2017-09-11,0.03507699052632101
2017-09-12,0.008019972037231671
2017-09-13,0.000565562817868126
2017-09-14,-0.0028832592014828304
2017-09-15,0.0016546530859183476
2017-09-18,-0.0009509537093383828
2017-09-19,-0.000516820777873648
2017-09-20,0.0007319999462666641
2017-09-21,-0.0024009193915766687
2017-09-22,0.0006469364953565178
2017-09-25,-0.004969605920794826
2017-09-26,0.004709585692010372
2017-09-27,0.00444632687150824
2017-09-28,-0.00011564853656179752
2017-09-29,0.0034975678504026446
2017-10-02,0.0008206640654502606
2017-10-03,0.0007795807077540143
2017-10-04,0.004517521771765864
2017-10-05,-0.019519608521471735
2017-10-06,9.38051321807066e-05
2017-10-09,0.02062975027144408
2017-10-10,-0.0011750284337985598
2017-10-11,-0.02159700198497498
2017-10-12,-0.005354653647431374
2017-10-13,0.002225081101454695
2017-10-16,0.001249700889451869
2017-10-17,0.0006994235622604935
2017-10-18,-0.0007834328287022443
2017-10-19,-0.00717046273908372
2017-10-20,-0.01815882501576217
2017-10-23,0.03127522935779816
2017-10-24,0.0007281656615987966
2017-10-25,-0.0020110167372596847
2017-10-26,0.0018261603166120528
2017-10-27,0.001994984285955911
2017-10-30,-0.0009662667013725715
2017-10-31,-0.0007319188409834322
2017-11-01,-0.0002352589578955988
2017-11-02,-0.0008346368830271898
2017-11-03,0.004501536367205778
2017-11-06,0.0019993023124262052
2017-11-07,5.6754001202494355e-05
2017-11-08,0.0016163244593233174
2017-11-09,0.01299271683630041
2017-11-10,-0.0002109975303543772
2017-11-13,0.0005590789676771425
2017-11-14,-0.0017005183332679463
2017-11-15,-0.0025222600365115955
2017-11-16,0.006423347622724868
2017-11-17,-0.002209246713262554
2017-11-20,-0.0005677270392610168
2017-11-21,0.005308885344225187
2017-11-22,0.0010286233276092724
2017-11-24,0.0018413274666847575
2017-11-27,-0.00022581048906072183
2017-11-28,0.001350045605147007
2017-11-29,-0.008921887669567355
2017-11-30,0.003894980838018662
2017-12-01,0.027622207122200725
2017-12-04,-0.006058471903271305
2017-12-05,0.0002653068731955031
2017-12-06,0.0024838724066464785
2017-12-07,0.001747090567912827
2017-12-08,0.0022030225913168395
2017-12-11,0.0036403333711722513
2017-12-12,-0.000675989324223868
2017-12-13,0.001500991935907714
2017-12-14,-0.0014891641773731403
2017-12-15,0.027895049475590822
2017-12-18,0.004192134190910008
2017-12-19,-0.003211965120942215
2017-12-20,-0.0004804893051314948
2017-12-21,8.379509489971776e-05
2017-12-22,0.0008909558255371978
2017-12-26,0.0009042141317360603
2017-12-27,0.0002561863150838358
2017-12-28,5.164359089139157e-05
2017-12-29,-1.7480303081520657e-05
2018-01-02,0.000718144692491308
2018-01-03,0.0007006402008094866
2018-01-04,0.0006365606770332246
2018-01-05,0.005021322335668122
2018-01-08,-0.012235817575083427
2018-01-09,0.01052074079340045
2018-01-10,-0.009844630243018595
2018-01-11,-0.006370719792620957
2018-01-12,-6.048160379706922e-05
2018-01-16,0.0611020283243764
2018-01-17,0.005216043677061483
2018-01-18,0.004698704354384935
2018-01-19,-0.004612482802431545
2018-01-22,-0.022722919773161338
2018-01-23,0.018359766938314315
2018-01-24,0.024058018904549183
2018-01-25,0.018773585942192896
2018-01-26,-0.0074967946857664785
2018-01-29,0.07302671507200933
2018-01-30,-0.004055533380921317
2018-01-31,0.000979332517190139
2018-02-01,-0.004453894644120632
2018-02-02,-0.0007288133637497753
2018-02-05,0.0027010330616711728
2018-02-06,0.008421150752913619
2018-02-07,-0.007977197431733436
2018-02-08,0.0003632205920595687
2018-02-09,0.007426278139415945
2018-02-12,0.01955815819870017
2018-02-13,0.0039837710827446615
2018-02-14,0.022208729805414003
2018-02-15,-0.0012360028152445881
2018-02-16,0.0015304620480829899
2018-02-20,-0.0008161565031206727
2018-02-21,-0.0013616769682155284
2018-02-22,-3.121581862971907e-07
2018-02-23,0.010323827756537453
2018-02-26,0.006742521618419036
2018-02-27,-0.006631895457476042
2018-02-28,-0.00311574615118853
2018-03-01,-0.007520411767214095
2018-03-02,0.012303009742284224
2018-03-05,0.022440901395933847
2018-03-06,0.001995441697617375
2018-03-07,0.0011593994038675457
2018-03-08,0.00288285751918246
2018-03-09,0.009533937043288063
2018-03-12,0.002934956044880547
2018-03-13,-0.006812401003626465
2018-03-14,-0.00014750719257075688
2018-03-15,-0.0003828579627054883
2018-03-16,-0.0017408671425005132
2018-03-19,-0.010774744134405038
2018-03-20,0.0014653366541289429
2018-03-21,-0.0018222913003438927
2018-03-22,-0.045541381092348475
2018-03-23,-0.03557059800693659
2018-03-26,0.03933183892052421
2018-03-27,-0.026037958357898433
2018-03-28,-0.004049529495523655
2018-03-29,0.020320204979529452
2018-04-02,-0.04226205306217368
2018-04-03,0.018068971252898917
2018-04-04,0.023722963518250807
2018-04-05,0.008320385492422696
2018-04-06,-0.05814646712109671
2018-04-09,0.012456431487150168
2018-04-10,0.057995670534742416
2018-04-11,-0.002660003348559264
2018-04-12,0.023547320414896822
2018-04-13,-0.00694089210781949
2018-04-16,0.014846170996671057
2018-04-17,0.010762410293044124
2018-04-18,0.0006206507376174074
2018-04-19,-0.004651404836374879
2018-04-20,-0.008155173373049737
2018-04-23,0.0006071041918299484
2018-04-24,0.0005494237260692189
2018-04-25,-0.0015431238256796037
2018-04-26,0.03135271094452607
2018-04-27,0.0005970382768620075
2018-04-30,-0.016503332245752508
2018-05-01,0.02522389618486821
2018-05-02,0.0015720733077685116
2018-05-03,0.008972995186661432
2018-05-04,0.045794879933887186
2018-05-07,0.004154685484702083
2018-05-08,-0.00045362260550925774
2018-05-09,0.005231841361607678
2018-05-10,0.005234121868677333
2018-05-11,-0.00047819975486231947
2018-05-14,0.0008676666519811074
2018-05-15,-0.005922199663714912
2018-05-16,0.0033393288532193983
2018-05-17,-0.0018317856222043237
2018-05-18,0.0009582073255208759
2018-05-21,-0.00015265543555368288
2018-05-22,-0.00023350954766173456
2018-05-23,0.001899072087775117
2018-05-24,0.0014836047533806982
2018-05-25,-0.0032539115068066908
2018-05-29,-0.018656948035236372
2018-05-30,0.022454954175546597
2018-05-31,-0.010700460160435103
2018-06-01,0.023543002749669483
2018-06-04,0.0116245798451434
2018-06-05,0.0018492682906435058
2018-06-06,0.0027432833636340213
2018-06-07,0.01129665589889685
2018-06-08,0.00025803780456609595
2018-06-11,0.0004358463441243601
2018-06-12,-0.00037796360913079505
2018-06-13,-0.00026827361644669406
2018-06-14,0.005242394017240885
2018-06-15,-0.001513142329780416
2018-06-18,-0.00016981431306442026
2018-06-19,-0.0012391804125924395
2018-06-20,0.011410725973760583
2018-06-21,-0.023147578037111878
2018-06-22,-0.012593351955620165
2018-06-25,-0.05470279034068068
2018-06-26,0.007108711927588225
2018-06-27,-0.041959155406809556
2018-06-28,0.016228079371497114
2018-06-29,0.0034786823864225496
2018-07-02,0.012126337499844302
2018-07-03,-0.03248965604223418
2018-07-05,0.04350843179779182
2018-07-06,0.02599439174139412
2018-07-09,0.013600107182631965
2018-07-10,0.015335691222670571
2018-07-11,-0.04027093265807993
2018-07-12,0.01919774335751471
2018-07-13,-0.005525456346040544
2018-07-16,-0.00318257831616587
2018-07-17,0.02379489575653166
2018-07-18,0.009229338082066552
2018-07-19,-0.006114873741950702
2018-07-20,-0.007111313131384997
2018-07-23,0.0036643011152431232
2018-07-24,-0.015950197273554192
2018-07-25,0.0075454453713313585
2018-07-26,0.02720177716148779
2018-07-27,-0.00016245944410350272
2018-07-30,-0.0239461122059819
2018-07-31,0.005317664293042
2018-08-01,0.010986027007071953
2018-08-02,0.02015702604937227
2018-08-03,0.003981862032513627
2018-08-06,0.011955462005545313
2018-08-07,0.014132718178859091
2018-08-08,0.0006656571847125032
2018-08-09,-3.0807005576162895e-06
2018-08-10,-0.04149196729886899
2018-08-13,0.0013222358284923769
2018-08-14,0.0017892000155855538
2018-08-15,-0.026164511227015245
2018-08-16,-0.0015712422149465192
2018-08-17,-0.010638155440641698
2018-08-20,-0.0015563269419162293
2018-08-21,0.029491548108252708
2018-08-22,0.008298894429424775
2018-08-23,0.0008992666083440223
2018-08-24,0.025532173833615866
2018-08-27,0.02816362432801561
2018-08-28,0.006513454673487667
2018-08-29,0.00991865341763187
2018-08-30,-0.0005230153327232859
2018-08-31,0.009179985712749417
2018-09-04,0.009454048341199254
2018-09-05,-0.013657420550369245
2018-09-06,-0.01460721650182251
2018-09-07,-0.007990697882675223
2018-09-10,0.015539335102823387
2018-09-11,-0.011091662249871993
2018-09-12,-0.018347530580962272
2018-09-13,0.022520324420155956
2018-09-14,0.014367914496819574
2018-09-17,-0.007321465310433147
2018-09-18,0.004049964662687729
2018-09-19,0.0004204019108672332
2018-09-20,-0.0015725251939978425
2018-09-21,-0.0002647664682499366
2018-09-24,-3.048215098779787e-05
2018-09-25,0.0007397174857356067
2018-09-26,0.0004134530379807017
2018-09-27,0.010703123953206285
2018-09-28,0.008965096924518915
2018-10-01,0.0052259320093499765
2018-10-02,-0.0002991386243683833
2018-10-03,0.0013753348962412962
2018-10-04,-0.009720234024829655
2018-10-05,-0.03518190304946712
2018-10-08,-0.018755465731189996
2018-10-09,-0.0004266399284405001
2018-10-10,-0.06270091071065775
2018-10-11,-0.010806718086677753
2018-10-12,0.007288180498282551
2018-10-15,-0.008180207344042198
2018-10-16,0.030899663130143737
2018-10-17,-0.004554566745962541
2018-10-18,-0.03543476923220433
2018-10-19,-0.024045161670077995
2018-10-22,0.01214445025203598
2018-10-23,-0.009773702153747335
2018-10-24,-0.029744966268776346
2018-10-25,0.034560217899355324
2018-10-26,-0.0257168847921698
2018-10-29,-0.014453079851668656
2018-10-30,0.06208983195355447
2018-10-31,-0.018033956140170827
2018-11-01,0.0691751690418111
2018-11-02,-0.01053751217189939
2018-11-05,0.013835827078812077
2018-11-06,-0.0008379687793460839
2018-11-07,0.05857673451017248
2018-11-08,-0.009753324313200092
2018-11-09,-0.03623937145996481
2018-11-12,-0.0794317727957509
2018-11-13,0.01779295519071275
2018-11-14,0.018135956531844858
2018-11-15,0.03751742520130184
2018-11-16,-0.004964728216984656
2018-11-19,-0.04732536460239325
2018-11-20,-0.03206726901806247
2018-11-21,0.009456164245934567
2018-11-23,-0.002302938071379204
2018-11-26,-0.0023709524675214477
2018-11-27,0.003448728667051723
2018-11-28,0.052206004076016416
2018-11-29,-0.015390805225035827
2018-11-30,0.015298179555842211
2018-12-03,0.04136960138324518
2018-12-04,-0.07819063424820878
2018-12-06,0.0036737294048677046
2018-12-07,-0.05222925884308602
2018-12-10,0.022277288399227674
2018-12-11,-0.00031312475064962023
2018-12-12,0.007692522250098927
2018-12-13,-0.0010693703285788942
2018-12-14,-0.0277304006390985
2018-12-17,-0.02956533646330952
2018-12-18,-0.0005283599434866139
2018-12-19,-0.024200066016414435
2018-12-20,-0.022637087442490975
2018-12-21,-0.009225570151246278
2018-12-24,-0.01208372718057405
2018-12-26,0.02548515451389276
2018-12-27,0.013975847551540578
2018-12-28,-0.0014963307829774686
2018-12-31,0.014135749756850521
2019-01-02,0.0014642330402851057
2019-01-03,-0.037004112264002506
2019-01-04,0.04864561578235336
2019-01-07,0.012522912293054076
2019-01-08,0.013783584319585731
2019-01-09,0.01682036701879876
2019-01-10,0.007327954151441441
2019-01-11,-0.0019047136921328356
2019-01-14,-0.01363510142154943
2019-01-15,0.022979872393459014
2019-01-16,0.0018185238642684895
2019-01-17,0.01033506417634673
2019-01-18,0.022690448894537876
2019-01-22,-0.026974147676145845
2019-01-23,0.004732686874874112
2019-01-24,0.08682923427194776
2019-01-25,0.022102205080543065
2019-01-28,-0.020150162578934254
2019-01-29,-0.01385953495917941
2019-01-30,0.04432532465846796
2019-01-31,0.02265761811736564
2019-02-01,0.008837889866583362
2019-02-04,0.02418960020362996
2019-02-05,0.017623115340056814
2019-02-06,0.003262329468887147
2019-02-07,-0.0271271122525142
2019-02-08,0.0037189295058286643
2019-02-11,-0.0011711983831331518
2019-02-12,0.021133618698373626
2019-02-13,0.0013683448280678056
2019-02-14,0.0024432754212336924
2019-02-15,0.008077068505781344
2019-02-19,0.003999149671749769
2019-02-20,-0.0004870807996450818
2019-02-21,-0.007526504536858258
2019-02-22,0.014589647739259921
2019-02-25,0.007377824800779332
2019-02-26,0.0020909117515371086
2019-02-27,-0.0018892336138686629
2019-02-28,7.374154810761376e-05
2019-03-01,0.016541772022366244
2019-03-04,0.00010020074598096623
2019-03-05,0.0011936309647324907
2019-03-06,-0.02459093273756865
2019-03-07,-0.013616555546523926
2019-03-08,-1.9763766879072947e-05
2019-03-11,0.03230055334119613
2019-03-12,0.006095131360732659
2019-03-13,0.009874425313534236
2019-03-14,-0.00938616630084683
2019-03-15,0.04756554302281508
2019-03-18,-0.0022176125220542886
2019-03-19,0.022446669474544923
2019-03-20,-0.0032381505099735638
2019-03-21,0.05965128964163421
2019-03-22,0.058669583155066575
2019-03-25,-0.0022117467597624653
2019-03-26,0.012852633349883513
2019-03-27,-0.02512975685276651
2019-03-28,-0.0013824715136247015
2019-03-29,0.0263300027188407
2019-04-01,0.043328343360563626
2019-04-02,0.0034791912289741387
2019-04-03,0.03767712476280846
2019-04-04,0.003026610784248248
2019-04-05,0.00908310654566897
2019-04-08,0.0011536087022131164
2019-04-09,-0.001699296402793614
2019-04-10,0.01552234518909675
2019-04-11,-0.0017613360705097795
2019-04-12,0.0018637721242426234
2019-04-15,0.00014060855911976749
2019-04-16,0.0016654300627218265
2019-04-17,0.0019278824126122318
2019-04-18,0.0007637026781907351
2019-04-22,0.0014817753818495945
2019-04-23,0.006646158484146973
2019-04-24,0.017371162448789106
2019-04-25,0.0020293651679237873
2019-04-26,-0.01755383973666894
2019-04-29,0.009282286577879257
2019-04-30,0.010455473139383619
2019-05-01,-0.013866505023735504
2019-05-02,-0.0052336444772970656
2019-05-03,0.022066119123606953
2019-05-06,-0.00276301112661513
2019-05-07,-0.046237124222581805
2019-05-08,-0.003584061565579364
2019-05-09,-0.007742239811347017
2019-05-10,0.0076678718870458965
2019-05-13,-0.08792751794163216
2019-05-14,0.02471761396343026
2019-05-15,0.020813389255146718
2019-05-16,-0.02569786347911548
2019-05-17,-0.02921015938157476
2019-05-20,-0.06837151225386845
2019-05-21,0.03525428543761221
2019-05-22,-0.032637705044343115
2019-05-23,-0.03188305760464606
2019-05-24,-0.012245705486235913
2019-05-28,-0.014430745495120422
2019-05-29,0.0015582900165834936
2019-05-30,0.017344784819883132
2019-05-31,-0.02968024923328084
2019-06-03,-0.02714804644664283
2019-06-04,0.04018333992163345
2019-06-05,0.01297672863370195
2019-06-06,0.020116325214041494
2019-06-07,0.025333119775761453
2019-06-10,0.04501201020277691
2019-06-11,0.004562128256519219
2019-06-12,-0.039529253634377426
2019-06-13,0.012493235456887474
2019-06-14,-0.04227589348700745
2019-06-17,-0.006711156999492181
2019-06-18,0.07028437543684778
2019-06-19,0.0028392294432731738
2019-06-20,0.018640470887132422
2019-06-21,-0.01128751996645928
2019-06-24,0.0033746765639936344
2019-06-25,-0.030051330385212502
2019-06-26,0.04949128294366918
2019-06-27,0.02489659716133499
2019-06-28,0.002756854150497587
2019-07-01,0.02666004653666398
2019-07-02,0.008110453094621864
2019-07-03,-0.004018508769836168
2019-07-05,-0.00890578416336459
2019-07-08,-0.015434165246836235
2019-07-09,0.01378890267235445
2019-07-10,0.015386996453096224
2019-07-11,0.00337029164607685
2019-07-12,0.028660437078564343
2019-07-15,0.0006866057761631502
2019-07-16,0.0004411802499771323
2019-07-17,0.0018536388276120972
2019-07-18,0.022661170437390025
2019-07-19,-0.015761333695728567
2019-07-22,0.015705383133521038
2019-07-23,0.013506652096838103
2019-07-24,0.003627088312666333
2019-07-25,-0.0050527635731411795
2019-07-26,0.005206479336768863
2019-07-29,-0.0017223698948909114
2019-07-30,-0.0021031143243232463
2019-07-31,-0.0069745144861445615
2019-08-01,-0.00949780735471499
2019-08-02,-0.018221967274316294
2019-08-05,-0.06205655510097814
2019-08-06,0.020490250591299
2019-08-07,0.0024875293527371577
2019-08-08,0.03010279709542488
2019-08-09,-0.011466094870726008
2019-08-12,-0.015937980973950872
2019-08-13,0.024185553399696427
2019-08-14,-0.05878550943872739
2019-08-15,0.0030171327941583086
2019-08-16,0.029516384538465487
2019-08-19,0.025818861073292086
2019-08-20,-0.015528126079101399
2019-08-21,0.01650494602968444
2019-08-22,-0.0022845219081833665
2019-08-23,-0.038798711165007466
2019-08-26,0.01784487070781071
2019-08-27,-0.004507968745508589
2019-08-28,0.01060473089888579
2019-08-29,0.02288511748554244
2019-08-30,-0.004726314755682092
2019-09-03,-0.019382788008575673
2019-09-04,0.028080658408956884
2019-09-05,0.03681073220173283
2019-09-06,-0.0019069399485716447
2019-09-09,-0.004265667832046153
2019-09-10,-0.004644939757997403
2019-09-11,0.0018298680715509493
2019-09-12,-0.00106017054347698
2019-09-13,-0.0023205897927371
2019-09-16,0.0030801574095493003
2019-09-17,-0.0012991465541437198
2019-09-18,0.0004734280499340505
2019-09-19,-0.00037651051389279446
2019-09-20,0.002854204960504869
2019-09-23,0.0014981286433492316
2019-09-24,-0.020522811940079527
2019-09-25,0.016320969350407385
2019-09-26,-0.006847592986582061
2019-09-27,-0.024321557452822017
2019-09-30,0.017965366243482828
2019-10-01,-0.016118484597993473
2019-10-02,-0.03396592256548864
2019-10-03,0.017380598330768663
2019-10-04,0.027477669465065413
2019-10-07,-0.007925529533255076
2019-10-08,-0.030995909441835855
2019-10-09,0.01839183456338837
2019-10-10,0.014017454357244082
2019-10-11,0.013008010335362575
2019-10-14,0.00047277988833082675
2019-10-15,0.013209107346568914
2019-10-16,3.1659214236290454e-05
2019-10-17,0.0027277994966606618
2019-10-18,-0.016203258043052036
2019-10-21,0.016352199755829078
2019-10-22,0.0014046807704653245
2019-10-23,0.0016324596288275588
2019-10-24,0.02320477474341464
2019-10-25,0.021609586464741076
2019-10-28,0.004755339609852002
2019-10-29,-0.0037779053364912435
2019-10-30,0.0027222269113198754
2019-10-31,0.001110444934631464
2019-11-01,0.03901448448131757
2019-11-04,0.0027386494007799462
2019-11-05,-7.707365405834436e-05
2019-11-06,0.0008789946076009111
2019-11-07,-0.0018859255039431716
2019-11-08,2.2222471990933986e-05
2019-11-11,-0.0007475318065791503
2019-11-12,0.0009630541822581863
2019-11-13,0.0006370657932548294
2019-11-14,0.0007653759644928649
2019-11-15,-0.0013336458197763996
2019-11-18,-0.0010044693454425845
2019-11-19,0.007388707183940111
2019-11-20,0.007015099868099598
2019-11-21,-0.01818940872147266
2019-11-22,7.192579000850292e-05
2019-11-25,0.04180407361216796
2019-11-26,0.001190789915631301
2019-11-27,0.0032068084767156195
2019-11-29,0.014740643130109424
2019-12-02,-0.005273322801414697
2019-12-03,-0.026778605737398535
2019-12-04,0.025600567463717427
2019-12-05,0.006992741416825303
2019-12-06,0.028698552527030206
2019-12-09,-0.0022681838466008315
2019-12-10,-0.0006525857007532739
2019-12-11,0.0030575217969299358
2019-12-12,0.0032595682299694888
2019-12-13,0.0011601527206577503
2019-12-16,-0.001003887321425827
2019-12-17,0.0007896579080725274
2019-12-18,0.00044104101922898297
2019-12-19,0.00045039188408003034
2019-12-20,0.008744038155802861
2019-12-23,0.0030324995881216175
2019-12-24,-0.007798615682342242
2019-12-26,-0.001406824075851607
2019-12-27,0.015812145503531334
2019-12-30,0.027855193356077102
2019-12-31,0.000883436292008489
2020-01-02,0.008584692165904805
2020-01-03,0.036686899817706016
2020-01-06,-0.012637000881374722
2020-01-07,0.025195761564976615
2020-01-08,0.004844616864434392
2020-01-09,0.004295932901231576
2020-01-10,-0.0011660613213643877
2020-01-13,0.005732457753337694
2020-01-14,-0.004433145568692944
2020-01-15,0.0004402598381720674
2020-01-16,0.029849120497523918
2020-01-17,0.0026514167686576347
2020-01-21,0.005768093170830472
2020-01-22,0.01612179639344309
2020-01-23,0.008297188809712114
2020-01-24,0.026355194877537826
2020-01-27,-0.06832603296164064
2020-01-28,0.04206272998765131
2020-01-29,-0.026075829626088592
2020-01-30,0.00010888660672077354
2020-01-31,-0.05915568797981534
2020-02-03,0.025419981476641512
2020-02-04,0.05477350607022444
2020-02-05,0.03251411059862115
2020-02-06,0.0017653743627736814
2020-02-07,-0.03409569577494992
2020-02-10,0.0227259704891816
2020-02-11,0.028559966217562193
2020-02-12,0.02304587377513878
2020-02-13,0.0023146194685501244
2020-02-14,-0.002872520157082909
2020-02-18,-0.018318987928271684
2020-02-19,0.04363821236586065
2020-02-20,0.0033050014352458794
2020-02-21,-0.05449745062997277
2020-02-24,-0.08874301594353962
2020-02-25,-0.048921919866795754
2020-02-26,-0.004324239091431536
2020-02-27,-0.06688533528435316
2020-02-28,-0.008559444870507272
2020-03-02,0.020624316374503026
2020-03-03,-0.011805075951250093
2020-03-04,-0.02740444128286853
2020-03-05,-0.050834749857833206
2020-03-06,0.07428420771165635
2020-03-09,0.1398205231270922
2020-03-10,0.08576657837618289
2020-03-11,0.14704921717793656
2020-03-12,0.18459405531945874
2020-03-13,-0.020211365353302056
2020-03-16,0.3711937473814118
2020-03-17,0.10884500797527191
2020-03-18,0.2208130895687413
2020-03-19,0.05152558304054849
2020-03-20,0.1529213066315419
2020-03-23,0.07265584943453729
2020-03-24,0.14592223332297188
2020-03-25,0.02367453536772517
2020-03-26,0.08836694552486406
2020-03-27,-0.048891246523798074
2020-03-30,0.04978048328186988
2020-03-31,-0.029604814186989428
2020-04-01,-0.06188589645741277
2020-04-02,0.0349855502475656
2020-04-03,-0.018852982088860253
2020-04-06,0.10189779984144079
2020-04-07,-0.0038789655403147463
2020-04-08,0.05052341679827616
2020-04-09,0.026231028660489417
2020-04-13,0.020715350654216577
2020-04-14,0.06704596141953806
2020-04-15,-0.030821352374426597
2020-04-16,0.008303266845547648
2020-04-17,0.035013835058751865
2020-04-20,-0.029872396978257228
2020-04-21,-0.06859961057212814
2020-04-22,0.07973385941229795
2020-04-23,0.0013941665871772678
2020-04-24,0.019603061210937918
2020-04-27,0.02045594004036514
2020-04-28,-0.008960570511392686
2020-04-29,0.060944217221829106
2020-04-30,-0.01892040257590511
2020-05-01,-0.0746931276783575
2020-05-04,0.015565350421836125
2020-05-05,0.024460930021243547
2020-05-06,0.016337704442097915
2020-05-07,0.019001951152651703
2020-05-08,0.04270040114683621
2020-05-11,0.0013672713246134253
2020-05-12,-0.030922672714977204
2020-05-13,-0.02303075510097895
2020-05-14,0.018744894167236844
2020-05-15,0.006684382620444335
2020-05-18,0.0659860087293514
2020-05-19,-0.005498721583878891
2020-05-20,0.024307689143370826
2020-05-21,-0.012322945999413394
2020-05-22,0.009123479295784527
2020-05-26,0.010993023765428076
2020-05-27,0.021963602564882848
2020-05-28,-0.03576169366032497
2020-05-29,0.03890656288279724
2020-06-01,-0.007915163377242226
2020-06-02,0.035548318920992236
2020-06-03,0.04724068066347101
2020-06-04,0.00014681830606578898
2020-06-05,-0.0022351839537423247
2020-06-08,0.016581282568316636
2020-06-09,0.03799852587593137
2020-06-10,-0.004024798225495241
2020-06-11,0.2626434380110983
2020-06-12,0.019430140221955227
2020-06-15,0.012584792256240906
2020-06-16,0.030557958636826615
2020-06-17,0.0017587176272117425
2020-06-18,0.002016116284755697
2020-06-19,3.3703385701333244e-05
2020-06-22,0.016646515521626284
2020-06-23,0.004371036314903731
2020-06-24,-0.048135591886736696
2020-06-25,0.019689066410312508
2020-06-26,-0.04705938815501919
2020-06-29,0.027015727760437386
2020-06-30,0.02991654297706988
2020-07-01,0.01501714618128305
2020-07-02,0.011297430523097764
2020-07-06,0.03549362757946245
2020-07-07,-0.0033290064191755166
2020-07-08,0.018193738668082462
2020-07-09,-0.004347714488710458
2020-07-10,0.01870590792984511
2020-07-13,-0.010285373167182175
2020-07-14,0.022700314580699824
2020-07-15,0.0010757945754816729
2020-07-16,-0.0034181398255448726
2020-07-17,0.006501034660972987
2020-07-20,0.05219208480366064
2020-07-21,-0.005094690699342734
2020-07-22,0.001696287457337736
2020-07-23,-0.013007757715817978
2020-07-24,-0.022912528738317266
2020-07-27,0.031093192487464075
2020-07-28,-0.006246665347193806
2020-07-29,0.02665420417862196
2020-07-30,0.010780463688808493
2020-07-31,0.048494691046195935
2020-08-03,0.036509271440568744
2020-08-04,0.007487720884895677
2020-08-05,0.010739142958695005
2020-08-06,0.006622606443338726
2020-08-07,-0.005874980876819181
2020-08-10,-0.0022556143855279468
2020-08-11,-0.009586502428610972
2020-08-12,-0.0018513222328067002
2020-08-13,0.002193803432591033
2020-08-14,-0.001018437482273851
2020-08-17,0.000588368466367481
2020-08-18,-0.0011819268446752343
2020-08-19,-0.00023272701425059794
2020-08-20,-0.00038122167438320363
2020-08-21,0.000987600082731156
2020-08-24,-1.8938970247217557e-05
2020-08-25,-0.0012300696500774908
2020-08-26,0.010669851147258108
2020-08-27,0.022591129322418652
2020-08-28,-0.002718575122233155
2020-08-31,0.037302138455699976
2020-09-01,0.013613004134681231
2020-09-02,0.01931879978163565
2020-09-03,0.10843733541173156
2020-09-04,-0.01295010207358487
2020-09-08,0.0019517015329433732
2020-09-09,0.04166676204881009
2020-09-10,-0.021096298396910827
2020-09-11,-0.002562496172241876
2020-09-14,0.03150052675580251
2020-09-15,0.02135482162278898
2020-09-16,-0.02218042478643428
2020-09-17,-0.015638850252378163
2020-09-18,-0.018702985435380483
2020-09-21,0.007123131243703527
2020-09-22,0.0241104558170174
2020-09-23,-0.05007749249297876
2020-09-24,0.006391789035420498
2020-09-25,0.035212084674454996
2020-09-28,0.03577484591991818
2020-09-29,-0.01050924267404602
2020-09-30,0.014624830932166785
2020-10-01,0.017255875863757042
2020-10-02,-0.014007820822887188
2020-10-05,0.04219863121176275
2020-10-06,-0.0006052955278058225
2020-10-07,-0.0005508206817712792
2020-10-08,0.0003360705435592761
2020-10-09,0.00031093537234230155
2020-10-12,-0.0007124726452790067
2020-10-13,-6.63462008465396e-05
2020-10-14,-0.000446834477827567
2020-10-15,0.002340521358809272
2020-10-16,-0.002798015002004614
2020-10-19,-0.008130082731739994
2020-10-20,0.0010029667411398607
2020-10-21,-0.00038286114639497597
2020-10-22,-0.00019263706515741416
2020-10-23,-0.0009474321335075787
2020-10-26,0.001269264776602754
2020-10-27,0.00771993380491409
2020-10-28,-9.854623958092381e-05
2020-10-29,0.02637303668068577
2020-10-30,-0.014804447986279938
2020-11-02,0.003998578374661088
2020-11-03,0.03657574614388692
2020-11-04,0.08051617549112698
2020-11-05,0.012919435599650838
2020-11-06,0.0004360028426966419
2020-11-09,-0.010531375002858098
2020-11-10,0.0003628897303839079
2020-11-11,-0.00021847368185431423
2020-11-12,0.0008277647196157854
2020-11-13,0.00012935083161735882
2020-11-16,-0.0007834615977392273
2020-11-17,-0.0011218150829737858
2020-11-18,-0.0005836403397274567
2020-11-19,-0.0007194501877727268
2020-11-20,0.0008893713860115084
2020-11-23,1.7345684040372052e-05
2020-11-24,0.007082943069554931
2020-11-25,0.0031493939527469507
2020-11-27,0.004653305342753152
2020-11-30,0.0011480133360747353
2020-12-01,0.02659836170149591
2020-12-02,0.0005459983889163922
2020-12-03,-0.0009628057931403743
2020-12-04,6.697820054274179e-05
2020-12-07,0.002526651473244885
2020-12-08,0.0007739069957588092
2020-12-09,-0.001989088448632796
2020-12-10,-0.001196926922469103
2020-12-11,0.001443818116788155
2020-12-14,0.0035336667957368137
2020-12-15,0.029599372174356302
2020-12-16,0.002749963338275344
2020-12-17,0.0032934165120217396
2020-12-18,-0.0015781172141922483
2020-12-21,-0.000940880093447407
2020-12-22,0.0013649504270573933
2020-12-23,-0.0024178411482054895
2020-12-24,0.016639765953210754
2020-12-28,0.005097436372355684
2020-12-29,0.00045034016883536103
2020-12-30,7.388986355074797e-05
2020-12-31,0.0011797816758190817
2021-01-04,-0.007058718174117383
2021-01-05,0.014184985875787186
2021-01-06,-0.03448417052276133
2021-01-07,0.002068312863423274
2021-01-08,-0.0034263413186867383
2021-01-11,0.0021060485387679783
2021-01-12,-0.0013339068812714362
2021-01-13,0.0007225140984735058
2021-01-14,-0.0007949340848677884
2021-01-15,0.0012017939914607514
2021-01-19,1.0572555383143696e-05
2021-01-20,0.03141993692377396
2021-01-21,0.004057667291105502
2021-01-22,-0.0014458572826308474
2021-01-25,0.004199409039161826
2021-01-26,0.0006780031257072126
2021-01-27,-0.014049726914662343
2021-01-28,0.032979110028992314
2021-01-29,-0.010345725235971734
2021-02-01,0.036341826801081785
2021-02-02,0.029697741410984684
2021-02-03,-0.0019253051787843502
2021-02-04,0.011163092562491692
2021-02-05,-0.0007318539147130423
2021-02-08,0.047575330011873675
2021-02-09,-0.001701194789344697
2021-02-10,0.0003625071834771735
2021-02-11,-0.0012476940948966853
2021-02-12,-1.5003281382464074e-05
2021-02-16,-0.001953909792192985
2021-02-17,0.00025769804944696
2021-02-18,-0.001238755357992195
2021-02-19,-0.00036018451409196447
2021-02-22,0.0006317026991941649
2021-02-23,-0.00442460930162448
2021-02-24,0.011292349616903587
2021-02-25,-0.002155785345157697
2021-02-26,4.099318373539107e-05
2021-03-01,0.04368221016949475
2021-03-02,-0.0005601332668084706
2021-03-03,-0.04365786605336343
2021-03-04,-0.02228219561048562
2021-03-05,0.02234013011984709
2021-03-08,-0.039596276178345546
2021-03-09,0.05366797974060798
2021-03-10,0.0002461322966245042
2021-03-11,0.03277898103552995
2021-03-12,0.0011240126408229407
2021-03-15,0.001378437121997431
2021-03-16,0.00011930444756079974
2021-03-17,-0.0007602237806801254
2021-03-18,0.0014356059339612718
2021-03-19,0.007094482259376471
2021-03-22,0.029459629431369358
2021-03-23,0.001246253791773888
2021-03-24,0.0014674063344761541
2021-03-25,-0.0021926515139885955
2021-03-26,0.02958488288065283
2021-03-29,-0.0004264272501395657
2021-03-30,-0.009691513535086274
2021-03-31,0.030240534822097185
2021-04-01,0.008517241676286303
2021-04-05,0.009947489082282377
2021-04-06,-0.00023980432517124934
2021-04-07,0.0012877514413932839
2021-04-08,0.005491885125902468
2021-04-09,0.0029319847276112173
2021-04-12,-0.0007835078698211035
2021-04-13,0.006168924459477246
2021-04-14,0.015991471215351813
2021-04-15,0.007693962889299563
2021-04-16,-0.014157886009394677
2021-04-19,0.02855268392549184
2021-04-20,-0.0035281505884488364
2021-04-21,0.04458787256550389
2021-04-22,-0.040965419216603384
2021-04-23,0.034951503057806824
2021-04-26,0.0031394054684718118
2021-04-27,-0.0022325884793453717
2021-04-28,-0.0015780041669883821
2021-04-29,0.0019157238661048806
2021-04-30,-0.04557464439478835
2021-05-03,-0.019520059613490258
2021-05-04,-0.031239595632894388
2021-05-05,0.0061405718937958265
2021-05-06,0.015557738210174367
2021-05-07,0.024754665676362874
2021-05-10,-0.07834026451930264
2021-05-11,0.0017909798263732709
2021-05-12,-0.07040481454747373
2021-05-13,0.02142012952323518
2021-05-14,0.04535104513264562
2021-05-17,-0.012475952164296686
2021-05-18,-0.014803260944194348
2021-05-19,0.0317443224304163
2021-05-20,0.02804193445757816
2021-05-21,-0.00605178485596569
2021-05-24,0.043412391061311395
2021-05-25,0.006431372973170221
2021-05-26,0.005035512468667739
2021-05-27,0.007626799701547003
2021-05-28,0.006317931545061754
2021-06-01,-0.008771898759297802
2021-06-02,0.010597831875366183
2021-06-03,-0.018949226122653255
2021-06-04,0.034114120416620874
2021-06-07,0.005960701689002798
2021-06-08,0.0003535495279141091
2021-06-09,-0.006037954626657728
2021-06-10,0.022906685514189402
2021-06-11,0.007097518024050955
2021-06-14,0.004617620663303787
2021-06-15,-0.0033426252926031584
2021-06-16,-0.002292528762286206
2021-06-17,0.006348706795517052
2021-06-18,-0.004358045042859449
2021-06-21,0.0032358529914971496
2021-06-22,0.004977366965848786
2021-06-23,-9.808895614653827e-05
2021-06-24,0.0031863607613114796
2021-06-25,-0.0006807722272155241
2021-06-28,0.00031275265647969847
2021-06-29,-0.0006284270424497763
2021-06-30,0.0018074480227049665
2021-07-01,0.0013962096944463481
2021-07-02,-0.0003315930594870078
2021-07-06,0.016944924169846356
2021-07-07,0.002231383350199328
2021-07-08,0.04957321194754076
2021-07-09,0.02813434147967525
2021-07-12,0.0018367004931150795
2021-07-13,-0.0004049904390152851
2021-07-14,0.0012462380873935093
2021-07-15,0.011509463023522558
2021-07-16,-0.03778906418008669
2021-07-19,-0.0031642783176858407
2021-07-20,0.025788139575773715
2021-07-21,0.04913204876392324
2021-07-22,0.003362904765114384
2021-07-23,0.0157795732203631
2021-07-26,-0.0008158131124831735
2021-07-27,-0.03329769129113686
2021-07-28,0.027318555386811307
2021-07-29,0.028503748225591555
2021-07-30,-0.0024900352204330284
2021-08-02,0.000226511746254589
2021-08-03,0.015271407959667352
2021-08-04,0.018560112620372427
2021-08-05,0.002939642052455273
2021-08-06,-0.002372895069317637
2021-08-09,0.0007521259107817118
2021-08-10,0.00015826956256203564
2021-08-11,0.0014105352462056605
2021-08-12,0.0004679433042562948
2021-08-13,0.000314874975500719
2021-08-16,0.001108845583401086
2021-08-17,0.0018422703631592022
2021-08-18,-0.022138997601852093
2021-08-19,0.013632603190964425
2021-08-20,0.01527254009700827
2021-08-23,0.047991922038916585
2021-08-24,0.001469257103216189
2021-08-25,0.0005177606928781987
2021-08-26,-0.003181361241908202
2021-08-27,0.005207796426975511
2021-08-30,0.005749062679589425
2021-08-31,-0.00046889801182515656
2021-09-01,0.0007972309172723065
2021-09-02,-0.0002389636698809856
2021-09-03,0.001553352143357381
2021-09-07,0.0005441004610751692
2021-09-08,-0.001646518851719109
2021-09-09,-0.0016226363046601207
2021-09-10,0.007621224019177998
2021-09-13,-0.00022904955233888486
2021-09-14,-0.0013637059679134965
2021-09-15,0.016264030511218986
2021-09-16,0.000170055960638546
2021-09-17,-0.006048640682071135
2021-09-20,-0.010173864423512218
2021-09-21,-0.0008024742669700787
2021-09-22,0.028764222568631044
2021-09-23,0.02282011100779561
2021-09-24,0.0002949303307935838
2021-09-27,0.0006566186225762797
2021-09-28,0.00010940405827507163
2021-09-29,0.0022345563632882905
2021-09-30,-0.0037844267258385737
2021-10-01,0.008626256642418223
2021-10-04,-0.031314343649522264
2021-10-05,0.018739533600240915
2021-10-06,0.011140261172241917
2021-10-07,0.016227685733977516
2021-10-08,-0.0004201106734746108
2021-10-11,0.00040543862617627537
2021-10-12,0.0012349798284669858
2021-10-13,-7.12500991465032e-05
2021-10-14,0.0003082550423930123
2021-10-15,-0.0027391522199242237
2021-10-18,-0.0005072005339955043
2021-10-19,0.003958096133130014
2021-10-20,-0.0004811869261747677
2021-10-21,0.0024790832542053226
2021-10-22,-0.004342403166950786
2021-10-25,0.005362024515144196
2021-10-26,0.0014679921794296554
2021-10-27,0.0010541472005259794
2021-10-28,0.005665866881625308
2021-10-29,0.0025561874034221647
2021-11-01,0.001517248942178064
2021-11-02,0.002646295207784655
2021-11-03,0.005300071056865054
2021-11-04,0.011060278350026279
2021-11-05,0.02761008517548678
2021-11-08,9.717963505501853e-05
2021-11-09,0.014076291869059903
2021-11-10,-0.008337569951070524
2021-11-11,0.0010262198810348417
2021-11-12,0.005640464013991566
2021-11-15,0.001518561996044452
2021-11-16,0.00011296712849415223
2021-11-17,0.0010184869932116309
2021-11-18,-0.0015032313066134263
2021-11-19,0.0003216239652510599
2021-11-22,-0.002557347066846386
2021-11-23,-0.0015157343352563502
2021-11-24,0.001045219868988628
2021-11-26,-0.0018906989301218297
2021-11-29,0.000672624295893287
2021-11-30,-0.0030535565023013505
2021-12-01,0.001611992960233251
2021-12-02,0.02173220581477764
2021-12-03,0.0016291656688591902
2021-12-06,-0.0003336294852423113
2021-12-07,0.014414955522079545
2021-12-08,0.002441154605608185
2021-12-09,-0.0001353381286701681
2021-12-10,0.00047961722958294423
2021-12-13,0.001741394740498202
2021-12-14,-0.0013295981549459423
2021-12-15,0.0004298214791419111
2021-12-16,0.0011637883007706543
2021-12-17,0.001628656391370061
2021-12-20,-0.0010103190037223562
2021-12-21,0.04461686530998443
2021-12-22,0.006030925757498658
2021-12-23,0.0037340489435635877
2021-12-27,0.00817289921758362
2021-12-28,-0.002359137028407913
2021-12-29,-0.00013366342118808735
2021-12-30,0.0019908261708208573
2021-12-31,-0.0003627227822687255
2022-01-03,-0.0010531419037886683
2022-01-04,0.0017611614332749535
2022-01-05,-0.0015287855398988578
2022-01-06,-0.0021690275882835326
2022-01-07,-0.0012037487282488728
2022-01-10,0.0009909827929697492
2022-01-11,0.0007175094358639505
2022-01-12,-0.0019539061549873125
2022-01-13,-0.00046362740817234476
2022-01-14,-0.00020765692032401369
2022-01-18,-0.013210187094943275
2022-01-19,0.00225644102660027
2022-01-20,0.0004474684514490917
2022-01-21,-0.0010501335093929774
2022-01-24,0.004242005357842494
2022-01-25,-0.03621527382754029
2022-01-26,-0.001646675275078281
2022-01-27,-0.004268468652543852
2022-01-28,0.014976342701427722
2022-01-31,-0.0013372010788292722
2022-02-01,-0.0008040273982485625
2022-02-02,-0.0005669500526156907
2022-02-03,-0.020684301315856787
2022-02-04,0.005160082404433478
2022-02-07,0.001526833263015582
2022-02-08,0.000510798457737014
2022-02-09,0.00015395774242929028
2022-02-10,-0.0026902460427875004
2022-02-11,0.006274064412702602
2022-02-14,-0.0022670911370683408
2022-02-15,-0.036792412950465495
2022-02-16,0.0016975659479025425
2022-02-17,0.0026953237213609895
2022-02-18,0.016769594221369137
2022-02-22,0.0149064660444362
2022-02-23,0.039165352394588744
2022-02-24,0.0021256211502278335
2022-02-25,-0.02481528456376725
2022-02-28,-0.004293360465733237
2022-03-01,0.0028908506279533646
2022-03-02,0.021309259356183035
2022-03-03,0.0208230439012736
2022-03-04,0.00036757258460578743
2022-03-07,0.004610760003526136
2022-03-08,0.0019281396511046161
2022-03-09,0.04568386036844469
2022-03-10,0.015477312312095861
2022-03-11,0.030569048643502753
2022-03-14,0.02946063859971591
2022-03-15,-0.04956219619524553
2022-03-16,-0.0583195105310339
2022-03-17,-0.0003497824672680284
2022-03-18,-0.0008982388924001076
2022-03-21,0.0007452718132528648
2022-03-22,-0.0014828472654070904
2022-03-23,0.002679076935182167
2022-03-24,0.0012905492597254048
2022-03-25,-0.001790599651379657
2022-03-28,-0.0018624510413237916
2022-03-29,-0.0019235617665666386
2022-03-30,-0.0005019240623985886
2022-03-31,0.001585716024942046
2022-04-01,-0.001349494099558419
2022-04-04,0.010595020959527093
2022-04-05,-0.012105549957763202
2022-04-06,0.0009536213886386024
2022-04-07,0.0015594497342388146
2022-04-08,0.00025739695113081074
2022-04-11,0.0016182977773940251
2022-04-12,0.008166469020593816
2022-04-13,-0.030023562017475722
2022-04-14,0.03217614810232169
2022-04-18,-0.0019891342597067618
2022-04-19,-0.033646978046565267
2022-04-20,0.021841529484802384
2022-04-21,0.028891390542382656
2022-04-22,0.040793452242323815
2022-04-25,-0.020008810331328772
2022-04-26,0.05875449918832976
2022-04-27,0.004673735306844574
2022-04-28,0.08552755950561465
2022-04-29,0.06454985995908387
2022-05-02,-0.025917619715364302
2022-05-03,-0.001456147053028896
2022-05-04,-0.051488313692450514
2022-05-05,0.07151688523401607
2022-05-06,0.02034666531990589
2022-05-09,-0.0008656738554549334
2022-05-10,0.01645917579881291
2022-05-11,0.020838980611619894
2022-05-12,-0.0014685427295593671
2022-05-13,0.03335358733755141
2022-05-16,-0.00014081227512088672
2022-05-17,-0.0025126658845459893
2022-05-18,-0.00670259278468012
2022-05-19,0.0010210807355539343
2022-05-20,0.004927461078309087
2022-05-23,-0.00017048629070651536
2022-05-24,-0.0027113534247235997
2022-05-25,0.02058973653051198
2022-05-26,0.04290433294477302
2022-05-27,0.05227949624296412
2022-05-31,-0.0049372908272629756
2022-06-01,-0.008016738791160397
2022-06-02,0.03947051464267039
2022-06-03,-0.04099555401185675
2022-06-06,0.005948764708697676
2022-06-07,0.0009806008163698442
2022-06-08,0.0003585289852838454
2022-06-09,0.0012720794158198909
2022-06-10,0.05168096499831908
2022-06-13,0.06915483241447588
2022-06-14,-0.0017718712113337653
2022-06-15,0.0018638583734998276
2022-06-16,0.05914372979884774
2022-06-17,0.0026867140349590823
2022-06-21,0.0360672544043085
2022-06-22,0.0032313940619032814
2022-06-23,-0.00680269348242186
2022-06-24,0.012876644414754015
2022-06-27,-0.0010816436939256656
2022-06-28,-0.03904411550691923
2022-06-29,-0.03574088050122325
2022-06-30,0.0039456472443979256
2022-07-01,-0.05508750669936261
2022-07-05,0.010934913397145613
2022-07-06,0.008349365816255406
2022-07-07,0.06801415457527948
2022-07-08,0.007715684404804995
2022-07-11,-0.036635186218974755
2022-07-12,0.0016290719960129372
2022-07-13,0.013182826422461075
2022-07-14,0.03045375650257458
2022-07-15,0.026586341347909586
2022-07-18,-0.007786731779620262
2022-07-19,0.0385699476625189
2022-07-20,-0.0011238132192083747
2022-07-21,0.003395120844886515
2022-07-22,0.001360582052054565
2022-07-25,0.0002929236214469947
2022-07-26,-0.023016450738757972
2022-07-27,0.06192904441250672
2022-07-28,0.01949137001710322
2022-07-29,0.011554422216979353
2022-08-01,0.004779230675134183
2022-08-02,-0.0018191776335600561
2022-08-03,0.0015123844235243513
2022-08-04,-0.006890091060009161
2022-08-05,0.00988852801457082
2022-08-08,0.0017779971439314058
2022-08-09,-0.00017680775578654117
2022-08-10,-0.0032665652228095403
2022-08-11,-0.0005114263570893322
2022-08-12,0.003151199077994932
2022-08-15,-0.011824410054156801
2022-08-16,0.00310766499877443
2022-08-17,-0.0026516027500686737
2022-08-18,0.0024376220651457794
2022-08-19,-3.031045485948837e-05
2022-08-22,0.00042990817433793244
2022-08-23,0.002013130774466377
2022-08-24,-0.004837679868063252
2022-08-25,-0.025571761843491244
2022-08-26,0.05916718450806741
2022-08-29,-0.014048604682316782
2022-08-30,-0.001281102605040517
2022-08-31,-0.0032407181060075604
2022-09-01,-0.006276451597973416
2022-09-02,-0.011710467603596474
2022-09-06,-0.009740245914476416
2022-09-07,0.023309102118365798
2022-09-08,0.01736794686289439
2022-09-09,-0.0020942378449695237
2022-09-12,-0.01834498011046387
2022-09-13,0.07926421867245025
2022-09-14,-0.013042551662637736
2022-09-15,0.025767061477613377
2022-09-16,0.011158652754822708
2022-09-19,-0.013722421103158007
2022-09-20,0.01274742143521043
2022-09-21,0.029423549388154432
2022-09-22,-0.0006616663802159223
2022-09-23,0.00019078117916590705
2022-09-26,-0.000308067675516882
2022-09-27,0.0005222598053848497
2022-09-28,0.0026607374156925475
2022-09-29,0.002769172027434895
2022-09-30,-0.028520001777712915
2022-10-03,0.047645934281252265
2022-10-04,0.0031615742382403167
2022-10-05,-0.0009758366801577057
2022-10-06,0.01256010530209407
2022-10-07,0.05777823635640484
2022-10-10,0.016673819595392728
2022-10-11,0.020419055788031413
2022-10-12,-0.0036256659923301253
2022-10-13,0.041714229330763186
2022-10-14,0.044330521368260795
2022-10-17,-0.05109732000340011
2022-10-18,-0.00738019097217978
2022-10-19,0.016626038557390647
2022-10-20,0.00845294565537994
2022-10-21,-0.03438095515384285
2022-10-24,-0.0004903927427901483
2022-10-25,-0.002281738177089607
2022-10-26,-0.0013087637996293455
2022-10-27,-0.025237574477766773
2022-10-28,0.054119350342790286
2022-10-31,-0.00010205016913193915
2022-11-01,0.0016004734880584268
2022-11-02,-0.0005099731042177182
2022-11-03,0.027950006075781585
2022-11-04,-0.023326094489801583
2022-11-07,-0.01636445610741226
2022-11-08,-0.010292981914738753
2022-11-09,0.035175181187702007
2022-11-10,-0.0006962014810766998
2022-11-11,0.025467269456691328
2022-11-14,-0.011925945781397877
2022-11-15,0.02018154437937789
2022-11-16,-0.0220304022735089
2022-11-17,-0.004273605988114647
2022-11-18,-0.001035493584134475
2022-11-21,0.0012708266784591245
2022-11-22,0.01947544398837318
2022-11-23,-0.0012224600548309658
2022-11-25,-0.010154240543898104
2022-11-28,-0.02134722305639907
2022-11-29,-0.00997297836861694
2022-11-30,0.06441094873501363
2022-12-01,0.0033724226169522353
2022-12-02,-0.007909158470209678
2022-12-05,-0.033560965298149996
2022-12-06,-0.030927948409206107
2022-12-07,-0.004281162736946069
2022-12-08,0.016604028847997963
2022-12-09,-0.009935913934472088
2022-12-12,0.017764580239788542
2022-12-13,0.017901153841575094
2022-12-14,-0.013729621627032895
2022-12-15,-0.04969077968387374
2022-12-16,-0.014567818395449498
2022-12-19,-0.021503216904035168
2022-12-20,-8.64558639846729e-05
2022-12-21,0.00031732834321381714
2022-12-22,-0.035668343491297445
2022-12-23,-0.0009003012172224037
2022-12-27,9.834054209709175e-05
2022-12-28,-0.019929733601178813
2022-12-29,0.03370969015897804
2022-12-30,0.001392441416227249
2023-01-03,-0.0007181432262446646
2023-01-04,0.0006621218640139766
2023-01-05,-5.606881191764709e-05
2023-01-06,-0.005084634717288948
2023-01-09,0.011080831012491979
2023-01-10,0.013133173142001728
2023-01-11,0.024747246641054977
2023-01-12,0.010430182390044418
2023-01-13,0.013372475458099454
2023-01-17,0.007551487802731918
2023-01-18,-0.025055006334949996
2023-01-19,-0.013516955660001698
2023-01-20,0.03901168271686125
2023-01-23,0.02935299681449227
2023-01-24,-0.001416542827218962
2023-01-25,0.0003708622266557881
2023-01-26,0.014588588127549526
2023-01-27,0.0039124757576571145
2023-01-30,-0.01835917513515283
2023-01-31,0.0215447149563486
2023-02-01,0.03433342253032219
2023-02-02,0.0394933959692203
2023-02-03,-0.010719944848338646
2023-02-06,-0.005623478528763919
2023-02-07,0.010504303009294013
2023-02-08,0.00098322569461237
2023-02-09,-0.0023044674116813333
2023-02-10,0.0011181143143704254
2023-02-13,-0.0017211742238644333
2023-02-14,-0.0011323919725340272
2023-02-15,0.00034136051738149114
2023-02-16,0.00035979796223246983
2023-02-17,0.0007562347678513569
2023-02-21,-0.0006675015063014931
2023-02-22,0.0002207208265517745
2023-02-23,0.00032351071124198344
2023-02-24,-1.0574010452040882e-05
2023-02-27,-0.0005434752661459849
2023-02-28,0.0016032704690360472
2023-03-01,-0.001541207725949622
2023-03-02,0.0017597247229281195
2023-03-03,0.001050716830940888
2023-03-06,-0.0016328378265233106
2023-03-07,-0.00035804438938131415
2023-03-08,-0.00044528311276509884
2023-03-09,0.0024997729635685252
2023-03-10,-0.019685987667948417
2023-03-13,0.000453318123694273
2023-03-14,0.02446412137258688
2023-03-15,-0.004984301180955659
2023-03-16,0.02575838006576079
2023-03-17,-0.02432794567805551
2023-03-20,0.018853084086678566
2023-03-21,0.04035073547746547
2023-03-22,-0.031842974500788664
2023-03-23,0.021055920754642826
2023-03-24,0.01478736932645364
2023-03-27,-0.000994976604581802
2023-03-28,-0.0031910758129377326
2023-03-29,0.021354399147569574
2023-03-30,0.00853310699584833
2023-03-31,0.02184853423135757
2023-04-03,0.003970181488886388
2023-04-04,-0.03032227081873369
2023-04-05,-0.030257294206872426
2023-04-06,-0.0042180214782836616
2023-04-10,0.02156227180599975
2023-04-11,-0.008613381032127679
2023-04-12,-0.030651540812401623
2023-04-13,0.020797476605301856
2023-04-14,-0.003692018175173662
2023-04-17,0.0011212070038167745
2023-04-18,0.005720057950462647
2023-04-19,-0.016520250953736427
2023-04-20,-0.0013594433551271069
2023-04-21,-0.012918676555933397
2023-04-24,-0.008283591014484688
2023-04-25,-0.04492679191491472
2023-04-26,0.0037913385009656956
2023-04-27,0.019953029066727777
2023-04-28,0.02879709145599303
2023-05-01,0.014755044373608344
2023-05-02,-0.008513303391162455
2023-05-03,-0.01812115209622819
2023-05-04,-0.006900251891767733
2023-05-05,0.02765393785580043
2023-05-08,0.006875846701773621
2023-05-09,-0.022009450886898062
2023-05-10,0.012033719752861254
2023-05-11,-0.007344768425527658
2023-05-12,0.0002825139703939672
2023-05-15,0.03718206509556966
2023-05-16,-0.0030397567790568566
2023-05-17,0.01784543224399725
2023-05-18,-0.0003712228498038027
2023-05-19,0.00017947069387042806
2023-05-22,-0.00030128382514999906
2023-05-23,0.0011036344052892182
2023-05-24,-0.0006368395095656259
2023-05-25,-0.0009899501621221474
2023-05-26,0.0003666266190372087
2023-05-30,0.0015564958944830132
2023-05-31,0.0013351067649352102
2023-06-01,0.006555256743629872
2023-06-02,0.002361384661454848
2023-06-05,0.00047761953783541974
2023-06-06,-0.0003284485598836474
2023-06-07,-0.008932603253379396
2023-06-08,0.007016907006750419
2023-06-09,0.001013144517973462
2023-06-12,0.008959168007132772
2023-06-13,0.0030057720594821053
2023-06-14,0.003412706553946647
2023-06-15,0.007132952627688272
2023-06-16,-0.02956502985163702
2023-06-20,-0.0005314380931686227
2023-06-21,-0.0068002045994594905
2023-06-22,0.005294141987987221
2023-06-23,-0.0045146356140864825
2023-06-26,-0.006276776870996971
2023-06-27,0.007728008574966239
2023-06-28,0.0015277317794595733
2023-06-29,-0.002232685299916939
2023-06-30,0.007864887245231215
2023-07-03,0.0005999049031368261
2023-07-05,-0.00013674686798176823
2023-07-06,-0.004131539116230674
2023-07-07,-0.0003598825908168971
2023-07-10,0.00018543214520846127
2023-07-11,-3.2751195277276254e-06
2023-07-12,0.0009241034926632907
2023-07-13,-0.00038050826147088487
2023-07-14,-0.0014609643728459606
2023-07-17,2.8632652308031788e-05
2023-07-18,0.0026346174029370784
2023-07-19,0.014951578642482219
2023-07-20,-0.0006070727511194288
2023-07-21,-0.001438051252978212
2023-07-24,0.00017951247493617876
2023-07-25,0.0033274788992180017
2023-07-26,-0.0011741736520919286
2023-07-27,-0.001931688015943002
2023-07-28,0.002009726048767593
2023-07-31,0.0012114209017143455
2023-08-01,-0.001390316076833406
2023-08-02,0.0002115389572202404
2023-08-03,-8.635136596894875e-05
2023-08-04,-0.021883836784506186
2023-08-07,0.0036831835855781325
2023-08-08,-0.011665325841108732
2023-08-09,-0.019925087888680276
2023-08-10,0.0007003177972982473
2023-08-11,-0.010402598985584086
2023-08-14,0.02264544946489823
2023-08-15,-0.01521018159606969
2023-08-16,-0.01366084478826573
2023-08-17,-0.014325871722361177
2023-08-18,0.0014908132957246946
2023-08-21,0.026840231993871103
2023-08-22,-0.00294423288826532
2023-08-23,0.016877277749036548
2023-08-24,-0.018511643939622825
2023-08-25,0.010279469431589932
2023-08-28,0.018358263061609714
2023-08-29,0.04943528111356263
2023-08-30,0.010053991535529725
2023-08-31,0.011594969689404098
2023-09-01,0.002979048164207179
2023-09-05,0.0006076148933542249
2023-09-06,-0.012848144521157935
2023-09-07,-0.004171940207370864
2023-09-08,-0.008080383896140218
2023-09-11,-0.0022647364934511105
2023-09-12,-0.012250668080069131
2023-09-13,0.006528851284141428
2023-09-14,0.011766028191766392
2023-09-15,-0.041627103024093386
2023-09-18,0.004058277978373227
2023-09-19,-0.012843889592044173
2023-09-20,-0.031513835646197766
2023-09-21,-0.03733440738552503
2023-09-22,0.013416491148332786
2023-09-25,0.006526728973929597
2023-09-26,-0.023508740459459214
2023-09-27,-0.0003613439935441455
2023-09-28,0.005326075273131007
2023-09-29,-0.00587739462105706
2023-10-02,-0.0003297241106922826
2023-10-03,-0.020586379299779085
2023-10-04,0.009423760868486817
2023-10-05,-0.0026101940944495824
2023-10-06,0.0177072807335397
2023-10-09,0.012887299024346797
2023-10-10,0.006686065399711047
2023-10-11,0.007969908214953383
2023-10-12,-0.007903880077901371
2023-10-13,-0.0009581557322921458
2023-10-16,0.013060901023559404
2023-10-17,-0.01249033747982196
2023-10-18,-0.022642395165236265
2023-10-19,-0.01310541025788654
2023-10-20,-0.01836721286948166
2023-10-23,-0.004719648719470849
2023-10-24,0.012823143864781105
2023-10-25,-0.01955559202387744
2023-10-26,0.021571107816944074
2023-10-27,-0.006015799612333756
2023-10-30,0.015404759333013884
2023-10-31,0.005242503808634044
2023-11-01,0.010423459756423607
2023-11-02,0.03409098999191813
2023-11-03,0.043930673875587814
2023-11-06,-0.0016751343177161403
2023-11-07,0.014441725542383575
2023-11-08,0.0022504616034084964
2023-11-09,-0.011463261179956453
2023-11-10,0.07269578587836939
2023-11-13,-0.003148106315437042
2023-11-14,0.06371028923186778
2023-11-15,0.011869816804945164
2023-11-16,0.0012899908303107901
2023-11-17,0.002036881844853404
2023-11-20,0.006148930106766057
2023-11-21,-0.0026165044108489906
2023-11-22,0.005549153574336972
2023-11-24,0.0012515315893165775
2023-11-27,0.0001786637441401258
2023-11-28,-0.008049328917922502
2023-11-29,0.014410415158080446
2023-11-30,-0.010115893501108105
2023-12-01,0.007109464584660209
2023-12-04,-0.0211132789029492
2023-12-05,-0.007143668411357639
2023-12-06,-0.013212760079898366
2023-12-07,0.04588970720072836
2023-12-08,0.013462942222240227
2023-12-11,0.055673783711115546
2023-12-12,0.004043590397249905
2023-12-13,0.008888924894984333
2023-12-14,-0.0037208879526301323
2023-12-15,0.031689831421489054
2023-12-18,0.001609085182012909
2023-12-19,0.011860251335109633
2023-12-20,0.045204720990980767
2023-12-21,0.022035159111063927
2023-12-22,0.0017316628917252662
2023-12-26,0.0098781921192764
2023-12-27,0.0012297888531836124
2023-12-28,0.0009656057196166589
2023-12-29,-0.00777021400594499
2024-01-02,-0.047195126427309365
2024-01-03,-0.022262819880668343
2024-01-04,-0.013317115952708482
2024-01-05,-5.9579027489268925e-05
2024-01-08,0.035662540212090185
2024-01-09,0.003016328246581686
2024-01-10,0.012310384793981185
2024-01-11,0.005721854451664463
2024-01-12,-0.004352138176555401
2024-01-16,0.020625380164080866
2024-01-17,-0.014769424884697013
2024-01-18,0.05035734298691311
2024-01-19,0.018830909952920815
2024-01-22,-0.00032874228985367137
2024-01-23,0.0014507998641112708
2024-01-24,-0.0026545214836398946
2024-01-25,0.002550136137702326
2024-01-26,-0.0061863343687328185
2024-01-29,0.016448419785688628
2024-01-30,-0.024875097149502787
2024-01-31,-0.030909614142566925
2024-02-01,0.011352428348115664
2024-02-02,0.026639220313785614
2024-02-05,0.02044865622876472
2024-02-06,0.0008969025632757749
2024-02-07,-0.0005645750130819697
2024-02-08,3.778982072681671e-05
2024-02-09,-0.001141109106866306
2024-02-12,-0.00010275975831958156
2024-02-13,-0.001764079321216444
2024-02-14,7.00384070034375e-05
2024-02-15,0.0005304061710588278
2024-02-16,0.00018679779125246778
2024-02-20,0.0010091134389652518
2024-02-21,-0.0007496667411014202
2024-02-22,2.0066139008192687e-05
2024-02-23,-0.00122748743532932
2024-02-26,-0.0006309329515169066
2024-02-27,0.0012002632325245903
2024-02-28,-0.0021720386997002147
2024-02-29,0.004574654769217224
2024-03-01,0.008510257893134783
2024-03-04,-0.0022818625087088693
2024-03-05,-0.008663179241555614
2024-03-06,0.014187418937485723
2024-03-07,0.031024711453236268
2024-03-08,-0.006972751133583366
2024-03-11,-0.005691309647022773
2024-03-12,0.03702566018628413
2024-03-13,-0.004087907909859104
2024-03-14,-0.0016861122557178423
2024-03-15,-0.00043562184750575104
2024-03-18,0.0010489831976521493
2024-03-19,0.001108846200607871
2024-03-20,0.023883137492901888
2024-03-21,0.036510870943372284
2024-03-22,0.0010464145810205403
2024-03-25,-0.01084446840152099
2024-03-26,-0.00497642932147783
2024-03-27,0.00836303665720848
2024-03-28,-0.004034978371249529
2024-04-01,0.004812794857578975
2024-04-02,-0.004069477113322816
2024-04-03,0.002937186921514662
2024-04-04,-0.02460343819472044
2024-04-05,0.018973561559386367
2024-04-08,-0.0013857600109225673
2024-04-09,0.0011286062314853863
2024-04-10,-0.015221106502483433
2024-04-11,0.003833030479575429
2024-04-12,0.0010229159618827693
2024-04-15,0.0032833610058904074
2024-04-16,0.0018513387846805392
2024-04-17,-0.011088269244088095
2024-04-18,-0.016441245924617768
2024-04-19,-0.03052017752545958
2024-04-22,0.008438358297360952
2024-04-23,0.018752998003109735
2024-04-24,0.0072694737284615275
2024-04-25,-0.0033249490216699525
2024-04-26,0.018158404300234646
2024-04-29,0.008012493789139083
2024-04-30,-0.04235641814871731
2024-05-01,-0.018255363924529824
2024-05-02,0.026587750106171232
2024-05-03,0.050609693096837265
2024-05-06,0.035371465073388016
2024-05-07,-0.011575610897696063
2024-05-08,0.00033512379323674994
2024-05-09,-0.004557126197416634
2024-05-10,0.014640810517224483
2024-05-13,0.004110208576400797
2024-05-14,0.027125604128271537
2024-05-15,0.05311241795949168
2024-05-16,-0.009395391937250294
2024-05-17,-0.010136056428137624
2024-05-20,0.036492267298491324
2024-05-21,0.0012238763252940088
2024-05-22,0.014490663870745048
2024-05-23,-0.002494815892438101
2024-05-24,0.004903453804057378
2024-05-28,0.0014680009772793066
2024-05-29,0.000927713322995432
2024-05-30,-0.0004472191343892418
2024-05-31,0.0014560796238377923
2024-06-03,0.002784073754177536
2024-06-04,0.0009811209633365943
2024-06-05,0.03570270037213813
2024-06-06,-0.004730140628867129
2024-06-07,0.00205015897621833
2024-06-10,0.0020593671392650156
2024-06-11,0.0014208975887260102
2024-06-12,-0.0007470372858717053
2024-06-13,0.0007978696284392163
2024-06-14,0.022060532241783934
2024-06-17,-0.005035657730042963
2024-06-18,-0.0022497224755282015
2024-06-20,0.024419901629123015
2024-06-21,-0.01590760987136411
2024-06-24,-0.0484758235929318
2024-06-25,0.02613724727440949
2024-06-26,-0.0035314577744419854
2024-06-27,-0.007347128216610753
2024-06-28,0.011218940368052783
2024-07-01,0.00041360848600967206
2024-07-02,0.0196868037998371
2024-07-03,0.02430326988614565
2024-07-05,0.0037424767571843714
2024-07-08,0.029499617848058768
2024-07-09,-0.00046647926320629064
2024-07-10,0.031919865275466815
2024-07-11,-0.04750019168383909
2024-07-12,0.014328094472419428
2024-07-15,0.002907888005963066
2024-07-16,0.009234248160575016
2024-07-17,-0.12086683911412882
2024-07-18,-0.001622059900510842
2024-07-19,-0.045874050325486485
2024-07-22,0.06319002427509225
2024-07-23,-0.022719241033938256
2024-07-24,-0.08756318332648437
2024-07-25,-0.0382566748834511
2024-07-26,0.026962670212913518
2024-07-29,-0.0004071415787355384
2024-07-30,-0.052511583830266446
2024-07-31,0.06310867906775995
2024-08-01,-0.11787771976147815
2024-08-02,-0.08541180732893124
2024-08-05,-0.010794812715191168
2024-08-06,0.03154907791700973
2024-08-07,-0.04059146337481782
2024-08-08,0.09817270674617815
2024-08-09,-0.0075334952897371755
2024-08-12,0.008837677157098673
2024-08-13,0.062145564283932975
2024-08-14,-0.004205078564564842
2024-08-15,0.07782133467606342
2024-08-16,-0.0018181037830502806
2024-08-19,0.025437289584704623
2024-08-20,-0.019198275971306793
2024-08-21,0.02249610297025733
2024-08-22,-0.05849063567756413
2024-08-23,0.042489407703721234
2024-08-26,-0.041962391791492464
2024-08-27,0.015858467058572787
2024-08-28,-0.02958381368528378
2024-08-29,-0.0060700294475198105
2024-08-30,0.040143356159602094
2024-09-03,-0.12466396475481598
2024-09-04,0.0018078670689348048
2024-09-05,-0.007311306382159919
2024-09-06,-0.06984733363442568
2024-09-09,0.03043374288089011
2024-09-10,0.02139086384201816
2024-09-11,0.07980039495828714
2024-09-12,-0.002198303589442622
2024-09-13,0.028957670378339764
2024-09-16,-0.022479593248150246
2024-09-17,0.00024831964785000676
2024-09-18,-0.01884462552183453
2024-09-19,0.07890513891578989
2024-09-20,-0.025272351523080647
2024-09-23,0.006299709770546829
2024-09-24,0.018035586827662636
2024-09-25,0.011879843578304919
2024-09-26,0.05550263154295976
2024-09-27,-0.028353949333768762
2024-09-30,-0.013588495417868407
2024-10-01,-0.037648897492453315
2024-10-02,0.017407631275872075
2024-10-03,0.0032652142131531594
2024-10-04,0.027122308145863885
2024-10-07,-0.0010080005934584723
2024-10-08,-0.0008211839528125548
2024-10-09,0.00010332762509184
2024-10-10,0.00153548695409032
2024-10-11,0.002488448253261378
2024-10-14,0.0005190947756974275
2024-10-15,0.0010580139452582315
2024-10-16,0.0015821367059129527
2024-10-17,0.012855921122965781
2024-10-18,0.004129282087228376
2024-10-21,-0.0015840449003120365
2024-10-22,-0.003711725500390231
2024-10-23,-0.013369954896008295
2024-10-24,0.006951368469709176
2024-10-25,0.015785545655742916
2024-10-28,-0.0002368102944375177
2024-10-29,0.0019465609287357606
2024-10-30,-0.00042122866552776316
2024-10-31,-0.012499753141791959
2024-11-01,0.015995922072226023
2024-11-04,-0.009291796196705442
2024-11-05,0.02336820723832951
2024-11-06,0.057600920141765495
2024-11-07,0.0005203971859931576
2024-11-08,0.0009176758945023543
2024-11-11,-0.0020167700846096853
2024-11-12,-0.00027604348689356335
2024-11-13,0.001215407047144783
2024-11-14,-0.0005065695749891547
2024-11-15,-0.05008000584091372
2024-11-18,0.019060467965321
2024-11-19,0.004414969994597588
2024-11-20,-0.009766367304481941
2024-11-21,0.026359426271789454
2024-11-22,0.003930236612854162
2024-11-25,0.007114535913965355
2024-11-26,-0.01777226867079429
2024-11-27,-0.02398140358018634
2024-11-29,0.02378336769111755
2024-12-02,0.04279199384975822
2024-12-03,-0.006304173518476055
2024-12-04,0.02549582206375063
2024-12-05,-0.03015396085199625
2024-12-06,0.012817339988774795
2024-12-09,-0.010275234102830152
2024-12-10,-0.038256542900992015
2024-12-11,0.045442754619819385
2024-12-12,-0.014348609554083867
2024-12-13,0.03768031994723788
2024-12-16,0.030435863764753837
2024-12-17,-0.022866646184174087
2024-12-18,-0.05431393570529336
2024-12-19,-0.00022612648616012837
2024-12-20,0.016386199074686813
2024-12-23,0.04413033037330102
2024-12-24,0.016852398011739454
2024-12-26,0.0017505814566067903
2024-12-27,-0.01669127041934029
2024-12-30,-0.030782694258233465
2024-12-31,-0.003212198169750517
2025-01-02,0.0008749630267253596
2025-01-03,0.015737271070302077
2025-01-06,0.014416238039383827
2025-01-07,-0.02567382715692708
2025-01-08,0.0014215613794517174
2025-01-10,-0.030820685490169406
2025-01-13,0.0016854132992121574
2025-01-14,0.0028250292389726387
2025-01-15,0.030415123494286402
2025-01-16,-0.01137050715306005
2025-01-17,0.023956252486595282
2025-01-21,0.010969982318146974
2025-01-22,0.03759961018665554
2025-01-23,0.006084795485708945
2025-01-24,-0.018976987936471595
2025-01-27,-0.08873207692313202
2025-01-28,0.0135751959620903
2025-01-29,0.005156372339538021
2025-01-30,0.030911517590934103
2025-01-31,-0.003173905833266583
2025-02-03,-0.030755989541924385
2025-02-04,0.027347242297297496
2025-02-05,0.029888053524898178
2025-02-06,0.002362327342462387
2025-02-07,-0.03126569323261157
2025-02-10,0.02544861583700203
2025-02-11,-0.00024255494043768028
2025-02-12,0.0028890053577384687
2025-02-13,0.016339334534476363
2025-02-14,-0.002280657257431587
2025-02-18,0.029563312691076475
2025-02-19,0.02616196677707752
2025-02-20,0.0017858172124464256
2025-02-21,-0.04034990750011663
2025-02-24,-0.013110415318055544
2025-02-25,-0.02569211352424007
2025-02-26,0.016983004245304734
2025-02-27,-0.05536018516753459
2025-02-28,0.023256569345124704
2025-03-03,-0.04964653363465761
2025-03-04,-0.004244730853063185
2025-03-05,0.017327132085150142
2025-03-06,-0.043252065105341
2025-03-07,0.018961394836994012
2025-03-10,-0.05776940093266619
2025-03-11,-0.005112270902423717
2025-03-12,0.008903584814677172
2025-03-13,-0.015721147514087572
2025-03-14,0.029264641364381228
2025-03-17,0.0015961297210486756
2025-03-18,6.168741535718739e-05
2025-03-19,-0.0015053750735607267
2025-03-20,-0.004821026728280817
2025-03-21,0.005010360845427696
2025-03-24,0.030610958693224798
2025-03-25,0.007785038184502808
2025-03-26,-0.05202273190098411
2025-03-27,-0.013390711852057998
2025-03-28,-0.04742338151307527
2025-03-31,-0.0020967299719417596
2025-04-01,0.0005413247015217321
2025-04-02,0.008835695233179869
2025-04-03,-0.1397325501267094
2025-04-04,-0.11872299574107759
2025-04-07,-0.003656597805825028
2025-04-08,-0.008262794360253274
2025-04-09,0.016816778035268785
2025-04-10,-0.1236492894683217
2025-04-11,0.025401702322053674
2025-04-14,0.0011007362432255401
2025-04-15,0.006913689623096931
2025-04-16,-0.05883609218557076
2025-04-17,-0.0069922234506086004
2025-04-21,-0.025077209596592046
2025-04-22,0.024219115476522106
2025-04-23,0.05612647289442798
2025-04-24,0.08385677206989203
2025-04-25,0.014470142035439284
2025-04-28,-0.0021264255047784755
2025-04-29,-0.019442484373353
2025-04-30,0.013630241300376838
2025-05-01,-0.003806024833389269
2025-05-02,0.05298910374009484
2025-05-05,-0.006779232942890944
2025-05-06,-0.01553816546820619
2025-05-07,0.02786438917742881
2025-05-08,0.015843103571283892
2025-05-09,0.018857216520086668
2025-05-12,0.12366456278713626
2025-05-13,-0.0025283919390014925
2025-05-14,-0.0026983204085211793
2025-05-15,0.002386096458647799
2025-05-16,-0.0008736142219630135
2025-05-19,0.0076204344271068114
2025-05-20,-0.00662192827468771
2025-05-21,-0.0008773661306957048
2025-05-22,0.00013394829928625078
2025-05-23,-0.02310838358841512
2025-05-27,0.04776702772433063
2025-05-28,-0.006562302200342062
2025-05-29,-0.0007397071176849222
2025-05-30,-0.030906722721726263
2025-06-02,0.022679144406058192
2025-06-03,0.04232428429259589
2025-06-04,0.0023052273177470582
2025-06-05,-0.011097107603753013
2025-06-06,0.004037585598357476
2025-06-09,0.0011030746098691013
2025-06-10,0.003326795243419846
2025-06-11,-0.0009193988067023339
2025-06-12,0.0016047517429636535
2025-06-13,-0.006688379612585503
2025-06-16,0.02139322692346727
2025-06-17,-0.0046329850896012015
2025-06-18,-0.0004483877160473765
2025-06-20,-0.006404059089971148
2025-06-23,0.01995560282796839
2025-06-24,0.024201514394199916
2025-06-25,0.0022471623624473677
2025-06-26,0.016096662405259882
2025-06-27,0.008570256418549837
2025-06-30,0.010668221274026626
2025-07-01,-0.00510203847109504
2025-07-02,0.013434415333899474
2025-07-03,0.004374681408481462
2025-07-07,0.0058407014096644614
2025-07-08,0.00034156816257630723
2025-07-09,0.0010417891784316915
2025-07-10,0.0009756643891699818
2025-07-11,0.002277520544891544
2025-07-14,0.0004795898778544687
2025-07-15,0.0009288345926038085
2025-07-16,3.0387845151200643e-05
2025-07-17,0.0011101741678903273
2025-07-18,0.0002531278412944901
2025-07-21,0.002895289202249114
2025-07-22,-0.002230367254923914
2025-07-23,-0.00797777974994034
2025-07-24,-0.0019806542769839758
2025-07-25,0.0015067195606160053
2025-07-28,0.026562463592478033
2025-07-29,-0.00035038141064679796
2025-07-30,0.00012505339110643508
2025-07-31,-0.0026495835111689015
2025-08-01,-0.027863796566519466
2025-08-04,0.02824986535832897
2025-08-05,-0.012994839537358194
2025-08-06,-0.004413222955367733
2025-08-07,0.022316636134323234
2025-08-08,0.01882595418465563
2025-08-11,-0.0034269953615167657
2025-08-12,0.053188109699546696
2025-08-13,0.02391545176556507
2025-08-14,0.00236940994004698
2025-08-15,-0.014191369534359323
2025-08-18,0.0027236893583622037
2025-08-19,-0.023596991246667254
2025-08-20,-0.013237534611539281
2025-08-21,-0.007910409486723993
2025-08-22,0.027720682067710403
2025-08-25,-0.005041323718793285
2025-08-26,0.00880261936725776
2025-08-27,0.007987324938036621
2025-08-28,0.015084140294964061
2025-08-29,-0.028996541508654283
2025-09-02,-0.01935903272084957
2025-09-03,-0.002670953241577418
2025-09-04,0.019151994131984137
2025-09-05,0.01613750209606732
2025-09-08,0.014367200698477776
2025-09-09,0.003268161195399929
2025-09-10,0.026597255203871552
2025-09-11,0.013143358869708749
2025-09-12,0.004437758365003576
2025-09-15,0.01656125712446922
2025-09-16,0.00801539406959381
2025-09-17,-0.004958801941555814
2025-09-18,0.028296110975876976
2025-09-19,0.018294690646092928
2025-09-22,0.024310744892645484
2025-09-23,0.008058571396345764
2025-09-24,-0.006937232661203
2025-09-25,-0.009275918555073603
2025-09-26,0.01008680443127195
2025-09-29,0.00249657343847082
2025-09-30,0.0016129726993390572
2025-10-01,0.0029862725962678926
2025-10-02,0.0034309366957217748
2025-10-03,-0.002683140556731135
2025-10-06,0.014929892059762816
2025-10-07,-0.0023912779096692126
2025-10-08,0.022681794564342314
2025-10-09,-0.0006655414866814977
2025-10-10,-0.05822189082093253
2025-10-13,0.03302501854262781
2025-10-14,-0.005543273013005025
2025-10-15,0.009884233098526202
2025-10-16,-0.011846371634511303
2025-10-17,0.011121672966093621
2025-10-20,0.021721740140406412
2025-10-21,-0.0002634478621458898
2025-10-22,-0.012723466051389791
2025-10-23,0.012575547970348495
2025-10-24,0.0170729893848118
2025-10-27,0.026804401503138515
2025-10-28,0.005125851244287426
2025-10-29,0.027924115164282042
2025-10-30,-0.007584013273376288
2025-10-31,0.0025748897527875605
2025-11-03,0.002396303581148533
2025-11-04,-0.009947019402626938
2025-11-05,0.007622261824797957
2025-11-06,-0.018367245782671293
2025-11-07,0.0014315907451703113
2025-11-10,0.03502921656781461
2025-11-11,-0.004545301391604848
2025-11-12,0.022327642755148095
2025-11-13,-0.048714538605097495
2025-11-14,0.009159928748741924
2025-11-17,-0.017111608824339573
2025-11-18,-0.030539007241584728
2025-11-19,0.013173034278581176
2025-11-20,-0.05853925135360467
2025-11-21,0.004716301429135218
2025-11-24,0.03804515000209191
2025-11-25,0.005959341449795425
2025-11-26,0.0219257846310614
2025-11-28,0.016170889556700718
2025-12-01,-0.0006596549744690044
2025-12-02,0.019260705024537264
2025-12-03,0.004530436951466045
2025-12-04,0.004734874349803555
2025-12-05,0.013116470355474707
2025-12-08,0.010896790566381515
2025-12-09,-0.0003932080068751933
2025-12-10,0.007798655972967021
2025-12-11,-0.004973809213112522
2025-12-12,-0.03887655866753546
2025-12-15,-0.016024397669398692
2025-12-16,0.0030375754735577237
2025-12-17,-0.04228062465760192
2025-12-18,0.0294068198763972
2025-12-19,0.03784817445182224
2025-12-22,0.010786189660648648
2025-12-23,0.009876771427327711
2025-12-24,0.0054490407997008295
2025-12-26,0.001161786241854948
2025-12-29,-0.009026644999075148
2025-12-30,-0.006114834964649055
2025-12-31,-0.01946902492917712
2026-01-02,0.001882755252139799
2026-01-05,0.015910371591453865
2026-01-06,0.025149619719632556
2026-01-07,0.0019355132340274283
2026-01-08,-0.025994870093664878
2026-01-09,0.024139997759188465
2026-01-12,0.006739247087683066
2026-01-13,-0.003842297687559519
2026-01-14,-0.02428031663864994
2026-01-15,0.009454811679921694
2026-01-16,0.0009722925587233092
2026-01-20,-0.04964901114879103
2026-01-21,0.026471422450561503
2026-01-22,0.014595286263906878
2026-01-23,0.003438317186355459
2026-01-26,0.012259546255007903
2026-01-27,0.024919798740202653
2026-01-28,0.013366280604338537
2026-01-29,-0.00652884687882215
2026-01-30,-0.035707179919119585
2026-02-02,0.01660141615444565
2026-02-03,-0.03947588250832068
2026-02-04,-0.04924984288088294
2026-02-05,-0.0327950378799719
2026-02-06,0.09016431099339604
2026-02-09,0.027553233180886934
2026-02-10,-0.009277560663040477
2026-02-11,0.005050832935539588
2026-02-12,-0.04067349650473272
2026-02-13,0.003214576338014564
2026-02-17,-0.001737017395126212
2026-02-18,0.014320056108962032
2026-02-19,-0.0075240099070254494
2026-02-20,0.01685573387280928
2026-02-23,-0.0313385155558043
2026-02-24,0.02378279171316931
2026-02-25,0.03539970651178753
2026-02-26,-0.02698500159353516
2026-02-27,-0.025934647328528355
2026-03-02,0.008884165524342262
2026-03-03,-0.02660971127631412
2026-03-04,0.03199627349575704
2026-03-05,0.0011350222814634223
2026-03-06,-0.02766359712868203
2026-03-09,0.019579470578470204
2026-03-10,-0.0029416921504122357
2026-03-11,-0.00028463405968606845
2026-03-12,-0.02204377802765454
2026-03-13,-0.006088751869684883
2026-03-16,0.011741153029538052
2026-03-17,0.002814858536617723
2026-03-18,-0.01961758655850183
2026-03-19,-0.010834330783906521
2026-03-20,-0.021602117773739243
2026-03-23,0.011797222202093387
2026-03-24,0.005523283895526721
2026-03-25,-0.002162091622796668
2026-03-26,0.009305765852266924
2026-03-27,0.007065330857018288
2026-03-30,-0.002983720218194303
2026-03-31,0.04258630645996571
2026-04-01,-0.00759336466702352
2026-04-02,0.0014425619114795236
2026-04-06,0.006218174583727667
2026-04-07,0.0001294752467105542
2026-04-08,0.03500742099176052
2026-04-09,0.013382347454220862
2026-04-10,0.006207669629206971
2026-04-13,0.0055352645660211265
2026-04-14,0.009494484793066688
2026-04-15,0.006978248516476544
2026-04-16,0.002278245841847093
2026-04-17,-0.008039093666243382
2026-04-20,0.008189376005176153
2026-04-21,0.012776041396901326
2026-04-22,0.00860770643057906
2026-04-23,-0.005196553420869753
2026-04-24,0.010109308308655099
2026-04-27,-0.02353502424302534
2026-04-28,-0.015906514076870947
2026-04-29,0.0023900823699275642
2026-04-30,0.00522585741498419
2026-05-01,0.004916628394663875
2026-05-04,-0.0015538440946152945
2026-05-05,0.0068054155013993435
2026-05-06,-0.013879684062092128
2026-05-07,-0.007601734516624308
2026-05-08,0.003982437465917624
2026-05-11,0.011448847913519132
2026-05-12,-0.016999400579723947
2026-05-13,0.0054636724245970165
2026-05-14,-0.017616400923013836
2026-05-15,0.0039536460399224715
2026-05-18,-0.0004651415682202846
2026-05-19,-0.0008249809461913157
2026-05-20,0.0013079070539683715
2026-05-21,-0.00016416294872914782
2026-05-22,-0.0003517864296228566
2026-05-26,0.00030978478466159
2026-05-27,-0.0013232250806571118
2026-05-28,0.0044587688376111195
2026-05-29,0.0020915272082738102
2026-06-01,0.002733426295367396
2026-06-02,-0.01335561141953479
2026-06-03,-0.0014311034387543614
2026-06-04,-0.002052756515344603
2026-06-05,-0.02494481235097905
2026-06-08,0.00785551439784896
2026-06-09,-0.005389431704751437
2026-06-10,-0.009728560223805275
2026-06-11,0.026504905849446377
2026-06-12,0.007956329276314992
2026-06-15,0.029615861908301056
2026-06-16,-0.00030669822687085305
2026-06-17,-0.004358020092308074
2026-06-18,0.0021716295562881813
2026-06-22,-0.0017429035029490007
2026-06-23,-0.01606456804935278
2026-06-24,-0.003533218964533818
2026-06-25,0.004164159909273929
2026-06-26,-0.01670446307206144
2026-06-29,0.03763761836069993
2026-06-30,0.019439944827080773
2026-07-01,-0.008985759724310581
2026-07-02,-0.09159040744010238
2026-07-06,0.04109569458383119
2026-07-07,-0.08113167605095628
2026-07-08,0.0276642250744796
2026-07-09,0.052643205470848234
2026-07-10,-0.00032582127406586046
2026-07-13,-0.07550154563810063
2026-07-14,0.03354029273371293
2026-07-15,-0.03450723324500189
2026-07-16,-0.07789709412365961
2026-07-17,-0.030987099107221923
2026-07-20,0.005099299031379406
2026-07-21,0.08307885460349279
2026-07-22,0.005029882314468619
2026-07-23,-0.02032551842319704
2026-07-24,-0.022931034709117577
2026-07-27,-0.00619160917686931
2026-07-28,-0.019216475151816285
2026-07-29,-0.04059087002975273
2026-07-30,0.045618325994114584
2026-07-31,-0.0011275012619172782
2026-08-03,0.008720405519845233
2026-08-04,0.10087506812210234
2026-08-05,-0.02776644569249993
2026-08-06,0.0023654572782872323
2026-08-07,0.03259629247766114
2026-08-10,-0.0380828432869777
2026-08-11,0.011776403097996397
2026-08-12,0.03808980286602091
2026-08-13,0.01720185646252404
2026-08-14,-0.0021194822108100498
2026-08-17,0.02267638470468241
2026-08-18,-0.0862805539661083
2026-08-19,-0.03293518711053622
2026-08-20,0.0020460432429333097
2026-08-21,-0.004521040946239025
2026-08-24,-0.04262502904874087
2026-08-25,0.022027051191076147
2026-08-26,0.0042493418481573154
2026-08-27,0.033255855790180075
2026-08-28,-0.04905380931114136
2026-08-31,0.006201736819714882
2026-09-01,-0.03493012904309117
2026-09-02,0.0031073606591237746
2026-09-03,0.008203920400482408
2026-09-04,0.04503593818932441
2026-09-08,0.023510695659525457
2026-09-09,0.008664160674828936
2026-09-10,-0.044573526752182964
2026-09-11,0.0007927084326942113
2026-09-14,-0.004171074087983603
2026-09-15,-0.00344344986934596
