date,returns
2010-08-12,0.0
2010-08-13,0.01197765062218162
2010-08-16,0.030524861608439792
2010-08-17,-0.005373240195399082
2010-08-18,0.0029221618182657264
2010-08-19,0.008818326182921723
2010-08-20,0.005258917625869389
2010-08-23,0.0011515274094074722
2010-08-24,0.007198067135339775
2010-08-25,-0.0008063244143085408
2010-08-26,0.00028490442352925626
2010-08-27,-0.013027255946674449
2010-08-30,0.011641064306592574
2010-08-31,0.0028817005662349782
2010-09-01,-0.014840951183674017
2010-09-02,-0.004990530277221454
2010-09-03,-0.008280613333703694
2010-09-07,0.0157352621065122
2010-09-08,-0.005157935542681718
2010-09-09,-0.007080062958147079
2010-09-10,-0.000948639669603191
2010-09-13,-0.00839808118529228
2010-09-14,-0.003891682167262731
2010-09-15,-0.0010000433633805986
2010-09-16,-0.005631960735596316
2010-09-17,0.003006831771033811
2010-09-20,0.0006240386453544
2010-09-21,-0.0037605661580217067
2010-09-22,0.004507799306341324
2010-09-23,0.0031521094906376184
2010-09-24,-0.00229298147305487
2010-09-27,0.004398125168160001
2010-09-28,0.001028848666158223
2010-09-29,0.004168361379938135
2010-09-30,0.002508970652162097
2010-10-01,-0.0042068836303260125
2010-10-04,0.000797471728239948
2010-10-05,0.0036289519632499083
2010-10-06,0.00453067137980403
2010-10-07,-0.008192508034563032
2010-10-08,0.012033216143460113
2010-10-11,-0.0019504173514830643
2010-10-12,-0.005289991761651668
2010-10-13,-0.00032350054957328684
2010-10-14,-0.012029134274425448
2010-10-15,-0.010724359902425623
2010-10-18,0.008341965287835757
2010-10-19,-0.002520040789004264
2010-10-20,0.006162524277612321
2010-10-21,-0.010448455713606522
2010-10-22,0.006300119102340372
2010-10-25,0.003172316476127633
2010-10-26,-0.013036724317389595
2010-10-27,-0.0054819985382857945
2010-10-28,0.00014789647796675868
2010-10-29,0.007951099098185152
2010-11-01,-0.0026335612293526926
2010-11-02,0.020217441160253015
2010-11-03,-0.020521507309548395
2010-11-04,0.014200301504465346
2010-11-05,-0.01466095420143383
2010-11-08,0.006057504859528884
2010-11-09,-0.023284920903356595
2010-11-10,0.004792399373142883
2010-11-11,-0.002564570746278586
2010-11-12,-0.021042918358545208
2010-11-15,-0.018665173088269586
2010-11-16,-0.014454716536798706
2010-11-17,-0.0013695638735458197
2010-11-18,0.017688556552705424
2010-11-19,-0.0029791779051931543
2010-11-22,0.009163977683308417
2010-11-23,-0.005621505375270018
2010-11-24,0.016051747018329933
2010-11-26,0.004718436482802501
2010-11-29,0.0015149457950552807
2010-11-30,-0.007772134354376706
2010-12-01,0.017043638180339757
2010-12-02,0.006402682712815201
2010-12-03,0.0012227681699298917
2010-12-06,0.002104973668883967
2010-12-07,-0.0038664076953744495
2010-12-08,0.0046188749103765175
2010-12-09,2.658332876685147e-05
2010-12-10,0.0033790590821170348
2010-12-13,-0.0020603948754904463
2010-12-14,-0.0030018550826396767
2010-12-15,-0.0011862769536084517
2010-12-16,0.001869307425540754
2010-12-17,0.009766864826644402
2010-12-20,0.003764732537960418
2010-12-21,0.006271984897521701
2010-12-22,0.0016463210240365612
2010-12-23,-0.0007224673375599547
2010-12-27,-0.0005668349643492532
2010-12-28,0.001261019076043127
2010-12-29,0.0005784942917807985
2010-12-30,-0.007011730458263143
2010-12-31,0.005822380422820041
2011-01-03,0.008705296052881992
2011-01-04,-0.004768874450115554
2011-01-05,0.0088704723096543
2011-01-06,-0.000474450160855205
2011-01-07,9.149216085034529e-05
2011-01-10,0.005304970539496385
2011-01-11,0.0047231176706934545
2011-01-12,0.002411937727702249
2011-01-13,-0.002165365469111434
2011-01-14,0.004641571547099212
2011-01-18,0.0001640225851008934
2011-01-19,-0.008764536441595918
2011-01-20,-0.009097508437875114
2011-01-21,-0.0034058621253295887
2011-01-24,0.005344707258294407
2011-01-25,-0.0019012388079359846
2011-01-26,0.007432088356990297
2011-01-27,0.00034773357506129516
2011-01-28,-0.006168217750540692
2011-01-31,0.005394738765510692
2011-02-01,0.0069892444719436226
2011-02-02,0.004218630277059814
2011-02-03,-0.0008403858903026394
2011-02-04,-0.0006221630978104045
2011-02-07,0.002632675294896775
2011-02-08,0.004619697442815733
2011-02-09,0.001024552504037792
2011-02-10,-0.0012738665591276472
2011-02-11,0.004761290209074975
2011-02-14,0.004489215871162708
2011-02-15,-0.004921194193753059
2011-02-16,0.0034248325751582076
2011-02-17,4.751485150342508e-05
2011-02-18,-0.0037849258708723566
2011-02-22,-0.0094997850967416
2011-02-23,0.005513223279312329
2011-02-24,-0.002309317222087586
2011-02-25,0.016530802338902396
2011-02-28,0.001035823414125084
2011-03-01,0.00198914064736475
2011-03-02,-0.0016869261422945553
2011-03-03,0.004971632618218797
2011-03-04,0.0008980930976334605
2011-03-07,-0.008168808211670257
2011-03-08,-0.0019195047766454813
2011-03-09,-0.000659045573543235
2011-03-10,-0.0067881309531646426
2011-03-11,-0.00375086232031228
2011-03-14,-0.0018193762304302354
2011-03-15,-0.019138138951482902
2011-03-16,-0.003332908329865416
2011-03-17,0.011585435603502574
2011-03-18,0.0009584674658624922
2011-03-21,0.007232196341883698
2011-03-22,0.0032235611133287307
2011-03-23,0.004935988212223887
2011-03-24,0.00790098249887968
2011-03-25,0.003952944977983702
2011-03-28,-0.008454902200873814
2011-03-29,0.005736519474349832
2011-03-30,0.0018538073345785932
2011-03-31,0.006400506566159716
2011-04-01,0.003504256350900741
2011-04-04,0.002553270430837274
2011-04-05,-0.0014058262906457783
2011-04-06,-0.0025467351619964094
2011-04-07,-0.00021095672892196195
2011-04-08,0.004119479660001833
2011-04-11,-0.008817686095016177
2011-04-12,-0.009510938685934273
2011-04-13,0.008199195874800641
2011-04-14,-0.0006370294183389599
2011-04-15,0.004113569023709572
2011-04-18,-0.0030787086316253847
2011-04-19,0.002494822769575346
2011-04-20,0.01430355626241541
2011-04-21,0.0060883287413177395
2011-04-25,0.0006805946845193141
2011-04-26,0.004006483575202701
2011-04-27,0.001985784170969205
2011-04-28,-0.00268398804910687
2011-04-29,0.0034054110278466322
2011-05-02,-0.004278971223228917
2011-05-03,-0.005584118330673219
2011-05-04,-0.006013920776681114
2011-05-05,-0.020465111929407497
2011-05-06,0.002154955939637933
2011-05-09,0.014192577767773518
2011-05-10,0.008501354057951152
2011-05-11,-0.011060168904083387
2011-05-12,0.003134584535292375
2011-05-13,-0.005591252876747631
2011-05-16,-0.017069275327467697
2011-05-17,0.005197157998663961
2011-05-18,0.008862892523586524
2011-05-19,-0.002822175956711252
2011-05-20,-0.0007703298072133347
2011-05-23,-0.012000185282511674
2011-05-24,-0.0017407614484399854
2011-05-25,0.007304830440858808
2011-05-26,0.0066085582321663994
2011-05-27,0.0034956472127724704
2011-05-31,0.013474204953435254
2011-06-01,-0.01575646129128478
2011-06-02,-0.002871836971811096
2011-06-03,-0.011373490620678129
2011-06-06,-0.011347328956019406
2011-06-07,0.001537032416884819
2011-06-08,0.002564824859863168
2011-06-09,0.003940743608856643
2011-06-10,-0.008378278793174978
2011-06-13,-0.004102090661338072
2011-06-14,-0.008453466534413777
2011-06-15,0.005968907280439643
2011-06-16,0.0016227743485633175
2011-06-17,-0.006723411811075735
2011-06-20,-0.0016571223979293494
2011-06-21,-0.004003625813088154
2011-06-22,0.0027916065808161966
2011-06-23,-0.0012029881790957752
2011-06-24,-0.0058317621306590494
2011-06-27,-0.013024765355931207
2011-06-28,0.0008377031556696102
2011-06-29,0.001674989116693226
2011-06-30,-0.006870150644597359
2011-07-01,-0.00041175070800889414
2011-07-05,0.007539500012906159
2011-07-06,0.004381457530171622
2011-07-07,0.013817356178369093
2011-07-08,0.0023820737903059454
2011-07-11,-0.004830266522815381
2011-07-12,0.006110408973491894
2011-07-13,0.005026690509765347
2011-07-14,-0.012903557268043285
2011-07-15,0.002437826909029988
2011-07-18,-0.008233304304734707
2011-07-19,0.017364749919344596
2011-07-20,-0.008349730211176453
2011-07-21,-0.011492394484880052
2011-07-22,0.008559058967403155
2011-07-25,-0.009934153314317542
2011-07-26,0.005647019218937264
2011-07-27,-0.016158735573249313
2011-07-28,0.005904213628578121
2011-07-29,0.019150497153078254
2011-08-01,0.00951584467277258
2011-08-02,0.017500384576937197
2011-08-03,-0.005502652453709345
2011-08-04,0.009007686431410379
2011-08-05,-0.018433811228602506
2011-08-08,0.003380979244319753
2011-08-09,-0.013905227582125593
2011-08-10,0.04148253242800595
2011-08-11,-0.0525750731290303
2011-08-12,0.013295714289332357
2011-08-15,-0.009960136873971953
2011-08-16,0.01855006783817241
2011-08-17,0.018061522961535605
2011-08-18,0.02426141584191205
2011-08-19,0.021522810780761063
2011-08-22,-0.0008693514855882595
2011-08-23,-0.0190464152685832
2011-08-24,-0.03338704682940421
2011-08-25,0.016024977169510415
2011-08-26,0.008302790308611486
2011-08-29,-0.019514901157576463
2011-08-30,0.019950529836650778
2011-08-31,-0.014441222999366453
2011-09-01,0.015431797849362433
2011-09-02,0.03783906133436557
2011-09-06,0.009236431222980394
2011-09-07,-0.02149563633646441
2011-09-08,0.008517673435018525
2011-09-09,0.010316896143972482
2011-09-12,-0.0033789588757163536
2011-09-13,-0.013972120324315933
2011-09-14,-0.002339419684148024
2011-09-15,-0.01774083688114764
2011-09-16,0.002627089437786301
2011-09-19,0.019747401882398506
2011-09-20,0.003801789085363239
2011-09-21,0.04082694199392859
2011-09-22,0.04726447016631911
2011-09-23,-0.01800354495670167
2011-09-26,-0.023758036995745205
2011-09-27,-0.0179449543083743
2011-09-28,0.013014552065240879
2011-09-29,0.0008351747446897987
2011-09-30,0.03248390897900923
2011-10-03,0.03646646490427563
2011-10-04,-0.019437064341828583
2011-10-05,-0.015528093937756676
2011-10-06,-0.02056345079924927
2011-10-07,-0.0006620359264970029
2011-10-10,-0.029234693821580005
2011-10-11,-0.004154232129604632
2011-10-12,-0.016878024572022317
2011-10-13,0.006098738981367376
2011-10-14,-0.017549376911209637
2011-10-17,0.02047380350987305
2011-10-18,-0.012766470433092529
2011-10-19,0.005014836479610959
2011-10-20,-0.008975836619658012
2011-10-21,-0.018597336026598337
2011-10-24,-0.008571727552882599
2011-10-25,0.010664085455008722
2011-10-26,-0.0060528606883591355
2011-10-27,-0.027236119177308143
2011-10-28,0.00396551980561582
2011-10-31,0.030396761475077902
2011-11-01,0.020850669475942895
2011-11-02,-0.005783252201982159
2011-11-03,-0.009090512789499837
2011-11-04,0.0022078878823186283
2011-11-07,0.0016293836145892348
2011-11-08,-0.00807098404588791
2011-11-09,0.022077631555198457
2011-11-10,-0.007419704057543696
2011-11-11,-0.01077311870178634
2011-11-14,0.011168173629559621
2011-11-15,0.0042928534277254645
2011-11-16,0.005990464380614497
2011-11-17,0.004696997629764624
2011-11-18,-0.001831665734617041
2011-11-21,0.003889491370490252
2011-11-22,0.003395874775465618
2011-11-23,0.013100995742079739
2011-11-25,0.00017284782305428906
2011-11-28,-0.004673011734885568
2011-11-29,-0.006585625780697416
2011-11-30,-0.03419394957236131
2011-12-01,-0.003360080610073972
2011-12-02,0.011971658771522179
2011-12-05,-0.005487851793472505
2011-12-06,-0.005454710537546756
2011-12-07,0.001304316274008459
2011-12-08,0.008889500064997063
2011-12-09,-0.011116126209959347
2011-12-12,0.01237378420356685
2011-12-13,0.011887158039477427
2011-12-14,0.010118000589566334
2011-12-15,-0.0030700037025675492
2011-12-16,0.002256276177613505
2011-12-19,0.008204062763108118
2011-12-20,-0.01651956087203237
2011-12-21,-0.004724725089428105
2011-12-22,0.0011690613210115375
2011-12-23,-0.003883748007639286
2011-12-27,-0.00014720733560380928
2011-12-28,0.0137446580882472
2011-12-29,-0.000398971561833669
2011-12-30,-0.00039076406635377614
2012-01-03,-0.011984039317107734
2012-01-04,0.0006747323725312707
2012-01-05,0.008150467006134046
2012-01-06,0.005160618371462086
2012-01-09,-0.0032856346137167284
2012-01-10,-0.001214832549422496
2012-01-11,0.0076055801273610365
2012-01-12,-0.005588053973971524
2012-01-13,0.010624350684517449
2012-01-17,-0.0010583785550614538
2012-01-18,-0.01197516835246879
2012-01-19,-0.00995847249578869
2012-01-20,-0.0037849503126351665
2012-01-23,-0.0073867359721061865
2012-01-24,0.0011570108998043343
2012-01-25,-0.004797463822007242
2012-01-26,0.005671511098774185
2012-01-27,-0.0038869059583895027
2012-01-30,0.008421668646252507
2012-01-31,0.007004485964795061
2012-02-01,-0.008894422429313554
2012-02-02,-0.0004470682077980504
2012-02-03,-0.009874743855849381
2012-02-06,0.004592133389878353
2012-02-07,-0.009667281925392764
2012-02-08,0.007403352562778145
2012-02-09,0.0023600463035961623
2012-02-10,0.0026954668417705704
2012-02-13,0.010735001578677206
2012-02-14,0.008584454712266583
2012-02-15,-0.008336502590378402
2012-02-16,0.007801627087283721
2012-02-17,-0.003519719934069229
2012-02-21,-0.006706525222706051
2012-02-22,0.006367751713208473
2012-02-23,0.003653879669158825
2012-02-24,0.007173997708431715
2012-02-27,0.010899786528479012
2012-02-28,0.0058290369607117256
2012-02-29,-0.005548292898955598
2012-03-01,0.0008001513791652168
2012-03-02,0.007703426703509334
2012-03-05,-0.016872318655582072
2012-03-06,0.0025907567568582406
2012-03-07,0.002243863949945588
2012-03-08,-0.0010786654309578073
2012-03-09,0.007876001793922768
2012-03-12,0.000520953834514564
2012-03-13,0.0006939751937810987
2012-03-14,-0.019152946060786238
2012-03-15,0.0012799904381469926
2012-03-16,-0.0005250804733656913
2012-03-19,-0.005496200673033853
2012-03-20,-0.002673049642869485
2012-03-21,0.0012371604906580578
2012-03-22,-0.003325323978050183
2012-03-23,0.003374331822397694
2012-03-26,0.007723499694535924
2012-03-27,0.00029663411339471847
2012-03-28,-0.006122519637730629
2012-03-29,-0.006275513655074608
2012-03-30,0.0007648440399164688
2012-04-02,0.009266635978502403
2012-04-03,-0.0016367920998505304
2012-04-04,-0.009320529363597821
2012-04-05,0.006700801070698489
2012-04-09,-0.002352409820668572
2012-04-10,-0.010955057524728452
2012-04-11,0.001378589063017142
2012-04-12,0.00689953265737859
2012-04-13,-0.006145823973312422
2012-04-16,-0.009773306876769632
2012-04-17,0.010482295601764675
2012-04-18,-0.004720078144261976
2012-04-19,-0.0051420907604096
2012-04-20,-0.0018227981260061454
2012-04-23,-0.002287868977122704
2012-04-24,-0.012501887964860847
2012-04-25,0.01608400083619652
2012-04-26,0.010333824017804059
2012-04-27,0.005204971498853062
2012-04-30,-0.006174129589058989
2012-05-01,-0.003390518291129501
2012-05-02,0.010099747654448992
2012-05-03,-0.00837726632072493
2012-05-04,-0.009832198184096138
2012-05-07,0.001590987459983836
2012-05-08,0.004594621461278411
2012-05-09,0.0008070980587861478
2012-05-10,-0.005420909421584295
2012-05-11,0.00978456973101669
2012-05-14,0.012227752261814037
2012-05-15,0.007125087686728213
2012-05-16,-0.00034244826566158493
2012-05-17,0.012469448138161424
2012-05-18,-0.0066599178169463435
2012-05-21,0.008838176010849998
2012-05-22,-0.011037820163192422
2012-05-23,0.010479023219843262
2012-05-24,-0.006824547936998136
2012-05-25,0.003873506025317457
2012-05-29,0.0025956426063776204
2012-05-30,0.027921810314608293
2012-05-31,0.012105256011343254
2012-06-01,0.013285393823806845
2012-06-04,-0.0072644993605892145
2012-06-05,-0.00840988248921876
2012-06-06,-0.007922086990262072
2012-06-07,-0.0014530505927752688
2012-06-08,0.008456913361432674
2012-06-11,-0.007625700889813066
2012-06-12,-0.0025561915198305148
2012-06-13,0.0032958806520526646
2012-06-14,0.0005439913297006637
2012-06-15,0.013782643612295784
2012-06-18,0.01376841923310937
2012-06-19,-0.007098553308857589
2012-06-20,0.005912856896799818
2012-06-21,-0.010770047955674274
2012-06-22,-0.0063563099548882285
2012-06-25,-9.569864340363979e-05
2012-06-26,0.0009854149637308126
2012-06-27,0.007112741747127147
2012-06-28,-0.006707793032447052
2012-06-29,0.007416131016291206
2012-07-02,0.013111469005099918
2012-07-03,-0.003520977081169694
2012-07-05,0.010438338232485965
2012-07-06,0.0034978860184255245
2012-07-09,0.008562317545881687
2012-07-10,-0.0024305594015570473
2012-07-11,-0.0015578517090951785
2012-07-12,0.003983761206186425
2012-07-13,0.004030694528455604
2012-07-16,0.0039463395301417075
2012-07-17,-0.006603226423744523
2012-07-18,0.007862431664436714
2012-07-19,0.004241727448994456
2012-07-20,0.0075953977311344605
2012-07-23,0.00010636084340938747
2012-07-24,0.006394241239624423
2012-07-25,-0.003401276678213449
2012-07-26,-0.006309719148608316
2012-07-27,-0.0068626936389699295
2012-07-30,0.006119346619117944
2012-07-31,0.002986473761085811
2012-08-01,-0.006870599157837694
2012-08-02,0.0058014529809178265
2012-08-03,-0.01143012362880588
2012-08-06,0.005024027142417547
2012-08-07,-0.00883765978264984
2012-08-08,-0.005546440334928226
2012-08-09,0.0017236735416663327
2012-08-10,0.005273411796488168
2012-08-13,-0.00029765059809343876
2012-08-14,-0.014385943683079215
2012-08-15,-0.01265592814560523
2012-08-16,-0.0014543079404610306
2012-08-17,0.009357548685999775
2012-08-20,0.0025257757021123458
2012-08-21,-0.000509476008237839
2012-08-22,0.018560034854805525
2012-08-23,-0.0019874771533962892
2012-08-24,0.004958630209839171
2012-08-27,0.00756591936923085
2012-08-28,0.0005215661286793676
2012-08-29,-0.002668777203988908
2012-08-30,-0.005043508944458358
2012-08-31,0.016550531327106356
2012-09-04,-0.0013070253825449912
2012-09-05,-0.005770399124803191
2012-09-06,0.00870650655624325
2012-09-07,-0.00866723520344299
2012-09-10,-0.01109930447421769
2012-09-11,-0.009453663283332123
2012-09-12,-0.00891587892421056
2012-09-13,0.005943156024397128
2012-09-14,-0.01693223349503473
2012-09-17,0.01067160121644294
2012-09-18,0.005900925487516625
2012-09-19,0.007183366790937663
2012-09-20,0.003024799392063065
2012-09-21,0.0010149506993041037
2012-09-24,0.0016435889814080205
2012-09-25,-0.002945781970925004
2012-09-26,0.0026534501962643094
2012-09-27,0.004664218244051978
2012-09-28,-0.005210570875317644
2012-10-01,0.0012672606414986802
2012-10-02,-0.0013930502652736128
2012-10-03,0.002405454599027501
2012-10-04,-0.009951092410692574
2012-10-05,-0.004865330616603533
2012-10-08,0.004916631539435815
2012-10-09,-0.01577719409571136
2012-10-10,0.0018593065750243498
2012-10-11,0.0029200265529445834
2012-10-12,0.0018866862219531033
2012-10-15,0.0034587669230242775
2012-10-16,-0.011049592010324495
2012-10-17,-0.008202261555695575
2012-10-18,-0.003087902587457227
2012-10-19,0.004564999606044156
2012-10-22,-0.00536551958578663
2012-10-23,0.008451799293027466
2012-10-24,-0.012670842217419655
2012-10-25,-0.005354884781001081
2012-10-26,0.017612680451063636
2012-10-31,0.0013189595782859029
2012-11-01,-0.0007939127014763185
2012-11-02,0.005528103663354344
2012-11-05,0.0036214955361994644
2012-11-06,-0.008097016117406097
2012-11-07,-0.0015584177265302928
2012-11-08,0.003689110010400359
2012-11-09,0.004088113618628326
2012-11-12,0.002630803644996105
2012-11-13,0.0015967886681812397
2012-11-14,0.0014219186092491137
2012-11-15,-0.0022686032881171626
2012-11-16,0.0018532399458760752
2012-11-19,0.003182171484161816
2012-11-20,-0.004322688840762555
2012-11-21,0.003013190350813467
2012-11-23,0.003500718898809665
2012-11-26,0.001888604350282964
2012-11-27,-0.0005954053983048674
2012-11-28,0.001183794716209228
2012-11-29,0.004462176975740398
2012-11-30,-0.0009985799878992163
2012-12-03,-0.0004121114155226062
2012-12-04,-0.004734608837574347
2012-12-05,-0.003662224701588601
2012-12-06,0.0005172949260412536
2012-12-07,-0.003391980589732986
2012-12-10,0.0003384391030955545
2012-12-11,0.0008499896385165857
2012-12-12,-0.001450877121817796
2012-12-13,-0.006504264727267098
2012-12-14,-0.0005218682504442935
2012-12-17,0.0012182069509356335
2012-12-18,0.0031410160895248176
2012-12-19,0.0005570812315239101
2012-12-20,-0.0020432391615697234
2012-12-21,-0.0008680336259761176
2012-12-24,-0.0026479121372048726
2012-12-26,0.0029850313555318904
2012-12-27,3.535172228521144e-05
2012-12-28,-0.0030818902974517116
2012-12-31,0.00624804412202087
2013-01-02,0.008010929077599442
2013-01-03,-0.004110725519484165
2013-01-04,-0.0026024402429388953
2013-01-07,5.098354452576421e-05
2013-01-08,0.0019161322596742331
2013-01-09,0.0016235509745926094
2013-01-10,-0.000839400843581832
2013-01-11,-0.0016032386688750527
2013-01-14,0.0014433080011895623
2013-01-15,-0.0017150322188189881
2013-01-16,0.0016878603204370526
2013-01-17,0.0012292368853580764
2013-01-18,0.005497467343599867
2013-01-22,0.0014283908424810496
2013-01-23,0.0019509017710953184
2013-01-24,-0.004230107942391875
2013-01-25,-0.0028624436961884932
2013-01-28,0.00023053583728830675
2013-01-29,0.0009411769742578808
2013-01-30,0.003635802899400686
2013-01-31,-0.0006197162333387593
2013-02-01,0.002200091612701106
2013-02-04,-0.00198117493543742
2013-02-05,0.004589796462229257
2013-02-06,0.000488359087103107
2013-02-07,0.0003977603773322441
2013-02-08,0.005349069221869748
2013-02-11,-0.0009843707140297854
2013-02-12,-0.001535673553210862
2013-02-13,0.0005071259583034416
2013-02-14,0.0009958878031516472
2013-02-15,-0.0026355905844389206
2013-02-19,-0.0003956190797261615
2013-02-20,-0.006527233061417991
2013-02-21,-0.005977818305565215
2013-02-22,0.002888925561736067
2013-02-25,-0.0012652068899985628
2013-02-26,-0.0007078149616461108
2013-02-27,-0.004329020301251312
2013-02-28,0.0029043541331545265
2013-03-01,0.001523342355536967
2013-03-04,-0.0015127385388677978
2013-03-05,0.000743485426865972
2013-03-06,0.0016115565948283098
2013-03-07,-0.0041281845699989396
2013-03-08,0.005053826893844208
2013-03-11,-0.0013427796109918573
2013-03-12,-8.977095655526152e-05
2013-03-13,0.0027750912352396064
2013-03-14,-0.0030430366885981068
2013-03-15,-0.003519025530056989
2013-03-18,0.006026048064263967
2013-03-19,0.003359966478125743
2013-03-20,-0.0021664705256292504
2013-03-21,-0.0008936054281127874
2013-03-22,-0.00272568698739389
2013-03-25,0.004870686504771076
2013-03-26,0.0022130580844739395
2013-03-27,0.005211045753289286
2013-03-28,-0.005090006515854929
2013-04-01,-0.0011338222510834436
2013-04-02,0.003821941064131612
2013-04-03,-0.0028516698344691147
2013-04-04,0.0012452860033208648
2013-04-05,0.00042089280073993613
2013-04-08,0.002372589653864595
2013-04-09,-0.0020259764684540044
2013-04-10,0.004942640690719924
2013-04-11,-0.002063185944442096
2013-04-12,0.0013643052302014563
2013-04-15,-0.0033597973550852644
2013-04-16,0.0013075669278365177
2013-04-17,-0.00698835967079352
2013-04-18,-0.009750041130403796
2013-04-19,0.009745658080867196
2013-04-22,0.009333344721017883
2013-04-23,0.0011597395393684556
2013-04-24,0.0006269433676652789
2013-04-25,-0.0034659238921029355
2013-04-26,0.00019229411271956738
2013-04-29,-0.005227957131396885
2013-04-30,0.004396719639669829
2013-05-01,0.0073915654954791864
2013-05-02,0.010405270909022005
2013-05-03,-0.01845256994211965
2013-05-06,0.0016262832214619302
2013-05-07,-0.0007695119879941873
2013-05-08,-0.0025376527069704592
2013-05-09,0.007114807288807725
2013-05-10,0.003861148748127919
2013-05-13,0.0005356200043354312
2013-05-14,0.0021405874795810656
2013-05-15,0.0036530374846816408
2013-05-16,0.0013362679491063993
2013-05-17,0.00503827912849752
2013-05-20,-0.005719075923421281
2013-05-21,0.0020933475514645283
2013-05-22,-0.0018592233393465653
2013-05-23,-0.005638979627614823
2013-05-24,-0.0006088423388892958
2013-05-28,0.003515926468728901
2013-05-29,-0.005821470246390206
2013-05-30,-0.0034622520201484453
2013-05-31,-0.002017131721331353
2013-06-03,-0.0037984136586582643
2013-06-04,-0.0033754939366790115
2013-06-05,-0.004439480156078538
2013-06-06,-0.008051776181505108
2013-06-07,0.00367206253381363
2013-06-10,-0.0008155703034667912
2013-06-11,-0.007989914793087801
2013-06-12,-0.006929397109817952
2013-06-13,0.004272086425551606
2013-06-14,-0.0025663028432237845
2013-06-17,0.00026163130081955786
2013-06-18,0.0034065024444947267
2013-06-19,0.003264430223091414
2013-06-20,-0.005937351291749227
2013-06-21,0.0018196386604127598
2013-06-24,-0.0012716613408002907
2013-06-25,0.0021123267422912427
2013-06-26,0.0072606876391899874
2013-06-27,0.0023258688045207877
2013-06-28,0.003578154013657405
2013-07-01,0.0008332260835363162
2013-07-02,0.0052301638187154794
2013-07-03,-0.002506075330350548
2013-07-05,0.008257679895839134
2013-07-08,-0.0006081006709687429
2013-07-09,0.0048184619881963655
2013-07-10,-0.005122339790753844
2013-07-11,-0.005990235969955883
2013-07-12,0.003296795900335995
2013-07-15,0.0016118345481910014
2013-07-16,-0.0051124982628302455
2013-07-17,0.0030621838566579265
2013-07-18,-0.00235991237998814
2013-07-19,-0.002267211259232508
2013-07-22,-0.002393624833546013
2013-07-23,-0.006012921145747321
2013-07-24,0.0019679809476767815
2013-07-25,-0.003094130108226651
2013-07-26,0.0029105856309584255
2013-07-29,-0.00206895175255427
2013-07-30,0.00338159146441872
2013-07-31,-1.037971005479971e-06
2013-08-01,0.006966525864120951
2013-08-02,6.87697377531203e-05
2013-08-05,-0.0020613156218965774
2013-08-06,-0.003797242905400933
2013-08-07,-0.0021945185583815453
2013-08-08,-0.0005966032654627299
2013-08-09,-0.0008306065601703209
2013-08-12,0.0023737934504402054
2013-08-13,0.0036400270408705627
2013-08-14,-0.00131852238857749
2013-08-15,-0.013242665806613124
2013-08-16,0.0009941646219911518
2013-08-19,-0.002396628532097489
2013-08-20,-0.001394850249699038
2013-08-21,0.001547487998039197
2013-08-22,0.006324694079941153
2013-08-23,0.0027392347520895444
2013-08-26,0.0009203437811569489
2013-08-27,-0.0064653852480969255
2013-08-28,0.0033734464325302573
2013-08-29,0.008699838596931315
2013-08-30,-0.00039544864859805136
2013-09-03,0.0017655751167802024
2013-09-04,-0.00045849191700479317
2013-09-05,0.0038399488052533893
2013-09-06,-0.0042564218674408065
2013-09-09,-0.0012528258513652929
2013-09-10,0.00021288845465282477
2013-09-11,-0.0026736410385512378
2013-09-12,-0.00022431213746864847
2013-09-13,-0.00040055447419454085
2013-09-16,-0.0034278643868013974
2013-09-17,0.001481948424608948
2013-09-18,-0.004904640608901764
2013-09-19,0.0009032701136362281
2013-09-20,0.0007463832812767637
2013-09-23,0.0004714352602660944
2013-09-24,0.004040702826852347
2013-09-25,-0.003495500896993191
2013-09-26,0.0026279738723486027
2013-09-27,-0.0034025534740332627
2013-09-30,-0.0009001895732921663
2013-10-01,0.0016848362297754234
2013-10-02,-0.0029956520343383287
2013-10-03,-0.004723206573824484
2013-10-04,0.006226760913446936
2013-10-07,-0.004232499104085687
2013-10-08,-0.007674765524798308
2013-10-09,-0.004924743622950361
2013-10-10,0.016183546041564523
2013-10-11,0.0015312253354064422
2013-10-14,0.00137702515128514
2013-10-15,-0.0023940111886807266
2013-10-16,0.010020107362000857
2013-10-17,-0.0016252255497045203
2013-10-18,0.009924625288953251
2013-10-21,-0.0010791036349739533
2013-10-22,-2.9279325448449984e-05
2013-10-23,-0.00785748110475128
2013-10-24,0.0005179109702930314
2013-10-25,0.003861861964670528
2013-10-28,0.002350184012224187
2013-10-29,-0.0001944954935212112
2013-10-30,0.001222337835451719
2013-10-31,-0.0022110939887135914
2013-11-01,-0.005873506395316563
2013-11-04,-0.002464002881972511
2013-11-05,0.0002401748484608425
2013-11-06,-0.003290924421435195
2013-11-07,0.0013371699804141505
2013-11-08,0.0028389942302996535
2013-11-11,-0.002891768192621051
2013-11-12,-0.0016917672359519427
2013-11-13,0.0061209470838191095
2013-11-14,0.003974444427948634
2013-11-15,-0.00023503041202621298
2013-11-18,-0.005682226127542878
2013-11-19,-0.003087080713882754
2013-11-20,-0.0016223163403553938
2013-11-21,0.009542439449914479
2013-11-22,0.003394669565760727
2013-11-25,0.001118298081118151
2013-11-26,0.0014972428219119632
2013-11-27,0.0024482389947081923
2013-11-29,0.001974319455885917
2013-12-02,-0.0010193028268299096
2013-12-03,0.0016677030890736343
2013-12-04,-0.00026838529412383694
2013-12-05,-0.0030403934150709795
2013-12-06,0.004424750506186417
2013-12-09,-0.00030164132095155316
2013-12-10,0.0011682579281321822
2013-12-11,-0.005583332730589959
2013-12-12,-0.004004285147229458
2013-12-13,-0.0017508887228816989
2013-12-16,0.0025424531029048045
2013-12-17,-0.00031093099952960823
2013-12-18,0.005770427174225502
2013-12-19,0.0011782092859988528
2013-12-20,0.0036810399442908023
2013-12-23,0.0003301858042371414
2013-12-24,0.0011405006805624506
2013-12-26,0.0008042944905597189
2013-12-27,-0.0005399094253248839
2013-12-30,-0.0041021722388401025
2013-12-31,0.0010411899772503222
2014-01-02,-0.006488719494836709
2014-01-03,-0.003861701389852662
2014-01-06,-0.0008614625364630957
2014-01-07,0.003952866792425912
2014-01-08,-0.0026771125846246475
2014-01-09,-0.004392112505346385
2014-01-10,0.004694907034248517
2014-01-13,-0.0055429488782710165
2014-01-14,0.004460133410100958
2014-01-15,0.005732975022034426
2014-01-16,0.00024122201891900094
2014-01-17,0.0023957647653645173
2014-01-21,0.0004861825710324937
2014-01-22,0.001311602028515877
2014-01-23,-0.0070329673264715575
2014-01-24,-0.0015511206376200178
2014-01-27,-0.0027662637398341294
2014-01-28,0.003263915028231634
2014-01-29,0.002662314391116297
2014-01-30,0.010186013039468304
2014-01-31,0.006621421492582389
2014-02-03,-6.256075098522986e-05
2014-02-04,-0.008829096454682184
2014-02-05,-0.014376296876071512
2014-02-06,0.0012185090700601248
2014-02-07,0.01022154132276233
2014-02-10,0.006905406426966138
2014-02-11,0.0006896297275647973
2014-02-12,-0.004861110261577904
2014-02-13,0.010382692980260018
2014-02-14,-0.0003744384859955212
2014-02-18,0.005650462397236642
2014-02-19,-0.00853002169217231
2014-02-20,0.0009201550941394513
2014-02-21,0.004377192488615983
2014-02-24,0.0008802617022725991
2014-02-25,0.00964185440487592
2014-02-26,0.00711418891893018
2014-02-27,0.009926611981364018
2014-02-28,-0.0015041340084980081
2014-03-03,0.005012534360380579
2014-03-04,-0.007766684051916429
2014-03-05,0.0037630063491514328
2014-03-06,-0.013143743433362913
2014-03-07,-0.009816550366812749
2014-03-10,0.0018000194554052716
2014-03-11,-0.0007981329217746651
2014-03-12,0.0091166212417536
2014-03-13,0.0034196990133620363
2014-03-14,-0.0051501349820189364
2014-03-17,-0.002197501192244438
2014-03-18,0.014033274298573796
2014-03-19,-0.009503465801836648
2014-03-20,0.0017688794196612072
2014-03-21,-0.0011641964986741438
2014-03-24,-0.00048155709866960685
2014-03-25,-0.000869964561887054
2014-03-26,-0.0036120795755419624
2014-03-27,0.0012909581295187094
2014-03-28,-0.0040357487142063985
2014-03-31,0.0031600584797410276
2014-04-01,0.005492444383776667
2014-04-02,-0.0026386912315023514
2014-04-03,-0.0015405782110580319
2014-04-04,-0.016258241118625054
2014-04-07,-0.0022802334885657694
2014-04-08,0.006113254498509506
2014-04-09,0.0048702856964696045
2014-04-10,-0.011284947467990645
2014-04-11,0.0018620897025834404
2014-04-14,0.002956771695562543
2014-04-15,0.009350918472442805
2014-04-16,0.0098939633038347
2014-04-17,-0.014504616087524446
2014-04-21,0.004029068184553829
2014-04-22,0.008977604832574905
2014-04-23,0.0016226289995880576
2014-04-24,0.007188911082053952
2014-04-25,-0.007452298022152893
2014-04-28,-0.0040305346736614215
2014-04-29,0.0023778939596434483
2014-04-30,0.005059738475700731
2014-05-01,0.013807919478028147
2014-05-02,0.00901564598857813
2014-05-05,-0.005739281891134099
2014-05-06,-0.0026529654258215345
2014-05-07,-0.006952813736677941
2014-05-08,-0.004811502658085441
2014-05-09,-0.00011762331534687402
2014-05-12,0.0031430048661755965
2014-05-13,0.010665325304234015
2014-05-14,0.009755065793574418
2014-05-15,0.004622836872608462
2014-05-16,-4.5897139312760476e-05
2014-05-19,-0.004197422710025191
2014-05-20,-0.0003973049282553031
2014-05-21,1.2925745982300457e-05
2014-05-22,0.0021798991369634635
2014-05-23,0.011224063318794681
2014-05-27,0.015630041298532092
2014-05-28,0.010832759001114016
2014-05-29,0.0001054915734700878
2014-05-30,-0.001963062036406195
2014-06-02,-0.006755728899471353
2014-06-03,-0.013108512942420542
2014-06-04,0.002844137708908133
2014-06-05,0.006230322889725699
2014-06-06,0.004942515369037375
2014-06-09,-0.0011699219990133692
2014-06-10,-0.0009112448151564758
2014-06-11,0.0010643436232156886
2014-06-12,-0.0020599070109796973
2014-06-13,0.0033145435358629518
2014-06-16,0.002432189517989984
2014-06-17,-0.0056429809132963055
2014-06-18,0.010889648794531196
2014-06-19,-0.013633919102277394
2014-06-20,0.007718825295251592
2014-06-23,-0.0034088080932175966
2014-06-24,0.008374781886690996
2014-06-25,0.007355019227964249
2014-06-26,0.005247523570747429
2014-06-27,0.0009830162654547836
2014-06-30,0.0033062534849932317
2014-07-01,0.0055885236297447925
2014-07-02,-0.005536740037336483
2014-07-03,0.005983076205395423
2014-07-07,0.0011731989881506792
2014-07-08,-0.0033001948263842516
2014-07-09,0.007402714445699709
2014-07-10,-0.0027003987779707413
2014-07-11,0.011155635819189774
2014-07-14,0.0028656261596437848
2014-07-15,-0.003734641840140597
2014-07-16,0.008797668078225199
2014-07-17,-0.002783783845828976
2014-07-18,0.012413716651819723
2014-07-21,0.0026867608079510813
2014-07-22,0.00844527415892645
2014-07-23,0.003912621287898569
2014-07-24,-0.007411749925718757
2014-07-25,0.008197293179448789
2014-07-28,-0.0008100621503464584
2014-07-29,0.002781943594002632
2014-07-30,-0.009785173598549893
2014-07-31,-0.018299314522804026
2014-08-01,0.003267647439435328
2014-08-04,0.002279742606085682
2014-08-05,-0.001558609422602537
2014-08-06,-0.00033714479336967524
2014-08-07,0.007224509466284982
2014-08-08,0.0026389048584108082
2014-08-11,0.004667659543799876
2014-08-12,-0.007045099075209276
2014-08-13,0.014753208077340891
2014-08-14,0.01196097737274402
2014-08-15,0.014450035198160231
2014-08-18,-0.004113315734537843
2014-08-19,0.00354163875648025
2014-08-20,0.00017345255799444648
2014-08-21,0.006237569178220761
2014-08-22,0.007058830474059688
2014-08-25,0.0075096347636849844
2014-08-26,-0.0016892694375627948
2014-08-27,0.007408899748813941
2014-08-28,0.004043693779050634
2014-08-29,0.0047118867092719955
2014-09-02,-0.013561604699262195
2014-09-03,-0.002267201357490941
2014-09-04,-0.005941088649984644
2014-09-05,0.003818402284357902
2014-09-08,0.0034807536006229694
2014-09-09,-0.009584739516147004
2014-09-10,0.004495495396454321
2014-09-11,-0.002446822937706214
2014-09-12,-0.013471126980679322
2014-09-15,-0.010438141242179035
2014-09-16,0.005653441304857866
2014-09-17,0.0011777496341645265
2014-09-18,0.008573251175978444
2014-09-19,0.011070520246016936
2014-09-22,-0.008774394568489663
2014-09-23,0.003369949540473066
2014-09-24,0.006510856090092934
2014-09-25,-0.00941812952265816
2014-09-26,0.010483511315037346
2014-09-29,0.005642184799649874
2014-09-30,-0.0030505947828985648
2014-10-01,0.006015473797450649
2014-10-02,-0.010139729123852175
2014-10-03,0.016518544796394745
2014-10-06,-0.005186561934612304
2014-10-07,0.0038880665589907967
2014-10-08,0.012621240307356847
2014-10-09,-0.01616651072552116
2014-10-10,-0.006267035360332709
2014-10-13,-0.004665784568422731
2014-10-14,0.009458670875654666
2014-10-15,0.0012754533692226101
2014-10-16,-0.010741346537969095
2014-10-17,0.0025725194220389638
2014-10-20,0.011672852264105967
2014-10-21,0.007851228019135757
2014-10-22,-0.0014642508039298336
2014-10-23,-0.00042007479709425897
2014-10-24,0.005682263929833517
2014-10-27,0.0022320951186199016
2014-10-28,0.001406666728879015
2014-10-29,0.001656128755984919
2014-10-30,0.0033855456825071413
2014-10-31,0.00776776955634258
2014-11-03,0.003995868035801487
2014-11-04,0.001259498114098968
2014-11-05,0.0003294757358676567
2014-11-06,-0.006165498300693862
2014-11-07,0.013302582242087963
2014-11-10,-0.010381091231846626
2014-11-11,0.0025219652574236463
2014-11-12,0.0003778563281531107
2014-11-13,0.005179501936937536
2014-11-14,0.007656481421619652
2014-11-17,-0.0033511320795345167
2014-11-18,0.006172070116616696
2014-11-19,-0.009079158198347047
2014-11-20,0.007922673696681617
2014-11-21,0.012012402478104946
2014-11-24,0.005484841367973895
2014-11-25,0.009442859008343091
2014-11-26,0.00799402201992887
2014-11-28,0.015379036771240735
2014-12-01,-0.017749901848155957
2014-12-02,-0.005719141020330151
2014-12-03,0.007632531762205491
2014-12-04,0.00641943776144721
2014-12-05,-0.003049953793397502
2014-12-08,0.005899996046681789
2014-12-09,0.00689837605399932
2014-12-10,-0.009477800162522847
2014-12-11,0.008580967347464339
2014-12-12,0.0035448701403501715
2014-12-15,-0.009691312122178296
2014-12-16,-0.0016953072622795697
2014-12-17,0.007039842432896889
2014-12-18,0.00123631191509744
2014-12-19,0.015628761011452278
2014-12-22,0.004940490824896067
2014-12-23,-0.024347192075551832
2014-12-24,0.006651162584702528
2014-12-26,0.008703752777543627
2014-12-29,0.009683897080890368
2014-12-30,-0.003433671384469312
2014-12-31,-0.00532325520472653
2015-01-02,0.012416530580273828
2015-01-05,0.006613859739316696
2015-01-06,0.008533322644541742
2015-01-07,0.009172988485372457
2015-01-08,0.0019503925731347536
2015-01-09,0.004373971935387277
2015-01-12,-0.0019424580118649083
2015-01-13,0.00048751256213223253
2015-01-14,0.0027891428505856216
2015-01-15,0.00810586075356523
2015-01-16,-0.00439308820310288
2015-01-20,0.021394348748690364
2015-01-21,-0.007300310721541006
2015-01-22,0.01758267535726423
2015-01-23,0.01767703109782059
2015-01-26,-0.003337179759813606
2015-01-27,-0.02260427454592039
2015-01-28,0.014623017927549524
2015-01-29,0.0005718340140591683
2015-01-30,0.01297482663896695
2015-02-02,0.002137925060806458
2015-02-03,-0.01881365823760129
2015-02-04,0.0023134171147607347
2015-02-05,-0.0054191639339117
2015-02-06,-0.01904222459791315
2015-02-09,-0.004649839491433024
2015-02-10,0.006459941194181942
2015-02-11,0.006164553937190406
2015-02-12,0.004713761500849166
2015-02-13,-0.001525492264187439
2015-02-17,-0.012832269591555711
2015-02-18,0.007063663427546325
2015-02-19,-0.0006716122867241328
2015-02-20,0.008357070379178794
2015-02-23,0.01263064636171796
2015-02-24,0.012737780640403424
2015-02-25,0.0012828194294344643
2015-02-26,-0.00547266984322835
2015-02-27,0.0034938812222405895
2015-03-02,-0.009239908843305535
2015-03-03,-0.00831655444555746
2015-03-04,-0.001011047382977575
2015-03-05,0.0016193090155989045
2015-03-06,-0.025211907746142632
2015-03-09,0.010189564437295132
2015-03-10,-0.005132784513439282
2015-03-11,0.004326984400508582
2015-03-12,0.0036237038569781246
2015-03-13,-0.0034396873559669793
2015-03-16,0.01766974510016011
2015-03-17,0.009262770130351828
2015-03-18,0.02005347354184361
2015-03-19,0.0021752967463515792
2015-03-20,0.007214660636700238
2015-03-23,-0.006983973698491048
2015-03-24,0.005868071834504888
2015-03-25,-0.031381206607890205
2015-03-26,-0.015921720855167618
2015-03-27,0.013589043961464771
2015-03-30,0.009348512920538538
2015-03-31,-0.006607922854989415
2015-04-01,0.008691578043807241
2015-04-02,-0.012698943271966273
2015-04-06,-0.001484113212147762
2015-04-07,0.01034844285473962
2015-04-08,0.007281876828782506
2015-04-09,-0.004541784563218372
2015-04-10,0.004909223276137434
2015-04-13,0.00017716769562560475
2015-04-14,0.0021472821619294407
2015-04-15,0.0034379657135153907
2015-04-16,-0.008362272913567271
2015-04-17,-0.0027149424147199183
2015-04-20,0.004648375903248512
2015-04-21,-0.0009131299731978957
2015-04-22,-0.012433034090574537
2015-04-23,0.00583427701051464
2015-04-24,0.01680252527049975
2015-04-27,-0.0031465399946090933
2015-04-28,-0.01780389676659232
2015-04-29,-0.020374087995010098
2015-04-30,-0.013815583224320065
2015-05-01,-0.0006811147546274742
2015-05-04,-0.00731095926047867
2015-05-05,-0.007930163686997399
2015-05-06,-0.01474570962801694
2015-05-07,0.008978388398002298
2015-05-08,0.005306479148083661
2015-05-11,-0.004179623225128442
2015-05-12,-0.005346844143240319
2015-05-13,-0.008222964504327239
2015-05-14,0.0015835916548588946
2015-05-15,0.001983998180793498
2015-05-18,0.0062742284787740184
2015-05-19,0.007331509656211713
2015-05-20,0.002061735262731457
2015-05-21,0.00242952099436706
2015-05-22,0.007130783796346092
2015-05-26,0.008279123768498634
2015-05-27,0.006494168437611355
2015-05-28,-0.0031352821086170998
2015-05-29,-0.0027312640660639275
2015-06-01,0.0037091060789826227
2015-06-02,-0.015369761781946253
2015-06-03,-0.006961218423921177
2015-06-04,0.0006080254850706463
2015-06-05,0.003978394333078901
2015-06-08,-0.01240136949008463
2015-06-09,-0.0035581520391460212
2015-06-10,-0.00021547707094771054
2015-06-11,0.0069665792473658575
2015-06-12,-0.00404725613327203
2015-06-15,-0.002420871017725638
2015-06-16,0.004870564206412447
2015-06-17,-0.0065746108531602775
2015-06-18,0.00287155580255714
2015-06-19,0.0016904377830353535
2015-06-22,0.0014379397246309382
2015-06-23,0.007899764649632584
2015-06-24,-0.0018099792977984428
2015-06-25,-0.0026644941077672187
2015-06-26,-0.002030540978200346
2015-06-29,-0.007882050023193882
2015-06-30,0.0056084859627438775
2015-07-01,0.006125098270064721
2015-07-02,-0.0009379297960660136
2015-07-06,0.003382515130446606
2015-07-07,0.004584611665356438
2015-07-08,-0.006712439697082962
2015-07-09,-0.0010189351629253875
2015-07-10,-0.0034117664293702404
2015-07-13,0.012521240915390306
2015-07-14,0.0008955492321933855
2015-07-15,0.005449494748612846
2015-07-16,0.009196076808978689
2015-07-17,0.007221334985236768
2015-07-20,0.0005796214470948207
2015-07-21,-0.005456117025465583
2015-07-22,0.00040657802319426107
2015-07-23,-0.0025472187762257802
2015-07-24,-0.000362018520202756
2015-07-27,-0.00762045897290797
2015-07-28,0.0016247363337684555
2015-07-29,0.004895983749276435
2015-07-30,0.005543520837309451
2015-07-31,-0.0016297429603250387
2015-08-03,0.0025995151198620636
2015-08-04,0.002383826456523795
2015-08-05,0.0005956836351982064
2015-08-06,-0.0041249380139949865
2015-08-07,0.0007185246929359275
2015-08-10,-0.003289702370149685
2015-08-11,-0.0003593897342145723
2015-08-12,-0.008556716901066838
2015-08-13,0.0005689237203650244
2015-08-14,0.003133055078810458
2015-08-17,0.00385125428361025
2015-08-18,-0.0006710724365738174
2015-08-19,-0.005167616650808093
2015-08-20,-0.009843040638396635
2015-08-21,-0.016988053231671428
2015-08-24,-0.02171464588889892
2015-08-25,0.0024696863747052543
2015-08-26,-0.0026021902108910814
2015-08-27,0.0021713307052622847
2015-08-28,0.003253710335751065
2015-08-31,-0.0021845553206827108
2015-09-01,0.001505113496137547
2015-09-02,-0.001361180239645122
2015-09-03,0.005401412746369723
2015-09-04,0.00416436230945568
2015-09-08,-0.01170397659835978
2015-09-09,0.00013303180328296926
2015-09-10,-0.0029327542973219545
2015-09-11,-0.003757033092944126
2015-09-14,0.0004607102420621205
2015-09-15,0.0037471494854740914
2015-09-16,-0.0027819410534336234
2015-09-17,-0.009104849032302426
2015-09-18,0.009027827226399467
2015-09-21,0.005182355156168425
2015-09-22,0.0033650380930519944
2015-09-23,0.0003402171906583441
2015-09-24,-0.0030227552705912298
2015-09-25,0.00026787335826469446
2015-09-28,-0.001667861025484517
2015-09-29,-0.0003910298842680183
2015-09-30,0.0013016230488226738
2015-10-01,-0.0016343842887678465
2015-10-02,-0.0028462192000825058
2015-10-05,-4.1263446224037905e-05
2015-10-06,-0.006493264353897792
2015-10-07,0.0008109949958344949
2015-10-08,-0.0026445563337334113
2015-10-09,-0.003828866569767496
2015-10-12,-0.0003718392088540042
2015-10-13,-0.0016104268829048372
2015-10-14,-0.007041580968715199
2015-10-15,0.006355946943811478
2015-10-16,0.00165185069027889
2015-10-19,0.0035583248143376493
2015-10-20,-0.0015618118620502192
2015-10-21,0.001094976478465839
2015-10-22,0.013842775967438107
2015-10-23,0.010634965981105663
2015-10-26,-0.002255634972229431
2015-10-27,0.0012792174556938932
2015-10-28,0.007614161769864905
2015-10-29,-0.006818539127746629
2015-10-30,-0.00226335869958889
2015-11-02,0.0007001163681111641
2015-11-03,0.0016442819093403097
2015-11-04,0.0061972655922783925
2015-11-05,-0.000985627598852064
2015-11-06,0.0063427184439835416
2015-11-09,-0.005818789028382087
2015-11-10,0.0021854505075924163
2015-11-11,-0.0032390814930936397
2015-11-12,-0.004621891122382947
2015-11-13,-0.0015200966703994739
2015-11-16,0.007439076504771326
2015-11-17,0.0022418841763161093
2015-11-18,0.001234453532563637
2015-11-19,-0.0014198700714717755
2015-11-20,0.0034768016973623795
2015-11-23,0.0030557640204791543
2015-11-24,-0.002028887808260781
2015-11-25,0.0021369796127585624
2015-11-27,0.0015969482164221807
2015-11-30,0.001665815937519976
2015-12-01,0.022170400657784903
2015-12-02,-0.0022248525953642456
2015-12-03,-0.05264522353253196
2015-12-04,0.02774906419097746
2015-12-07,0.010054283309465664
2015-12-08,-0.0003133132833350868
2015-12-09,-0.01585193331237272
2015-12-10,0.006282643282861146
2015-12-11,0.0010987288446477304
2015-12-14,-0.010204111680484747
2015-12-15,0.0005554631538053731
2015-12-16,-0.001271410469604053
2015-12-17,0.013424253893415308
2015-12-18,-0.0009166755377967477
2015-12-21,-0.00332494780658885
2015-12-22,-0.004677488973507633
2015-12-23,-0.0032806155024635766
2015-12-24,0.0010497562319647354
2015-12-28,0.0011429206197618742
2015-12-29,-0.005813035481147707
2015-12-30,-0.008306064918829747
2015-12-31,-0.006548848152821147
2016-01-04,-0.0038723817830513957
2016-01-05,0.0019292755355159673
2016-01-06,0.0052741466294814
2016-01-07,-0.006995719244916549
2016-01-08,0.003836402179943623
2016-01-11,-0.0022903995120612257
2016-01-12,0.008121113535223868
2016-01-13,0.014997490266093165
2016-01-14,-0.011804996141168636
2016-01-15,0.018455236088319765
2016-01-19,-0.0009707950977243469
2016-01-20,0.010797394004936268
2016-01-21,-0.006944380558170905
2016-01-22,-0.0068412272234834055
2016-01-25,0.0066525199791274215
2016-01-26,-0.005093640228750903
2016-01-27,0.002609984884449539
2016-01-28,-0.003589386639552516
2016-01-29,0.003152135571308409
2016-02-01,-0.005505736670607721
2016-02-02,0.018964296435658643
2016-02-03,-0.014931392492652561
2016-02-04,-0.00036663154705999373
2016-02-05,0.0080420758042206
2016-02-08,0.019240946939247106
2016-02-09,-0.0013147791566441355
2016-02-10,0.005690480841940689
2016-02-11,0.007229640186889876
2016-02-12,-0.015486639488422247
2016-02-16,-0.00900226908581112
2016-02-17,-0.010518464601184723
2016-02-18,0.010378083927894254
2016-02-19,-0.00010724596130603776
2016-02-22,-0.0018306837328504711
2016-02-23,0.0025401579799098025
2016-02-24,-0.0005062763771091711
2016-02-25,0.0012816438354258405
2016-02-26,-7.296759715710215e-05
2016-02-29,0.002943496669188783
2016-03-01,-0.008175190964533962
2016-03-02,0.0012693361135006202
2016-03-03,-0.002281261836605513
2016-03-04,-0.005234565112664277
2016-03-07,-0.0018813457558916277
2016-03-08,0.004674808257059737
2016-03-09,-0.0020216982213919323
2016-03-10,-0.00940124250084352
2016-03-11,-0.004558940531745006
2016-03-14,0.004065119407322715
2016-03-15,0.0008468385530820531
2016-03-16,-0.007500315640281243
2016-03-17,-0.004936552834493481
2016-03-18,0.003005248870553492
2016-03-21,-0.0010723634168121835
2016-03-22,0.002562829782827149
2016-03-23,0.011166085224202893
2016-03-24,-0.0003536855004495973
2016-03-28,0.00033071525563854986
2016-03-29,0.019824766057286686
2016-03-30,-0.008336806545312984
2016-03-31,0.00527713419034784
2016-04-01,0.01171414667219413
2016-04-04,-0.002704514001396593
2016-04-05,0.0048551118871295726
2016-04-06,0.0036899500540907085
2016-04-07,0.0021782718871348155
2016-04-08,-0.00878447231094058
2016-04-11,-0.005220071893580851
2016-04-12,-0.0015351701347091525
2016-04-13,0.016115192026803195
2016-04-14,-0.004141325207349617
2016-04-15,0.005229726926285223
2016-04-18,-0.0006256156208896643
2016-04-19,-0.009304528100231673
2016-04-20,-0.00947464663985343
2016-04-21,-0.005982673469496094
2016-04-22,-0.01272583394381903
2016-04-25,-0.005379975518363139
2016-04-26,-0.004661291390788342
2016-04-27,0.0031099098866129923
2016-04-28,-0.004432614952648944
2016-04-29,-0.0036400285035863827
2016-05-02,-0.007695976255157583
2016-05-03,0.004906914135303465
2016-05-04,0.0055923830646048625
2016-05-05,0.0037003770533367104
2016-05-06,-0.0007639403679784187
2016-05-09,-0.004819054984755271
2016-05-10,0.001033641272760227
2016-05-11,-0.0008057224077251957
2016-05-12,0.0005628757075177643
2016-05-13,0.008104035416459626
2016-05-16,-0.003969666710390724
2016-05-17,0.0033104073140041326
2016-05-18,-0.012185563802226858
2016-05-19,0.003347459929058628
2016-05-20,0.0019615111997192507
2016-05-23,-0.00030292151751631365
2016-05-24,-0.002127556019776564
2016-05-25,0.0004392421629470677
2016-05-26,0.0025676371517838947
2016-05-27,0.0017980471460467414
2016-05-31,0.00019977163896211055
2016-06-01,0.005059423213828705
2016-06-02,0.0068584816982812736
2016-06-03,0.007801898538890739
2016-06-06,-0.0011281728458746487
2016-06-07,0.004927817249232228
2016-06-08,0.009785240764310199
2016-06-09,0.0062166966483989715
2016-06-10,0.00046271594662781763
2016-06-13,0.00370140977932864
2016-06-14,-0.0011885741843099885
2016-06-15,5.864833246348178e-06
2016-06-16,-0.0035973534418038255
2016-06-17,0.003391564763194916
2016-06-20,-0.005829062797673066
2016-06-21,-0.004806794930990694
2016-06-22,-0.002415917704282877
2016-06-23,-0.007555253208021857
2016-06-24,0.021269895094338787
2016-06-27,0.02358175351869095
2016-06-28,0.0067934647842816664
2016-06-29,-0.00019547972526140164
2016-06-30,0.00041397595493826336
2016-07-01,0.014516073124069264
2016-07-05,-0.0011315023752078985
2016-07-06,0.001866695578653578
2016-07-07,-0.010054022765851947
2016-07-08,0.00928246267512145
2016-07-11,-0.006907354696857172
2016-07-12,-0.004648760677233657
2016-07-13,0.001722389482454839
2016-07-14,-0.00942820438404298
2016-07-15,-0.005825490340453435
2016-07-18,-0.0026967302404174017
2016-07-19,0.00494266586935534
2016-07-20,0.003019352064542185
2016-07-21,-0.0002475152399193695
2016-07-22,0.0067786114440813745
2016-07-25,-0.0010485405268958563
2016-07-26,0.0023584360875849855
2016-07-27,0.016994352271419273
2016-07-28,0.0010495176681460216
2016-07-29,0.0070218008956254045
2016-08-01,-0.007639685770275134
2016-08-02,-0.018449790066866402
2016-08-03,0.005860823796582568
2016-08-04,0.009246065142683245
2016-08-05,0.003935035316746818
2016-08-08,-0.0001923280542391282
2016-08-09,0.009801252288019207
2016-08-10,-0.0012105966516143306
2016-08-11,-0.0017044003746322363
2016-08-12,0.006702665597480561
2016-08-15,-0.0035445870034436526
2016-08-16,-0.01003829167821243
2016-08-17,0.006714727882722064
2016-08-18,-0.0008296524608089897
2016-08-19,-0.0037416542100147973
2016-08-22,0.007966931536118053
2016-08-23,0.0026868508285866955
2016-08-24,-0.008055708831056425
2016-08-25,-0.005121007256281497
2016-08-26,-0.00023002977975725234
2016-08-29,0.011632796400992051
2016-08-30,-0.0042642607693093686
2016-08-31,-0.000525639550312317
2016-09-01,0.0011979030317433035
2016-09-02,-0.000985815330726102
2016-09-06,0.008531131833629343
2016-09-07,0.0007983221668429366
2016-09-08,-0.015730819528683573
2016-09-09,-0.04050669665650199
2016-09-12,0.018582391958094312
2016-09-13,-0.017395051388529092
2016-09-14,0.004576786307167749
2016-09-15,0.008475738111112713
2016-09-16,0.010105663668733781
2016-09-19,-0.007734828203734446
2016-09-20,0.005829115261272175
2016-09-21,0.014880729798857689
2016-09-22,0.013998051204121858
2016-09-23,-0.005363555465636184
2016-09-26,-0.0009078389164710978
2016-09-27,0.016238232006089853
2016-09-28,-0.00048060786054620334
2016-09-29,-0.0030779900475788958
2016-09-30,-0.003779345969189941
2016-10-03,-0.004129078565764847
2016-10-04,-0.0025364556205253724
2016-10-05,0.003632985858397954
2016-10-06,0.0015752135841752353
2016-10-07,-0.0026081865926604426
2016-10-10,0.0074711375284171235
2016-10-11,-0.006660101581076009
2016-10-12,-0.0021312938565929054
2016-10-13,0.00022200970742128963
2016-10-14,1.3276572647328427e-05
2016-10-17,-0.0001250994493369195
2016-10-18,0.005752111893030817
2016-10-19,0.0028982892809174586
2016-10-20,-0.003292966010474244
2016-10-21,0.004952746788802715
2016-10-24,0.006439987569478521
2016-10-25,-0.001074783521046078
2016-10-26,-0.011392809619085547
2016-10-27,-0.014541547660326865
2016-10-28,-0.008646791930469497
2016-10-31,0.004144709107414133
2016-11-01,-0.003024501110918688
2016-11-02,-0.009329253297772422
2016-11-03,-0.008075211095933905
2016-11-04,-0.003871664749423188
2016-11-07,0.013693720750270321
2016-11-08,0.001519892798393569
2016-11-09,-0.002115632425050735
2016-11-10,-0.01168264514086393
2016-11-11,-0.00902104387853987
2016-11-14,-0.002651818371681483
2016-11-15,0.0053622829877102325
2016-11-16,0.004690520368913714
2016-11-17,0.0046517874682811405
2016-11-18,0.001753975134624874
2016-11-21,-0.0005681494893348107
2016-11-22,0.0017273178143982781
2016-11-23,0.0038400600500686694
2016-11-25,-0.0006800264359394557
2016-11-28,-0.0017398500793248037
2016-11-29,-0.0005656280602856627
2016-11-30,-0.0004916290624170064
2016-12-01,-0.009703806103626414
2016-12-02,-0.0008341522211310231
2016-12-05,-0.0037330379909386213
2016-12-06,0.0034974804865444253
2016-12-07,0.0013188621334953893
2016-12-08,0.006112193381300991
2016-12-09,0.0036404543616061443
2016-12-12,-0.00576395768956781
2016-12-13,0.0055456879151993856
2016-12-14,0.0047730788255239045
2016-12-15,0.010039079723565636
2016-12-16,-0.0038650598200876732
2016-12-19,0.0054773681359693415
2016-12-20,0.0017569075333834505
2016-12-21,-0.001897552273491762
2016-12-22,-0.0002734655773529754
2016-12-23,-0.00013484370358351583
2016-12-27,0.0007243939995237727
2016-12-28,0.001041807219826775
2016-12-29,-0.004416300661291596
2016-12-30,-0.0048410385774149715
2017-01-03,0.010366652200930405
2017-01-04,-0.0025137264393362683
2017-01-05,-0.001063174210199652
2017-01-06,0.006039627217291139
2017-01-09,0.0014011950278650647
2017-01-10,0.0008876303221357165
2017-01-11,0.00045018505095436223
2017-01-12,-0.004121909118508129
2017-01-13,-0.0002282830945403169
2017-01-17,-0.005610979153845266
2017-01-18,-0.0020659191868750396
2017-01-19,-0.0035648610795481843
2017-01-20,0.00393496302175258
2017-01-23,0.0010278026846647732
2017-01-24,0.00396456484122242
2017-01-25,6.818328502465479e-05
2017-01-26,0.005177091581897137
2017-01-27,-0.00118102702410843
2017-01-30,-0.008276518280024663
2017-01-31,0.00040407436042550924
2017-02-01,0.006698688303751773
2017-02-02,-0.00035248998305989173
2017-02-03,0.0009400992458887605
2017-02-06,-0.00018963620595092209
2017-02-07,0.0039489981443099524
2017-02-08,0.004711866820249624
2017-02-09,0.003031768109839853
2017-02-10,0.0063340329633873255
2017-02-13,-0.0003639752377875194
2017-02-14,0.0019155251255829422
2017-02-15,0.002612351930483295
2017-02-16,-0.0032463052741033708
2017-02-17,0.004529288582902665
2017-02-21,0.003894455588895846
2017-02-22,-0.0012479476802990058
2017-02-23,-0.0028621874338719015
2017-02-24,0.004065455813724889
2017-02-27,-0.0004402713273816486
2017-02-28,-0.0009304441121211917
2017-03-01,0.0067532261208612466
2017-03-02,0.0003827410094895619
2017-03-03,-0.005452062491960463
2017-03-06,0.0006979298774471077
2017-03-07,-0.0026179464082721916
2017-03-08,-0.007064760679571127
2017-03-09,-0.004180686109401238
2017-03-10,-0.002747093785563537
2017-03-13,0.00015576445052272706
2017-03-14,0.0023724164484486315
2017-03-15,-0.003322339286728216
2017-03-16,-0.0036063991412798526
2017-03-17,0.0011527850818982613
2017-03-20,0.0019522862681725425
2017-03-21,-0.010457699608801843
2017-03-22,0.003678367806796417
2017-03-23,-0.0009711745600260076
2017-03-24,0.0015486685208615306
2017-03-27,-0.0019258002000921467
2017-03-28,0.005281848728021832
2017-03-29,0.004366747561916445
2017-03-30,0.0038069859985309616
2017-03-31,-0.00045700213236452676
2017-04-03,0.0016647969391948166
2017-04-04,0.0004507942101881115
2017-04-05,-0.0013524083818180735
2017-04-06,0.001328175864185974
2017-04-07,0.0022833384372351177
2017-04-10,-1.0203851295716507e-05
2017-04-11,-0.0019676528049971404
2017-04-12,-0.004146532147582913
2017-04-13,0.001458348409471016
2017-04-17,0.0006599449475406004
2017-04-18,-0.004288352216228289
2017-04-19,0.0020107801230596425
2017-04-20,0.0022115997295291184
2017-04-21,0.00038256405687362636
2017-04-24,-0.0038665373953846263
2017-04-25,-0.0017017068466338501
2017-04-26,0.0021125027838763224
2017-04-27,0.003639102914268717
2017-04-28,2.0361266417161922e-05
2017-05-01,0.0026584638764736825
2017-05-02,0.00021349670599889127
2017-05-03,0.0024821836249630295
2017-05-04,-0.0056656555083625625
2017-05-05,0.0003500147171830432
2017-05-08,0.0038229449903606364
2017-05-09,0.005090209381615289
2017-05-10,0.0002275095350634697
2017-05-11,-0.0003720906732543253
2017-05-12,-0.001240864111692613
2017-05-15,-0.0013620751277617165
2017-05-16,0.0020244879059464283
2017-05-17,-0.015336857201519056
2017-05-18,0.006639690773750492
2017-05-19,0.0077705434473781245
2017-05-22,0.007151151130596178
2017-05-23,-0.006441790564676186
2017-05-24,0.008540414011475142
2017-05-25,0.007340694666622301
2017-05-26,0.003757498004559984
2017-05-30,0.005791482502548654
2017-05-31,0.002072627878256242
2017-06-01,0.0036159881229099093
2017-06-02,0.02026128536972249
2017-06-05,-0.007853850266434858
2017-06-06,0.002633747011285074
2017-06-07,-0.001858421066989525
2017-06-08,-0.0014308703916813958
2017-06-09,-0.018511002788779846
2017-06-12,-0.005097782724026349
2017-06-13,0.005319313694411849
2017-06-14,0.01547295065846091
2017-06-15,-0.001884641871423431
2017-06-16,-0.0019656868375149267
2017-06-19,0.009275517348791958
2017-06-20,0.006694955985673405
2017-06-21,0.008608074097269896
2017-06-22,0.0020178472463937896
2017-06-23,0.0009596343568033134
2017-06-26,0.0025791868747486136
2017-06-27,-0.028347044604052664
2017-06-28,0.0029375464890106736
2017-06-29,-0.021482770168139056
2017-06-30,-0.003588639200259519
2017-07-03,-0.007587303839191447
2017-07-05,0.006795449981175277
2017-07-06,-0.017336294111242524
2017-07-07,-0.0007925403918252363
2017-07-10,0.005096390932106854
2017-07-11,0.003077867367036764
2017-07-12,0.0159847906347304
2017-07-13,-0.007375886068468144
2017-07-14,0.005017992711897968
2017-07-17,0.0029870143510082737
2017-07-18,0.013908611867446411
2017-07-19,0.005394703835152966
2017-07-20,0.0022036777122923343
2017-07-21,0.004530094040330756
2017-07-24,-0.0024211078745158977
2017-07-25,-0.017362797035571566
2017-07-26,0.0020704693648884148
2017-07-27,-0.009683540601191254
2017-07-28,0.005230797423923036
2017-07-31,-0.002964128783316716
2017-08-01,0.009891527717467857
2017-08-02,0.0021808752240042033
2017-08-03,0.008224328493346806
2017-08-04,-0.006010355101184075
2017-08-07,0.005636081399524469
2017-08-08,-0.0034889774394856405
2017-08-09,0.0028854462329002155
2017-08-10,-0.012974762969023525
2017-08-11,0.005457629256461603
2017-08-14,0.009318175525699947
2017-08-15,-0.0031301862375644374
2017-08-16,0.004117287948381293
2017-08-17,-0.008015608284895137
2017-08-18,-0.0017653606579976543
2017-08-21,0.0016579895177201228
2017-08-22,0.006881822630730261
2017-08-23,0.0037775405901197207
2017-08-24,-0.006152825619369962
2017-08-25,0.00038042911639523443
2017-08-28,0.000677563662157791
2017-08-29,0.007109404389258413
2017-08-30,0.008727970915648042
2017-08-31,0.008624538546464063
2017-09-01,-0.00909567036912801
2017-09-05,0.011684808224845711
2017-09-06,-0.006010028875118312
2017-09-07,0.01201643208536762
2017-09-08,-0.008415503268086665
2017-09-11,-0.006826212384340913
2017-09-12,-0.003991984227670907
2017-09-13,-0.0014404289757702624
2017-09-14,-0.0006386850222795785
2017-09-15,0.0010183360321876019
2017-09-18,-0.00578644450250555
2017-09-19,-0.002601355227579937
2017-09-20,0.000934829496869392
2017-09-21,-0.006824697872830171
2017-09-22,0.001800970869081851
2017-09-25,-0.0006866370213460815
2017-09-26,0.0017456430715047202
2017-09-27,-0.006589043749104307
2017-09-28,-0.00514286821937396
2017-09-29,0.008032397587575615
2017-10-02,0.0010198127117909113
2017-10-03,0.002124637750185522
2017-10-04,0.0010306249538197215
2017-10-05,0.006961732199776797
2017-10-06,-0.0019402173433153793
2017-10-09,0.0012125737256166325
2017-10-10,0.0013472278969090805
2017-10-11,0.003787165326221757
2017-10-12,0.003175745473578866
2017-10-13,0.011220190872525203
2017-10-16,0.0028557255278473304
2017-10-17,0.003149467045507954
2017-10-18,-0.00842208080353863
2017-10-19,-0.002603704252999357
2017-10-20,-0.006663651358724692
2017-10-23,-0.003768116284723821
2017-10-24,-0.003929915874918177
2017-10-25,-0.009017938407684412
2017-10-26,-0.002608217734712861
2017-10-27,0.03222446524389629
2017-10-30,0.009570000684232312
2017-10-31,0.002893546940345592
2017-11-01,0.0018966282790250008
2017-11-02,0.003114398303111771
2017-11-03,0.007667371892133231
2017-11-06,0.009583224995522667
2017-11-07,0.0054607070863982934
2017-11-08,0.00043136590642677095
2017-11-09,-0.008071051030247358
2017-11-10,-0.01796916155611593
2017-11-13,0.0027800294382820646
2017-11-14,-0.007796205760519643
2017-11-15,-0.0002797143993328718
2017-11-16,0.0015386748646311745
2017-11-17,0.0063519629863778345
2017-11-20,-0.002388631128543985
2017-11-21,0.010630722175139946
2017-11-22,0.00267778270872325
2017-11-24,-0.0016888406399383628
2017-11-27,-0.001949572399820384
2017-11-28,0.0007686120365573789
2017-11-29,-0.01166224934620877
2017-11-30,-0.0002445840390814446
2017-12-01,0.004373369274561257
2017-12-04,-0.00850031579712145
2017-12-05,0.0013946349965668157
2017-12-06,-0.003113829506219495
2017-12-07,0.002122564375788713
2017-12-08,0.004580429262442036
2017-12-11,0.004651005123699074
2017-12-12,-0.0038018719309776865
2017-12-13,-0.002270680185065353
2017-12-14,0.002117358935913316
2017-12-15,0.007090918532201116
2017-12-18,0.003992055326995311
2017-12-19,-0.0026998989129791763
2017-12-20,-0.000858866985979746
2017-12-21,0.001349504804802047
2017-12-22,0.0016213284669553281
2017-12-26,0.0039044359861525064
2017-12-27,0.0019179834616317268
2017-12-28,0.0014581626791764079
2017-12-29,-0.0029389863309234924
2018-01-02,0.006809020122550634
2018-01-03,0.008579351899638366
2018-01-04,-0.0005996118865073046
2018-01-05,0.0031027603049070297
2018-01-08,0.0029461257792155857
2018-01-09,0.0018252720334209875
2018-01-10,-0.0004903922464126675
2018-01-11,0.001289339358624241
2018-01-12,0.0025600536356738743
2018-01-16,-0.004244259893615859
2018-01-17,0.004536683383822971
2018-01-18,-0.0019086176396646416
2018-01-19,1.3262556631987027e-05
2018-01-22,0.0035170043371917704
2018-01-23,0.005903961777102783
2018-01-24,-0.0016648585351714752
2018-01-25,-0.0009208633880159931
2018-01-26,0.006891586767573732
2018-01-29,-0.003038834415331204
2018-01-30,-0.007481838028554065
2018-01-31,0.002941336111369119
2018-02-01,-0.002479309020820621
2018-02-02,-0.013831584976910234
2018-02-05,-0.012185970825483259
2018-02-06,0.0035744100417245493
2018-02-07,-0.008606891165356302
2018-02-08,-0.01642033168274147
2018-02-09,-0.004276257928022262
2018-02-12,0.007562363374003871
2018-02-13,0.0010139824752003713
2018-02-14,0.007768897148999758
2018-02-15,0.004639429247578094
2018-02-16,0.0028383707528733134
2018-02-20,0.002949706877123854
2018-02-21,-0.0026789568490499377
2018-02-22,0.0037002783666706873
2018-02-23,0.010211566866472973
2018-02-26,0.005931859157553778
2018-02-27,-0.005700124328649599
2018-02-28,-0.004554031639909548
2018-03-01,-0.00225175582131636
2018-03-02,-0.0011823214258729147
2018-03-05,0.004520677646715441
2018-03-06,0.002107587616874026
2018-03-07,-0.005088213576334464
2018-03-08,0.0010761824681129685
2018-03-09,0.0076765153554996385
2018-03-12,0.00109902936079939
2018-03-13,-0.0049254079860812745
2018-03-14,0.0015982055651011509
2018-03-15,0.0004921082850898026
2018-03-16,0.0010299097087228465
2018-03-19,-0.011369704826737574
2018-03-20,0.0046944408835963205
2018-03-21,0.005069052101696692
2018-03-22,-0.00783151680277508
2018-03-23,-0.003654479361312503
2018-03-26,0.006558684806706001
2018-03-27,-0.005911152026715462
2018-03-28,-0.001460983085367344
2018-03-29,0.009485452357732571
2018-04-02,-0.012967389213171174
2018-04-03,0.0038878724130471613
2018-04-04,0.0007228277328891113
2018-04-05,0.0030573951613851683
2018-04-06,-0.008099905624103874
2018-04-09,0.007162435199596534
2018-04-10,0.012061913004855122
2018-04-11,0.002835277842334074
2018-04-12,-0.00025792587310248223
2018-04-13,-0.00048320716627120886
2018-04-16,-0.0009242066609718264
2018-04-17,0.005612120469319619
2018-04-18,0.008451646022500167
2018-04-19,-0.0050069251187114805
2018-04-20,-0.004207133469325035
2018-04-23,0.001065999434197905
2018-04-24,-0.008172748959130425
2018-04-25,0.0009411715531474258
2018-04-26,0.00953989633415857
2018-04-27,0.00115391951802713
2018-04-30,0.0026170152606980537
2018-05-01,0.0014192240986182678
2018-05-02,-0.0001649796796235414
2018-05-03,0.002338481162550236
2018-05-04,0.008669319813975344
2018-05-07,0.0022962725548568534
2018-05-08,0.0017870836358475331
2018-05-09,0.0062290159899604965
2018-05-10,0.005232715671914405
2018-05-11,-0.003060743840535976
2018-05-14,0.0032104981194516465
2018-05-15,-0.0025376618587185894
2018-05-16,0.004002299326552117
2018-05-17,-0.0008659725667157851
2018-05-18,0.001018215588919045
2018-05-21,0.005038463147584714
2018-05-22,-0.00040241722834616665
2018-05-23,0.00703433016387513
2018-05-24,-0.0022584582751738807
2018-05-25,-0.004116257750777189
2018-05-29,0.0006319683545032489
2018-05-30,0.0045678749591328985
2018-05-31,-0.001930329650439766
2018-06-01,0.0028449607316577454
2018-06-04,-0.003222217030160397
2018-06-05,0.002257705834270842
2018-06-06,0.0015552756938778892
2018-06-07,-0.0009063637036105018
2018-06-08,-0.0006272359808104397
2018-06-11,0.0008454502678274987
2018-06-12,0.002936936967727049
2018-06-13,0.0008482701087168319
2018-06-14,0.005696425666970989
2018-06-15,-0.01150200546394403
2018-06-18,0.002955813272851802
2018-06-19,-0.003573294364027091
2018-06-20,0.0021907313071244426
2018-06-21,-0.007805262466203072
2018-06-22,0.004386623861672591
2018-06-25,-0.016265849756011634
2018-06-26,0.007603729092700129
2018-06-27,-0.0011756407488615866
2018-06-28,0.0037445650601516593
2018-06-29,0.0025457270207127677
2018-07-02,-0.0033047391785230493
2018-07-03,-0.004063081190600722
2018-07-05,0.0011678641287666922
2018-07-06,0.0024066642073007397
2018-07-09,0.0013938195732486223
2018-07-10,-0.0005625160618898253
2018-07-11,-0.013367969540385098
2018-07-12,0.009871462446784898
2018-07-13,0.0017722890971102068
2018-07-16,-0.011014059840983735
2018-07-17,0.004036288918199181
2018-07-18,-0.00042025190404709214
2018-07-19,0.0019117998831052396
2018-07-20,-0.009604063530633002
2018-07-23,-0.0009353658648247718
2018-07-24,0.0018482316987927442
2018-07-25,-0.0009527123897096146
2018-07-26,0.0015258769129355588
2018-07-27,-0.003453876365450406
2018-07-30,-0.006624879580144775
2018-07-31,0.0019684143643666327
2018-08-01,-0.003081200662649918
2018-08-02,0.005056947636350779
2018-08-03,0.002098212205580599
2018-08-06,0.0013203347060523486
2018-08-07,-0.0011922994854215918
2018-08-08,-0.0006417147871126522
2018-08-09,0.00630747924477389
2018-08-10,0.005590846818974668
2018-08-13,-0.0005383496160554006
2018-08-14,0.004155383029244793
2018-08-15,-0.0017634344714191172
2018-08-16,-5.426844085666541e-07
2018-08-17,-0.0034798869212519937
2018-08-20,-0.0007125125638076388
2018-08-21,-0.0035584076624773603
2018-08-22,0.006315239291294879
2018-08-23,0.0027563245477572967
2018-08-24,0.006466406415996
2018-08-27,-0.0019407568994199546
2018-08-28,-0.006099060789551248
2018-08-29,0.008984691088704616
2018-08-30,0.0014854957546372224
2018-08-31,-0.0012270133600967926
2018-09-04,-0.00887369632009213
2018-09-05,-0.007135990289756192
2018-09-06,-0.0019776661925483456
2018-09-07,-0.0009745694946183157
2018-09-10,0.00021788811514035066
2018-09-11,0.0010436931355165757
2018-09-12,-0.002907110164715218
2018-09-13,0.0007479578550212439
2018-09-14,0.0009265222900518763
2018-09-17,-0.007392584654133547
2018-09-18,0.0005491682444420669
2018-09-19,-0.0018234508867152745
2018-09-20,-0.0018487156537758543
2018-09-21,0.0011348924476916613
2018-09-24,5.2855661829901085e-05
2018-09-25,0.0005736345291786225
2018-09-26,0.0018940764319619694
2018-09-27,0.0075928497643587825
2018-09-28,0.001133155378224576
2018-10-01,-6.818106894133555e-05
2018-10-02,0.0022236047288925953
2018-10-03,0.0011885076731451717
2018-10-04,-0.014241569193298068
2018-10-05,-0.008417258649583686
2018-10-08,-0.004075920121035755
2018-10-09,0.0019575708232135672
2018-10-10,-0.01005902732996206
2018-10-11,-0.00489081843902881
2018-10-12,0.007048732404497935
2018-10-15,-0.004321957473605818
2018-10-16,0.003965154233219219
2018-10-17,0.003782577639727656
2018-10-18,0.0005373712531289538
2018-10-19,-0.0022503540582354546
2018-10-22,0.0034689808956559253
2018-10-23,-0.0013249765761033333
2018-10-24,0.0010295843002494935
2018-10-25,0.004633646627448912
2018-10-26,-0.0038487940636169715
2018-10-29,0.0004643003273631066
2018-10-30,0.0019692319374871176
2018-10-31,-0.002589288057497633
2018-11-01,-0.0059186647706028425
2018-11-02,-0.00019160118645602663
2018-11-05,8.66409092215768e-05
2018-11-06,-0.0013766993052319243
2018-11-07,0.0012796073962887968
2018-11-08,0.004330634389166151
2018-11-09,0.0015882802107396096
2018-11-12,0.00644045471138882
2018-11-13,-0.0035159917245272455
2018-11-14,-0.0019275975362222037
2018-11-15,0.001387771075204262
2018-11-16,-0.0025842378914757488
2018-11-19,0.0010057861991134656
2018-11-20,0.0038447195347989407
2018-11-21,-0.00016373091700909654
2018-11-23,0.002098115607676381
2018-11-26,-0.00012038948176016577
2018-11-27,0.001553329636189463
2018-11-28,-0.005197656620159127
2018-11-29,0.0006942292411268628
2018-11-30,0.0028839355734084737
2018-12-03,0.005014739798301259
2018-12-04,0.009255349391267969
2018-12-06,0.0015017448851882263
2018-12-07,-0.0008710486411652672
2018-12-10,0.007439182201752141
2018-12-11,0.0020659258712135637
2018-12-12,-0.005548336652418257
2018-12-13,-0.0007209757792544359
2018-12-14,0.006677866078372142
2018-12-17,0.0023784247417630044
2018-12-18,0.0017753854245748128
2018-12-19,0.006213071435688578
2018-12-20,-0.0062890983712456
2018-12-21,0.007949269424167371
2018-12-24,0.0008444217801757549
2018-12-26,-0.004191039421694473
2018-12-27,-0.004482600301818036
2018-12-28,0.000491516957340458
2018-12-31,-0.0013093332670434596
2019-01-02,0.008095187704601315
2019-01-03,0.0007935905333559677
2019-01-04,-0.00794139413499014
2019-01-07,-0.005519501680385015
2019-01-08,0.0010556991782766302
2019-01-09,-0.00923399256193864
2019-01-10,0.0028492174331710128
2019-01-11,0.0018452402886463561
2019-01-14,-0.0005665348686952605
2019-01-15,0.000773380225648435
2019-01-16,0.0009663217014472543
2019-01-17,-0.0006796825507756991
2019-01-18,-9.428294480858597e-05
2019-01-22,0.0030703608422153633
2019-01-23,-0.002085046492307405
2019-01-24,0.006953123043473486
2019-01-25,-0.00913153381534052
2019-01-28,0.0008354472994478088
2019-01-29,0.002437750449036915
2019-01-30,-0.006999589749179949
2019-01-31,0.0033454748567068563
2019-02-01,-0.0021146251582135306
2019-02-04,-0.0003691054507582856
2019-02-05,0.004733848918881169
2019-02-06,0.002915108832318955
2019-02-07,0.00566124665952086
2019-02-08,0.0037052568078327673
2019-02-11,0.00030916170601463517
2019-02-12,-0.005818508987553422
2019-02-13,0.0029252112432349288
2019-02-14,0.0008810276236989117
2019-02-15,-0.002611174016976933
2019-02-19,-0.0028165800114054052
2019-02-20,-0.0009147370939334961
2019-02-21,-0.0047264912982349135
2019-02-22,0.0027674226832960706
2019-02-25,-0.002234165481172419
2019-02-26,-0.0005064102776355599
2019-02-27,-0.005086824194086501
2019-02-28,-0.0016097292888223196
2019-03-01,-0.0020180364236895383
2019-03-04,0.004826371450849473
2019-03-05,0.0029953153701100465
2019-03-06,0.0020352132582494658
2019-03-07,0.01080075684430059
2019-03-08,-0.0013271700927388632
2019-03-11,-0.005586035389771756
2019-03-12,0.0015674327064419094
2019-03-13,-0.004294574615954949
2019-03-14,-0.0010063798408861183
2019-03-15,0.0013358735864902997
2019-03-18,-0.0009595136520093146
2019-03-19,-0.0017760663003756935
2019-03-20,-0.00028563252567187416
2019-03-21,0.0056900909735930726
2019-03-22,0.008269985593424348
2019-03-25,0.001104619354769233
2019-03-26,0.0018713077992678273
2019-03-27,0.004701978333493811
2019-03-28,0.004592327725291218
2019-03-29,0.00034846180364569887
2019-04-01,-0.007034687565570368
2019-04-02,0.0017096856098439952
2019-04-03,-0.004887163302314065
2019-04-04,0.0020171633205923853
2019-04-05,0.0014234770537218144
2019-04-08,-0.004085211503161327
2019-04-09,0.0012772400101519028
2019-04-10,-0.00048328313220281655
2019-04-11,0.00046199202922064494
2019-04-12,-0.004348571158457973
2019-04-15,0.0004891547682444937
2019-04-16,-0.002350170382884128
2019-04-17,0.0022545372217885927
2019-04-18,0.008071346309107077
2019-04-22,-0.003674272268642826
2019-04-23,0.01354122454427023
2019-04-24,0.0070874447312788014
2019-04-25,0.0021198433460005842
2019-04-26,0.0033641284740249236
2019-04-29,-0.005370614372620792
2019-04-30,-0.0036955459398886237
2019-05-01,0.00035754161946277595
2019-05-02,-0.007224441501852813
2019-05-03,0.015349164479390717
2019-05-06,-0.002606023993278759
2019-05-07,-0.005266306682952863
2019-05-08,-0.007270712349344222
2019-05-09,0.00033491836141142934
2019-05-10,-0.0007718114095515657
2019-05-13,-0.014928600588187084
2019-05-14,0.0006294707029846293
2019-05-15,0.0025241252766901564
2019-05-16,0.0009845607773012834
2019-05-17,0.002689538850095316
2019-05-20,-0.0013551556623749717
2019-05-21,0.0029571573063466756
2019-05-22,0.0052148793217649606
2019-05-23,0.007920877071495195
2019-05-24,-0.00023312200647669044
2019-05-28,0.010499465810380675
2019-05-29,-2.8124338776759714e-05
2019-05-30,0.013738824380661995
2019-05-31,0.00821569263339912
2019-06-03,-0.0029051818245244615
2019-06-04,-0.005603083114224358
2019-06-05,0.00017816274027497234
2019-06-06,-0.0013109186019332549
2019-06-07,-0.0001399559227213635
2019-06-10,-0.0025976846719312245
2019-06-11,0.0014899938144978895
2019-06-12,-0.0009600198997636504
2019-06-13,0.007233924294469414
2019-06-14,0.0019193044432560214
2019-06-17,0.005663324891401714
2019-06-18,0.01491529071349868
2019-06-19,0.0025542894352721963
2019-06-20,0.0064953294308917955
2019-06-21,-0.016642481513874548
2019-06-24,0.008896338245484154
2019-06-25,-0.005317695527415779
2019-06-26,-0.0061642084966072545
2019-06-27,0.00993204459044209
2019-06-28,-0.00024878308402021134
2019-07-01,0.00791771496072201
2019-07-02,0.012023931089516507
2019-07-03,0.013267037572448992
2019-07-05,-0.016784605519589185
2019-07-08,-0.001612836775496139
2019-07-09,0.0032468330191262945
2019-07-10,-0.0005496408608026701
2019-07-11,-0.015611051122807992
2019-07-12,0.004559185469278021
2019-07-15,0.009339849736316266
2019-07-16,-0.005404698288382725
2019-07-17,0.006468037787504086
2019-07-18,-0.0008054671086357947
2019-07-19,-0.007679053022812129
2019-07-22,0.008687504592806542
2019-07-23,0.0011334824001924821
2019-07-24,0.010403332158401963
2019-07-25,-0.011790168228604637
2019-07-26,0.011102696569787783
2019-07-29,-0.002242944476405696
2019-07-30,-0.0011608315807432948
2019-07-31,-0.0007000815014792507
2019-08-01,0.015763504822489414
2019-08-02,-0.002435516155862608
2019-08-05,-0.006152794176948542
2019-08-06,0.018219770588121457
2019-08-07,0.004405744267636375
2019-08-08,0.01856976100287746
2019-08-09,-0.009837304824602294
2019-08-12,0.013983887455440025
2019-08-13,0.011953338177729941
2019-08-14,0.006044789920225744
2019-08-15,0.012826668933921674
2019-08-16,-0.0005484667103464484
2019-08-19,-0.006310016985629644
2019-08-20,0.005639350835752245
2019-08-21,-0.001668383679367941
2019-08-22,-0.009652035677564669
2019-08-23,-0.003780433627455402
2019-08-26,0.005150945194771322
2019-08-27,0.01617162238556671
2019-08-28,0.00443540226317581
2019-08-29,0.005979423869419302
2019-08-30,1.310000516458371e-06
2019-09-03,-0.004659910061716948
2019-09-04,0.008288102036311206
2019-09-05,-0.007616643645696296
2019-09-06,0.006975103643357725
2019-09-09,-0.021943644926215023
2019-09-10,-0.01944953937535855
2019-09-11,0.005966187970292169
2019-09-12,-0.004552319800508072
2019-09-13,-0.02409807366104412
2019-09-16,0.009596342860999066
2019-09-17,0.007456212515549766
2019-09-18,0.005266692377619602
2019-09-19,0.0033132963323650668
2019-09-20,0.004577699390701227
2019-09-23,0.000849414616788867
2019-09-24,-0.0011072396137478747
2019-09-25,-0.0031899659513402027
2019-09-26,0.004075436994598205
2019-09-27,-0.0079507570582355
2019-09-30,0.01018972139195128
2019-10-01,-0.005625025948462309
2019-10-02,-0.014046898710743806
2019-10-03,0.01745461418639255
2019-10-04,0.018953384362796227
2019-10-07,-0.009740648336368358
2019-10-08,0.0019364603459361223
2019-10-09,-0.0022748405146324536
2019-10-10,-0.007452267856605835
2019-10-11,-0.00629478477794653
2019-10-14,0.004340138193382853
2019-10-15,-0.0065328006981340125
2019-10-16,-0.0018180892222470935
2019-10-17,-0.0038238458958368897
2019-10-18,-0.0031627492043097647
2019-10-21,-0.00210978672068825
2019-10-22,0.0039004959376871366
2019-10-23,6.675033813974832e-05
2019-10-24,0.0018222727238092241
2019-10-25,-0.0007298259253566789
2019-10-28,-0.0033746671415758695
2019-10-29,-0.005163081999238229
2019-10-30,0.01826729113532612
2019-10-31,0.014368956388080866
2019-11-01,0.002704889947613243
2019-11-04,-0.009301245242941255
2019-11-05,-0.008944344230706459
2019-11-06,0.0037860569309572894
2019-11-07,-0.013018395604523886
2019-11-08,0.00033072660606957066
2019-11-11,-0.0014476763488976536
2019-11-12,0.006983784390595991
2019-11-13,0.004254575256148448
2019-11-14,0.008072242951323737
2019-11-15,0.004559074069525379
2019-11-18,0.0025006709005065218
2019-11-19,0.007438772150735397
2019-11-20,0.0013609447659312626
2019-11-21,-0.00633385050766006
2019-11-22,0.0026203243504110173
2019-11-25,0.014632762560512581
2019-11-26,0.005697613055719005
2019-11-27,0.005734134264082782
2019-11-29,-0.006846193948540097
2019-12-02,-0.022220516723293348
2019-12-03,0.0070031541499218026
2019-12-04,-0.002783762639275733
2019-12-05,-0.002733456367776507
2019-12-06,0.007345413290002424
2019-12-09,-0.0029346548370354983
2019-12-10,-0.0015503648210160627
2019-12-11,0.009931199986176894
2019-12-12,-0.0051579906015969635
2019-12-13,0.011525431972988892
2019-12-16,0.0018267527337109772
2019-12-17,0.00010997795856352176
2019-12-18,-0.0049057511596129165
2019-12-19,0.007788359023688178
2019-12-20,0.005857728369319747
2019-12-23,0.001286727377228752
2019-12-24,0.002496925557722176
2019-12-26,0.009885547726436978
2019-12-27,-0.0017317591959368631
2019-12-30,-0.009953588264908454
2019-12-31,-0.007287156324889915
2020-01-02,0.026407800554824994
2020-01-03,0.0028139257239578027
2020-01-06,0.001335847800677839
2020-01-07,-0.003408455834957127
2020-01-08,0.0029335571853378473
2020-01-09,0.011338552436930327
2020-01-10,0.004104915381602947
2020-01-13,0.008519476746934464
2020-01-14,0.0011157646470708622
2020-01-15,0.0054083811226536375
2020-01-16,0.006110537281178155
2020-01-17,-0.0009172930907536749
2020-01-21,0.007748462349948882
2020-01-22,0.005015899105242701
2020-01-23,0.010011070329682242
2020-01-24,0.0008882784195981279
2020-01-27,-0.0019137966926934047
2020-01-28,0.004511660607807975
2020-01-29,0.01072126999960111
2020-01-30,0.0026533331401996803
2020-01-31,-0.006744833495706812
2020-02-03,0.013502031055887853
2020-02-04,0.0025182172756000095
2020-02-05,-0.006485963549894024
2020-02-06,0.011914198175504733
2020-02-07,0.009082983595603129
2020-02-10,0.01296438232664863
2020-02-11,-0.005763060507302406
2020-02-12,0.003000387645253551
2020-02-13,0.0031036993969603115
2020-02-14,0.006214363911886776
2020-02-18,0.008461084882686026
2020-02-19,0.0028700376512857655
2020-02-20,0.0022002558245599233
2020-02-21,-0.0064375350672665095
2020-02-24,-0.0024142189586278257
2020-02-25,-0.010286340304650128
2020-02-26,-0.0037867314564164435
2020-02-27,-0.018343013143050493
2020-02-28,0.021572817035752315
2020-03-02,0.018403138071198505
2020-03-03,0.005635534438713336
2020-03-04,0.0028728514465209197
2020-03-05,0.0163992815418391
2020-03-06,0.06529948518322148
2020-03-09,0.018726424478203628
2020-03-10,-0.03698807721210201
2020-03-11,0.0003953719745338124
2020-03-12,0.02044083671967895
2020-03-13,-0.015927536850247528
2020-03-16,0.03435341502648554
2020-03-17,-0.04410298986507655
2020-03-18,-0.01509640228902608
2020-03-19,0.01673440499055447
2020-03-20,0.04524122148374023
2020-03-23,0.037472221910623306
2020-03-24,-0.03474731174153307
2020-03-25,-0.011401363463340258
2020-03-26,-0.01704545334098716
2020-03-27,0.020262246712065297
2020-03-30,-0.010794720538105821
2020-03-31,-0.003510183379186895
2020-04-01,0.009492374852717629
2020-04-02,0.0064838765140000166
2020-04-03,0.005743424660389773
2020-04-06,-0.0006271784112143823
2020-04-07,-0.010683508566610852
2020-04-08,-4.827913486780684e-05
2020-04-09,-0.005274667815946789
2020-04-13,-0.0039020547112110435
2020-04-14,-0.0040569510847762525
2020-04-15,0.01552238787897302
2020-04-16,0.00853153544642586
2020-04-17,-0.008436253083022106
2020-04-20,0.006339566909992693
2020-04-21,0.005138695078439693
2020-04-22,-0.0004454602545648674
2020-04-23,0.0017954662324023755
2020-04-24,-0.0012377969805266
2020-04-27,-0.007669032403294722
2020-04-28,0.002687674055487756
2020-04-29,-0.00514383525269144
2020-04-30,-0.008658560320632969
2020-05-01,0.0031944790147810966
2020-05-04,0.0030584724515710054
2020-05-05,-0.0017656780096931112
2020-05-06,-0.001784666322500874
2020-05-07,0.0029984880635244475
2020-05-08,-0.0046090922102532215
2020-05-11,0.00019605660157635623
2020-05-12,-0.001771718538749073
2020-05-13,0.0009491398694862368
2020-05-14,0.019396700129629265
2020-05-15,8.809985771315735e-05
2020-05-18,-0.017673379701209652
2020-05-19,0.0024515254506515633
2020-05-20,0.0140475610949409
2020-05-21,-0.0029552214121417813
2020-05-22,0.009489094315007895
2020-05-26,-0.018274733254597383
2020-05-27,0.0012145970285599578
2020-05-28,-0.008005270432164027
2020-05-29,0.016284231780510926
2020-06-01,-0.00523941643816967
2020-06-02,0.000394277409675656
2020-06-03,-0.012958270082131872
2020-06-04,-0.021560797559353057
2020-06-05,0.008328540944454857
2020-06-08,0.008751027408258508
2020-06-09,0.016555273464516733
2020-06-10,0.023374115367899306
2020-06-11,-0.014788138236055945
2020-06-12,-0.004454772127663333
2020-06-15,0.007862000745389832
2020-06-16,-0.0038635643440673465
2020-06-17,0.005562355807621145
2020-06-18,0.014541712492265076
2020-06-19,0.0009072282740406813
2020-06-22,0.006925816901556557
2020-06-23,-0.0021983258098006255
2020-06-24,-0.001372812706047539
2020-06-25,0.009859671455067618
2020-06-26,-0.0031835985836428603
2020-06-29,0.002248845689023306
2020-06-30,0.006714568246369115
2020-07-01,0.005541575440758334
2020-07-02,0.0057611598660415484
2020-07-06,0.01079421640464182
2020-07-07,0.014767520394484233
2020-07-08,-2.459865151941765e-05
2020-07-09,0.025903584462157663
2020-07-10,-0.0026397409731455683
2020-07-13,-0.00815093597641586
2020-07-14,0.005480150727448178
2020-07-15,-0.006208501002732756
2020-07-16,0.0029298873923971434
2020-07-17,-0.0033626731416126557
2020-07-20,0.020244106128283965
2020-07-21,-0.006251632312398659
2020-07-22,0.004960826335852303
2020-07-23,0.00017639864762834865
2020-07-24,-0.004686924414379413
2020-07-27,-0.0030203156360338493
2020-07-28,0.006193941241300132
2020-07-29,0.002032117236525857
2020-07-30,0.010275515628284587
2020-07-31,0.009124654293186762
2020-08-03,-0.004291942662592263
2020-08-04,0.018686539697371538
2020-08-05,-0.011658512964310183
2020-08-06,0.014531083676534485
2020-08-07,-0.015189901838582062
2020-08-10,-0.0072987507815240014
2020-08-11,-0.024282951737590562
2020-08-12,-0.0003179542697701182
2020-08-13,-0.011282901191468134
2020-08-14,-0.008011815411908617
2020-08-17,0.009609827680321616
2020-08-18,0.012171338742325804
2020-08-19,-0.008356658313218308
2020-08-20,0.018297526174214897
2020-08-21,0.013256443418974445
2020-08-24,0.0014942933689522917
2020-08-25,-0.004417818156161041
2020-08-26,0.009934729279515669
2020-08-27,-0.02090764322116372
2020-08-28,3.366897572002468e-05
2020-08-31,0.012514903974577253
2020-09-01,0.026805579267978264
2020-09-02,0.018702137580207136
2020-09-03,-0.03487294394980716
2020-09-04,-0.030865344578966853
2020-09-08,-0.023436129539453867
2020-09-09,0.010280599065134175
2020-09-10,-0.008300686544412314
2020-09-11,0.0012040767583945647
2020-09-14,0.0036660551274847004
2020-09-15,0.0057512528705888685
2020-09-16,0.005100479929241032
2020-09-17,0.0015739935368921194
2020-09-18,-0.0004953549971777998
2020-09-21,-0.008576082490425492
2020-09-22,0.0036458290894765696
2020-09-23,-0.011925147320599181
2020-09-24,0.003445986632662192
2020-09-25,0.006681705761841817
2020-09-28,0.007939191535269926
2020-09-29,-0.007750489386417763
2020-09-30,0.00550582464594822
2020-10-01,-0.0022375338058563915
2020-10-02,-0.013175784096150524
2020-10-05,0.012870641732872251
2020-10-06,-0.0020337034484248207
2020-10-07,0.005210267134231875
2020-10-08,0.006941487307616205
2020-10-09,0.003616281443023479
2020-10-12,0.004959974607506392
2020-10-13,0.00419452411018337
2020-10-14,0.0004213746378681128
2020-10-15,0.0006548062501649445
2020-10-16,-0.005609118065750142
2020-10-19,-0.006120362082556236
2020-10-20,0.003117585465849339
2020-10-21,-0.00624687191853117
2020-10-22,0.0006349702945905151
2020-10-23,-0.0025571313654237865
2020-10-26,-0.008176067932914626
2020-10-27,0.0060223144750403265
2020-10-28,-0.022395116580996702
2020-10-29,-0.0011728767299805272
2020-10-30,-0.008517631957863057
2020-11-02,0.010088567030934094
2020-11-03,0.0054171681152608425
2020-11-04,0.022606187080627827
2020-11-05,0.009242258876230577
2020-11-06,-0.004112351987918423
2020-11-09,-0.004038312822122454
2020-11-10,0.00396418102532111
2020-11-11,0.005966797545121859
2020-11-12,-0.0025683326407631426
2020-11-13,-0.0007656953098860114
2020-11-16,0.005145859848317743
2020-11-17,0.0007450176590670515
2020-11-18,-0.0007969926231013217
2020-11-19,0.002405177500875538
2020-11-20,0.0021424900504013293
2020-11-23,0.0013108450968198784
2020-11-24,0.01087142826743447
2020-11-25,0.004856158083887136
2020-11-27,0.0018839864390577123
2020-11-30,-0.0014362369769525584
2020-12-01,-0.0028958927653758427
2020-12-02,0.0009892633387954845
2020-12-03,0.00017711507143722412
2020-12-04,0.0018161495776945376
2020-12-07,0.00309850037354136
2020-12-08,0.00259098693327106
2020-12-09,-0.007593400129045969
2020-12-10,0.008121435359731824
2020-12-11,-0.0007555782137472439
2020-12-14,0.0021630956362882776
2020-12-15,0.005494506863583375
2020-12-16,0.0038347018948964194
2020-12-17,0.005552068676229932
2020-12-18,0.00027786009986229877
2020-12-21,-0.003830896645355278
2020-12-22,-0.0013074678004371897
2020-12-23,0.0008803334702902012
2020-12-24,0.003724489992233329
2020-12-28,0.0012156119378270284
2020-12-29,0.00029060540240799434
2020-12-30,0.001598771785528131
2020-12-31,0.0038421779686565838
2021-01-04,-0.007660659415116921
2021-01-05,0.012060543677305045
2021-01-06,-0.008596730621373026
2021-01-07,0.01150341580142383
2021-01-08,0.008788942636146015
2021-01-11,-0.0076326224761188105
2021-01-12,0.005836334924357368
2021-01-13,0.004501436269479084
2021-01-14,-0.00055986962361983
2021-01-15,-0.006730627759334355
2021-01-19,0.006788337161786988
2021-01-20,0.010244625691358441
2021-01-21,0.0008782721464898203
2021-01-22,-0.007379718286804308
2021-01-25,0.011130804951559041
2021-01-26,-0.00015490851338808214
2021-01-27,-0.00943693730845974
2021-01-28,-0.0017466311933400163
2021-01-29,-0.007798784702733947
2021-02-01,0.018737940968840176
2021-02-02,0.008181330838260024
2021-02-03,-6.409591810550928e-05
2021-02-04,0.00749502372055382
2021-02-05,0.0002970713209512221
2021-02-08,0.010079119438288894
2021-02-09,-4.2643494657363496e-05
2021-02-10,-0.0004178574852127231
2021-02-11,-0.00037805384030953294
2021-02-12,0.005384029386147782
2021-02-16,0.002552493725780353
2021-02-17,0.0021621978514219037
2021-02-18,-0.0046148989572801745
2021-02-19,-0.004648461430015341
2021-02-22,-0.00016600105668143758
2021-02-23,0.0009491433644192046
2021-02-24,0.008067118558650424
2021-02-25,-0.016463799561494394
2021-02-26,-0.0007236074891107339
2021-03-01,0.0031827528646222844
2021-03-02,-0.004373476384907785
2021-03-03,-0.0057192305523364705
2021-03-04,0.004256222141115083
2021-03-05,0.015225298474457293
2021-03-08,-0.01279997360570544
2021-03-09,0.01226183926502531
2021-03-10,0.0013378098009026044
2021-03-11,0.012346766339463685
2021-03-12,-0.006536789310511491
2021-03-15,0.003750595077552581
2021-03-16,-0.0007139563872256677
2021-03-17,-0.0014710716044278487
2021-03-18,-0.029682690507409272
2021-03-19,0.01199704379415188
2021-03-22,0.004437738996314493
2021-03-23,-0.01088179496099417
2021-03-24,0.007481152657045734
2021-03-25,-0.010659840818144205
2021-03-26,0.014495076987895981
2021-03-29,0.00027948450800325555
2021-03-30,-0.006620186633969401
2021-03-31,0.00764262085380634
2021-04-01,0.014581113170370141
2021-04-05,0.0006484590893232679
2021-04-06,0.001198289791600504
2021-04-07,0.0017781756897285754
2021-04-08,0.006421692993880112
2021-04-09,0.0011637192586152808
2021-04-12,-0.0005089240697658253
2021-04-13,0.009872712413121374
2021-04-14,0.0013885639188604111
2021-04-15,0.01247407521022333
2021-04-16,-0.0011765840366709931
2021-04-19,-0.006911033684808458
2021-04-20,-0.0035122284906078313
2021-04-21,0.0028487505488744196
2021-04-22,-0.001918882053849417
2021-04-23,0.0072946485934527305
2021-04-26,0.0060637598772616125
2021-04-27,0.0006481963422973209
2021-04-28,-0.001828740770912201
2021-04-29,0.003873484045937622
2021-04-30,-0.003043644263620888
2021-05-03,0.0009748512459496419
2021-05-04,0.002589316929110472
2021-05-05,0.00030763683914444536
2021-05-06,0.003490286304905109
2021-05-07,0.003935373517334543
2021-05-10,-0.01386006697514633
2021-05-11,0.0026699233079189475
2021-05-12,-0.007966448985269756
2021-05-13,-0.01097762045211858
2021-05-14,0.010666817191836177
2021-05-17,0.0032168531461013315
2021-05-18,-0.00653745472838187
2021-05-19,-0.007795389710850815
2021-05-20,0.002772552128277775
2021-05-21,0.0036469692025434424
2021-05-24,0.01213046672228504
2021-05-25,0.0008447869341959451
2021-05-26,0.0027417226074874733
2021-05-27,0.00396191039430992
2021-05-28,0.00032169450846590217
2021-06-01,0.005468024246780998
2021-06-02,0.0034362774827579293
2021-06-03,-0.00682416447454501
2021-06-04,0.013044824318474098
2021-06-07,0.0009769209894917572
2021-06-08,0.005938909560374017
2021-06-09,3.222167805290248e-05
2021-06-10,0.006568138332982314
2021-06-11,0.0007461830073930861
2021-06-14,0.00013743821366598696
2021-06-15,-0.00449309572659909
2021-06-16,-0.0014724392655442455
2021-06-17,0.00018936302850822845
2021-06-18,0.005176886784470385
2021-06-21,0.0030095297029077194
2021-06-22,0.0050034253005379675
2021-06-23,0.0028441383732767432
2021-06-24,0.004729655049872418
2021-06-25,-0.0037204422159213975
2021-06-28,0.00778885784552027
2021-06-29,0.004751363629884352
2021-06-30,0.00439505994470918
2021-07-01,0.0027178888668146655
2021-07-02,0.008850163484658977
2021-07-06,-0.0057850159162645045
2021-07-07,-0.0009843795747268673
2021-07-08,-0.0016217514273325954
2021-07-09,0.004980219231261229
2021-07-12,0.003387203836461802
2021-07-13,0.003892782168471706
2021-07-14,-0.002490723921752331
2021-07-15,-0.0038883009112932127
2021-07-16,-0.004992369538005345
2021-07-19,-0.015399226249788983
2021-07-20,0.011978135893597051
2021-07-21,0.009781245978423567
2021-07-22,0.009047365065023483
2021-07-23,0.009329943693409722
2021-07-26,0.002068115311223053
2021-07-27,-0.009104166539455446
2021-07-28,0.003031779202808242
2021-07-29,0.0050534252438679365
2021-07-30,-0.003978117433096998
2021-08-02,-0.003043005735611869
2021-08-03,0.0028183019106533644
2021-08-04,-0.0031036550647463496
2021-08-05,0.008758601369303192
2021-08-06,-0.005777328176515057
2021-08-09,-0.002992394323278945
2021-08-10,0.0021314563466629318
2021-08-11,0.000837459968916668
2021-08-12,0.0014536935830802924
2021-08-13,0.0004639254858172029
2021-08-16,7.271409293813652e-05
2021-08-17,-0.007773994334614541
2021-08-18,-0.010559884637806266
2021-08-19,0.0017429050116858017
2021-08-20,0.0001451201271819874
2021-08-23,0.019622185142254774
2021-08-24,-0.004393043551225453
2021-08-25,-0.008364296308145449
2021-08-26,-0.0009709231772566655
2021-08-27,0.012441456881308805
2021-08-30,0.012430015247216956
2021-08-31,-0.006782711864558306
2021-09-01,0.002011611999326134
2021-09-02,0.002946633201246266
2021-09-03,-0.006451309576596729
2021-09-07,-0.005606761297235023
2021-09-08,0.004631498429564295
2021-09-09,0.008505816781694821
2021-09-10,-0.014462488520422893
2021-09-13,0.006131233950251896
2021-09-14,0.008509733859834228
2021-09-15,0.0024570653396512117
2021-09-16,-0.0021822321956441234
2021-09-17,-0.01404219997901872
2021-09-20,-0.005279442125082504
2021-09-21,-0.0007030541570473784
2021-09-22,0.014190596170275484
2021-09-23,-0.01653824754416001
2021-09-24,-0.0076229876318757795
2021-09-27,-0.009917960119922816
2021-09-28,-0.038015954066582695
2021-09-29,0.0027473535294573258
2021-09-30,-0.004429122736553422
2021-10-01,0.01166631024231973
2021-10-04,-0.020583611064752635
2021-10-05,0.010221059262739732
2021-10-06,-0.002713405766810572
2021-10-07,0.007839568301876777
2021-10-08,-0.001844299448982541
2021-10-11,0.0002796506096698477
2021-10-12,0.001077594056482674
2021-10-13,0.004640612820124869
2021-10-14,0.012104457885077682
2021-10-15,0.0052092890744603205
2021-10-18,0.0021859877839573156
2021-10-19,0.0012505548228403233
2021-10-20,0.003331253816758359
2021-10-21,-0.004088139870115486
2021-10-22,-0.0003515748571473263
2021-10-25,0.006021293370232885
2021-10-26,0.0034122471634947978
2021-10-27,-0.005106177514614026
2021-10-28,0.0037056211568561167
2021-10-29,0.002613237907549707
2021-11-01,0.002735190104468168
2021-11-02,0.004284840373443532
2021-11-03,-0.007408273349194768
2021-11-04,0.006157765383969111
2021-11-05,0.007665883973643308
2021-11-08,0.0010666863361619133
2021-11-09,0.0034900595393219346
2021-11-10,-0.025741314951500328
2021-11-11,0.0021996995484522414
2021-11-12,0.005486981410886613
2021-11-15,-0.0086013295582036
2021-11-16,0.00583452804046413
2021-11-17,0.006381820588884523
2021-11-18,0.011535416855917765
2021-11-19,0.016959358929859104
2021-11-22,-0.019858998092845425
2021-11-23,-0.016793309115908713
2021-11-24,0.017153807424773945
2021-11-26,0.00021960817018242505
2021-11-29,0.013680398615307949
2021-11-30,-0.0010745327114495139
2021-12-01,-0.008618133955272972
2021-12-02,0.006768324038926482
2021-12-03,-0.0030415179159246387
2021-12-06,-0.006759422953633585
2021-12-07,0.01907075937555549
2021-12-08,-0.012483186909739681
2021-12-09,-0.007678651582216422
2021-12-10,0.006403807385799419
2021-12-13,8.799157938146158e-06
2021-12-14,-0.009233779494977312
2021-12-15,0.007135280893153389
2021-12-16,-0.022346520848176687
2021-12-17,0.009042747626020402
2021-12-20,-0.014403219501964284
2021-12-21,0.011729983466804043
2021-12-22,0.012669217316284795
2021-12-23,-0.002649937739029126
2021-12-27,0.014782233452757153
2021-12-28,-0.006024064382928823
2021-12-29,-0.014276941488979022
2021-12-30,0.008308993868751415
2021-12-31,-0.004690326013367695
2022-01-03,-0.020278391056322467
2022-01-04,0.000968548989377309
2022-01-05,-0.012285658320221772
2022-01-06,0.004469927720144486
2022-01-07,-0.004894765352155731
2022-01-10,-0.0004696925241258598
2022-01-11,0.012551151232625552
2022-01-12,0.002157349407940344
2022-01-13,-0.0112471829467834
2022-01-14,0.0064963528888565426
2022-01-18,-0.0027016155364630442
2022-01-19,-0.0006804947948505845
2022-01-20,-0.003834561629110711
2022-01-21,-0.006833228329699093
2022-01-24,-0.00014886008858441976
2022-01-25,0.0017200784399428967
2022-01-26,0.002944991990149355
2022-01-27,0.009294137977528098
2022-01-28,-2.8259381668002272e-05
2022-01-31,-0.005173657010123077
2022-02-01,-0.0014826167209508342
2022-02-02,-0.0011499522041441162
2022-02-03,-0.003966118920486166
2022-02-04,-0.0011547083016580084
2022-02-07,0.000999022953073743
2022-02-08,-0.0020759354360626384
2022-02-09,0.0017723837927610861
2022-02-10,-0.0025765361792886225
2022-02-11,0.008178666093031878
2022-02-14,0.0014981715802514489
2022-02-15,-0.00836354996667356
2022-02-16,-0.0013039552073689736
2022-02-17,0.004520232827843042
2022-02-18,0.0036514367968441402
2022-02-22,0.004716179049515789
2022-02-23,0.004649177768920258
2022-02-24,0.005330969012867995
2022-02-25,-0.009058861562256413
2022-02-28,0.004594050279640798
2022-03-01,0.014188924998554005
2022-03-02,0.002990567877525819
2022-03-03,0.005371081443352068
2022-03-04,0.014039143427068202
2022-03-07,0.01227814960053309
2022-03-08,0.000941507938132503
2022-03-09,-0.01985493663294847
2022-03-10,0.00349916431101706
2022-03-11,0.007591663123899042
2022-03-14,-0.0025371534373830893
2022-03-15,-0.005721863089241417
2022-03-16,-0.009562988696907596
2022-03-17,0.0005887825142879286
2022-03-18,0.00026421309681077046
2022-03-21,0.006587734176585261
2022-03-22,-0.0020705890790248247
2022-03-23,0.005793795479021176
2022-03-24,-0.0007811419449931507
2022-03-25,-0.000705224892297746
2022-03-28,2.7775486830371654e-05
2022-03-29,-0.004155538418299433
2022-03-30,-0.002439793503334642
2022-03-31,0.0026085018735791696
2022-04-01,0.0022254316094069597
2022-04-04,0.004397693960828629
2022-04-05,0.0009875556215609522
2022-04-06,-0.0009055846317379432
2022-04-07,0.0008040679686711306
2022-04-08,-0.0006283545586112435
2022-04-11,-0.0005552719562902145
2022-04-12,0.004710564102096549
2022-04-13,-0.0016491141657883396
2022-04-14,0.002665071419397219
2022-04-18,0.003590859409180189
2022-04-19,-0.0022342979513595967
2022-04-20,-0.005947445781582856
2022-04-21,0.004223648618899774
2022-04-22,0.0070756358588847015
2022-04-25,0.0028781644831584216
2022-04-26,0.010581912645369625
2022-04-27,0.005645616259483733
2022-04-28,0.0021851184110157984
2022-04-29,0.0005971859522729706
2022-05-02,0.005020171713255168
2022-05-03,-0.0035977689432426753
2022-05-04,-0.006341057390913254
2022-05-05,0.009592020414483331
2022-05-06,0.0021843294445785958
2022-05-09,-0.0019151641841944852
2022-05-10,0.0010437652575584658
2022-05-11,0.005148684213447211
2022-05-12,0.008006569974103468
2022-05-13,-0.003226886106618941
2022-05-16,-0.0011060506796502407
2022-05-17,-0.01032058170229066
2022-05-18,0.005406788034877904
2022-05-19,-0.006669285155834853
2022-05-20,0.0019721295856298367
2022-05-23,-0.008828659144685058
2022-05-24,-0.0016605907349000054
2022-05-25,0.003026191391726888
2022-05-26,-0.003286102860343114
2022-05-27,-0.002587259940476361
2022-05-31,0.001010876181737347
2022-06-01,0.007936299792899261
2022-06-02,-0.006244262622230796
2022-06-03,0.006689023506620847
2022-06-06,0.0021419245056830435
2022-06-07,-0.0011181734778703996
2022-06-08,0.004995030041708898
2022-06-09,0.009065568125080341
2022-06-10,0.008865515654312098
2022-06-13,0.01165293222610782
2022-06-14,-0.00021676301470251815
2022-06-15,-0.007570390664428514
2022-06-16,-0.0025960158638049925
2022-06-17,0.0002451509444813875
2022-06-21,-0.006442049228440761
2022-06-22,-0.004203388556724979
2022-06-23,-0.004827469820234073
2022-06-24,-0.003932866004171396
2022-06-27,-0.0013632485866684363
2022-06-28,0.009012952155082212
2022-06-29,0.0017209205706807946
2022-06-30,-0.006668726778838402
2022-07-01,0.002075375635581343
2022-07-05,0.00017310831696073874
2022-07-06,0.0013662168393426166
2022-07-07,0.0038446282435396226
2022-07-08,0.0018466439977148379
2022-07-11,0.010615936032853244
2022-07-12,-0.004777011116420177
2022-07-13,-0.000233390445971377
2022-07-14,0.005015833947777438
2022-07-15,-0.0060868174792048976
2022-07-18,-0.001189287593154481
2022-07-19,-0.009189827804457117
2022-07-20,0.001345564349604564
2022-07-21,-0.0057545748318141915
2022-07-22,-0.001171154595388483
2022-07-25,0.00067974196022659
2022-07-26,0.008631636489080802
2022-07-27,-0.00900060577790345
2022-07-28,-0.0024336101635450895
2022-07-29,-0.004897288212230452
2022-08-01,-0.0051098382276277944
2022-08-02,0.005970427212076252
2022-08-03,-0.0016241471043478438
2022-08-04,-0.006238952600678284
2022-08-05,0.007018688541999069
2022-08-08,0.0002741444662328948
2022-08-09,0.0011847266492377106
2022-08-10,-0.010281961277451266
2022-08-11,0.003513132645449831
2022-08-12,-0.00047743026048890523
2022-08-15,0.004359753182736999
2022-08-16,-0.0014955214968767482
2022-08-17,0.00022711394905806665
2022-08-18,0.00847591246025629
2022-08-19,0.0023408037937975947
2022-08-22,0.0069594526424048495
2022-08-23,0.0004708752461045645
2022-08-24,0.0019264804666936698
2022-08-25,-0.00659692371185989
2022-08-26,0.009696613984389296
2022-08-29,0.004363124665055259
2022-08-30,-0.003319553597307412
2022-08-31,-0.0026773393544035824
2022-09-01,0.002897473360676934
2022-09-02,0.003162741425903874
2022-09-06,0.004244515149957114
2022-09-07,-0.011880849465817831
2022-09-08,0.0012783984557261686
2022-09-09,-0.003989857099854395
2022-09-12,-0.0035454767065095693
2022-09-13,0.010284806819296227
2022-09-14,-0.00017280712921761098
2022-09-15,-0.003376460180238739
2022-09-16,-0.0018520666779641972
2022-09-19,0.0004333304750402481
2022-09-20,0.0052121797427417725
2022-09-21,0.009631571433770404
2022-09-22,0.0027639845226826087
2022-09-23,0.010660550547784895
2022-09-26,0.007726916872658249
2022-09-27,0.0023229107348120563
2022-09-28,-0.009190768747572471
2022-09-29,-0.0007758258832702091
2022-09-30,0.0006243908209321897
2022-10-03,-0.004634018109795206
2022-10-04,-0.011400317105649073
2022-10-05,0.010759407651358984
2022-10-06,0.010520737914286258
2022-10-07,0.009310317745588846
2022-10-10,0.002684606578590049
2022-10-11,-0.0008785142708978117
2022-10-12,0.0005485595337967802
2022-10-13,-0.0071621784555262625
2022-10-14,0.0054780777330531985
2022-10-17,-0.012729377924552397
2022-10-18,-0.004460282949396243
2022-10-19,0.006652256765335092
2022-10-20,0.002076048526929967
2022-10-21,-0.010418313495979967
2022-10-24,-0.0007332592005294273
2022-10-25,-0.009737456765799518
2022-10-26,-0.003263220502170095
2022-10-27,0.007074321304094422
2022-10-28,-0.004680400296855295
2022-10-31,0.006068008640965171
2022-11-01,0.0036781143523033745
2022-11-02,0.009241544159099032
2022-11-03,0.007786684565734312
2022-11-04,-0.009230384152707563
2022-11-07,-0.007696377327097248
2022-11-08,-0.006716775216384321
2022-11-09,0.004348189536884027
2022-11-10,-0.025508508638844365
2022-11-11,-0.00813737718376559
2022-11-14,0.0014208807376779253
2022-11-15,0.0035082910954330505
2022-11-16,0.0003481030389347181
2022-11-17,-0.0029635706935010166
2022-11-18,-0.0011332775837346453
2022-11-21,0.005330744427559018
2022-11-22,0.0012225579727869534
2022-11-23,-0.0059722640187189
2022-11-25,-0.002515317744245943
2022-11-28,0.004092413162687649
2022-11-29,0.004464035621087479
2022-11-30,-0.006859874819727574
2022-12-01,-0.009784044299598837
2022-12-02,-0.0029221233262900887
2022-12-05,0.0032697523352423832
2022-12-06,-0.0004450743879474365
2022-12-07,0.0013036786961393393
2022-12-08,-0.0025563513100109667
2022-12-09,-0.0034648386454032005
2022-12-12,0.002957500886672582
2022-12-13,-0.003804867471125174
2022-12-14,-0.004814364358376939
2022-12-15,0.0012867906740860887
2022-12-16,-0.0021848118004488383
2022-12-19,-0.00473767961552601
2022-12-20,-0.006627369885125946
2022-12-21,0.004581190916538022
2022-12-22,-0.0015338954039258057
2022-12-23,0.0010159034823026625
2022-12-27,-0.001145760246046974
2022-12-28,-0.0001243336646348268
2022-12-29,-0.00335613672251568
2022-12-30,-0.0021143635076812505
2023-01-03,0.006186284288333992
2023-01-04,-0.00368401817492991
2023-01-05,0.006792917699782157
2023-01-06,-0.0066656090027890115
2023-01-09,-0.002022951540450518
2023-01-10,-0.0021683618977921433
2023-01-11,0.005918305101997568
2023-01-12,-0.002034473360557653
2023-01-13,0.00032592083531909205
2023-01-17,0.0023106285203877966
2023-01-18,0.0012598524631680574
2023-01-19,-0.0007625423596144418
2023-01-20,-0.0024241692062765136
2023-01-23,0.0008009448714825175
2023-01-24,0.00018675985821466437
2023-01-25,-0.0024915352495526667
2023-01-26,0.002143154181955249
2023-01-27,-0.0011219752658312846
2023-01-30,-0.0001924339272021242
2023-01-31,-0.00120207633617306
2023-02-01,-0.012716735717490397
2023-02-02,0.0009193253515034387
2023-02-03,0.006907898870240263
2023-02-06,0.006028366724206761
2023-02-07,0.0009043947776590769
2023-02-08,0.0017271083503577075
2023-02-09,-0.003963140772896458
2023-02-10,0.003235878472025767
2023-02-13,-0.0011405009088020566
2023-02-14,1.2388088755426054e-05
2023-02-15,0.0031818064133904626
2023-02-16,0.0030572668669018553
2023-02-17,-0.0012168177160689964
2023-02-21,0.006143297396741373
2023-02-22,0.0005597465915370953
2023-02-23,0.0008023836219103477
2023-02-24,0.00707724571138683
2023-02-27,-0.004542853971383821
2023-02-28,0.0033498502918854916
2023-03-01,-0.0003830727648858823
2023-03-02,0.0021009005960979533
2023-03-03,-0.0032030499777818597
2023-03-06,-0.0020649373050273157
2023-03-07,0.006458144961223932
2023-03-08,-0.0008370700039385573
2023-03-09,-0.004123450609308035
2023-03-10,0.0017969110305139195
2023-03-13,-0.007531260926985564
2023-03-14,-0.016884108556285738
2023-03-15,0.008863316130261029
2023-03-16,-0.010813157160113315
2023-03-17,0.008217270188851562
2023-03-20,-0.00912395110317407
2023-03-21,0.00174226653691948
2023-03-22,-0.007826177044809486
2023-03-23,0.0030362704393393073
2023-03-24,0.006733784606531374
2023-03-27,-0.007134830303621866
2023-03-28,-0.0011517487789150284
2023-03-29,0.004885542856766444
2023-03-30,0.005762025938384045
2023-03-31,0.014209144301630736
2023-04-03,0.004775704059948274
2023-04-04,0.0017077823739688458
2023-04-05,0.0012768216633033873
2023-04-06,0.008989727028839399
2023-04-10,-0.014469200363135606
2023-04-11,-0.005526916211768527
2023-04-12,-0.011086997621870003
2023-04-13,0.007449843042222272
2023-04-14,-0.008375698212865943
2023-04-17,-0.00801215916858872
2023-04-18,0.002227740020083286
2023-04-19,-0.0010284638171730595
2023-04-20,0.001246121579884973
2023-04-21,-0.0050157165359735875
2023-04-24,0.006162722955337955
2023-04-25,-0.0007463773803247534
2023-04-26,-0.007817765377314814
2023-04-27,0.013599102442771654
2023-04-28,0.021094929860820295
2023-05-01,-0.026799498182781527
2023-05-02,0.01277236566059052
2023-05-03,-0.0013680482980676528
2023-05-04,-0.011568439571702508
2023-05-05,0.012549506960450204
2023-05-08,-0.010273442099654332
2023-05-09,-0.008035809355330334
2023-05-10,0.01629896815991079
2023-05-11,0.013744800743142162
2023-05-12,-0.00774292195868023
2023-05-15,-0.005576211056948652
2023-05-16,-0.0010903670180268455
2023-05-17,0.009705523648670828
2023-05-18,0.013742996159927183
2023-05-19,-0.00917754140221573
2023-05-22,0.00038738806829386374
2023-05-23,0.0005269986801451491
2023-05-24,0.0016993955694235433
2023-05-25,0.007711854168977611
2023-05-26,0.00508916198040798
2023-05-30,0.0009613110568240425
2023-05-31,0.0013566081265017431
2023-06-01,-0.0077454606491440744
2023-06-02,0.009204430526616453
2023-06-05,-0.001693212676557543
2023-06-06,0.0037483550326251973
2023-06-07,-0.006349593449334977
2023-06-08,-0.0017824512666714154
2023-06-09,0.0034707713791906204
2023-06-12,0.004461827427732618
2023-06-13,-0.0026683747552997987
2023-06-14,-0.0004433890517579629
2023-06-15,-0.00018057844061772376
2023-06-16,-0.000688074689180479
2023-06-20,0.003351803119820861
2023-06-21,-0.006043518833959994
2023-06-22,0.00265055895514171
2023-06-23,0.0038985465483516862
2023-06-26,-0.00361603213597626
2023-06-27,0.0013829520517640698
2023-06-28,0.004628210672386478
2023-06-29,-0.0002596574359222284
2023-06-30,0.0021978004803231326
2023-07-03,0.0004910396710640769
2023-07-05,0.001863999097945979
2023-07-06,-0.005804327421937875
2023-07-07,-0.008683027505771195
2023-07-10,-0.00228779938834561
2023-07-11,8.772753196568017e-05
2023-07-12,-0.004988760776572069
2023-07-13,-0.00018197382880106422
2023-07-14,0.0005899003609178751
2023-07-17,0.0013816502257889404
2023-07-18,0.003336802036035716
2023-07-19,0.005331030149484807
2023-07-20,-0.0033445951718100646
2023-07-21,0.0018084199624248181
2023-07-24,0.0025564280249772142
2023-07-25,9.919848407104355e-05
2023-07-26,-0.0030553461956364563
2023-07-27,0.0035649713296463247
2023-07-28,0.003816928798181919
2023-07-31,0.0019358195594183863
2023-08-01,-0.0002461491137595055
2023-08-02,-0.00461440895069908
2023-08-03,-0.005208337901562974
2023-08-04,-0.0021965716803916814
2023-08-07,0.0005087189269337962
2023-08-08,-0.0003203775072240663
2023-08-09,0.00042853581685719675
2023-08-10,-0.0036649259686518613
2023-08-11,-0.002582434593361624
2023-08-14,0.0024922936374669508
2023-08-15,-0.0020788789256807553
2023-08-16,-0.00018931215249785502
2023-08-17,-0.0025817303575521953
2023-08-18,0.0006585796676933748
2023-08-21,4.783508986463134e-05
2023-08-22,0.003727366883768789
2023-08-23,0.0022827371795591357
2023-08-24,0.002620359195186531
2023-08-25,0.0027688836268135236
2023-08-28,-0.0002647563651592289
2023-08-29,0.006445344040817112
2023-08-30,0.0014567204963988742
2023-08-31,0.0050034960448151295
2023-09-01,0.005961459058641688
2023-09-05,0.0030538433630336696
2023-09-06,-0.000656307478594232
2023-09-07,0.0011934059963491532
2023-09-08,0.0015565582592281287
2023-09-11,-0.00338166523022814
2023-09-12,0.0005932436003602828
2023-09-13,0.002379919324213034
2023-09-14,0.007008446679691766
2023-09-15,-0.006032442275908195
2023-09-18,9.279864058431666e-05
2023-09-19,-0.0007079312559497569
2023-09-20,-0.005698765176667267
2023-09-21,-0.008353450225818269
2023-09-22,0.002189266098434863
2023-09-25,-0.0037828830869728295
2023-09-26,-0.0035267551934558663
2023-09-27,0.004413129589432911
2023-09-28,-0.0004323918005928593
2023-09-29,-0.004684656977351211
2023-10-02,-0.0008004457604026969
2023-10-03,-0.005205175901112889
2023-10-04,0.0014796342297619775
2023-10-05,-0.004296853780134956
2023-10-06,-8.307362224596127e-05
2023-10-09,0.0033036974794075718
2023-10-10,-0.0012801404230925201
2023-10-11,0.0034795009334765573
2023-10-12,0.0037980650468546714
2023-10-13,0.0004397801665952084
2023-10-16,-0.003787503037994036
2023-10-17,-0.0009916969199487962
2023-10-18,-7.365240933416097e-05
2023-10-19,-0.006018483308913377
2023-10-20,-0.001832883742101928
2023-10-23,-0.0029419871534977597
2023-10-24,0.005403060580466323
2023-10-25,0.00019910907026109669
2023-10-26,0.0010006020470511505
2023-10-27,0.0004603183686579948
2023-10-30,-0.003965131365269826
2023-10-31,0.005130146245086706
2023-11-01,0.0014237350779136568
2023-11-02,-0.004362953486803035
2023-11-03,-0.007526073599412033
2023-11-06,0.0013239809377421701
2023-11-07,0.005919452280317837
2023-11-08,0.0016021549074045943
2023-11-09,0.00010012875371573447
2023-11-10,0.0038713123249156855
2023-11-13,-0.0020248163949562223
2023-11-14,0.0028370385225049265
2023-11-15,-0.00259853881889463
2023-11-16,-0.008958938159438172
2023-11-17,0.004852654231696657
2023-11-20,0.009444207427078672
2023-11-21,0.0002769260492663208
2023-11-22,-0.00032803983865783797
2023-11-24,-0.006534461459956387
2023-11-27,-0.0017380903023636249
2023-11-28,0.005051307958643229
2023-11-29,0.004231186405491913
2023-11-30,-0.007369297952640534
2023-12-01,0.001051501436518316
2023-12-04,-0.006260355318213757
2023-12-05,0.0020983298578534752
2023-12-06,-0.009414572914545475
2023-12-07,0.005247173002947687
2023-12-08,0.0037615499490430623
2023-12-11,0.0033240516764702533
2023-12-12,0.00044201531450566514
2023-12-13,-0.00011971318980501244
2023-12-14,-0.0033918843568303773
2023-12-15,0.0067464294281382965
2023-12-18,0.0007745529205450531
2023-12-19,-0.0012885746879234862
2023-12-20,-0.0006933093174565174
2023-12-21,-0.0024499501369618574
2023-12-22,-0.0005680679427729294
2023-12-26,0.0005860504834965738
2023-12-27,5.643569148024597e-05
2023-12-28,-0.0034327196489799825
2023-12-29,-0.005205346301628441
2024-01-02,-0.010578696687555367
2024-01-03,0.00019608658763083824
2024-01-04,-0.0035821054697039193
2024-01-05,-0.001213266711058422
2024-01-08,0.005264306317019924
2024-01-09,0.0023886125273623023
2024-01-10,-0.000695610303983473
2024-01-11,0.0015717291088117244
2024-01-12,0.0004883218702052842
2024-01-16,0.004658386456900091
2024-01-17,-0.0010514234781665915
2024-01-18,0.0031351644056462754
2024-01-19,0.00456993220989739
2024-01-22,0.0014969561085341433
2024-01-23,0.001749010818174457
2024-01-24,-0.0021643066323812337
2024-01-25,0.0034554180362530284
2024-01-26,-0.0014190079420651556
2024-01-29,0.003551229457110756
2024-01-30,-0.00043473728196944143
2024-01-31,2.0785141185565136e-06
2024-02-01,0.0003462841214292864
2024-02-02,0.007576646946733788
2024-02-05,0.0014840192832006015
2024-02-06,-0.0018264389494810464
2024-02-07,0.0004164304209091892
2024-02-08,0.0004793333200776264
2024-02-09,0.0010464402300534705
2024-02-12,0.00023877843791947264
2024-02-13,0.0019867292458937086
2024-02-14,0.0007508881997807719
2024-02-15,-0.0022694198472479076
2024-02-16,-0.001858409230408273
2024-02-20,-0.0026775164688863716
2024-02-21,-0.002502475903496785
2024-02-22,0.00594281436234177
2024-02-23,0.0017912099747186077
2024-02-26,-0.0020787684092207106
2024-02-27,0.00016740234441838496
2024-02-28,0.0004676384624310694
2024-02-29,0.003921324676814527
2024-03-01,0.0015025993011234706
2024-03-04,-0.0010054610633401001
2024-03-05,-0.0020027748895643615
2024-03-06,-0.001465228446529888
2024-03-07,-0.0021786572670608514
2024-03-08,-0.002224308148903808
2024-03-11,0.00016173525797661529
2024-03-12,0.0012734825444581045
2024-03-13,-0.002487801661867619
2024-03-14,0.002308853392790748
2024-03-15,-0.00038317786589254696
2024-03-18,0.0025252962998446554
2024-03-19,0.00273171346845891
2024-03-20,-0.003140643989866743
2024-03-21,0.006684524551639586
2024-03-22,0.005853382099053048
2024-03-25,-0.003094347453762747
2024-03-26,0.0006915742003640626
2024-03-27,0.0023469861134876807
2024-03-28,0.0022736678892241622
2024-04-01,0.00043305540817473393
2024-04-02,-0.01250386241831952
2024-04-03,-0.0007717878133620252
2024-04-04,-0.005006039462355534
2024-04-05,-0.005780130685887434
2024-04-08,-0.0005546968027310637
2024-04-09,0.01194656150411501
2024-04-10,-0.025549389143776774
2024-04-11,0.007131979228713634
2024-04-12,-0.004961273110530455
2024-04-15,-0.028087166434867392
2024-04-16,-0.006329640922137864
2024-04-17,-0.0006270038887173121
2024-04-18,-0.0096053538590125
2024-04-19,-0.01226797247253574
2024-04-22,0.0052791823409662235
2024-04-23,0.01053570268925684
2024-04-24,-0.003795743702297326
2024-04-25,-0.012006189642112206
2024-04-26,0.019593474771760003
2024-04-29,0.010293875812343062
2024-04-30,-0.02100268859622797
2024-05-01,0.002239105251262365
2024-05-02,0.009208208461992733
2024-05-03,0.024431470141274926
2024-05-06,0.012789254395815998
2024-05-07,0.008445495183726911
2024-05-08,-0.007320224265443006
2024-05-09,0.005108146235434939
2024-05-10,-0.004390193243643695
2024-05-13,0.004097237616713351
2024-05-14,0.009589133681786172
2024-05-15,0.024673592451819347
2024-05-16,-0.0022585328252147973
2024-05-17,-0.008692033620241329
2024-05-20,0.001462732319429089
2024-05-21,-0.0004852435597931348
2024-05-22,-0.005215023484200748
2024-05-23,-0.004217380542818845
2024-05-24,0.005689057514953394
2024-05-28,0.005929088728240619
2024-05-29,-0.007256040588671327
2024-05-30,-0.009620041713918788
2024-05-31,-0.001234190083974331
2024-06-03,-0.003994724610105989
2024-06-04,0.0022972569613623076
2024-06-05,0.006126338559763381
2024-06-06,-0.0012085235062806762
2024-06-07,0.004297426598235583
2024-06-10,0.001986467142809834
2024-06-11,0.005072823983652438
2024-06-12,0.008050878464742707
2024-06-13,0.0066319605920575255
2024-06-14,0.004073882252929803
2024-06-17,0.006295864281010038
2024-06-18,0.0009477133415989946
2024-06-20,0.0007207697816855235
2024-06-21,0.0013244295811193506
2024-06-24,-0.004920306553594447
2024-06-25,0.003501610738589615
2024-06-26,0.0029044415597166036
2024-06-27,-0.00040298808078433285
2024-06-28,-0.0032093239004848334
2024-07-01,-0.0006841902148598874
2024-07-02,0.0018666900934684308
2024-07-03,-0.0002456247384790334
2024-07-05,0.0002645042045290049
2024-07-08,0.0022294587671607144
2024-07-09,-0.0023457433120592465
2024-07-10,0.005180990960395735
2024-07-11,-0.010412585327402923
2024-07-12,0.0001124999828954527
2024-07-15,-0.002452062730561016
2024-07-16,0.0005495244175632449
2024-07-17,-0.01197362346584367
2024-07-18,-0.004110334272997406
2024-07-19,-0.008539956246967755
2024-07-22,0.004995486065388138
2024-07-23,0.0008960929044040111
2024-07-24,-0.006487568399604595
2024-07-25,-0.0003765913838333049
2024-07-26,0.001304823509282509
2024-07-29,0.003381062485994187
2024-07-30,-0.0005131932418884948
2024-07-31,-0.0010122546201659678
2024-08-01,0.0014797460999019334
2024-08-02,-0.008303650048281427
2024-08-05,-0.007042062338379223
2024-08-06,-0.004485089945274717
2024-08-07,-0.0009013907625884158
2024-08-08,-0.0006599762186306593
2024-08-09,0.002367592875982069
2024-08-12,0.0009948867261115233
2024-08-13,-0.0027282573217460816
2024-08-14,0.002787752873078682
2024-08-15,0.0006973411375104083
2024-08-16,-0.0033212075447979932
2024-08-19,-0.0031609572901857446
2024-08-20,0.00769503112684122
2024-08-21,0.0015914005470773539
2024-08-22,-0.020167824140259638
2024-08-23,0.01029091583636915
2024-08-26,-0.008057081921228051
2024-08-27,-0.001555781676682388
2024-08-28,-0.006602077906538354
2024-08-29,-0.004300433794863792
2024-08-30,-0.0043665575810996745
2024-09-03,-0.0003465892216809041
2024-09-04,0.0006474173727912735
2024-09-05,0.0010860227958797936
2024-09-06,0.000991453374725402
2024-09-09,0.0050504345976701255
2024-09-10,0.003354598865417526
2024-09-11,0.00042809596217704873
2024-09-12,-0.005355290941195622
2024-09-13,-0.0002521201189120113
2024-09-16,0.0017158518903940944
2024-09-17,-0.004998896351236401
2024-09-18,-0.017513032625439684
2024-09-19,0.008496708013625735
2024-09-20,-0.005560554136522315
2024-09-23,-0.0012684741704470624
2024-09-24,0.0009396234543971188
2024-09-25,-0.008329312144888442
2024-09-26,0.005244601881696118
2024-09-27,0.0023138612516749855
2024-09-30,-0.002535972897213215
2024-10-01,0.0012243907145920855
2024-10-02,-0.008208496878854062
2024-10-03,-0.010941412453258118
2024-10-04,-0.007078094436638054
2024-10-07,-0.014917361139480917
2024-10-08,0.011256641753197127
2024-10-09,0.00017936607335601183
2024-10-10,-0.006267451208115194
2024-10-11,-0.0035571552976478263
2024-10-14,0.007105333017009824
2024-10-15,0.006713405486114949
2024-10-16,0.00489699749049129
2024-10-17,-0.01741980381118377
2024-10-18,0.0035719856813638353
2024-10-21,-0.01846081508418384
2024-10-22,0.0020241455573024006
2024-10-23,-0.014296632838772137
2024-10-24,0.011114992135482548
2024-10-25,-0.00016647640973526973
2024-10-28,-0.002243049498330129
2024-10-29,0.00843789466612658
2024-10-30,-0.0036980304081790654
2024-10-31,-0.018819478318516065
2024-11-01,-0.0077952626073079165
2024-11-04,0.011152315589572026
2024-11-05,0.013677986390643826
2024-11-06,-0.0006463618845373095
2024-11-07,0.021085466927855716
2024-11-08,0.015199293351365203
2024-11-11,-0.003001507598103457
2024-11-12,0.0009394432838175991
2024-11-13,0.002759432082562063
2024-11-14,0.002805741316185435
2024-11-15,-0.006449722806163459
2024-11-18,-0.002680015448130748
2024-11-19,0.0019804975158295574
2024-11-20,0.003550001253279382
2024-11-21,0.0031332529467906836
2024-11-22,0.004810987071023972
2024-11-25,-0.0011435997537950632
2024-11-26,0.0018071748426632555
2024-11-27,-0.007867474194566307
2024-11-29,0.0021220648078945645
2024-12-02,0.00801424303999344
2024-12-03,-0.000915259232204442
2024-12-04,0.005052827086422905
2024-12-05,-0.004611561939946621
2024-12-06,0.004601288967435589
2024-12-09,-0.0024210346251414107
2024-12-10,-0.007713361502872621
2024-12-11,0.007494216821320777
2024-12-12,-0.01629324979412845
2024-12-13,-0.0014994496340091515
2024-12-16,0.013946050750840643
2024-12-17,0.0006381301522163733
2024-12-18,0.0003800996132338314
2024-12-19,-0.001500059926174174
2024-12-20,-0.0020321114426572902
2024-12-23,0.0034230942754055046
2024-12-24,0.005481258995425607
2024-12-26,-0.0019563031823381814
2024-12-27,-0.005408106935991771
2024-12-30,-0.0006306559916056265
2024-12-31,0.001981762285068441
2025-01-02,0.006830807145298305
2025-01-03,-0.0007517578143884925
2025-01-06,-0.004370332890082946
2025-01-07,-0.002805784424255937
2025-01-08,0.003239861402835798
2025-01-10,0.0006074398533953467
2025-01-13,0.0017948500137188307
2025-01-14,-0.0048247928564299665
2025-01-15,0.005242940180055139
2025-01-16,-0.00030079494814504756
2025-01-17,0.0018053825542788113
2025-01-21,-0.007360837377695311
2025-01-22,0.002600332730964254
2025-01-23,-0.0017059110830252805
2025-01-24,-0.005176820613191826
2025-01-27,-0.002987429302333056
2025-01-28,0.0056626058255928235
2025-01-29,0.0008470830435268565
2025-01-30,0.0015149210371558854
2025-01-31,0.001867682545962471
2025-02-03,0.003390211086288633
2025-02-04,-0.004298178229355954
2025-02-05,0.0031606945291139527
2025-02-06,0.0006683531176857691
2025-02-07,-0.0006506177732502423
2025-02-10,0.003937891877364206
2025-02-11,-0.004429188078127438
2025-02-12,-0.0019609193353127188
2025-02-13,-0.0006678129208985461
2025-02-14,-0.00029617683594965736
2025-02-18,-0.0003604268745577492
2025-02-19,0.004023121007470587
2025-02-20,-0.002529552498009571
2025-02-21,-0.00955716059285131
2025-02-24,-0.004275063699308105
2025-02-25,-0.007560130000709618
2025-02-26,-0.0013577625897913397
2025-02-27,-0.006999335754315902
2025-02-28,0.004510548435907546
2025-03-03,-0.011571229170135271
2025-03-04,-0.010401980475588093
2025-03-05,-0.008537068016716961
2025-03-06,-0.00697309258451415
2025-03-07,-0.0019117773045778301
2025-03-10,-0.005273756396758492
2025-03-11,-0.0037409235193411787
2025-03-12,0.0005445303638879735
2025-03-13,0.0029338922640642076
2025-03-14,-0.0003124842464468008
2025-03-17,-0.00010789508909389502
2025-03-18,0.0007499588824830651
2025-03-19,0.001445012733278078
2025-03-20,0.0028209022861276265
2025-03-21,0.0009063681492195537
2025-03-24,-0.0006790735462880804
2025-03-25,-0.0007229213064203082
2025-03-26,0.004552673009204967
2025-03-27,-0.0010834634612694842
2025-03-28,0.0012564950707489157
2025-03-31,0.003353970787848491
2025-04-01,0.0003855088736634575
2025-04-02,-0.0022086014580139472
2025-04-03,-0.016067023797551358
2025-04-04,0.008148491970073434
2025-04-07,-0.0005267964014694794
2025-04-08,-0.005504026943450294
2025-04-09,-0.003976427100321678
2025-04-10,-0.01603834494062511
2025-04-11,-0.006420265928306364
2025-04-14,-0.003346627041271181
2025-04-15,0.00420882043702677
2025-04-16,-0.0024221371412440676
2025-04-17,0.002386832993189832
2025-04-21,-0.0065940929407511135
2025-04-22,0.002665065776774261
2025-04-23,0.004534154408734436
2025-04-24,-0.0038313019114774947
2025-04-25,0.0017170288639829254
2025-04-28,-0.005938237155252916
2025-04-29,-0.00027434754762435914
2025-04-30,-0.0003080312681111314
2025-05-01,0.004689879445828387
2025-05-02,-0.0018481162629940462
2025-05-05,-0.0019227268505196192
2025-05-06,-0.0009671051653756055
2025-05-07,0.0034933494924078304
2025-05-08,0.006378218895363819
2025-05-09,-0.00036586113364597687
2025-05-12,0.009521315066901532
2025-05-13,-0.0027950530965812105
2025-05-14,-0.0012485994579519283
2025-05-15,-0.0018484117232751233
2025-05-16,0.0013707126947650233
2025-05-19,-0.005304705604317538
2025-05-20,-0.0008653871117828486
2025-05-21,-0.006888449566454733
2025-05-22,0.001612441656121244
2025-05-23,-0.002924627174752275
2025-05-27,0.004789415553021091
2025-05-28,0.0002677366877146146
2025-05-29,-0.0027632064673103257
2025-05-30,-0.0014922415692868337
2025-06-02,-0.002285472304417786
2025-06-03,0.005478091213982791
2025-06-04,-8.616981023252656e-05
2025-06-05,0.0008774115884257311
2025-06-06,0.002413431441796367
2025-06-09,-0.0013543861796819112
2025-06-10,0.0012436213752885098
2025-06-11,0.0016094781415171705
2025-06-12,-0.0021036291998829944
2025-06-13,0.006468234867814362
2025-06-16,-0.0017548601612567896
2025-06-17,0.010425968684916239
2025-06-18,0.0020136521347199608
2025-06-20,-0.0002990591020129916
2025-06-23,-0.008971535850600417
2025-06-24,-0.00572527149076303
2025-06-25,-0.002007806888812428
2025-06-26,-0.0016446621020389626
2025-06-27,-0.0005294763926829039
2025-06-30,-0.0018055564876301765
2025-07-01,0.003514803946878521
2025-07-02,0.00030730746787840924
2025-07-03,-0.003773464328840007
2025-07-07,-0.007550716414898069
2025-07-08,0.001425014899769815
2025-07-09,0.005212969080111403
2025-07-10,-0.001188072650546381
2025-07-11,0.0015384853758217592
2025-07-14,-0.00033187719518978985
2025-07-15,0.0008273478319412847
2025-07-16,-0.0001496180535970379
2025-07-17,0.009288603347645924
2025-07-18,-0.0004601901074069366
2025-07-21,0.0014282099305160517
2025-07-22,-0.004500012191754257
2025-07-23,0.00037114563000017467
2025-07-24,0.002496214901430367
2025-07-25,-0.0005939069264667894
2025-07-28,0.00820839750322145
2025-07-29,0.008339867992519215
2025-07-30,0.0017534465839361799
2025-07-31,-0.005182518667508316
2025-08-01,-0.0179011875571393
2025-08-04,0.00794771166571463
2025-08-05,-0.005694463711189905
2025-08-06,0.001092611871374754
2025-08-07,0.0022338094356130957
2025-08-08,0.0035706971977947713
2025-08-11,0.0006687754493840425
2025-08-12,1.6502220873536528e-05
2025-08-13,0.0009630920668199743
2025-08-14,0.0005993349321418912
2025-08-15,-0.005791718588635518
2025-08-18,0.00018622413128264407
2025-08-19,-0.006085915646575004
2025-08-20,0.0029797965284185123
2025-08-21,0.0016648939487031145
2025-08-22,0.005231099082251766
2025-08-25,0.003002733769839271
2025-08-26,-0.0033942423811817862
2025-08-27,0.0004877113865665848
2025-08-28,0.005538786534966512
2025-08-29,-0.0058354895564659125
2025-09-02,0.004438891738970122
2025-09-03,0.0006789907568153547
2025-09-04,0.0018563946561896058
2025-09-05,-0.001020027045421222
2025-09-08,0.007233343764487615
2025-09-09,0.002600809435524843
2025-09-10,0.004158624356763329
2025-09-11,-0.0007910312245610162
2025-09-12,0.0038606555995712396
2025-09-15,0.006591858191497886
2025-09-16,0.0022128084161036573
2025-09-17,-0.004600728033882006
2025-09-18,0.0013868890425737758
2025-09-19,1.2888838501332782e-06
2025-09-22,0.0006272371988196297
2025-09-23,0.0019932545517188957
2025-09-24,0.002522649620474931
2025-09-25,0.0031316139641256566
2025-09-26,0.00067292528242946
2025-09-29,-0.00025610123855718476
2025-09-30,-0.0012849172081501874
2025-10-01,0.0019287841651672425
2025-10-02,0.0005943432589465458
2025-10-03,-0.002125693147702863
2025-10-06,0.008116267065629571
2025-10-07,0.0012628226507489008
2025-10-08,0.00766146606357293
2025-10-09,-0.002050151797247376
2025-10-10,-0.026284303507158633
2025-10-13,0.016778912285641157
2025-10-14,-0.0007062852943647974
2025-10-15,0.00019339927659676017
2025-10-16,0.0063043182006133625
2025-10-17,0.0014689039350302656
2025-10-20,0.012834455315986135
2025-10-21,0.007875482884268727
2025-10-22,-0.004084034493316985
2025-10-23,-0.005698667071035309
2025-10-24,0.005275327336991566
2025-10-27,0.013780800075568122
2025-10-28,-0.0009171634167575314
2025-10-29,0.0038331584066874096
2025-10-30,-0.005383693649025429
2025-10-31,0.00499691961893648
2025-11-03,0.004512014282823704
2025-11-04,-0.008812387471295393
2025-11-05,-0.0011705742497920366
2025-11-06,-0.005822309600913122
2025-11-07,-0.0009049530667332705
2025-11-10,0.012154565774733969
2025-11-11,0.004509314474900121
2025-11-12,0.0023346329462267416
2025-11-13,-0.022577767066864613
2025-11-14,-0.007547671681913143
2025-11-17,0.0001354375040785927
2025-11-18,-0.0073355399186572565
2025-11-19,0.0031193061328454704
2025-11-20,-0.007317977764627637
2025-11-21,0.006118416560917215
2025-11-24,0.020053646256219866
2025-11-25,0.004985629906507164
2025-11-26,0.009322194574013433
2025-11-28,-0.003963170988268511
2025-12-01,-0.018379096378444232
2025-12-02,0.0046281885013776955
2025-12-03,0.002501183860124071
2025-12-04,-0.006630190619624924
2025-12-05,-0.004958726108736646
2025-12-08,-0.004819993199194591
2025-12-09,0.0018988739023813263
2025-12-10,0.004774687160950307
2025-12-11,-0.004218657648102609
2025-12-12,-0.022734994951285205
2025-12-15,-0.0017428851381346994
2025-12-16,0.008090982787199257
2025-12-17,-0.010422359578495927
2025-12-18,0.01325544474129375
2025-12-19,0.0010331231103086573
2025-12-22,-0.0004176272421443296
2025-12-23,0.005857098680161771
2025-12-24,0.0017770499427736323
2025-12-26,0.0008400884587987241
2025-12-29,-0.005253985829238397
2025-12-30,0.0023911577968190384
2025-12-31,-0.010222908088735393
2026-01-02,0.0003443134524676489
2026-01-05,0.011298669176720419
2026-01-06,0.004430893102218242
2026-01-07,-0.0017959624574000535
2026-01-08,0.002380285814197969
2026-01-09,0.006760514928731137
2026-01-12,0.004347964923565463
2026-01-13,0.0035055884474607963
2026-01-14,-0.0034274997953644827
2026-01-15,-0.0006552738234491725
2026-01-16,-0.0021622170119739875
2026-01-20,-0.008036467281652204
2026-01-21,0.012599668716765119
2026-01-22,0.0026915513794779104
2026-01-23,0.006517964021763042
2026-01-26,0.0031984315678556903
2026-01-27,0.004605486393460316
2026-01-28,0.008214468370705389
2026-01-29,0.0025458075346806728
2026-01-30,-0.01814349718547112
2026-02-02,-0.01064108156027517
2026-02-03,-0.0008568280427089285
2026-02-04,-0.00972298707408591
2026-02-05,-0.01136553453444895
2026-02-06,0.014750216445695777
2026-02-09,0.005760400982221447
2026-02-10,-0.0011551592695366614
2026-02-11,0.003914394857051954
2026-02-12,-0.016393935381206825
2026-02-13,0.0032227723161098263
2026-02-17,-0.0033252102856347956
2026-02-18,0.0055614896332006865
2026-02-19,0.00435101751391168
2026-02-20,-0.0008994554240859735
2026-02-23,0.0050543407966729586
2026-02-24,0.0014661735039715683
2026-02-25,0.0004100070501027432
2026-02-26,0.004833462850723924
2026-02-27,0.009402505244057951
2026-03-02,-0.0008459268855554106
2026-03-03,0.0004554619427299874
2026-03-04,-0.0014894990194862204
2026-03-05,0.0011254906809456385
2026-03-06,0.00616565857385983
2026-03-09,0.004429822448508303
2026-03-10,0.0044130328400905925
2026-03-11,0.006038099079342234
2026-03-12,0.0033835628595742244
2026-03-13,-0.003782860982452921
2026-03-16,-0.0011747168030800598
2026-03-17,0.0008875656337139546
2026-03-18,0.005800134455351267
2026-03-19,-0.007601538499896789
2026-03-20,-0.0003579423790244676
2026-03-23,-0.006907493541204852
2026-03-24,0.0053056670571900106
2026-03-25,0.00014548837235600523
2026-03-26,0.007808017763067912
2026-03-27,0.007059738024730784
2026-03-30,0.0054981212710198055
2026-03-31,-0.012499513238620178
2026-04-01,-0.0039068333782642335
2026-04-02,0.006347670855762818
2026-04-06,-0.0010472693138471267
2026-04-07,-0.002915571505718515
2026-04-08,-0.01354067233060911
2026-04-09,-0.001778670686234773
2026-04-10,-0.0018779998218504568
2026-04-13,-0.0014591753511827277
2026-04-14,-0.0011454143078520496
2026-04-15,-0.0015028632276988644
2026-04-16,0.0017420758649911272
2026-04-17,-0.0022474051392607827
2026-04-20,0.0006214771448285791
2026-04-21,0.006875289241096247
2026-04-22,0.01214548824891319
2026-04-23,0.002896422794668915
2026-04-24,0.00783045721170771
2026-04-27,0.002219040854552391
2026-04-28,9.12592355538838e-06
2026-04-29,0.011991700461171458
2026-04-30,0.0011198323126484335
2026-05-01,0.0018681455447677004
2026-05-04,0.005274857973584305
2026-05-05,0.0068795809070535015
2026-05-06,-0.00017572580711016652
2026-05-07,-0.0008413783540651555
2026-05-08,0.014697442313826584
2026-05-11,0.009659884342332642
2026-05-12,0.0023238973893289186
2026-05-13,0.0019178397713078188
2026-05-14,0.003306436700201741
2026-05-15,-0.00954059839605782
2026-05-18,-0.0013458869900871825
2026-05-19,-0.0005152746545513238
2026-05-20,0.00024119543538754593
2026-05-21,-0.00032315169329434124
2026-05-22,0.001482638342322049
2026-05-26,0.00363846364871232
2026-05-27,-0.0071473731388467816
2026-05-28,0.0077159038171724734
2026-05-29,-0.0016233891895741205
2026-06-01,0.011116582046088527
2026-06-02,0.0045386311060422995
2026-06-03,0.0014353619290483808
2026-06-04,-0.007883166399013876
2026-06-05,-0.03276010423798232
2026-06-08,0.009450970188718983
2026-06-09,-0.009452008320027986
2026-06-10,-0.006451163216135076
2026-06-11,0.008023573894232089
2026-06-12,-0.0021685747460068686
2026-06-15,0.007564043382060026
2026-06-16,-0.010232112136952617
2026-06-17,-0.002348961525548245
2026-06-18,0.007300824444690203
2026-06-22,-0.00440974537814677
2026-06-23,-0.012359073261967442
2026-06-24,-0.009248509468313926
2026-06-25,0.00943502776411552
2026-06-26,-0.010074341078486098
2026-06-29,0.004909357723996586
2026-06-30,0.004533791909872157
2026-07-01,-0.00824823014028643
2026-07-02,-0.004278537957854593
2026-07-06,0.010645887721290038
2026-07-07,0.000792489923811828
2026-07-08,0.00761268622264414
2026-07-09,0.00020942765003011343
2026-07-10,0.00016923614796316875
2026-07-13,0.009692814579911592
2026-07-14,0.007091712172746225
2026-07-15,0.00012598214078084598
2026-07-16,-0.00965256920559538
2026-07-17,0.004113664006912696
2026-07-20,0.0021767596548788997
2026-07-21,0.013853697678186387
2026-07-22,0.0015855525331823315
2026-07-23,0.0005202389676673479
2026-07-24,-0.00689812810336709
2026-07-27,-0.016051312112602772
2026-07-28,-0.009187824461679421
2026-07-29,-0.001911170432520314
2026-07-30,0.0076246568510692095
2026-07-31,0.003783155931234656
2026-08-03,-0.0002653460442361699
2026-08-04,0.008184797786289362
2026-08-05,-0.002181971641262539
2026-08-06,0.0036296337582405356
2026-08-07,0.005123679843041025
2026-08-10,0.01206632343732446
2026-08-11,-0.0007690377502664767
2026-08-12,0.0054906475682783675
2026-08-13,0.001477022334521227
2026-08-14,0.0002358581218185349
2026-08-17,0.004915450961942701
2026-08-18,-0.007922922607145806
2026-08-19,0.0029783693490013584
2026-08-20,0.00026835029545696715
2026-08-21,0.0027165487413466577
2026-08-24,-0.006663275926415774
2026-08-25,-0.0022398814997065886
2026-08-26,0.002117436182763059
2026-08-27,0.010865675353621693
2026-08-28,-0.002645707784164976
2026-08-31,0.005193280952604415
2026-09-01,0.0024686278756306124
2026-09-02,0.0006468138138484488
2026-09-03,0.004060859847312292
2026-09-04,0.0011462851909982204
2026-09-08,0.004797579791424614
2026-09-09,0.0025919301522777886
2026-09-10,0.0015666981540791325
2026-09-11,0.00012211994098086052
2026-09-14,-0.0030529756141361316
2026-09-15,0.0026137875859742867
