date,returns
2009-01-02,0.0
2009-01-05,-0.0003227743148146417
2009-01-06,0.00999360096582299
2009-01-07,-0.02840697132487035
2009-01-08,0.010512680877661034
2009-01-09,-0.022432146148595365
2009-01-12,-0.018290708085229975
2009-01-13,0.0003386098154238946
2009-01-14,-0.030477315722584514
2009-01-15,0.01641650415165462
2009-01-16,0.010996695002751628
2009-01-20,-0.04962635735851667
2009-01-21,0.042560501345741526
2009-01-22,0.00021798764889483806
2009-01-23,0.004867964995986993
2009-01-26,-0.00021798764889483806
2009-01-27,-0.0004364872490068039
2009-01-28,-0.0004356351650377443
2009-01-29,0.0
2009-01-30,0.0008726931942031308
2009-02-02,0.012043815365858305
2009-02-03,0.01564123522810712
2009-02-04,0.0006543811479849033
2009-02-05,-0.0004358993539229796
2009-02-06,-0.001525896146090798
2009-02-09,0.0041438824544654
2009-02-10,-0.03682504390645596
2009-02-11,-0.004614602656334207
2009-02-12,0.01225181407739604
2009-02-13,-0.004579594300765808
2009-02-17,0.0
2009-02-18,0.0006843239939906805
2009-02-19,-0.015389713866464353
2009-02-20,0.0027786409379970648
2009-02-23,-0.03498453608168348
2009-02-24,0.03302256350020669
2009-02-25,-0.0004361755196150728
2009-02-26,0.0002181307664213817
2009-02-27,0.0006547710679213908
2009-03-02,0.0005888875153970634
2009-03-03,-0.00021812472734409081
2009-03-04,0.0
2009-03-05,0.00021817231612105876
2009-03-06,-0.00021812472734409081
2009-03-09,0.0
2009-03-10,0.0
2009-03-11,0.0
2009-03-12,-0.00043624044297940447
2009-03-13,-0.0002179548290440914
2009-03-16,-0.0002176895713350376
2009-03-17,0.0006546708334237095
2009-03-18,0.012615310858482429
2009-03-19,-0.0006731897001453968
2009-03-20,-0.015220725021819355
2009-03-23,0.00021759451761859059
2009-03-24,-0.018446119118290017
2009-03-25,0.0046154273397649445
2009-03-26,0.030850097774434468
2009-03-27,-0.01878385914132679
2009-03-30,-0.00021812472734409081
2009-03-31,-0.00043624044297940447
2009-04-01,0.00017459317965033623
2009-04-02,-0.0006540629963964006
2009-04-03,0.018576720733162286
2009-04-06,-0.0024723336853653675
2009-04-07,0.0
2009-04-08,0.00043624132390537824
2009-04-09,-0.0006538161660657636
2009-04-13,0.0006542439213180716
2009-04-14,-0.012161596730074902
2009-04-15,-0.0027703247418836303
2009-04-16,0.025925919355382368
2009-04-17,0.0021059181594339136
2009-04-20,-0.032122360175812846
2009-04-21,0.013957663878608164
2009-04-22,0.0030592544662396593
2009-04-23,0.009758920692200664
2009-04-24,0.017517755153780293
2009-04-27,-0.0002179825501479636
2009-04-28,-0.007411631717106665
2009-04-29,-0.0002179825501479636
2009-04-30,0.010017351076010324
2009-05-01,0.0026256675415022375
2009-05-04,0.01978430894046427
2009-05-05,-0.000855974190211581
2009-05-06,0.0002854008290827801
2009-05-07,-0.02340849710326025
2009-05-08,0.0005849630000562862
2009-05-11,0.003505788568308206
2009-05-12,-0.012226878460468417
2009-05-13,-0.026820064167995518
2009-05-14,0.011205387605743038
2009-05-15,-0.0005990635064256976
2009-05-18,0.02607150433210026
2009-05-19,0.004672695352543439
2009-05-20,-0.003488463110990349
2009-05-21,-0.018377738074539705
2009-05-22,-0.003269128078341343
2009-05-26,0.03726921085324621
2009-05-27,0.0
2009-05-28,-0.0002185270071466039
2009-05-29,0.00021857477163728757
2009-06-01,-0.0007855723011914618
2009-06-02,0.0013745564175946866
2009-06-03,-0.003018708310984833
2009-06-04,0.011285030758299033
2009-06-05,0.0010885195009562303
2009-06-08,-0.0029906846748087228
2009-06-09,0.0076358708807259465
2009-06-10,-0.0035178514643055972
2009-06-11,0.0
2009-06-12,-0.004616904685880563
2009-06-15,-0.020464341038651777
2009-06-16,-0.0097489731627204
2009-06-17,0.009564116525797375
2009-06-18,-0.0019509160318274285
2009-06-19,0.010733361176338366
2009-06-22,-0.029867012589805383
2009-06-23,-0.0022802144145528877
2009-06-24,0.01685708831457127
2009-06-25,0.019667809472097345
2009-06-26,0.0022043088704676943
2009-06-29,0.0021999462595571114
2009-06-30,-0.0019199778434738593
2009-07-01,0.0005497590843773981
2009-07-02,-0.02197791665650614
2009-07-06,-0.005337761113714699
2009-07-07,-0.024851420070011888
2009-07-08,0.005212601326384733
2009-07-09,0.0017290749865489531
2009-07-10,0.004313479768747952
2009-07-13,0.019187329656165965
2009-07-14,0.0036525683715025715
2009-07-15,0.0335944693196896
2009-07-16,0.011917564556763986
2009-07-17,0.00535350243597304
2009-07-20,0.009584661907314917
2009-07-21,0.006856855242316739
2009-07-22,0.008381333740469317
2009-07-23,0.02207789362579966
2009-07-24,-0.007624650939437662
2009-07-27,0.007683232908451002
2009-07-28,-0.006861748169588864
2009-07-29,0.006652647137258802
2009-07-30,0.005847044031200549
2009-07-31,-0.003032412959023253
2009-08-03,0.014955645413606923
2009-08-04,0.0
2009-08-05,-0.007743174581361567
2009-08-06,-0.0088086292532878
2009-08-07,0.012696612065022282
2009-08-10,0.0
2009-08-11,-0.008586183109011238
2009-08-12,0.01553768768027334
2009-08-13,-0.0004357285766175525
2009-08-14,-0.0114739948192761
2009-08-17,-0.029018384453757165
2009-08-18,0.014293141022919108
2009-08-19,0.00691766999659208
2009-08-20,0.01170497796699454
2009-08-21,0.013330307857695576
2009-08-24,0.0
2009-08-25,0.0029816223619921704
2009-08-26,-0.0017340363261576623
2009-08-27,0.002481200329833193
2009-08-28,0.0009902204390942833
2009-08-31,-0.010138981845207774
2009-09-01,-0.018735577950416114
2009-09-02,-0.0007633633271038839
2009-09-03,0.006623832407915476
2009-09-04,0.021514083601861196
2009-09-08,0.009415482281962248
2009-09-09,-0.0006542030672563867
2009-09-10,0.009491416348450136
2009-09-11,0.0009634795472987547
2009-09-14,0.003853612091271641
2009-09-15,0.003118563473160478
2009-09-16,0.014590577659706833
2009-09-17,-0.00023579273308658205
2009-09-18,0.0016757207093276926
2009-09-21,0.003063394139664327
2009-09-22,0.0018789139939296466
2009-09-23,-0.004689510154881585
2009-09-24,-0.008951582344850637
2009-09-25,-0.008794807470835858
2009-09-28,0.01702636524718398
2009-09-29,-0.004480219904022929
2009-09-30,0.0007108782130718205
2009-10-01,-0.029585692542365517
2009-10-02,-0.0029270474159730146
2009-10-05,0.008072201078293595
2009-10-06,0.017714422134008215
2009-10-07,0.0004365060343911319
2009-10-08,-0.0004363155800075598
2009-10-09,0.0002190345391000619
2009-10-12,0.0
2009-10-13,0.0
2009-10-14,0.013621052241127946
2009-10-15,-0.0023168951601362374
2009-10-16,-0.006502392253316358
2009-10-19,-0.000217376609089467
2009-10-20,-0.00021898657347687128
2009-10-21,0.0
2009-10-22,0.0
2009-10-23,-0.00415598697840321
2009-10-26,0.0
2009-10-27,0.0
2009-10-28,-0.02243750817308018
2009-10-29,0.01691288837090764
2009-10-30,0.00043547282451632827
2009-11-02,0.004150683959172591
2009-11-03,0.003160963956172343
2009-11-04,0.0016963817721880642
2009-11-05,0.024679650341909474
2009-11-06,0.00021768422934002204
2009-11-09,0.0
2009-11-10,0.002528732788413843
2009-11-11,0.006419012235123201
2009-11-12,-0.005694699355027512
2009-11-13,0.008246722682484752
2009-11-16,0.010225165764731167
2009-11-17,0.0031487699534392464
2009-11-18,-0.005605026966210777
2009-11-19,-0.015558078935365831
2009-11-20,-0.00503917896214275
2009-11-23,0.016114745044526996
2009-11-24,0.0
2009-11-25,0.00431839787529088
2009-11-27,-0.01516518978506145
2009-11-30,0.0011491290224585622
2009-12-01,0.010330492926328178
2009-12-02,0.0013637296823925296
2009-12-03,-0.004084416070655593
2009-12-04,0.005240446995030752
2009-12-07,-0.00043682663055122123
2009-12-08,0.0
2009-12-09,0.010082471998553133
2009-12-10,-0.00043682663055122123
2009-12-11,0.0
2009-12-14,-0.00021757095986201332
2009-12-15,0.0
2009-12-16,0.00021761830728601308
2009-12-17,0.0
2009-12-18,0.016298072876541753
2009-12-21,0.0
2009-12-22,0.00600562798022125
2009-12-23,0.007295873205683387
2009-12-24,0.009219121178892075
2009-12-28,0.005219206980552836
2009-12-29,-0.004110538180711403
2009-12-30,0.003041278776201056
2009-12-31,-0.009096935498472666
2010-01-04,-0.00043699684437455084
2010-01-05,0.0
2010-01-06,-0.006031646360503447
2010-01-07,0.0
2010-01-08,0.008230456208071795
2010-01-11,-0.004081587082436364
2010-01-12,-0.01251098492369694
2010-01-13,0.012451195880125094
2010-01-14,0.0008627340602066552
2010-01-15,-0.011640240776256574
2010-01-19,0.016139484368777015
2010-01-20,-0.014380965796024017
2010-01-21,-0.009363806708838613
2010-01-22,-0.029237445758056875
2010-01-25,0.0033964706785859972
2010-01-26,0.0009027524307319909
2010-01-27,0.007892207559795365
2010-01-28,-0.025727527407907225
2010-01-29,-0.017450815601868567
2010-02-01,0.010984082740107296
2010-02-02,0.009015009540363307
2010-02-03,0.005498210079856734
2010-02-04,-0.028936211463576274
2010-02-05,0.00844704447484297
2010-02-08,-0.007212776549545426
2010-02-09,0.01031163007652875
2010-02-10,0.0
2010-02-11,0.0
2010-02-12,0.0
2010-02-16,0.0
2010-02-17,-0.0006543496599631322
2010-02-18,0.0004366576948621438
2010-02-19,-0.00044584320931690535
2010-02-22,0.0004366576948621438
2010-02-23,-0.00043646710814081993
2010-02-24,0.010190010462494103
2010-02-25,-0.000224120986629949
2010-02-26,0.003587529680468109
2010-03-01,0.01452199435651565
2010-03-02,0.0030834824428404932
2010-03-03,0.0010973819381317935
2010-03-04,0.003289309738520401
2010-03-05,0.015081988171891979
2010-03-08,0.001938077866818817
2010-03-09,0.005587735473908708
2010-03-10,0.008121115068615393
2010-03-11,0.003816169503287303
2010-03-12,0.00021115175188050634
2010-03-15,-0.0025339371060572693
2010-03-16,0.0063507025490917276
2010-03-17,0.0027345581218673858
2010-03-18,0.003356673284539457
2010-03-19,-0.0060487795714480146
2010-03-22,0.009054500341351504
2010-03-23,0.0068863211181616054
2010-03-24,-0.004766201359674539
2010-03-25,-0.0014579920006054427
2010-03-26,0.001042537110678408
2010-03-29,-0.00043646710814081993
2010-03-30,0.0
2010-03-31,-0.004753319977473124
2010-04-01,0.0
2010-04-05,-0.00043646710814081993
2010-04-06,0.002880049556402675
2010-04-07,-0.002461950060472511
2010-04-08,0.0
2010-04-09,0.0
2010-04-12,0.0008164123835526555
2010-04-13,0.005094514683793815
2010-04-14,0.011963019841130011
2010-04-15,0.00440730338019612
2010-04-16,-0.01196895459971806
2010-04-19,-0.0006056395542144669
2010-04-20,-0.0002174478396083063
2010-04-21,0.005628375296240751
2010-04-22,0.005596522222121578
2010-04-23,0.004174097195160601
2010-04-26,-0.0021772190085502002
2010-04-27,-0.021226287881393018
2010-04-28,0.0006083284281540674
2010-04-29,0.01741932361888821
2010-04-30,-0.0197093291326753
2010-05-03,0.014012997236322567
2010-05-04,-0.030041931761886527
2010-05-05,-0.00516211251791845
2010-05-06,-0.033416168318937435
2010-05-07,-0.024908932722782395
2010-05-10,0.05197080699328424
2010-05-11,-0.0010468341785556856
2010-05-12,0.018860179831851575
2010-05-13,-0.00021906690415755234
2010-05-14,-0.01922628498584549
2010-05-17,0.00319558696621271
2010-05-18,-0.013806330462827985
2010-05-19,-0.007969158150709556
2010-05-20,-0.03712542636067658
2010-05-21,0.011048815020690115
2010-05-24,-0.00401469845116788
2010-05-25,0.0008962986942490489
2010-05-26,-0.011186121838646925
2010-05-27,0.03778258274567483
2010-05-28,0.0002191149049814414
2010-06-01,0.0
2010-06-02,0.00021802521654862436
2010-06-03,-0.00043699684437455084
2010-06-04,0.00043718789410467334
2010-06-07,-0.018186207349441194
2010-06-08,-0.0018066005220437463
2010-06-09,-0.008373014474381943
2010-06-10,0.028525810522527898
2010-06-11,0.0
2010-06-14,-0.00043699684437455084
2010-06-15,0.0
2010-06-16,0.0040675064978564655
2010-06-17,0.003197914099575028
2010-06-18,0.0008306643538108352
2010-06-21,-0.008510443080286128
2010-06-22,-0.007725567225750421
2010-06-23,-0.004108676941065658
2010-06-24,-0.015201111839673542
2010-06-25,0.00019879928331551113
2010-06-28,-0.0035343998655442918
2010-06-29,-0.0385719955560068
2010-06-30,-0.015218167455422598
2010-07-01,-0.002809660676520729
2010-07-02,-0.002817371299344517
2010-07-06,0.003061033575086394
2010-07-07,0.03192455688373065
2010-07-08,0.005459736165592656
2010-07-09,0.009502210082641235
2010-07-12,0.002913244275026604
2010-07-13,0.01296099420150327
2010-07-14,0.005073992950805502
2010-07-15,0.0008779996115522701
2010-07-16,-0.02763162093386342
2010-07-19,0.008570051238235109
2010-07-20,0.012075196100655447
2010-07-21,-0.013698473608061998
2010-07-22,0.02531380979076729
2010-07-23,0.006335642951798305
2010-07-26,0.008250118966024674
2010-07-27,-0.00043044520737341976
2010-07-28,-0.00797086705355124
2010-07-29,-0.007383252837959224
2010-07-30,0.0021877480357058274
2010-08-02,0.018773159458387145
2010-08-03,-0.004285022705107816
2010-08-04,0.010113878751159123
2010-08-05,0.0
2010-08-06,-0.0014942458059619902
2010-08-09,0.006843175799695999
2010-08-10,-0.008708593615379881
2010-08-11,-0.02721222784274007
2010-08-12,-0.00792965074049718
2010-08-13,-0.007104896329759672
2010-08-16,0.001789081282505196
2010-08-17,0.012723081691159379
2010-08-18,0.003967302909262086
2010-08-19,-0.015147978367618473
2010-08-20,0.0013376964460770186
2010-08-23,-0.009795107870879264
2010-08-24,-0.01865992905963519
2010-08-25,0.00962143415838055
2010-08-26,-0.012026051256387954
2010-08-27,0.012172437615061872
2010-08-30,-0.010438324084105683
2010-08-31,-0.003439295361523991
2010-09-01,0.02991265089644367
2010-09-02,0.011170712353104295
2010-09-03,0.0
2010-09-07,-0.006737445293799825
2010-09-08,0.0
2010-09-09,0.0
2010-09-10,0.0
2010-09-13,0.0
2010-09-14,0.004232144821610078
2010-09-15,0.006322941744143601
2010-09-16,0.003979291967996411
2010-09-17,0.0033870112943954417
2010-09-20,0.017503568237966963
2010-09-21,-0.0002046132085034563
2010-09-22,-0.002662755201978446
2010-09-23,-0.0004113010070498609
2010-09-24,0.020341813184063667
2010-09-27,-0.005437589667487817
2010-09-28,-0.00040432094885370986
2010-09-29,-0.0016205949650670473
2010-09-30,-0.004463471082180828
2010-10-01,-0.0012226546745935014
2010-10-04,-0.010814393008356722
2010-10-05,0.024340404714663092
2010-10-06,-0.008659059535425779
2010-10-07,0.003656042622299968
2010-10-08,0.006881203618600896
2010-10-11,0.00040201036824641915
2010-10-12,0.006831517809528579
2010-10-13,0.008182179830297145
2010-10-14,-0.001979847874980591
2010-10-15,0.02122219126231686
2010-10-18,-0.0036907181423665586
2010-10-19,-0.009356395372227226
2010-10-20,0.0
2010-10-21,0.0
2010-10-22,0.0002191149049814414
2010-10-25,0.004841467715434009
2010-10-26,0.002698101570939072
2010-10-27,0.003075151278416492
2010-10-28,0.0021074337097569304
2010-10-29,-0.0022943737637946267
2010-11-01,0.0007668293312428694
2010-11-02,0.010723365374647922
2010-11-03,0.004547347924391249
2010-11-04,0.012259784249305317
2010-11-05,0.0
2010-11-08,0.0013041863011555833
2010-11-09,-0.005396113106175849
2010-11-10,0.005051043814761901
2010-11-11,-0.006328957315758938
2010-11-12,0.0004366576948621438
2010-11-15,-0.0038083854594036185
2010-11-16,0.0
2010-11-17,0.002915283409179314
2010-11-18,0.016085282222255366
2010-11-19,0.0
2010-11-22,0.0
2010-11-23,0.0
2010-11-24,0.02016458123485051
2010-11-26,0.0
2010-11-29,0.0
2010-11-30,0.0
2010-12-01,0.021117312939657216
2010-12-02,0.0
2010-12-03,0.0002191149049814414
2010-12-06,-0.00021906690415755234
2010-12-07,0.0
2010-12-08,0.0
2010-12-09,0.0009252040110015432
2010-12-10,0.006650254622026724
2010-12-13,-0.0034871218590044354
2010-12-14,0.0018417030797131062
2010-12-15,-0.004411608205851686
2010-12-16,0.0
2010-12-17,0.0002191149049814414
2010-12-20,0.0007334250187978681
2010-12-21,0.00604826147775171
2010-12-22,-0.00018174272671331874
2010-12-23,-0.002551381074359964
2010-12-27,0.0005480774320607201
2010-12-28,-0.0018254725245708953
2010-12-29,0.0021949563100084834
2010-12-30,-0.002373099509291288
2010-12-31,-0.00021906690415755234
2011-01-03,0.0002191149049814414
2011-01-04,-0.0007231072736149556
2011-01-05,0.008503704964658168
2011-01-06,0.0032292322754120897
2011-01-07,-0.0008945508485395792
2011-01-10,0.0037589465857790828
2011-01-11,0.0014267467668058473
2011-01-12,0.0071224824385634315
2011-01-13,0.00035360171469441573
2011-01-14,0.0074231654746950235
2011-01-18,0.00280705370142932
2011-01-19,-0.011371615303025873
2011-01-20,0.0
2011-01-21,-0.00021906690415755234
2011-01-24,0.01382854925083406
2011-01-25,0.0002191149049814414
2011-01-26,-0.00021906690415755234
2011-01-27,0.006158284292996359
2011-01-28,-0.025358199023565706
2011-01-31,0.004844678601735079
2011-02-01,0.0
2011-02-02,0.0
2011-02-03,0.0
2011-02-04,0.0002191149049814414
2011-02-07,0.004705290217363281
2011-02-08,0.006591557773759818
2011-02-09,-0.0017230715086332176
2011-02-10,0.0015533129860882818
2011-02-11,0.0
2011-02-14,0.002396033846003581
2011-02-15,-0.001366006543154208
2011-02-16,0.0
2011-02-17,-0.0003392985044184403
2011-02-18,-0.0022090061614924
2011-02-22,0.0
2011-02-23,-0.00824119717083935
2011-02-24,0.005303871410263631
2011-02-25,0.01389392334546438
2011-02-28,0.002081572448243793
2011-03-01,-0.016098279333609553
2011-03-02,0.005278051032804192
2011-03-03,0.019776047020655545
2011-03-04,0.0002191149049814414
2011-03-07,-0.01345534261210295
2011-03-08,0.004021510115468
2011-03-09,-0.006791924504515473
2011-03-10,-0.015606019645086995
2011-03-11,0.006234831509759059
2011-03-14,-0.003540552856803285
2011-03-15,-0.014211988970651224
2011-03-16,-0.024148773981933228
2011-03-17,0.009233479003233954
2011-03-18,-0.0022534133382905233
2011-03-21,0.019283547248164147
2011-03-22,-0.0018019854346184722
2011-03-23,0.005595845890687345
2011-03-24,0.017770375203904964
2011-03-25,0.0
2011-03-28,0.0002191149049814414
2011-03-29,-0.00021906690415755234
2011-03-30,0.004730303602886584
2011-03-31,0.0013947054382874187
2011-04-01,0.0
2011-04-04,0.0
2011-04-05,0.0
2011-04-06,0.0024510783737802973
2011-04-07,0.0002191149049814414
2011-04-08,-0.00021906690415755234
2011-04-11,0.0
2011-04-12,0.0002191149049814414
2011-04-13,0.00851526482009754
2011-04-14,-0.0017588879376207243
2011-04-15,-0.0017622174406926561
2011-04-18,-0.007060851788420911
2011-04-19,0.00622215983225362
2011-04-20,0.022614763018065233
2011-04-21,0.007947762489117875
2011-04-25,0.002571172600212763
2011-04-26,0.005641670655117147
2011-04-27,0.006800658269700176
2011-04-28,-0.0015199117266469482
2011-04-29,-0.000845533368462556
2011-05-02,-0.0018618508443717073
2011-05-03,-0.004748070071204055
2011-05-04,-0.0015336372194707998
2011-05-05,-0.00546086181581947
2011-05-06,0.0032599331204509322
2011-05-09,0.003763072860412363
2011-05-10,0.008519167272486161
2011-05-11,-0.007264819363486795
2011-05-12,0.0059567445757922905
2011-05-13,-0.0002179776919151418
2011-05-16,-0.017291384702180224
2011-05-17,0.0027874367652857683
2011-05-18,0.008339368508905588
2011-05-19,0.0029287866663323028
2011-05-20,-0.007558935078845867
2011-05-23,-0.01471366189723768
2011-05-24,-0.006149073106735776
2011-05-25,0.0038891535392552843
2011-05-26,0.006162918513886038
2011-05-27,0.0050753911025457794
2011-05-31,0.01619368624249175
2011-06-01,-0.02176131068003937
2011-06-02,0.002101624012724088
2011-06-03,-0.015032196724737922
2011-06-06,-0.008163092647238737
2011-06-07,-0.0017892550974238797
2011-06-08,-0.007170161517659713
2011-06-09,0.001805486005693626
2011-06-10,-0.015317834142501438
2011-06-13,0.0
2011-06-14,0.012810917835975653
2011-06-15,-0.01897342934018141
2011-06-16,-0.0038683494558039086
2011-06-17,-0.00313132247528866
2011-06-20,0.005204897943874951
2011-06-21,0.021453850764050986
2011-06-22,0.0002191149049814414
2011-06-23,0.00930135702083785
2011-06-24,-0.01734726555723448
2011-06-27,0.015998501949440632
2011-06-28,0.014841804285554757
2011-06-29,0.0002191149049814414
2011-06-30,0.0
2011-07-01,0.015074539299525845
2011-07-05,0.005007661731458959
2011-07-06,0.0032648046350498864
2011-07-07,0.013700381586734804
2011-07-08,-0.002703117046995583
2011-07-11,-0.01812604616475311
2011-07-12,-0.007591583348267993
2011-07-13,0.0041727734732492205
2011-07-14,-0.011599864591965865
2011-07-15,0.013312138424122655
2011-07-18,-0.005358591830372188
2011-07-19,0.02276688923997929
2011-07-20,-0.004248250939676166
2011-07-21,0.0
2011-07-22,0.0002191149049814414
2011-07-25,-0.002013353880758208
2011-07-26,0.0025218061155223752
2011-07-27,-0.025826257060474353
2011-07-28,0.001721832444685459
2011-07-29,-0.0032654399485802675
2011-08-01,-0.0046550515773207774
2011-08-02,-0.025290586079750155
2011-08-03,0.00959711466852857
2011-08-04,-0.046470709791976
2011-08-05,-0.0062762152767605215
2011-08-08,-0.060190074173514165
2011-08-09,0.048231103910005894
2011-08-10,-0.04092016419228181
2011-08-11,0.044042702998080246
2011-08-12,0.008850906056768722
2011-08-15,0.014747139086346823
2011-08-16,-0.008462028770497895
2011-08-17,-0.00593682455875138
2011-08-18,-0.04908564765035588
2011-08-19,-0.018056842387868085
2011-08-22,0.003597978874475729
2011-08-23,0.04122668615656927
2011-08-24,0.0
2011-08-25,-0.00043646710814081993
2011-08-26,0.0004366576948621438
2011-08-29,0.0
2011-08-30,0.0
2011-08-31,0.0
2011-09-01,0.0
2011-09-02,0.0
2011-09-06,0.00018777650825298564
2011-09-07,0.025333401869906163
2011-09-08,-0.00457525836888888
2011-09-09,-0.022247179801532086
2011-09-12,0.012786761694592178
2011-09-13,0.013368019326206425
2011-09-14,0.014290939023823862
2011-09-15,0.0
2011-09-16,0.00916638650051111
2011-09-19,0.0003532386833630102
2011-09-20,-0.004416224290375889
2011-09-21,-0.017387959027418267
2011-09-22,-0.032502785736995235
2011-09-23,0.010638044534069283
2011-09-26,0.011634657006958097
2011-09-27,-0.0002174478396083063
2011-09-28,0.00021749513345520148
2011-09-29,0.0
2011-09-30,0.0
2011-10-03,-0.025719104382540745
2011-10-04,0.02053173212011815
2011-10-05,0.0
2011-10-06,-0.0002174478396083063
2011-10-07,0.00021749513345520148
2011-10-10,-0.0002174478396083063
2011-10-11,0.006792778967801098
2011-10-12,0.004971670923130438
2011-10-13,0.00918718529657764
2011-10-14,0.01855743967614535
2011-10-17,-0.015469013448977647
2011-10-18,0.00021749513345520148
2011-10-19,-0.019313761948785365
2011-10-20,-0.004923131774819836
2011-10-21,0.012546185229285342
2011-10-24,0.020768335164239225
2011-10-25,-0.01966159138078193
2011-10-26,-0.0012213751320091035
2011-10-27,0.027589000319793392
2011-10-28,0.0015291202083172783
2011-10-31,-0.01679640846429008
2011-11-01,-0.02605725533938389
2011-11-02,0.008504644755126885
2011-11-03,0.020730932858430223
2011-11-04,-0.005163412319060397
2011-11-07,0.007093178953498561
2011-11-08,0.011509836075962815
2011-11-09,-0.0002174478396083063
2011-11-10,-0.0005283408333132799
2011-11-11,0.018844665404327516
2011-11-14,0.00021749513345520148
2011-11-15,-0.0002174478396083063
2011-11-16,0.00021749513345520148
2011-11-17,0.0
2011-11-18,0.0
2011-11-21,0.0
2011-11-22,0.0033120606448127634
2011-11-23,0.00021749513345520148
2011-11-25,-0.007693730388708033
2011-11-28,0.034795799380326856
2011-11-29,-0.0004356250203173592
2011-11-30,0.0002182722655691762
2011-12-01,-0.0002182246331840881
2011-12-02,0.0002182722655691762
2011-12-05,0.0
2011-12-06,-0.002795259787731003
2011-12-07,0.0
2011-12-08,-0.016818494968958535
2011-12-09,0.01603652171680466
2011-12-12,0.0
2011-12-13,0.0
2011-12-14,-0.0156030147351039
2011-12-15,-0.0027327660331485162
2011-12-16,0.005149027254444639
2011-12-19,-0.009843424128098367
2011-12-20,0.029639266826689457
2011-12-21,-0.014303365188220294
2011-12-22,0.008525160699365522
2011-12-23,0.00863272129957937
2011-12-27,-0.0002182246331840881
2011-12-28,-0.011557634230799833
2011-12-29,0.007195709421571418
2011-12-30,-0.0028578903208240757
2012-01-03,0.019165752051872115
2012-01-04,0.0042177815927683625
2012-01-05,0.008225275503109494
2012-01-06,0.0034714764529012246
2012-01-09,-0.0032868600980718284
2012-01-10,0.0
2012-01-11,0.0020676182761157204
2012-01-12,0.003954318276123887
2012-01-13,-0.003596440196520297
2012-01-17,0.009109827929765947
2012-01-18,0.013285667703221805
2012-01-19,0.0062196175729523455
2012-01-20,-0.0015037276845944905
2012-01-23,0.0003346890639498431
2012-01-24,-0.0018399208815943484
2012-01-25,0.012567123883490194
2012-01-26,-0.0034751023614498517
2012-01-27,0.0029889746157922364
2012-01-30,0.0008281742444252135
2012-01-31,0.001322981019964154
2012-02-01,0.008095463052258346
2012-02-02,0.003113597454537545
2012-02-03,0.013723346577346099
2012-02-06,-0.0008059426968959396
2012-02-07,0.0020969180444013035
2012-02-08,0.005311454095888972
2012-02-09,0.007204417258428584
2012-02-10,-0.006993789864815273
2012-02-13,0.009284473245561978
2012-02-14,0.002537261615727264
2012-02-15,-0.00696052875559636
2012-02-16,0.00021789327024645502
2012-02-17,-0.0031432453857428164
2012-02-21,0.002837915853572921
2012-02-22,-0.004558971997896277
2012-02-23,0.0066326457456665315
2012-02-24,0.00345173255078959
2012-02-27,0.001406861737794986
2012-02-28,0.010148343544227223
2012-02-29,-0.004481967952322066
2012-03-01,0.007917704417470662
2012-03-02,-0.0007699805866596768
2012-03-05,-0.010328436303455233
2012-03-06,-0.009812969912849847
2012-03-07,0.007707985575343151
2012-03-08,0.010771308832906527
2012-03-09,0.0
2012-03-12,0.0
2012-03-13,0.018601111947359424
2012-03-14,0.003471245979602254
2012-03-15,0.002857057583765093
2012-03-16,-0.0007055674079468598
2012-03-19,0.007065067946971243
2012-03-20,0.001791566474802549
2012-03-21,0.00014907844375224653
2012-03-22,-0.002085436737626131
2012-03-23,-0.0005975997548255826
2012-03-26,0.017478349040077053
2012-03-27,0.0014681994054201138
2012-03-28,-0.003957738312674804
2012-03-29,-0.003827223582278732
2012-03-30,0.0
2012-04-02,-0.00021851880116582282
2012-04-03,-0.0002931134095305936
2012-04-04,-0.01363070178640323
2012-04-05,0.00021856656206894107
2012-04-09,0.00021789327024645502
2012-04-10,-0.01606906536025613
2012-04-11,0.004838986323020449
2012-04-12,0.011437166641140466
2012-04-13,-0.015176375183405737
2012-04-16,-0.011179988138791142
2012-04-17,0.020320883614964983
2012-04-18,-0.002545629143708317
2012-04-19,-0.011259626763815964
2012-04-20,-0.0027329659669946996
2012-04-23,-0.009135508932026675
2012-04-24,-0.00537751608695361
2012-04-25,0.02657173845292776
2012-04-26,0.005869012530961073
2012-04-27,0.005984190547712963
2012-04-30,-0.0071384015048997435
2012-05-01,0.0016479428933804223
2012-05-02,0.002841042029956383
2012-05-03,-0.010587634537740077
2012-05-04,-0.02486753691087483
2012-05-07,0.0009269877102082721
2012-05-08,-0.00370591639004755
2012-05-09,-0.0030998514193230874
2012-05-10,-0.00202127946547284
2012-05-11,-0.00015565829675531458
2012-05-14,-0.009348819990309351
2012-05-15,-0.0033029013396793207
2012-05-16,-0.006785502004347674
2012-05-17,-0.021131469015421418
2012-05-18,-0.012984575628012704
2012-05-21,0.027955875147799347
2012-05-22,-0.00043631700087409325
2012-05-23,0.0
2012-05-24,0.0004365074564983718
2012-05-25,-0.0012871825438741048
2012-05-29,0.012727648977841243
2012-05-30,0.0
2012-05-31,-0.004331720490604253
2012-06-01,-0.026587440873968856
2012-06-04,0.007614819766309104
2012-06-05,0.004107110037620087
2012-06-06,0.02290575394002144
2012-06-07,0.0
2012-06-08,0.0
2012-06-11,0.0
2012-06-12,0.012133950874009803
2012-06-13,0.0
2012-06-14,0.0037017619336442136
2012-06-15,-0.00021784580311200546
2012-06-18,0.00021789327024645502
2012-06-19,0.010380669005193958
2012-06-20,0.000778248353998028
2012-06-21,-0.024887394123147732
2012-06-22,0.010527975194675977
2012-06-25,-0.019257743280345293
2012-06-26,0.006276838208487812
2012-06-27,0.006078166710254171
2012-06-28,-0.011128892620449986
2012-06-29,0.03151143611267362
2012-07-02,0.0029613669900368724
2012-07-03,0.008391451064100022
2012-07-05,0.000616494990397543
2012-07-06,-0.0124750387144482
2012-07-09,-0.001871493468174168
2012-07-10,-0.00984391463547561
2012-07-11,-0.005522871722054167
2012-07-12,-0.009362272845390929
2012-07-13,0.015217082111710023
2012-07-16,-0.0028398467224698336
2012-07-17,0.005221440221653486
2012-07-18,0.013536759903844817
2012-07-19,0.011026656553163504
2012-07-20,-0.013210231867317969
2012-07-23,-0.012142350137084996
2012-07-24,-0.007878753415897536
2012-07-25,-0.006671013422117854
2012-07-26,0.013271404473257547
2012-07-27,0.02367071221975206
2012-07-30,0.0
2012-07-31,-0.0003084475363159938
2012-08-01,-0.002931919915790369
2012-08-02,-0.0035597745673831846
2012-08-03,0.018949771277181716
2012-08-06,0.007621797118801833
2012-08-07,0.008320884948257497
2012-08-08,-0.00045025848674900063
2012-08-09,0.003002493664357651
2012-08-10,0.0005984949145010027
2012-08-13,0.0023929341653278306
2012-08-14,0.0004478369827121432
2012-08-15,0.0025354723037269624
2012-08-16,0.011900719967549316
2012-08-17,0.00441044269659507
2012-08-20,0.0014637340553488502
2012-08-21,-0.0039459216895412555
2012-08-22,0.004108462759714735
2012-08-23,-0.008183430573083673
2012-08-24,0.006188340642154785
2012-08-27,0.0
2012-08-28,0.0
2012-08-29,0.0
2012-08-30,0.0
2012-08-31,0.006645727043696051
2012-09-04,-0.0010266965748666878
2012-09-05,-0.0010285739149000542
2012-09-06,0.022199340082755547
2012-09-07,-0.0014378897226465122
2012-09-10,-0.012818666479112732
2012-09-11,-0.0016050455741969337
2012-09-12,0.002922950437460886
2012-09-13,0.0
2012-09-14,0.008913088871441053
2012-09-17,0.00042779501795518033
2012-09-18,0.0008541201853697173
2012-09-19,0.001850301343457024
2012-09-20,-0.0009942737052314578
2012-09-21,0.00028507817791449886
2012-09-24,-0.005844457048403815
2012-09-25,-0.014052303054815564
2012-09-26,-0.008143852368773819
2012-09-27,0.013782750954234039
2012-09-28,-0.008244230491908797
2012-10-01,-0.001458821086452245
2012-10-02,0.002921591146187235
2012-10-03,0.006407563616354069
2012-10-04,0.003472296866656866
2012-10-05,-0.005335122150682187
2012-10-08,-0.009132784488969557
2012-10-09,-0.015947150578583962
2012-10-10,-0.005055418851296069
2012-10-11,-0.003138058399994456
2012-10-12,-0.0004496684773128543
2012-10-15,0.007348554669408736
2012-10-16,0.014143050008441465
2012-10-17,-0.0005869167920165701
2012-10-18,-0.011603948496078322
2012-10-19,-0.02392653727580836
2012-10-22,0.005176707451142833
2012-10-23,-0.009542835835815848
2012-10-24,-0.003517292209673509
2012-10-25,0.0
2012-10-26,0.002916128744856725
2012-10-31,-0.006121229384135069
2012-11-01,0.01416494308973189
2012-11-02,-0.01062693575547331
2012-11-05,0.006597969960817656
2012-11-06,0.0018295018197815687
2012-11-07,0.00021856656206894107
2012-11-08,-0.01573925615916594
2012-11-09,0.004274757055816996
2012-11-12,-0.0001575952588197496
2012-11-13,-0.006937789486441489
2012-11-14,-0.011749737731503467
2012-11-15,-0.0033740178000722324
2012-11-16,0.0043529067846492095
2012-11-19,0.02375582755944798
2012-11-20,-0.00021851880116582282
2012-11-21,0.0
2012-11-23,0.0
2012-11-26,0.0
2012-11-27,-0.0033757198899547728
2012-11-28,0.0
2012-11-29,0.005952715654952077
2012-11-30,-0.001668840341635384
2012-12-03,-0.001976185667351759
2012-12-04,0.0
2012-12-05,-0.011122735186337416
2012-12-06,0.006471392845720423
2012-12-07,-0.0059706773067392
2012-12-10,0.0029262598908166267
2012-12-11,0.013052830949835875
2012-12-12,0.0
2012-12-13,0.0
2012-12-14,0.0
2012-12-17,0.0
2012-12-18,0.00021856656206894107
2012-12-19,-0.00021851880116582282
2012-12-20,0.0
2012-12-21,0.0
2012-12-24,0.0
2012-12-26,-0.008759869421600954
2012-12-27,-0.0015502286050941587
2012-12-28,-0.00962732171760904
2012-12-31,0.021166478165650447
2013-01-02,0.0
2013-01-03,-0.005207927579318304
2013-01-04,0.00021856656206894107
2013-01-07,-0.00043714185748487363
2013-01-08,0.0
2013-01-09,0.0
2013-01-10,0.0
2013-01-11,0.0
2013-01-14,0.0
2013-01-15,0.0
2013-01-16,0.004052312261642828
2013-01-17,0.00021871866740358622
2013-01-18,-0.00021867084000885945
2013-01-22,0.0
2013-01-23,0.0
2013-01-24,-0.0137591054111255
2013-01-25,0.00509995891283384
2013-01-28,0.0
2013-01-29,0.0
2013-01-30,0.0
2013-01-31,0.00021871866740358622
2013-02-01,-0.00021867084000885945
2013-02-04,0.0
2013-02-05,0.00021871866740358622
2013-02-06,0.0
2013-02-07,0.0
2013-02-08,0.0
2013-02-11,0.0002942437568037981
2013-02-12,-0.004116945099906083
2013-02-13,-0.00021867084000885945
2013-02-14,0.00021871866740358622
2013-02-15,-0.00021867084000885945
2013-02-19,0.0
2013-02-20,0.00021871866740358622
2013-02-21,-0.010715848444453625
2013-02-22,0.010079779841121279
2013-02-25,-0.012362179840040623
2013-02-26,0.003769976260154958
2013-02-27,0.010216209516370006
2013-02-28,-0.002081537832046944
2013-03-01,0.004172777555255097
2013-03-04,0.004451838367727287
2013-03-05,0.014775857340239682
2013-03-06,-0.0024754158883972545
2013-03-07,0.0026275951530134603
2013-03-08,0.0011650427496277067
2013-03-11,0.0029080687887360116
2013-03-12,-0.003624576514641201
2013-03-13,0.00021871866740358622
2013-03-14,0.0
2013-03-15,-0.002780368499905742
2013-03-18,-0.00021867084000885945
2013-03-19,0.0
2013-03-20,0.007034935720442306
2013-03-21,-0.01135185633105806
2013-03-22,0.009716185824468452
2013-03-25,-0.00021867084000885945
2013-03-26,0.00541356581992737
2013-03-27,-0.00021867084000885945
2013-03-28,0.002471027733903782
2013-04-01,-0.006814294792729113
2013-04-02,0.007882396747655398
2013-04-03,-0.009125124232682306
2013-04-04,0.0002928831025257135
2013-04-05,-0.008329253387309816
2013-04-08,0.005304197496854227
2013-04-09,0.00674339388515772
2013-04-10,0.01951052996941192
2013-04-11,-0.00042809729855758713
2013-04-12,-0.0007144909328191044
2013-04-15,-0.019731137883509407
2013-04-16,0.013272750625884672
2013-04-17,-0.019577078152729688
2013-04-18,-0.013801053781513131
2013-04-19,0.013696849880554047
2013-04-22,0.010280433651888063
2013-04-23,0.009594158695429757
2013-04-24,-0.0004315495807528028
2013-04-25,0.005329529557001535
2013-04-26,-0.003152331281448915
2013-04-29,0.009199145101249017
2013-04-30,0.0072644548203203525
2013-05-01,-0.004666132966325493
2013-05-02,0.01264358563571691
2013-05-03,0.011784399894999017
2013-05-06,0.003882696810810683
2013-05-07,-0.0005524248083224786
2013-05-08,0.004836683195190047
2013-05-09,-0.0013757600224527785
2013-05-10,0.006060627396448489
2013-05-13,0.0012314874474127567
2013-05-14,0.005195405833924555
2013-05-15,0.0020405568644567026
2013-05-16,-0.0010855718868109147
2013-05-17,0.009647728520040182
2013-05-20,-0.0014806068710663317
2013-05-21,0.0010778483276181149
2013-05-22,-0.008751171765608561
2013-05-23,0.0
2013-05-24,0.0
2013-05-28,-0.00021867084000885945
2013-05-29,0.00021871866740358622
2013-05-30,-0.00021867084000885945
2013-05-31,0.00021871866740358622
2013-06-03,0.0
2013-06-04,0.0
2013-06-05,0.0
2013-06-06,-0.00021867084000885945
2013-06-07,0.00021871866740358622
2013-06-10,-0.00021867084000885945
2013-06-11,0.00021871866740358622
2013-06-12,-0.00021867084000885945
2013-06-13,0.00021871866740358622
2013-06-14,-0.00021867084000885945
2013-06-17,0.0
2013-06-18,0.0
2013-06-19,0.0
2013-06-20,0.0
2013-06-21,0.00021871866740358622
2013-06-24,0.0
2013-06-25,0.0
2013-06-26,0.0
2013-06-27,-0.00021867084000885945
2013-06-28,0.0
2013-07-01,0.00021871866740358622
2013-07-02,-0.00021867084000885945
2013-07-03,0.00021871866740358622
2013-07-05,0.0
2013-07-08,-0.00043629890061853505
2013-07-09,0.0
2013-07-10,0.005745709224325188
2013-07-11,0.019861122007633587
2013-07-12,0.0044017257955497385
2013-07-15,0.002258332684743706
2013-07-16,-0.0013256561795509515
2013-07-17,0.0025209519619474865
2013-07-18,-0.002514612744016919
2013-07-19,-0.010348637401235481
2013-07-22,0.002949736284193153
2013-07-23,-0.00735197110348597
2013-07-24,0.0032316316045198465
2013-07-25,0.006308368541338557
2013-07-26,0.0
2013-07-29,0.00021772305293831187
2013-07-30,-0.00021767565992908175
2013-07-31,0.00021772305293831187
2013-08-01,-0.00021767565992908175
2013-08-02,0.005618562306772104
2013-08-05,0.0006493040010655471
2013-08-06,-0.005972168844037122
2013-08-07,-0.00021767565992908175
2013-08-08,0.0
2013-08-09,0.00021772305293831187
2013-08-12,0.0023535627576759793
2013-08-13,0.0
2013-08-14,-0.0037611342120439798
2013-08-15,0.0
2013-08-16,0.0
2013-08-19,-0.00021767565992908175
2013-08-20,0.00021772305293831187
2013-08-21,0.0
2013-08-22,-0.00021767565992908175
2013-08-23,0.00021772305293831187
2013-08-26,-0.00021767565992908175
2013-08-27,0.0
2013-08-28,0.0038596941001673418
2013-08-29,0.007026584950895205
2013-08-30,-0.0064508936608349094
2013-09-03,0.005696979014251564
2013-09-04,0.010672523405525339
2013-09-05,0.0
2013-09-06,0.0
2013-09-09,-0.0004359771243428662
2013-09-10,0.004882869730081841
2013-09-11,-0.0019180056650726183
2013-09-12,0.0
2013-09-13,0.00021772305293831187
2013-09-16,-0.0026902157384584534
2013-09-17,0.0
2013-09-18,0.011994466576740592
2013-09-19,0.002395499699116756
2013-09-20,-0.0034315621882637986
2013-09-23,0.0
2013-09-24,0.0
2013-09-25,-0.0034248013801043975
2013-09-26,0.007764488012262611
2013-09-27,-0.0012628073707475582
2013-09-30,-0.0024029674833100484
2013-10-01,0.010142066877027962
2013-10-02,-0.00037611968406796764
2013-10-03,-0.011676749205269146
2013-10-04,0.00863845801663362
2013-10-07,-0.008312132432695895
2013-10-08,-0.019304195052869157
2013-10-09,-0.003108432817988181
2013-10-10,0.02117476044503222
2013-10-11,0.007886987719873725
2013-10-14,0.0
2013-10-15,0.0
2013-10-16,0.00021938391527647852
2013-10-17,0.005722562845946244
2013-10-18,0.016205264094611697
2013-10-21,0.002190720507069537
2013-10-22,0.0014573906854128244
2013-10-23,-0.006063880889932037
2013-10-24,0.004393064635080512
2013-10-25,0.007167422579778292
2013-10-28,0.00024148376450715758
2013-10-29,0.0016884463617774879
2013-10-30,-0.0009632584398536965
2013-10-31,-0.002289842551128302
2013-11-01,0.0
2013-11-04,0.0014487382672857168
2013-11-05,0.0010854668850398667
2013-11-06,0.00021839668037045836
2013-11-07,-0.018794772809984484
2013-11-08,0.01350649615330065
2013-11-11,0.00021839668037045836
2013-11-12,0.0
2013-11-13,0.0
2013-11-14,0.003112196603405677
2013-11-15,0.0
2013-11-18,-0.009767057932631839
2013-11-19,0.0
2013-11-20,-0.0024121817322639676
2013-11-21,0.00021839668037045836
2013-11-22,-0.00021834899367507751
2013-11-25,0.0
2013-11-26,0.005226309280548873
2013-11-27,0.00021839668037045836
2013-11-29,0.005984829845528032
2013-12-02,-0.0029163331249767873
2013-12-03,-0.0008187912441941608
2013-12-04,0.000936457422716484
2013-12-05,-0.001286832879526054
2013-12-06,0.0
2013-12-09,0.004069792745920114
2013-12-10,-0.0006950161740570773
2013-12-11,-0.012863846761240997
2013-12-12,-0.0025823370334072393
2013-12-13,-0.0012948602391190526
2013-12-16,0.005539358658777183
2013-12-17,-0.001992703906749755
2013-12-18,0.011626944843741206
2013-12-19,0.0
2013-12-20,-0.00021834899367507751
2013-12-23,0.010520300191879689
2013-12-24,0.0004575634524041299
2013-12-26,0.0033157695683978107
2013-12-27,-0.0025071349294434756
2013-12-30,-0.0014856464828816932
2013-12-31,0.006522788659020056
2014-01-02,-0.007844720936207203
2014-01-03,-0.00721891374553491
2014-01-06,-0.0036933333904931084
2014-01-07,0.00926790394535505
2014-01-08,0.002180806884012894
2014-01-09,-0.00021933579653067535
2014-01-10,0.003218270650974202
2014-01-13,-0.0147766089095747
2014-01-14,0.019067423783744843
2014-01-15,0.008214457109358229
2014-01-16,0.00011319595451987147
2014-01-17,-0.005657533407890937
2014-01-21,0.007623823738363218
2014-01-22,0.0
2014-01-23,0.0
2014-01-24,-0.01966503580847119
2014-01-27,-0.009684513915996309
2014-01-28,-0.0005816647936254492
2014-01-29,-0.010716373428042845
2014-01-30,0.0184858273865604
2014-01-31,-0.002658912627112243
2014-02-03,-0.022951525470165757
2014-02-04,0.007355857245294054
2014-02-05,-0.0025913911254845314
2014-02-06,0.012752496256213728
2014-02-07,0.017838870180939742
2014-02-10,-0.00021933579653067535
2014-02-11,0.0
2014-02-12,0.0019148237569330728
2014-02-13,0.007417894087364769
2014-02-14,0.0020086965030805255
2014-02-18,0.0048985074854130855
2014-02-19,-0.006869526787029611
2014-02-20,0.004685796939130035
2014-02-21,-0.001332260425603398
2014-02-24,0.00021938391527647852
2014-02-25,-0.0011060445155373765
2014-02-26,-0.0008859275300437673
2014-02-27,0.006487936941021324
2014-02-28,-0.0011060335669429164
2014-03-03,-0.007416461977279013
2014-03-04,0.012713534428383607
2014-03-05,0.00021938391527647852
2014-03-06,0.0
2014-03-07,-0.00494599351702292
2014-03-10,0.0
2014-03-11,0.0
2014-03-12,0.0
2014-03-13,0.0
2014-03-14,-0.00683240182906717
2014-03-17,0.00879631275589073
2014-03-18,0.01207396722859536
2014-03-19,0.00021938391527647852
2014-03-20,-0.00021933579653067535
2014-03-21,0.00021938391527647852
2014-03-24,0.0
2014-03-25,0.003287165650331141
2014-03-26,-0.00021933579653067535
2014-03-27,-0.005608323754290889
2014-03-28,0.0019565730941320473
2014-03-31,0.00712257931737781
2014-04-01,0.017565857015383816
2014-04-02,0.002577890482855933
2014-04-03,-0.007937912353526729
2014-04-04,-0.00021933579653067535
2014-04-07,-0.009493950538037466
2014-04-08,0.009234454052978257
2014-04-09,0.01714148047874327
2014-04-10,-0.03097247597772406
2014-04-11,-0.011633230316040705
2014-04-14,0.007846404524858
2014-04-15,0.003303404771716594
2014-04-16,0.013286481019369183
2014-04-17,0.00023163107204310284
2014-04-21,0.007425073024732081
2014-04-22,0.00794541055569775
2014-04-23,0.00021807466275155314
2014-04-24,0.009566215060316439
2014-04-25,-0.01598342862144125
2014-04-28,0.003248590182120736
2014-04-29,0.007979992886195717
2014-04-30,0.0026385219196322332
2014-05-01,0.0029753661069895623
2014-05-02,-0.0018256069750856034
2014-05-05,0.005257907928611864
2014-05-06,-0.012962246486765056
2014-05-07,-0.00287940109384778
2014-05-08,-0.0009242008951900178
2014-05-09,0.0036998353850634614
2014-05-12,0.016474831037222686
2014-05-13,0.0006799834933127668
2014-05-14,-0.005210075954783183
2014-05-15,-0.007856140016474908
2014-05-16,0.006541273016815672
2014-05-19,0.006954900249823689
2014-05-20,-0.003623515624962904
2014-05-21,0.009545509609320442
2014-05-22,0.0
2014-05-23,0.00021807466275155314
2014-05-27,0.012461063259954648
2014-05-28,-0.003077062323023984
2014-05-29,0.0063928816727499525
2014-05-30,0.00011014757754334339
2014-06-02,-0.0009859832206488806
2014-06-03,-0.0004384940190022657
2014-06-04,0.0037287882394887286
2014-06-05,0.008413593278656494
2014-06-06,0.005742752671575074
2014-06-09,-0.0007543402576973791
2014-06-10,0.0017254045748179914
2014-06-11,-0.0002157554564464661
2014-06-12,-0.009042646270877943
2014-06-13,0.002932986867482735
2014-06-16,0.00021807466275155314
2014-06-17,-0.00021802711656163828
2014-06-18,0.00021807466275155314
2014-06-19,-0.0006449543754998532
2014-06-20,0.0
2014-06-23,0.0
2014-06-24,0.0
2014-06-25,0.006364636181720004
2014-06-26,0.0005359312924785177
2014-06-27,0.004392426024727639
2014-06-30,-0.00021802711656163828
2014-07-01,0.00021807466275155314
2014-07-02,0.0016853158923226935
2014-07-03,0.00630886163507574
2014-07-07,-0.0030298967174429013
2014-07-08,-0.012053491191908813
2014-07-09,-0.00021802711656163828
2014-07-10,0.0
2014-07-11,0.0
2014-07-14,0.0
2014-07-15,-0.0034430170982177183
2014-07-16,0.0039784742350747
2014-07-17,-0.01324444615811527
2014-07-18,0.0158530068173711
2014-07-21,0.00021874885470095465
2014-07-22,-0.00021870101410459734
2014-07-23,0.006417623841005015
2014-07-24,-0.0011315804461384741
2014-07-25,-0.003912694578564949
2014-07-28,0.0
2014-07-29,-0.0017567420150487
2014-07-30,0.0
2014-07-31,-0.00021870101410459734
2014-08-01,-0.003683129062782834
2014-08-04,0.0068657237337668795
2014-08-05,-0.007658117942001687
2014-08-06,-0.0007403632944645551
2014-08-07,-0.00317374347210828
2014-08-08,0.007216971148451028
2014-08-11,0.005901092444278185
2014-08-12,-0.0004189462183816531
2014-08-13,0.010584557013846975
2014-08-14,-0.00021870101410459734
2014-08-15,0.00021874885470095465
2014-08-18,0.007700177784274272
2014-08-19,0.005603591139149994
2014-08-20,0.0
2014-08-21,0.002026561412938415
2014-08-22,0.001516762496543874
2014-08-25,0.0035332740710313244
2014-08-26,0.0010060607692683149
2014-08-27,0.00020092585625730615
2014-08-28,-0.0011050383174369027
2014-08-29,0.003721670947708794
2014-09-02,0.0029066747973975067
2014-09-03,-0.005895806589591191
2014-09-04,-0.0009051887707486042
2014-09-05,0.00021874885470095465
2014-09-08,0.0019018451607792314
2014-09-09,-0.00829319159577783
2014-09-10,0.00021874885470095465
2014-09-11,-0.00021870101410459734
2014-09-12,0.0
2014-09-15,0.0
2014-09-16,0.0
2014-09-17,0.0
2014-09-18,0.00021874885470095465
2014-09-19,-0.000619443536837413
2014-09-22,0.0
2014-09-23,0.0
2014-09-24,0.010730799371054518
2014-09-25,0.0
2014-09-26,0.01064049504748457
2014-09-29,-0.0013162167705954133
2014-09-30,0.0014194625058876395
2014-10-01,-0.015993707128035817
2014-10-02,0.0
2014-10-03,0.009875592549288255
2014-10-06,-0.0021393490010378395
2014-10-07,-0.014189485506562401
2014-10-08,0.019467900712453357
2014-10-09,-0.016150577444491845
2014-10-10,-0.024984414410906087
2014-10-13,-0.01567127349973071
2014-10-14,0.00010763465440882407
2014-10-15,-0.006453704037812948
2014-10-16,-0.006279251610490174
2014-10-17,0.013182438095553266
2014-10-20,0.014946346253776248
2014-10-21,0.026273780609422984
2014-10-22,-0.0051612342992930094
2014-10-23,0.015045854908191467
2014-10-24,0.0
2014-10-27,0.0007099471550538972
2014-10-28,0.015097616971714682
2014-10-29,-0.003693131317203786
2014-10-30,0.00210377878367273
2014-10-31,0.013797119780535636
2014-11-03,0.00295879049727218
2014-11-04,-0.003343272177589918
2014-11-05,9.879699021555774e-05
2014-11-06,0.003156910590723764
2014-11-07,-0.000884892062125118
2014-11-10,0.003542703158403809
2014-11-11,0.003138643786356148
2014-11-12,0.0017602284005272689
2014-11-13,0.00429388061741312
2014-11-14,0.003110053007714592
2014-11-17,-0.0030031513443237604
2014-11-18,0.007481920206528439
2014-11-19,-0.004532954307373065
2014-11-20,0.0
2014-11-21,0.001928529616509334
2014-11-24,0.007798652418828344
2014-11-25,0.0015283048905676778
2014-11-26,0.0064860408238899625
2014-11-28,0.0046438726228129135
2014-12-01,-0.011319622344959857
2014-12-02,0.0040071524901146875
2014-12-03,0.0
2014-12-04,0.0
2014-12-05,0.00021806549379876252
2014-12-08,0.0
2014-12-09,0.0031536203106547304
2014-12-10,-0.015719882892569127
2014-12-11,0.004742647575557396
2014-12-12,-0.010886274373604485
2014-12-15,-0.010324472746620404
2014-12-16,-0.016041458351726646
2014-12-17,0.018203530278939898
2014-12-18,0.02406686862567727
2014-12-19,-0.00021879655627797293
2014-12-22,0.0
2014-12-23,-0.003538210221807128
2014-12-24,0.0008637189379113256
2014-12-26,0.007094781058519269
2014-12-29,-0.00019043849928763654
2014-12-30,0.0
2014-12-31,-0.010256865964263513
2015-01-02,-0.0030024874578287284
2015-01-05,-0.014668435338898233
2015-01-06,-0.013408088657191102
2015-01-07,0.012890421447789607
2015-01-08,0.019139923171920873
2015-01-09,-0.006582926067215369
2015-01-12,-0.010426700247032166
2015-01-13,-0.00029572062293565593
2015-01-14,-0.0055158546835340615
2015-01-15,-0.012975585565235452
2015-01-16,0.011741324099441492
2015-01-20,0.007934734949588209
2015-01-21,0.005117139500610711
2015-01-22,0.01850414409410222
2015-01-23,0.00021884443868751835
2015-01-26,-0.0011507808380118278
2015-01-27,-0.02592675089316009
2015-01-28,-0.005126301963167276
2015-01-29,0.00961160451102002
2015-01-30,-0.0077528399962073
2015-02-02,0.008703868632767302
2015-02-03,0.00960969187058483
2015-02-04,-0.0008738013191727078
2015-02-05,0.008651336890702587
2015-02-06,0.0
2015-02-09,-0.0002193667404504957
2015-02-10,0.00021941487277594293
2015-02-11,0.0036399553970678715
2015-02-12,0.011643351213852175
2015-02-13,0.00858490790242447
2015-02-17,0.0009356151216431862
2015-02-18,0.0014013727501565347
2015-02-19,0.0049456947279336435
2015-02-20,0.006686310912144951
2015-02-23,0.0010146219835223242
2015-02-24,0.0007372495023776545
2015-02-25,-0.002486259580321588
2015-02-26,0.005076933372914651
2015-02-27,-0.0044086428183792645
2015-03-02,-0.0002193667404504957
2015-03-03,-0.004662812610025777
2015-03-04,0.0
2015-03-05,0.0
2015-03-06,-0.0002193667404504957
2015-03-09,0.00021941487277594293
2015-03-10,0.0
2015-03-11,-0.0057699914830301536
2015-03-12,0.006564724158824023
2015-03-13,-0.004347834970241439
2015-03-16,0.012910409605743797
2015-03-17,0.0015934656842294895
2015-03-18,0.009824716013054811
2015-03-19,0.001482696989306955
2015-03-20,0.0
2015-03-23,-0.0002193667404504957
2015-03-24,0.00021941487277594293
2015-03-25,-0.022884979856219057
2015-03-26,-0.003413720938518808
2015-03-27,0.003996040501671154
2015-03-30,0.011466935221603023
2015-03-31,-0.010587408999274333
2015-04-01,-0.0052082519183945224
2015-04-02,0.0006666001803658058
2015-04-06,0.00818112628677145
2015-04-07,-0.0016986029378269999
2015-04-08,0.00793943870014771
2015-04-09,0.006282852019046441
2015-04-10,0.0
2015-04-13,-0.0002184745233211889
2015-04-14,0.00021852226486884118
2015-04-15,0.006251780691694378
2015-04-16,0.00021852226486884118
2015-04-17,-0.015600505540985547
2015-04-20,0.014998833332785603
2015-04-21,0.00021852226486884118
2015-04-22,-0.0002184745233211889
2015-04-23,0.0
2015-04-24,0.013570369667247225
2015-04-27,-0.0025329976314164646
2015-04-28,-0.0019955082444771065
2015-04-29,-0.006270321008232581
2015-04-30,-0.015729314454069807
2015-05-01,-0.0002184745233211889
2015-05-04,0.00021852226486884118
2015-05-05,0.0
2015-05-06,0.0
2015-05-07,-0.0002184745233211889
2015-05-08,0.00021852226486884118
2015-05-11,-0.0002184745233211889
2015-05-12,0.00021852226486884118
2015-05-13,0.0
2015-05-14,-0.0002184745233211889
2015-05-15,0.0
2015-05-18,0.0
2015-05-19,0.0
2015-05-20,0.0
2015-05-21,0.00021852226486884118
2015-05-22,0.0
2015-05-26,0.0
2015-05-27,0.016117054845112985
2015-05-28,-0.0002184745233211889
2015-05-29,0.0
2015-06-01,0.0
2015-06-02,0.00021852226486884118
2015-06-03,0.0
2015-06-04,-0.0002184745233211889
2015-06-05,0.0
2015-06-08,-0.00021862677097351304
2015-06-09,-0.0016636761285131732
2015-06-10,0.013702601561280826
2015-06-11,0.00021852226486884118
2015-06-12,-0.0002184745233211889
2015-06-15,-0.004965707920388799
2015-06-16,0.0054525744077483125
2015-06-17,0.00043724462922376694
2015-06-18,-0.00043705352991512823
2015-06-19,0.0
2015-06-22,0.007371018658451107
2015-06-23,-0.00021862677097351304
2015-06-24,0.0
2015-06-25,0.0002186745790906336
2015-06-26,-0.00021862677097351304
2015-06-29,-0.0236111462454305
2015-06-30,0.003561789646290094
2015-07-01,0.007938955607240056
2015-07-02,0.0002776035300126225
2015-07-06,-0.0023154295527376993
2015-07-07,0.0025068393844653878
2015-07-08,-0.01741232192831932
2015-07-09,-0.0005656422750629999
2015-07-10,0.015279033672460671
2015-07-13,0.0
2015-07-14,0.0002186745790906336
2015-07-15,-0.00021862677097351304
2015-07-16,0.0
2015-07-17,0.014740068347286665
2015-07-20,0.00343344193574287
2015-07-21,-0.0006141259571031058
2015-07-22,-0.011324719679167938
2015-07-23,-0.0037294732367985865
2015-07-24,-0.009803768985015273
2015-07-27,-0.008280727724332903
2015-07-28,0.008622155655339112
2015-07-29,0.0037794023539830693
2015-07-30,0.0
2015-07-31,0.0
2015-08-03,-0.0031264574875485424
2015-08-04,-0.0018815945818856272
2015-08-05,0.007720588617705933
2015-08-06,0.0
2015-08-07,-0.001267581730248687
2015-08-10,0.011422189624883186
2015-08-11,-0.00021862677097351304
2015-08-12,0.0034500696438429577
2015-08-13,-0.0016286837644265812
2015-08-14,0.0015407356649029685
2015-08-17,0.0
2015-08-18,0.0002188269828202522
2015-08-19,0.0002186745790906336
2015-08-20,-0.027694591935399877
2015-08-21,-0.04370592334720981
2015-08-24,-0.038476434198343776
2015-08-25,-0.0037579721054898383
2015-08-26,0.05036195625881309
2015-08-27,-0.00021862677097351304
2015-08-28,0.0002186745790906336
2015-08-31,0.0
2015-09-01,0.0
2015-09-02,0.02820370147117984
2015-09-03,-0.004908226440811784
2015-09-04,-0.01189700029929208
2015-09-08,0.028191409299892275
2015-09-09,0.0
2015-09-10,0.010880429068758144
2015-09-11,0.0002188269828202522
2015-09-14,0.0
2015-09-15,-0.00021877910804813392
2015-09-16,0.0
2015-09-17,0.0
2015-09-18,-0.014222863513242194
2015-09-21,0.0031327655966290014
2015-09-22,0.0
2015-09-23,0.0007685656262334741
2015-09-24,-0.0036476255367546475
2015-09-25,-0.008477860853512703
2015-09-28,-0.028468570480642413
2015-09-29,-0.005200647292211282
2015-09-30,0.023022080128548297
2015-10-01,0.0045203670456585715
2015-10-02,0.017511549098387705
2015-10-05,0.014325181046180418
2015-10-06,-0.00473942031076837
2015-10-07,0.005999977669820621
2015-10-08,0.003976232642670618
2015-10-09,0.004526290623793098
2015-10-12,0.0024407257574840515
2015-10-13,-0.0064613673579340695
2015-10-14,-0.0016025422802320828
2015-10-15,0.016426100822548136
2015-10-16,0.004179618469207164
2015-10-19,0.005734365801194704
2015-10-20,-0.005150089270339865
2015-10-21,-0.006101014279123846
2015-10-22,0.020368564368998664
2015-10-23,0.02798268004743873
2015-10-26,0.0006208377481063388
2015-10-27,0.002037887769125225
2015-10-28,0.008312604206890152
2015-10-29,-0.0015784784741876773
2015-10-30,-0.004479813137574908
2015-11-02,0.0
2015-11-03,0.0034902881272359963
2015-11-04,8.685859592864329e-05
2015-11-05,-0.002695110170918564
2015-11-06,0.000697045921543649
2015-11-09,-0.010627993960026711
2015-11-10,-0.00021861787915773882
2015-11-11,0.00021866568338568517
2015-11-12,0.0
2015-11-13,-0.00021861787915773882
2015-11-16,0.014384797041413848
2015-11-17,0.0006281933439514162
2015-11-18,0.01919452015476822
2015-11-19,0.00021866568338568517
2015-11-20,-0.00021861787915773882
2015-11-23,0.00021866568338568517
2015-11-24,-0.00021861787915773882
2015-11-25,0.0
2015-11-27,0.0014013649132247304
2015-11-30,-0.00253706946809365
2015-12-01,0.009998647432206522
2015-12-02,-0.006165379715341551
2015-12-03,-0.016950834882016024
2015-12-04,0.0
2015-12-07,0.0
2015-12-08,-0.00021861787915773882
2015-12-09,-0.00021908398215830246
2015-12-10,0.004517951246817202
2015-12-11,-0.02301583285859632
2015-12-14,0.007581632659904735
2015-12-15,-0.00021861787915773882
2015-12-16,0.00021866568338568517
2015-12-17,-0.00021861787915773882
2015-12-18,0.00021866568338568517
2015-12-21,0.011108008566619948
2015-12-22,0.006573545575895838
2015-12-23,0.0
2015-12-24,0.00021866568338568517
2015-12-28,-0.00021861787915773882
2015-12-29,0.0
2015-12-30,0.00021866568338568517
2015-12-31,-0.00021861787915773882
2016-01-04,-0.02109772261088778
2016-01-05,-0.0017348439805499034
2016-01-06,-0.009605962331833163
2016-01-07,-0.03131329289076004
2016-01-08,-0.008200439705059183
2016-01-11,0.0030760991087605835
2016-01-12,0.011598295188824942
2016-01-13,-0.03448953541040432
2016-01-14,0.021295151119218533
2016-01-15,-0.031036690963437634
2016-01-19,0.002181504398146958
2016-01-20,-0.003067183869121326
2016-01-21,0.0009923448847386556
2016-01-22,0.028953996094459974
2016-01-25,0.00021913199046739233
2016-01-26,-0.00021908398215830246
2016-01-27,0.00021913199046739233
2016-01-28,0.0
2016-01-29,0.00021866568338568517
2016-02-01,-0.0004376539656405044
2016-02-02,0.0
2016-02-03,0.00021913199046739233
2016-02-04,0.00021866568338568517
2016-02-05,0.0
2016-02-08,-0.015287597262918975
2016-02-09,-0.0031046294629634187
2016-02-10,0.003841494740087482
2016-02-11,-0.0014478910325159604
2016-02-12,0.015224771964725565
2016-02-16,0.022547036845616535
2016-02-17,0.0
2016-02-18,-0.011414627698848797
2016-02-19,0.0
2016-02-22,0.0
2016-02-23,-0.016460118582218946
2016-02-24,0.009548967292909218
2016-02-25,0.00984903518172996
2016-02-26,-0.001255592664693812
2016-02-29,-0.008991423734003655
2016-03-01,0.032097788549381896
2016-03-02,0.0003781983768357423
2016-03-03,-0.001890276984491407
2016-03-04,0.00037884930018461697
2016-03-07,-0.006151204571949862
2016-03-08,-0.00828403081032477
2016-03-09,0.00643293483082419
2016-03-10,-0.0015264789924610469
2016-03-11,0.017485008748992392
2016-03-14,0.001690667513778121
2016-03-15,-0.0003750011863463457
2016-03-16,0.008909233345109907
2016-03-17,-0.0005579732526305956
2016-03-18,0.0015675301032072781
2016-03-21,0.003911583746589173
2016-03-22,0.003061466639857643
2016-03-23,-0.008231668649321868
2016-03-24,0.0002797964893805906
2016-03-28,-0.0013985146166544354
2016-03-29,0.016058514174475867
2016-03-30,0.004869769612489823
2016-03-31,-0.0014631334347976624
2016-04-01,0.010622847324384656
2016-04-04,-0.0038059046623187256
2016-04-05,-0.009641431889794548
2016-04-06,0.016440146690037703
2016-04-07,-0.014366935005172467
2016-04-08,-0.00073374537327763
2016-04-11,-0.0036695385536446782
2016-04-12,0.008379060426865466
2016-04-13,0.012784322853161112
2016-04-14,9.041759239261006e-05
2016-04-15,-0.0025246570971281987
2016-04-18,0.005332748066390217
2016-04-19,-0.006113443170992848
2016-04-20,0.0008139585465350457
2016-04-21,9.041573212970882e-05
2016-04-22,-0.015092351431606275
2016-04-25,0.0
2016-04-26,-0.0048634438990082
2016-04-27,-0.008022062905249852
2016-04-28,-0.012083873344780687
2016-04-29,-0.005269217633799219
2016-05-02,0.00945916511820017
2016-05-03,-0.009277021633362675
2016-05-04,-0.0064312277987626995
2016-05-05,-0.0002855246799174595
2016-05-06,0.005332045565719126
2016-05-09,0.0028415362048306273
2016-05-10,0.01369463377143657
2016-05-11,-0.009037433334984859
2016-05-12,-0.004418922698558133
2016-05-13,-0.003682996194865009
2016-05-16,0.012512066509902511
2016-05-17,0.0
2016-05-18,0.0036026287846818955
2016-05-19,-0.00021877910804813392
2016-05-20,0.0002188269828202522
2016-05-23,0.0002186745790906336
2016-05-24,-0.0004373580480516979
2016-05-25,0.0071916040247499285
2016-05-26,0.0029294063037337966
2016-05-27,0.005202700769390601
2016-05-31,0.0019067028563657668
2016-06-01,9.043842032341701e-05
2016-06-02,0.002084729418363244
2016-06-03,-0.0047028310939288285
2016-06-06,0.003634569516948599
2016-06-07,-0.002535022228806224
2016-06-08,0.0017244750249793034
2016-06-09,-0.0016307950737541998
2016-06-10,-0.01134394874336568
2016-06-13,-0.008353059612131541
2016-06-14,0.0
2016-06-15,-0.002869616364288135
2016-06-16,0.002970436647559303
2016-06-17,-0.011721380011035032
2016-06-20,0.0062919701656164295
2016-06-21,0.0031726372467872454
2016-06-22,-0.0024187570501716404
2016-06-23,0.014267252389838616
2016-06-24,-0.00021862677097351304
2016-06-27,-0.019848718823458966
2016-06-28,0.021913690069175925
2016-06-29,0.01771009534354885
2016-06-30,0.01157006481696834
2016-07-01,0.005021111821531721
2016-07-05,-0.006106186950007554
2016-07-06,0.008191983015789894
2016-07-07,0.002954842354750669
2016-07-08,0.01546663520021472
2016-07-11,0.00571170387293058
2016-07-12,0.005048137704224727
2016-07-13,-0.002421829559725481
2016-07-14,0.0068332761422282805
2016-07-15,-0.0016072446607902468
2016-07-18,0.006618613289643121
2016-07-19,-0.0036428510702265905
2016-07-20,0.011683174662078
2016-07-21,-0.0022923206680427904
2016-07-22,0.004152752686532906
2016-07-25,8.793127734979596e-05
2016-07-26,0.001143798203580094
2016-07-27,0.006942771637873375
2016-07-28,0.0034911311667852663
2016-07-29,0.0021742770039580453
2016-08-01,0.005293526983975232
2016-08-02,-0.007596679813076981
2016-08-03,-0.0002184745233211889
2016-08-04,0.0
2016-08-05,0.009596575191935042
2016-08-08,-0.0011133093841573377
2016-08-09,0.0023144896580825133
2016-08-10,-0.002565841297948608
2016-08-11,0.004287824049305766
2016-08-12,0.0006829578160164894
2016-08-15,0.004265835022627746
2016-08-16,-0.005522342382724369
2016-08-17,0.0
2016-08-18,0.00025588202345026823
2016-08-19,-0.00025581656459008884
2016-08-22,0.0
2016-08-23,0.001789521250407922
2016-08-24,0.00021852226486884118
2016-08-25,-0.0016268279741535044
2016-08-26,0.0014578698017195999
2016-08-29,0.00021852226486884118
2016-08-30,0.0
2016-08-31,-0.0010294642628934764
2016-09-01,0.002576488604863227
2016-09-02,0.00021941487277594293
2016-09-06,0.0
2016-09-07,0.0005937910705490463
2016-09-08,-0.005851097278552626
2016-09-09,0.00021941487277594293
2016-09-12,0.01793857213769972
2016-09-13,0.00021852226486884118
2016-09-14,0.0
2016-09-15,0.0
2016-09-16,0.0
2016-09-19,0.0
2016-09-20,0.0
2016-09-21,0.0
2016-09-22,0.00021941487277594293
2016-09-23,-0.006381863037563063
2016-09-26,-0.0083660879829826
2016-09-27,0.009885675632838953
2016-09-28,0.001687737608301434
2016-09-29,-0.007245174663739957
2016-09-30,0.0074675822917716714
2016-10-03,-0.0002193667404504957
2016-10-04,0.00021941487277594293
2016-10-05,0.0
2016-10-06,0.0
2016-10-07,0.0
2016-10-10,0.0
2016-10-11,-0.0002193667404504957
2016-10-12,0.00021941487277594293
2016-10-13,-0.0002193667404504957
2016-10-14,0.0011963603849175276
2016-10-17,0.0
2016-10-18,0.008902770209653183
2016-10-19,-8.499404210467692e-05
2016-10-20,-0.0002193667404504957
2016-10-21,0.0037379144430758557
2016-10-24,0.012018593921734547
2016-10-25,0.0
2016-10-26,0.00021941487277594293
2016-10-27,-0.0002193667404504957
2016-10-28,0.00021941487277594293
2016-10-31,0.00021884443868751835
2016-11-01,-0.00021879655627797293
2016-11-02,-0.008009590245388977
2016-11-03,-0.009810789437142893
2016-11-04,-0.003507180005079591
2016-11-07,0.02375689210706926
2016-11-08,0.00021884443868751835
2016-11-09,-0.0004381153000410962
2016-11-10,0.0
2016-11-11,-0.00043705352991512823
2016-11-14,0.00043724462922376694
2016-11-15,0.00021941487277594293
2016-11-16,0.0
2016-11-17,0.00021884443868751835
2016-11-18,-0.00021879655627797293
2016-11-21,-0.0002193667404504957
2016-11-22,0.0030367922746065198
2016-11-23,-0.00403695766663531
2016-11-25,0.00021941487277594293
2016-11-28,-0.0002193667404504957
2016-11-29,0.003459480219743737
2016-11-30,-0.012107141170540021
2016-12-01,0.00045962191682922523
2016-12-02,0.001991790043793079
2016-12-05,0.007778796237297775
2016-12-06,0.00021842185146102387
2016-12-07,0.0
2016-12-08,0.0
2016-12-09,0.007843413215027554
2016-12-12,-0.004518834603466337
2016-12-13,0.01260946543410291
2016-12-14,-0.0020754642684728893
2016-12-15,0.001580464961368223
2016-12-16,-0.003706953738820332
2016-12-19,0.00021842185146102387
2016-12-20,-0.0002183741537740453
2016-12-21,-0.0007464823664389091
2016-12-22,-0.0002183741537740453
2016-12-23,0.0
2016-12-27,0.00021842185146102387
2016-12-28,-0.007780293355058148
2016-12-29,-0.001417993490660921
2016-12-30,-0.010274804649583018
2017-01-03,0.008946654729549195
2017-01-04,0.005437448303179876
2017-01-05,0.005657818312641481
2017-01-06,0.008769682016107595
2017-01-09,0.003280661780266894
2017-01-10,0.002207193961777416
2017-01-11,0.00269173293860869
2017-01-12,-0.0015459041354028203
2017-01-13,0.0
2017-01-17,-0.003004211143419787
2017-01-18,0.002036044477293162
2017-01-19,0.0
2017-01-20,0.000218900993775003
2017-01-23,0.0008112988489053641
2017-01-24,0.006728704517661571
2017-01-25,0.010066140514178586
2017-01-26,0.0010362799884716448
2017-01-27,0.0019115806741696283
2017-01-30,-0.007790135338007251
2017-01-31,-0.00021817898631537553
2017-02-01,0.006903865444543341
2017-02-02,0.0
2017-02-03,-0.00021862994407500323
2017-02-06,0.0004376687990706509
2017-02-07,0.0
2017-02-08,0.0016630126924201917
2017-02-09,0.003636260679010181
2017-02-10,0.0033079599541550628
2017-02-13,0.005652420248358343
2017-02-14,0.003356745294678709
2017-02-15,0.005912869673102152
2017-02-16,-0.00030932135788109644
2017-02-17,0.00433272065017261
2017-02-21,0.004930068217671228
2017-02-22,0.0003835099219932332
2017-02-23,-0.0037545985926602035
2017-02-24,0.0019225984299395165
2017-02-27,0.0012286967621759368
2017-02-28,-0.0030670984983569138
2017-03-01,0.010921537945470192
2017-03-02,-0.005021399875768627
2017-03-03,0.00021893358983120817
2017-03-06,0.00021867690763504943
2017-03-07,-0.0004374669121295737
2017-03-08,0.0
2017-03-09,0.0
2017-03-10,0.00021893358983120817
2017-03-13,0.0016744167374020539
2017-03-14,-0.0024313203040294603
2017-03-15,0.00021893358983120817
2017-03-16,-0.0006813993865556906
2017-03-17,-0.00034925644265294305
2017-03-20,0.0009112584866459581
2017-03-21,-0.015172971929296291
2017-03-22,0.006778882087701442
2017-03-23,-0.002525150815387645
2017-03-24,0.0020712967252200566
2017-03-27,0.001607409118174201
2017-03-28,0.006114481728355864
2017-03-29,0.0
2017-03-30,0.0
2017-03-31,-0.0006798640124805053
2017-04-03,8.71576218975018e-05
2017-04-04,0.0015870574507060803
2017-04-05,0.0
2017-04-06,0.0005302190055629908
2017-04-07,-0.0005299380223517695
2017-04-10,0.0003791675266157445
2017-04-11,-0.004317918036961836
2017-04-12,-0.004031985710631765
2017-04-13,-0.003971804672809925
2017-04-17,0.008282271762221294
2017-04-18,-0.0015213338905296966
2017-04-19,0.00159976021541012
2017-04-20,0.008366021034376543
2017-04-21,0.0
2017-04-24,0.012070226706716305
2017-04-25,0.007230202497983739
2017-04-26,-0.0014061204924613762
2017-04-27,0.006002862674056861
2017-04-28,0.0017677092107876399
2017-05-01,0.008897795830595544
2017-05-02,0.0016760254821237565
2017-05-03,-0.003201510131121003
2017-05-04,0.0003646799574623066
2017-05-05,0.003648908149089889
2017-05-08,0.002180983604233688
2017-05-09,0.003482403935990997
2017-05-10,0.0005785822386058587
2017-05-11,-0.0007951785929564832
2017-05-12,0.0022417586703676086
2017-05-15,0.0031748361211367893
2017-05-16,0.004171304500437824
2017-05-17,-0.025425727661595687
2017-05-18,0.008745346206867568
2017-05-19,0.004225161066733328
2017-05-22,0.008415475564535205
2017-05-23,0.0010076242123881558
2017-05-24,-0.00021832888734114723
2017-05-25,0.00021837656525366044
2017-05-26,0.0017730717139224565
2017-05-30,0.0008495910861156338
2017-05-31,-0.0003536862103298443
2017-06-01,0.0038926147486553846
2017-06-02,0.011421809644218286
2017-06-05,-0.00020950597697903028
2017-06-06,-0.003974085136377893
2017-06-07,0.0039203435500551435
2017-06-08,0.0010457830260760424
2017-06-09,-0.02500535528360258
2017-06-12,-0.005357996948268781
2017-06-13,0.008116054183885793
2017-06-14,-0.004345862402398662
2017-06-15,-0.004436210639093339
2017-06-16,-0.004338973835840638
2017-06-19,0.016720932027211727
2017-06-20,-0.007831065205507642
2017-06-21,0.009901989256975281
2017-06-22,-0.000284235072650899
2017-06-23,0.0038380917187614974
2017-06-26,-0.004673218288208102
2017-06-27,-0.018138567030038858
2017-06-28,0.01441682296042804
2017-06-29,-0.01735471070815042
2017-06-30,0.00036398732273723177
2017-07-03,-0.010534958496882631
2017-07-05,0.009838621622197168
2017-07-06,-0.00901553411623391
2017-07-07,0.010785534929293558
2017-07-10,0.0
2017-07-11,0.0
2017-07-12,-0.00021906594572477129
2017-07-13,0.002203246590310943
2017-07-14,0.007871760248259937
2017-07-17,0.0004926099950465392
2017-07-18,0.006681315766264364
2017-07-19,0.00586817672920373
2017-07-20,0.0013201005936682884
2017-07-21,-0.00041660228080477176
2017-07-24,0.004579588121515531
2017-07-25,-0.002555398585885197
2017-07-26,0.003254802763979225
2017-07-27,-0.006281359826496503
2017-07-28,-0.00021813714006070357
2017-07-31,0.0
2017-08-01,0.00230357925810359
2017-08-02,0.002716657713091331
2017-08-03,0.0
2017-08-04,0.0018132141924942628
2017-08-07,0.0
2017-08-08,-0.001728826332586062
2017-08-09,0.0
2017-08-10,0.0
2017-08-11,0.007587107672685367
2017-08-14,0.012878072318609433
2017-08-15,0.00021943315876530334
2017-08-16,-0.00021938501841772614
2017-08-17,0.00021943315876530334
2017-08-18,-0.0007079077479843831
2017-08-21,-0.001274333570464004
2017-08-22,0.015243168050928109
2017-08-23,0.0
2017-08-24,-0.00294305836666449
2017-08-25,-0.0021087801190446637
2017-08-28,0.0030988124357409835
2017-08-29,0.003932741888030116
2017-08-30,0.0
2017-08-31,0.01071552262170865
2017-09-01,-0.0013678785370847685
2017-09-05,-0.008972470566641057
2017-09-06,0.00304078254323191
2017-09-07,0.002342526677876737
2017-09-08,-0.008661449333149931
2017-09-11,0.011511083642421628
2017-09-12,0.00043760502494587944
2017-09-13,0.0
2017-09-14,-0.00021881080280581176
2017-09-15,0.0
2017-09-18,0.0
2017-09-19,0.00043709326115989487
2017-09-20,-0.0030865539084669776
2017-09-21,0.0
2017-09-22,-0.0009693822051777679
2017-09-25,-0.010532404995851875
2017-09-26,0.002591446708806073
2017-09-27,0.009010372192487766
2017-09-28,-0.00021813922252394567
2017-09-29,0.00043689362290266884
2017-10-02,4.407569626606086e-05
2017-10-03,0.002129738829920732
2017-10-04,0.0009596590794497984
2017-10-05,0.009792312330158719
2017-10-06,0.0013564080578006125
2017-10-09,-0.0011514726905428915
2017-10-10,0.0007461358122828841
2017-10-11,0.002980894128038357
2017-10-12,-0.001823627016020267
2017-10-13,0.0038574112282853774
2017-10-16,0.003438036920806684
2017-10-17,0.0012764019540940604
2017-10-18,-0.0012076300350053256
2017-10-19,-0.0036948222964350683
2017-10-20,0.0026969403608935907
2017-10-23,-0.006522497763214969
2017-10-24,0.0004379393488297074
2017-10-25,-0.003784491853068248
2017-10-26,0.0
2017-10-27,0.0
2017-10-30,0.0022477898639300387
2017-10-31,0.0037603475684447355
2017-11-01,-0.0003286491531626185
2017-11-02,-0.0019066429468294487
2017-11-03,0.00961713254672068
2017-11-06,0.0033929544852354214
2017-11-07,0.0005853230866752271
2017-11-08,0.004029096485356624
2017-11-09,-0.005242652391595223
2017-11-10,0.00021806657128808153
2017-11-13,0.0
2017-11-14,0.0
2017-11-15,0.0
2017-11-16,0.012779192555402
2017-11-17,-0.00021900973331592886
2017-11-20,0.00021905770908637668
2017-11-21,0.00021880204272008635
2017-11-22,0.0012226486937308688
2017-11-24,0.0036609747937274965
2017-11-27,-0.00044829650432187624
2017-11-28,0.0025609800908691464
2017-11-29,-0.01743412864511015
2017-11-30,0.00838455558892267
2017-12-01,6.540822623687995e-05
2017-12-04,-0.011522083985585178
2017-12-05,0.0006545702618662166
2017-12-06,0.004515622231097405
2017-12-07,0.003387659104914428
2017-12-08,0.004414857180524832
2017-12-11,0.007756728981201971
2017-12-12,0.00010919031643810393
2017-12-13,-0.00010917839521458224
2017-12-14,0.00010919031643810393
2017-12-15,0.011355044664109097
2017-12-18,0.008383979621502637
2017-12-19,-0.005925022863843764
2017-12-20,0.0
2017-12-21,0.0
2017-12-22,0.00021934188718273503
2017-12-26,-0.000109231957225056
2017-12-27,0.0001276051077500416
2017-12-28,0.001213845881766588
2017-12-29,-0.006188893630783971
2018-01-02,0.017527114778732592
2018-01-03,0.0002186713825550029
2018-01-04,0.001749304290634528
2018-01-05,0.010043450940169013
2018-01-08,0.003890590396694154
2018-01-09,6.143572408948337e-05
2018-01-10,-0.002337391414810558
2018-01-11,0.006844472067928836
2018-01-12,0.007348655720335529
2018-01-16,-0.00285744494166336
2018-01-17,0.0002191979677009617
2018-01-18,0.00018080256292011903
2018-01-19,0.003135841753775274
2018-01-22,0.01070094424204005
2018-01-23,0.008268252107510884
2018-01-24,-0.006489587023338567
2018-01-25,-0.00035597961451507834
2018-01-26,0.00021866356765466328
2018-01-29,-0.004855967963768584
2018-01-30,0.00010891725573699105
2018-01-31,0.00010973435995232617
2018-02-01,-4.434480907228484e-05
2018-02-02,0.00010983079943663017
2018-02-05,-0.00010981873795684724
2018-02-06,0.02649857733599878
2018-02-07,0.00010888631471004382
2018-02-08,-0.00010887445977135327
2018-02-09,0.00021839424491795659
2018-02-12,0.0
2018-02-13,0.0
2018-02-14,0.0
2018-02-15,0.00010989833937497987
2018-02-16,0.00010905771441958408
2018-02-20,0.0
2018-02-21,-0.00010904582213145541
2018-02-22,0.00010905771441958408
2018-02-23,0.00021881654526473437
2018-02-26,0.01326065179689564
2018-02-27,-0.012382706172512225
2018-02-28,0.000109021966321427
2018-03-01,9.845070068222919e-05
2018-03-02,0.00010889583761187701
2018-03-05,0.0
2018-03-06,0.0
2018-03-07,0.0
2018-03-08,-0.00010888398059960711
2018-03-09,0.01942760709631419
2018-03-12,0.005313314992773839
2018-03-13,-0.0136146019931136
2018-03-14,0.0
2018-03-15,-0.00010989487448028883
2018-03-16,0.00021888249052880458
2018-03-19,0.0
2018-03-20,0.0032915628976433633
2018-03-21,-0.0043542083811666
2018-03-22,-0.024682652030303294
2018-03-23,-0.026351682790436114
2018-03-26,0.037158993566769535
2018-03-27,-0.03236036848073951
2018-03-28,-0.011503491122343184
2018-03-29,0.018315318473079524
2018-04-02,-0.028851976266376013
2018-04-03,0.011252802869110505
2018-04-04,0.01577008942403034
2018-04-05,0.005697026676403037
2018-04-06,-0.02502307510140913
2018-04-09,0.0070230734623047755
2018-04-10,0.022062522274313337
2018-04-11,-0.005768369405041863
2018-04-12,0.012041418605008729
2018-04-13,0.0
2018-04-16,0.007621879097978991
2018-04-17,0.0
2018-04-18,0.002047163203543257
2018-04-19,-0.009192688197432991
2018-04-20,0.0
2018-04-23,0.0
2018-04-24,0.00010941095374117273
2018-04-25,0.00010970889643077292
2018-04-26,0.00010866393457439529
2018-04-27,0.00010906525396866873
2018-04-30,-0.00010905336003626025
2018-05-01,7.673814744197052e-05
2018-05-02,0.00010874706444890127
2018-05-03,0.0
2018-05-04,0.00021953572634159202
2018-05-07,0.008309532427604458
2018-05-08,-0.0010225742420001296
2018-05-09,0.010899031924579096
2018-05-10,0.01036436261894681
2018-05-11,-0.000943323036292298
2018-05-14,0.0017115418485621461
2018-05-15,-0.011075317892803159
2018-05-16,0.00010919180314265982
2018-05-17,-0.0038466806651680664
2018-05-18,0.00010948946537976127
2018-05-21,0.0
2018-05-22,0.0
2018-05-23,0.00010937429545154611
2018-05-24,-0.0002948825484234183
2018-05-25,0.00010892583244195007
2018-05-29,0.0
2018-05-30,0.007160952419445243
2018-05-31,0.00021826426273405903
2018-06-01,6.49699807750733e-05
2018-06-04,0.00903057606532293
2018-06-05,0.003098208792307549
2018-06-06,0.005833933136992638
2018-06-07,-0.008131234734300349
2018-06-08,5.7620447280568825e-05
2018-06-11,0.00010916846002578809
2018-06-12,0.0
2018-06-13,-5.7161665005711126e-05
2018-06-14,0.00032771155280640255
2018-06-15,-0.0034909271897900084
2018-06-18,-0.00010944185375950802
2018-06-19,0.0002190107290521906
2018-06-20,0.007102422680996074
2018-06-21,0.0001095449063525019
2018-06-22,0.00010932682496971101
2018-06-25,-0.02253043923644232
2018-06-26,0.0040848674017189565
2018-06-27,-0.013599127354300468
2018-06-28,0.008601979272448629
2018-06-29,0.0026867690355994785
2018-07-02,0.0066999073007668756
2018-07-03,-0.011574278830569796
2018-07-05,0.012412185589002913
2018-07-06,0.015556501765033879
2018-07-09,0.008996726640878229
2018-07-10,0.0007340999732955601
2018-07-11,-0.005075650735551046
2018-07-12,0.017231480401731704
2018-07-13,0.0008360484383268964
2018-07-16,-0.002394371843611733
2018-07-17,0.006083673246234661
2018-07-18,-0.0018860521035044425
2018-07-19,-0.005002024588590467
2018-07-20,-0.00022363130191841723
2018-07-23,-0.00010935711084068459
2018-07-24,0.004121163514173353
2018-07-25,0.013976786713646404
2018-07-26,-0.015151904106982915
2018-07-27,-0.01349621257295805
2018-07-30,-0.014130941616063285
2018-07-31,0.007651967292080313
2018-08-01,0.0037974761949525356
2018-08-02,0.013606582339038156
2018-08-03,0.0030637479264732726
2018-08-06,0.005886185012211045
2018-08-07,0.0036434294447341476
2018-08-08,-0.00010926754255446545
2018-08-09,-0.0006043319937189738
2018-08-10,-0.007641329249357906
2018-08-13,-0.0011079482017299091
2018-08-14,0.006266708072142505
2018-08-15,0.00021840838359295667
2018-08-16,0.0032918996437369882
2018-08-17,0.00022229132390795477
2018-08-20,-0.0008895932159648158
2018-08-21,0.0036728952494568022
2018-08-22,0.003881347591764396
2018-08-23,-0.0014361963193996222
2018-08-24,0.0
2018-08-27,0.01019278423030316
2018-08-28,0.0014645252181355252
2018-08-29,0.011537916060387376
2018-08-30,-0.001767257376296287
2018-08-31,0.0012878905780160173
2018-09-04,-0.004286327393194438
2018-09-05,-0.012913385962962659
2018-09-06,0.0002190988261990861
2018-09-07,-0.0038500384773999976
2018-09-10,0.0033680372273187293
2018-09-11,0.007704067029911635
2018-09-12,0.0
2018-09-13,0.010680083167374474
2018-09-14,0.00010907906179693132
2018-09-17,0.00021885255186384806
2018-09-18,0.008271948196291809
2018-09-19,0.0
2018-09-20,0.0002185995044735963
2018-09-21,0.0
2018-09-24,0.00010881435225410828
2018-09-25,0.0
2018-09-26,0.0
2018-09-27,0.00021873304447171972
2018-09-28,0.0
2018-10-01,6.551329099609524e-05
2018-10-02,-0.002255697802161816
2018-10-03,0.00107654554982206
2018-10-04,-0.019198744598578957
2018-10-05,0.00010904336379920198
2018-10-08,0.0
2018-10-09,0.0032391112672219753
2018-10-10,-0.04397940428403682
2018-10-11,-0.012402860190610864
2018-10-12,0.027830103140218613
2018-10-15,-0.012104362321322878
2018-10-16,0.029092622282409965
2018-10-17,0.0
2018-10-18,0.0
2018-10-19,0.0001091886667490191
2018-10-22,0.0002188655778215122
2018-10-23,0.0
2018-10-24,0.00010894806648412405
2018-10-25,0.034595301844556836
2018-10-26,0.00010912901024799209
2018-10-29,-0.020580689462242247
2018-10-30,0.0164796837618019
2018-10-31,0.00010881001862872558
2018-11-01,0.00021892691218687002
2018-11-02,0.0
2018-11-05,0.00010979764386330941
2018-11-06,0.0
2018-11-07,0.00010896705777484562
2018-11-08,0.00010926210126366531
2018-11-09,0.00021890950536783497
2018-11-12,-0.00010994215610783904
2018-11-13,0.00084158642658545
2018-11-14,-0.007629011039846569
2018-11-15,0.017494115456791765
2018-11-16,0.00010889561644530351
2018-11-19,-0.00010888375948119394
2018-11-20,-0.01789464909828321
2018-11-21,0.007602400664729988
2018-11-23,-0.007233410545469024
2018-11-26,0.023114245388789922
2018-11-27,0.0033765692177483322
2018-11-28,0.00010955161301464987
2018-11-29,0.00010953961277338155
2018-11-30,0.000109221101312431
2018-12-03,-3.330420067108986e-05
2018-12-04,-0.03835633349138368
2018-12-06,0.007060009646340229
2018-12-07,-0.03301589822414057
2018-12-10,0.010471833993584916
2018-12-11,0.003311844028694646
2018-12-12,0.008801418503699037
2018-12-13,0.00030259897820111175
2018-12-14,-0.024348496344645084
2018-12-17,-0.02265954880502115
2018-12-18,0.00628845187661973
2018-12-19,-0.02455496574135513
2018-12-20,-0.014495683220421284
2018-12-21,-0.03099340480454874
2018-12-24,-0.024797845013767642
2018-12-26,0.062438865158976786
2018-12-27,0.003869465659908848
2018-12-28,-0.0005224277020895227
2018-12-31,0.008432968593192381
2019-01-02,0.004019181310760236
2019-01-03,-0.0326702106935188
2019-01-04,0.04278462189496034
2019-01-07,0.011905603045121197
2019-01-08,0.00904510459505845
2019-01-09,0.008149887732826893
2019-01-10,0.00285996573213929
2019-01-11,-0.0036580534410282466
2019-01-14,-0.008836829131340323
2019-01-15,0.01952654359386236
2019-01-16,0.00010913038166389493
2019-01-17,0.007884252228276057
2019-01-18,0.00990016342049908
2019-01-22,-0.020030154482182833
2019-01-23,0.001296705630731311
2019-01-24,0.006475427797248558
2019-01-25,0.01194873141100958
2019-01-28,-0.012352435919504627
2019-01-29,-0.009441421931380943
2019-01-30,0.02543762787827612
2019-01-31,0.014968684925215959
2019-02-01,-0.004222092732872721
2019-02-04,0.01242142563362264
2019-02-05,0.008848156225199372
2019-02-06,-0.0029821975471560807
2019-02-07,-0.013429350818077525
2019-02-08,0.0019616289850937878
2019-02-11,-0.0009493774805725459
2019-02-12,0.014786381826602225
2019-02-13,0.0007023951083418476
2019-02-14,0.0012281181811165604
2019-02-15,0.00420484528462242
2019-02-19,0.001977733563485843
2019-02-20,-0.00017439087625565144
2019-02-21,-0.0036575532314656015
2019-02-22,0.007400220719294332
2019-02-25,0.003643920999644676
2019-02-26,0.0010372085904842335
2019-02-27,-0.0006331008402355201
2019-02-28,-0.0023045313910610796
2019-03-01,0.006928916965875008
2019-03-04,0.00017200570857132426
2019-03-05,0.0007454133278839067
2019-03-06,0.00010952136926501205
2019-03-07,-0.012272466961915744
2019-03-08,-0.0015166423784894346
2019-03-11,0.020797934562322585
2019-03-12,0.005494297225466424
2019-03-13,0.007513343806777252
2019-03-14,-0.0016947784609491934
2019-03-15,0.009280613908192067
2019-03-18,0.002381701371855326
2019-03-19,0.003362182250645085
2019-03-20,0.003965410971029811
2019-03-21,0.01563207481549792
2019-03-22,-0.0219642665965065
2019-03-25,-0.0019040808644568263
2019-03-26,0.0046570569263943975
2019-03-27,-0.006422767106264042
2019-03-28,0.002304576425244169
2019-03-29,0.007571388296521369
2019-04-01,0.013247135123373662
2019-04-02,0.0037905390125247177
2019-04-03,0.005745916532238437
2019-04-04,-0.00038066989385991885
2019-04-05,0.005170859049129376
2019-04-08,0.002545537720629916
2019-04-09,-0.0035111959156060523
2019-04-10,0.00536637323798885
2019-04-11,-0.0023722091973044017
2019-04-12,0.0043235753915313955
2019-04-15,0.00016138131405465397
2019-04-16,0.0034436205511631543
2019-04-17,0.003485231988751085
2019-04-18,0.0012822857109701727
2019-04-22,0.0028284429332600465
2019-04-23,0.012718054751580483
2019-04-24,-0.003152653210412415
2019-04-25,0.0040588353089631496
2019-04-26,0.0008923370680037304
2019-04-29,0.0019407193577416694
2019-04-30,-0.007747757448101252
2019-05-01,-0.003218538349530636
2019-05-02,0.000109734558783558
2019-05-03,0.015948129571485593
2019-05-06,0.00010940690929428394
2019-05-07,-0.01947965309085082
2019-05-08,-0.002523684028208876
2019-05-09,-0.005382919123662382
2019-05-10,0.0012445273207452852
2019-05-13,-0.03470271793201208
2019-05-14,0.010975473988478073
2019-05-15,0.01412421133149427
2019-05-16,0.010049671844513023
2019-05-17,-0.01021995871915216
2019-05-20,-0.016881575185614707
2019-05-21,0.010447414311546634
2019-05-22,-0.004454642834214798
2019-05-23,-0.015302372372753847
2019-05-24,-0.0005047320194593275
2019-05-28,-0.0037607810535797916
2019-05-29,-0.00822563351980298
2019-05-30,0.004203807176063954
2019-05-31,-0.015952763227775037
2019-06-03,-0.02201799691529189
2019-06-04,0.02815667902127474
2019-06-05,0.00743225384716163
2019-06-06,0.00794500069417937
2019-06-07,0.019312133966752507
2019-06-10,0.011655032421496299
2019-06-11,0.0013648715678872766
2019-06-12,-0.00577986767802669
2019-06-13,0.005922852806029242
2019-06-14,-0.0042523520139187195
2019-06-17,0.006022852829140797
2019-06-18,0.014531264829018484
2019-06-19,0.0037551329502101155
2019-06-20,0.009299499282677844
2019-06-21,-0.00148247688978175
2019-06-24,3.184114115940031e-05
2019-06-25,-0.017166486098143127
2019-06-26,0.004650327637307357
2019-06-27,0.0038217012805555144
2019-06-28,0.0012868209610165527
2019-07-01,0.013494852675915684
2019-07-02,0.003962692815999685
2019-07-03,0.007526056588358188
2019-07-05,-0.0020372285900816757
2019-07-08,-0.007013792312584052
2019-07-09,0.00010937948764631775
2019-07-10,0.00010966992376932302
2019-07-11,-0.0007267602421850105
2019-07-12,0.00576854379441219
2019-07-15,0.003203518255072999
2019-07-16,-0.005150706228865802
2019-07-17,0.0
2019-07-18,0.0011447829144569694
2019-07-19,0.0
2019-07-22,0.0
2019-07-23,0.0065445914430377235
2019-07-24,0.0070178107173455104
2019-07-25,-0.009479989415149449
2019-07-26,0.010294944972153268
2019-07-29,-0.0034308384977447437
2019-07-30,-0.004316288546930847
2019-07-31,-0.013829800879942192
2019-08-01,-0.00497127030493315
2019-08-02,-0.014725457103638704
2019-08-05,-0.035334868324199395
2019-08-06,0.013998712474276375
2019-08-07,0.00540226644092159
2019-08-08,0.021764064366443573
2019-08-09,-0.009402405733459927
2019-08-12,-0.011474787387960986
2019-08-13,0.02191500879136247
2019-08-14,-0.029884890454405247
2019-08-15,-0.0011491626352397727
2019-08-16,0.01605031374079049
2019-08-19,0.015904752913395877
2019-08-20,-0.0077482206278553225
2019-08-21,0.008878407944019891
2019-08-22,-0.003233688612224546
2019-08-23,-0.03164562057407279
2019-08-26,0.015104072133669082
2019-08-27,-0.002110199539164905
2019-08-28,0.0035785190368815283
2019-08-29,0.015289866731472038
2019-08-30,-0.002394705820356958
2019-09-03,-0.009708142913845258
2019-09-04,0.014435864599710921
2019-09-05,0.018318791749276163
2019-09-06,-0.0009908452742678994
2019-09-09,-0.0020875293635484655
2019-09-10,0.0002187919809624858
2019-09-11,-0.0001096733611942505
2019-09-12,0.00021886855903429446
2019-09-13,0.0
2019-09-16,0.0
2019-09-17,0.00010936012177636186
2019-09-18,0.0002180938576756838
2019-09-19,0.0
2019-09-20,0.00010942471012741755
2019-09-23,0.00044126425382081064
2019-09-24,-0.013281003755602686
2019-09-25,0.011225154307697697
2019-09-26,0.00021837624018335576
2019-09-27,0.0
2019-09-30,0.009517377859141345
2019-10-01,-0.008156605752432964
2019-10-02,-0.017194510581785945
2019-10-03,0.0109754825824671
2019-10-04,0.014725788255518988
2019-10-07,-0.0030191122573616338
2019-10-08,-0.014981110153447745
2019-10-09,0.009761933818086828
2019-10-10,0.007744392332945427
2019-10-11,0.00010978619064176496
2019-10-14,-0.00010977413895721787
2019-10-15,0.00010978619064176496
2019-10-16,-0.0024803851869089305
2019-10-17,0.00010946152547666885
2019-10-18,0.0
2019-10-21,0.008868667159029363
2019-10-22,0.0
2019-10-23,0.0019289071081868066
2019-10-24,0.00972813424072448
2019-10-25,0.0
2019-10-28,0.009865153023135028
2019-10-29,-0.00774432741297129
2019-10-30,0.00010900098691978138
2019-10-31,0.00010959014986903777
2019-11-01,-1.091774898452414e-05
2019-11-04,0.006184627609808185
2019-11-05,0.0005498392441383195
2019-11-06,-0.0022477091435775445
2019-11-07,0.003354322859903726
2019-11-08,0.003991293540725943
2019-11-11,-0.0013418684204017418
2019-11-12,0.0028862705279621504
2019-11-13,0.00024798335016274744
2019-11-14,-0.0007937759384213506
2019-11-15,0.00734764849196965
2019-11-18,0.0007885337073865985
2019-11-19,0.0014771595843687637
2019-11-20,-0.005998677490177546
2019-11-21,-0.0022263738338341487
2019-11-22,0.0006448130314198729
2019-11-25,0.011841582367380485
2019-11-26,0.001909711880804577
2019-11-27,0.006988955958984716
2019-11-29,-0.004562317717598591
2019-12-02,-0.010238860484652215
2019-12-03,-0.007832491373802068
2019-12-04,0.0050640834488191
2019-12-05,0.00197608758067918
2019-12-06,0.010698717190364115
2019-12-09,0.00010952741471190239
2019-12-10,-0.0008330643724760082
2019-12-11,0.005296486662547393
2019-12-12,0.007464606286488895
2019-12-13,0.0032924997857438046
2019-12-16,0.010039104963579704
2019-12-17,0.0005733128890995553
2019-12-18,0.0007642070131466692
2019-12-19,0.006251650008677367
2019-12-20,0.0040313430759154455
2019-12-23,0.002641244026311943
2019-12-24,0.0005192162060180388
2019-12-26,0.00882389188656577
2019-12-27,-0.0008417850146978395
2019-12-30,-0.006554177124491928
2019-12-31,0.0018851260474293287
2020-01-02,0.016697260112852948
2020-01-03,-0.009160091629544105
2020-01-06,0.006443390618452892
2020-01-07,0.0
2020-01-08,0.00021902720943447714
2020-01-09,0.008473635030573948
2020-01-10,-0.002557335542565961
2020-01-13,0.011536897784054674
2020-01-14,-0.003937307567297317
2020-01-15,0.00040864672829195835
2020-01-16,0.009583636708382103
2020-01-17,0.004948810820611586
2020-01-21,-0.0004477151716060359
2020-01-22,0.0026423686902725756
2020-01-23,0.003216167918595662
2020-01-24,-0.008415472668435916
2020-01-27,-0.020655507745904467
2020-01-28,0.015359995087804763
2020-01-29,0.0016256928397075745
2020-01-30,0.003561577200412041
2020-01-31,-0.01585809325661979
2020-02-03,0.015109316145312556
2020-02-04,0.02288863414817224
2020-02-05,0.0032972447020973698
2020-02-06,0.00863195880632222
2020-02-07,-0.004300928364986177
2020-02-10,0.01208554858456298
2020-02-11,0.00017250916634500754
2020-02-12,0.009741188555491763
2020-02-13,-0.0012807096170258994
2020-02-14,0.0028637090943024078
2020-02-18,0.00038369495263964075
2020-02-19,0.009585044421309601
2020-02-20,-0.0092832672001202
2020-02-21,-0.019209466275757335
2020-02-24,-0.038563499181663984
2020-02-25,-0.027191815105977842
2020-02-26,0.005154078646003397
2020-02-27,-0.050074007097703585
2020-02-28,0.0007780796956075688
2020-03-02,0.05160338363429512
2020-03-03,-0.03206729981783792
2020-03-04,0.041722314294976866
2020-03-05,-0.03038215166019375
2020-03-06,-0.0168723156835956
2020-03-09,-0.0694642033759455
2020-03-10,0.05445028461184472
2020-03-11,0.0002182505446555848
2020-03-12,0.00010949964138867445
2020-03-13,0.00021807949699381742
2020-03-16,0.0001092647556678853
2020-03-17,0.07584179073675217
2020-03-18,0.00021850563637080048
2020-03-19,-0.00021845790208788453
2020-03-20,0.0003271614446207614
2020-03-23,-0.00021823523490426894
2020-03-24,0.07743740295698136
2020-03-25,0.0
2020-03-26,0.05266052860986623
2020-03-27,-0.00021808389026639464
2020-03-30,0.036373341636543606
2020-03-31,0.0001092647556678853
2020-04-01,-0.042489566295344006
2020-04-02,0.020294825592428175
2020-04-03,-0.014192439613906942
2020-04-06,0.07149441081862495
2020-04-07,-0.0002182500426946048
2020-04-08,0.00010909907161269033
2020-04-09,-0.00021827387269706384
2020-04-13,0.010803465313325404
2020-04-14,0.04349113865768772
2020-04-15,-0.011469765488316267
2020-04-16,0.018240130979599607
2020-04-17,0.0002182976861739324
2020-04-20,-0.011844275020699112
2020-04-21,-0.036899698894467786
2020-04-22,0.02967459259064062
2020-04-23,-0.0021333102377952325
2020-04-24,0.015770606030202607
2020-04-27,0.008043316476403939
2020-04-28,0.0
2020-04-29,0.03546113838516035
2020-04-30,-0.00041101779284095935
2020-05-01,-0.0001746597468896632
2020-05-04,0.011657280175359717
2020-05-05,0.0
2020-05-06,0.00010949246955586769
2020-05-07,-0.00010948048226749605
2020-05-08,0.013704724774496042
2020-05-11,0.008938980830284209
2020-05-12,-0.020937194905812983
2020-05-13,0.0
2020-05-14,0.00010838567744482109
2020-05-15,-0.00021784254870009997
2020-05-18,0.0
2020-05-19,-0.002506069021500383
2020-05-20,0.0
2020-05-21,-0.01089076133509438
2020-05-22,0.003451844636551808
2020-05-26,-0.002699662511161841
2020-05-27,0.005457561508951778
2020-05-28,-0.0013026171631808857
2020-05-29,0.014652525307183122
2020-06-01,0.00299970363245648
2020-06-02,0.006707855896368362
2020-06-03,0.00449850680296176
2020-06-04,-0.007013284635468075
2020-06-05,0.019827157667715152
2020-06-08,0.007760146056551069
2020-06-09,0.007244626458493833
2020-06-10,0.012001827642579907
2020-06-11,-0.04954919615661477
2020-06-12,0.007947893332290493
2020-06-15,0.01216738465636175
2020-06-16,0.017172894616370355
2020-06-17,0.003170527350451925
2020-06-18,0.002709070886759108
2020-06-19,-0.00016359717785793866
2020-06-22,0.01199252023339102
2020-06-23,0.008510943872970474
2020-06-24,-0.020615661047489665
2020-06-25,0.00951961183238292
2020-06-26,-0.00010948048226749605
2020-06-29,0.010906689413363667
2020-06-30,0.01960144794294925
2020-07-01,0.011672057339987905
2020-07-02,0.006786530574281881
2020-07-06,0.02458482117731323
2020-07-07,-0.006889053030476811
2020-07-08,0.01317192950686031
2020-07-09,0.008423419386898895
2020-07-10,0.00682720643512707
2020-07-13,-0.02057068971463718
2020-07-14,0.007078551966145221
2020-07-15,0.0020355195768285254
2020-07-16,-0.006822595375451148
2020-07-17,0.0011578726618224947
2020-07-20,0.02837083649142988
2020-07-21,-0.010420425149506893
2020-07-22,0.0035228037782130393
2020-07-23,-0.026120301680433878
2020-07-24,-0.009495742705774224
2020-07-27,0.01784313645451382
2020-07-28,-0.012724822835094221
2020-07-29,0.011526115894109639
2020-07-30,0.005235417326843762
2020-07-31,0.017845499686823363
2020-08-03,0.013506539721384355
2020-08-04,0.00371226202369093
2020-08-05,0.00247815914724949
2020-08-06,0.013244900265548787
2020-08-07,-0.011542279852921626
2020-08-10,-0.0042730180829187924
2020-08-11,-0.00010948048226749605
2020-08-12,0.025151792031059925
2020-08-13,0.00010949246955586769
2020-08-14,-0.00010948048226749605
2020-08-17,0.0
2020-08-18,0.00010949246955586769
2020-08-19,-0.006727565059740304
2020-08-20,0.0
2020-08-21,0.006929915993147552
2020-08-24,0.006244086869024906
2020-08-25,0.007862556997826191
2020-08-26,0.021338815105956473
2020-08-27,-0.0031168997096076346
2020-08-28,0.005084939241291918
2020-08-31,0.008033663971920756
2020-09-01,0.017091488217601942
2020-09-02,0.00946932327555677
2020-09-03,-0.05070037092433509
2020-09-04,-0.013326006621757562
2020-09-08,-0.04806376054991546
2020-09-09,0.02937564545467001
2020-09-10,-0.019936460063089443
2020-09-11,-0.006940117430640613
2020-09-14,0.017415325963743337
2020-09-15,0.014173861934494226
2020-09-16,-0.015946498444782825
2020-09-17,-0.015622310976195862
2020-09-18,-0.012762381997900885
2020-09-21,0.002397865647266773
2020-09-22,0.018578916880378393
2020-09-23,-0.03053423291573637
2020-09-24,0.004656271834034027
2020-09-25,-0.00010969154677324199
2020-09-28,0.0001097035803286548
2020-09-29,0.0
2020-09-30,-0.00010969154677324199
2020-10-01,0.0
2020-10-02,0.0
2020-10-05,0.0
2020-10-06,0.0001097035803286548
2020-10-07,-0.00010969154677324199
2020-10-08,0.0
2020-10-09,0.0
2020-10-12,0.030870418131304582
2020-10-13,-3.35942198193232e-05
2020-10-14,-0.008352791086520794
2020-10-15,0.0
2020-10-16,0.0001097035803286548
2020-10-19,0.0
2020-10-20,0.002149114027909076
2020-10-21,0.0
2020-10-22,0.0001097035803286548
2020-10-23,0.0
2020-10-26,-0.014996031588753359
2020-10-27,0.007808452997799445
2020-10-28,-0.038986815204057175
2020-10-29,0.017486593421632512
2020-10-30,-0.025363123188244182
2020-11-02,0.0022277796755942533
2020-11-03,0.017297519704119434
2020-11-04,0.04463881019340941
2020-11-05,0.02607075139546099
2020-11-06,0.0007469408284557395
2020-11-09,-0.020433370158916556
2020-11-10,-0.00010969154677324199
2020-11-11,0.0
2020-11-12,0.0
2020-11-13,0.0001097035803286548
2020-11-16,0.0
2020-11-17,0.0
2020-11-18,-0.007390554518724343
2020-11-19,0.007824888814792659
2020-11-20,-0.0068404744868292644
2020-11-23,3.4618658063240665e-05
2020-11-24,0.014049898782031492
2020-11-25,0.006146526422463119
2020-11-27,0.009214360066048997
2020-11-30,0.0020403228867265045
2020-12-01,0.012815865127342032
2020-12-02,0.0012853706094629695
2020-12-03,0.001415432216610547
2020-12-04,0.004075004856885505
2020-12-07,0.005662442442802875
2020-12-08,0.00338485882960576
2020-12-09,-0.022640983581510895
2020-12-10,0.0
2020-12-11,-0.002214772653769957
2020-12-14,0.007255695996789489
2020-12-15,0.0106893196635696
2020-12-16,0.0054994857894887905
2020-12-17,0.006537628811238092
2020-12-18,-0.00302264078602281
2020-12-21,-0.001870855125567004
2020-12-22,0.0027194078365074398
2020-12-23,-0.005035948211105612
2020-12-24,0.00010901503571213102
2020-12-28,0.010078710267583514
2020-12-29,0.0008957370545509517
2020-12-30,3.1861153127726725e-05
2020-12-31,0.0024603890768121715
2021-01-04,-0.01412013352841009
2021-01-05,0.008244443174908899
2021-01-06,0.00010901503571213102
2021-01-07,0.0
2021-01-08,-0.00010900315272954346
2021-01-11,0.00010901503571213102
2021-01-12,-0.00010900315272954346
2021-01-13,0.0
2021-01-14,0.00010901503571213102
2021-01-15,0.0
2021-01-19,0.014589542328249779
2021-01-20,0.0
2021-01-21,0.0
2021-01-22,-0.0028803907376550057
2021-01-25,0.00010901503571213102
2021-01-26,0.0014627599211859954
2021-01-27,-0.02787658779172375
2021-01-28,0.00010901503571213102
2021-01-29,0.0
2021-02-01,0.02498741064567839
2021-02-02,-0.00010900315272954346
2021-02-03,0.0
2021-02-04,0.00010901503571213102
2021-02-05,0.0
2021-02-08,0.0
2021-02-09,-0.00020990390771265848
2021-02-10,-0.0022787728782032086
2021-02-11,0.00010901503571213102
2021-02-12,0.005589354074758424
2021-02-16,-0.002704817219444147
2021-02-17,-0.004798366839959833
2021-02-18,-0.00010900315272954346
2021-02-19,0.00010901503571213102
2021-02-22,-0.00010900315272954346
2021-02-23,0.0
2021-02-24,0.008242799917511145
2021-02-25,0.00010982355248226619
2021-02-26,0.0
2021-03-01,0.030082185324647553
2021-03-02,0.0
2021-03-03,0.00010982355248226619
2021-03-04,0.0
2021-03-05,0.015060830106012597
2021-03-08,-0.00010981149259404613
2021-03-09,0.0
2021-03-10,0.0
2021-03-11,0.00010982355248226619
2021-03-12,-0.00010981149259404613
2021-03-15,0.0
2021-03-16,0.0
2021-03-17,0.00010982355248226619
2021-03-18,-0.00010981149259404613
2021-03-19,0.0
2021-03-22,0.0
2021-03-23,0.00010982355248226619
2021-03-24,-0.00010981149259404613
2021-03-25,-0.0017315125790574185
2021-03-26,0.015000551178240921
2021-03-29,0.0
2021-03-30,0.00010982355248226619
2021-03-31,0.015302723207952102
2021-04-01,0.00010982355248226619
2021-04-05,0.019964443011721573
2021-04-06,-0.0006946498444058602
2021-04-07,0.00241853219825791
2021-04-08,0.01043319448383033
2021-04-09,0.006058622994570677
2021-04-12,-0.0013053354781357943
2021-04-13,0.011673230424985566
2021-04-14,-0.012008300078981399
2021-04-15,0.00010854094776959803
2021-04-16,0.0011709783356553631
2021-04-19,-0.009151660926433701
2021-04-20,0.0
2021-04-21,0.00856093241420917
2021-04-22,0.00010854094776959803
2021-04-23,0.012589670860779152
2021-04-26,0.006510948856312893
2021-04-27,0.00010854094776959803
2021-04-28,-0.00010852916791085235
2021-04-29,0.003598827424827577
2021-04-30,0.00010854094776959803
2021-05-03,-0.0053251407230745
2021-05-04,-0.017995859641781395
2021-05-05,-0.0033627340678457633
2021-05-06,0.007537779650830063
2021-05-07,0.008114326097688479
2021-05-10,-0.025254115482168042
2021-05-11,-0.0013818695503148436
2021-05-12,-0.02588255079687093
2021-05-13,0.007730973999096593
2021-05-14,0.022076870992735323
2021-05-17,-0.0060664064295334
2021-05-18,-0.0067506129855797814
2021-05-19,0.0011480391495238347
2021-05-20,0.0
2021-05-21,0.00010964833657199265
2021-05-24,0.016819256812105957
2021-05-25,0.0
2021-05-26,0.0034836975975954944
2021-05-27,0.00010964833657199265
2021-05-28,0.0
2021-06-01,-0.0001096363151324105
2021-06-02,0.0019530828332105516
2021-06-03,0.0
2021-06-04,0.016969981153166454
2021-06-07,-0.00021877473600899716
2021-06-08,0.0
2021-06-09,0.00023741877040098225
2021-06-10,0.01042036911960811
2021-06-11,0.002615171774182422
2021-06-14,0.009582638062578247
2021-06-15,-0.006531020494936
2021-06-16,-0.0036522075257537077
2021-06-17,-0.00010915038772289186
2021-06-18,-0.007847226303457232
2021-06-21,0.006214851294451023
2021-06-22,0.0
2021-06-23,0.0004891516293974967
2021-06-24,0.00618269249831198
2021-06-25,-0.0012289403394448375
2021-06-28,0.012161572644392835
2021-06-29,0.003618792839839738
2021-06-30,-0.0015773302842537514
2021-07-01,0.0003950443603376528
2021-07-02,0.011478573710822223
2021-07-06,0.004321862171391677
2021-07-07,0.0021100326441556316
2021-07-08,-0.006039791495681247
2021-07-09,0.00624363613870399
2021-07-12,0.0039058201550922936
2021-07-13,0.0
2021-07-14,0.0017934010346277183
2021-07-15,-0.007023428537342916
2021-07-16,0.0
2021-07-19,-0.00819334383021703
2021-07-20,0.011616012931078477
2021-07-21,0.007720654100834199
2021-07-22,0.00010967233273848628
2021-07-23,-0.00010966030603691439
2021-07-26,0.0007872999936137139
2021-07-27,-0.01101788564436397
2021-07-28,0.0038418712136151396
2021-07-29,0.0017768562791734633
2021-07-30,-0.00010966030603691439
2021-08-02,8.219920874627212e-05
2021-08-03,0.006061607042028317
2021-08-04,0.0014448911380038807
2021-08-05,0.006342966839188738
2021-08-06,-0.0043825431267550995
2021-08-09,0.0018479031823944415
2021-08-10,-0.00010966030603691439
2021-08-11,0.0
2021-08-12,0.0
2021-08-13,0.00010967233273848628
2021-08-16,-0.00021872300822621616
2021-08-17,-0.008807924641074341
2021-08-18,0.0
2021-08-19,0.004831642093478665
2021-08-20,0.010358284287918875
2021-08-23,-0.00021872300822621616
2021-08-24,0.003054468057758594
2021-08-25,0.001148496020119491
2021-08-26,-0.006349921438556284
2021-08-27,0.0
2021-08-30,0.0
2021-08-31,-0.0008150624467303794
2021-09-01,0.0
2021-09-02,0.0002187708584464878
2021-09-03,-0.00021872300822621616
2021-09-07,0.0014150685788118043
2021-09-08,-0.0034803198035526827
2021-09-09,0.0
2021-09-10,-0.007589572459006711
2021-09-13,-0.0006902680150715482
2021-09-14,-0.0028431116774099595
2021-09-15,0.007434641132816848
2021-09-16,0.0006877687325179971
2021-09-17,-0.011842210477170663
2021-09-20,-0.020663214826129463
2021-09-21,0.0012304823962172233
2021-09-22,0.009340637022359254
2021-09-23,0.009226630619464299
2021-09-24,-0.00010907466335026563
2021-09-27,0.0
2021-09-28,0.0
2021-09-29,-0.0016394080027190949
2021-09-30,-0.0036740928016276947
2021-10-01,0.00620190665324109
2021-10-04,-0.02098963364410431
2021-10-05,0.013498879834270401
2021-10-06,0.0
2021-10-07,0.0
2021-10-08,0.0
2021-10-11,0.0
2021-10-12,0.0
2021-10-13,0.0
2021-10-14,-0.00010928580679225735
2021-10-15,0.00010929775148520899
2021-10-18,0.010056044945045955
2021-10-19,0.007567018061614833
2021-10-20,-0.0013048198526234408
2021-10-21,0.006106981735236779
2021-10-22,-0.008402481672495242
2021-10-25,0.010237743184643822
2021-10-26,0.003149172484231258
2021-10-27,0.002320771184086785
2021-10-28,0.01110550185388204
2021-10-29,0.0049190659470564535
2021-11-01,0.0034186242584287423
2021-11-02,0.0041812347218029
2021-11-03,0.010615615502757254
2021-11-04,0.01281866320717613
2021-11-05,0.0009539951210595489
2021-11-08,-0.001354451629708228
2021-11-09,-0.006883500649746788
2021-11-10,-0.014696710772521248
2021-11-11,0.0001095090090341445
2021-11-12,0.0
2021-11-15,-0.00022783966492592384
2021-11-16,-0.00010949701812419752
2021-11-17,0.0005282773151296424
2021-11-18,0.0103614048916516
2021-11-19,0.005575452138198457
2021-11-22,-0.011609153015012759
2021-11-23,-0.00010949701812419752
2021-11-24,0.0001095090090341445
2021-11-26,-0.00010949701812419752
2021-11-29,0.021702583379844802
2021-11-30,-0.00010949701812419752
2021-12-01,-0.017013019551283537
2021-12-02,0.0072070943715850854
2021-12-03,-0.017388380166688845
2021-12-06,0.008012735286335485
2021-12-07,0.030113998440527843
2021-12-08,0.0001095090090341445
2021-12-09,-0.00010949701812419752
2021-12-10,0.0001095090090341445
2021-12-13,-0.014446960121605722
2021-12-14,0.0
2021-12-15,0.022797400511859377
2021-12-16,-0.00010949701812419752
2021-12-17,-0.0049893852724251665
2021-12-20,-0.009700249196676669
2021-12-21,0.022380446556350866
2021-12-22,0.0
2021-12-23,0.0
2021-12-27,0.00010922200448687183
2021-12-28,-0.004634773699385164
2021-12-29,0.0
2021-12-30,0.00010922200448687183
2021-12-31,0.0
2022-01-03,-0.00010921007634342344
2022-01-04,0.00010922200448687183
2022-01-05,0.0
2022-01-06,0.0
2022-01-07,0.0
2022-01-10,-0.00010921007634342344
2022-01-11,-0.0001097202800547864
2022-01-12,0.0001097323199156586
2022-01-13,0.00010922200448687183
2022-01-14,0.006222380396645464
2022-01-18,-0.00021891837383804862
2022-01-19,0.00021896630958646862
2022-01-20,-0.012988331709524091
2022-01-21,-0.027728921653529123
2022-01-24,0.0045781279759595376
2022-01-25,-0.02318150748551828
2022-01-26,-0.0015646627003066266
2022-01-27,-0.010070363860430094
2022-01-28,0.03136891913365417
2022-01-31,0.00021896630958646862
2022-02-01,-0.00010921007634342344
2022-02-02,0.00010922200448687183
2022-02-03,0.0
2022-02-04,-0.00021891837383804862
2022-02-07,0.0
2022-02-08,0.0001097323199156586
2022-02-09,-0.0001097202800547864
2022-02-10,0.0
2022-02-11,0.0
2022-02-14,-0.00010933365571977974
2022-02-15,0.00021908992953836615
2022-02-16,0.0
2022-02-17,-0.0001097202800547864
2022-02-18,0.0001097323199156586
2022-02-22,0.0
2022-02-23,-0.02561526488359497
2022-02-24,0.03360450686094001
2022-02-25,0.0
2022-02-28,0.0
2022-03-01,-0.01531113051736584
2022-03-02,0.01677916875147193
2022-03-03,0.00010900836564474812
2022-03-04,0.0
2022-03-07,-0.03688102196372926
2022-03-08,-0.004648152614537512
2022-03-09,0.03599784823658054
2022-03-10,0.0
2022-03-11,-0.00010899648411615359
2022-03-14,0.00010900836564474812
2022-03-15,-0.00021869038632080177
2022-03-16,0.0002187382222671325
2022-03-17,0.0
2022-03-18,-0.00010899648411615359
2022-03-21,0.0
2022-03-22,0.0
2022-03-23,-0.014371244121008443
2022-03-24,0.0
2022-03-25,-0.0008338888522612673
2022-03-28,0.015472025698438903
2022-03-29,0.01720999513514164
2022-03-30,-0.011045579651480491
2022-03-31,0.0
2022-04-01,0.0
2022-04-04,-0.00010938304277922986
2022-04-05,-0.00010899648411615359
2022-04-06,0.00010900836564474812
2022-04-07,0.0
2022-04-08,-0.00010899648411615359
2022-04-11,0.00010900836564474812
2022-04-12,-0.004224267455971912
2022-04-13,0.020326871678630083
2022-04-14,-0.00010899648411615359
2022-04-18,0.00010900836564474812
2022-04-19,-0.00010899648411615359
2022-04-20,0.00021841529935401083
2022-04-21,0.0
2022-04-22,-0.00010938304277922986
2022-04-25,0.01284569350561425
2022-04-26,-0.03774493644480717
2022-04-27,-0.0011981517507899742
2022-04-28,0.00021898927978729945
2022-04-29,-0.000218941333982255
2022-05-02,0.0001093950087381505
2022-05-03,-0.00010938304277922986
2022-05-04,0.00021898927978729945
2022-05-05,0.0
2022-05-06,0.0
2022-05-09,-0.00010957027633324864
2022-05-10,0.012148853137244285
2022-05-11,-0.029658378907353948
2022-05-12,-0.002364273007275951
2022-05-13,0.03706008253576198
2022-05-16,-0.00010955827200311065
2022-05-17,0.025901424364471508
2022-05-18,0.0
2022-05-19,-0.0053582853745354
2022-05-20,-0.003107971885608005
2022-05-23,0.01662731064946229
2022-05-24,-0.00010914796370830206
2022-05-25,0.013995150304631932
2022-05-26,0.027707357205853374
2022-05-27,0.03263957463288363
2022-05-31,-0.0026528487987802414
2022-06-01,1.0258638196654907e-05
2022-06-02,0.0002193134910066529
2022-06-03,-0.026019685314709735
2022-06-06,0.00010955714809596649
2022-06-07,-0.00010954514664211262
2022-06-08,0.00010955714809596649
2022-06-09,0.00010974431963600737
2022-06-10,-0.00021926540314563207
2022-06-13,-0.046496438202415565
2022-06-14,0.0018157544485927048
2022-06-15,0.00010955714809596649
2022-06-16,-0.04034662516368528
2022-06-17,0.01215982795766527
2022-06-21,0.025229590875511104
2022-06-22,0.00010950919075794198
2022-06-23,0.0
2022-06-24,-0.00021899439961640144
2022-06-27,0.0
2022-06-28,0.00021904236866841854
2022-06-29,0.00010899948526361799
2022-06-30,-0.01240296652865738
2022-07-01,0.0066008650148793105
2022-07-05,0.01711960935911923
2022-07-06,0.0064119696791517
2022-07-07,0.0
2022-07-08,-0.00010938217385077306
2022-07-11,0.00010939413961957118
2022-07-12,-0.009686992795351908
2022-07-13,-0.002061404909400549
2022-07-14,0.0035706633979604194
2022-07-15,0.018139345281794797
2022-07-18,0.0
2022-07-19,0.0
2022-07-20,0.01585610344493217
2022-07-21,0.014355216188254156
2022-07-22,-0.017535274488966107
2022-07-25,-0.005695724578452008
2022-07-26,0.0
2022-07-27,0.04225982985640725
2022-07-28,0.009778021475262676
2022-07-29,0.018236802583813116
2022-08-01,-0.0006019544167884353
2022-08-02,-0.0029818960354812962
2022-08-03,0.027232932559631544
2022-08-04,0.004676414602086417
2022-08-05,-0.008168961920476598
2022-08-08,-0.0032325015460043815
2022-08-09,-0.00010956443860454276
2022-08-10,0.00010957644428614526
2022-08-11,-0.005676054306173267
2022-08-12,0.00021902945394356417
2022-08-15,0.008081404526352113
2022-08-16,-0.0023420498039456745
2022-08-17,-0.01140602271613871
2022-08-18,0.00043726717063886634
2022-08-19,-0.019497275743301255
2022-08-22,0.0001093932104671716
2022-08-23,-0.0008272225219621754
2022-08-24,0.002897327026207898
2022-08-25,0.017681556290186373
2022-08-26,0.0
2022-08-29,-0.009855530754915267
2022-08-30,-0.011136452262563306
2022-08-31,-0.005813393006727712
2022-09-01,0.00043399590669370434
2022-09-02,-0.014127762779053898
2022-09-06,-0.007182395383956372
2022-09-07,0.020201138644787092
2022-09-08,0.005184592540657666
2022-09-09,0.02186203896529224
2022-09-12,-0.00010915177067490822
2022-09-13,0.0002186250913129424
2022-09-14,0.0
2022-09-15,-0.01665362977432341
2022-09-16,-0.006115058244897415
2022-09-19,0.007787475379100183
2022-09-20,-0.007971015192952721
2022-09-21,0.00021862869219867556
2022-09-22,-0.012307662808057984
2022-09-23,-0.016281734286032745
2022-09-26,-0.004138002684416389
2022-09-27,0.0004010099848183383
2022-09-28,0.00010903255414705319
2022-09-29,-0.02882722806820144
2022-09-30,-0.016956487157725547
2022-10-03,0.02346015065707714
2022-10-04,0.03144074262825027
2022-10-05,0.0
2022-10-06,0.00021877447650923921
2022-10-07,0.0
2022-10-10,-0.00999653610101533
2022-10-11,-0.013738042478203283
2022-10-12,-0.0003426306637675268
2022-10-13,0.023452488165613596
2022-10-14,0.0
2022-10-17,0.0
2022-10-18,0.0
2022-10-19,0.0
2022-10-20,0.00043755915068966806
2022-10-21,0.00010887181580868253
2022-10-24,-0.00010885996402673008
2022-10-25,0.020685903857736464
2022-10-26,-0.022096310054425236
2022-10-27,0.0003272368523911445
2022-10-28,-0.00010871353311365748
2022-10-31,-0.011628142130725262
2022-11-01,8.765301436342048e-05
2022-11-02,0.0003280269987191515
2022-11-03,-0.01953486348001437
2022-11-04,0.016085252835693238
2022-11-07,0.010994383390116495
2022-11-08,0.00010883029867145981
2022-11-09,0.0005470573601749556
2022-11-10,0.07378843921704703
2022-11-11,0.01842580217929875
2022-11-14,-0.0087507282778417
2022-11-15,0.00021811060894743456
2022-11-16,-0.013649283408841745
2022-11-17,-0.002207104355935727
2022-11-18,3.499943825353023e-05
2022-11-21,-0.010287061050817515
2022-11-22,0.01440274772594174
2022-11-23,0.010036702344705677
2022-11-25,-0.006578555169511615
2022-11-28,-0.014673018981251814
2022-11-29,-0.007569721908191105
2022-11-30,0.045585779657575674
2022-12-01,0.0012269858924849751
2022-12-02,-0.003983269438532528
2022-12-05,-0.016783264139633273
2022-12-06,-0.020720810664033893
2022-12-07,-0.0040821977439750474
2022-12-08,0.011834633923344053
2022-12-09,-0.006376690402565736
2022-12-12,0.012551484441519491
2022-12-13,0.0107499973739128
2022-12-14,-0.007413624540545702
2022-12-15,-0.03357623951134468
2022-12-16,-0.009535062713153623
2022-12-19,-0.014053568112081253
2022-12-20,-0.0007783293688806237
2022-12-21,0.014506129361837173
2022-12-22,-0.02446499252152342
2022-12-23,0.0022487398677867635
2022-12-27,-0.01413796802417775
2022-12-28,-0.01320284046813178
2022-12-29,0.024375230191597312
2022-12-30,-0.00010955245317418653
2023-01-03,0.00010956445622914714
2023-01-04,0.004764089802367889
2023-01-05,-0.015654495809498157
2023-01-06,0.02760172750337293
2023-01-09,0.006472931782090411
2023-01-10,0.008464489967207433
2023-01-11,0.0
2023-01-12,0.0054044752982075756
2023-01-13,0.0068805381903327715
2023-01-17,0.0020284983886180415
2023-01-18,-0.012999601167222544
2023-01-19,-0.009824600766214754
2023-01-20,0.02736673066425692
2023-01-23,0.0
2023-01-24,-0.0020418845795262637
2023-01-25,-0.002219243148252988
2023-01-26,0.019497347864911533
2023-01-27,0.009954323545643138
2023-01-30,-0.02021907602948372
2023-01-31,0.00010916778088360441
2023-02-01,6.535633902596518e-05
2023-02-02,0.035889752382515176
2023-02-03,-0.017772125927760837
2023-02-06,-0.008459068515879067
2023-02-07,0.00010945682491206005
2023-02-08,-0.017781073848013224
2023-02-09,0.0003276492823286417
2023-02-10,0.00010940899764721725
2023-02-13,0.0002185005053007655
2023-02-14,0.0
2023-02-15,0.00021855060253540221
2023-02-16,-0.01876427824253013
2023-02-17,0.00010880075951337028
2023-02-21,0.0
2023-02-22,0.00032773518371595006
2023-02-23,0.0003273346730278379
2023-02-24,0.0001091084133233778
2023-02-27,0.00010909650997627517
2023-02-28,0.00010898695066817008
2023-03-01,5.4487536903588505e-05
2023-03-02,0.0003281767627808299
2023-03-03,0.0002185500478145337
2023-03-06,0.00010929994168067397
2023-03-07,0.0
2023-03-08,0.000218380835881435
2023-03-09,0.0002183331561043043
2023-03-10,0.0002186756410161375
2023-03-13,0.007416414358985439
2023-03-14,0.0229797231554789
2023-03-15,0.0005457081245294632
2023-03-16,0.026360595916301247
2023-03-17,-0.0047259818556761365
2023-03-20,0.0035487858001199126
2023-03-21,0.014282379091017754
2023-03-22,-0.013598045618809815
2023-03-23,0.011858209465886423
2023-03-24,0.0036805886530189057
2023-03-27,-0.0068514182147367065
2023-03-28,0.00021800658514134824
2023-03-29,0.0
2023-03-30,0.009465128708909745
2023-03-31,0.016631126994601855
2023-04-03,-0.0024307373689282847
2023-04-04,-0.003373194112271287
2023-04-05,-0.00987259518584535
2023-04-06,0.00674213605475286
2023-04-10,-0.0005657479680390076
2023-04-11,-0.006417691957444517
2023-04-12,-0.008834031782173447
2023-04-13,0.01958235602349322
2023-04-14,-0.0018799886915920388
2023-04-17,0.0008476763009891804
2023-04-18,0.00010898196770581895
2023-04-19,0.00010916416155131491
2023-04-20,0.0007635806011717615
2023-04-21,0.0010432549791535984
2023-04-24,-0.002084335464955156
2023-04-25,-0.01886381111363416
2023-04-26,0.006064834752280287
2023-04-27,0.027190808423695402
2023-04-28,0.0
2023-05-01,3.246415327576874e-05
2023-05-02,-0.00021832645648602552
2023-05-03,0.00010884782589310465
2023-05-04,-0.003529850203802915
2023-05-05,0.02125412510063562
2023-05-08,0.00010945449526221858
2023-05-09,0.00010924881271818891
2023-05-10,0.00010962424353703591
2023-05-11,0.0006553494301277728
2023-05-12,0.0002183067428430757
2023-05-15,0.00010932303981129102
2023-05-16,-0.00010931108959069188
2023-05-17,0.0002185493335696517
2023-05-18,0.018573270309153435
2023-05-19,-0.0022531726220930705
2023-05-22,0.0033580242071876423
2023-05-23,-0.012676301992252382
2023-05-24,0.0
2023-05-25,0.0006548823290032159
2023-05-26,0.02555057708299052
2023-05-30,0.004534985327541955
2023-05-31,-0.005686051178640547
2023-06-01,0.011551979884524922
2023-06-02,0.007499777618657467
2023-06-05,0.0007049188097122927
2023-06-06,-0.00016917710641722354
2023-06-07,-0.0169653965067481
2023-06-08,0.0005464839793678668
2023-06-09,0.0001093142171622357
2023-06-12,0.00010910949590930958
2023-06-13,0.007684093910064604
2023-06-14,0.0072675127238023855
2023-06-15,0.011915535842688897
2023-06-16,-0.0062927590188618845
2023-06-20,-0.0014313656370224244
2023-06-21,0.0
2023-06-22,0.01179900845969075
2023-06-23,0.00010920779510808733
2023-06-26,-0.013405450025287882
2023-06-27,0.01719399422907065
2023-06-28,0.00010916019455712843
2023-06-29,-0.0020022970609727296
2023-06-30,0.0003271456374893711
2023-07-03,0.0023548102596929886
2023-07-05,0.00010924168305211847
2023-07-06,0.0003277853202132103
2023-07-07,0.00010948206914196022
2023-07-10,0.00021836400992375122
2023-07-11,0.00010944618502280801
2023-07-12,0.00021848443605576844
2023-07-13,0.016978563113394653
2023-07-14,-0.00021101704065078507
2023-07-17,0.009338613863334594
2023-07-18,0.008180670646178662
2023-07-19,-0.0002332780906103675
2023-07-20,-0.023051882997482266
2023-07-21,-0.0029995436911778453
2023-07-24,0.0015975415105513786
2023-07-25,0.006777606807596584
2023-07-26,0.00010894391189896521
2023-07-27,-0.002383903472739898
2023-07-28,0.00010887272491194667
2023-07-31,0.00010905236083520896
2023-08-01,0.00026230982178919617
2023-08-02,0.00010987325048622263
2023-08-03,-0.0016026661510416542
2023-08-04,0.00021857404968355547
2023-08-07,0.008466810656976116
2023-08-08,-0.008502347757779066
2023-08-09,-0.010994785527484582
2023-08-10,0.001848358093148022
2023-08-11,-0.006375687502008082
2023-08-14,0.011222277632914087
2023-08-15,0.00010900056133856128
2023-08-16,-0.01058878069035837
2023-08-17,-0.0109229592798642
2023-08-18,-0.0012549098336405813
2023-08-21,0.016111270711806566
2023-08-22,0.00010908446449214787
2023-08-23,0.00021804970617205678
2023-08-24,0.0003270509591761598
2023-08-25,0.007751768553711964
2023-08-28,0.00021836022342541778
2023-08-29,-0.00010915627632382253
2023-08-30,0.0055766896215051764
2023-08-31,0.00299858335164353
2023-09-01,-0.0010581585935338846
2023-09-05,0.001271003664836992
2023-09-06,-0.00880779260925471
2023-09-07,0.0005464900275806538
2023-09-08,0.001397664788688623
2023-09-11,0.01178264636059845
2023-09-12,0.00032802179731964223
2023-09-13,0.0038091618659915425
2023-09-14,0.008177247256177914
2023-09-15,0.00021822880934076357
2023-09-18,0.0010423520155617666
2023-09-19,-0.0021313518312308984
2023-09-20,-0.014410493211520305
2023-09-21,-0.01832438243757539
2023-09-22,0.00013998523997017464
2023-09-25,0.004749639701195024
2023-09-26,-0.015016091165925309
2023-09-27,0.0023430205170049717
2023-09-28,0.008365117334827879
2023-09-29,0.00010874623373645987
2023-10-02,0.00015294927378508273
2023-10-03,0.00021895343672463874
2023-10-04,0.00010954759971250157
2023-10-05,0.000655601389802871
2023-10-06,0.0
2023-10-09,0.00010936906182384757
2023-10-10,0.005538061098602974
2023-10-11,0.007135281518791428
2023-10-12,-0.0034749331743620317
2023-10-13,-0.012570195547841794
2023-10-16,0.00010907226558339223
2023-10-17,0.00010924971104208793
2023-10-18,0.00010904845660936354
2023-10-19,0.0004365248645490415
2023-10-20,0.0002183564138648754
2023-10-23,0.003017570443967546
2023-10-24,0.009728228661806131
2023-10-25,-0.02447603244987536
2023-10-26,-0.01906719484966647
2023-10-27,0.004801359358563967
2023-10-30,0.01126525928001249
2023-10-31,0.004782426524610662
2023-11-01,0.00030619199381153956
2023-11-02,0.0003281040994784429
2023-11-03,0.011749111794578894
2023-11-06,0.0040792113339055665
2023-11-07,0.009452589935496454
2023-11-08,0.0006440752860218091
2023-11-09,-0.007695632203575887
2023-11-10,0.022482091395256247
2023-11-13,-0.0031183053860736197
2023-11-14,0.021526227491460905
2023-11-15,0.0007526480015761789
2023-11-16,0.0008559117552887604
2023-11-17,0.00023305539319774194
2023-11-20,0.012174910011569654
2023-11-21,-0.005809452561406508
2023-11-22,0.004093000304729897
2023-11-24,-0.001409936795936734
2023-11-27,-0.0008729423799859612
2023-11-28,0.0026210354685180653
2023-11-29,-0.0009740347550236966
2023-11-30,-0.0025138593896494
2023-12-01,0.00285449658645792
2023-12-04,-0.009283421962734023
2023-12-05,0.0025110205634699934
2023-12-06,-0.005783946223372907
2023-12-07,0.01397223914529107
2023-12-08,0.0044566600718919745
2023-12-11,0.008542238943042665
2023-12-12,0.007964281972778306
2023-12-13,0.012717216176247905
2023-12-14,-0.0008668523013906153
2023-12-15,0.0048339167759956425
2023-12-18,0.006298694317683053
2023-12-19,0.005109577918989727
2023-12-20,-0.014859709776841274
2023-12-21,0.01163528619594859
2023-12-22,0.0014959665951183464
2023-12-26,0.006121927156272677
2023-12-27,0.002035588765081929
2023-12-28,-0.0004861013095017044
2023-12-29,-0.004327585224456412
2024-01-02,-0.01692237733240144
2024-01-03,-0.010581394150606974
2024-01-04,-0.005146557105168887
2024-01-05,0.0011861066303766891
2024-01-08,0.020667897875957186
2024-01-09,0.0019754733655134903
2024-01-10,0.006777716210192448
2024-01-11,0.0005463858999334855
2024-01-12,0.00021850977826584733
2024-01-16,-9.774123261899333e-05
2024-01-17,-0.005640817644130436
2024-01-18,0.00043668762673865897
2024-01-19,0.019830885433112067
2024-01-22,0.0013059267581349548
2024-01-23,0.004149641995557447
2024-01-24,0.005549104195044692
2024-01-25,0.0012212156945228946
2024-01-26,-0.005957538397011021
2024-01-29,0.010240350667780352
2024-01-30,-0.006656320007797957
2024-01-31,0.00010872512609690225
2024-02-01,0.011775336627524939
2024-02-02,0.01690059149868692
2024-02-05,0.0
2024-02-06,0.00021885352801390376
2024-02-07,0.00010898365291780444
2024-02-08,0.000437470457704747
2024-02-09,0.00984302535986306
2024-02-12,-0.00391266138470839
2024-02-13,0.0
2024-02-14,0.0002185214011837941
2024-02-15,0.000545998056626549
2024-02-16,0.00021844743484217058
2024-02-20,0.0001091533751822787
2024-02-21,-0.004001679411380077
2024-02-22,0.029275732944445066
2024-02-23,0.00010944169684055386
2024-02-26,0.0
2024-02-27,0.00021793049633531198
2024-02-28,0.00010903438075065807
2024-02-29,0.00043590424593394387
2024-03-01,0.00027336571394306235
2024-03-04,-0.0035680681109436017
2024-03-05,-0.017949685351286552
2024-03-06,0.006283674140993231
2024-03-07,0.015178152559346026
2024-03-08,-0.014435028609841385
2024-03-11,-0.003712598632870073
2024-03-12,0.014335082282927788
2024-03-13,0.0
2024-03-14,-0.0025212208497903846
2024-03-15,0.0002181582919511911
2024-03-18,0.009537276115241855
2024-03-19,0.0002185499047131676
2024-03-20,0.00010860297594374643
2024-03-21,0.0003277176355228142
2024-03-22,0.00010892578812943974
2024-03-25,0.0002182905251640672
2024-03-26,-0.0032375922191007094
2024-03-27,0.0034060082331161417
2024-03-28,-0.0018433271972501896
2024-04-01,0.0021169863907321384
2024-04-02,0.00021866381621223071
2024-04-03,0.0022443152984373696
2024-04-04,0.00043723202560117327
2024-04-05,0.01178401140049126
2024-04-08,0.00010886692980022134
2024-04-09,0.00010913206401601933
2024-04-10,0.00021870190219879884
2024-04-11,0.0003276580800251789
2024-04-12,0.00010961416827712455
2024-04-15,0.00021791270077698517
2024-04-16,0.00010948603822418627
2024-04-17,0.0001090129148024413
2024-04-18,-0.005706231766193124
2024-04-19,-0.02068927343644915
2024-04-22,0.010056802955083924
2024-04-23,0.014922788204426274
2024-04-24,0.0033878544950826793
2024-04-25,0.0005452994204201413
2024-04-26,0.0
2024-04-29,0.00021757733939836688
2024-04-30,0.0001090872033898227
2024-05-01,-0.007230558421241543
2024-05-02,0.01276340452712285
2024-05-03,0.02009832171408917
2024-05-06,0.0
2024-05-07,0.00015907129891653133
2024-05-08,0.0002189523539079271
2024-05-09,0.0005463876494877719
2024-05-10,0.0
2024-05-13,0.002307336299878601
2024-05-14,0.0064322572919664365
2024-05-15,0.015630186086355413
2024-05-16,-0.002031330759563417
2024-05-17,-0.00048671943439576126
2024-05-20,0.006972956225318957
2024-05-21,0.0019562230689688593
2024-05-22,-0.00019753316888516132
2024-05-23,-0.0044983633803191495
2024-05-24,0.00010837464620079016
2024-05-28,0.0037775721548959193
2024-05-29,-0.007048145072049319
2024-05-30,0.00021826051230078113
2024-05-31,-0.0018603333303205368
2024-06-03,0.005369274201642112
2024-06-04,0.002736452295770481
2024-06-05,0.020159808639008094
2024-06-06,-0.00034505446831195326
2024-06-07,-0.0008848534193369131
2024-06-10,0.00021867116762531717
2024-06-11,0.0001091744117507906
2024-06-12,0.013097725211560293
2024-06-13,0.005420233569348452
2024-06-14,0.005181264146212477
2024-06-17,0.012249839902053932
2024-06-18,0.00030927748966626267
2024-06-20,-0.007708072163761375
2024-06-21,-0.0026791563816901368
2024-06-24,-0.011384743134505824
2024-06-25,0.011435540878951867
2024-06-26,0.0020652177622765703
2024-06-27,0.00021796405501533283
2024-06-28,0.00032673789595401894
2024-07-01,0.00035026835502463056
2024-07-02,0.00010966001654388303
2024-07-03,0.008337079165929491
2024-07-05,0.010426905324750772
2024-07-08,0.0023782580735717635
2024-07-09,0.0008645692519101804
2024-07-10,0.010426458752278007
2024-07-11,-0.021930198471524553
2024-07-12,0.005874874707095577
2024-07-15,0.0026878314364607416
2024-07-16,0.0
2024-07-17,-0.029354883911246292
2024-07-18,-0.004732440912248678
2024-07-19,-0.008863636319740634
2024-07-22,0.014897823001115753
2024-07-23,-0.003524625947711243
2024-07-24,-0.03587043796429161
2024-07-25,-0.011027655676850398
2024-07-26,0.010256059976536638
2024-07-29,0.0020087313067501935
2024-07-30,-0.01373135337443268
2024-07-31,0.029593553926638833
2024-08-01,-0.024221429251548354
2024-08-02,-0.02373484751818298
2024-08-05,-0.029816299658778248
2024-08-06,0.009555254053176369
2024-08-07,-0.010829804623573741
2024-08-08,0.030590932554009832
2024-08-09,0.0052223057305506295
2024-08-12,0.002153707434910046
2024-08-13,0.02481268394273372
2024-08-14,0.0003242599495718721
2024-08-15,0.025263129805367
2024-08-16,0.0012858821436505128
2024-08-19,0.013135844348266854
2024-08-20,-0.0020984793337052304
2024-08-21,0.004664080710026295
2024-08-22,-0.01585490073916601
2024-08-23,0.010845469306156243
2024-08-26,-0.009708218372948777
2024-08-27,0.002987354010931897
2024-08-28,-0.011347465288357953
2024-08-29,-0.0014639476130344975
2024-08-30,0.011919350602978912
2024-09-03,-0.030360765359079504
2024-09-04,-0.0025984714252702333
2024-09-05,0.0009335117655053831
2024-09-06,-0.02678720228081611
2024-09-09,0.01285956637723532
2024-09-10,0.009241840581051935
2024-09-11,0.021715237434502894
2024-09-12,0.009816112735301901
2024-09-13,0.004480035800102612
2024-09-16,-0.004417971869775783
2024-09-17,0.000528303161867353
2024-09-18,-0.004329550735439467
2024-09-19,0.025284208177316986
2024-09-20,-0.001903239242812096
2024-09-23,0.002650522218079437
2024-09-24,0.004823651611164094
2024-09-25,0.0009271368144130334
2024-09-26,0.0075130805521144975
2024-09-27,-0.005557034867566027
2024-09-30,0.00010897944710673528
2024-10-01,0.00022973245939539568
2024-10-02,0.00141305741659464
2024-10-03,-0.0007470110443654458
2024-10-04,0.0002185337304742857
2024-10-07,0.00021848598391716395
2024-10-08,0.0
2024-10-09,0.0001093990617770924
2024-10-10,-0.0011354807640557235
2024-10-11,0.001563131278996592
2024-10-14,0.0083914828145836
2024-10-15,-0.013366902242634386
2024-10-16,0.0
2024-10-17,0.00021822365228020348
2024-10-18,0.00032735391999804466
2024-10-21,0.00021819447262827146
2024-10-22,0.00010893872309087806
2024-10-23,0.0
2024-10-24,0.00010910645584246213
2024-10-25,0.0004363782116897642
2024-10-28,0.0
2024-10-29,0.00021746568027177914
2024-10-30,-0.007557580930652036
2024-10-31,0.00021802268853556852
2024-11-01,0.007398855067124993
2024-11-04,0.00021859955869429532
2024-11-05,0.012757064089138596
2024-11-06,0.0002185517833708986
2024-11-07,0.00010925201446285159
2024-11-08,0.00116855234570661
2024-11-11,-0.0005835642338259683
2024-11-12,0.00010919234747065198
2024-11-13,0.00021836085160732127
2024-11-14,0.0
2024-11-15,0.0003276488628596537
2024-11-18,0.00694766650356512
2024-11-19,0.006879754749717503
2024-11-20,0.00010889426331241317
2024-11-21,0.0001088824066429541
2024-11-22,0.00032732732276039543
2024-11-25,0.00010928207223133601
2024-11-26,0.005369358995118483
2024-11-27,0.0003269162019705464
2024-11-29,0.008786786443832918
2024-12-02,0.010887889750500777
2024-12-03,0.003066312599370549
2024-12-04,0.00010942490557300597
2024-12-05,-0.002771351103473986
2024-12-06,0.00894965839307393
2024-12-09,-0.007787646517527767
2024-12-10,-0.0034073259277793253
2024-12-11,0.017902309910528717
2024-12-12,0.0002182538956669642
2024-12-13,0.00032757703524405964
2024-12-16,0.00010906740767105055
2024-12-17,0.00010896634277565632
2024-12-18,0.0
2024-12-19,0.00014238976206019886
2024-12-20,0.0004383411288875362
2024-12-23,0.0
2024-12-24,0.00021902998055284663
2024-12-26,0.00021880383790484279
2024-12-27,0.00043804636664676843
2024-12-30,0.0
2024-12-31,-0.008494677672248327
2025-01-02,-0.0019561873983460123
2025-01-03,0.016365100372539215
2025-01-06,0.00010944831730330735
2025-01-07,0.0002185167888246101
2025-01-08,0.00021864695606165773
2025-01-10,0.00032789874003108234
2025-01-13,0.00010926375256356412
2025-01-14,0.00021841473571416952
2025-01-15,0.00010922795830460433
2025-01-16,0.0
2025-01-17,0.01687823874678611
2025-01-21,0.0
2025-01-22,0.00021831289958343803
2025-01-23,0.002125789136680158
2025-01-24,-0.005651044859704433
2025-01-27,0.00010899625631588038
2025-01-28,0.014780004534434047
2025-01-29,-0.001878069069909325
2025-01-30,0.004262295508203545
2025-01-31,-0.0014529033825134733
2025-02-03,-0.008003184868762052
2025-02-04,0.012275320551431863
2025-02-05,0.004537858994349888
2025-02-06,0.005219761699775084
2025-02-07,-0.012613146626870667
2025-02-10,0.012104845964113578
2025-02-11,0.0001090884406839801
2025-02-12,0.00010943097399858032
2025-02-13,0.0002184836068188149
2025-02-14,0.004198602609855242
2025-02-18,0.002266898049866038
2025-02-19,0.0002779995852830489
2025-02-20,-0.004244590354931678
2025-02-21,-0.020754517013669482
2025-02-24,-0.011804214799806194
2025-02-25,-0.01259915276292162
2025-02-26,0.002415402746194089
2025-02-27,-0.027771148624344
2025-02-28,0.01579148766792763
2025-03-03,-0.02188250255564969
2025-03-04,-0.0030178057224873214
2025-03-05,0.013036065730156378
2025-03-06,-0.027509323900857478
2025-03-07,0.007353400544286801
2025-03-10,-0.03875629355769615
2025-03-11,-0.0023903737651075614
2025-03-12,0.011280784560691369
2025-03-13,-0.017990546385173594
2025-03-14,0.02417051645167014
2025-03-17,0.006483752761449871
2025-03-18,-0.017047448196371835
2025-03-19,0.013381369217260205
2025-03-20,-0.0033895517301516954
2025-03-21,0.003296726654886206
2025-03-24,0.02194438488298039
2025-03-25,0.00010918414134742579
2025-03-26,0.00010917222147216536
2025-03-27,0.00021796790951580705
2025-03-28,-0.026327817193462714
2025-03-31,-4.2596365101440295e-05
2025-04-01,0.00806101737035801
2025-04-02,0.007298397399015854
2025-04-03,-0.05353348909551764
2025-04-04,-0.06210896686582549
2025-04-07,0.002413284406497953
2025-04-08,-0.018008405271550967
2025-04-09,0.12003076496041482
2025-04-10,0.00010906841838117115
2025-04-11,0.0004372823325526858
2025-04-14,0.0
2025-04-15,0.00021836963750552192
2025-04-16,0.00010924894342109811
2025-04-17,-0.00018009084936462455
2025-04-21,-0.02474678077196703
2025-04-22,0.02625207257312401
2025-04-23,0.00021809111989394496
2025-04-24,0.0
2025-04-25,0.000436438674477917
2025-04-28,-0.00031748065250663073
2025-04-29,0.0
2025-04-30,-0.00012614742782680424
2025-05-01,0.013060685214315455
2025-05-02,0.014843932476806774
2025-05-05,-0.005932451552316231
2025-05-06,-0.009301762290053743
2025-05-07,0.0
2025-05-08,0.010324860788572473
2025-05-09,-0.0006552888995180681
2025-05-12,0.04074007528168284
2025-05-13,0.015240960046085892
2025-05-14,0.0059928957369892065
2025-05-15,0.0010990587909357925
2025-05-16,0.00435246606601033
2025-05-19,0.0009585054245184344
2025-05-20,-0.0033331300338693766
2025-05-21,-0.01389654631845422
2025-05-22,0.00021816151697428025
2025-05-23,0.000436490653686581
2025-05-27,0.023525218729847953
2025-05-28,0.00010900938487623933
2025-05-29,0.00010908505132075207
2025-05-30,0.00032721945921075505
2025-06-02,0.007898262320722091
2025-06-03,0.00021847424134447841
2025-06-04,0.0027879939207069307
2025-06-05,-0.007526961460646182
2025-06-06,0.00977531050717636
2025-06-09,0.0014719466067635082
2025-06-10,0.006614082146413844
2025-06-11,-0.0033696449159584924
2025-06-12,0.0023478403113029846
2025-06-13,-0.012554638400408533
2025-06-16,0.0
2025-06-17,-0.009751045005433672
2025-06-18,0.0002185294071407235
2025-06-20,0.000218307016859065
2025-06-23,0.010282510632151926
2025-06-24,0.0
2025-06-25,0.0025564690541223733
2025-06-26,0.009350308950453346
2025-06-27,0.0034235866914867335
2025-06-30,0.006477132278666897
2025-07-01,-0.008429464418171415
2025-07-02,0.006965260680981116
2025-07-03,0.009840383704186374
2025-07-07,-0.007533012185005102
2025-07-08,0.0005616266219471006
2025-07-09,0.00707874776211824
2025-07-10,-0.0014380040781526355
2025-07-11,-0.002250579887406899
2025-07-14,0.0001092961181937802
2025-07-15,0.00010911001581180899
2025-07-16,0.0010241360650833121
2025-07-17,0.0080924994310056
2025-07-18,-0.0009612193454244878
2025-07-21,0.00518470575791223
2025-07-22,-0.005175483270000044
2025-07-23,0.0045611862715928386
2025-07-24,0.0
2025-07-25,0.0024071072086846662
2025-07-28,0.0031252046000375486
2025-07-29,-0.0015489271998813073
2025-07-30,0.001339637501321726
2025-07-31,-0.0052990691610235886
2025-08-01,0.00042663232054870355
2025-08-04,0.018451711745443546
2025-08-05,-0.00678969067542327
2025-08-06,0.012583339213995771
2025-08-07,0.003384125882730169
2025-08-08,0.009328236876733904
2025-08-11,0.00010920031773993884
2025-08-12,0.012568824005062767
2025-08-13,0.0004998865914709377
2025-08-14,-0.0007754262040739814
2025-08-15,0.0004366104452628287
2025-08-18,-0.0003984474267920644
2025-08-19,0.00021838340771783267
2025-08-20,-0.005937311139476287
2025-08-21,-0.00462980793066701
2025-08-22,0.015427491162110892
2025-08-25,-0.002884764416630566
2025-08-26,0.004015218647493513
2025-08-27,0.0015368358122414215
2025-08-28,0.006259842056075767
2025-08-29,0.0004358098670091238
2025-09-02,-0.008380082185272801
2025-09-03,0.007867493026234384
2025-09-04,0.009051342381911574
2025-09-05,0.0014429597067376506
2025-09-08,0.004877998872660155
2025-09-09,0.002832985573536402
2025-09-10,0.0003274238406435782
2025-09-11,0.005820443125028413
2025-09-12,0.004417274977022812
2025-09-15,0.00855699397089247
2025-09-16,-0.0008452331073221924
2025-09-17,-0.0019959640402466105
2025-09-18,0.009017178809374861
2025-09-19,0.006769298419933279
2025-09-22,0.005919993935985725
2025-09-23,-0.006642258732519889
2025-09-24,-0.003510480442231351
2025-09-25,0.0
2025-09-26,0.0003273141546751487
2025-09-29,0.00010883885427987864
2025-09-30,0.0027392231872349435
2025-10-01,0.0047969135675109105
2025-10-02,0.00411103473611898
2025-10-03,-0.004209612843581226
2025-10-06,0.007510151697500459
2025-10-07,-0.005265708175389332
2025-10-08,0.00021860618935780227
2025-10-09,-0.0012100110891774662
2025-10-10,-0.034714413754586594
2025-10-13,0.02122144551242042
2025-10-14,-0.00666106018351861
2025-10-15,0.007056841635498958
2025-10-16,-0.003702919262817151
2025-10-17,0.006566665968266395
2025-10-20,0.012600884498830534
2025-10-21,-0.00026161643661166105
2025-10-22,-0.009633996208226955
2025-10-23,0.008406459215177707
2025-10-24,0.01067825922771609
2025-10-27,0.01780939679426684
2025-10-28,0.007689721185366391
2025-10-29,0.004503032864379234
2025-10-30,-0.015288669867684799
2025-10-31,0.00021780004407612267
2025-11-03,0.004784820057232628
2025-11-04,-0.020298190582085845
2025-11-05,0.0001091068448338167
2025-11-06,0.00010935284949282457
2025-11-07,-0.003155372047477953
2025-11-10,0.0221242306724122
2025-11-11,-0.00010928116704038764
2025-11-12,-0.0007884627925375035
2025-11-13,0.00010919525417321752
2025-11-14,0.0007561425240968773
2025-11-17,0.0
2025-11-18,-0.012175804970950659
2025-11-19,0.005970021553326513
2025-11-20,-0.023671716702409768
2025-11-21,0.007512713932308722
2025-11-24,0.025573201129228958
2025-11-25,0.00616380909377678
2025-11-26,0.008835779721254081
2025-11-28,0.00810700864069417
2025-12-01,-0.0033588675529373927
2025-12-02,0.00032822546036664706
2025-12-03,0.00010911544233797449
2025-12-04,-0.0009302734525979501
2025-12-05,0.004077366001874879
2025-12-08,-0.001918344805787564
2025-12-09,0.001233157295234398
2025-12-10,0.004095879828814611
2025-12-11,-0.0032344945003138837
2025-12-12,-0.01911832991212824
2025-12-15,-0.005019420310768944
2025-12-16,0.001981959776853004
2025-12-17,-0.01853711492736597
2025-12-18,0.014490078911355635
2025-12-19,0.013035555165832796
2025-12-22,0.0
2025-12-23,0.0
2025-12-24,0.0003283958755394174
2025-12-26,0.00032871563685918197
2025-12-29,0.0
2025-12-30,-0.0023194363120706174
2025-12-31,-0.00826562882194249
2026-01-02,-0.0019370545983213722
2026-01-05,0.007942953851077532
2026-01-06,0.008786434985910904
2026-01-07,0.0002185908297431135
2026-01-08,0.0
2026-01-09,0.009960246859353832
2026-01-12,0.00010929030801594887
2026-01-13,0.00010919299122716702
2026-01-14,-0.010682812199433749
2026-01-15,0.0035994548970399516
2026-01-16,-0.0008363319707028705
2026-01-20,0.0
2026-01-21,0.013518365705840306
2026-01-22,0.00726940452316737
2026-01-23,0.003157455136937006
2026-01-26,0.004400072187147639
2026-01-27,0.00010914712606237247
2026-01-28,0.0033113909811974124
2026-01-29,-0.005985127659446884
2026-01-30,0.0002183694383021529
2026-02-02,0.0068664630845992215
2026-02-03,0.0
2026-02-04,-0.017469043474581093
2026-02-05,-0.014395220182708952
2026-02-06,0.02113783192149799
2026-02-09,0.007660174895975259
2026-02-10,-0.004639284559634337
2026-02-11,0.002682005115821096
2026-02-12,-0.02033892582622547
2026-02-13,0.00213102565347035
2026-02-17,-0.0010300777828786503
2026-02-18,0.0074672090574093575
2026-02-19,-0.003829723780085578
2026-02-20,0.008848966575272845
2026-02-23,-0.012155050937099381
2026-02-24,0.01074148660659369
2026-02-25,0.014493219410373523
2026-02-26,-0.012064483343630215
2026-02-27,-0.0032007731474021322
2026-03-02,0.0013172559930004514
2026-03-03,-0.010705570377263668
2026-03-04,0.01524326026921154
2026-03-05,-0.0030128657973149337
2026-03-06,0.0002188272101781836
2026-03-09,0.00010930473778710647
2026-03-10,0.00010937771215115049
2026-03-11,0.0
2026-03-12,0.00021873149995126092
2026-03-13,0.0003278557149614604
2026-03-16,0.0
2026-03-17,0.00010930599687663206
2026-03-18,0.00021858810076300485
2026-03-19,0.0
2026-03-20,0.0003278104956708484
2026-03-23,0.01147893704434811
2026-03-24,0.00010905282617267828
2026-03-25,-0.00010904093495055342
2026-03-26,0.00021819045236570855
2026-03-27,-0.01953675987753814
2026-03-30,-0.007643182879722641
2026-03-31,0.03385378976432155
2026-04-01,0.012353248936580354
2026-04-02,0.00021866814241540102
2026-04-06,0.00021887444831399336
2026-04-07,0.00010941327638648936
2026-04-08,0.0
2026-04-09,0.0067645895585537645
2026-04-10,0.0014421636444248152
2026-04-13,0.010342659981562245
2026-04-14,0.01815687552340832
2026-04-15,0.013999461125057617
2026-04-16,0.0048164068171478325
2026-04-17,0.013084099653997745
2026-04-20,-0.003174857848306293
2026-04-21,-0.0038032579764912377
2026-04-22,0.016730462426066565
2026-04-23,-0.005632667153982133
2026-04-24,0.019127514037256724
2026-04-27,0.0005271905772746034
2026-04-28,-0.010056741196311206
2026-04-29,0.0
2026-04-30,0.009326281061176625
2026-05-01,0.009599640629495624
2026-05-04,-0.001883925885970949
2026-05-05,0.012974028218234124
2026-05-06,0.020774385215872715
2026-05-07,-0.0011929535040877339
2026-05-08,0.02344088518133823
2026-05-11,0.002896399723285853
2026-05-12,-0.008481881888388375
2026-05-13,0.010562283683906052
2026-05-14,0.007107708241636406
2026-05-15,-0.015087742167609308
2026-05-18,0.0
2026-05-19,0.0002184734023394368
2026-05-20,0.00021851001637770946
2026-05-21,0.0
2026-05-22,0.004240633637315179
2026-05-26,0.017755108964707837
2026-05-27,-0.0011365795004276622
2026-05-28,0.008431075515342333
2026-05-29,0.0036840064561786995
2026-06-01,0.00600019187093548
2026-06-02,0.004604530661185337
2026-06-03,-0.002613257055748965
2026-06-04,-0.004837399690344614
2026-06-05,0.0004374996210301647
2026-06-08,0.015615844872174137
2026-06-09,-0.011507289561625193
2026-06-10,-0.019976585462973734
2026-06-11,0.033775932065986766
2026-06-12,0.005884675943221615
2026-06-15,0.03141368315380432
2026-06-16,0.00010919229166354708
2026-06-17,-0.010070341710618887
2026-06-18,0.025065395810689214
2026-06-22,0.0
2026-06-23,0.0001092048140912041
2026-06-24,-0.004245791899862597
2026-06-25,0.008105545686541602
2026-06-26,-0.013763553147168534
2026-06-29,0.024854164910073227
2026-06-30,0.017014713891123585
2026-07-01,0.0003065311892334889
2026-07-02,0.00043761154958577226
2026-07-06,0.01434191725431136
2026-07-07,-0.018524717261255704
2026-07-08,0.0
2026-07-09,0.00010936406516721791
2026-07-10,0.00043740842390549493
2026-07-13,0.0
2026-07-14,0.0001093042953568156
2026-07-15,0.00010920847175912536
2026-07-16,0.00010928041488649178
2026-07-17,-0.015029581322824377
2026-07-20,0.0010498726409938184
2026-07-21,0.018547228427151632
2026-07-22,0.00021854918383574357
2026-07-23,0.0
2026-07-24,0.00032754261238868745
2026-07-27,0.00010917304975710463
2026-07-28,-0.009719710851298984
2026-07-29,-0.020370472881519663
2026-07-30,0.03297419933967949
2026-07-31,0.00032737621406200184
2026-08-03,0.00014215985867736076
2026-08-04,0.0
2026-08-05,-0.009048794851582394
2026-08-06,-0.0036943750473807093
2026-08-07,0.0003281194063423699
2026-08-10,-0.0029874614166396185
2026-08-11,0.0001092536046369706
2026-08-12,0.00021865063117176747
2026-08-13,0.011565537129121834
2026-08-14,-0.001365994116051495
2026-08-17,-0.0016414852746460351
2026-08-18,-0.01693448594486638
2026-08-19,0.00010924173365210411
2026-08-20,-0.007191953748971207
2026-08-21,0.003530669955839554
2026-08-24,-0.00997984556430279
2026-08-25,0.006229422572993558
2026-08-26,0.0009146072815256464
2026-08-27,0.013691886096947561
2026-08-28,0.00021831655884328637
2026-08-31,0.00010913445356329001
2026-09-01,0.00010937301709224737
2026-09-02,0.00010944453766570078
2026-09-03,0.00021878164915286593
2026-09-04,0.00032814241848306403
2026-09-08,0.00010937273443682719
2026-09-09,0.0
2026-09-10,0.00010936077335000578
2026-09-11,0.0003279630359301355
2026-09-14,0.0
2026-09-15,0.00010931296426741803
2026-09-16,0.0
2026-09-17,0.000218518660251339
2026-09-18,0.000218554274311454
2026-09-21,0.0002184231829582916
2026-09-22,0.008078616135797075
2026-09-23,-0.008361651213807176
2026-09-24,-0.00014846856283172287
2026-09-25,0.004587808023302566
