date,returns
2009-01-02,0.0
2009-01-05,-0.025784022259510885
2009-01-06,-0.010057249237717671
2009-01-07,0.0039210463061282565
2009-01-08,-0.0007993557451845152
2009-01-09,0.0015109363283673418
2009-01-12,0.010377831109269566
2009-01-13,0.0010542628977372927
2009-01-14,0.01648825042645543
2009-01-15,0.0016401463604376546
2009-01-16,-0.015419792355386385
2009-01-20,-0.00017528380776553603
2009-01-21,-0.03158894426512351
2009-01-22,-0.019246477089555986
2009-01-23,-0.007830853702831838
2009-01-26,-0.008728892446876926
2009-01-27,0.023513056681637782
2009-01-28,-0.024986055180107488
2009-01-29,-0.022998551897220776
2009-01-30,-0.0031705918407075
2009-02-02,0.01860583367427054
2009-02-03,-0.023816985730734534
2009-02-04,-0.0034989622316427193
2009-02-05,0.0008778748154157155
2009-02-06,-0.003119111061507753
2009-02-09,0.0032269741997594504
2009-02-10,0.021729962612614225
2009-02-11,0.012971640232455036
2009-02-12,-0.009416031741902196
2009-02-13,-0.026612783105872784
2009-02-17,0.031148365307056232
2009-02-18,-0.008521669406216898
2009-02-19,-0.017001394128713848
2009-02-20,0.00971665787072005
2009-02-23,0.009236769094346281
2009-02-24,-0.0010487469908478293
2009-02-25,-0.011548635560295593
2009-02-26,-0.010524861067505097
2009-02-27,-0.005758531757630386
2009-03-02,0.016555674460598236
2009-03-03,-0.0066809931199938105
2009-03-04,-0.004580851895075858
2009-03-05,0.02781047949980989
2009-03-06,-0.006669274845025432
2009-03-09,-0.005850569171555438
2009-03-10,-0.01919965217734023
2009-03-11,0.010820530689856377
2009-03-12,0.004768353921546995
2009-03-13,-0.005035870389697984
2009-03-16,-0.015769993351769308
2009-03-17,-0.005439504271128281
2009-03-18,0.0378885712092107
2009-03-19,0.0012451181025168161
2009-03-20,-0.005550886568949247
2009-03-23,-0.008659814485260632
2009-03-24,0.00951201259290161
2009-03-25,-0.013461125969100091
2009-03-26,0.011597407303253317
2009-03-27,0.007419702099205167
2009-03-30,0.003825813821656223
2009-03-31,0.0071451358238560445
2009-04-01,0.009127540267711124
2009-04-02,-0.012222268184331501
2009-04-03,-0.020462670384337068
2009-04-06,-0.004275381569808445
2009-04-07,0.002537044607399003
2009-04-08,0.008856561653716911
2009-04-09,-0.01254136241539822
2009-04-13,0.009184797372199904
2009-04-14,0.005227511203891416
2009-04-15,-0.0017345936072946694
2009-04-16,-0.007909760572248825
2009-04-17,-0.010989236174153302
2009-04-20,0.015142519890285942
2009-04-21,-0.009879723993318516
2009-04-22,-0.0060655058339257545
2009-04-23,-9.85934857569291e-05
2009-04-24,-0.010040757043147035
2009-04-27,0.004275108644974163
2009-04-28,-0.016336238111484127
2009-04-29,-0.008856737322737448
2009-04-30,-0.00396034374753446
2009-05-01,-0.006882604179897065
2009-05-04,-0.00023924030618501825
2009-05-05,-0.0002387061135025095
2009-05-06,0.0005983275697323155
2009-05-07,-0.0014326679751763905
2009-05-08,0.0007178353911794348
2009-05-11,0.0016714206010132655
2009-05-12,-0.00011872387779355512
2009-05-13,0.0004753063410213711
2009-05-14,0.0003578160608159765
2009-05-15,-0.00011911130922334705
2009-05-18,-0.0009532401132034617
2009-05-19,0.000597023038920537
2009-05-20,0.0013099033345431229
2009-05-21,-0.0013081897324503712
2009-05-22,0.00023869034704820588
2009-05-26,-0.0013111257473971722
2009-05-27,-0.00023894667670219062
2009-05-28,-0.00011896972220569865
2009-05-29,0.0014323009530419365
2009-06-01,-0.000824019075386112
2009-06-02,0.0013730367203030462
2009-06-03,-0.003018104196425511
2009-06-04,0.011285520317192127
2009-06-05,0.001088639583818599
2009-06-08,-0.0029909240242185506
2009-06-09,0.007635869960033735
2009-06-10,-0.00351826985651521
2009-06-11,0.0
2009-06-12,-0.004616245613278773
2009-06-15,-0.020464393952326212
2009-06-16,-0.009749216482399781
2009-06-17,0.009564115931037275
2009-06-18,-0.0019506695216695681
2009-06-19,0.010733357864136464
2009-06-22,-0.029867430908411895
2009-06-23,-0.0022803405864180726
2009-06-24,0.016857218740911634
2009-06-25,0.019668494357328984
2009-06-26,0.0022041251321982245
2009-06-29,0.0022000668780505217
2009-06-30,-0.0019208855627731287
2009-07-01,0.0005500020908819279
2009-07-02,-0.021977738676424656
2009-07-06,-0.005337513021728144
2009-07-07,-0.024851413871489016
2009-07-08,0.005212599993106735
2009-07-09,0.0017285020264033583
2009-07-10,0.004314179677810742
2009-07-13,0.01918681653040219
2009-07-14,0.0036526308651557877
2009-07-15,0.03359434776701365
2009-07-16,0.011917746111549386
2009-07-17,0.00535350243597304
2009-07-20,0.009584544334396192
2009-07-21,0.006856623127375718
2009-07-22,0.008381336648716821
2009-07-23,0.022077786520642975
2009-07-24,-0.00762364434035983
2009-07-27,0.007682210783117999
2009-07-28,-0.0068613023512521295
2009-07-29,0.006653212137100601
2009-07-30,0.005846479483833193
2009-07-31,-0.0030328593616375655
2009-08-03,0.01495554017000351
2009-08-04,0.0
2009-08-05,-0.007741965653712804
2009-08-06,-0.008809846042216124
2009-08-07,0.012696731323111924
2009-08-10,-0.007020374355740382
2009-08-11,-0.008586069677928156
2009-08-12,0.015537344991553736
2009-08-13,0.005517777462232183
2009-08-14,-0.011473880874452856
2009-08-17,-0.02901859438286234
2009-08-18,0.01429290821846813
2009-08-19,0.00691766999659208
2009-08-20,0.011705427436710169
2009-08-21,0.013329968733433612
2009-08-24,-0.0009931425920835322
2009-08-25,0.002981292561975129
2009-08-26,-0.0017335989593155565
2009-08-27,0.0024814186723659485
2009-08-28,0.000989891974321835
2009-08-31,-0.010138433632042006
2009-09-01,-0.01873611507337375
2009-09-02,-0.0007637004293158884
2009-09-03,0.006623608132081976
2009-09-04,0.02151375550510248
2009-09-08,0.009415816711999649
2009-09-09,0.008590895807517106
2009-09-10,0.00949185031810203
2009-09-11,0.0009636924709556162
2009-09-14,0.0038535049122056905
2009-09-15,0.0031190928979847156
2009-09-16,0.014589406575578594
2009-09-17,-0.00023485593056509396
2009-09-18,0.0016748869932868113
2009-09-21,0.0030639151792183515
2009-09-22,0.0018790174348277038
2009-09-23,-0.004689198860946303
2009-09-24,-0.008951993407601399
2009-09-25,-0.008794491946448432
2009-09-28,0.01702625224397143
2009-09-29,-0.00448073863894066
2009-09-30,0.0007103558874636606
2009-10-01,-0.0295851920645729
2009-10-02,-0.002926617629304139
2009-10-05,0.008072631015945827
2009-10-06,0.01771387547658551
2009-10-07,0.0028609177616319126
2009-10-08,0.004279711298590971
2009-10-09,0.005682243084362154
2009-10-12,0.002118645828054028
2009-10-13,0.00023442377351388593
2009-10-14,0.013621781754334632
2009-10-15,-0.0023166897749588976
2009-10-16,-0.006503105450059732
2009-10-19,0.010051163333672964
2009-10-20,0.00023166649173413141
2009-10-21,-0.0018508611373364075
2009-10-22,0.003940730932262973
2009-10-23,-0.0041561902848784695
2009-10-26,-0.0032460724201273266
2009-10-27,-0.01511988233637659
2009-10-28,-0.02243698951782495
2009-10-29,0.01691192184806099
2009-10-30,-0.02684723095119402
2009-11-02,0.004150790774273218
2009-11-03,0.0031602120909701727
2009-11-04,0.001696703276023085
2009-11-05,0.02467911925143588
2009-11-06,0.0059038563048066225
2009-11-09,0.021361036753137327
2009-11-10,0.0025284280855066197
2009-11-11,0.006419215166290928
2009-11-12,-0.005694497791000354
2009-11-13,0.008247124467631576
2009-11-16,0.010224857855539586
2009-11-17,0.0031488679337024032
2009-11-18,-0.0056058155427420805
2009-11-19,-0.01555758619715474
2009-11-20,-0.005039278992047196
2009-11-23,0.016114438727626693
2009-11-24,-0.0033978820308452045
2009-11-25,0.0043186983129175835
2009-11-27,-0.015165383445498268
2009-11-30,0.0011496357729176311
2009-12-01,0.010330485602402854
2009-12-02,0.0013631272573223982
2009-12-03,-0.004084715986452954
2009-12-04,0.005240146492104347
2009-12-07,-0.004759753920722299
2009-12-08,-0.006148649687322822
2009-12-09,0.010082675207142944
2009-12-10,0.004990564437311683
2009-12-11,-0.003837245269993441
2009-12-14,0.009517447487385266
2009-12-15,-0.005612009045762384
2009-12-16,0.0013550014051940194
2009-12-17,-0.012173339152041327
2009-12-18,0.016298076158300985
2009-12-21,0.011246331259015516
2009-12-22,0.006005430289085111
2009-12-23,0.007295677738673909
2009-12-24,0.009218542032251652
2009-12-28,0.005219689429867877
2009-12-29,-0.0041104436715796
2009-12-30,0.003041566124759422
2009-12-31,-0.00909731534564771
2010-01-04,0.014645014690551114
2010-01-05,0.0
2010-01-06,-0.006031836124428585
2010-01-07,0.0006504490952944198
2010-01-08,0.008230168450677514
2010-01-11,-0.004081965936561015
2010-01-12,-0.012510705852342605
2010-01-13,0.012451390692796875
2010-01-14,0.0008627340602066552
2010-01-15,-0.011640145832937735
2010-01-19,0.016139771002859845
2010-01-20,-0.014381149429373038
2010-01-21,-0.009364284487942996
2010-01-22,-0.02923697014182158
2010-01-25,0.0033964700010731784
2010-01-26,0.0009029510515841105
2010-01-27,0.007891707872243017
2010-01-28,-0.025726643146864757
2010-01-29,-0.01745161056081445
2010-02-01,0.010983979809042288
2010-02-02,0.009015417709229286
2010-02-03,0.005497804803208234
2010-02-04,-0.028936013664644017
2010-02-05,0.008447043601911407
2010-02-08,-0.007212775810408675
2010-02-09,0.010311319350528087
2010-02-10,-0.002087579651998541
2010-02-11,0.015109459913670468
2010-02-12,0.0020612124734166425
2010-02-16,0.012797073114269825
2010-02-17,0.005640578696204368
2010-02-18,0.006281907219800741
2010-02-19,-0.00044525416411828875
2010-02-22,-0.002007876669194238
2010-02-23,-0.01296370330430951
2010-02-24,0.010190307643144644
2010-02-25,-0.0002241208759907599
2010-02-26,0.003587330401464795
2010-03-01,0.014521793267987986
2010-03-02,0.0030831911668726297
2010-03-03,0.0010970920678386967
2010-03-04,0.0032896010916785303
2010-03-05,0.015082279890354452
2010-03-08,0.001938077683009399
2010-03-09,0.005588113575533197
2010-03-10,0.008121299509583681
2010-03-11,0.0038156067691538296
2010-03-12,0.00021115173223951154
2010-03-15,-0.002533657874162093
2010-03-16,0.00635079341563433
2010-03-17,0.0027343715619428176
2010-03-18,0.003356302778313919
2010-03-19,-0.006048780128449212
2010-03-22,0.009054779116049145
2010-03-23,0.006886044411864783
2010-03-24,-0.004766475352329083
2010-03-25,-0.0014579925349462843
2010-03-26,0.0010427210063413844
2010-03-29,0.0047916670676832595
2010-03-30,0.0033180840552710536
2010-03-31,-0.0047535000930133435
2010-04-01,0.0
2010-04-05,0.00934393225886639
2010-04-06,0.0028796875137180235
2010-04-07,-0.0024609581906957405
2010-04-08,0.0022617452378632386
2010-04-09,0.005950098429603696
2010-04-12,0.0008156941346207601
2010-04-13,0.0050946953785327015
2010-04-14,0.011962664077502226
2010-04-15,0.004408186854371775
2010-04-16,-0.011969212646171429
2010-04-19,-0.0006055506171295409
2010-04-20,0.005050705262407532
2010-04-21,0.00562793112200454
2010-04-22,0.005596522714289332
2010-04-23,0.004173922655625058
2010-04-26,-0.002177132488601167
2010-04-27,-0.02122602975020109
2010-04-28,0.0006081500307909393
2010-04-29,0.01741932517125238
2010-04-30,-0.019709068084318805
2010-05-03,0.014013173437392218
2010-05-04,-0.03004227364425883
2010-05-05,-0.005162203364993842
2010-05-06,-0.03341617137045113
2010-05-07,-0.024908840600576906
2010-05-10,0.0519710007710417
2010-05-11,-0.0010465576790237164
2010-05-12,0.018859710143805115
2010-05-13,-0.015837198249666173
2010-05-14,-0.019226292057140337
2010-05-17,0.0031959631675791897
2010-05-18,-0.013806143558660947
2010-05-19,-0.007968967119671719
2010-05-20,-0.037125412175561
2010-05-21,0.01104811620427413
2010-05-24,-0.004014012789226209
2010-05-25,0.00089531318129954
2010-05-26,-0.011185242594140827
2010-05-27,0.0377826710041432
2010-05-28,-0.005886536625276781
2010-06-01,-0.009210284087159326
2010-06-02,0.02368303835316715
2010-06-03,0.009513487556105994
2010-06-04,-0.03426837600990348
2010-06-07,-0.018185912845474383
2010-06-08,-0.0018071961070149501
2010-06-09,-0.008372817014097835
2010-06-10,0.02852560971360933
2010-06-11,0.009540968294652466
2010-06-14,-0.00021998615295951482
2010-06-15,0.02681868233635111
2010-06-16,0.004068262718725284
2010-06-17,0.0031980076103012432
2010-06-18,0.0008302901517619656
2010-06-21,-0.008510538104713647
2010-06-22,-0.00772500399325458
2010-06-23,-0.00410896067967942
2010-06-24,-0.015201111839673542
2010-06-25,0.0001989929504205433
2010-06-28,-0.003534399181183485
2010-06-29,-0.038572279533919056
2010-06-30,-0.015217966882049893
2010-07-01,-0.0028096603882010684
2010-07-02,-0.0028173710094190215
2010-07-06,0.0030605172735483467
2010-07-07,0.031925290197409445
2010-07-08,0.005459535133943054
2010-07-09,0.009502010824480675
2010-07-12,0.002913735684372804
2010-07-13,0.012960989123942048
2010-07-14,0.005073604243979307
2010-07-15,0.0008779034135012617
2010-07-16,-0.02763143136229501
2010-07-19,0.008569852701332231
2010-07-20,0.012075785314145259
2010-07-21,-0.013699241660708046
2010-07-22,0.02531381724674573
2010-07-23,0.006336027798546337
2010-07-26,0.008249927873434815
2010-07-27,-0.0004305396231881733
2010-07-28,-0.007970396479497648
2010-07-29,-0.007383536253125884
2010-07-30,0.0021879398004457764
2010-08-02,0.018772964520130327
2010-08-03,0.005772184150450775
2010-08-04,-0.007652708513961701
2010-08-05,0.004667822026855065
2010-08-06,0.010907048956139974
2010-08-09,-0.0036962291142446924
2010-08-10,0.002104526266823735
2010-08-11,0.013408713916084626
2010-08-12,-0.0024687610239328833
2010-08-13,0.012471424713705853
2010-08-16,0.025027779272724204
2010-08-17,-0.0057222419514709934
2010-08-18,0.002684605692273313
2010-08-19,0.015594360611567352
2010-08-20,-0.001130189004736537
2010-08-23,0.0001874892417160354
2010-08-24,0.01602984599202289
2010-08-25,-0.003247749896530764
2010-08-26,0.00940253803471172
2010-08-27,-0.028316092178196115
2010-08-30,0.01917465226001145
2010-08-31,0.011083073248993382
2010-09-01,-0.020676808090093615
2010-09-02,-0.010565941287904983
2010-09-03,-0.012394566529240644
2010-09-07,0.020466820755236752
2010-09-08,-0.007946601734189589
2010-09-09,-0.019740929619078376
2010-09-10,-0.004572727083055591
2010-09-13,0.004886932331813576
2010-09-14,0.009628642823179495
2010-09-15,-0.01483506043131074
2010-09-16,-0.00987626413681141
2010-09-17,0.004049045149743116
2010-09-20,0.005803159960329481
2010-09-21,0.013886682086439592
2010-09-22,0.008969600844406705
2010-09-23,0.002868272910306706
2010-09-24,-0.013440501627816542
2010-09-27,0.017391628062048973
2010-09-28,0.006837409751415245
2010-09-29,-0.004150333594662485
2010-09-30,-0.0006623957518536064
2010-10-01,-0.004832653732430628
2010-10-04,-0.010814306685468933
2010-10-05,0.024340138527053093
2010-10-06,-0.008658975297944491
2010-10-07,0.0036563103772831625
2010-10-08,0.006881469712940386
2010-10-11,0.00040209818789507795
2010-10-12,0.006831252444015947
2010-10-13,0.008182005312496373
2010-10-14,-0.0019793289132446525
2010-10-15,0.02122149012140875
2010-10-18,-0.003690040033957913
2010-10-19,-0.009356818356162049
2010-10-20,0.007280949239678855
2010-10-21,0.0019535931302129485
2010-10-22,0.00682394577944772
2010-10-25,0.0048407874573393435
2010-10-26,0.002698017532647883
2010-10-27,0.0030752358341912304
2010-10-28,0.0021076852301090084
2010-10-29,-0.002294038959953181
2010-11-01,0.0007661585674217444
2010-11-02,0.010723953302367705
2010-11-03,0.004546766127814308
2010-11-04,0.01225970380168997
2010-11-05,0.0
2010-11-08,0.0013042680908436697
2010-11-09,-0.005396195349090008
2010-11-10,0.005051454085629055
2010-11-11,-0.006329037680552614
2010-11-12,-0.016298496796812778
2010-11-15,-0.003808552317944213
2010-11-16,-0.016440296346623102
2010-11-17,0.002915368643197768
2010-11-18,0.016085197483041987
2010-11-19,0.0007626723706275814
2010-11-22,0.008386002623193554
2010-11-23,-0.01587602768412698
2010-11-24,0.020164925598737025
2010-11-26,-0.006588614986567924
2010-11-29,-0.0007580898687408284
2010-11-30,-0.012137147461042854
2010-12-01,0.021117227224937515
2010-12-02,0.010152291775178748
2010-12-03,0.0026055412245498508
2010-12-06,-0.0003714267926801325
2010-12-07,0.0005574284013059008
2010-12-08,0.003712279510366044
2010-12-09,0.0009242330991716427
2010-12-10,0.006650740904960555
2010-12-13,-0.0034872815092711713
2010-12-14,0.0018417834570932578
2010-12-15,-0.004411687874308652
2010-12-16,0.007755129160788909
2010-12-17,0.000880677104742574
2010-12-20,0.0007338254638396456
2010-12-21,0.006048340977342156
2010-12-22,-0.0001817426978153192
2010-12-23,-0.0025513806686039116
2010-12-27,0.0005479179039927933
2010-12-28,-0.0018258709079947027
2010-12-29,0.002195356298193291
2010-12-30,-0.0023727809189896545
2010-12-31,-0.003659089894797972
2011-01-03,0.015608003630219252
2011-01-04,-0.0007233438557983095
2011-01-05,0.008503705636075633
2011-01-06,0.0032291542381103146
2011-01-07,-0.0008942388356712254
2011-01-10,0.0037591022145093207
2011-01-11,0.0014261237990935746
2011-01-12,0.00712295088017984
2011-01-13,0.0003535245050656929
2011-01-14,0.007423087774364787
2011-01-18,0.00280705370142932
2011-01-19,-0.01137153895784089
2011-01-20,-0.00707844516069944
2011-01-21,-0.0076639130575451835
2011-01-24,0.01382902491690147
2011-01-25,0.0014172407691304505
2011-01-26,0.0053072278963028656
2011-01-27,0.006158899073945951
2011-01-28,-0.025358872342705344
2011-01-31,0.00484444444792463
2011-02-01,0.01875009058974744
2011-02-02,-0.001577273794689743
2011-02-03,0.001755746186383218
2011-02-04,0.005608127636087283
2011-02-07,0.004705670837587202
2011-02-08,0.006591328689114649
2011-02-09,-0.0017233721814626608
2011-02-10,0.0015535393283946206
2011-02-11,0.007238930667523499
2011-02-14,0.002395510598080888
2011-02-15,-0.001365783466481205
2011-02-16,0.0064960083810607664
2011-02-17,-0.0003396690542814569
2011-02-18,-0.0022086361156711445
2011-02-22,-0.028946278885423667
2011-02-23,-0.008240816466451514
2011-02-24,0.005303793436758154
2011-02-25,0.013894152523159863
2011-02-28,0.002081193336608459
2011-03-01,-0.016098205010596618
2011-03-02,0.00527774393279792
2011-03-03,0.019776129433925146
2011-03-04,-0.005148298542900603
2011-03-07,-0.013455267333668725
2011-03-08,0.004021357198325529
2011-03-09,-0.006792077019736619
2011-03-10,-0.015605640631351097
2011-03-11,0.006234597343545078
2011-03-14,-0.0035408621330303047
2011-03-15,-0.014211606853660514
2011-03-16,-0.024148931267585518
2011-03-17,0.009233561080430445
2011-03-18,-0.0022538127764713603
2011-03-21,0.019283956668100306
2011-03-22,-0.00180190705821654
2011-03-23,0.005595688571432617
2011-03-24,0.017770690871658164
2011-03-25,0.002469464481052388
2011-03-28,-0.005454076811249536
2011-03-29,0.009729258789141243
2011-03-30,0.004729921880517081
2011-03-31,0.0013953898338054539
2011-04-01,0.0005224282190456159
2011-04-04,-0.003306832712851902
2011-04-05,-0.0026192109252338625
2011-04-06,0.002450772461752264
2011-04-07,-0.0006984870730423564
2011-04-08,-0.004718349815127202
2011-04-11,-0.003336369851771734
2011-04-12,-0.006871198539618872
2011-04-13,0.00851534080960327
2011-04-14,-0.0017592707998454055
2011-04-15,-0.00176214092289712
2011-04-18,-0.00706069848360523
2011-04-19,0.006222314292179792
2011-04-20,0.022614603810776356
2011-04-21,0.007947536022907214
2011-04-25,0.0025713223755839706
2011-04-26,0.005641596151060848
2011-04-27,0.006800806945719343
2011-04-28,-0.0015199116148032548
2011-04-29,-0.000845312213154871
2011-05-02,-0.0018622928551402728
2011-05-03,-0.004747922977678554
2011-05-04,-0.0015336372194707998
2011-05-05,-0.005460564358956664
2011-05-06,0.003260006917953165
2011-05-09,0.003762698810366792
2011-05-10,0.008519093022318189
2011-05-11,-0.007264230914607813
2011-05-12,0.005955851543119463
2011-05-13,-0.011842063454675596
2011-05-16,-0.017291456728198547
2011-05-17,0.002787056959408999
2011-05-18,0.008339598157876606
2011-05-19,0.0029288619679288526
2011-05-20,-0.007559084803718926
2011-05-23,-0.014713211521188915
2011-05-24,-0.006148764987394549
2011-05-25,0.003888457848001494
2011-05-26,0.006163149189831103
2011-05-27,0.0050755428570382665
2011-05-31,0.016193377810678995
2011-06-01,-0.021761385350068777
2011-06-02,0.002101929497542902
2011-06-03,-0.015032269460679657
2011-06-06,-0.00816363271911981
2011-06-07,-0.0017889439149241149
2011-06-08,-0.007170005858230815
2011-06-09,0.001805721885157284
2011-06-10,-0.015317986394797159
2011-06-13,0.0
2011-06-14,0.01281059677775931
2011-06-15,-0.018973353583378396
2011-06-16,-0.0038678681590498336
2011-06-17,-0.003131965850065475
2011-06-20,0.005205303369616713
2011-06-21,0.021453364828868674
2011-06-22,-0.00724216843558282
2011-06-23,0.009301515619862878
2011-06-24,-0.01734765567485253
2011-06-27,0.015998745654205136
2011-06-28,0.014841725588853966
2011-06-29,0.004101861975167202
2011-06-30,0.013321694407453897
2011-07-01,0.015074309509512196
2011-07-05,0.0050078877291321305
2011-07-06,0.003264654975597453
2011-07-07,0.01370075493028729
2011-07-08,-0.002703116252730718
2011-07-11,-0.018126188138972845
2011-07-12,-0.007591732243504662
2011-07-13,0.004172622291282145
2011-07-14,-0.011599339400198324
2011-07-15,0.013311981034259793
2011-07-18,-0.0053585154623554425
2011-07-19,0.02276635340573034
2011-07-20,-0.004248325763933583
2011-07-21,0.006655622068164385
2011-07-22,0.010340764281211296
2011-07-25,-0.002013281221616762
2011-07-26,0.002521733199794121
2011-07-27,-0.025826042078187453
2011-07-28,0.0017213832202635502
2011-07-29,-0.0032648434034830576
2011-08-01,-0.004655425357341248
2011-08-02,-0.025289912045207082
2011-08-03,0.009596877667028162
2011-08-04,-0.04647123131496539
2011-08-05,-0.006276136522343566
2011-08-08,-0.06018951848837536
2011-08-09,0.04823082534668769
2011-08-10,-0.04092056743799048
2011-08-11,0.04404237233581729
2011-08-12,0.0088514024287191
2011-08-15,0.0147472214480011
2011-08-16,-0.008462348711091324
2011-08-17,-0.005936826474393382
2011-08-18,-0.04908525783567961
2011-08-19,-0.0180570968621747
2011-08-22,0.003597718776707828
2011-08-23,0.041227223583946974
2011-08-24,0.007842104348316413
2011-08-25,-0.016321850196984147
2011-08-26,0.02508178807463683
2011-08-29,0.02785654123908255
2011-08-30,0.006592133214658587
2011-08-31,0.0016373985919843324
2011-09-01,-0.009080796846576363
2011-09-02,0.03248605950580188
2011-09-06,0.010398823006130124
2011-09-07,-0.019088270365384914
2011-09-08,0.008967646837353712
2011-09-09,0.010666171469872563
2011-09-12,0.001055146009697416
2011-09-13,-0.014232466752429986
2011-09-14,0.008466972576290676
2011-09-15,-0.015287618607383518
2011-09-16,0.007268354424047166
2011-09-19,0.019066826344133085
2011-09-20,0.0041957596053023155
2011-09-21,0.03308437670246417
2011-09-22,0.037586117561782324
2011-09-23,-0.01859968073759934
2011-09-26,-0.016055835519164025
2011-09-27,-0.015307583224635378
2011-09-28,-0.00034244747567997946
2011-09-29,0.006921158297679272
2011-09-30,0.025119965466502803
2011-10-03,0.027519349512582447
2011-10-04,-0.012680348187718368
2011-10-05,-0.007199491521874007
2011-10-06,-0.01845775350882401
2011-10-07,-0.0073872892101893494
2011-10-10,-0.01412368215053047
2011-10-11,-0.0033453876203565405
2011-10-12,-0.014546403053659803
2011-10-13,0.009956838119575548
2011-10-14,-0.014528739897476012
2011-10-17,0.017288215095332828
2011-10-18,-0.006211537648621659
2011-10-19,-0.0003472255741439728
2011-10-20,-0.007120445834365665
2011-10-21,-0.010582650629068643
2011-10-24,0.0016795257597596194
2011-10-25,0.02541510371740501
2011-10-26,-0.017469569691405663
2011-10-27,-0.03389694992793971
2011-10-28,0.010516238935636597
2011-10-31,0.03965571124659896
2011-11-01,0.03347383439335592
2011-11-02,0.008504490311521682
2011-11-03,0.0207309344390889
2011-11-04,-0.005163562100413303
2011-11-07,0.0070934808934338
2011-11-08,0.011510208001183363
2011-11-09,-0.0351561192829836
2011-11-10,-0.0005284936212928384
2011-11-11,0.018844744719473196
2011-11-14,-0.006223112133725791
2011-11-15,0.01113249754863716
2011-11-16,-0.016514931632256452
2011-11-17,-0.023438587690649753
2011-11-18,-0.007702136981155953
2011-11-21,-0.019133436844405938
2011-11-22,0.003312621561758465
2011-11-23,-0.02256038188954064
2011-11-25,-0.0076940530161990865
2011-11-28,0.03479571445302302
2011-11-29,-0.0062136072637595545
2011-11-30,0.0369626355324968
2011-12-01,0.006915739923294071
2011-12-02,-0.002817600729245179
2011-12-05,0.010950269709603997
2011-12-06,-0.0027956388882528424
2011-12-07,0.0
2011-12-08,-0.016818045166747998
2011-12-09,0.016037061809457503
2011-12-12,-0.011224558685620032
2011-12-13,-0.010996655363926426
2011-12-14,-0.015602237623902629
2011-12-15,-0.002733080353210727
2011-12-16,0.005148153101858573
2011-12-19,-0.009842876649086871
2011-12-20,0.02963918480471892
2011-12-21,-0.014303287820457275
2011-12-22,0.008525081539787665
2011-12-23,0.00863287695348571
2011-12-27,0.003730108998164575
2011-12-28,-0.011557634230799833
2011-12-29,0.007195942740438981
2011-12-30,-0.002858121310701971
2012-01-03,0.01916551973597143
2012-01-04,-0.011889744759655384
2012-01-05,-0.001779166452485206
2012-01-06,0.007893975348053214
2012-01-09,-0.0017683779953202574
2012-01-10,-0.0016868853148694258
2012-01-11,0.01301422749307385
2012-01-12,-0.001417660522736198
2012-01-13,0.009942799363134055
2012-01-17,0.004632240691750985
2012-01-18,-0.01210420377566694
2012-01-19,-0.013753334045822229
2012-01-20,-0.01132585118906824
2012-01-23,-0.0063255677095615005
2012-01-24,0.0018062576870966683
2012-01-25,-0.0024042315422273686
2012-01-26,0.013256575921894949
2012-01-27,0.003143412254720438
2012-01-30,0.011771339280154431
2012-01-31,0.011550915336594048
2012-02-01,-0.01145514085274276
2012-02-02,0.0031140940814641115
2012-02-03,0.013722848274681293
2012-02-06,-0.0008055944851128062
2012-02-07,0.0020969177519557796
2012-02-08,0.005311035838827811
2012-02-09,0.0072046269092070955
2012-02-10,-0.006994065239686123
2012-02-13,0.009284476458342562
2012-02-14,0.002537879624236651
2012-02-15,-0.006960800440752658
2012-02-16,0.01370069927179994
2012-02-17,-0.0031431094939382404
2012-02-21,0.002837642826159206
2012-02-22,-0.004559176519428716
2012-02-23,0.006632921124261183
2012-02-24,0.003452071928226423
2012-02-27,0.0014066585714513607
2012-02-28,0.010148275358842083
2012-02-29,-0.004481834307846574
2012-03-01,0.007917837600693837
2012-03-02,-0.0007703133604382588
2012-03-05,-0.010328303697582043
2012-03-06,-0.009812969252018428
2012-03-07,0.0077077130109925295
2012-03-08,0.010771378503608512
2012-03-09,0.004169692210772172
2012-03-12,0.00046166347930689703
2012-03-13,0.01860117841004767
2012-03-14,0.0034709195082053856
2012-03-15,0.0028579686529222603
2012-03-16,-0.0007064098442734249
2012-03-19,0.007065588392751881
2012-03-20,0.0017911793261013956
2012-03-21,0.00014927139352981505
2012-03-22,-0.0020860795074020425
2012-03-23,-0.0005970845571225499
2012-03-26,0.017478284563357854
2012-03-27,0.0014683262367294733
2012-03-28,-0.003958750481848456
2012-03-29,-0.00382652842442816
2012-03-30,-0.00192023086390237
2012-04-02,0.010362015629089243
2012-04-03,-0.00029286049001485485
2012-04-04,-0.013630510288892098
2012-04-05,0.006240731749221744
2012-04-09,-0.007531136963634739
2012-04-10,-0.01606913267371901
2012-04-11,0.004839118119281024
2012-04-12,0.011437103174706273
2012-04-13,-0.015175864365523593
2012-04-16,-0.011180636566549575
2012-04-17,0.020321154093572862
2012-04-18,-0.0025452415209997773
2012-04-19,-0.011260141484936747
2012-04-20,-0.00273257329999922
2012-04-23,-0.00913550713104465
2012-04-24,-0.005377846614450245
2012-04-25,0.026571741996431923
2012-04-26,0.0058692731020585686
2012-04-27,0.005984448067573502
2012-04-30,-0.007138912267963046
2012-05-01,0.0016475552030231642
2012-05-02,0.0028416243950349735
2012-05-03,-0.010587312049595305
2012-05-04,-0.02486837285568211
2012-05-07,0.0009275218150075618
2012-05-08,-0.0037062493789316417
2012-05-09,-0.0030999860389916848
2012-05-10,-0.0020209447636614576
2012-05-11,-0.00015545659019282736
2012-05-14,-0.009348818732903086
2012-05-15,-0.0033029687753504686
2012-05-16,-0.00678556965125572
2012-05-17,-0.021131331866664528
2012-05-18,-0.012984994137119801
2012-05-21,0.02795623796640249
2012-05-22,-0.0011200656214009727
2012-05-23,0.0019220483120799279
2012-05-24,-0.006553791105471641
2012-05-25,-0.001287251811135381
2012-05-29,0.012727648092817165
2012-05-30,-0.008431238551099132
2012-05-31,-0.004331927627123092
2012-06-01,-0.026587164536055745
2012-06-04,0.007614675241556369
2012-06-05,0.004106826120914508
2012-06-06,0.022906111874395525
2012-06-07,-0.003998923605688984
2012-06-08,0.009635437171529426
2012-06-11,-0.016860276606157684
2012-06-12,0.012134160358167634
2012-06-13,-0.006873494963387906
2012-06-14,0.0037022487267311262
2012-06-15,0.012423928054240736
2012-06-18,0.00936652685558231
2012-06-19,0.010380805868208852
2012-06-20,0.0007783153865866583
2012-06-21,-0.024887660378005546
2012-06-22,0.010528526884094298
2012-06-25,-0.01925828052974835
2012-06-26,0.006277393986368703
2012-06-27,0.006078026863576967
2012-06-28,-0.011128958795399747
2012-06-29,0.03151129328734635
2012-07-02,0.002961098525336826
2012-07-03,0.008391787900378067
2012-07-05,0.000616428588350661
2012-07-06,-0.012475105034702073
2012-07-09,-0.0018714264358023367
2012-07-10,-0.009843981919450316
2012-07-11,-0.005522940050251171
2012-07-12,-0.009362137464272656
2012-07-13,0.015217151087759192
2012-07-16,-0.0028399824138505263
2012-07-17,0.005221304306085585
2012-07-18,0.013537033783512656
2012-07-19,0.011026455186392354
2012-07-20,-0.013210101320791846
2012-07-23,-0.012141947941553214
2012-07-24,-0.00787915734714204
2012-07-25,-0.006670876631324258
2012-07-26,0.013271196081505534
2012-07-27,0.023670577922441954
2012-07-30,-0.0007704913560189833
2012-07-31,-0.00030838104204624706
2012-08-01,-0.0029323178561849804
2012-08-02,-0.003559708393167226
2012-08-03,0.01894970565784929
2012-08-06,0.0076217981194356965
2012-08-07,0.008320951178784588
2012-08-08,-0.00045006468953063346
2012-08-09,0.0030020408111818843
2012-08-10,0.0005984951073492196
2012-08-13,0.0023932569651706048
2012-08-14,0.0004481582431014632
2012-08-15,0.002534957703179708
2012-08-16,0.011900850376469917
2012-08-17,0.00441069620577315
2012-08-20,0.001463922867034885
2012-08-21,-0.00394629782357603
2012-08-22,0.0041086523198303766
2012-08-23,-0.008183995381576827
2012-08-24,0.00618840644536845
2012-08-27,0.0016110480223974076
2012-08-28,0.0
2012-08-29,0.0
2012-08-30,-0.010087716260906298
2012-08-31,0.006645919103583168
2012-09-04,-0.0010269492846260544
2012-09-05,-0.001028384447938235
2012-09-06,0.022200037870541117
2012-09-07,-0.0014385700905621614
2012-09-10,-0.012818729295957586
2012-09-11,-0.0016047316400153802
2012-09-12,0.002922383532255525
2012-09-13,0.013551180737750742
2012-09-14,0.00891296285256412
2012-09-17,0.0004271813754319904
2012-09-18,0.0008550405964884885
2012-09-19,0.0018499941477213187
2012-09-20,-0.0009941512491055055
2012-09-21,0.0002848944237473003
2012-09-24,-0.005844395479983221
2012-09-25,-0.014052301324400353
2012-09-26,-0.008144413384167718
2012-09-27,0.01378313479367639
2012-09-28,-0.008244479423269627
2012-10-01,-0.0014579448475783225
2012-10-02,0.0029208996591698413
2012-10-03,0.006407564417682757
2012-10-04,0.0034724215617198575
2012-10-05,-0.00533518406747246
2012-10-08,-0.00913353204427067
2012-10-09,-0.01594672384369337
2012-10-10,-0.005055101584029293
2012-10-11,-0.0031382510966618425
2012-10-12,-0.00044921802335573264
2012-10-15,0.00734855324975544
2012-10-16,0.014143111222371227
2012-10-17,-0.0005875469916251389
2012-10-18,-0.01160370060010311
2012-10-19,-0.023926285080319874
2012-10-22,0.005176314515320262
2012-10-23,-0.009542448079520292
2012-10-24,-0.003517029081960784
2012-10-25,0.0
2012-10-26,0.00291573220259034
2012-10-31,-0.0061210322642536565
2012-11-01,0.014165006391640146
2012-11-02,-0.010627063360301137
2012-11-05,0.00659783731514927
2012-11-06,0.0018295672760184124
2012-11-07,-0.0235849802428356
2012-11-08,-0.01573931780809855
2012-11-09,0.004274687908419416
2012-11-12,-0.0001576629223584234
2012-11-13,-0.006937991665635275
2012-11-14,-0.01174980671183769
2012-11-15,-0.0033739492757547613
2012-11-16,0.0043526301922929694
2012-11-19,0.023756111439799252
2012-11-20,0.00031346084062172425
2012-11-21,0.0020376646247395208
2012-11-23,0.015173024587764672
2012-11-26,0.0043145047774087765
2012-11-27,-0.0033755883563546174
2012-11-28,0.008620644068190976
2012-11-29,0.00595258380239747
2012-11-30,-0.0016687751932772628
2012-12-03,-0.001975663480328787
2012-12-04,0.005775506903872915
2012-12-05,-0.0004784015330358306
2012-12-06,0.0021541062920185897
2012-12-07,-0.009236018898998334
2012-12-10,0.0044199417904936394
2012-12-11,-0.007601331835693992
2012-12-12,-0.011609962376724159
2012-12-13,0.0007343923970771329
2012-12-14,0.007498824616258848
2012-12-17,-0.014967206478137667
2012-12-18,-0.010184635865349793
2012-12-19,0.0033190055235636806
2012-12-20,0.00016523867183423197
2012-12-21,0.010915565559505782
2012-12-24,-0.001799908157071262
2012-12-26,0.003597835773603753
2012-12-27,0.003354548252150164
2012-12-28,0.0057098466964687015
2012-12-31,-0.017273879141857084
2013-01-02,-0.013368205168820974
2013-01-03,-0.005208497157271425
2013-01-04,-0.0032909188907303782
2013-01-07,0.0003004419085187714
2013-01-08,-0.0019505560157787136
2013-01-09,0.0037582669065360117
2013-01-10,0.0059909297948367
2013-01-11,0.0013395932447679449
2013-01-14,-0.004460352912345838
2013-01-15,-0.004928395983818341
2013-01-16,0.004052440955923096
2013-01-17,0.004783136948148375
2013-01-18,-0.002231503637564373
2013-01-22,0.001640252926071662
2013-01-23,0.006102785910453954
2013-01-24,-0.013759106280387042
2013-01-25,0.005100471708114805
2013-01-28,0.0022385117972305883
2013-01-29,0.0001491212529390241
2013-01-30,-0.00208477941896907
2013-01-31,-0.002238354167763087
2013-02-01,0.011814136797829205
2013-02-04,-0.017439753924466884
2013-02-05,0.014740990817390947
2013-02-06,-0.0032612240392109002
2013-02-07,0.0008923868012867593
2013-02-08,0.010252600363171752
2013-02-11,0.0002945577657925356
2013-02-12,-0.0041173202709585514
2013-02-13,0.0035433440209899727
2013-02-14,-0.000294330324693152
2013-02-15,-0.0029431643258369597
2013-02-19,0.007232207849113048
2013-02-20,-0.015386668820929624
2013-02-21,-0.010716101295552852
2013-02-22,0.010079909619624197
2013-02-25,-0.012362307041281955
2013-02-26,0.0037703631259787093
2013-02-27,0.010216206894693446
2013-02-28,-0.002082235869669105
2013-03-01,0.004173033968282677
2013-03-04,0.00445221945861929
2013-03-05,0.014775728357115466
2013-03-06,-0.0024753535599846875
2013-03-07,0.0026274701678825974
2013-03-08,0.0011644210951003988
2013-03-11,0.002908256873898002
2013-03-12,-0.0036247638247753036
2013-03-13,-0.0013096895339233948
2013-03-14,0.0033512215305452633
2013-03-15,-0.0027799979796490257
2013-03-18,-0.0021892806833072975
2013-03-19,-0.0019018595121799216
2013-03-20,0.007034747521722586
2013-03-21,-0.011351423007731513
2013-03-22,0.009715429578751787
2013-03-25,-0.0036447526431599583
2013-03-26,0.005413816865569349
2013-03-27,0.001310142062058199
2013-03-28,0.002470841812622731
2013-04-01,-0.006814480944964419
2013-04-02,0.007883083332307134
2013-04-03,-0.009125429391680002
2013-04-04,0.00029288308428618423
2013-04-05,-0.00832968867170683
2013-04-08,0.005305078421956704
2013-04-09,0.006742828473317295
2013-04-10,0.019511027427230567
2013-04-11,-0.0004285230229667775
2013-04-12,-0.0007146735425310193
2013-04-15,-0.019730715095123336
2013-04-16,0.013272560908355121
2013-04-17,-0.019576525022233577
2013-04-18,-0.01380110769900536
2013-04-19,0.013696271233396975
2013-04-22,0.010280496220334032
2013-04-23,0.009594467760030544
2013-04-24,-0.00043204016752828304
2013-04-25,0.005329775690007329
2013-04-26,-0.0031526361183989602
2013-04-29,0.009199452978355512
2013-04-30,0.00726396850506459
2013-05-01,-0.0046656527199901736
2013-05-02,0.012643463057241417
2013-05-03,0.011784878041549979
2013-05-06,0.003881749821365786
2013-05-07,-0.0005519543184246824
2013-05-08,0.004836918700153903
2013-05-09,-0.0013754081430208847
2013-05-10,0.006059567716883778
2013-05-13,0.001232421144175778
2013-05-14,0.005194704432722805
2013-05-15,0.0020406732320993447
2013-05-16,-0.0010860346469340686
2013-05-17,0.009648081458484987
2013-05-20,-0.0014800338208255414
2013-05-21,0.0010783073480288934
2013-05-22,-0.008752311980170145
2013-05-23,-0.002308957226306974
2013-05-24,-0.0005442957182302176
2013-05-28,0.006538355559238787
2013-05-29,-0.004736764055713395
2013-05-30,0.005302821486159518
2013-05-31,-0.009197679517832066
2013-06-03,0.0017744892309267126
2013-06-04,-0.00517841477596334
2013-06-05,-0.01301371765712697
2013-06-06,0.004857732429848949
2013-06-07,0.013674579973355553
2013-06-10,0.0004089037455443772
2013-06-11,-0.00994302290549759
2013-06-12,-0.011556514450214562
2013-06-13,0.012665832515962885
2013-06-14,-0.006597352908318143
2013-06-17,0.009684666869503785
2013-06-18,0.008221687134098729
2013-06-19,-0.011144368896466847
2013-06-20,-0.023777029918258263
2013-06-21,-0.005309853515243104
2013-06-24,-0.009939122864915037
2013-06-25,0.0073139248690620535
2013-06-26,0.008969112811611266
2013-06-27,0.004233667272703303
2013-06-28,0.001404795590963528
2013-07-01,0.006173692867747851
2013-07-02,0.0004184665882323121
2013-07-03,0.004042143139769996
2013-07-05,0.0076352503530787395
2013-07-08,0.0009648744732832753
2013-07-09,0.006056189598566558
2013-07-10,0.005746642233375428
2013-07-11,0.019861346212729572
2013-07-12,0.004401610007451389
2013-07-15,0.0022576548769293278
2013-07-16,-0.0013247561254636675
2013-07-17,0.002520612177327946
2013-07-18,-0.0025142746659877102
2013-07-19,-0.010349081177302929
2013-07-22,0.0029495078687704714
2013-07-23,-0.0073515169557203655
2013-07-24,0.0032311726148455968
2013-07-25,0.0063089385883765585
2013-07-26,0.005335611008749405
2013-07-29,-0.0018582006613296598
2013-07-30,0.005317512441080081
2013-07-31,0.0018509145130407995
2013-08-01,0.0101631839912617
2013-08-02,0.0056173347710691945
2013-08-05,0.0006493040010655471
2013-08-06,-0.005972168844037122
2013-08-07,-0.001828541759580374
2013-08-08,0.00497207037966456
2013-08-09,-0.004035946499847987
2013-08-12,0.00235311753928155
2013-08-13,0.005607924321326608
2013-08-14,-0.003760804960763715
2013-08-15,-0.01692480980682225
2013-08-16,-0.00039729497464601154
2013-08-19,-0.0017225958939471482
2013-08-20,0.004379864010605009
2013-08-21,-0.0034357504123113734
2013-08-22,0.00981156418104488
2013-08-23,0.006696708378296272
2013-08-26,0.0005213427600435198
2013-08-27,-0.020466490400100894
2013-08-28,0.003859581061827902
2013-08-29,0.007026135327170156
2013-08-30,-0.00645056181320632
2013-09-03,0.005697880649050595
2013-09-04,0.010671397175280272
2013-09-05,0.001694643696872145
2013-09-06,0.0011716977081813902
2013-09-09,0.011698627251249875
2013-09-10,0.004882323539875546
2013-09-11,-0.0019174634920641816
2013-09-12,-0.0006408901866764044
2013-09-13,0.0006413011903159819
2013-09-16,-0.0026904330654941894
2013-09-17,0.006679420128445268
2013-09-18,0.01199425111769071
2013-09-19,0.002396143038622947
2013-09-20,-0.0034320952832728627
2013-09-23,-0.002025138736476383
2013-09-24,0.0
2013-09-25,-0.003425014389507809
2013-09-26,0.007764269914044253
2013-09-27,-0.0012632350883708353
2013-09-30,-0.002402968255372434
2013-10-01,0.0101422848563544
2013-10-02,-0.00037633228110501616
2013-10-03,-0.01167611501837663
2013-10-04,0.008637594632027647
2013-10-07,-0.008311710251809669
2013-10-08,-0.019304089581713178
2013-10-09,-0.003108213489512754
2013-10-10,0.02117420575552231
2013-10-11,0.007887421169416998
2013-10-14,0.007068329752781608
2013-10-15,-0.003885385118939971
2013-10-16,0.011323169490187279
2013-10-17,0.0057231967726581135
2013-10-18,0.016204525727560076
2013-10-21,0.002191339908796223
2013-10-22,0.001457596100953573
2013-10-23,-0.006064597354468716
2013-10-24,0.004392652658345885
2013-10-25,0.0071683536861079
2013-10-28,0.0002412794142283349
2013-10-29,0.0016887527392700984
2013-10-30,-0.0009632581452305366
2013-10-31,-0.0022897397981208154
2013-11-01,0.00024149764133212184
2013-11-04,0.0014493518361149477
2013-11-05,0.0010847514256827843
2013-11-06,-0.0002406246653032289
2013-11-07,-0.018795279111700692
2013-11-08,0.01350702027529582
2013-11-11,-0.0015751560151353687
2013-11-12,0.0015776410459185717
2013-11-13,0.01211504579217482
2013-11-14,0.0031125013380562663
2013-11-15,0.00190910027030766
2013-11-18,-0.009765949448760336
2013-11-19,-0.002887298788214541
2013-11-20,-0.0024126919918116183
2013-11-21,0.010157322534080712
2013-11-22,0.0053869942552784295
2013-11-25,0.0023805733278793864
2013-11-26,0.005226714250222042
2013-11-27,0.006971541178691971
2013-11-29,0.005984729881268293
2013-12-02,-0.0029161355682009453
2013-12-03,-0.0008191873510894924
2013-12-04,0.0009367550539214175
2013-12-05,-0.001287030863481517
2013-12-06,0.007261809168034075
2013-12-09,0.004069892015717117
2013-12-10,-0.0006948201038670244
2013-12-11,-0.012863649224091663
2013-12-12,-0.002582435679446721
2013-12-13,-0.001294859980992241
2013-12-16,0.005538658933143468
2013-12-17,-0.0019921093769385374
2013-12-18,0.011626645333713104
2013-12-19,-0.0027861539131546946
2013-12-20,0.010183318864648228
2013-12-23,0.010520693628396017
2013-12-24,0.00045756340821580304
2013-12-26,0.0033161553641086272
2013-12-27,-0.002507422353080511
2013-12-30,-0.0014855497445523814
2013-12-31,0.006522593578329129
2014-01-02,-0.00784443227554083
2014-01-03,-0.007219104408545227
2014-01-06,-0.003693527533630889
2014-01-07,0.009267806152739743
2014-01-08,0.002180807095321337
2014-01-09,-0.0033214741025764482
2014-01-10,0.003217493978839506
2014-01-13,-0.014776520787653073
2014-01-14,0.019067825721003327
2014-01-15,0.00821426528308305
2014-01-16,0.00011348255907755874
2014-01-17,-0.005657819947492573
2014-01-21,0.007624210162008222
2014-01-22,0.0025972619549122188
2014-01-23,-0.0033789610823781145
2014-01-24,-0.019665220990571955
2014-01-27,-0.009684221016287515
2014-01-28,-0.0005827455432249787
2014-01-29,-0.010715692507736943
2014-01-30,0.018485529207213674
2014-01-31,-0.002658815816426261
2014-02-03,-0.022951040715286152
2014-02-04,0.007355254148547011
2014-02-05,-0.002590596565933506
2014-02-06,0.012751991526847051
2014-02-07,0.017838279662597503
2014-02-10,0.005727526278760434
2014-02-11,0.011389913225065365
2014-02-12,0.0019141572346702013
2014-02-13,0.007417894791173291
2014-02-14,0.002008225786248226
2014-02-18,0.004899356179951543
2014-02-19,-0.006869898996172394
2014-02-20,0.004686174105255028
2014-02-21,-0.0013324475347611415
2014-02-24,0.005337276747937015
2014-02-25,-0.001105764925935785
2014-02-26,-0.0008861146396794284
2014-02-27,0.006488407143478615
2014-02-28,-0.0011062193677344226
2014-03-03,-0.007415904338984269
2014-03-04,0.01271324721897717
2014-03-05,0.0027530306804759773
2014-03-06,-0.0008786914642666702
2014-03-07,-0.004946177860231529
2014-03-10,0.0008835572730831775
2014-03-11,-0.004304501848729547
2014-03-12,0.0037687916618640905
2014-03-13,-0.014134371727209216
2014-03-14,-0.006831934891303621
2014-03-17,0.008796218782572224
2014-03-18,0.012074063478631726
2014-03-19,-0.005412403491216614
2014-03-20,0.002776387161900615
2014-03-21,-0.01203305010726304
2014-03-24,-0.008764341832326078
2014-03-25,0.0032874511833274563
2014-03-26,-0.012880046418201424
2014-03-27,-0.005608516289541634
2014-03-28,0.001957056360172513
2014-03-31,0.007121903485662828
2014-04-01,0.017566152427883508
2014-04-02,0.002578361059677814
2014-04-03,-0.007938472780115004
2014-04-04,-0.026597542202772762
2014-04-07,-0.009493464988477909
2014-04-08,0.009233469119643916
2014-04-09,0.01714207166678162
2014-04-10,-0.03097256852615603
2014-04-11,-0.011633427434309597
2014-04-14,0.00784700440499641
2014-04-15,0.0033027108646819596
2014-04-16,0.01328658356729419
2014-04-17,0.00023192308912600907
2014-04-21,0.007424683096532459
2014-04-22,0.00794560602655277
2014-04-23,-0.00879712201510304
2014-04-24,0.009566896398113438
2014-04-25,-0.01598361707498218
2014-04-28,0.003248395556701683
2014-04-29,0.00797980043903064
2014-04-30,0.0026391003136223092
2014-05-01,0.00297478967723508
2014-05-02,-0.0018256076738678874
2014-05-05,0.005258197545215811
2014-05-06,-0.012961866261554702
2014-05-07,-0.002879883347671398
2014-05-08,-0.0009241041775574562
2014-05-09,0.003700126702983533
2014-05-12,0.01647434470921923
2014-05-13,0.0006802688754174442
2014-05-14,-0.005210075954783183
2014-05-15,-0.007855853529547593
2014-05-16,0.006540597365511716
2014-05-19,0.006955189789097088
2014-05-20,-0.003623041139954553
2014-05-21,0.009545124725587315
2014-05-22,0.004389781063245249
2014-05-23,0.007284889163486501
2014-05-27,0.012460972268077429
2014-05-28,-0.003076971004820348
2014-05-29,0.0063932526688785865
2014-05-30,0.00010968822637445135
2014-06-02,-0.0009852486434689571
2014-06-03,-0.0004391374443193765
2014-06-04,0.0037289728996816327
2014-06-05,0.008413684924009505
2014-06-06,0.005742479507535601
2014-06-09,-0.0007543403940244819
2014-06-10,0.001725404886874751
2014-06-11,-0.0002150333012739324
2014-06-12,-0.009043363721371035
2014-06-13,0.002933260755054048
2014-06-16,0.0008665387663442448
2014-06-17,0.0005412766813412587
2014-06-18,0.005624580971121822
2014-06-19,-0.0006453151231714681
2014-06-20,0.001176363958396563
2014-06-23,0.00021559215482600468
2014-06-24,-0.0009698203587632168
2014-06-25,0.006364544796805058
2014-06-26,0.000535751913239573
2014-06-27,0.004392605653524995
2014-06-30,0.0017068866138331873
2014-07-01,0.010967544249541494
2014-07-02,0.00168522808201273
2014-07-03,0.006309303095120859
2014-07-07,-0.0030300710029215108
2014-07-08,-0.01205314049898343
2014-07-09,0.007426091395208169
2014-07-10,-0.0031592133784194825
2014-07-11,0.006444050893182763
2014-07-14,0.005982921442075388
2014-07-15,-0.003443104378107655
2014-07-16,0.003978824909283142
2014-07-17,-0.013244617160706787
2014-07-18,0.015853005415882145
2014-07-21,-0.001248643705592998
2014-07-22,0.006354278126121856
2014-07-23,0.006417624396670143
2014-07-24,-0.0011311503828644654
2014-07-25,-0.003913037748773365
2014-07-28,0.0003099874318903137
2014-07-29,-0.0017564832991458755
2014-07-30,0.003933929383239885
2014-07-31,-0.020210666501059196
2014-08-01,-0.0036833048047408288
2014-08-04,0.0068658126989613625
2014-08-05,-0.007658381210099526
2014-08-06,-0.00074027505759439
2014-08-07,-0.0031738325326551727
2014-08-08,0.007217683315244291
2014-08-11,0.005900825410402429
2014-08-12,-0.0004192090268742429
2014-08-13,0.010585083926059228
2014-08-14,0.005185232734758105
2014-08-15,0.004848587360482512
2014-08-18,0.0077001764616615636
2014-08-19,0.005603419732597529
2014-08-20,0.0
2014-08-21,0.0020264766621265655
2014-08-22,0.0015167626248307566
2014-08-25,0.0035337810773471913
2014-08-26,0.0010058920380695592
2014-08-27,0.0002007576668327317
2014-08-28,-0.0011051222770562057
2014-08-29,0.003721923384183576
2014-09-02,0.0029064225659580782
2014-09-03,-0.0058959737706321255
2014-09-04,-0.0009051048366855034
2014-09-05,0.0050308114583158875
2014-09-08,0.0019022646629970165
2014-09-09,-0.008292940849221749
2014-09-10,0.008261741435120432
2014-09-11,-0.0007996269187890509
2014-09-12,-0.005100425289201593
2014-09-15,-0.00965007910417829
2014-09-16,0.008729233460870092
2014-09-17,0.0015090998832381418
2014-09-18,0.007535558410999148
2014-09-19,-0.0006197769920595974
2014-09-22,-0.009301752569308456
2014-09-23,-0.0027258532529815757
2014-09-24,0.010730460539816102
2014-09-25,-0.02103373185479439
2014-09-26,0.010641011870741986
2014-09-29,-0.0013160476970559241
2014-09-30,0.001418869998161805
2014-10-01,-0.015993628059514695
2014-10-02,0.0
2014-10-03,0.009875766783871701
2014-10-06,-0.002139179170642828
2014-10-07,-0.014189569486142964
2014-10-08,0.019467641468819127
2014-10-09,-0.016149903436415862
2014-10-10,-0.02498448980393613
2014-10-13,-0.015671444687669907
2014-10-14,0.00010745509440832235
2014-10-15,-0.006453524516427733
2014-10-16,-0.006279611850820461
2014-10-17,0.013182804151053214
2014-10-20,0.014946074376290511
2014-10-21,0.026274048163297422
2014-10-22,-0.005161491850761168
2014-10-23,0.01504602939878836
2014-10-24,0.008178440437686089
2014-10-27,0.0007097777383644853
2014-10-28,0.015097615695087134
2014-10-29,-0.0036932976107145864
2014-10-30,0.002104197006416685
2014-10-31,0.01379703174214214
2014-11-03,0.002958460573418592
2014-11-04,-0.0033430262851913807
2014-11-05,9.896163557073077e-05
2014-11-06,0.0031560863245342205
2014-11-07,-0.0008849745614948586
2014-11-10,0.0035435265588309433
2014-11-11,0.0031383974767104227
2014-11-12,0.0017596572686646708
2014-11-13,0.00429486042884587
2014-11-14,0.0031096462534090825
2014-11-17,-0.0030035555804924356
2014-11-18,0.007482653057252696
2014-11-19,-0.004533194313549978
2014-11-20,0.004456811674823594
2014-11-21,0.0019292548594208566
2014-11-24,0.007798167864796514
2014-11-25,0.0015287037324175354
2014-11-26,0.006485720883247552
2014-11-28,0.0046437148200127515
2014-12-01,-0.011319310140265517
2014-12-02,0.004006992929599429
2014-12-03,0.001805649210154364
2014-12-04,-0.00047424773827920975
2014-12-05,9.47203164862374e-05
2014-12-08,-0.007117209170243881
2014-12-09,0.003154019853934864
2014-12-10,-0.015720118913810702
2014-12-11,0.004743294173012424
2014-12-12,-0.010886429038066766
2014-12-15,-0.010324468550738786
2014-12-16,-0.016041862405634655
2014-12-17,0.018203697213355453
2014-12-18,0.02406678270495564
2014-12-19,0.004400183342973835
2014-12-22,0.002491989776689248
2014-12-23,-0.0035379731292757397
2014-12-24,0.0008637988576505437
2014-12-26,0.007095100476325419
2014-12-29,-0.00019051760554433935
2014-12-30,-0.006665270168551939
2014-12-31,-0.010257182302983335
2015-01-02,-0.0030024071758868198
2015-01-05,-0.014668758403723774
2015-01-06,-0.013408256990526727
2015-01-07,0.012891341781945126
2015-01-08,0.019139751271820642
2015-01-09,-0.0065826830236268485
2015-01-12,-0.010427343322693237
2015-01-13,-0.00029514756928169595
2015-01-14,-0.00551634380028408
2015-01-15,-0.01297550428360871
2015-01-16,0.011741324099441492
2015-01-20,0.007934899878603997
2015-01-21,0.005117056847978397
2015-01-22,0.018503898391519225
2015-01-23,0.002210905733689595
2015-01-26,-0.0011507806544768925
2015-01-27,-0.025926587082356414
2015-01-28,-0.005126300282550564
2015-01-29,0.00961160134369643
2015-01-30,-0.007753571852300825
2015-02-02,0.008704694572949822
2015-02-03,0.009609606426894604
2015-02-04,-0.0008744470408418206
2015-02-05,0.008651824614521445
2015-02-06,-0.006071852619773998
2015-02-09,-0.0031996242583903975
2015-02-10,0.015564054743468845
2015-02-11,0.0036400347439038694
2015-02-12,0.011643270018220653
2015-02-13,0.008584907229070264
2015-02-17,0.0009354595148379868
2015-02-18,0.0014019167194340744
2015-02-19,0.004945304497775389
2015-02-20,0.006685847173268593
2015-02-23,0.001014852445684726
2015-02-24,0.000737249615343863
2015-02-25,-0.002486106847320396
2015-02-26,0.005077010120558268
2015-02-27,-0.004408260681918907
2015-03-02,0.009040247924972109
2015-03-03,-0.004662433264320494
2015-03-04,-0.003858059162558315
2015-03-05,0.0017520501723876617
2015-03-06,-0.011321878677440982
2015-03-09,0.0028862011456253236
2015-03-10,-0.018566655951196113
2015-03-11,-0.0057698346520219865
2015-03-12,0.006564565442014627
2015-03-13,-0.0043480710606406256
2015-03-16,0.01291072938596609
2015-03-17,0.001593154003900056
2015-03-18,0.009825185847201533
2015-03-19,0.0014825426824223162
2015-03-20,0.006472945494054223
2015-03-23,-0.0019349130588441027
2015-03-24,-0.0036001138264526427
2015-03-25,-0.02288551080800746
2015-03-26,-0.003413407122558439
2015-03-27,0.003996119111057653
2015-03-30,0.011466854808121265
2015-03-31,-0.010587330456988741
2015-04-01,-0.005208329651251252
2015-04-02,0.0006662842783441659
2015-04-06,0.008181286043023817
2015-04-07,-0.001698446531924807
2015-04-08,0.007939594882851245
2015-04-09,0.006282539412884993
2015-04-10,0.004100190496568063
2015-04-13,-0.0025057431781451834
2015-04-14,-0.0028838770074730595
2015-04-15,0.006251469154849637
2015-04-16,-0.001391011545534283
2015-04-17,-0.015600506742639549
2015-04-20,0.014998991001012285
2015-04-21,0.004275159424222614
2015-04-22,0.005459680470058807
2015-04-23,0.00377347830933269
2015-04-24,0.013570753058751175
2015-04-27,-0.002533222373220692
2015-04-28,-0.001995132238448094
2015-04-29,-0.006270545262445657
2015-04-30,-0.015729085689005728
2015-05-01,0.013193301085901925
2015-05-04,0.0016506314540070182
2015-05-05,-0.016295944831876588
2015-05-06,-0.006886967912230704
2015-05-07,0.005997410680728227
2015-05-08,0.012482519465615292
2015-05-11,-0.003864205678038623
2015-05-12,-0.004525664457732373
2015-05-13,0.002041193755865007
2015-05-14,0.014629683379264308
2015-05-15,0.0
2015-05-18,0.0043802689643353074
2015-05-19,-0.001090347997145967
2015-05-20,0.000636950652697111
2015-05-21,0.005181034602362079
2015-05-22,-0.0009943043725088006
2015-05-26,-0.011496603047694594
2015-05-27,0.016117281505313698
2015-05-28,-0.002253164485044266
2015-05-29,-0.005961742172277258
2015-06-01,0.0033621684667551515
2015-06-02,-0.0031693317404415788
2015-06-03,0.002997938874633086
2015-06-04,-0.007608929471582543
2015-06-05,-0.0023727354757683283
2015-06-08,-0.010155712886374605
2015-06-09,-0.0016638292146512962
2015-06-10,0.013702601561280826
2015-06-11,0.001461416003770438
2015-06-12,-0.008207920572620077
2015-06-15,-0.004965935990263547
2015-06-16,0.005452344856308594
2015-06-17,0.0027576290337090986
2015-06-18,0.014573720149233872
2015-06-19,-0.004943799140764696
2015-06-22,0.007370867480731604
2015-06-23,0.0008130177334306612
2015-06-24,-0.0051450040924131656
2015-06-25,-0.0019961569567290087
2015-06-26,-0.0066362683054877305
2015-06-29,-0.023611142668878236
2015-06-30,0.0035617115235516586
2015-07-01,0.007938645814162598
2015-07-02,0.0002780637103315392
2015-07-06,-0.002316119003023888
2015-07-07,0.002507147911199306
2015-07-08,-0.017411941344844816
2015-07-09,-0.0005655641338416494
2015-07-10,0.015278560584223508
2015-07-13,0.017556873678412275
2015-07-14,0.006572716818398893
2015-07-15,0.0010883497562809603
2015-07-16,0.014133015050958495
2015-07-17,0.014740142279405595
2015-07-20,0.0034335145437675474
2015-07-21,-0.0006143436945472404
2015-07-22,-0.011324647848438967
2015-07-23,-0.003729252779670443
2015-07-24,-0.009803914337178237
2015-07-27,-0.00828087608966492
2015-07-28,0.00862230652915263
2015-07-29,0.0037791786595968886
2015-07-30,0.0047513884213850836
2015-07-31,-0.0011599487256734925
2015-08-03,-0.0031264574875485424
2015-08-04,-0.001881742896596689
2015-08-05,0.007720664062105296
2015-08-06,-0.0160358258782103
2015-08-07,-0.0012673574166709126
2015-08-10,0.011422191338773015
2015-08-11,-0.012816725973896116
2015-08-12,0.003449844222762014
2015-08-13,-0.0016285343662460568
2015-08-14,0.0015408107846404348
2015-08-17,0.008325236607376217
2015-08-18,-0.005115526969017778
2015-08-19,-0.006585158738897795
2015-08-20,-0.02769445204683715
2015-08-21,-0.04370546975510172
2015-08-24,-0.03847642486935662
2015-08-25,-0.0037582233199303598
2015-08-26,0.05036195625881309
2015-08-27,0.025332490341431802
2015-08-28,-0.00018911557601792008
2015-08-31,-0.012402890489597185
2015-09-01,-0.03125299012740263
2015-09-02,0.02820369685143389
2015-09-03,-0.004908623924533442
2015-09-04,-0.011896682972045521
2015-09-08,0.02819116398674129
2015-09-09,-0.011234157966824306
2015-09-10,0.010880268834109268
2015-09-11,0.005524374985269358
2015-09-14,-0.0030311477753918402
2015-09-15,0.011781271215747551
2015-09-16,0.005634321871254825
2015-09-17,0.0003736508961516353
2015-09-18,-0.014222940764810612
2015-09-21,0.003132609109800324
2015-09-22,-0.014950803412625816
2015-09-23,0.0007683276438385802
2015-09-24,-0.0036471506373142743
2015-09-25,-0.008478096765344488
2015-09-28,-0.02846896927911505
2015-09-29,-0.005200318741731429
2015-09-30,0.023021997129906983
2015-10-01,0.004520773066635685
2015-10-02,0.006057949132153147
2015-10-05,-0.013567954851450535
2015-10-06,0.00431350993200893
2015-10-07,-0.003322188793082588
2015-10-08,-0.008375053910505357
2015-10-09,0.002623841644559741
2015-10-12,0.007605541536382474
2015-10-13,0.0017043006052021687
2015-10-14,0.008750541847422487
2015-10-15,-0.0048996975653662215
2015-10-16,0.00032287088286272824
2015-10-19,-0.0027430147327340538
2015-10-20,-0.006149938087871599
2015-10-21,0.009932883209423767
2015-10-22,0.001693010605972593
2015-10-23,-0.008530931123167367
2015-10-26,0.006655922575215654
2015-10-27,0.0024999186980927033
2015-10-28,-0.004021768100249744
2015-10-29,-0.01590871507916805
2015-10-30,0.007549563044747658
2015-11-02,-0.0045955939011965465
2015-11-03,0.0034899277032892973
2015-11-04,8.736110875819163e-05
2015-11-05,-0.002695540256853677
2015-11-06,0.0006973339589114911
2015-11-09,-0.010627921274081856
2015-11-10,-0.0025536001232892794
2015-11-11,-0.0012356847686893586
2015-11-12,-0.0097223606633362
2015-11-13,-0.019635920711490614
2015-11-16,0.014384416902984538
2015-11-17,0.000628415681153398
2015-11-18,0.019194295160994718
2015-11-19,0.0007043250747210145
2015-11-20,0.006771398855387899
2015-11-23,-0.0028826330875825886
2015-11-24,-0.0008759979103920388
2015-11-25,0.000876765955536992
2015-11-27,0.0014016545164628228
2015-11-30,-0.002536780390609579
2015-12-01,0.009998064554388085
2015-12-02,-0.006165452731815818
2015-12-03,-0.016950406961683862
2015-12-04,0.02337562313470511
2015-12-07,-0.004516208876937126
2015-12-08,8.751428949885428e-05
2015-12-09,-0.015179699729096755
2015-12-10,0.004517951246817202
2015-12-11,-0.023015978464837
2015-12-14,0.0075819318627657365
2015-12-15,0.006091508637384283
2015-12-16,0.014869616571910207
2015-12-17,-0.014564034707701989
2015-12-18,-0.0191824875483807
2015-12-21,0.011108236718520143
2015-12-22,0.006573620180506991
2015-12-23,0.007425335221390844
2015-12-24,-0.00017790261008856904
2015-12-28,-0.0005327793441857639
2015-12-29,0.01572953793398894
2015-12-30,-0.009011394418971332
2015-12-31,-0.012448487058373692
2016-01-04,-0.021097428288058755
2016-01-05,-0.0017355199576902648
2016-01-06,-0.009605664759513896
2016-01-07,-0.031313447326435866
2016-01-08,-0.008200441635897221
2016-01-11,0.0030765746434950484
2016-01-12,0.011597582421552994
2016-01-13,-0.03448939557499197
2016-01-14,0.02129564263571026
2016-01-15,-0.03103692331954215
2016-01-19,0.002181422954452777
2016-01-20,-0.003067184368729314
2016-01-21,0.000992753520182094
2016-01-22,0.028953580937143297
2016-01-25,-0.014840313213804543
2016-01-26,0.008999222818180596
2016-01-27,-0.02491523497856577
2016-01-28,0.014118112639010309
2016-01-29,0.02088234959476932
2016-02-01,0.002689197688437691
2016-02-02,0.018553167419620705
2016-02-03,-0.008294330459476515
2016-02-04,0.0048463855310338245
2016-02-05,0.0011662242207223696
2016-02-08,0.02151934054955748
2016-02-09,0.001065331911535301
2016-02-10,0.008812229678388418
2016-02-11,0.007003642715026815
2016-02-12,-0.01660194645843623
2016-02-16,-0.010569932142371216
2016-02-17,-0.006148956728193905
2016-02-18,0.012295753644708177
2016-02-19,0.0008404432707862029
2016-02-22,-0.0005344212325579242
2016-02-23,0.004048585539415224
2016-02-24,-0.001978627259098338
2016-02-25,0.0035825081067627227
2016-02-26,-0.009644661647371617
2016-02-29,0.004371049390902672
2016-03-01,-0.017609001243054822
2016-03-02,0.004126766637863501
2016-03-03,0.003644318581186046
2016-03-04,-0.006411889078069612
2016-03-07,-0.0003114863773990656
2016-03-08,0.01104528537465852
2016-03-09,-0.006077839840937371
2016-03-10,-0.004102568828373487
2016-03-11,-0.010103875365834028
2016-03-14,0.0031410014555074217
2016-03-15,0.0009389161463051143
2016-03-16,0.0029714085394608896
2016-03-17,0.004132476089668106
2016-03-18,0.0020960650110863613
2016-03-21,-0.007670503230403366
2016-03-22,-0.0002345616070010429
2016-03-23,0.01132460129799832
2016-03-24,0.000386305631795569
2016-03-28,0.0013122505957338822
2016-03-29,0.010485196294781219
2016-03-30,-0.010529401751136529
2016-03-31,0.007094088871260853
2016-04-01,0.002609130227061279
2016-04-04,0.0006113979436463676
2016-04-05,0.010936482368528132
2016-04-06,-0.00726219040139735
2016-04-07,0.01234490240795643
2016-04-08,-0.006323029342951391
2016-04-11,-0.0012881387965480084
2016-04-12,-0.006901748031623294
2016-04-13,0.0035127564468264375
2016-04-14,-0.004795067645344593
2016-04-15,0.008566011740346368
2016-04-18,-0.004323164276359443
2016-04-19,-0.00312149470457377
2016-04-20,-0.01100114461102903
2016-04-21,-0.005947156673199813
2016-04-22,-0.00256458722394018
2016-04-25,-0.00412885875666184
2016-04-26,-0.004537130994554529
2016-04-27,0.009979888746221443
2016-04-28,0.004123798918760914
2016-04-29,0.0025575137014481122
2016-05-02,-0.010068749662077998
2016-05-03,-0.009276410028165653
2016-05-04,-0.006431381534271919
2016-05-05,-0.0002859933711408081
2016-05-06,0.005332829061675732
2016-05-09,0.002841224193450727
2016-05-10,0.013694865229669353
2016-05-11,-0.009037736408797485
2016-05-12,-0.004418922698558133
2016-05-13,-0.0036831511933371115
2016-05-16,0.012511757313492371
2016-05-17,-0.012544215393836692
2016-05-18,0.003602550703926971
2016-05-19,-0.005195392946408512
2016-05-20,0.01101492525450064
2016-05-23,-0.0013147803727908754
2016-05-24,0.02003214948677824
2016-05-25,0.007191298652717264
2016-05-26,0.0029294060836691565
2016-05-27,0.005202400766948699
2016-05-31,0.001906926829181055
2016-06-01,9.081028882803632e-05
2016-06-02,0.007207469745841527
2016-06-03,0.014235455488294845
2016-06-06,-0.00743045893272453
2016-06-07,0.0024198970271026615
2016-06-08,0.005355598373598367
2016-06-09,0.006453499723960497
2016-06-10,0.004846048986746619
2016-06-13,0.0044515339889707245
2016-06-14,-0.0007382449856717332
2016-06-15,0.0038433990571261115
2016-06-16,0.004860592775991872
2016-06-17,-0.006229527337659324
2016-06-20,-0.010691739171870485
2016-06-21,-0.004622266881511777
2016-06-22,0.0016476179775057752
2016-06-23,-0.011437866753622324
2016-06-24,0.026846976944753652
2016-06-27,0.024967033482172538
2016-06-28,0.0020832516404241555
2016-06-29,-0.007672031549448735
2016-06-30,0.003685163217564601
2016-07-01,0.013884010424243688
2016-07-05,-0.006106488933948248
2016-07-06,0.008192060456580243
2016-07-07,0.002954691431349505
2016-07-08,0.015466714047196977
2016-07-11,0.005711927329699017
2016-07-12,0.005047989768557438
2016-07-13,-0.002421609504437403
2016-07-14,0.006833422314977358
2016-07-15,-0.0016074634602279056
2016-07-18,0.0066188324274764855
2016-07-19,-0.0036432136409714957
2016-07-20,0.011683175514856503
2016-07-21,-0.0022921043861667397
2016-07-22,0.00415253514139721
2016-07-25,8.843539423569746e-05
2016-07-26,0.0011432216339932301
2016-07-27,0.006942916491014459
2016-07-28,0.0034909883042748605
2016-07-29,0.0021742773135001088
2016-08-01,0.005293669792599431
2016-08-02,-0.007596609158775759
2016-08-03,0.0033053057041121316
2016-08-04,0.0028609893269586116
2016-08-05,0.009596504433776944
2016-08-08,-0.001113029119858259
2016-08-09,0.0023141383525246187
2016-08-10,-0.0025654916487643196
2016-08-11,0.004287472237861052
2016-08-12,0.000683027793584724
2016-08-15,0.0042661146581951005
2016-08-16,-0.005522410768450663
2016-08-17,0.001793967804235431
2016-08-18,0.0002558122068978418
2016-08-19,-0.000255746783748684
2016-08-22,0.0007675064193857213
2016-08-23,0.0017893818848937
2016-08-24,-0.006464758617078988
2016-08-25,-0.0016266183233617443
2016-08-26,0.0014579401941309275
2016-08-29,0.0013701030328133685
2016-08-30,-0.003249481253926859
2016-08-31,-0.001029604481753222
2016-09-01,0.002576418133530071
2016-09-02,0.0032552588158965383
2016-09-06,0.006232785851219719
2016-09-07,0.0005937911117873925
2016-09-08,-0.005851236500743742
2016-09-09,-0.025164189331039442
2016-09-12,0.0179384276153997
2016-09-13,-0.008939943457140708
2016-09-14,0.004770405807149297
2016-09-15,0.015538364579020476
2016-09-16,-0.00047692460646414777
2016-09-19,-0.0043481753297222436
2016-09-20,0.0018841559064033616
2016-09-21,0.009828714303966465
2016-09-22,0.00795608072624432
2016-09-23,-0.006381863037563063
2016-09-26,-0.008366501951066075
2016-09-27,0.009886097220490534
2016-09-28,0.0016875309212448597
2016-09-29,-0.007245313717936575
2016-09-30,0.0074679312865243855
2016-10-03,-0.0014319566821928832
2016-10-04,-0.0015183028945063564
2016-10-05,0.003548507663166761
2016-10-06,-0.000505284456180044
2016-10-07,-0.0021900081882060677
2016-10-10,0.006330913080604471
2016-10-11,-0.014259714534530055
2016-10-12,-0.000850524090401895
2016-10-13,-0.003576729937699597
2016-10-14,0.0011962903555230633
2016-10-17,-0.0027320665790686203
2016-10-18,0.008902912471408555
2016-10-19,-8.49940538797188e-05
2016-10-20,-0.0011880089035894994
2016-10-21,0.003738123813629809
2016-10-24,0.012018526482909134
2016-10-25,-0.00317798592001477
2016-10-26,-0.006795710178838444
2016-10-27,-0.0045619316637147125
2016-10-28,-0.006279613547321055
2016-10-31,-0.0009391899763588502
2016-11-01,-0.007521978765839436
2016-11-02,-0.008009659996039925
2016-11-03,-0.009810647673996364
2016-11-04,-0.003507394254536448
2016-11-07,0.02375718115692009
2016-11-08,0.00653194350457234
2016-11-09,0.004611334693721336
2016-11-10,-0.016149865959630784
2016-11-11,0.00043229388366575904
2016-11-14,-0.010103719801150367
2016-11-15,0.013870560193232902
2016-11-16,0.005937160288505612
2016-11-17,0.0072704200009734675
2016-11-18,-0.0037365359463756896
2016-11-21,0.010399189041680053
2016-11-22,0.0030366545297366037
2016-11-23,-0.004036752229243033
2016-11-25,0.0032089849925176998
2016-11-28,-0.0022728328542514407
2016-11-29,0.003458859124071151
2016-11-30,-0.012106526727229845
2016-12-01,-0.017276773210624385
2016-12-02,0.0019916482142193033
2016-12-05,0.007778795688402496
2016-12-06,0.0024014194120278924
2016-12-07,0.012662518797672606
2016-12-08,0.0017743001626413075
2016-12-09,0.007843412674969205
2016-12-12,-0.004518697656420477
2016-12-13,0.012609119691585522
2016-12-14,-0.002075396775103697
2016-12-15,0.0015803971530574913
2016-12-16,-0.0037066830076073662
2016-12-19,0.004096985772509753
2016-12-20,0.003830691748476864
2016-12-21,-0.0007468197867809252
2016-12-22,-0.0028226018712965177
2016-12-23,0.0006660055854204682
2016-12-27,0.005158243400365192
2016-12-28,-0.007780157559677766
2016-12-29,-0.0014180610073149242
2016-12-30,-0.010275074546445094
2017-01-03,0.008946861456693022
2017-01-04,0.005437379467733323
2017-01-05,0.005657885656122054
2017-01-06,0.008769613489276185
2017-01-09,0.0032805280409074285
2017-01-10,0.0022071275667697845
2017-01-11,0.00269186608671669
2017-01-12,-0.0015459703524907755
2017-01-13,0.0034222248307937894
2017-01-17,-0.0030042107463025517
2017-01-18,0.002035712744411651
2017-01-19,-0.00048725299200792625
2017-01-20,0.0021953952035698204
2017-01-23,0.0008111006598308161
2017-01-24,0.006728771397376238
2017-01-25,0.010066075623456325
2017-01-26,0.0010366695067889392
2017-01-27,0.0019111911978883542
2017-01-30,-0.0077900716397223705
2017-01-31,-0.002003061949035687
2017-02-01,0.006903866346814274
2017-02-02,-0.0008769572458519429
2017-02-03,0.0028728621602956924
2017-02-06,0.0011932892119440063
2017-02-07,0.0036556883668957783
2017-02-08,0.0016630774693609785
2017-02-09,0.003636132450276579
2017-02-10,0.003308024917740169
2017-02-13,0.005652549139646797
2017-02-14,0.0033566184187056604
2017-02-15,0.005913060792694419
2017-02-16,-0.00030913247856629016
2017-02-17,0.004332719831558242
2017-02-21,0.004929879167574881
2017-02-22,0.0003837595216821322
2017-02-23,-0.00375522141572153
2017-02-24,0.0019232252632296009
2017-02-27,0.0012283215095306463
2017-02-28,-0.0030670364669637294
2017-03-01,0.010921350810416256
2017-03-02,-0.005021277259844162
2017-03-03,0.0018352185948568068
2017-03-06,-0.0022135116783740445
2017-03-07,-0.001682932377039866
2017-03-08,0.001762423645928547
2017-03-09,0.0007647579036605523
2017-03-10,0.004203731901583811
2017-03-13,0.0016744166336661143
2017-03-14,-0.0024313201536525064
2017-03-15,0.006169313505770805
2017-03-16,-0.0006813378920180807
2017-03-17,-0.0003494414732704096
2017-03-20,0.0009113821358368348
2017-03-21,-0.015172913106628105
2017-03-22,0.006778757781341351
2017-03-23,-0.0025248406629812276
2017-03-24,0.0020711719693998955
2017-03-27,0.0016075957718713896
2017-03-28,0.006114356799577128
2017-03-29,0.004633799169207626
2017-03-30,0.001663453637356788
2017-03-31,-0.0006796802583913285
2017-04-03,-0.0006039302469769125
2017-04-04,0.0015871805423085844
2017-04-05,-0.004075072802654538
2017-04-06,0.0005302190055629908
2017-04-07,-0.0005299380223517695
2017-04-10,0.0003791675266157445
2017-04-11,-0.00431779497728226
2017-04-12,-0.004031985212305224
2017-04-13,-0.003972052367282281
2017-04-17,0.008282335088370656
2017-04-18,-0.001521148636813947
2017-04-19,0.001599512510662901
2017-04-20,0.008366022068046604
2017-04-21,-0.0002264979296912932
2017-04-24,0.01206985977110499
2017-04-25,0.007230145014023918
2017-04-26,-0.0014058205998344227
2017-04-27,0.006002502567762627
2017-04-28,0.0017681888764888745
2017-05-01,0.008897617161317553
2017-05-02,0.0016764995333912692
2017-05-03,-0.003201745804978878
2017-05-04,0.0003650357427866601
2017-05-05,0.003648788299503185
2017-05-08,0.0021808649681599383
2017-05-09,0.0034824035255416725
2017-05-10,0.0005779948968253856
2017-05-11,-0.0007944746448370828
2017-05-12,0.002241875623893556
2017-05-15,0.0031746005697706474
2017-05-16,0.004171187166512721
2017-05-17,-0.0254260767450712
2017-05-18,0.008745229942416043
2017-05-19,0.004225754876389982
2017-05-22,0.008415710300234431
2017-05-23,0.0010068056979545504
2017-05-24,0.004599979496486963
2017-05-25,0.008513349129487474
2017-05-26,0.0017734180674053297
2017-05-30,0.0008497061289167329
2017-05-31,-0.0003535712245438201
2017-06-01,0.003892843825039006
2017-06-02,0.011420888091996616
2017-06-05,-0.000208939839255617
2017-06-06,-0.003973971416040509
2017-06-07,0.003919887769913767
2017-06-08,0.0010460098191707977
2017-06-09,-0.02500558160303639
2017-06-12,-0.005357533944337403
2017-06-13,0.008115818915673758
2017-06-14,-0.004346209645439391
2017-06-15,-0.004436212186260925
2017-06-16,-0.0043389753558390675
2017-06-19,0.016721407029636027
2017-06-20,-0.007831064302186408
2017-06-21,0.00990163932139119
2017-06-22,-0.0002838897734062283
2017-06-23,0.003837745814027723
2017-06-26,-0.004672989932354295
2017-06-27,-0.01813902804037759
2017-06-28,0.014416947111293184
2017-06-29,-0.01735448530559541
2017-06-30,0.00036351633697999765
2017-07-03,-0.010534376125643603
2017-07-05,0.009838740589810496
2017-07-06,-0.009016122096756143
2017-07-07,0.010785540058046906
2017-07-10,0.006533809175230378
2017-07-11,0.0028124239755141856
2017-07-12,0.011866117263856554
2017-07-13,0.002202900873836539
2017-07-14,0.007872106760622093
2017-07-17,0.0004924959351984793
2017-07-18,0.00668085997598441
2017-07-19,0.005868858534237612
2017-07-20,0.001319537641932444
2017-07-21,-0.00041637765599496164
2017-07-24,0.004579925924735007
2017-07-25,-0.002555621847651363
2017-07-26,0.003254802763979225
2017-07-27,-0.006281471666105977
2017-07-28,-0.0008339700655392427
2017-07-31,-0.004240464502414505
2017-08-01,0.0023041451196274274
2017-08-02,0.002716543626539469
2017-08-03,-0.0038904422644411214
2017-08-04,0.00181355337931661
2017-08-07,0.006334818356570023
2017-08-08,-0.0017294976465561803
2017-08-09,-0.0013162957390033898
2017-08-10,-0.02144059491703793
2017-08-11,0.007586991044616309
2017-08-14,0.012877614771391039
2017-08-15,0.0006951202558042541
2017-08-16,0.0017358623009315452
2017-08-17,-0.020446355688699815
2017-08-18,-0.000707563906307625
2017-08-21,-0.001274448000192733
2017-08-22,0.015242821694434599
2017-08-23,-0.0035612035974322675
2017-08-24,-0.002943738319433703
2017-08-25,-0.002108780599355146
2017-08-28,0.003099269639654126
2017-08-29,0.00393251345007204
2017-08-30,0.011750534813203237
2017-08-31,0.010715409411750738
2017-09-01,-0.001367767714874845
2017-09-05,-0.008972691518923286
2017-09-06,0.00304089486248226
2017-09-07,0.0023426383171408025
2017-09-08,-0.00866111423341738
2017-09-11,0.011510516712107203
2017-09-12,0.0023996195085822718
2017-09-13,0.0013678020029035875
2017-09-14,-0.005873492676032711
2017-09-15,0.003435009694496738
2017-09-18,-0.0013103973311511495
2017-09-19,0.0017172034686177178
2017-09-20,-0.0030862219423028517
2017-09-21,-0.006123036665811332
2017-09-22,-0.0009690465774660355
2017-09-25,-0.010532066574301932
2017-09-26,0.002590765963964986
2017-09-27,0.009010373209942916
2017-09-28,-0.0003462559314793757
2017-09-29,0.007201796855592274
2017-10-02,0.0008942045430926006
2017-10-03,0.0021289595805291093
2017-10-04,0.0009598806033528889
2017-10-05,0.009792198369014982
2017-10-06,0.0013562981250940808
2017-10-09,-0.001150925130524676
2017-10-10,0.0007452584180001995
2017-10-11,0.0029813329063072404
2017-10-12,-0.0018236266177191988
2017-10-13,0.003856863357981972
2017-10-16,0.003438364999626182
2017-10-17,0.0012764019540940604
2017-10-18,-0.00120795545403928
2017-10-19,-0.0036942804792529597
2017-10-20,0.002696612752216083
2017-10-23,-0.006522715899787236
2017-10-24,0.001692186985348751
2017-10-25,-0.003784056122755528
2017-10-26,-0.0031879657363864202
2017-10-27,0.029123597957937886
2017-10-30,0.002248111510435691
2017-10-31,0.0037605612802226623
2017-11-01,-0.0003287553740187412
2017-11-02,-0.0019065366561088093
2017-11-03,0.009617131522556123
2017-11-06,0.003392637689310375
2017-11-07,0.0005851129643309208
2017-11-08,0.004029413362254589
2017-11-09,-0.005242862219372305
2017-11-10,-6.490290651414799e-05
2017-11-13,0.0012363912020451318
2017-11-14,-0.0036396612438960732
2017-11-15,-0.004696402605799028
2017-11-16,0.012779299858758843
2017-11-17,-0.0038177298159530765
2017-11-20,-0.0007793047899783567
2017-11-21,0.01085634947734507
2017-11-22,0.0012217121040781023
2017-11-24,0.003661183233612524
2017-11-27,-0.00044839996531987345
2017-11-28,0.0025610838633602813
2017-11-29,-0.017433715673123174
2017-11-30,0.008384131765532635
2017-12-01,-0.0042541183963267825
2017-12-04,-0.011521462136008485
2017-12-05,0.0006546760586849756
2017-12-06,0.004515409681914356
2017-12-07,0.0033873431410619565
2017-12-08,0.004415068502209371
2017-12-11,0.007756834296149193
2017-12-12,-0.0013466475775794897
2017-12-13,0.001926954939762539
2017-12-14,-0.0007053743702440216
2017-12-15,0.011355043486440687
2017-12-18,0.008383876212947072
2017-12-19,-0.005925429648565459
2017-12-20,-0.0010778577270767252
2017-12-21,0.0001271966383218892
2017-12-22,-0.001142371358550495
2017-12-26,-0.00540130473181851
2017-12-27,0.00012729586073028862
2017-12-28,0.0012141551882229112
2017-12-29,-0.0061892011630884924
2018-01-02,0.017526909441073085
2018-01-03,0.00971669743851585
2018-01-04,0.001749808707609455
2018-01-05,0.01004264281387624
2018-01-08,0.0038907916072087947
2018-01-09,6.183274233273996e-05
2018-01-10,-0.0023377881582435267
2018-01-11,0.006844573586925219
2018-01-12,0.007348953572915161
2018-01-16,-0.002857444661406931
2018-01-17,0.0107908287545729
2018-01-18,0.00018138654835800412
2018-01-19,0.0031358420588698866
2018-01-22,0.010701042268501083
2018-01-23,0.008268348069212185
2018-01-24,-0.006489491230930428
2018-01-25,-0.0003566501213453421
2018-01-26,0.0153249438744067
2018-01-29,-0.0048552165569482044
2018-01-30,-0.008230525662359612
2018-01-31,0.004149271247657978
2018-02-01,-0.008500629133030685
2018-02-02,-0.019945142142288097
2018-02-05,-0.03942632447142624
2018-02-06,0.02649856922500215
2018-02-07,-0.012937874862310692
2018-02-08,-0.04219462606728946
2018-02-09,0.01726959375031212
2018-02-12,0.01774483180933827
2018-02-13,0.005161528798767602
2018-02-14,0.018723724018007943
2018-02-15,0.018563947847754444
2018-02-16,-0.0044659517547912175
2018-02-20,0.0020004979973504036
2018-02-21,-0.0028434199161790417
2018-02-22,-0.00012137493922688274
2018-02-23,0.02044906934747275
2018-02-26,0.013260264247872083
2018-02-27,-0.01238261266717597
2018-02-28,-0.00641747453496485
2018-03-01,-0.01632681967025841
2018-03-02,0.00918049580385909
2018-03-05,0.011084871138494507
2018-03-06,0.004230956753381382
2018-03-07,0.002313517685980728
2018-03-08,0.005505570559384267
2018-03-09,0.01942769653935726
2018-03-12,0.005312660832323696
2018-03-13,-0.01361414239707143
2018-03-14,-0.000175038874038719
2018-03-15,-0.0008733741816345779
2018-03-16,-0.0029734223221869658
2018-03-19,-0.021336098716871976
2018-03-20,0.003291177016048344
2018-03-21,-0.0043541135612767505
2018-03-22,-0.024682270813688553
2018-03-23,-0.026351281828039544
2018-03-26,0.037158361223180836
2018-03-27,-0.03236007455832033
2018-03-28,-0.011503993881222698
2018-03-29,0.018315219796158178
2018-04-02,-0.02885168321267457
2018-04-03,0.011253320744136697
2018-04-04,0.015769671658325386
2018-04-05,0.005696925269638229
2018-04-06,-0.025022874579128798
2018-04-09,0.007022455011770934
2018-04-10,0.02206324610683138
2018-04-11,-0.005768767327383591
2018-04-12,0.01204121882997323
2018-04-13,-0.0051784325547662114
2018-04-16,0.007622179300079841
2018-04-17,0.021525066664051518
2018-04-18,0.002046872686322579
2018-04-19,-0.009192402325463242
2018-04-20,-0.015826831363696565
2018-04-23,-0.0025261020956504877
2018-04-24,-0.021186675077156963
2018-04-25,0.001198211749265145
2018-04-26,0.02105315630335778
2018-04-27,0.0006172722274926567
2018-04-30,-0.007095046494912881
2018-05-01,0.011432793108938898
2018-05-02,-0.005896977052194223
2018-05-03,-0.00012392253338667144
2018-05-04,0.01897374647025879
2018-05-07,0.008309632557870534
2018-05-08,-0.0010223806606505237
2018-05-09,0.010899031924579096
2018-05-10,0.010364746391839224
2018-05-11,-0.0009436075549757992
2018-05-14,0.0017112565398248291
2018-05-15,-0.011074845563040187
2018-05-16,0.00661222460378129
2018-05-17,-0.0038463939758605487
2018-05-18,-0.005168709067617206
2018-05-21,0.005613193732082751
2018-05-22,-0.0013063463487820411
2018-05-23,0.008443362688115527
2018-05-24,-0.00029478755020244325
2018-05-25,0.0010026112160788669
2018-05-29,-0.004419066520123674
2018-05-30,0.007160762453430498
2018-05-31,-0.0006458682086233817
2018-06-01,0.015699228671745717
2018-06-04,0.009030856639020477
2018-06-05,0.0030983006290489154
2018-06-06,0.005833747276816905
2018-06-07,-0.008131600348003882
2018-06-08,5.74357822707375e-05
2018-06-11,0.0026942482937381603
2018-06-12,0.005260198022209009
2018-06-13,-5.716165453309784e-05
2018-06-14,0.010123779462493994
2018-06-15,-0.003491018831894016
2018-06-18,-0.0005773675733661358
2018-06-19,-0.0028326842239604455
2018-06-20,0.007101964777381545
2018-06-21,-0.008688154344362806
2018-06-22,-0.00221929410128971
2018-06-25,-0.02253034756096946
2018-06-26,0.004084585652919859
2018-06-27,-0.013599036487776009
2018-06-28,0.008601506613058052
2018-06-29,0.002687052210776431
2018-07-02,0.006700096454047339
2018-07-03,-0.011574186894698404
2018-07-05,0.01241227969057521
2018-07-06,0.01555622147545832
2018-07-09,0.008997094384144803
2018-07-10,0.0007338277161195191
2018-07-11,-0.005075379271162702
2018-07-12,0.01723147726202257
2018-07-13,0.000835869167354119
2018-07-16,-0.00239401390036793
2018-07-17,0.0060830431595118965
2018-07-18,-0.001885963449773351
2018-07-19,-0.005001936155549888
2018-07-20,-0.00022372109771647371
2018-07-23,0.0031846982191784637
2018-07-24,0.004121343273441992
2018-07-25,0.013976875857001934
2018-07-26,-0.015151726945740965
2018-07-27,-0.013496476760060027
2018-07-30,-0.014131032104473576
2018-07-31,0.00765242692158541
2018-08-01,0.00379674610424082
2018-08-02,0.013606587277893073
2018-08-03,0.0030639280750404544
2018-08-06,0.0058860075584162685
2018-08-07,0.0036438743877963615
2018-08-08,0.001210038109083605
2018-08-09,-0.0006044202947116271
2018-08-10,-0.0076411532157112496
2018-08-13,-0.0011078590683602377
2018-08-14,0.006266528688053352
2018-08-15,-0.012234624673422541
2018-08-16,0.0032918993485341144
2018-08-17,0.00022247006664806343
2018-08-20,-0.000889771700327179
2018-08-21,0.00367271603893689
2018-08-22,0.0038812588239288508
2018-08-23,-0.0014360190360181838
2018-08-24,0.009291853120376808
2018-08-27,0.010193228213492946
2018-08-28,0.0014646122801261496
2018-08-29,0.011537914051355362
2018-08-30,-0.0017671710029719665
2018-08-31,0.001287545358965025
2018-09-04,-0.004286069430467018
2018-09-05,-0.01291398909834365
2018-09-06,-0.008939737354639574
2018-09-07,-0.0038501275611123324
2018-09-10,0.0033681268686856494
2018-09-11,0.007704422179834594
2018-09-12,-0.0029490030229936044
2018-09-13,0.010679995137213932
2018-09-14,-0.0029263835715589103
2018-09-17,-0.014402487467314823
2018-09-18,0.008271324105846217
2018-09-19,-0.0007655646573370745
2018-09-20,0.01105645291262375
2018-09-21,-0.005467815794618742
2018-09-24,0.002781178171780206
2018-09-25,0.001359642437769792
2018-09-26,0.0007059948397815154
2018-09-27,0.00846569995413357
2018-09-28,-0.0002154064010839561
2018-10-01,0.0020452905124253664
2018-10-02,-0.0022556118189784907
2018-10-03,0.0010764591774255722
2018-10-04,-0.019198659975517323
2018-10-05,-0.012227431026400283
2018-10-08,-0.006105949199378985
2018-10-09,0.003239559579751507
2018-10-10,-0.04397965651728386
2018-10-11,-0.012402952455753756
2018-10-12,0.027830103140218613
2018-10-15,-0.01210427028553826
2018-10-16,0.029092619572040603
2018-10-17,0.000395162200730267
2018-10-18,-0.023182469656019812
2018-10-19,-0.0009241001140881494
2018-10-22,0.005143861776970432
2018-10-23,-0.0036796862077405055
2018-10-24,-0.04576701479347579
2018-10-25,0.034595308558429835
2018-10-26,-0.025721564604789113
2018-10-29,-0.020581068582126737
2018-10-30,0.016479685381569794
2018-10-31,0.023505265250583846
2018-11-01,0.013190923559266854
2018-11-02,-0.01557623597157829
2018-11-05,-0.0024794857764166302
2018-11-06,0.00757564103951913
2018-11-07,0.03136734540975503
2018-11-08,-0.0063787278272092835
2018-11-09,-0.01685229638551979
2018-11-12,-0.030258593966745656
2018-11-13,0.0008418757972765396
2018-11-14,-0.007629201585612564
2018-11-15,0.01749362817440447
2018-11-16,-0.0035096805179945217
2018-11-19,-0.03247766744305285
2018-11-20,-0.01789474809665726
2018-11-21,0.007602804639885134
2018-11-23,-0.007233508416150277
2018-11-26,0.02311403918925673
2018-11-27,0.0033765692177483322
2018-11-28,0.03218306204330516
2018-11-29,-0.003260375655988571
2018-11-30,0.0072555786253348156
2018-12-03,0.017476780621261713
2018-12-04,0.0007225653342828421
2018-12-06,0.0009627248141333095
2018-12-07,0.0010816399701329216
2018-12-10,0.0
2018-12-11,-0.0009604310932584178
2018-12-12,-0.00012015559711302059
2018-12-13,0.0009609217129493082
2018-12-14,0.000601149676849187
2018-12-17,0.0009599698379644479
2018-12-18,0.0005889474093477602
2018-12-19,0.00023926593342788838
2018-12-20,-0.00011933115543046911
2018-12-21,0.0007201161366233755
2018-12-24,0.0008395127309533706
2018-12-26,-0.0009586227433764188
2018-12-27,0.0010794717524207562
2018-12-28,0.0014374890824477183
2018-12-31,0.0003587747053918184
2019-01-02,0.00012012953950524709
2019-01-03,0.011379758359803314
2019-01-04,-0.011575463003055758
2019-01-07,-0.002948153658829461
2019-01-08,-0.0026279723273219366
2019-01-09,-0.0015649689865689098
2019-01-10,-0.00643364705146374
2019-01-11,0.003901821034846932
2019-01-14,-0.003721486547181195
2019-01-15,-0.0036517413164108025
2019-01-16,0.0009997966825434656
2019-01-17,0.0002489840504728511
2019-01-18,-0.005241430964936242
2019-01-22,0.006775084206181666
2019-01-23,-0.0004154398889430376
2019-01-24,0.006566122567515405
2019-01-25,-0.004789261755976935
2019-01-28,-0.000994939629577176
2019-01-29,0.005065172204986523
2019-01-30,-0.0007434597993787269
2019-01-31,0.008600028152268067
2019-02-01,-0.006039424839058315
2019-02-04,-0.004464725759042381
2019-02-05,0.004567298579061785
2019-02-06,0.0004965913803774946
2019-02-07,0.006609348529797743
2019-02-08,0.004268561051203175
2019-02-11,-0.003923792229004701
2019-02-12,-0.00254321689565655
2019-02-13,-0.0037842523012583465
2019-02-14,0.0056978621959144415
2019-02-15,0.0015597993108303928
2019-02-19,0.0025417043045438377
2019-02-20,-0.002862280180334718
2019-02-21,-0.008938431425299213
2019-02-22,0.0059576770934756645
2019-02-25,-0.002961235891853583
2019-02-26,0.004950261104335347
2019-02-27,-0.011329297394369576
2019-02-28,-0.003404434343396772
2019-03-01,-0.009242939746387933
2019-03-04,0.007837158937711499
2019-03-05,0.0020905438420135134
2019-03-06,0.0036719892747343027
2019-03-07,0.006484409173675293
2019-03-08,0.004213043441712469
2019-03-11,-0.002961643443382831
2019-03-12,0.007013024288848281
2019-03-13,-0.0018846885109659527
2019-03-14,-0.007223396717019667
2019-03-15,0.006614803707693333
2019-03-18,-0.0005747829038410387
2019-03-19,-0.0022191657540641912
2019-03-20,0.010460373793486482
2019-03-21,0.002200612164936913
2019-03-22,0.015535148107247761
2019-03-25,0.001602028586216628
2019-03-26,-0.0007199575158902845
2019-03-27,0.009202186923512472
2019-03-28,0.0034887694863280114
2019-03-29,-0.0009481404663675782
2019-04-01,-0.014204012295927566
2019-04-02,0.0037903642342743175
2019-04-03,0.005746180711978296
2019-04-04,-0.0003807568180408176
2019-04-05,0.005171207644879173
2019-04-08,0.002545191372327028
2019-04-09,-0.0035109377489336638
2019-04-10,0.005366372773468175
2019-04-11,-0.002372381191737115
2019-04-12,0.004323662068758983
2019-04-15,0.0001614672465967491
2019-04-16,0.0034435343366228154
2019-04-17,0.0034851463649306067
2019-04-18,0.001282541799719037
2019-04-22,0.002828101582593272
2019-04-23,0.012718396820371052
2019-04-24,-0.003152820500599828
2019-04-25,0.004058919483983556
2019-04-26,0.0008921693237110052
2019-04-29,0.001940970800337821
2019-04-30,-0.0077481741414761555
2019-05-01,-0.003218202160857873
2019-05-02,-0.004340063976809716
2019-05-03,0.015948044680501747
2019-05-06,-0.006122072625778148
2019-05-07,-0.019479735526228618
2019-05-08,-0.002523512541508356
2019-05-09,-0.005383347999588423
2019-05-10,0.001244959771076054
2019-05-13,-0.034702970895273744
2019-05-14,0.0109756538124214
2019-05-15,0.0141243869831011
2019-05-16,0.010049494777877052
2019-05-17,-0.010219871485891064
2019-05-20,-0.016881746724768918
2019-05-21,0.010447591792465882
2019-05-22,-0.004454729874696891
2019-05-23,-0.015302459238740894
2019-05-24,-0.0005044632590655792
2019-05-28,-0.0037609593063485996
2019-05-29,-0.008225542809350587
2019-05-30,0.0042038971299359915
2019-05-31,-0.01595339126211733
2019-06-03,-0.02201745419226968
2019-06-04,0.028156392130962514
2019-06-05,0.0074323458231947475
2019-06-06,0.007944910070240802
2019-06-07,0.019312045793484268
2019-06-10,0.011655034477587914
2019-06-11,0.0013646102359805283
2019-06-12,-0.00577952190971418
2019-06-13,0.005923203633967839
2019-06-14,-0.004252525026516794
2019-06-17,0.0060225900022313015
2019-06-18,0.014531614994897513
2019-06-19,0.0037547896462003173
2019-06-20,0.009299927593548895
2019-06-21,-0.0014828993053280116
2019-06-24,3.17564626518594e-05
2019-06-25,-0.017166321096757177
2019-06-26,0.004650586518778889
2019-06-27,0.0038216148636213243
2019-06-28,0.0012869062860028117
2019-07-01,0.013494509072534714
2019-07-02,0.003962693483230219
2019-07-03,0.007525890137114981
2019-07-05,-0.002036979577269725
2019-07-08,-0.007013959698004416
2019-07-09,0.005007611953160157
2019-07-10,0.009965488585225878
2019-07-11,-0.0007269256745183466
2019-07-12,0.0057685442720847024
2019-07-15,0.0032034361873272067
2019-07-16,-0.005150542937098772
2019-07-17,-0.004918426321359954
2019-07-18,0.0011447830093608746
2019-07-19,-0.007327872138924015
2019-07-22,0.007957715232481385
2019-07-23,0.006544591984662416
2019-07-24,0.007017564631276928
2019-07-25,-0.009479665919015416
2019-07-26,0.010294615254313431
2019-07-29,-0.003430513259318034
2019-07-30,-0.004316124806161631
2019-07-31,-0.013830209732019592
2019-08-01,-0.004971354926843357
2019-08-02,-0.014724875474352991
2019-08-05,-0.035335029403405056
2019-08-06,0.013998711240114446
2019-08-07,0.005402005134995788
2019-08-08,0.02176415460893194
2019-08-09,-0.009401898711946816
2019-08-12,-0.011475124243999178
2019-08-13,0.021914661171939555
2019-08-14,-0.02988481345937685
2019-08-15,-0.0011489012857703196
2019-08-16,0.016050486906985663
2019-08-19,0.01590440519551921
2019-08-20,-0.007748305842918195
2019-08-21,0.00887849467744543
2019-08-22,-0.003233773355592925
2019-08-23,-0.03164545644911883
2019-08-26,0.01510398461999726
2019-08-27,-0.0021102859326225824
2019-08-28,0.003578606049055465
2019-08-29,0.015289954133494946
2019-08-30,-0.002394536241642207
2019-09-03,-0.009708311249351079
2019-09-04,0.014435864599710921
2019-09-05,0.018318707144516604
2019-09-06,-0.0009906791910095781
2019-09-09,-0.0020877786854795175
2019-09-10,-0.0028767016088377525
2019-09-11,0.009389667437577107
2019-09-12,0.004156914991614215
2019-09-13,-0.0035704897128666594
2019-09-16,-0.004466691515181207
2019-09-17,0.004799702208985219
2019-09-18,-0.0004155479976137634
2019-09-19,0.0016622208906504627
2019-09-20,-0.010578701603623782
2019-09-23,0.0004410137621179617
2019-09-24,-0.013280590826483285
2019-09-25,0.011225153358092384
2019-09-26,-0.0036827540997430553
2019-09-27,-0.012408967875479909
2019-09-30,0.009517293646938674
2019-10-01,-0.008156354466813889
2019-10-02,-0.01719425438451619
2019-10-03,0.010975219595541761
2019-10-04,0.01472553061699229
2019-10-07,-0.0030186916667080746
2019-10-08,-0.014981190831708882
2019-10-09,0.009761760624480994
2019-10-10,0.007744477263496866
2019-10-11,0.012879005979682967
2019-10-14,-0.00010492308081456921
2019-10-15,0.012716663725017095
2019-10-16,-0.002480549527012747
2019-10-17,0.0026423231685538087
2019-10-18,-0.009610103638968621
2019-10-21,0.008868333869634181
2019-10-22,-0.007963109126046204
2019-10-23,0.0019286586120918748
2019-10-24,0.009728551088667057
2019-10-25,0.0079857568547103
2019-10-28,0.009865235906454604
2019-10-29,-0.0077441670650035006
2019-10-30,0.004845900415456753
2019-10-31,0.00045689004311475986
2019-11-01,0.009082715085436939
2019-11-04,0.006185107861378998
2019-11-05,0.0005494416857131573
2019-11-06,-0.0022476297192261813
2019-11-07,0.003354004179808503
2019-11-08,0.0039913738278726085
2019-11-11,-0.00134155254540571
2019-11-12,0.0028859535595062544
2019-11-13,0.000248141189733251
2019-11-14,-0.0007935392964840293
2019-11-15,0.007347330978665497
2019-11-18,0.0007886905041788685
2019-11-19,0.0014770811629592553
2019-11-20,-0.005998990251161926
2019-11-21,-0.002225902561522446
2019-11-22,0.0006447340921244446
2019-11-25,0.011841581434419775
2019-11-26,0.0019097895968908903
2019-11-27,0.0069886440072173634
2019-11-29,-0.004562241244809461
2019-12-02,-0.010238783747763432
2019-12-03,-0.007832648039296092
2019-12-04,0.005064242150736523
2019-12-05,0.0019762446873400705
2019-12-06,0.010698480317651485
2019-12-09,-0.004536673082618397
2019-12-10,-0.0008329086582292684
2019-12-11,0.00529687659751482
2019-12-12,0.007463905206371386
2019-12-13,0.0032928088052585763
2019-12-16,0.010039181712212887
2019-12-17,0.0005730848881420667
2019-12-18,0.0007643590137710686
2019-12-19,0.006251498240129865
2019-12-20,0.004031268271114857
2019-12-23,0.0026413197315056356
2019-12-24,0.0005192911959841081
2019-12-26,0.008824042293827213
2019-12-27,-0.000841933388997124
2019-12-30,-0.00655380620670629
2019-12-31,0.0018847516288106273
2020-01-02,0.016697261358974515
2020-01-03,-0.009159725278710099
2020-01-06,0.006443092376154327
2020-01-07,-0.00013934175778044846
2020-01-08,0.007516374754203841
2020-01-09,0.00847356196057903
2020-01-10,-0.002557408183894574
2020-01-13,0.011537044743794881
2020-01-14,-0.0039374511938888605
2020-01-15,0.00040886307874114585
2020-01-16,0.009583563950002306
2020-01-17,0.0049486680534120645
2020-01-21,-0.00044764420312477245
2020-01-22,0.002642439941946481
2020-01-23,0.003215955288766546
2020-01-24,-0.008415191854462793
2020-01-27,-0.020655435025242443
2020-01-28,0.01535970184608884
2020-01-29,0.0016257647238288602
2020-01-30,0.003561577455188956
2020-01-31,-0.015858023106016136
2020-02-03,0.015109243715738548
2020-02-04,0.02288877848432418
2020-02-05,0.0032970352073917876
2020-02-06,0.00863196000660772
2020-02-07,-0.004300722165917356
2020-02-10,0.012085547747899801
2020-02-11,0.00017230394936521145
2020-02-12,0.009741053108004886
2020-02-13,-0.0012805067734581953
2020-02-14,0.0028637092885106237
2020-02-18,0.00038335686175647093
2020-02-19,0.009585656685925406
2020-02-20,-0.009283600113610327
2020-02-21,-0.019209130956964533
2020-02-24,-0.03856356011650468
2020-02-25,-0.027191954549396425
2020-02-26,0.005153931298204832
2020-02-27,-0.05007394114203003
2020-02-28,0.0007779254359781332
2020-03-02,0.05160354976984537
2020-03-03,-0.03206730216889899
2020-03-04,0.041722317455250936
2020-03-05,-0.030382008445901974
2020-03-06,-0.016872389408403386
2020-03-09,-0.0694642033759455
2020-03-10,0.05445044855403805
2020-03-11,-0.043554856671719135
2020-03-12,-0.09169132785138429
2020-03-13,0.08470542251505866
2020-03-16,-0.11978780227723339
2020-03-17,0.07584167569053948
2020-03-18,-0.030416153231992326
2020-03-19,0.0060021117859290225
2020-03-20,-0.03917620867327295
2020-03-23,0.0007224341457402134
2020-03-24,0.077437574343902
2020-03-25,-0.007405215747159345
2020-03-26,0.05266036862397003
2020-03-27,-0.034392738843139675
2020-03-30,0.03637325618912726
2020-03-31,-0.008539767877802095
2020-04-01,-0.04248949727019252
2020-04-02,0.006345458291008773
2020-04-03,0.0023796580958888695
2020-04-06,-0.002611200129854277
2020-04-07,-0.010472808740615064
2020-04-08,-0.0072757979942618175
2020-04-09,0.0018176495686430577
2020-04-13,-0.009130514351297362
2020-04-14,-0.0002437647803656653
2020-04-15,0.026488836026286745
2020-04-16,0.011357798493537245
2020-04-17,-0.013405422600277949
2020-04-20,0.008044851956875333
2020-04-21,0.012591514614164292
2020-04-22,-0.010216100131232086
2020-04-23,0.005307847947778983
2020-04-24,0.0023475329972613207
2020-04-27,-0.01861425137102689
2020-04-28,0.011511048252447132
2020-04-29,-0.005188507822751712
2020-04-30,-0.011676411602292089
2020-05-01,0.008562489323214666
2020-05-04,0.011657134793607901
2020-05-05,0.011337492797644866
2020-05-06,0.006156376965136245
2020-05-07,0.012876752835824564
2020-05-08,0.013704868511779763
2020-05-11,0.008938839371846311
2020-05-12,-0.020936917204415293
2020-05-13,-0.012516101070886056
2020-05-14,0.011352425292826738
2020-05-15,0.006491460681792162
2020-05-18,0.01863210355374745
2020-05-19,-0.0025062075612433195
2020-05-20,0.01996812520436476
2020-05-21,-0.01089062522559646
2020-05-22,0.0034517752169665045
2020-05-26,-0.002699662511161841
2020-05-27,0.005457561508951778
2020-05-28,-0.0013026171631808857
2020-05-29,0.014652800682711008
2020-06-01,0.0029995671189527264
2020-06-02,0.006707516754924297
2020-06-03,0.004498776494064168
2020-06-04,-0.007013484851667434
2020-06-05,0.019827295074330377
2020-06-08,0.007760079998699982
2020-06-09,0.007244823580925712
2020-06-10,0.01200156576964639
2020-06-11,-0.049549073917358126
2020-06-12,0.007948231624010675
2020-06-15,0.012166776449310458
2020-06-16,0.017173230761578697
2020-06-17,0.003170527143738996
2020-06-18,0.0027090057184704706
2020-06-19,-0.00016372681112090059
2020-06-22,0.01199271627001144
2020-06-23,0.008510943327767887
2020-06-24,-0.02061546918280844
2020-06-25,0.00951928508565132
2020-06-26,-0.02361489088146254
2020-06-29,0.010906491302698593
2020-06-30,0.01960145049457939
2020-07-01,0.011672122666703777
2020-07-02,0.0067866572025082755
2020-07-06,0.024584756961821424
2020-07-07,-0.006889053030476811
2020-07-08,0.013172237482410747
2020-07-09,0.008422991266228206
2020-07-10,0.006827448404384614
2020-07-13,-0.02057056749576934
2020-07-14,0.007078183423372378
2020-07-15,0.002035398412742545
2020-07-16,-0.0068224152818612775
2020-07-17,0.0011578117339927998
2020-07-20,0.028370839948581715
2020-07-21,-0.01042024864318383
2020-07-22,0.003522803567299618
2020-07-23,-0.026120121139906426
2020-07-24,-0.009495924161499568
2020-07-27,0.017842949806436872
2020-07-28,-0.012724702853591117
2020-07-29,0.011525992799847314
2020-07-30,0.005235296272305014
2020-07-31,0.01784562506537125
2020-08-03,0.013506541327789992
2020-08-04,0.003712614510517412
2020-08-05,0.002478041651443186
2020-08-06,0.013244548838858358
2020-08-07,-0.011542052304341575
2020-08-10,-0.004273250976669053
2020-08-11,-0.018941258883557424
2020-08-12,0.02515167282655924
2020-08-13,0.0022808296010402864
2020-08-14,-0.0011745384565051843
2020-08-17,0.011610870496450869
2020-08-18,0.009625352851719322
2020-08-19,-0.006727678783645502
2020-08-20,0.013872229984927986
2020-08-21,0.0069299167757265225
2020-08-24,0.006243975418867852
2020-08-25,0.007862558750461143
2020-08-26,0.02133915158056424
2020-08-27,-0.0031170076466733023
2020-08-28,0.005084830628197501
2020-08-31,0.008033556776458213
2020-09-01,0.01709192069166984
2020-09-02,0.009469110477628346
2020-09-03,-0.050700162099938134
2020-09-04,-0.013326223667619609
2020-09-08,-0.048063872024085554
2020-09-09,0.02937576599720687
2020-09-10,-0.019936346302325828
2020-09-11,-0.006939652325577481
2020-09-14,0.017415082013660935
2020-09-15,0.0141732826229689
2020-09-16,-0.015946048938659474
2020-09-17,-0.015622422494833334
2020-09-18,-0.012762731332325914
2020-09-21,0.0023985769399019604
2020-09-22,0.01857855358649111
2020-09-23,-0.030534113358043038
2020-09-24,0.004656390388859846
2020-09-25,0.023247955159544486
2020-09-28,0.02076957793475056
2020-09-29,-0.004509475509327372
2020-09-30,0.0068487532714438665
2020-10-01,0.015872367523859923
2020-10-02,-0.02813090272119472
2020-10-05,0.02132655407207997
2020-10-06,-0.01784709853478221
2020-10-07,0.01729885166414206
2020-10-08,0.005323148400153135
2020-10-09,0.015279970469709997
2020-10-12,0.030870753476212674
2020-10-13,-3.434552087719319e-05
2020-10-14,-0.008352366235433109
2020-10-15,-0.006711048362237069
2020-10-16,-0.0054808023719450745
2020-10-19,-0.01632549708304608
2020-10-20,0.002149895178547341
2020-10-21,-0.0007739291146286496
2020-10-22,-3.515022550093243e-05
2020-10-23,0.0019709290742517885
2020-10-26,-0.01499613594930472
2020-10-27,0.007808224937110523
2020-10-28,-0.03898703451780601
2020-10-29,0.017486479082581576
2020-10-30,-0.025363014615972585
2020-11-02,0.002227662586628063
2020-11-03,0.01729752375483741
2020-11-04,0.044638820469142054
2020-11-05,0.026070646960108444
2020-11-06,0.0007472632115738498
2020-11-09,-0.020433692060867797
2020-11-10,-0.0179146547102728
2020-11-11,0.022369654417961574
2020-11-12,-0.004693555203876509
2020-11-13,0.00877250480206209
2020-11-16,0.007802831994142905
2020-11-17,-0.0031722883689156924
2020-11-18,-0.007390121879794518
2020-11-19,0.00782444954424845
2020-11-20,-0.006840582605854472
2020-11-23,3.4727525548409135e-05
2020-11-24,0.01405022536183954
2020-11-25,0.006146309739701303
2020-11-27,0.009214038995407492
2020-11-30,0.0020405347615631802
2020-12-01,0.012816076140186806
2020-12-02,0.0012852661703109973
2020-12-03,0.0014149118811607189
2020-12-04,0.0040756298941582916
2020-12-07,0.005662027395264599
2020-12-08,0.00338516818530416
2020-12-09,-0.022640776181355078
2020-12-10,0.004015292776344353
2020-12-11,-0.002214772653769957
2020-12-14,0.007255695996789489
2020-12-15,0.0106893196635696
2020-12-16,0.0054994857894887905
2020-12-17,0.006537526500928057
2020-12-18,-0.00302243780166567
2020-12-21,-0.001870752980878537
2020-12-22,0.002718998700817293
2020-12-23,-0.0050359492371101254
2020-12-24,0.004412530776526786
2020-12-28,0.010078813228814421
2020-12-29,0.0008956361378030303
2020-12-30,3.1760329896059025e-05
2020-12-31,0.0024602887496990426
2021-01-04,-0.01411983606145181
2021-01-05,0.008244137126161455
2021-01-06,-0.01385243523030865
2021-01-07,0.02419234196973487
2021-01-08,0.012857678246684975
2021-01-11,-0.014449877685317402
2021-01-12,-0.0015901764528838595
2021-01-13,0.006753408417666336
2021-01-14,-0.005347434473509641
2021-01-15,-0.00792143332229816
2021-01-19,0.01459005266730155
2021-01-20,0.023260740006749527
2021-01-21,0.007999815215700585
2021-01-22,-0.0028804871457584315
2021-01-25,0.008266246662069836
2021-01-26,0.001463048433990963
2021-01-27,-0.027876771821596574
2021-01-28,0.005916779823994174
2021-01-29,-0.02103836110682836
2021-02-01,0.024987518479020962
2021-02-02,0.016314323460624863
2021-02-03,-0.003967537089793585
2021-02-04,0.011826755549737526
2021-02-05,0.003391474303328363
2021-02-08,0.006699552591816382
2021-02-09,-0.00020952557167373188
2021-02-10,-0.0022789616745197664
2021-02-11,0.005499468952698859
2021-02-12,0.005589165452331199
2021-02-16,-0.002704536365730372
2021-02-17,-0.004798554471436301
2021-02-18,-0.004371990872180382
2021-02-19,-0.004361292541631685
2021-02-22,-0.025919857576097858
2021-02-23,-0.0029773552094174613
2021-02-24,0.008243095998533968
2021-02-25,-0.03486256162613359
2021-02-26,0.004187851961178195
2021-03-01,0.03008187189484815
2021-03-02,-0.01603905017587187
2021-03-03,-0.029019774182071526
2021-03-04,-0.016366954056541146
2021-03-05,0.015060933870042401
2021-03-08,-0.028314123828750766
2021-03-09,0.03944119442629398
2021-03-10,-0.0028547652596747353
2021-03-11,0.02303139751907103
2021-03-12,-0.008112194196580939
2021-03-15,0.010682826026048534
2021-03-16,0.005488585776410671
2021-03-17,0.004117912298389776
2021-03-18,-0.030630936896311696
2021-03-19,0.0035253753813881375
2021-03-22,0.01875321577413672
2021-03-23,-0.004362878146439509
2021-03-24,-0.016865142048288193
2021-03-25,-0.001731411527841833
2021-03-26,0.015000043527386521
2021-03-29,-0.0002845311683300554
2021-03-30,-0.005033335434920883
2021-03-31,0.015302926803688856
2021-04-01,0.017046435335965414
2021-04-05,0.019964835277510598
2021-04-06,-0.0006946497121492302
2021-04-07,0.00241796016071976
2021-04-08,0.010433673614846437
2021-04-09,0.0060585283730466635
2021-04-12,-0.0013053354781357943
2021-04-13,0.011673043209973618
2021-04-14,-0.012008394828604966
2021-04-15,0.015155709627729394
2021-04-16,0.0011707938279210757
2021-04-19,-0.009151570467028095
2021-04-20,-0.007288829965956569
2021-04-21,0.008561122179908067
2021-04-22,-0.012054201178353525
2021-04-23,0.01258919603623942
2021-04-26,0.006511042309936756
2021-04-27,-0.004331987428380606
2021-04-28,-0.0033808843053997235
2021-04-29,0.0035986408274772913
2021-04-30,-0.006554831069730683
2021-05-03,-0.0053254209454622215
2021-05-04,-0.01799567890726299
2021-05-05,-0.0033621619557642926
2021-05-06,0.007537202076648016
2021-05-07,0.008114612834034165
2021-05-10,-0.025254584597337176
2021-05-11,-0.001381289629966652
2021-05-12,-0.025882933287375204
2021-05-13,0.007731174437588113
2021-05-14,0.02207726574244575
2021-05-17,-0.006066597198029645
2021-05-18,-0.006751000254325822
2021-05-19,0.00114833279018754
2021-05-20,0.0193435428568749
2021-05-21,-0.005535007607724342
2021-05-24,0.01681935480575642
2021-05-25,0.0013836730372746295
2021-05-26,0.003483601631044128
2021-05-27,-0.0037410722269151206
2021-05-28,0.003154039840782289
2021-06-01,-0.0033237199200185654
2021-06-02,0.001952987957947269
2021-06-03,-0.010406028862436098
2021-06-04,0.016969979532541275
2021-06-07,0.002979635650565835
2021-06-08,0.0004748759980986235
2021-06-09,0.00023798037667904608
2021-06-10,0.010420274584409979
2021-06-11,0.002615171774182422
2021-06-14,0.009582730416453175
2021-06-15,-0.00653111137476894
2021-06-16,-0.003652391683051295
2021-06-17,0.012697707108144963
2021-06-18,-0.007847135046028422
2021-06-21,0.006214666764409899
2021-06-22,0.00932183101211572
2021-06-23,0.0004889704956706323
2021-06-24,0.006183146230661543
2021-06-25,-0.0012295697720343275
2021-06-28,0.012161757180472046
2021-06-29,0.003618882478695992
2021-06-30,-0.001577241750272805
2021-07-01,0.00039513317426758483
2021-07-02,0.011478395134066718
2021-07-06,0.004322038093479324
2021-07-07,0.002109945066094949
2021-07-08,-0.0060397042860316046
2021-07-09,0.006243460111748627
2021-07-12,0.003905994886003213
2021-07-13,0.0
2021-07-14,0.001793487734772617
2021-07-15,-0.007023600720307058
2021-07-16,-0.008099390899819784
2021-07-19,-0.008193519162254038
2021-07-20,0.011616546485090508
2021-07-21,0.007720124305985882
2021-07-22,0.006610484052886311
2021-07-23,0.011677467203774458
2021-07-26,0.0007876419634230802
2021-07-27,-0.01101813815504873
2021-07-28,0.0038416117511254045
2021-07-29,0.0017768565849573645
2021-07-30,-0.005211772212991989
2021-08-02,8.228555245293837e-05
2021-08-03,0.006061606518689759
2021-08-04,0.0014446335647573258
2021-08-05,0.006343053618902284
2021-08-06,-0.004382373194948039
2021-08-09,0.0018476464424231872
2021-08-10,-0.0051258454255780055
2021-08-11,-0.0017173039503568471
2021-08-12,0.003604436380146366
2021-08-13,0.0035098682283439073
2021-08-16,0.00043399843914189673
2021-08-17,-0.00880826588800941
2021-08-18,-0.009624589952428328
2021-08-19,0.00483164251337879
2021-08-20,0.01035828518379048
2021-08-23,0.014956419731643715
2021-08-24,0.0030545526556736394
2021-08-25,0.001148496020119491
2021-08-26,-0.006349837451552097
2021-08-27,0.009720058297697431
2021-08-30,0.011222336653859867
2021-08-31,-0.000815310587473124
2021-09-01,0.0016581318800584248
2021-09-02,-0.0004729440910275939
2021-09-03,0.003075508423761799
2021-09-07,0.0014153987997695368
2021-09-08,-0.0034808135117481266
2021-09-09,-0.003440147030035607
2021-09-10,-0.0075895718294259245
2021-09-13,-0.0006903515451620642
2021-09-14,-0.0028432789684765913
2021-09-15,0.007434726264151342
2021-09-16,0.0006878520547717082
2021-09-17,-0.01184212726941863
2021-09-20,-0.020663128881267784
2021-09-21,0.0012303962030540652
2021-09-22,0.009340378592511106
2021-09-23,0.009226972514343842
2021-09-24,0.0009384648781711231
2021-09-27,-0.00798227448920695
2021-09-28,-0.028297672929067843
2021-09-29,-0.0016394080027190949
2021-09-30,-0.0036741803196192056
2021-10-01,0.006201819357286916
2021-10-04,-0.020989288111587387
2021-10-05,0.013498877426854404
2021-10-06,0.006407910189484309
2021-10-07,0.009174789946380803
2021-10-08,-0.004986670506032187
2021-10-11,-0.007669504031426057
2021-10-12,-0.0034879177056722113
2021-10-13,0.008008073136474623
2021-10-14,0.018416786617661444
2021-10-15,0.006300613311725513
2021-10-18,0.010055617955551146
2021-10-19,0.007567611261697746
2021-10-20,-0.001304987013356793
2021-10-21,0.006106897369442302
2021-10-22,-0.008402398327771463
2021-10-25,0.010237910426058485
2021-10-26,0.003148672503199216
2021-10-27,0.0023211035136195845
2021-10-28,0.011105500934946614
2021-10-29,0.004918738196018559
2021-11-01,0.0034188694032931963
2021-11-02,0.004181397039965978
2021-11-03,0.01061553296568876
2021-11-04,0.012818742154228445
2021-11-05,0.0009539949704045999
2021-11-08,-0.0013546091855471435
2021-11-09,-0.006883342666210726
2021-11-10,-0.014697026591646293
2021-11-11,0.0027726046063694183
2021-11-12,0.01052248048136625
2021-11-15,-0.00022783968307659412
2021-11-16,0.007120975223082774
2021-11-17,0.0005284356366739554
2021-11-18,0.010361483968839793
2021-11-19,0.005575608234296546
2021-11-22,-0.01160953946567056
2021-11-23,-0.004557688885249052
2021-11-24,0.003220051542974655
2021-11-26,-0.018958575855948605
2021-11-29,0.021702419137172746
2021-11-30,-0.014686360716290104
2021-12-01,-0.017012939709064534
2021-12-02,0.007207175010274846
2021-12-03,-0.01738861929080723
2021-12-06,0.008013064223761435
2021-12-07,0.030113502579796527
2021-12-08,0.004474310415974924
2021-12-09,-0.01471401124839177
2021-12-10,0.01087020670522809
2021-12-13,-0.014446803259546802
2021-12-14,-0.01035014660015652
2021-12-15,0.022797317667222584
2021-12-16,-0.025714585515257467
2021-12-17,-0.004988979669204751
2021-12-20,-0.009700655271507085
2021-12-21,0.02238036775807544
2021-12-22,0.012178816719228826
2021-12-23,0.007538876542068293
2021-12-27,0.016527269381317836
2021-12-28,-0.004634773338654916
2021-12-29,-0.00014927170421526404
2021-12-30,-0.002988382362475327
2021-12-31,-0.0062445881478015025
2022-01-03,0.009626783552235929
2022-01-04,-0.012970378917474025
2022-01-05,-0.030721372454700708
2022-01-06,-0.0007026101583308048
2022-01-07,-0.01083261255206941
2022-01-10,0.0006578120115960758
2022-01-11,0.015022077610281064
2022-01-12,0.003965669068896358
2022-01-13,-0.025016155682815646
2022-01-14,0.006222547736369795
2022-01-18,-0.0248940247266823
2022-01-19,-0.010983673730549814
2022-01-20,-0.012988501974834643
2022-01-21,-0.02772866361060116
2022-01-24,0.004577769987483839
2022-01-25,-0.02318142272070972
2022-01-26,-0.0015646628426834563
2022-01-27,-0.010070364778221123
2022-01-28,0.03136882995668252
2022-01-31,0.031978585013401326
2022-02-01,0.006803642564493006
2022-02-02,0.008125419583381517
2022-02-03,-0.040544062270487256
2022-02-04,0.012615081250804959
2022-02-07,-0.008044559937721346
2022-02-08,0.011235367856008455
2022-02-09,0.021190705859298248
2022-02-10,-0.0226325417972107
2022-02-11,-0.03172165707530953
2022-02-14,0.0012391775552777699
2022-02-15,0.024864035396886506
2022-02-16,-0.00025281049970415795
2022-02-17,-0.029743660124066353
2022-02-18,-0.01140574632604937
2022-02-22,-0.010043538582974895
2022-02-23,-0.025614893334208952
2022-02-24,0.03360401740100969
2022-02-25,0.01550707398710128
2022-02-28,0.0029788551147865976
2022-03-01,-0.015311219682697502
2022-03-02,-0.0033040368540855776
2022-03-03,0.0
2022-03-04,0.0010653797454827701
2022-03-07,-0.0013015897349164308
2022-03-08,-0.001302868960414015
2022-03-09,-0.0005929762542194348
2022-03-10,-0.0008304921530558695
2022-03-11,-0.00035635548718437757
2022-03-14,-0.0026137867523228896
2022-03-15,0.0003577313602139802
2022-03-16,-0.0009524559367254743
2022-03-17,-0.0003583641134701462
2022-03-18,-0.00023787531365476733
2022-03-21,-0.003339341831611617
2022-03-22,-0.0007181890300497369
2022-03-23,0.0008385772525851827
2022-03-24,-0.00023964857721956454
2022-03-25,-0.0027524573291670493
2022-03-28,-0.0009597799986454888
2022-03-29,0.00048035103063427594
2022-03-30,0.0007206034337593988
2022-03-31,0.0
2022-04-01,-0.002088635994889164
2022-04-04,0.0006012381907769003
2022-04-05,-0.001803371279204549
2022-04-06,0.0007226729169024707
2022-04-07,0.0007223628434599158
2022-04-08,-0.0012026104393020372
2022-04-11,0.00024093883501729164
2022-04-12,0.002527553521827677
2022-04-13,0.00048054698672842915
2022-04-14,-0.001800340762568458
2022-04-18,0.0
2022-04-19,-0.0022844528972305136
2022-04-20,0.0006023250595644341
2022-04-21,-0.001685600930243994
2022-04-22,-0.00024151002043652485
2022-04-25,0.0015688670518168913
2022-04-26,0.0018070694422489973
2022-04-27,-0.00048087485358926937
2022-04-28,-0.0007220828171817595
2022-04-29,-0.00192634518885197
2022-05-02,-7.239992700558679e-05
2022-05-03,-0.0004828426821465096
2022-05-04,0.0026565989733680494
2022-05-05,-0.0016862859757957897
2022-05-06,-0.00012065245281024711
2022-05-09,0.0025342194982820605
2022-05-10,-0.0006015982208867958
2022-05-11,0.00012022259504761291
2022-05-12,0.0014449336556959173
2022-05-13,-0.00036073864807507173
2022-05-16,0.0006014480456800055
2022-05-17,-0.0021641229481512386
2022-05-18,0.0004822300197988748
2022-05-19,0.0014449336556959173
2022-05-20,0.000720631236582685
2022-05-23,-0.0004797930506732268
2022-05-24,0.0022836001286970125
2022-05-25,0.0007194494291928315
2022-05-26,0.00024003058729697412
2022-05-27,0.00023976220647836427
2022-05-31,-0.001557290537837366
2022-06-01,-0.001861215992337746
2022-06-02,0.00024052627783946294
2022-06-03,-0.0003601213060216151
2022-06-06,-0.0013238459119490206
2022-06-07,0.00012017227728265388
2022-06-08,-0.0007229584786387419
2022-06-09,-0.0007230577556287265
2022-06-10,-0.0042214719597805615
2022-06-13,-0.005088455743701022
2022-06-14,-0.0019474257125258062
2022-06-15,0.0039036306005524506
2022-06-16,0.001336878833834089
2022-06-17,-0.00024287041471429926
2022-06-21,-0.00036412740170187153
2022-06-22,0.0029144004917990795
2022-06-23,0.000847399278087753
2022-06-24,-0.0002416812423245206
2022-06-27,-0.0010890515541478242
2022-06-28,-0.00024242909481319918
2022-06-29,0.0012115874489891545
2022-06-30,0.0019365982392028026
2022-07-01,0.0030101667306457586
2022-07-05,-0.00012087087571796189
2022-07-06,-0.0027722154340281214
2022-07-07,-0.0007257370099762568
2022-07-08,-0.0012101214678543958
2022-07-11,0.00036383789527488265
2022-07-12,0.0004844800530727326
2022-07-13,-0.001088888102534643
2022-07-14,-0.000363819337104147
2022-07-15,0.0007270521504546736
2022-07-18,-0.0006056138435987095
2022-07-19,-0.0010901270665728735
2022-07-20,-0.00012175451775304434
2022-07-21,0.0027905740939822826
2022-07-22,0.002541116117182222
2022-07-25,-0.000844785768602454
2022-07-26,-0.0004835216582491404
2022-07-27,0.0015711710121017412
2022-07-28,0.002172160829105832
2022-07-29,-0.0001209367396194996
2022-08-01,-2.389423860215744e-05
2022-08-02,-0.0034958317830782668
2022-08-03,0.0003631808274475157
2022-08-04,0.0013298007738256855
2022-08-05,-0.00410559539236129
2022-08-08,0.0009699798675998752
2022-08-09,-0.0009690399183881381
2022-08-10,0.0009699798675998752
2022-08-11,-0.000363496223772568
2022-08-12,0.00024287953727674747
2022-08-15,0.0008479060206853363
2022-08-16,-0.0008471876851464502
2022-08-17,-0.0008484373567053171
2022-08-18,0.0014548634439581901
2022-08-19,-0.0007258970324352247
2022-08-22,-0.0013333898743354972
2022-08-23,0.00048539065646931244
2022-08-24,-0.0010910406807021634
2022-08-25,0.0006065472817768854
2022-08-26,-0.0002427485392252799
2022-08-29,-0.0007281030976954685
2022-08-30,-0.0004856492200104949
2022-08-31,-0.00012117821030334518
2022-09-01,-0.0007303550791974792
2022-09-02,0.0021921333230078745
2022-09-06,-0.00218733838564401
2022-09-07,0.0014612444353990011
2022-09-08,-0.001216157706406237
2022-09-09,-0.0008519630715758821
2022-09-12,-0.00012199576099418753
2022-09-13,-0.0034114945129901843
2022-09-14,-0.0008556057170057313
2022-09-15,-0.001101619109939786
2022-09-16,0.000490029204281005
2022-09-19,-0.0011018647817112757
2022-09-20,-0.0004903294700468401
2022-09-21,-0.0008585512391029209
2022-09-22,-0.001841164555399407
2022-09-23,-0.0012298507707089966
2022-09-26,-0.00221604741920811
2022-09-27,0.0
2022-09-28,0.004318701349748218
2022-09-29,-0.001351069747576427
2022-09-30,-0.0008616207351174796
2022-10-03,0.0021950685392567535
2022-10-04,0.0003688826247134351
2022-10-05,-0.0009837905364364573
2022-10-06,-0.0012309760932788856
2022-10-07,-0.0012324932630207914
2022-10-10,-0.0003705605613862938
2022-10-11,0.0004940478787912829
2022-10-12,0.0009871759965090416
2022-10-13,-0.002958391618573479
2022-10-14,-0.0004944561631240197
2022-10-17,0.001113103791165495
2022-10-18,0.0004944750467394592
2022-10-19,-0.0018526626433798376
2022-10-20,-0.0011135958721933583
2022-10-21,0.0026016122713388616
2022-10-24,-0.0002472068704269566
2022-10-25,0.000987990797781486
2022-10-26,0.000864529781776438
2022-10-27,0.002096972485856147
2022-10-28,-0.0014772260888228897
2022-10-31,-0.001479519366518082
2022-11-01,-0.0009770785114879632
2022-11-02,-0.0004952878994711524
2022-11-03,-0.001857195320287498
2022-11-04,0.001116889061899886
2022-11-07,-0.0008681794061349756
2022-11-08,0.0009925564227317414
2022-11-09,0.0016112372269185072
2022-11-10,0.005443631548683674
2022-11-11,-0.00024548256724465055
2022-11-14,-0.0008616575711534032
2022-11-15,0.0009853855635742618
2022-11-16,0.00012264884528423252
2022-11-17,-0.0012299923378055085
2022-11-18,-0.0011090450880741711
2022-11-21,-0.00024616550099850544
2022-11-22,0.0007398636737065425
2022-11-23,0.0008629309459269423
2022-11-25,0.00012340010207673657
2022-11-28,0.0002461243218269137
2022-11-29,-0.00036941827537481436
2022-11-30,0.0029563307802673447
2022-12-01,0.0021535118408289155
2022-12-02,-0.00024543691249141156
2022-12-05,-0.0028248769034595507
2022-12-06,0.0011084573556892992
2022-12-07,0.002091553681620314
2022-12-08,-0.0009819481015545175
2022-12-09,-0.0004914030709317354
2022-12-12,-0.0006152257219229041
2022-12-13,0.0029530781777979357
2022-12-14,0.0001227583764413416
2022-12-15,0.0001353597811662154
2022-12-16,0.0009829895239722227
2022-12-19,-0.0012275569555348625
2022-12-20,0.0
2022-12-21,0.0009834450388742553
2022-12-22,-0.0006142495643635264
2022-12-23,-0.0004917016790329639
2022-12-27,-0.0013526309248988253
2022-12-28,0.0
2022-12-29,0.0007385935645015891
2022-12-30,-0.0012301877545167613
2023-01-03,0.0008624920835548045
2023-01-04,0.0009845346593774491
2023-01-05,-0.0013526309248988253
2023-01-06,0.003817619541962759
2023-01-09,0.0009808327946789661
2023-01-10,-0.0008577341175575339
2023-01-11,0.0008584704569573814
2023-01-12,0.002205830396506993
2023-01-13,-0.0017115861889723017
2023-01-17,0.0006128386338247085
2023-01-18,0.002202653489497101
2023-01-19,-0.0002440007367823728
2023-01-20,-0.0008554329020680736
2023-01-23,-0.000977821373569451
2023-01-24,0.00036692216385506926
2023-01-25,0.0006116318589118103
2023-01-26,-0.0006112579940486356
2023-01-27,0.0
2023-01-30,-0.0009788450713517298
2023-01-31,0.001837332487201781
2023-02-01,0.0017392347175872575
2023-02-02,0.00129406834217869
2023-02-03,-0.01495600745323457
2023-02-06,-0.007403698118632374
2023-02-07,-0.00802565944404538
2023-02-08,0.004759260581571663
2023-02-09,-0.009473434619188127
2023-02-10,-0.011189557515909115
2023-02-13,0.00841470524715465
2023-02-14,-0.002301726544626881
2023-02-15,-0.009325379906780139
2023-02-16,-0.01416778824969243
2023-02-17,0.00777610272945037
2023-02-21,-0.019437103630530552
2023-02-22,0.009164107503491047
2023-02-23,0.00977197420135391
2023-02-24,-0.013000955464154997
2023-02-27,0.002773211166477631
2023-02-28,0.004543221886194127
2023-03-01,-0.010743401638405412
2023-03-02,0.008275779380349601
2023-03-03,0.020673690330593665
2023-03-06,0.00113468307359306
2023-03-07,-0.012265999180188619
2023-03-08,0.004994258958575612
2023-03-09,-0.017325945814511003
2023-03-10,-0.014043680562109384
2023-03-13,0.007416415961456417
2023-03-14,0.022980049804442335
2023-03-15,0.005246061051306735
2023-03-16,0.026360593167313227
2023-03-17,-0.0047261845866943195
2023-03-20,0.0035491945147661233
2023-03-21,0.014282171278224676
2023-03-22,-0.01359804425499906
2023-03-23,0.011858208260176568
2023-03-24,0.003680588283172573
2023-03-27,-0.006851717880263485
2023-03-28,-0.005311465553801611
2023-03-29,0.018233897209859115
2023-03-30,0.009465627307571377
2023-03-31,0.016630627445292638
2023-04-03,-0.002430640619571865
2023-04-04,-0.0033732913336833306
2023-04-05,-0.009872498598443503
2023-04-06,0.006742234577900726
2023-04-10,-0.0005658457760033634
2023-04-11,-0.006417691957444517
2023-04-12,-0.008833933230964907
2023-04-13,0.01958215521730281
2023-04-14,-0.0018798913550157807
2023-04-17,0.0008475785974044652
2023-04-18,6.247733976173095e-05
2023-04-19,-0.0004703078398110803
2023-04-20,-0.007624466577391788
2023-04-21,0.001043353492828052
2023-04-24,-0.002084335464955156
2023-04-25,-0.01886381111363416
2023-04-26,0.0060645335287403904
2023-04-27,0.02719091636742523
2023-04-28,0.006898701320909459
2023-05-01,-0.0011471326989751264
2023-05-02,-0.008721574458654733
2023-05-03,-0.0065438645629467985
2023-05-04,-0.003529850896343554
2023-05-05,0.02125432617583973
2023-05-08,0.0024775801266108803
2023-05-09,-0.00633307223189039
2023-05-10,0.010881706823895047
2023-05-11,0.0032598703384730085
2023-05-12,-0.003586581673166877
2023-05-15,0.005414942237487917
2023-05-16,0.0011323793243098572
2023-05-17,0.012103962117476504
2023-05-18,0.01857317456279917
2023-05-19,-0.0022532649084998735
2023-05-22,0.003358024517787494
2023-05-23,-0.0126763031608206
2023-05-24,-0.005129403600974472
2023-05-25,0.024332830452522342
2023-05-26,0.025550302220485904
2023-05-30,0.00453516521941734
2023-05-31,-0.005686229554092952
2023-06-01,0.011552072427750913
2023-06-02,0.00750004421101031
2023-06-05,0.00070483098405762
2023-06-06,-0.00016908940444396422
2023-06-07,-0.01696539501859772
2023-06-08,0.01241323101196556
2023-06-09,0.0038228359583491207
2023-06-12,0.016897201178534323
2023-06-13,0.007683832893708691
2023-06-14,0.0072675127238023855
2023-06-15,0.011915791038887562
2023-06-16,-0.006292841495597709
2023-06-20,-0.0014317037791007287
2023-06-21,-0.013627633513066848
2023-06-22,0.011798922571889593
2023-06-23,-0.009913523845774274
2023-06-26,-0.013405195115403903
2023-06-27,0.017193905833784422
2023-06-28,0.001951698515931695
2023-06-29,-0.0020026374411943213
2023-06-30,0.015420246507617938
2023-07-03,0.0023549785385552956
2023-07-05,-2.7113185293103187e-05
2023-07-06,-0.0076158217700437346
2023-07-07,-0.003320257401999243
2023-07-10,0.0003275134279232398
2023-07-11,0.004940618068919387
2023-07-12,0.012630083289608154
2023-07-13,0.016978817476399018
2023-07-14,-0.00021093506044851204
2023-07-17,0.009338531100093198
2023-07-18,0.008180751885025584
2023-07-19,-0.0002333586514577422
2023-07-20,-0.023051963595935452
2023-07-21,-0.002999378938149236
2023-07-24,0.0015973758814777548
2023-07-25,0.006777607367538535
2023-07-26,-0.0033262321087010093
2023-07-27,-0.002384067944783748
2023-07-28,0.01821482154628115
2023-07-31,0.0005211806013175899
2023-08-01,-0.002319382258499892
2023-08-02,-0.02194422912741631
2023-08-03,-0.0016024173496443773
2023-08-04,-0.004681752118351261
2023-08-07,0.008466726402700235
2023-08-08,-0.008502430603249232
2023-08-09,-0.010994535778468581
2023-08-10,0.0018480198417549583
2023-08-11,-0.006375604248390182
2023-08-14,0.011222448325399825
2023-08-15,-0.010611874791963108
2023-08-16,-0.010588866416920742
2023-08-17,-0.010922875416667132
2023-08-18,-0.0012550833084408622
2023-08-21,0.016111535282616694
2023-08-22,-0.001429176538237519
2023-08-23,0.01576884686805565
2023-08-24,-0.02137572717539569
2023-08-25,0.0077514236887349175
2023-08-28,0.007527088578800938
2023-08-29,0.02183982596481379
2023-08-30,0.005576856423213079
2023-08-31,0.0029985008732809036
2023-09-01,-0.0010581586805481604
2023-09-05,0.0012711684072585839
2023-09-06,-0.008807791885127425
2023-09-07,-0.007151679523272238
2023-09-08,0.0013975811295052025
2023-09-11,0.01178264636059845
2023-09-12,-0.011088371132718352
2023-09-13,0.0038092452448219246
2023-09-14,0.008177163514530692
2023-09-15,-0.01712309467847967
2023-09-18,0.0010424358396080521
2023-09-19,-0.00213118417924623
2023-09-20,-0.01441040566812926
2023-09-21,-0.018324716766974506
2023-09-22,0.00013972504435684718
2023-09-25,0.004749814376366161
2023-09-26,-0.01501617877175978
2023-09-27,0.002343283804423165
2023-09-28,0.008365204024291778
2023-09-29,0.0007260750049784905
2023-10-02,0.008345926828702012
2023-10-03,-0.017549631065628932
2023-10-04,0.013608752795239416
2023-10-05,-0.0029467631073368922
2023-10-06,0.01675555004448135
2023-10-09,0.0051000134891722795
2023-10-10,0.005537891282971486
2023-10-11,0.007135366326655548
2023-10-12,-0.003475016784794272
2023-10-13,-0.012569860994533952
2023-10-16,0.011306370408940482
2023-10-17,-0.0032753552684588994
2023-10-18,-0.013118004891202276
2023-10-19,-0.009356885789515853
2023-10-20,-0.014917867831488294
2023-10-23,0.0030173948572731007
2023-10-24,0.00972787959818239
2023-10-25,-0.024475695210567586
2023-10-26,-0.019067106256105203
2023-10-27,0.004801358924926225
2023-10-30,0.011265168383392159
2023-10-31,0.004782426524610662
2023-11-01,0.017356770441714773
2023-11-02,0.018153186159108534
2023-11-03,0.01174885459043874
2023-11-06,0.004079380839647304
2023-11-07,0.009452674001111347
2023-11-08,0.0006438253971505792
2023-11-09,-0.00769546703485331
2023-11-10,0.022482259135755658
2023-11-13,-0.0031185509528604926
2023-11-14,0.021526558393577998
2023-11-15,0.0007525672709194651
2023-11-16,0.0008555896646700225
2023-11-17,0.00023337710829518104
2023-11-20,0.012174827653188947
2023-11-21,-0.005809452099941068
2023-11-22,0.004092999977708538
2023-11-24,-0.0014100162557686732
2023-11-27,-0.0008727830112264932
2023-11-28,0.0026207160344913667
2023-11-29,-0.0009738758189410296
2023-11-30,-0.002514018635778226
2023-12-01,0.0028547365133994927
2023-12-04,-0.00928342122380598
2023-12-05,0.0025108596769931515
2023-12-06,-0.005783946686904977
2023-12-07,0.013972320878929901
2023-12-08,0.0044567395685130105
2023-12-11,0.008542238266976584
2023-12-12,0.007964202874235295
2023-12-13,0.01271713832273163
2023-12-14,-0.000866698616280373
2023-12-15,0.0048337625189394115
2023-12-18,0.006298771372417585
2023-12-19,0.005109577918989727
2023-12-20,-0.0148599368957643
2023-12-21,0.011635596271475729
2023-12-22,0.0014960424458554406
2023-12-26,0.006121622823960905
2023-12-27,0.0020358152401924994
2023-12-28,-0.00048610127292927517
2023-12-29,-0.0043275848987068734
2024-01-02,-0.01692237605306998
2024-01-03,-0.010581393336883611
2024-01-04,-0.005146478981395884
2024-01-05,0.0011859501933731635
2024-01-08,0.02066805394254237
2024-01-09,0.001975473063451149
2024-01-10,0.0067774099661949755
2024-01-11,0.0020810838279118975
2024-01-12,0.0005130076132054195
2024-01-16,-9.774122523047994e-05
2024-01-17,-0.005640817217684711
2024-01-18,0.014194129934215278
2024-01-19,0.019830960397901106
2024-01-22,0.0013058531550669196
2024-01-23,0.004149568584348525
2024-01-24,0.005549250816413559
2024-01-25,0.0012212156057351548
2024-01-26,-0.005957465348691556
2024-01-29,0.010240349171646547
2024-01-30,-0.00665660828684677
2024-01-31,-0.019586001785369938
2024-02-01,0.01177518638043289
2024-02-02,0.01690059149868692
2024-02-05,-0.0013052569227978092
2024-02-06,-0.0020071602227191288
2024-02-07,0.010290143244841244
2024-02-08,0.0018518203977167546
2024-02-09,0.009843026063985643
2024-02-12,-0.003912519986033596
2024-02-13,-0.015596912449104829
2024-02-14,0.010897268025243125
2024-02-15,0.0029776259275423396
2024-02-16,-0.009067743768958822
2024-02-20,-0.0075481235569763785
2024-02-21,-0.004001606960500868
2024-02-22,0.02927558533094284
2024-02-23,-0.0029446600244910116
2024-02-26,-0.0005266509852732649
2024-02-27,0.0024052902769636864
2024-02-28,-0.005324630844767707
2024-02-29,0.008569382128763717
2024-03-01,0.015056997956024375
2024-03-04,-0.0035681375880857263
2024-03-05,-0.017949686602845124
2024-03-06,0.0062837455875046164
2024-03-07,0.015178152559346026
2024-03-08,-0.014434889605656247
2024-03-11,-0.0037127391493280214
2024-03-12,0.014335011500087983
2024-03-13,-0.0076860546429127945
2024-03-14,-0.0025212909955038276
2024-03-15,-0.011886852192253052
2024-03-18,0.009537276115241855
2024-03-19,0.002491570612499212
2024-03-20,0.011856763712548896
2024-03-21,0.004732056481181823
2024-03-22,0.001143983463173642
2024-03-25,-0.0036292456411094703
2024-03-26,-0.0032377312550974074
2024-03-27,0.003406148195832249
2024-03-28,-0.0018433967043089093
2024-04-01,0.002117125808998248
2024-04-02,-0.008630170017045483
2024-04-03,0.0022442448905893816
2024-04-04,-0.01529072647840382
2024-04-05,0.011783870192912065
2024-04-08,0.00029524052064535674
2024-04-09,0.003699662699896942
2024-04-10,-0.008728625634214058
2024-04-11,0.015968225348202657
2024-04-12,-0.015941900905502192
2024-04-15,-0.016450887903074585
2024-04-16,9.281528631901963e-05
2024-04-17,-0.012201495478400107
2024-04-18,-0.005706303958559594
2024-04-19,-0.020689200413078604
2024-04-22,0.010056802205187518
2024-04-23,0.014922787102771532
2024-04-24,0.003387636034066207
2024-04-25,-0.0048296756941240675
2024-04-26,0.015431656078121284
2024-04-29,0.004060193709648157
2024-04-30,-0.01885608988701107
2024-05-01,-0.007230631241666158
2024-05-02,0.012763332112531566
2024-05-03,0.020098541904572286
2024-05-06,0.010953434042683709
2024-05-07,0.00015893082744670075
2024-05-08,-0.0005904714797851468
2024-05-09,0.0021814472576036415
2024-05-10,0.0023583475400420968
2024-05-13,0.0023072661959064
2024-05-14,0.0064322572919664365
2024-05-15,0.015630186086355413
2024-05-16,-0.0020311942224597664
2024-05-17,-0.0004868561828067324
2024-05-20,0.006972682462032626
2024-05-21,0.001956495468442216
2024-05-22,-0.00019746533469254966
2024-05-23,-0.004498498770296352
2024-05-24,0.009456597168030182
2024-05-28,0.0037775716448049663
2024-05-29,-0.0070483459087913505
2024-05-30,-0.010713476716183027
2024-05-31,-0.0018601281671171027
2024-06-03,0.005369205233047435
2024-06-04,0.002736588763568993
2024-06-05,0.02015980589535165
2024-06-06,-0.00034525453116555823
2024-06-07,-0.0008848534783796419
2024-06-10,0.004039229297338661
2024-06-11,0.00686269853654565
2024-06-12,0.013097792139884542
2024-06-13,0.005420298778303702
2024-06-14,0.005181134095351676
2024-06-17,0.0122499052155575
2024-06-18,0.00030915000512806557
2024-06-20,-0.0077078819784099015
2024-06-21,-0.0026792846447424097
2024-06-24,-0.01138467947750034
2024-06-25,0.011435540878951867
2024-06-26,0.0020652177622765703
2024-06-27,0.0025812303228340467
2024-06-28,-0.005190832511876696
2024-07-01,0.005865131926326227
2024-07-02,0.010499637572450279
2024-07-03,0.008337078637440406
2024-07-05,0.010426716071021065
2024-07-08,0.0023783205868639504
2024-07-09,0.0008646934450389897
2024-07-10,0.010426396089561927
2024-07-11,-0.021930198471524553
2024-07-12,0.005874937459442374
2024-07-15,0.00268789365461206
2024-07-16,0.00038283102704549083
2024-07-17,-0.029354882085525544
2024-07-18,-0.004732504684736234
2024-07-19,-0.008863700700143317
2024-07-22,0.014897953881130237
2024-07-23,-0.0035247537274181065
2024-07-24,-0.03587024758110233
2024-07-25,-0.011027787444886378
2024-07-26,0.010255925253508323
2024-07-29,0.0020087982522981793
2024-07-30,-0.01373135428817185
2024-07-31,0.029593690864250042
2024-08-01,-0.024221362133138594
2024-08-02,-0.023734911488027578
2024-08-05,-0.029816297607698817
2024-08-06,0.009555040661693603
2024-08-07,-0.010829806144805472
2024-08-08,0.030591078903107694
2024-08-09,0.005222374625495691
2024-08-12,0.0021535702132632153
2024-08-13,0.02481275402940362
2024-08-14,0.00032432668345735717
2024-08-15,0.025263061407757872
2024-08-16,0.0012858170752291158
2024-08-19,0.013135975171623397
2024-08-20,-0.002098479199103958
2024-08-21,0.004664016133056839
2024-08-22,-0.015854836760388537
2024-08-23,0.01084546860109779
2024-08-26,-0.00970834637259105
2024-08-27,0.0029872892624553675
2024-08-28,-0.011347466757833342
2024-08-29,-0.0014638168203299931
2024-08-30,0.011919416191217525
2024-09-03,-0.03036089302257329
2024-09-04,-0.002598471598965451
2024-09-05,0.0009335788473685709
2024-09-06,-0.02678733619439699
2024-09-09,0.012859705746210372
2024-09-10,0.009241704728569798
2024-09-11,0.021715442270263386
2024-09-12,0.009816112088677671
2024-09-13,0.004479905041016817
2024-09-16,-0.004417842271724413
2024-09-17,0.0005282378967442986
2024-09-18,-0.004329615931661842
2024-09-19,0.02528420983291997
2024-09-20,-0.0019033032293120193
2024-09-23,0.0026507145174833836
2024-09-24,0.004823651303330352
2024-09-25,0.0009270732443117766
2024-09-26,0.007513017099721844
2024-09-27,-0.005556972238315165
2024-09-30,0.0027119668529784896
2024-10-01,-0.01393256218499804
2024-10-02,0.00141305741659464
2024-10-03,-0.0007470750062666672
2024-10-04,0.011898126992342582
2024-10-07,-0.010711700984792556
2024-10-08,0.0149346151404061
2024-10-09,0.007868523737810546
2024-10-10,-0.0011356056406101628
2024-10-11,0.0015631938593184353
2024-10-14,0.008391419807612174
2024-10-15,-0.013366840279940017
2024-10-16,0.0001221502027975976
2024-10-17,0.0006926860242823783
2024-10-18,0.006554658181054901
2024-10-21,0.001921330137246773
2024-10-22,0.001089957488733466
2024-10-23,-0.01532377893521612
2024-10-24,0.008108699240543244
2024-10-25,0.006093594490662748
2024-10-28,0.0001615631144190474
2024-10-29,0.009608403409451533
2024-10-30,-0.007557580930652036
2024-10-31,-0.02524280370188042
2024-11-01,0.007398982959989465
2024-11-04,-0.002913279882621351
2024-11-05,0.012756937233960907
2024-11-06,0.027163168147374708
2024-11-07,0.015744302095488442
2024-11-08,0.001168372263668437
2024-11-11,-0.0005833245096182891
2024-11-12,-0.0018099673467972426
2024-11-13,-0.0012868240004485943
2024-11-14,-0.006949715078832643
2024-11-15,-0.023825846760551293
2024-11-18,0.006947541914787621
2024-11-19,0.006879755173857263
2024-11-20,-0.0005759216384095035
2024-11-21,0.003597142797103686
2024-11-22,0.001603954047372775
2024-11-25,0.0015816995798366702
2024-11-26,0.005369298144249298
2024-11-27,-0.007873510094749646
2024-11-29,0.008786847986102296
2024-12-02,0.010887829275663239
2024-12-03,0.0030664922532768614
2024-12-04,0.012362840779691135
2024-12-05,-0.0027713514300072048
2024-12-06,0.008949777602492723
2024-12-09,-0.007787412309638755
2024-12-10,-0.0034077972156476835
2024-12-11,0.01790255100397345
2024-12-12,-0.006453821182894954
2024-12-13,0.007654443118097424
2024-12-16,0.01440039195301677
2024-12-17,-0.004403582070401866
2024-12-18,-0.03607700557994272
2024-12-19,-0.004453173043217248
2024-12-20,0.008732509680139323
2024-12-23,0.009742667620634471
2024-12-24,0.01355976259584976
2024-12-26,-0.0006792316783991318
2024-12-27,-0.013293188654421029
2024-12-30,-0.01329988890992139
2024-12-31,-0.008494678179296547
2025-01-02,-0.001956006911613724
2025-01-03,0.0163652190372395
2025-01-06,0.011492786221713146
2025-01-07,-0.017844144490373078
2025-01-08,0.00017450030246320827
2025-01-10,-0.01568090400830909
2025-01-13,-0.00321384935266995
2025-01-14,-0.0009494935425672864
2025-01-15,0.0230063819784895
2025-01-16,-0.007005998231896927
2025-01-17,0.01687823874678611
2025-01-21,0.005865138620735626
2025-01-22,0.012785865748585574
2025-01-23,0.002126021000797924
2025-01-24,-0.005651159769927385
2025-01-27,-0.029114460134022642
2025-01-28,0.014779702617551859
2025-01-29,-0.001878069291449671
2025-01-30,0.004262414195661665
2025-01-31,-0.001453021064627722
2025-02-03,-0.008003185811964261
2025-02-04,0.012275322009791126
2025-02-05,0.0045379768904236905
2025-02-06,0.005219761699775084
2025-02-07,-0.012613379080135939
2025-02-10,0.012105201947981932
2025-02-11,-0.002380848815460549
2025-02-12,0.0005873353569472924
2025-02-13,0.014385580584150019
2025-02-14,0.004198717952399368
2025-02-18,0.002266898049866038
2025-02-19,0.0002783419493043334
2025-02-20,-0.004244702991725539
2025-02-21,-0.020754512257733504
2025-02-24,-0.0118044460461032
2025-02-25,-0.012599271164883494
2025-02-26,0.002415522948607183
2025-02-27,-0.027771268248165358
2025-02-28,0.01579167417215675
2025-03-03,-0.02188250123035773
2025-03-04,-0.0030178674545728564
2025-03-05,0.013035941517409007
2025-03-06,-0.02750920465954163
2025-03-07,0.007353463585682366
2025-03-10,-0.038756353713487464
2025-03-11,-0.0023904388695243036
2025-03-12,0.011280720036462301
2025-03-13,-0.0179903551097855
2025-03-14,0.024170449148636804
2025-03-17,0.006483752761449871
2025-03-18,-0.017047448196371835
2025-03-19,0.013381434073356525
2025-03-20,-0.003389487513532734
2025-03-21,0.0032965977967668487
2025-03-24,0.021944320876630962
2025-03-25,0.005706583417969954
2025-03-26,-0.01840066476478241
2025-03-27,-0.0056980288342642045
2025-03-28,-0.026327691258303754
2025-03-31,-4.2727428040163e-05
2025-04-01,0.00806108343430741
2025-04-02,-0.0006556925469288015
2025-04-03,0.004593570672708556
2025-04-04,0.010887294353565294
2025-04-07,-0.03015593067424613
2025-04-08,-0.018878494126144018
2025-04-09,0.005885614144539943
2025-04-10,-0.02756846124270307
2025-04-11,0.0054387944888262246
2025-04-14,0.007135433547082278
2025-04-15,0.0035423005779068764
2025-04-16,0.005579634228606981
2025-04-17,-0.008832512749717056
2025-04-21,-0.017479531702061457
2025-04-22,0.005581250341496026
2025-04-23,0.009713095047283219
2025-04-24,0.010535975937773083
2025-04-25,0.007366328102780334
2025-04-28,0.006299926549787145
2025-04-29,0.008384486886089202
2025-04-30,-0.008093141883789318
2025-05-01,-0.005070293992546668
2025-05-02,-0.0019347346039359657
2025-05-05,-0.00012123418143874592
2025-05-06,0.0008481597060360197
2025-05-07,0.0003635353835448638
2025-05-08,-0.002057766188777141
2025-05-09,0.00048501863707431164
2025-05-12,-0.0018183266034661244
2025-05-13,-0.00024283330427635677
2025-05-14,-0.0007288714850683524
2025-05-15,0.0019449451584285014
2025-05-16,-0.000242694808508256
2025-05-19,0.0003642764125918894
2025-05-20,0.00012147843728583351
2025-05-21,-0.0006066382137181666
2025-05-22,0.0006070064470249052
2025-05-23,0.0006061523589898964
2025-05-27,0.0003637818551903494
2025-05-28,-0.0007272020553869548
2025-05-29,0.001091451173467876
2025-05-30,0.0012113689934953086
2025-06-02,-0.0008254055085640668
2025-06-03,0.007817104310561238
2025-06-04,0.0027881101555280578
2025-06-05,-0.007527192182265034
2025-06-06,0.00977531050717636
2025-06-09,0.0014720625902641593
2025-06-10,0.006613965567400396
2025-06-11,-0.0033696449159584924
2025-06-12,0.0023478403113029846
2025-06-13,-0.012554638400408533
2025-06-16,0.013909886423199722
2025-06-17,-0.00975127395341871
2025-06-18,-0.00017018557778874916
2025-06-20,-0.004083173914533708
2025-06-23,0.010282510632151926
2025-06-24,0.01529195891812494
2025-06-25,0.0025564690541223733
2025-06-26,0.009350308950453346
2025-06-27,0.0034235866914867335
2025-06-30,0.006477020266003193
2025-07-01,-0.008429354064477586
2025-07-02,0.006965372918898564
2025-07-03,0.009840159684269566
2025-07-07,-0.007532902641030279
2025-07-08,0.0005616266219471006
2025-07-09,0.007078858912885475
2025-07-10,-0.001438224658395431
2025-07-11,-0.0022503590792759725
2025-07-14,0.0036268629352664786
2025-07-15,0.00091690512785843
2025-07-16,0.001023805123260226
2025-07-17,0.008092721541020044
2025-07-18,-0.0009612193454244878
2025-07-21,0.00518481514219793
2025-07-22,-0.005175700346951041
2025-07-23,0.004561186770523782
2025-07-24,0.002128573088359412
2025-07-25,0.0024068893690377168
2025-07-28,0.003125096202666662
2025-07-29,-0.0015489273672578757
2025-07-30,0.0013399623282378472
2025-07-31,-0.0052990680155504755
2025-08-01,-0.01969898399083359
2025-08-04,0.0184517137906634
2025-08-05,-0.0067895825807945094
2025-08-06,0.012583229636434802
2025-08-07,0.003384450896514259
2025-08-08,0.009328019162937275
2025-08-11,-0.002958790112362432
2025-08-12,0.01256871683386267
2025-08-13,0.0005000983262105925
2025-08-14,-0.0007754261220431854
2025-08-15,-0.004397420707790357
2025-08-18,-0.0003984474267920644
2025-08-19,-0.013567505729100511
2025-08-20,-0.005937311139476287
2025-08-21,-0.00462980793066701
2025-08-22,0.01542738217010709
2025-08-25,-0.002884764726269896
2025-08-26,0.004015326726342367
2025-08-27,0.0015368358122414215
2025-08-28,0.006259949107671425
2025-08-29,-0.011575394536417183
2025-09-02,-0.008380296546320293
2025-09-03,0.007867493880180817
2025-09-04,0.009051451050515621
2025-09-05,0.0014429597067376506
2025-09-08,0.004877998872660155
2025-09-09,0.0028330916301990833
2025-09-10,0.00032721229192962713
2025-09-11,0.005820655185279121
2025-09-12,0.004417169402083398
2025-09-15,0.00855699397089247
2025-09-16,-0.0008452331073221924
2025-09-17,-0.0019958601919614783
2025-09-18,0.009017073815117313
2025-09-19,0.006769298419933279
2025-09-22,0.005919993935985725
2025-09-23,-0.006642258732519889
2025-09-24,-0.0035105829529757586
2025-09-25,-0.00431125781556285
2025-09-26,0.004110789220284908
2025-09-29,0.004631171139209039
2025-09-30,0.0027392231872349435
2025-10-01,0.0047969135675109105
2025-10-02,0.00411103473611898
2025-10-03,-0.004209714080001879
2025-10-06,0.007510254125414219
2025-10-07,-0.005265708175389332
2025-10-08,0.011463815993022501
2025-10-09,-0.0012102115498329954
2025-10-10,-0.03471431682782375
2025-10-13,0.021221341488786252
2025-10-14,-0.0066609590000412545
2025-10-15,0.007056944180533404
2025-10-16,-0.0037030207122128915
2025-10-17,0.006566665968266395
2025-10-20,0.012600782960679858
2025-10-21,-0.00026141591362104257
2025-10-22,-0.009634095542761404
2025-10-23,0.008406357938637556
2025-10-24,0.010678260300157909
2025-10-27,0.017809398564007248
2025-10-28,0.007689819568517578
2025-10-29,0.004503032864379234
2025-10-30,-0.015288669867684799
2025-10-31,0.0048240641756276716
2025-11-03,0.0047847225769421685
2025-11-04,-0.02029799851914632
2025-11-05,0.0065078980763679595
2025-11-06,-0.01862719479137479
2025-11-07,-0.0031554719844214423
2025-11-10,0.0221242306724122
2025-11-11,-0.0026635185916943087
2025-11-12,-0.0007882655572938834
2025-11-13,-0.020416188956998035
2025-11-14,0.000756243392445569
2025-11-17,-0.008540613513343658
2025-11-18,-0.012175804970950659
2025-11-19,0.0059701243889890565
2025-11-20,-0.023671816507924305
2025-11-21,0.007512713932308722
2025-11-24,0.025573201129228958
2025-11-25,0.00616380909377678
2025-11-26,0.008835679010244424
2025-11-28,0.0081072091079145
2025-12-01,-0.0033589662464492943
2025-12-02,0.007825981116655945
2025-12-03,0.0024439059550206547
2025-12-04,-0.0009302734525979501
2025-12-05,0.004077464441421038
2025-12-08,-0.0019185406972982194
2025-12-09,0.0012332556446125588
2025-12-10,0.004095879828814611
2025-12-11,-0.0032344945003138837
2025-12-12,-0.01911823188801019
2025-12-15,-0.005019519743847396
2025-12-16,0.0019818593380055475
2025-12-17,-0.0185370165453443
2025-12-18,0.014490078911355635
2025-12-19,0.013035454491181757
2025-12-22,0.004793456237575116
2025-12-23,0.004683354330886224
2025-12-24,0.0029256587925206934
2025-12-26,-6.419459876069088e-05
2025-12-29,-0.004840622751142889
2025-12-30,-0.0023193379001987314
2025-12-31,-0.00826562882194249
2026-01-02,-0.0019370545983213722
2026-01-05,0.007942853963580819
2026-01-06,0.008786634057363846
2026-01-07,0.0009625279177794074
2026-01-08,-0.005689038920752012
2026-01-09,0.009960245876235136
2026-01-12,0.0008297347213977541
2026-01-13,-0.0014828122674714053
2026-01-14,-0.010682812199433749
2026-01-15,0.0035994548970399516
2026-01-16,-0.0008363319707028705
2026-01-20,-0.021247166847262904
2026-01-21,0.013518365705840306
2026-01-22,0.00726940452316737
2026-01-23,0.003157455136937006
2026-01-26,0.004400072187147639
2026-01-27,0.00906533055967758
2026-01-28,0.0033114880182957625
2026-01-29,-0.005985223797406113
2026-01-30,-0.012010902567618307
2026-02-02,0.0068664630845992215
2026-02-03,-0.015364061652258702
2026-02-04,-0.017469043474581093
2026-02-05,-0.014395220182708952
2026-02-06,0.02113783192149799
2026-02-09,0.007660174895975259
2026-02-10,-0.004639384252013562
2026-02-11,0.0026821055414890547
2026-02-12,-0.02033892582622547
2026-02-13,0.0021311276164202764
2026-02-17,-0.0010301794241882058
2026-02-18,0.0074672090574093575
2026-02-19,-0.003829723780085578
2026-02-20,0.008848865090479274
2026-02-23,-0.012154951565187292
2026-02-24,0.01074148660659369
2026-02-25,0.014493219410373523
2026-02-26,-0.012064582654502144
2026-02-27,-0.003200773469155525
2026-03-02,0.0013174578187097768
2026-03-03,-0.01070567001281381
2026-03-04,0.01524315846558727
2026-03-05,-0.003012765824315592
2026-03-06,-0.015043169643427385
2026-03-09,0.013355523441756887
2026-03-10,1.6526024155001208e-05
2026-03-11,-0.00013170217452684456
2026-03-12,-0.017163245234439083
2026-03-13,-0.005927220208166386
2026-03-16,0.011217504869518162
2026-03-17,0.00488022377093938
2026-03-18,-0.013939688446374566
2026-03-19,-0.003160259261089424
2026-03-20,-0.018481653840489713
2026-03-23,0.01147893704434811
2026-03-24,-0.0068368493321682685
2026-03-25,0.0065756646049699415
2026-03-26,-0.023867936102021
2026-03-27,-0.019536653277730874
2026-03-30,-0.007643399496543069
2026-03-31,0.03385390303471736
2026-04-01,0.012353248936580354
2026-04-02,0.0011465661844940454
2026-04-06,0.006017362300125734
2026-04-07,0.00015299270145823247
2026-04-08,0.029732056399946544
2026-04-09,0.0067646904773894885
2026-04-10,0.0014421634998612667
2026-04-13,0.010342458753533778
2026-04-14,0.018156976393978976
2026-04-15,0.013999461125057617
2026-04-16,0.0048164068171478325
2026-04-17,0.013084099653997745
2026-04-20,-0.003174857848306293
2026-04-21,-0.0038033525449069944
2026-04-22,0.016730653873212396
2026-04-23,-0.005632759995443672
2026-04-24,0.019127514037256724
2026-04-27,0.0005271905772746034
2026-04-28,-0.010056741196311206
2026-04-29,0.00611361332193393
2026-04-30,0.009326188605504035
2026-05-01,0.00959964150883596
2026-05-04,-0.0018838353264987936
2026-05-05,0.012974028218234124
2026-05-06,0.020774385215872715
2026-05-07,-0.0011929535040877339
2026-05-08,0.02344088518133823
2026-05-11,0.0028963137231159167
2026-05-12,-0.008481796863919259
2026-05-13,0.010562283683906052
2026-05-14,0.007107708241636406
2026-05-15,-0.015087657190182286
2026-05-18,-0.0043023111948440945
2026-05-19,-0.006162428965955043
2026-05-20,0.016563783317203318
2026-05-21,0.001906979636383909
2026-05-22,0.004240633637315179
2026-05-26,0.01775519420859828
2026-05-27,-0.0011365794052314313
2026-05-28,0.008430907104224694
2026-05-29,0.003684089913546202
2026-06-01,0.006000274716762544
2026-06-02,0.004604447930300161
2026-06-03,-0.002613257055748965
2026-06-04,-0.004837399690344614
2026-06-05,-0.04800095670568177
2026-06-08,0.015615670011939782
2026-06-09,-0.01150729054456504
2026-06-10,-0.01997650077594794
2026-06-11,0.03377584389129718
2026-06-12,0.005884676445148099
2026-06-15,0.03141377061235094
2026-06-16,-0.019005412853389282
2026-06-17,-0.010070425515599668
2026-06-18,0.02506548259018142
2026-06-22,-0.002510162176099348
2026-06-23,-0.0329289971913366
2026-06-24,-0.004245791899862597
2026-06-25,0.008105545686541602
2026-06-26,-0.013763553147168534
2026-06-29,0.024854164910073227
2026-06-30,0.017014713891123585
2026-07-01,-0.015249963514154061
2026-07-02,-0.017333825266663053
2026-07-06,0.01434191725431136
2026-07-07,-0.018524717261255704
2026-07-08,0.0028332983958077726
2026-07-09,0.01664233388583059
2026-07-10,0.0030831521002273633
2026-07-13,-0.018979849310907355
2026-07-14,0.011169877197279184
2026-07-15,-0.0027095386610569696
2026-07-16,-0.016440498089291152
2026-07-17,-0.015029581322824377
2026-07-20,0.0010498726409938184
2026-07-21,0.018547228427151632
2026-07-22,-0.005106055642898589
2026-07-23,-0.018983363743396812
2026-07-24,-0.01117121072235616
2026-07-27,-0.0030837356474000903
2026-07-28,-0.009719710851298984
2026-07-29,-0.020370472881519663
2026-07-30,0.03297419933967949
2026-07-31,0.006495569881900761
2026-08-03,0.017558420982754005
2026-08-04,0.033967946260816013
2026-08-05,-0.009048794851582394
2026-08-06,-0.0036943750473807093
2026-08-07,0.011726019049234489
2026-08-10,-0.0029874614166396185
2026-08-11,-0.003357053983407976
2026-08-12,0.007307443460370894
2026-08-13,0.011565537129121834
2026-08-14,-0.001365994116051495
2026-08-17,-0.0016414852746460351
2026-08-18,-0.01693448594486638
2026-08-19,-0.001993026408685627
2026-08-20,-0.007191953748971207
2026-08-21,0.003530669955839554
2026-08-24,-0.00997984556430279
2026-08-25,0.006229422572993558
2026-08-26,0.0009146072815256464
2026-08-27,0.013691886096947561
2026-08-28,-0.006489968792703295
2026-08-31,0.00046060937059064173
2026-09-01,-0.012723963130026565
2026-09-02,0.0022610270072151344
2026-09-03,0.011885932675240686
2026-09-04,0.0017975381542669822
2026-09-08,-0.0008345245704174297
2026-09-09,-0.0028537020941522668
2026-09-10,-0.010637841445189263
2026-09-11,0.0087343913415284
2026-09-14,-0.007973401255785913
2026-09-15,-0.00654280005961863
2026-09-16,0.00025548151370975724
2026-09-17,0.017311864380035118
2026-09-18,0.006318759752816439
2026-09-21,0.02882053954743815
2026-09-22,0.008078616135797075
2026-09-23,-0.008361651213807176
2026-09-24,-0.00014846856283172287
2026-09-25,0.004587808023302566
