date,returns
2009-01-02,0.0
2009-01-05,0.03458969974390206
2009-01-06,0.0325645462697141
2009-01-07,-0.03347958970788846
2009-01-08,-0.006035989189941043
2009-01-09,-0.04139969571681956
2009-01-12,-0.026872315898911384
2009-01-13,0.004662579633066534
2009-01-14,-0.04104002725273004
2009-01-15,0.0391350028988119
2009-01-16,0.0036993014032534735
2009-01-20,-0.03445972493295277
2009-01-21,0.03388052061701324
2009-01-22,-0.004054702881491718
2009-01-23,-0.007699127971656132
2009-01-26,-0.0011757464842798602
2009-01-27,0.08352683279964691
2009-01-28,0.039975518451863194
2009-01-29,-0.019054244153489695
2009-01-30,-0.025462296322754374
2009-02-02,0.018861414890335916
2009-02-03,0.0031248033723015574
2009-02-04,0.0045627153926434206
2009-02-05,0.04510973691431657
2009-02-06,0.020971163856171378
2009-02-09,-0.007396275542689394
2009-02-10,-0.03324937322445219
2009-02-11,-0.06276824004327079
2009-02-12,0.03698217425976417
2009-02-13,0.007486901618743689
2009-02-17,-0.04047109670220034
2009-02-18,-0.003801881567641362
2009-02-19,-0.018546226321382035
2009-02-20,-0.0008204472313408998
2009-02-23,-0.03987589576876602
2009-02-24,0.05151098051962755
2009-02-25,0.0019455391818179058
2009-02-26,0.016110101593552407
2009-02-27,0.0076383190774031474
2009-03-02,-0.06834658794150383
2009-03-03,0.049047248683370064
2009-03-04,0.05536564367166791
2009-03-05,-0.009300434227192858
2009-03-06,0.011563175536703727
2009-03-09,-0.0011732616464284447
2009-03-10,0.045180865959891486
2009-03-11,0.0006947605382492967
2009-03-12,0.06251234622147313
2009-03-13,-0.009919965011595337
2009-03-16,-0.028404885847090416
2009-03-17,0.05249423809420364
2009-03-18,0.025846363917080277
2009-03-19,-0.007203465350599945
2009-03-20,0.0015385056418045625
2009-03-23,0.050883734517800094
2009-03-24,-0.0051568418632242105
2009-03-25,-0.02146614787215583
2009-03-26,0.01815662287090673
2009-03-27,-0.018478583903587843
2009-03-30,-0.043070085599889424
2009-03-31,0.013602227727806983
2009-04-01,0.01639831002562873
2009-04-02,0.01797501521801424
2009-04-03,0.013855192403965155
2009-04-06,0.011929385041539215
2009-04-07,-0.023551298274434057
2009-04-08,0.01237466033583713
2009-04-09,0.04157767400502742
2009-04-13,0.029022586426368322
2009-04-14,-0.024333907969394705
2009-04-15,-0.015488307448158796
2009-04-16,0.03422297052443156
2009-04-17,0.013910954442991126
2009-04-20,-0.0038424315341511767
2009-04-21,-0.02510841382560645
2009-04-22,-0.008751461372480502
2009-04-23,0.008077167864021422
2009-04-24,0.005657937607244031
2009-04-27,-0.008845714289330415
2009-04-28,-0.014846751279970028
2009-04-29,0.013031905029817135
2009-04-30,0.00300369064298153
2009-05-01,0.005109465465921385
2009-05-04,0.045972074598239335
2009-05-05,-0.017902138491982366
2009-05-06,-0.01096064417008241
2009-05-07,-0.04888078775166246
2009-05-08,0.014067880930485704
2009-05-11,-0.0064148889766677975
2009-05-12,-0.008685719525048919
2009-05-13,-0.010932416224369301
2009-05-14,0.007776538835795423
2009-05-15,-0.0006709050422560106
2009-05-18,0.019453039587471653
2009-05-19,-0.003766431863439746
2009-05-20,-0.004728805557268798
2009-05-21,-0.020452293776671363
2009-05-22,-0.008530049373589683
2009-05-26,0.022055296713324096
2009-05-27,0.0035163680342774756
2009-05-28,0.015539398416721174
2009-05-29,0.013497294443869537
2009-06-01,0.0252401067540778
2009-06-02,0.0005022460351164936
2009-06-03,0.012943708321843897
2009-06-04,0.012197753439449333
2009-06-05,0.010335470830465989
2009-06-08,-0.004866513817459721
2009-06-09,-0.0032475344215586732
2009-06-10,0.0019901399074513278
2009-06-11,0.007629954304596683
2009-06-12,0.009127544176345448
2009-06-15,-0.004644942485445739
2009-06-16,-0.013052034613864876
2009-06-17,0.0020804117735017474
2009-06-18,-0.013552644952059583
2009-06-19,0.015516626101665746
2009-06-22,-0.023974345287914416
2009-06-23,-0.010941088457008082
2009-06-24,0.011030741906857463
2009-06-25,0.02017772390495015
2009-06-26,-2.393804410470192e-05
2009-06-29,0.00927088996624658
2009-06-30,-0.00026595778968064037
2009-07-01,0.007083210052629897
2009-07-02,-0.023771696676071888
2009-07-06,-0.008672083980114292
2009-07-07,-0.026018956315670222
2009-07-08,0.007386972922992031
2009-07-09,-0.00579329752238242
2009-07-10,0.009422477749531555
2009-07-13,0.04024188058479282
2009-07-14,0.012908744243156802
2009-07-15,0.029019810987296
2009-07-16,-0.0009739700380481035
2009-07-17,0.011268536887711518
2009-07-20,0.010035713153298747
2009-07-21,-0.005024497119431126
2009-07-22,0.01665532611174781
2009-07-23,0.01647535147060515
2009-07-24,-0.03897115107136481
2009-07-27,0.0026587948796949587
2009-07-28,0.00045561939611055185
2009-07-29,-0.009875599221770833
2009-07-30,0.012535885716979252
2009-07-31,0.0037838091046890282
2009-08-03,0.022837185890939762
2009-08-04,0.0007446522304776055
2009-08-05,-0.00020650583583395462
2009-08-06,-0.014081539471789046
2009-08-07,0.027365102073100844
2009-08-10,-0.01879802615830029
2009-08-11,-0.01742631679147445
2009-08-12,0.00967634880713691
2009-08-13,0.009406527640457067
2009-08-14,-0.019691469207113038
2009-08-17,-0.042419598123533256
2009-08-18,0.03209032418166739
2009-08-19,-0.0037971811858426774
2009-08-20,0.024982127167648333
2009-08-21,0.01708182128556989
2009-08-24,-0.014471627399132015
2009-08-25,0.0010054889085496874
2009-08-26,-0.007699978639647671
2009-08-27,0.008944135974994875
2009-08-28,0.0015681593613426296
2009-08-31,-0.012538243460008296
2009-09-01,-0.030057754438101165
2009-09-02,0.006764927150276209
2009-09-03,0.016093407292692784
2009-09-04,0.02981920410247167
2009-09-08,0.021589735994148394
2009-09-09,0.008668691957544147
2009-09-10,0.020126235549180388
2009-09-11,-0.005712830713003826
2009-09-14,-0.003741170978070937
2009-09-15,0.014424783751625809
2009-09-16,0.005722878409228952
2009-09-17,0.009351809714562542
2009-09-18,0.00048297257981106843
2009-09-21,-0.0016479297952962796
2009-09-22,0.0036711960435817283
2009-09-23,0.0016001440113567655
2009-09-24,-5.534486844625212e-05
2009-09-25,-0.011461262777634713
2009-09-28,0.01584294183789119
2009-09-29,-0.0036168346368038113
2009-09-30,-0.0006632452144076114
2009-10-01,-0.028441933005527432
2009-10-02,0.012776197527656446
2009-10-05,-0.0033813299222899902
2009-10-06,0.01898070929773786
2009-10-07,0.0014980853389050417
2009-10-08,-0.004845945142075493
2009-10-09,0.000832929912720558
2009-10-12,-0.008167427002433846
2009-10-13,-0.0003205311897664094
2009-10-14,0.006247727713480297
2009-10-15,0.005747980012164377
2009-10-16,-0.017437003710680014
2009-10-19,0.0007775523562033736
2009-10-20,-0.012508706685502486
2009-10-21,0.01748165909610628
2009-10-22,0.00839032159141803
2009-10-23,-0.00891374583391879
2009-10-26,0.00819807401654965
2009-10-27,-0.009997652609038423
2009-10-28,-0.016421522120603937
2009-10-29,0.02019224810590085
2009-10-30,-0.025583675862837444
2009-11-02,0.005978487937565899
2009-11-03,-0.006741378722605491
2009-11-04,0.013439814157802273
2009-11-05,0.027892815040291938
2009-11-06,-0.0038209595194928433
2009-11-09,0.020234137029282416
2009-11-10,0.01083452525384572
2009-11-11,0.010799954061007033
2009-11-12,-0.006393741919332941
2009-11-13,0.014393083976420102
2009-11-16,-0.0004226502068177683
2009-11-17,0.020877691158399568
2009-11-18,0.004961409187714498
2009-11-19,-0.012596204806170786
2009-11-20,-0.005092694324378562
2009-11-23,0.008820053624477193
2009-11-24,-0.006379977110984926
2009-11-25,0.0012848951894590547
2009-11-27,-0.02002849108837372
2009-11-30,0.004587021609047446
2009-12-01,0.006789356619620639
2009-12-02,-0.0054760654731456715
2009-12-03,-0.00443822937272056
2009-12-04,0.018060317564578092
2009-12-07,0.06099664332909891
2009-12-08,-0.027931325899612003
2009-12-09,0.01477770350836822
2009-12-10,-0.006230080956128262
2009-12-11,-0.006824156920907034
2009-12-14,0.01947698356888105
2009-12-15,-0.0021329959764159094
2009-12-16,0.041588116352398584
2009-12-17,-0.010671358479390006
2009-12-18,0.01254087513136106
2009-12-21,0.02047085517847158
2009-12-22,0.018118027543740055
2009-12-23,0.008613370086786514
2009-12-24,0.00019062299817899724
2009-12-28,-0.005273525354510068
2009-12-29,0.009708676002013299
2009-12-30,0.011186158351348275
2009-12-31,-0.0018819336776413945
2010-01-04,0.0026969950096557647
2010-01-05,0.008165598205900895
2010-01-06,-0.0047550055823315715
2010-01-07,-0.010723031452585022
2010-01-08,0.0044044946968528655
2010-01-11,-0.011418721259293677
2010-01-12,-0.022636491690615664
2010-01-13,0.013843798116937504
2010-01-14,-0.010712595721601693
2010-01-15,-0.009970858169248658
2010-01-19,0.02600757167622569
2010-01-20,-0.015895404170636167
2010-01-21,-0.018123684143780405
2010-01-22,-0.0421014782268539
2010-01-25,0.02195709908279131
2010-01-26,-0.008763790148781276
2010-01-27,0.007591212405562883
2010-01-28,-0.037477674218264034
2010-01-29,-0.024405099658246117
2010-02-01,-0.0028483475662513203
2010-02-02,0.011847692885653117
2010-02-03,0.004990106672484614
2010-02-04,-0.04202279026342536
2010-02-05,0.014206205175772067
2010-02-08,-0.0004317310166772458
2010-02-09,0.006083481747129102
2010-02-10,-0.007876957219641476
2010-02-11,0.0381135051069781
2010-02-12,0.0052965491321709515
2010-02-16,0.022517236083010185
2010-02-17,0.002112252198396848
2010-02-18,-0.020467426747032065
2010-02-19,0.0010556846722510034
2010-02-22,-0.01345150642020302
2010-02-23,-0.015430233697046705
2010-02-24,0.011776117204885462
2010-02-25,0.010449873222865681
2010-02-26,0.009837943349919357
2010-03-01,0.038309004673249165
2010-03-02,-0.005499608653040022
2010-03-03,-0.009216471031642866
2010-03-04,0.006700939699068651
2010-03-05,0.0169067583749346
2010-03-08,0.007909461220611863
2010-03-09,0.018165138844345587
2010-03-10,0.013659854326058268
2010-03-11,0.0008363660452946062
2010-03-12,-0.006059280053802246
2010-03-15,-0.008804945666453786
2010-03-16,0.008761678910940127
2010-03-17,0.0013180791698825084
2010-03-18,-0.0014968851013576286
2010-03-19,-0.00597932927855272
2010-03-22,0.022941676999524884
2010-03-23,0.008511256285264843
2010-03-24,-0.0018321996120455567
2010-03-25,0.002154135141520465
2010-03-26,-0.0006635902114933692
2010-03-29,0.0005341892270781159
2010-03-30,0.015293213474308997
2010-03-31,-0.010595049424231513
2010-04-01,0.01060741898584755
2010-04-05,0.03860608361197216
2010-04-06,0.023328960051750485
2010-04-07,-0.01961764148024925
2010-04-08,0.011818554012385
2010-04-09,0.007439152029046209
2010-04-12,0.005644599359508775
2010-04-13,0.0195240395901944
2010-04-14,0.013611969206887165
2010-04-15,0.002348111530418146
2010-04-16,-0.011806098456941685
2010-04-19,-0.003655572332093552
2010-04-20,0.0001355777347466806
2010-04-21,-0.0009952240813563672
2010-04-22,0.01494181354416841
2010-04-23,0.005587449847248254
2010-04-26,0.03985896718929802
2010-04-27,-0.04203701578718404
2010-04-28,-0.013967746013948392
2010-04-29,0.032471958579565405
2010-04-30,-0.03474660640327459
2010-05-03,0.02569479801114168
2010-05-04,-0.027291382835140036
2010-05-05,-0.010885799767847109
2010-05-06,-0.025437980024780496
2010-05-07,-0.051414868192191154
2010-05-10,0.07361840911201058
2010-05-11,0.016878162566810045
2010-05-12,0.05097930055553801
2010-05-13,0.002992207208565802
2010-05-14,-0.05173678838819966
2010-05-17,0.02957707423752438
2010-05-18,-0.024062563155371128
2010-05-19,-0.014826949054511415
2010-05-20,-0.04923107874043165
2010-05-21,0.03317075963196711
2010-05-24,0.01996859204315355
2010-05-25,0.01351047516005549
2010-05-26,-0.003215863119544769
2010-05-27,0.038296233215705064
2010-05-28,0.017484735767111955
2010-06-01,-0.009675676421555004
2010-06-02,0.0222453803884801
2010-06-03,0.003257109032976501
2010-06-04,-0.022859267897575114
2010-06-07,-0.012629976628597432
2010-06-08,0.0021509822679146987
2010-06-09,0.010819510573046582
2010-06-10,0.02902000091244162
2010-06-11,0.008311607536654964
2010-06-14,0.02687273770281271
2010-06-15,-0.002413172083801249
2010-06-16,0.0192928115673767
2010-06-17,0.013416039715573914
2010-06-18,0.006270894705697918
2010-06-21,-0.03650119177899657
2010-06-22,-0.003946744403098364
2010-06-23,0.0004963918736100416
2010-06-24,-0.014334017600028505
2010-06-25,0.007568690436941245
2010-06-28,0.0014315132568736536
2010-06-29,-0.043989458182704555
2010-06-30,-0.026510853165469063
2010-07-01,-0.0014151105745947197
2010-07-02,-0.014862384983382194
2010-07-06,0.004309291947596668
2010-07-07,0.07248842172263648
2010-07-08,-0.007492738701471541
2010-07-09,0.005314755129231359
2010-07-12,0.003383061551990591
2010-07-13,-0.004218807557378304
2010-07-14,0.014768572844870211
2010-07-15,-0.0063072325082533815
2010-07-16,-0.023381376422318377
2010-07-19,0.008983741668780673
2010-07-20,0.011220289000912832
2010-07-21,-0.010137703328939946
2010-07-22,-0.05290636457630711
2010-07-23,0.001195430803296135
2010-07-26,0.004348515251545503
2010-07-27,0.004626822495228341
2010-07-28,-0.00992108666874727
2010-07-29,-0.0031378837803642465
2010-07-30,-0.009694893548303288
2010-08-02,0.019014041621193904
2010-08-03,0.003068313444135549
2010-08-04,-0.008218651682332637
2010-08-05,-0.0025132920636913476
2010-08-06,-0.008976264837122825
2010-08-09,-0.0021281089104895766
2010-08-10,0.03052448038797146
2010-08-11,-0.0031048635415044552
2010-08-12,0.024689330247269922
2010-08-13,-0.005625277698684924
2010-08-16,0.01850063100861648
2010-08-17,-0.0076372029338455435
2010-08-18,-0.032844874161009306
2010-08-19,0.002954556848640727
2010-08-20,0.011260626946448955
2010-08-23,-0.019295220442097093
2010-08-24,-0.027235183123656557
2010-08-25,0.022532429215875227
2010-08-26,0.00035003304072154986
2010-08-27,0.017359810568019635
2010-08-30,-0.03561107055900043
2010-08-31,-0.0062490448035515955
2010-09-01,0.05263060949272507
2010-09-02,0.012683212129253212
2010-09-03,0.0038682609259655153
2010-09-07,0.010096062490930589
2010-09-08,0.024756649960795952
2010-09-09,-0.0008106916015551086
2010-09-10,0.0022939228328254235
2010-09-13,0.012979540245602578
2010-09-14,-0.0024500562023868754
2010-09-15,-0.00800675961513703
2010-09-16,0.002596806736382814
2010-09-17,-0.004340847815917521
2010-09-20,0.01843495850556212
2010-09-21,-0.004551984699814051
2010-09-22,0.011441879590708567
2010-09-23,0.013311807947826014
2010-09-24,0.011305502232511658
2010-09-27,-0.012587512913239287
2010-09-28,-0.016869671060461375
2010-09-29,0.027980241738537394
2010-09-30,-0.03111839065722169
2010-10-01,-0.02529269611163115
2010-10-04,-0.009664677838282952
2010-10-05,0.00786710840472597
2010-10-06,0.005807225511371408
2010-10-07,-0.0006519816393746403
2010-10-08,0.01253511534951076
2010-10-11,0.0035134702677503426
2010-10-12,0.006545280846032036
2010-10-13,0.005307485734323233
2010-10-14,0.005613650211698023
2010-10-15,0.01971590051516261
2010-10-18,0.013539117379173703
2010-10-19,-0.02213110127451267
2010-10-20,0.008513515612625344
2010-10-21,0.0007220165351377835
2010-10-22,-0.003160718092468512
2010-10-25,0.0011726510038854567
2010-10-26,0.0012131669632174124
2010-10-27,-0.00398588655149211
2010-10-28,-0.012050104516054032
2010-10-29,0.006175213096633897
2010-11-01,0.00870836836316367
2010-11-02,0.014809973842989764
2010-11-03,-0.005613542965313394
2010-11-04,0.01118001495239278
2010-11-05,0.012935627003989161
2010-11-08,0.004268299275429568
2010-11-09,0.0026019134441384057
2010-11-10,0.009496670047602124
2010-11-11,-0.00018151988217138346
2010-11-12,0.019926115858002934
2010-11-15,-0.009625137334686283
2010-11-16,-0.02581058004355885
2010-11-17,0.008768776796285214
2010-11-18,0.024898981651904423
2010-11-19,0.017776598553405725
2010-11-22,-0.002117055718121189
2010-11-23,-0.013247544592936856
2010-11-24,0.015100186952545582
2010-11-26,0.0021179393403448687
2010-11-29,0.0238052110616997
2010-11-30,0.012453965833883099
2010-12-01,0.008055188988019404
2010-12-02,-0.010806543711688205
2010-12-03,0.012227203135621596
2010-12-06,-0.012797093899317508
2010-12-07,0.01724752903303571
2010-12-08,0.007068101549922724
2010-12-09,-0.007228990501816492
2010-12-10,0.004278434111655351
2010-12-13,-0.011462139496992001
2010-12-14,0.005545285990918686
2010-12-15,0.0018776721551275995
2010-12-16,0.005088428826527485
2010-12-17,-0.0019539926265086244
2010-12-20,-0.00126627449673155
2010-12-21,0.008135839476454408
2010-12-22,0.002687556187033007
2010-12-23,0.004698280783080816
2010-12-27,-0.005361250751889303
2010-12-28,0.0017388276023931907
2010-12-29,-0.001054182463845026
2010-12-30,-0.0022136221466464213
2010-12-31,0.012040200813275044
2011-01-03,0.023414584858044415
2011-01-04,0.0007672467813473046
2011-01-05,0.03702876726216041
2011-01-06,0.07241211778680517
2011-01-07,0.016694608052524533
2011-01-10,0.016081389765641604
2011-01-11,-0.00893821606801592
2011-01-12,0.07890856079619879
2011-01-13,0.002685637085592536
2011-01-14,0.008325321272378738
2011-01-18,-0.006069309120890926
2011-01-19,-0.016657567876528497
2011-01-20,-0.002685170718909823
2011-01-21,0.003229085125444937
2011-01-24,0.05401160829509265
2011-01-25,-0.014793504372888963
2011-01-26,0.01811783327112564
2011-01-27,-4.533755454826788e-05
2011-01-28,-0.020078547585350333
2011-01-31,-0.005578915287970967
2011-02-01,0.031514284651294536
2011-02-02,0.01970162508796266
2011-02-03,-0.009202922207913614
2011-02-04,0.01039606785892228
2011-02-07,-0.016939014012318294
2011-02-08,-0.003948683368687299
2011-02-09,0.0015758174064951416
2011-02-10,0.005983809226607606
2011-02-11,0.015346026247372843
2011-02-14,0.04827821802959932
2011-02-15,-0.025077821555458613
2011-02-16,-0.0018874832761063259
2011-02-17,-0.011046450661842282
2011-02-18,0.0034412756057157403
2011-02-22,-0.02396978293266397
2011-02-23,-0.013926653221249079
2011-02-24,0.003105516831706329
2011-02-25,-0.010030918762035443
2011-02-28,0.00836557642280279
2011-03-01,-0.009788180705752405
2011-03-02,0.005672834206575312
2011-03-03,0.014913655714203371
2011-03-04,-0.003699563880561154
2011-03-07,-0.00856019490782323
2011-03-08,-0.00014525747920362468
2011-03-09,-0.005923943688287157
2011-03-10,-0.02600466975295196
2011-03-11,0.0189718442830597
2011-03-14,-0.005934261648751755
2011-03-15,-0.01750626470913189
2011-03-16,-0.029850759367484124
2011-03-17,0.007155213010205122
2011-03-18,-0.012428715497284679
2011-03-21,0.020520628804180752
2011-03-22,0.01839556044645385
2011-03-23,0.017564615027604476
2011-03-24,0.0009398002657884935
2011-03-25,0.0072990677010020604
2011-03-28,0.014326035593531924
2011-03-29,-0.001191330354107971
2011-03-30,-0.002118906089814318
2011-03-31,-0.002487763469283515
2011-04-01,0.012331902520106179
2011-04-04,0.006553710481737839
2011-04-05,0.0022390441701138006
2011-04-06,-0.010126159077544121
2011-04-07,-0.009117654759589169
2011-04-08,-0.0013732344208387645
2011-04-11,-0.018859398710020875
2011-04-12,-0.018168762955152747
2011-04-13,0.010203907592978123
2011-04-14,-0.0025468666623922236
2011-04-15,0.002783499430832032
2011-04-18,-0.011644902087442783
2011-04-19,0.021826151527750134
2011-04-20,0.016999892055959205
2011-04-21,0.020079517863071987
2011-04-25,-0.0019006998192701123
2011-04-26,-0.04888626154690529
2011-04-27,0.0016737667655166977
2011-04-28,0.003748522540337272
2011-04-29,-0.01112467775082817
2011-05-02,-0.01248971534781133
2011-05-03,-0.031583240950423766
2011-05-04,-0.0027628939013094374
2011-05-05,-0.009213763657853632
2011-05-06,0.0014212495444139066
2011-05-09,0.012484087577755916
2011-05-10,0.0034210131339306943
2011-05-11,-0.0009016786295164463
2011-05-12,0.026448345204315677
2011-05-13,-0.053108239847661616
2011-05-16,-0.029698818184072343
2011-05-17,-0.0022937031667261683
2011-05-18,0.017365444798327676
2011-05-19,0.0013627229326210921
2011-05-20,-0.0012668403865665305
2011-05-23,0.0033715641888481434
2011-05-24,0.0014729325091603048
2011-05-25,0.030033907640138975
2011-05-26,0.020774912250935806
2011-05-27,0.01950672377388319
2011-05-31,0.025735970974511857
2011-06-01,-0.028991221451746343
2011-06-02,0.009160235049143688
2011-06-03,-0.00016231542224438887
2011-06-06,-0.02815766153757822
2011-06-07,-0.006780025405583893
2011-06-08,-0.01627743622463319
2011-06-09,0.0031912217687681153
2011-06-10,-0.016144497102283075
2011-06-13,-0.006153778028071607
2011-06-14,0.011344254105408971
2011-06-15,-0.017587195363501076
2011-06-16,-0.0176400313905416
2011-06-17,-0.0018639514036090463
2011-06-20,0.004246919948714583
2011-06-21,0.01131980813907799
2011-06-22,-0.012057512800970695
2011-06-23,0.013790371358039922
2011-06-24,-0.004274591656683075
2011-06-27,0.024667455913275568
2011-06-28,0.02145802841200433
2011-06-29,-0.0037715861538087383
2011-06-30,0.003169867930158941
2011-07-01,0.010472916438960016
2011-07-05,0.0405667022582882
2011-07-06,0.008058597694830947
2011-07-07,0.010864399230028115
2011-07-08,0.007452550883646457
2011-07-11,-0.012840595566487877
2011-07-12,-0.0007783208350843821
2011-07-13,0.01450139563277454
2011-07-14,-0.023273092640343808
2011-07-15,0.015848015768932123
2011-07-18,0.008619536243980876
2011-07-19,0.021943717366814927
2011-07-20,0.004619542786209994
2011-07-21,0.0012431193289433777
2011-07-22,0.008935317810405692
2011-07-25,0.013512304058250902
2011-07-26,0.009206070749459061
2011-07-27,-0.026765481505659425
2011-07-28,0.006154539106531487
2011-07-29,-0.0074819410853741025
2011-08-01,0.0056559155999941785
2011-08-02,-0.018497414614939464
2011-08-03,0.0069440943162029
2011-08-04,-0.037561695774622865
2011-08-05,-0.009979990970129988
2011-08-08,-0.050678387592973634
2011-08-09,0.05191135451916594
2011-08-10,-0.04077053458683472
2011-08-11,0.03421641728789998
2011-08-12,-0.015359777328030911
2011-08-15,0.0166822773733075
2011-08-16,-0.003821035196937142
2011-08-17,-0.0020251407670484984
2011-08-18,-0.030397316822226402
2011-08-19,-0.02625281366408913
2011-08-22,-0.0008792397899571504
2011-08-23,0.07809147909604036
2011-08-24,-0.0037276588108400457
2011-08-25,-0.02474207875904558
2011-08-26,0.03442575933030986
2011-08-29,0.020012882642853388
2011-08-30,0.0075719886182760154
2011-08-31,0.00043737936797575826
2011-09-01,-0.012267969648509673
2011-09-02,-0.016980899317000527
2011-09-06,0.0019857011256610747
2011-09-07,0.015120797789674442
2011-09-08,-0.0021822648273167344
2011-09-09,-0.019731824920075133
2011-09-12,0.01480138419386817
2011-09-13,0.014156947721115441
2011-09-14,0.03189249042129272
2011-09-15,0.011899691306640588
2011-09-16,0.00111820210139581
2011-09-19,0.0035459447388832294
2011-09-20,-0.0020157994665069134
2011-09-21,-0.019930846011308963
2011-09-22,-0.04569208994434929
2011-09-23,0.013448492736615162
2011-09-26,-0.00030989686245785973
2011-09-27,-0.004125316715668988
2011-09-28,-0.008577904897550384
2011-09-29,0.004446376970375837
2011-09-30,-0.020301388204051474
2011-10-03,-0.019000094377248984
2011-10-04,0.009003205568573768
2011-10-05,0.018541450821303256
2011-10-06,0.008285114275373186
2011-10-07,-0.003941573727811979
2011-10-10,0.03540435749049351
2011-10-11,0.0010480995819903698
2011-10-12,0.005094001731144568
2011-10-13,-0.0010391135823417039
2011-10-14,0.010064310822213303
2011-10-17,-0.027190656271874013
2011-10-18,0.011843271881859864
2011-10-19,-0.030885269448768383
2011-10-20,0.0001265505715597635
2011-10-21,0.011239328341110829
2011-10-24,0.0008020225155417036
2011-10-25,-0.011540766000156834
2011-10-26,0.006156370637104027
2011-10-27,0.010100344296376516
2011-10-28,-0.007396805664291134
2011-10-31,-0.04644375139937732
2011-11-01,-0.023981468092831693
2011-11-02,-0.007399794864938221
2011-11-03,0.01675029214309594
2011-11-04,-0.005666322701630368
2011-11-07,0.0025859806300993168
2011-11-08,0.012294695109605559
2011-11-09,-0.032530022093291075
2011-11-10,0.01370086177363623
2011-11-11,0.024102956544509044
2011-11-14,-0.0075538271424182134
2011-11-15,0.004211670105254777
2011-11-16,-0.017838386268076205
2011-11-17,-0.020324718742683205
2011-11-18,-0.004366141504573222
2011-11-21,0.018771330625822473
2011-11-22,0.009658200308382959
2011-11-23,-0.03075576852197395
2011-11-25,-0.018409101618845104
2011-11-28,0.04125949017445163
2011-11-29,0.009883937842487705
2011-11-30,0.04695733944517981
2011-12-01,0.002037685660653177
2011-12-02,-0.003160387850428794
2011-12-05,-0.0034978085422997995
2011-12-06,-0.004806319706705342
2011-12-07,-0.0013401519720970024
2011-12-08,-0.02328259190386914
2011-12-09,0.01299082319769674
2011-12-12,-0.010190657524340641
2011-12-13,-0.0008681834028626705
2011-12-14,-0.01006727170263311
2011-12-15,0.0031271872406388474
2011-12-16,0.00941946912352099
2011-12-19,-0.012967823525687407
2011-12-20,0.02532113833777403
2011-12-21,0.007460576191496027
2011-12-22,0.009686570270819036
2011-12-23,0.011513486032937729
2011-12-27,0.004319037290697423
2011-12-28,-0.011233796232284442
2011-12-29,0.00955384968267424
2011-12-30,-0.003138765532272164
2012-01-03,0.015006115343107402
2012-01-04,0.0028033959435734357
2012-01-05,0.010660646302837562
2012-01-06,0.012994367153107934
2012-01-09,-0.007374641697682869
2012-01-10,-0.010177399913147464
2012-01-11,-0.020015586979633893
2012-01-12,0.0036775874565448926
2012-01-13,0.002589713246068111
2012-01-17,0.006001224753692121
2012-01-18,0.0046608612891770205
2012-01-19,-0.0035327978410092074
2012-01-20,-0.02426993527239195
2012-01-23,0.00022244769330466148
2012-01-24,-0.008216851412220994
2012-01-25,0.003978338076972857
2012-01-26,-0.0032872009440419415
2012-01-27,0.02895530322852783
2012-01-30,0.013029250215552918
2012-01-31,-0.017018108523041437
2012-02-01,0.01120453222795261
2012-02-02,0.003015444405372458
2012-02-03,0.014807892580633596
2012-02-06,0.004005010945607622
2012-02-07,-6.241462212683378e-05
2012-02-08,0.01347904406056731
2012-02-09,0.019090752015095958
2012-02-10,-0.004134389689095845
2012-02-13,0.010613930817518864
2012-02-14,0.004685089880764731
2012-02-15,-0.01487673680405438
2012-02-16,0.013219435246173018
2012-02-17,-0.0007290743644183988
2012-02-21,0.015716276110223804
2012-02-22,-0.004461264817660445
2012-02-23,0.004863925626104245
2012-02-24,0.007582244437794391
2012-02-27,0.0011415178073338316
2012-02-28,0.017470559189007716
2012-02-29,0.004525708223209321
2012-03-01,0.010535204515335031
2012-03-02,-0.002599941122399821
2012-03-05,-0.015387772873376216
2012-03-06,-0.006493152634013341
2012-03-07,0.0048409722616448376
2012-03-08,0.01331623867558257
2012-03-09,0.0026212691717562046
2012-03-12,0.007045939261941339
2012-03-13,0.024414715020100064
2012-03-14,0.02043518083532768
2012-03-15,-0.0021885569650473983
2012-03-16,-0.003796372915575925
2012-03-19,0.007125704734190939
2012-03-20,0.000781585320288671
2012-03-21,-0.004105478901190945
2012-03-22,-0.008325700971853816
2012-03-23,0.0034037402132481884
2012-03-26,0.01665654092352848
2012-03-27,0.005104345742841862
2012-03-28,-0.0025188695459198184
2012-03-29,-0.02210573295211936
2012-03-30,-0.002871626431553735
2012-04-02,0.013639376729209724
2012-04-03,0.00048579289457007825
2012-04-04,-0.018237875234300052
2012-04-05,0.0065631970474957675
2012-04-09,-0.004650441917592933
2012-04-10,-0.016250923001993614
2012-04-11,0.004573597252966379
2012-04-12,0.009116621784680905
2012-04-13,-0.03179357392957207
2012-04-16,-0.01635405669318437
2012-04-17,0.01436197416205071
2012-04-18,0.0006403364466200511
2012-04-19,-0.019918652511560376
2012-04-20,-0.012190240994842122
2012-04-23,-0.0023407719596823
2012-04-24,0.0005042542632294764
2012-04-25,0.007514281043869083
2012-04-26,-0.005887988162259976
2012-04-27,-0.005891255082632774
2012-04-30,0.0021356712694195978
2012-05-01,0.003897705130587685
2012-05-02,-0.008105754787375125
2012-05-03,-0.0038189171114193492
2012-05-04,-0.01858448572059839
2012-05-07,0.003209624794748327
2012-05-08,-0.0038638472709929344
2012-05-09,-0.0033454858006204966
2012-05-10,0.0008519710464062744
2012-05-11,0.0034926879149018426
2012-05-14,-0.01073032087695268
2012-05-15,-0.009379963950131215
2012-05-16,-0.01513047947482198
2012-05-17,-0.005114019502737012
2012-05-18,-0.025215497358987097
2012-05-21,0.01218978373714375
2012-05-22,-0.004388098511477995
2012-05-23,0.012749428092317888
2012-05-24,-0.017855706736527303
2012-05-25,-0.00588753769370832
2012-05-29,0.021777411984580712
2012-05-30,0.00013251720282342339
2012-05-31,-0.006812125933268235
2012-06-01,-0.03258884194883759
2012-06-04,-0.007493056780019903
2012-06-05,0.013198996636077837
2012-06-06,0.020922646442493753
2012-06-07,-0.019950064189458536
2012-06-08,0.008450458789767624
2012-06-11,-0.020531134864780257
2012-06-12,0.014563943516677141
2012-06-13,-0.016660639562333004
2012-06-14,0.00875149887276229
2012-06-15,0.008910366014007451
2012-06-18,-0.0036589530130015846
2012-06-19,0.00963356757721201
2012-06-20,0.006646098135821536
2012-06-21,-0.03950608895369897
2012-06-22,0.015520126153100968
2012-06-25,-0.029286808831521016
2012-06-26,0.008070860053206735
2012-06-27,0.02095772363092709
2012-06-28,0.003204204690333625
2012-06-29,0.03676494817359126
2012-07-02,-0.014730357797622348
2012-07-03,0.011321399518360444
2012-07-05,0.004669422159148391
2012-07-06,-0.0022882840539313054
2012-07-09,0.013326030371642317
2012-07-10,-0.021254274354126707
2012-07-11,0.00567989413548304
2012-07-12,0.015819609969025757
2012-07-13,0.004655681190539566
2012-07-16,-0.0097039003475314
2012-07-17,-0.007206133159623365
2012-07-18,-0.003678134335964439
2012-07-19,0.011381971407431472
2012-07-20,-0.01597579693670499
2012-07-23,-0.015793415043359585
2012-07-24,0.00040539594379040457
2012-07-25,-0.1466698503502043
2012-07-26,0.009800026525552556
2012-07-27,0.017921986069582417
2012-07-30,-0.004934590354115364
2012-07-31,0.0038225310144584376
2012-08-01,-0.0028885239290534328
2012-08-02,-0.005117866775721456
2012-08-03,0.01692368348544203
2012-08-06,0.004991596058833996
2012-08-07,0.003679177327757189
2012-08-08,0.0019813652946089606
2012-08-09,0.01965901640154144
2012-08-10,-0.0016985509735339484
2012-08-13,0.004801886354257279
2012-08-14,-0.006086315528608219
2012-08-15,-0.0044502475771498965
2012-08-16,0.014726676615646632
2012-08-17,0.004850132833196136
2012-08-20,0.010557120426405341
2012-08-21,-0.008198290439992076
2012-08-22,0.010789680299336258
2012-08-23,-0.015935187903872224
2012-08-24,0.010577741069940395
2012-08-27,0.0008321374871790091
2012-08-28,-0.0016286757677422912
2012-08-29,-0.0021203600732666327
2012-08-30,-0.01251042190235409
2012-08-31,0.009277078163115146
2012-09-04,0.00033717165622386587
2012-09-05,-0.003511205169303806
2012-09-06,0.014009700145506055
2012-09-07,-0.0032961690232912386
2012-09-10,-0.01545272360621181
2012-09-11,-0.0008396396579638929
2012-09-12,0.006572505014049126
2012-09-13,0.019226853427419394
2012-09-14,0.011940566209548135
2012-09-17,0.004035264172524746
2012-09-18,0.00010751837079819317
2012-09-19,-0.00575671810706745
2012-09-20,0.0028233941081738595
2012-09-21,0.00318004498256957
2012-09-24,-0.006859856631285362
2012-09-25,-0.0132474139562248
2012-09-26,-0.008985407516205132
2012-09-27,0.015255744410140675
2012-09-28,-0.012341462675236468
2012-10-01,-0.003865353990599972
2012-10-02,0.0032217775571067695
2012-10-03,0.05408908523088563
2012-10-04,0.035513439346960746
2012-10-05,0.000963928821423646
2012-10-08,0.052986226540000056
2012-10-09,-0.05730612304723281
2012-10-10,-0.006199030959351447
2012-10-11,0.0044330529209775805
2012-10-12,-0.013271380454163014
2012-10-15,0.005978723547383289
2012-10-16,0.014713024751019661
2012-10-17,0.024164779569307907
2012-10-18,-0.00798251777923582
2012-10-19,-0.02478018328634947
2012-10-22,0.02253122456984553
2012-10-23,-0.008397130051322846
2012-10-24,-0.06102993320007199
2012-10-25,0.014619785931038897
2012-10-26,0.06664990376406935
2012-10-31,0.0724511136115628
2012-11-01,-0.007422246108771683
2012-11-02,-0.005423252513749121
2012-11-05,0.010916085555446547
2012-11-06,-0.008069103508997632
2012-11-07,-0.004484581510343118
2012-11-08,-0.008230820226045594
2012-11-09,-0.006619578339477312
2012-11-12,-0.008718009139950914
2012-11-13,0.005305121642631228
2012-11-14,-0.011189483927726883
2012-11-15,0.012821042715843991
2012-11-16,-0.012618967453329539
2012-11-19,0.009899449055159222
2012-11-20,0.0021307669962636923
2012-11-21,0.004344976823424752
2012-11-23,0.005834560794987088
2012-11-26,-0.008002157441151254
2012-11-27,0.0021863115873381536
2012-11-28,-0.00668898105045581
2012-11-29,-0.01414054198922619
2012-11-30,-0.00143374135448177
2012-12-03,-0.03416347905074118
2012-12-04,0.06124643131507514
2012-12-05,-0.024711989252950334
2012-12-06,0.017628768901795683
2012-12-07,0.0023067585513420934
2012-12-10,-0.007934295662878874
2012-12-11,0.01927850101624841
2012-12-12,0.021871742008726772
2012-12-13,0.005221951299922875
2012-12-14,0.006391391371919071
2012-12-17,0.005517050471991544
2012-12-18,0.0057606121412520405
2012-12-19,-0.005095872752900537
2012-12-20,-0.0029490294570077634
2012-12-21,-0.023022113398270913
2012-12-24,-0.013180000163240068
2012-12-26,0.001918955235431756
2012-12-27,-0.004095081465945649
2012-12-28,-0.008931275520239762
2012-12-31,0.0248582384998629
2013-01-02,0.015628483019484392
2013-01-03,0.025281491925275255
2013-01-04,0.013338723652094672
2013-01-07,0.002325679260070726
2013-01-08,-0.02124532575214108
2013-01-09,-0.008353940033477163
2013-01-10,0.01634145972217812
2013-01-11,0.019647546078285345
2013-01-14,0.010495044043114342
2013-01-15,-0.00878556772627494
2013-01-16,-0.021035400413647015
2013-01-17,0.005208255546025286
2013-01-18,0.01084889413163448
2013-01-22,-0.0061960150100704514
2013-01-23,0.026650327475848612
2013-01-24,0.214700710141718
2013-01-25,0.07936426904358962
2013-01-28,-0.02534808283876066
2013-01-29,0.023412759871259892
2013-01-30,-0.0101375805716359
2013-01-31,-0.014515968325470426
2013-02-01,0.007412010024884974
2013-02-04,0.021385733495743155
2013-02-05,9.190074142140735e-05
2013-02-06,0.02470948941058367
2013-02-07,-0.008668672091770893
2013-02-08,0.0005342695961320066
2013-02-11,-0.0028834848603334325
2013-02-12,0.000527655265492828
2013-02-13,0.026067168407311884
2013-02-14,0.0032118851644515837
2013-02-15,0.005629655014199262
2013-02-19,0.0116332048568924
2013-02-20,-0.026955041538251838
2013-02-21,-0.0067373744704621735
2013-02-22,-0.014565538454084776
2013-02-25,-0.00852567901435481
2013-02-26,0.013300300327410764
2013-02-27,0.009921176914246285
2013-02-28,0.012580693760016512
2013-03-01,0.005404179727813342
2013-03-04,-0.02351218482263699
2013-03-05,0.004987216608775791
2013-03-06,-0.004976190210725227
2013-03-07,-0.004944685669664503
2013-03-08,0.010998186052530542
2013-03-11,-0.016185246790213284
2013-03-12,0.00617444608349187
2013-03-13,0.028142383735742474
2013-03-14,-0.009978593872830508
2013-03-15,-0.011120205501144627
2013-03-18,0.0030716307909211525
2013-03-19,-0.009945694322476191
2013-03-20,-0.00016754850028494325
2013-03-21,-0.006602840386878273
2013-03-22,0.0005944906355273291
2013-03-25,0.0002147559026266291
2013-03-26,-0.002631622112457958
2013-03-27,0.0015257497492197527
2013-03-28,-0.00511738812233154
2013-04-01,-0.01809485920518793
2013-04-02,0.002273627997711818
2013-04-03,-0.007754843559365751
2013-04-04,-0.00018938936743104976
2013-04-05,-0.0024842505819929733
2013-04-08,-0.0031203446786366375
2013-04-09,0.02588333997170366
2013-04-10,0.019231426397116672
2013-04-11,-0.02446517875241758
2013-04-12,0.009937728105910374
2013-04-15,-0.012049874631857813
2013-04-16,0.010339823775766125
2013-04-17,-0.0089747863516907
2013-04-18,-0.010466704903845164
2013-04-19,0.018215807393633543
2013-04-22,0.018598731645614538
2013-04-23,0.11848103254048171
2013-04-24,0.018332327313933656
2013-04-25,-0.004018563361989452
2013-04-26,0.0018625302775919055
2013-04-29,0.011644527834859204
2013-04-30,0.009977937584445724
2013-05-01,-0.013052650678853655
2013-05-02,0.010434508146283793
2013-05-03,0.007148004834227936
2013-05-06,0.0024396818934059846
2013-05-07,-0.013025969513789232
2013-05-08,0.0008439046934732176
2013-05-09,-0.009363759666722912
2013-05-10,0.025602828928217473
2013-05-13,0.016533960785087582
2013-05-14,0.017378884896683586
2013-05-15,0.024923872505856134
2013-05-16,-0.009687995215203117
2013-05-17,0.015745858569776464
2013-05-20,0.0020025183650576395
2013-05-21,-0.008413013120115366
2013-05-22,-0.02086941156946481
2013-05-23,-0.008815127323442081
2013-05-24,-0.0013189636065528356
2013-05-28,0.010598783427715015
2013-05-29,-0.003622481354273493
2013-05-30,0.0022043769902730993
2013-05-31,-0.00732338655230879
2013-06-03,0.009194095184109775
2013-06-04,-0.009993573356646017
2013-06-05,-0.01371275871489283
2013-06-06,-0.010211192635481859
2013-06-07,0.017171885475089712
2013-06-10,-0.0031492710416606254
2013-06-11,-0.018229877613835564
2013-06-12,-0.0019378864675606783
2013-06-13,0.00738757983755347
2013-06-14,-0.005304115246354715
2013-06-17,0.013599001150259197
2013-06-18,-0.0011581498612187166
2013-06-19,0.002029375937114072
2013-06-20,-0.03239570002747923
2013-06-21,-0.01550106973774376
2013-06-24,-0.013399088491168273
2013-06-25,-0.0027203200928723878
2013-06-26,0.007284967127997838
2013-06-27,0.005266762746827248
2013-06-28,0.0005658463646702474
2013-07-01,-0.002882216929008939
2013-07-02,-0.01239860902829115
2013-07-03,-0.0009658930300469801
2013-07-05,0.014335062148481575
2013-07-08,0.021483142589786706
2013-07-09,0.03653830560933041
2013-07-10,-0.009980804883284403
2013-07-11,0.0031417624185668446
2013-07-12,0.02652497222850429
2013-07-15,0.00840812532333514
2013-07-16,0.006227786697811818
2013-07-17,0.0069750039723366405
2013-07-18,0.002103675064376865
2013-07-19,0.00075063170558365
2013-07-22,-0.006737517357094447
2013-07-23,-0.020380772935888483
2013-07-24,-0.01900423499223596
2013-07-25,-0.0023865995461499244
2013-07-26,0.0018913471096299907
2013-07-29,0.0037011740579193965
2013-07-30,0.005004791500763788
2013-07-31,-0.001191026018690622
2013-08-01,-0.0008548583340367965
2013-08-02,0.01051433692827827
2013-08-05,0.009840806198679296
2013-08-06,-0.011890782355126747
2013-08-07,-0.013361568193533381
2013-08-08,0.0024290786302807107
2013-08-09,-0.01425793051600079
2013-08-12,0.021820462714872736
2013-08-13,0.028807788040497856
2013-08-14,0.01417448573694418
2013-08-15,0.002734948582728307
2013-08-16,0.006421304947959871
2013-08-19,-0.0025150127307572807
2013-08-20,-0.004047370647399039
2013-08-21,-0.004055097157847829
2013-08-22,-0.000549612306339027
2013-08-23,0.014030979394789343
2013-08-26,0.009777456809602295
2013-08-27,-0.026108829033922518
2013-08-28,0.0156230421314403
2013-08-29,0.008737681973610552
2013-08-30,-0.011399910695031119
2013-09-03,0.010359863327756083
2013-09-04,0.016280462551133964
2013-09-05,0.0011534266493220709
2013-09-06,-0.003070416452124904
2013-09-09,0.012454620507250547
2013-09-10,0.020754457710772306
2013-09-11,0.0008118235795527527
2013-09-12,-0.011492720730090682
2013-09-13,0.010218499755773741
2013-09-16,-0.005392852826015025
2013-09-17,-0.0027375276269097928
2013-09-18,0.016715410759769338
2013-09-19,-0.004500694663804103
2013-09-20,0.009239088940707824
2013-09-23,-0.023534053353197894
2013-09-24,0.009284775027617686
2013-09-25,0.0016973949802813072
2013-09-26,0.008779529653226124
2013-09-27,-0.004642073521192115
2013-09-30,-0.005747194530319194
2013-10-01,0.024596879975861786
2013-10-02,0.014473501173131013
2013-10-03,-0.014505886730381353
2013-10-04,0.008905549928195762
2013-10-07,-0.022463063335042145
2013-10-08,-0.02906267985753993
2013-10-09,-0.0018879518749925356
2013-10-10,0.013566575199153852
2013-10-11,0.008717036613804545
2013-10-14,0.007965117880478208
2013-10-15,-0.003535479694126626
2013-10-16,0.00461089198855687
2013-10-17,0.007424001376874828
2013-10-18,0.0049235727253151545
2013-10-21,0.012681199345171488
2013-10-22,-0.04716248912362008
2013-10-23,-0.006961038335990588
2013-10-24,0.008103342870523394
2013-10-25,-0.008137617478472988
2013-10-28,0.0014877185115762404
2013-10-29,-0.013158655589572583
2013-10-30,-0.000393346392519953
2013-10-31,-0.0039247877837680824
2013-11-01,0.0028100445381253115
2013-11-04,0.018461886901259446
2013-11-05,0.009141124769057268
2013-11-06,0.027700868381938366
2013-11-07,-0.012307155411633769
2013-11-08,0.007919810840567091
2013-11-11,-0.0012742725319220727
2013-11-12,-0.004619273045757146
2013-11-13,0.010275516895686765
2013-11-14,0.001567308041374179
2013-11-15,0.008628155943359353
2013-11-18,-0.007511561278386172
2013-11-19,-0.0025950802088566425
2013-11-20,0.0007497543311876091
2013-11-21,0.00436742731419633
2013-11-22,0.003962527427175863
2013-11-25,0.0013526066748640493
2013-11-26,-0.008164097621056703
2013-11-27,0.00928077109116573
2013-11-29,0.013824416146331748
2013-12-02,-0.00015582735131203142
2013-12-03,0.011866981341939512
2013-12-04,0.007057019078515244
2013-12-05,-0.009503754013920111
2013-12-06,0.0011362879213593826
2013-12-09,0.006716359610710463
2013-12-10,-0.0014551634195839097
2013-12-11,-0.011279185552354982
2013-12-12,0.012113691941000027
2013-12-13,-0.011289420774478658
2013-12-16,0.006415168559479351
2013-12-17,0.009266856015400997
2013-12-18,0.01624595317090284
2013-12-19,0.00011209294031532826
2013-12-20,-0.005191524289109715
2013-12-23,0.00567357607557705
2013-12-24,0.0007265015587099269
2013-12-26,0.006536726680800646
2013-12-27,-0.009486214054212107
2013-12-30,-0.010883374869844914
2013-12-31,0.00600180749153322
2014-01-02,-0.012157834524966245
2014-01-03,-0.007192718756330419
2014-01-06,0.007454464412297921
2014-01-07,0.015260190602741834
2014-01-08,0.005183248656124212
2014-01-09,-0.023507187941503863
2014-01-10,0.0031741457844649892
2014-01-13,-0.02156019563149572
2014-01-14,0.018517178438219532
2014-01-15,0.0036506827954026896
2014-01-16,-0.0012283769472133611
2014-01-17,-0.014429804965774451
2014-01-21,-0.0014517947087795352
2014-01-22,0.0015990623309873973
2014-01-23,0.002362349128981863
2014-01-24,-0.012484491346682614
2014-01-27,-0.016876145754133626
2014-01-28,-0.00646686178649164
2014-01-29,-0.002429065829732573
2014-01-30,0.008034679418589104
2014-01-31,0.019051198769989862
2014-02-03,-0.02401688140009067
2014-02-04,0.00011021142655712689
2014-02-05,-0.009125602104210765
2014-02-06,0.009339815329414951
2014-02-07,0.03440541195830919
2014-02-10,0.002110146753918469
2014-02-11,0.01448815174529937
2014-02-12,0.01201629984618448
2014-02-13,0.02462858080806788
2014-02-14,0.014649648049173285
2014-02-18,0.0012592102826538627
2014-02-19,-0.0031620169198091604
2014-02-20,0.025486964661907884
2014-02-21,-0.0068544429797713375
2014-02-24,0.02432835066147319
2014-02-25,0.00448738999507056
2014-02-26,-0.005480090896109019
2014-02-27,-0.0017792651441427242
2014-02-28,-0.010540485930751596
2014-03-03,-0.0024932599522459954
2014-03-04,0.01573070441301712
2014-03-05,0.0027025188729427694
2014-03-06,-0.010270796370183634
2014-03-07,-0.002919198675584025
2014-03-10,-0.016742408762495546
2014-03-11,0.00216787421026187
2014-03-12,0.004656113947573789
2014-03-13,-0.02079428302490796
2014-03-14,-0.00025253897746715416
2014-03-17,0.004641979931663234
2014-03-18,0.03149541975217297
2014-03-19,0.005231988474389533
2014-03-20,0.01376603782163129
2014-03-21,-0.0029155636403822706
2014-03-24,0.0018059958476996955
2014-03-25,-0.0019755647743034607
2014-03-26,-0.011596677061594864
2014-03-27,-0.007552506929968242
2014-03-28,0.019526081819877108
2014-03-31,0.008458405248934013
2014-04-01,0.005501222037600128
2014-04-02,0.0002805249231373027
2014-04-03,-0.004213543433517413
2014-04-04,-0.016809409175715148
2014-04-07,-0.003856033234287917
2014-04-08,0.003712654065525482
2014-04-09,-0.0011460192049965849
2014-04-10,-0.015033320177795398
2014-04-11,-0.007382822971131369
2014-04-14,0.011411774926290204
2014-04-15,0.0077380228307145915
2014-04-16,0.007468052172365979
2014-04-17,-0.0024252434872775804
2014-04-21,0.00657999689964874
2014-04-22,0.0015018712762582
2014-04-23,0.006476880884038706
2014-04-24,0.0020147715085130765
2014-04-25,-0.010086747328994413
2014-04-28,0.023148268688744762
2014-04-29,-9.736601854852252e-05
2014-04-30,0.0028404201126989697
2014-05-01,-0.003704478668351751
2014-05-02,0.0038881640596380774
2014-05-05,0.01148186952878965
2014-05-06,-0.006615570126175396
2014-05-07,0.0003931814122153127
2014-05-08,-0.004722058339167923
2014-05-09,-0.0005090884796083274
2014-05-12,0.007598151232809147
2014-05-13,0.0014200509899013846
2014-05-14,-0.00024918142902505627
2014-05-15,-0.011632541062358585
2014-05-16,0.007180522978719553
2014-05-19,0.006569835222053283
2014-05-20,0.009934687067605258
2014-05-21,0.026789151377533925
2014-05-22,0.0023277621014216425
2014-05-23,0.019111787524274008
2014-05-27,0.004963684967166619
2014-05-28,0.0017520142634549715
2014-05-29,0.026506395413644815
2014-05-30,0.0012941963650409134
2014-06-02,0.001625881478620533
2014-06-03,0.001751690977001689
2014-06-04,0.012462455974477964
2014-06-05,0.008034583124526332
2014-06-06,0.0007027462217129297
2014-06-09,-0.00018280796096382598
2014-06-10,0.009080339501513953
2014-06-11,-7.271947689810104e-05
2014-06-12,-0.017142520611320596
2014-06-13,-0.00495974499135255
2014-06-16,0.0014456073371050147
2014-06-17,0.0188972058249905
2014-06-18,0.005158924300270888
2014-06-19,-0.019609237020965353
2014-06-20,-0.00654137729846821
2014-06-23,0.0018990190777674837
2014-06-24,-0.011498667462409583
2014-06-25,0.012348164856977633
2014-06-26,-0.008865434359536364
2014-06-27,0.009161184489126816
2014-06-30,-0.008182958176408411
2014-07-01,0.04005591043698053
2014-07-02,-0.006935392961132085
2014-07-03,0.00895150519188348
2014-07-07,-0.002100691128717415
2014-07-08,-0.020131474617929915
2014-07-09,0.003711337225607466
2014-07-10,-0.0065668500221357055
2014-07-11,0.0019988966983141196
2014-07-14,0.0070529247017856135
2014-07-15,-0.0021797490009316627
2014-07-16,0.01636625690427447
2014-07-17,-0.0038109026411113365
2014-07-18,-0.020483190127355742
2014-07-21,-0.0009166917281554431
2014-07-22,-0.023189125395293792
2014-07-23,0.013484575686132634
2014-07-24,-0.006060489972134459
2014-07-25,0.004424189271072948
2014-07-28,0.0009559108170648029
2014-07-29,-0.004141391799077724
2014-07-30,-0.004700505761661064
2014-07-31,-0.017809167010625026
2014-08-01,-0.0007035198144676588
2014-08-04,0.0031411110375371303
2014-08-05,-0.005801794716227113
2014-08-06,-0.004787270682226388
2014-08-07,0.022454692707977626
2014-08-08,-0.004594546077062257
2014-08-11,0.0037495931086689786
2014-08-12,-0.005680512791853947
2014-08-13,0.00952682362488924
2014-08-14,0.003491925291390106
2014-08-15,0.008334725004508076
2014-08-18,0.009593840395126172
2014-08-19,0.012484617658183261
2014-08-20,-0.003992560139659146
2014-08-21,-9.855956415558476e-05
2014-08-22,0.0029046213221428177
2014-08-25,0.0029012463806877197
2014-08-26,-0.004832852986544518
2014-08-27,0.0012845113809134868
2014-08-28,0.0011245511706938376
2014-08-29,0.0037796387566135263
2014-09-02,0.0001600645550823331
2014-09-03,-0.020274652833922987
2014-09-04,0.003948787189875914
2014-09-05,0.005683126851387728
2014-09-08,0.0015920088954755537
2014-09-09,0.0027865661212157907
2014-09-10,0.006471216259086736
2014-09-11,-0.00121319916001846
2014-09-12,-0.008393374308140604
2014-09-15,-0.005072567184176024
2014-09-16,0.0018345936132470922
2014-09-17,0.0010031147871539183
2014-09-18,0.002753265554046331
2014-09-19,0.004920323392371881
2014-09-22,-0.00434481574708635
2014-09-23,0.0025048720950805797
2014-09-24,0.001248584902764742
2014-09-25,-0.03011153186658138
2014-09-26,0.0187316841200113
2014-09-29,-0.002853110239582741
2014-09-30,0.00233547457421237
2014-10-01,-0.012752789308700382
2014-10-02,0.002104510293564522
2014-10-03,0.002204515234269144
2014-10-06,0.004286906638044677
2014-10-07,-0.013874746856444624
2014-10-08,0.02200715339708731
2014-10-09,-0.015552064923568898
2014-10-10,-0.011768325253421277
2014-10-13,-0.01949787053750925
2014-10-14,0.006706010690877538
2014-10-15,-0.006716469614103749
2014-10-16,-0.10340942008112085
2014-10-17,0.0064644340711983396
2014-10-20,0.015856090322984427
2014-10-21,0.022657103079974344
2014-10-22,-0.009198138180212725
2014-10-23,0.014193947697227781
2014-10-24,0.007054088778116977
2014-10-27,-0.002907164965512222
2014-10-28,0.014070348045414516
2014-10-29,-0.00035873391454121313
2014-10-30,-0.007790370300825921
2014-10-31,0.02750659960967532
2014-11-03,0.014925881250311433
2014-11-04,0.0028861328832656403
2014-11-05,0.0011971842335332216
2014-11-06,0.003665307139275074
2014-11-07,-0.009207132832041895
2014-11-10,0.00133150731183883
2014-11-11,0.0037924603825463666
2014-11-12,0.006144114438926114
2014-11-13,0.01556355852718801
2014-11-14,0.005724964778408804
2014-11-17,-0.0020421488941571955
2014-11-18,0.0023208639771156066
2014-11-19,-0.008798343306207282
2014-11-20,0.015396624903625178
2014-11-21,0.003391864999077912
2014-11-24,0.012451393414787995
2014-11-25,-0.004584216479909542
2014-11-26,0.014459934067638475
2014-11-28,0.0009011521305286509
2014-12-01,-0.025527124508414725
2014-12-02,-0.001183121540807167
2014-12-03,0.018528388253216774
2014-12-04,-0.006391639991592579
2014-12-05,-0.001435781576931285
2014-12-08,-0.017711749993027312
2014-12-09,-0.0028357800928290136
2014-12-10,-0.020602400270287792
2014-12-11,-0.001720786815016136
2014-12-12,-0.024013921315491675
2014-12-15,-0.004510096144176803
2014-12-16,-0.021798229216285568
2014-12-17,0.03287242563751301
2014-12-18,0.01679275361446626
2014-12-19,0.00108413861042676
2014-12-22,0.007159647967912499
2014-12-23,0.0017701497910736401
2014-12-24,-0.007480914097216111
2014-12-26,-0.0022142569839472544
2014-12-29,-0.001079194731392265
2014-12-30,-0.01072206834857899
2014-12-31,-0.010918499244363736
2015-01-02,0.004050134365370651
2015-01-05,-0.0391294603203732
2015-01-06,-0.017816985780466577
2015-01-07,0.011419081341406078
2015-01-08,0.023031356432895736
2015-01-09,-0.003666462329445702
2015-01-12,-0.01857180443500445
2015-01-13,0.001864394877584464
2015-01-14,-0.006219304923057065
2015-01-15,-0.01711615058325211
2015-01-16,0.005298620037860066
2015-01-20,0.018488857120833715
2015-01-21,0.09369027406409468
2015-01-22,0.0320276587548084
2015-01-23,0.011979190062089518
2015-01-26,0.008228240795913902
2015-01-27,-0.015485252292075728
2015-01-28,-0.02938428031999137
2015-01-29,0.017081090310052022
2015-01-30,-0.009570363966822232
2015-02-02,0.00544729136197393
2015-02-03,0.018052096117548908
2015-02-04,-0.005149348657186214
2015-02-05,0.0037915811626686247
2015-02-06,-0.009278311207771013
2015-02-09,0.0018696977361683255
2015-02-10,0.02188373993083425
2015-02-11,0.012754806871098036
2015-02-12,0.00834845954487204
2015-02-13,0.012709185143970415
2015-02-17,0.007091569435775755
2015-02-18,0.00890735406326606
2015-02-19,-0.001533108843342274
2015-02-20,0.00787994978812774
2015-02-23,0.006863620120546809
2015-02-24,0.00010121856249055861
2015-02-25,-0.00915420601815203
2015-02-26,0.011241173290663927
2015-02-27,-0.01591958145218193
2015-03-02,0.017861323331655014
2015-03-03,-0.015059764426221558
2015-03-04,-0.008372582989616597
2015-03-05,0.007328954822773539
2015-03-06,-0.021246322671995475
2015-03-09,0.0034632266345742796
2015-03-10,-0.0017184298816242758
2015-03-11,-0.01172471267602358
2015-03-12,0.004450532013757802
2015-03-13,-0.002793165201962775
2015-03-16,0.011448916409719082
2015-03-17,0.014458496453341192
2015-03-18,-0.002544108731920085
2015-03-19,0.003876941142510873
2015-03-20,-0.0008913731923307034
2015-03-23,-0.010988168076429512
2015-03-24,-0.008869024568183151
2015-03-25,-0.02984663887888636
2015-03-26,0.0003033843803355832
2015-03-27,-0.00837222529351258
2015-03-30,0.014762118126913179
2015-03-31,-0.01135462394932033
2015-04-01,-0.0038998702538445874
2015-04-02,0.0033588340919237336
2015-04-06,0.013022150614691275
2015-04-07,-0.0008773485783628993
2015-04-08,-0.011481012608113328
2015-04-09,0.009484510924766728
2015-04-10,0.022248852783005486
2015-04-13,0.017506523245530134
2015-04-14,3.229736934238711e-05
2015-04-15,0.00497433889477337
2015-04-16,0.08907249061033311
2015-04-17,0.0038916198369922713
2015-04-20,-0.0018560507409320294
2015-04-21,-0.00927043313898539
2015-04-22,0.0016416344029009581
2015-04-23,0.005307982037191327
2015-04-24,0.051670877291720055
2015-04-27,0.008547972689892071
2015-04-28,0.009095964471275255
2015-04-29,-0.001203323321667818
2015-04-30,-0.009921634145822448
2015-05-01,0.0006817471398574152
2015-05-04,-0.006227305958454874
2015-05-05,0.0029626469677509117
2015-05-06,-0.018294945360381707
2015-05-07,0.008730046515506375
2015-05-08,0.019521684253130375
2015-05-11,0.009378087617899104
2015-05-12,-0.00555901231653361
2015-05-13,-6.73055095423052e-05
2015-05-14,0.01725153123913334
2015-05-15,0.018182596656938742
2015-05-18,0.0007646559739868846
2015-05-19,-0.0023825000786039476
2015-05-20,0.004095819888963956
2015-05-21,-0.0004829200202306201
2015-05-22,0.003453271958787146
2015-05-26,-0.015775308777167693
2015-05-27,0.01992840464467649
2015-05-28,-0.0029321693215828095
2015-05-29,-0.002212869449303453
2015-06-01,0.004815130405578515
2015-06-02,-0.00911584829730808
2015-06-03,-0.0072725646504941755
2015-06-04,0.00011993666858527456
2015-06-05,0.010067810965793523
2015-06-08,-0.016185302755656664
2015-06-09,0.01840792681376518
2015-06-10,0.00958386904551334
2015-06-11,-0.0058767588291120075
2015-06-12,-0.017147289526844613
2015-06-15,-0.01055726037247804
2015-06-16,0.01253332964676957
2015-06-17,0.000604853215128166
2015-06-18,0.010841511837955408
2015-06-19,-0.0061942073521787265
2015-06-22,0.011486707948236235
2015-06-23,-0.00819566410902681
2015-06-24,-0.00418606540363921
2015-06-25,-0.012968614692477941
2015-06-26,-0.01244079923723697
2015-06-29,-0.01336129269338435
2015-06-30,0.012380454383470806
2015-07-01,0.0035297825754940088
2015-07-02,0.0015499009353728195
2015-07-06,0.0010625488088809804
2015-07-07,-0.003767853711123171
2015-07-08,-0.0155163299112463
2015-07-09,0.01503502620475361
2015-07-10,0.008853452353840939
2015-07-13,0.029495622200904875
2015-07-14,-0.002661645883494077
2015-07-15,-0.009631453013752338
2015-07-16,0.09991878146651519
2015-07-17,-0.0049188396594958776
2015-07-20,-0.015167007739493742
2015-07-21,0.012700994970115068
2015-07-22,-0.02288958044720226
2015-07-23,-1.977782824811973e-05
2015-07-24,-0.0052947294185886635
2015-07-27,-0.019728704382807445
2015-07-28,0.002097854323018419
2015-07-29,0.004842865518041687
2015-07-30,0.027291811308397716
2015-07-31,0.010405487700231397
2015-08-03,-0.006477023021445284
2015-08-04,0.04595507339819013
2015-08-05,0.010986129614527152
2015-08-06,0.0009858635796249054
2015-08-07,0.05027271459903676
2015-08-10,0.015422725986427365
2015-08-11,-0.0037015979554338944
2015-08-12,-0.007816203939483225
2015-08-13,0.009143906321673067
2015-08-14,-0.0009487375818628338
2015-08-17,0.0047968947033397115
2015-08-18,-0.009775953526807657
2015-08-19,-0.009970645050109028
2015-08-20,-0.057253549858598804
2015-08-21,-0.05348282186355316
2015-08-24,-0.05175072652439397
2015-08-25,0.013565705324135053
2015-08-26,0.08012732934632252
2015-08-27,0.05298528400467474
2015-08-28,0.002082016481291285
2015-08-31,-0.016550701929233882
2015-09-01,-0.06062619306535794
2015-09-02,0.013420138579425063
2015-09-03,-0.00741750959296382
2015-09-04,-0.02190458509556418
2015-09-08,0.03528954905528471
2015-09-09,-0.019262344392132574
2015-09-10,0.018857290815585914
2015-09-11,0.008834375310844548
2015-09-14,0.005698877688999288
2015-09-15,0.009715140329347949
2015-09-16,0.004045873034830351
2015-09-17,-0.006149257977746832
2015-09-18,-0.0091295894697396
2015-09-21,0.012909368508132592
2015-09-22,-0.02145485111099995
2015-09-23,0.00206082523187758
2015-09-24,0.012539481701682106
2015-09-25,0.0023653877338887597
2015-09-28,-0.016459494514109066
2015-09-29,-0.00623212049639576
2015-09-30,0.029278698651480715
2015-10-01,-0.01168634274848239
2015-10-02,0.023792731434100576
2015-10-05,0.02413024547898939
2015-10-06,0.00777774900642142
2015-10-07,0.005777392850521629
2015-10-08,0.008122407426377886
2015-10-09,-0.006721310110466941
2015-10-12,0.0042028499356970145
2015-10-13,6.598239400595104e-05
2015-10-14,0.02449815854515829
2015-10-15,0.009512780093738973
2015-10-16,0.013974503930019744
2015-10-19,-0.009929884203158339
2015-10-20,0.0008560475413395562
2015-10-21,-0.012448281917399466
2015-10-22,0.026851634207592005
2015-10-23,0.003888405765584339
2015-10-26,0.010777129351019122
2015-10-27,-0.0055125504483220355
2015-10-28,0.0067443660384510565
2015-10-29,-0.023008185853980533
2015-10-30,-0.011019371196978614
2015-11-02,0.011515036300297352
2015-11-03,0.017751100723277298
2015-11-04,-0.002700187707267865
2015-11-05,-0.006987637239138894
2015-11-06,0.0029602962350862047
2015-11-09,-0.009138106287829843
2015-11-10,-0.015551481789453935
2015-11-11,-0.0035605330893391926
2015-11-12,-0.004878022913314122
2015-11-13,-0.014369563555911508
2015-11-16,0.018867330780635135
2015-11-17,-0.004119317330634759
2015-11-18,0.027372201288574906
2015-11-19,0.0022859992343816915
2015-11-20,0.0066555572858383585
2015-11-23,-0.0026819121225185186
2015-11-24,-0.006324873836166032
2015-11-25,-0.005802885225258011
2015-11-27,0.00933077034321533
2015-11-30,-0.0031540718439214428
2015-12-01,0.024239729895258185
2015-12-02,-0.003907502503579723
2015-12-03,-0.010223670967515011
2015-12-04,0.03659632215295672
2015-12-07,-0.0307524352269464
2015-12-08,0.006616425108950346
2015-12-09,-0.019923307836902184
2015-12-10,0.006764598176622016
2015-12-11,-0.018375007234966774
2015-12-14,0.01122001242493391
2015-12-15,0.006684767566790434
2015-12-16,0.011456912509717216
2015-12-17,-0.011367123500939557
2015-12-18,-0.02220501985825979
2015-12-21,0.018289213132107705
2015-12-22,0.005197945397347679
2015-12-23,0.0062194026459976345
2015-12-24,0.0003202377938748744
2015-12-28,0.0020624751510529334
2015-12-29,0.013509188946220066
2015-12-30,-0.006427297545696404
2015-12-31,-0.013808842494392334
2016-01-04,-0.015078542892168017
2016-01-05,0.01031318912270505
2016-01-06,-0.02975791408360573
2016-01-07,-0.021259290143925448
2016-01-08,-0.023936587360348687
2016-01-11,0.01578287445525404
2016-01-12,0.011590801339766093
2016-01-13,-0.03998264365022808
2016-01-14,0.025280454808520564
2016-01-15,-0.029690348693172247
2016-01-19,0.010897204085137537
2016-01-20,-0.021768373694752444
2016-01-21,-0.018728290639664684
2016-01-22,0.008703950083425754
2016-01-25,-0.02667384489167817
2016-01-26,0.02205188220619902
2016-01-27,-0.018296404748202866
2016-01-28,0.019489512694291777
2016-01-29,0.034686150588862596
2016-02-01,-0.013468208268219884
2016-02-02,-0.02676945202986183
2016-02-03,0.0181513222340726
2016-02-04,0.007067354859540789
2016-02-05,-0.01612672136502758
2016-02-08,0.012008237068795254
2016-02-09,-0.002281265900816102
2016-02-10,-0.008348099146310423
2016-02-11,-0.001447592439395269
2016-02-12,0.010529714388901663
2016-02-16,0.010645982704730876
2016-02-17,0.017818036046676672
2016-02-18,0.0005498390756108777
2016-02-19,0.00696123216462456
2016-02-22,0.017072986514329622
2016-02-23,-0.005770651722623766
2016-02-24,0.00526616323461698
2016-02-25,0.004105293967668412
2016-02-26,-0.004877580831728572
2016-02-29,-0.013033453601190738
2016-03-01,0.02921142187515881
2016-03-02,0.00399486966630779
2016-03-03,-0.006215831028039378
2016-03-04,0.005907019748334271
2016-03-07,-0.008759230751672502
2016-03-08,-0.01995533152084882
2016-03-09,0.00013036416919587454
2016-03-10,-0.000540667516499776
2016-03-11,0.013909709601347955
2016-03-14,0.002512713716209115
2016-03-15,0.007569999489413336
2016-03-16,0.021580183505564194
2016-03-17,-0.005031755931812791
2016-03-18,0.015649430405652802
2016-03-21,0.0014318480761356328
2016-03-22,0.002939286793082069
2016-03-23,0.0058028811609394815
2016-03-24,-0.0014411251682283767
2016-03-28,0.0028043506615283253
2016-03-29,0.019874712254301506
2016-03-30,0.013957178631183297
2016-03-31,-0.004419027260030654
2016-04-01,0.011884710314375775
2016-04-04,0.0002958137677667996
2016-04-05,-0.0065928820731407465
2016-04-06,0.005935560162232128
2016-04-07,-0.016072326044078166
2016-04-08,0.00018221645090905078
2016-04-11,0.004741324081372537
2016-04-12,0.005955266643047335
2016-04-13,0.01979956890927336
2016-04-14,0.0016286170547373567
2016-04-15,0.00887168927100174
2016-04-18,-0.01609950846538159
2016-04-19,-0.009546053632427977
2016-04-20,-0.003671717630451626
2016-04-21,-0.0006064599984436401
2016-04-22,0.002340562757898861
2016-04-25,0.00133907144596204
2016-04-26,0.0021291305394087667
2016-04-27,0.016111926216297145
2016-04-28,-0.017305769701968263
2016-04-29,-0.007152662567283097
2016-05-02,0.010742856034008243
2016-05-03,-0.011694039284023246
2016-05-04,-0.012350701334658095
2016-05-05,0.00358951707916169
2016-05-06,0.007816193468275768
2016-05-09,-0.0003685630827556264
2016-05-10,0.017653502131666846
2016-05-11,-0.001018787020778452
2016-05-12,-0.0019524982949337827
2016-05-13,0.07041542831061971
2016-05-16,0.019895243922288683
2016-05-17,0.0008434928727008721
2016-05-18,0.011766624619938566
2016-05-19,0.006443783765526841
2016-05-20,0.006902458840654365
2016-05-23,9.325054958180825e-06
2016-05-24,0.012527993294470477
2016-05-25,0.0011953157198758245
2016-05-26,0.0027650655757461623
2016-05-27,0.005121280494818113
2016-05-31,0.005399137823482679
2016-06-01,-0.0042039950709275836
2016-06-02,0.002244281513867576
2016-06-03,-0.015197930322959564
2016-06-06,0.0031919167386884697
2016-06-07,-0.0032457369486119615
2016-06-08,-0.0011778663753672183
2016-06-09,0.012331654096349457
2016-06-10,-0.01625768915658057
2016-06-13,0.009775238607230076
2016-06-14,7.892583900901274e-05
2016-06-15,0.003626569109578274
2016-06-16,0.00788402269527769
2016-06-17,-0.011468227470042771
2016-06-20,0.011194367511295683
2016-06-21,-0.0007988599547264922
2016-06-22,-0.0023897891408616754
2016-06-23,0.01679400231630592
2016-06-24,-0.04158582312024677
2016-06-27,-0.008322048441142978
2016-06-28,0.018829596204178577
2016-06-29,0.016694654362853792
2016-06-30,0.010780451165583757
2016-07-01,-0.0031893989218672873
2016-07-05,0.002044557038602299
2016-07-06,0.008919344083972412
2016-07-07,0.007006689501052593
2016-07-08,0.023164313401236963
2016-07-11,0.013375666053801999
2016-07-12,0.013141862999806398
2016-07-13,-0.0005580579473475833
2016-07-14,0.005484589313640553
2016-07-15,-0.006186153318797978
2016-07-18,0.0009848701372400862
2016-07-19,-0.0028698830002759504
2016-07-20,0.0069902784852561356
2016-07-21,-0.01020543758046085
2016-07-22,0.02052245226470249
2016-07-25,0.010651426953022253
2016-07-26,0.008795237029135712
2016-07-27,-0.010053803589174886
2016-07-28,0.001248245888303884
2016-07-29,0.007565061002659772
2016-08-01,-0.004122111764620928
2016-08-02,-0.013483742717750682
2016-08-03,0.004784735222332211
2016-08-04,0.012940374245520414
2016-08-05,0.013440827386161893
2016-08-08,0.005501667569479565
2016-08-09,0.0024825288732328575
2016-08-10,-0.0047728362036236
2016-08-11,0.012582347336915795
2016-08-12,0.02488560211323172
2016-08-15,0.0055328399555567235
2016-08-16,-0.0034735905311121377
2016-08-17,-0.012312923972415572
2016-08-18,0.007126704460851326
2016-08-19,0.0025717056934418366
2016-08-22,-0.0017981545853739678
2016-08-23,0.005953750125446488
2016-08-24,-0.0071911989396440095
2016-08-25,-0.0014114642146650534
2016-08-26,0.0028596683144543455
2016-08-29,0.0002805723400487198
2016-08-30,-0.00471075481336722
2016-08-31,-0.006066631042929991
2016-09-01,0.014394492050259637
2016-09-02,-0.004214276442613724
2016-09-06,0.004197552757203736
2016-09-07,-0.012062508550631446
2016-09-08,-0.010532592182772502
2016-09-09,-0.04075805007978406
2016-09-12,0.023545119373171948
2016-09-13,-0.022184729123619067
2016-09-14,0.022480198498045542
2016-09-15,0.018700162436497383
2016-09-16,-0.0016157705494471322
2016-09-19,0.0007739459100449967
2016-09-20,-0.004598689186328288
2016-09-21,0.0139395457064317
2016-09-22,0.005944991999561605
2016-09-23,-0.008870422082816264
2016-09-26,-0.003941538514326524
2016-09-27,0.01802688228667803
2016-09-28,0.00560557139100024
2016-09-29,-0.003124451849558724
2016-09-30,0.012186539693215023
2016-10-03,-0.002855101584525824
2016-10-04,-0.002508483528661987
2016-10-05,0.0187370729114424
2016-10-06,-0.012214553424455522
2016-10-07,-0.0048278377722020096
2016-10-10,-0.0052376851527395855
2016-10-11,-0.0061508161541732305
2016-10-12,0.0009948369957725567
2016-10-13,-0.009663037717152923
2016-10-14,0.008964191017253046
2016-10-17,-0.008569128312714601
2016-10-18,0.007280155890265864
2016-10-19,0.011474442376349578
2016-10-20,0.005815844882713086
2016-10-21,0.014857269314502358
2016-10-24,0.010563708900477965
2016-10-25,-0.0033019116478425203
2016-10-26,0.0038355523069560204
2016-10-27,-0.012224005143031869
2016-10-28,-0.00045355493061256314
2016-10-31,-0.0024638763591386583
2016-11-01,-0.02111228927154939
2016-11-02,-0.006986475321369348
2016-11-03,-0.0026684897560080986
2016-11-04,-0.004672526459340121
2016-11-07,0.025011408033752482
2016-11-08,-0.000549429027617195
2016-11-09,-0.011126273831265849
2016-11-10,-0.039918160770809674
2016-11-11,0.14110703791623413
2016-11-14,-0.02688701561998069
2016-11-15,0.024273394424096026
2016-11-16,0.02539562368897677
2016-11-17,0.012445562941659622
2016-11-18,0.002858324527308137
2016-11-21,0.002190292627667812
2016-11-22,0.005738759632492922
2016-11-23,-0.0034302536817692837
2016-11-25,0.002161451786686892
2016-11-28,-0.0039958591014954475
2016-11-29,-0.0006094315265296911
2016-11-30,-0.012423247392474891
2016-12-01,-0.025072707336394946
2016-12-02,0.003475097563117603
2016-12-05,0.012560565234980822
2016-12-06,0.008674368866697174
2016-12-07,0.012286019296979629
2016-12-08,-0.01693547218048534
2016-12-09,-0.005029237894269958
2016-12-12,0.012737043580356239
2016-12-13,0.015307523619983492
2016-12-14,-0.013183064703342285
2016-12-15,0.010918248076587225
2016-12-16,0.009258796057234887
2016-12-19,0.008963565092161112
2016-12-20,0.01874487826741769
2016-12-21,0.0036082712527201345
2016-12-22,0.0027582537721783746
2016-12-23,0.010025051602640594
2016-12-27,0.03751668418226917
2016-12-28,-0.04397622365805383
2016-12-29,0.009848636789824384
2016-12-30,-0.02494263100481796
2017-01-03,-0.020731856143693547
2017-01-04,0.0020290102411591876
2017-01-05,0.011815563738003753
2017-01-06,0.0027671043667974633
2017-01-09,0.004121823617723316
2017-01-10,-0.0035429788620571718
2017-01-11,0.0050348277055903955
2017-01-12,-0.007145278549818574
2017-01-13,0.01661447506219976
2017-01-17,0.001003138666603876
2017-01-18,0.0013504221455391734
2017-01-19,0.01844808929565939
2017-01-20,0.0016047258075165115
2017-01-23,-0.0040317919661342575
2017-01-24,0.009440755814836221
2017-01-25,0.005854859762295441
2017-01-26,-0.0017607202020103125
2017-01-27,0.012598569230516537
2017-01-30,-0.006252748415985197
2017-01-31,-0.0029568637306110666
2017-02-01,0.03073929711832099
2017-02-02,-0.006466031953797551
2017-02-03,-0.0022369774863729855
2017-02-06,0.007253737269464074
2017-02-07,0.012516114278749137
2017-02-08,0.00450809984195603
2017-02-09,0.0015403444216863815
2017-02-10,0.0012261970566014076
2017-02-13,-0.0011656052782229942
2017-02-14,-0.0018203772490982964
2017-02-15,0.0015048215525417588
2017-02-16,-0.0006678110963905114
2017-02-17,0.0021421646796297303
2017-02-21,0.0026041066002461958
2017-02-22,0.0004917104958347504
2017-02-23,-0.005868690525627947
2017-02-24,0.0004762500398640043
2017-02-27,-0.002029812177486028
2017-02-28,-0.004243648684467181
2017-03-01,0.012049170138030828
2017-03-02,-0.010129245500074498
2017-03-03,-0.002091601603446487
2017-03-06,-0.0014185161746887575
2017-03-07,-0.001150543758950526
2017-03-08,0.0027172668779783925
2017-03-09,-0.0031512246171935994
2017-03-10,0.003203251260046263
2017-03-13,-0.001478430491446935
2017-03-14,-0.001903934204928748
2017-03-15,0.012481255615042444
2017-03-16,-0.002141718767201898
2017-03-17,5.511302158229137e-06
2017-03-20,0.007731454130132265
2017-03-21,-0.017417683597147942
2017-03-22,0.015846852457825446
2017-03-23,-0.0063019063790518935
2017-03-24,0.0007802324362477116
2017-03-27,0.0017764719654166706
2017-03-28,0.011823014378915999
2017-03-29,0.0024911241725868154
2017-03-30,0.0047684457797417
2017-03-31,-0.0017820948600774556
2017-04-03,-0.0028712635820465817
2017-04-04,-0.0011097564449872132
2017-04-05,-0.003883291180549729
2017-04-06,4.6589500511562626e-05
2017-04-07,-0.0014940385533044383
2017-04-10,-0.0017348109371640645
2017-04-11,-0.005759673377016819
2017-04-12,-0.0011240953424725825
2017-04-13,-0.010358150234788394
2017-04-17,0.006844867368745562
2017-04-18,-0.013896085644310139
2017-04-19,-0.004517483834739436
2017-04-20,0.009791513213428164
2017-04-21,0.006273553128905682
2017-04-24,0.013323833236689854
2017-04-25,0.005985618113321672
2017-04-26,-0.007201626337131541
2017-04-27,0.012932271464840293
2017-04-28,-0.001482635450745636
2017-05-01,0.01728665846653998
2017-05-02,0.0023794308596404848
2017-05-03,-0.0031122729768685515
2017-05-04,-0.003756514017773482
2017-05-05,-0.0006858990887245859
2017-05-08,0.01315941567568634
2017-05-09,0.003927794491176334
2017-05-10,-0.00041507316553086957
2017-05-11,0.025801666768465382
2017-05-12,0.012476900027647755
2017-05-15,0.02381836634560404
2017-05-16,0.00856803159132324
2017-05-17,-0.0500090183030531
2017-05-18,0.02856507717228779
2017-05-19,0.013251883761079261
2017-05-22,0.013699971799217607
2017-05-23,-0.007348637095233133
2017-05-24,0.004123789845997377
2017-05-25,0.0006097284048210874
2017-05-26,0.011045294913651207
2017-05-30,0.013897532259624873
2017-05-31,-0.005842813097924883
2017-06-01,-0.00021060107614492645
2017-06-02,0.004224417637471711
2017-06-05,0.018834803590832498
2017-06-06,-0.0006032329819021269
2017-06-07,0.005144334827276968
2017-06-08,0.033240309055151414
2017-06-09,-0.055986364181174225
2017-06-12,0.006106872882942169
2017-06-13,0.004948490468149671
2017-06-14,-0.004307076035182808
2017-06-15,-0.0004903825006084312
2017-06-16,0.005015131784119952
2017-06-19,0.014425118544183067
2017-06-20,-0.0075038962836666695
2017-06-21,0.0022905480121922853
2017-06-22,-0.0035199500790449824
2017-06-23,-0.007572976094679921
2017-06-26,-0.010234987304065517
2017-06-27,-0.027662205234818375
2017-06-28,0.0202244786223818
2017-06-29,-0.02179528754502085
2017-06-30,-0.00704081292861986
2017-07-03,-0.023602299898421143
2017-07-05,0.0057370458100207125
2017-07-06,-0.0021885013254426674
2017-07-07,0.01792001015251125
2017-07-10,0.027386899167360004
2017-07-11,0.007163439679245382
2017-07-12,0.029553152462270374
2017-07-13,-0.007484981892143248
2017-07-14,0.020483257797916685
2017-07-17,0.0017941521602190462
2017-07-18,0.004864893871065098
2017-07-19,0.004527746211556673
2017-07-20,0.0017299750997610114
2017-07-21,0.010556452373359733
2017-07-24,-0.007470746373401021
2017-07-25,0.0015068214345666567
2017-07-26,0.0046992408197593025
2017-07-27,-0.026372884803374776
2017-07-28,0.002902180687758338
2017-07-31,-0.012184152213966152
2017-08-01,0.007110279128020943
2017-08-02,-0.0038472428089031904
2017-08-03,-0.009172695910241701
2017-08-04,0.004827622212636787
2017-08-07,0.02310678956933991
2017-08-08,-0.0019483994690659926
2017-08-09,0.008374926314903313
2017-08-10,-0.037336555962365445
2017-08-11,-0.019694703606910356
2017-08-14,0.015042098130614986
2017-08-15,0.005610412153349759
2017-08-16,0.000925145665043241
2017-08-17,-0.018085337513966813
2017-08-18,-0.0005185356745214113
2017-08-21,-0.003265795015039273
2017-08-22,0.015173015221573698
2017-08-23,-0.0023812274190991734
2017-08-24,-0.00405838265732683
2017-08-25,0.0027466161175337357
2017-08-28,0.00510416556068926
2017-08-29,0.005969514292561668
2017-08-30,0.007921155135490479
2017-08-31,0.007124031641546574
2017-09-01,-0.005398009821018327
2017-09-05,-0.019350322265671897
2017-09-06,0.013027164066888773
2017-09-07,-0.002704883885470548
2017-09-08,-0.008535405750258115
2017-09-11,0.017805454058278575
2017-09-12,0.010958782709370063
2017-09-13,-0.0023798029607264926
2017-09-14,-0.0007440468346337588
2017-09-15,-0.0008915075941169448
2017-09-18,0.020779074589179627
2017-09-19,0.00027848299980526466
2017-09-20,-0.001973408497291569
2017-09-21,-0.017764319917189082
2017-09-22,-0.008655904034945745
2017-09-25,-0.016853807245998376
2017-09-26,0.0017686457595123082
2017-09-27,0.010557046749259405
2017-09-28,0.0011770380407812404
2017-09-29,0.007516865173651698
2017-10-02,-0.0014914620075438551
2017-10-03,0.0018299791820866702
2017-10-04,0.004364646219387304
2017-10-05,0.0011298160184037738
2017-10-06,0.0074469149144779645
2017-10-09,-0.0009454029525451367
2017-10-10,-0.003144410908301164
2017-10-11,0.007386062492289659
2017-10-12,-0.0007933313861927488
2017-10-13,0.011716620674183362
2017-10-16,0.009614823592134829
2017-10-17,-0.0008412104650205193
2017-10-18,-0.001635266153860481
2017-10-19,0.0024897146625806423
2017-10-20,0.003500614770730969
2017-10-23,-0.0005842526421210049
2017-10-24,0.0015717757842507393
2017-10-25,-0.014091366661309923
2017-10-26,0.002630318936279924
2017-10-27,0.03349687563565638
2017-10-30,-0.0005381352540080756
2017-10-31,0.003053345937066153
2017-11-01,0.0009428722942408879
2017-11-02,0.002189215524443013
2017-11-03,0.007211977536545953
2017-11-06,0.004213036573341087
2017-11-07,0.0004227480410897574
2017-11-08,-0.005047085545122727
2017-11-09,-0.0038002683992650168
2017-11-10,-0.0029631126666394983
2017-11-13,-0.0016460656379136832
2017-11-14,-0.006843993983344799
2017-11-15,-0.013691075129428123
2017-11-16,0.005206743999457352
2017-11-17,-0.005398313360155505
2017-11-20,0.007223504462278553
2017-11-21,0.011810744307762617
2017-11-22,-0.005889877496169953
2017-11-24,0.004751095958786187
2017-11-27,-0.009013647212793102
2017-11-28,0.0030917402868151653
2017-11-29,-0.01944335035518171
2017-11-30,0.01117882445132856
2017-12-01,0.0015553394264105974
2017-12-04,-0.01821133327302275
2017-12-05,-0.004539586264605677
2017-12-06,-0.005536476269410197
2017-12-07,-0.00011088300849142565
2017-12-08,0.010788521956460191
2017-12-11,0.008595146933005863
2017-12-12,-0.0007556998050153268
2017-12-13,0.0003159687501525072
2017-12-14,-0.0051898298033230955
2017-12-15,0.017833231980208576
2017-12-18,0.004335789199081539
2017-12-19,-0.0085118806659158
2017-12-20,-0.0023501962125828052
2017-12-21,0.001775669576010614
2017-12-22,0.0007156127162462588
2017-12-26,-0.012625435282647434
2017-12-27,0.0013386285990352807
2017-12-28,0.0007732321174264687
2017-12-29,-0.003311050972801431
2018-01-02,0.010705864157459251
2018-01-03,0.019717247466259073
2018-01-04,0.0021062302533063656
2018-01-05,0.010198551976127236
2018-01-08,0.007152803627672982
2018-01-09,-0.008583832829770932
2018-01-10,-5.575920483727372e-05
2018-01-11,0.011998855001760221
2018-01-12,0.006728938249703563
2018-01-16,-0.006297319318389312
2018-01-17,0.0013761213084301557
2018-01-18,0.003267061822380079
2018-01-19,-0.0002599115853274225
2018-01-22,0.023927015572230113
2018-01-23,0.061063129340509295
2018-01-24,0.01548582062811904
2018-01-25,0.018850425817951863
2018-01-26,0.018452819625075174
2018-01-29,0.017445927583721287
2018-01-30,-0.018537901927279006
2018-01-31,-0.008899267436126939
2018-02-01,-0.01362124035913801
2018-02-02,-0.008703453070189552
2018-02-05,-0.06706078522949416
2018-02-06,0.04145636810904009
2018-02-07,-0.011599163690448886
2018-02-08,-0.051978677795300236
2018-02-09,0.032208765283751196
2018-02-12,0.00827053781760035
2018-02-13,0.01070654582410759
2018-02-14,0.03385775033528533
2018-02-15,0.03734420876932465
2018-02-16,-0.008517411360659522
2018-02-20,0.010798616814680643
2018-02-21,-0.010726433344954477
2018-02-22,-0.0035227696552871616
2018-02-23,0.022699324961098784
2018-02-26,0.024277715741096426
2018-02-27,-0.007654484952229379
2018-02-28,0.0005680813604897119
2018-03-01,-0.010456928206723533
2018-03-02,0.02181168968367972
2018-03-05,0.024899680199804954
2018-03-06,0.015798109013817615
2018-03-07,-0.010883234762267893
2018-03-08,-0.003440144233569325
2018-03-09,0.033948202732616874
2018-03-12,-0.014105633521734107
2018-03-13,-0.01324960343878729
2018-03-14,0.0047242864804549764
2018-03-15,0.0004906585317183648
2018-03-16,-0.0018248851057727257
2018-03-19,-0.02672710050015998
2018-03-20,0.006240694312171371
2018-03-21,-0.00364963543531524
2018-03-22,-0.028949081612423093
2018-03-23,-0.02774880834803922
2018-03-26,0.05695173256206913
2018-03-27,-0.05366448713908259
2018-03-28,-0.025256587440778817
2018-03-29,0.027277378894710838
2018-04-02,-0.04056048364837761
2018-04-03,0.01901346628040107
2018-04-04,0.01360299395453969
2018-04-05,0.003737943121477354
2018-04-06,-0.02035332506998641
2018-04-09,0.0029922783389326035
2018-04-10,0.02631488284622978
2018-04-11,-0.0031552462259255756
2018-04-12,0.007831479885276854
2018-04-13,0.007895024023374128
2018-04-16,-0.0017125151729560934
2018-04-17,0.0055453614163570135
2018-04-18,0.003389836968424229
2018-04-19,-0.0014579749204304126
2018-04-20,-0.01005335903934411
2018-04-23,-0.010243545862317672
2018-04-24,-0.01935986154879989
2018-04-25,0.002989749740090286
2018-04-26,0.021995288671555938
2018-04-27,-0.010708590589685077
2018-04-30,-0.010878937481108015
2018-05-01,-0.003800615910029211
2018-05-02,-0.007746344799503408
2018-05-03,-0.001758507031936406
2018-05-04,0.03264314203273317
2018-05-07,0.023737868869218193
2018-05-08,0.0058616222970633
2018-05-09,0.014263257007836597
2018-05-10,0.015655498072338785
2018-05-11,-0.012665628056364843
2018-05-14,0.0022167295092255877
2018-05-15,-0.004788764632402239
2018-05-16,0.006072324692643211
2018-05-17,-0.004015015500535807
2018-05-18,-0.005360182209748726
2018-05-21,0.009569511767930493
2018-05-22,-0.005141421318157185
2018-05-23,0.006329245485886635
2018-05-24,0.006071114953086249
2018-05-25,0.004005659688380542
2018-05-29,-0.004023272101510376
2018-05-30,0.004382705477622585
2018-05-31,-0.004423786526844184
2018-06-01,0.021710340329947446
2018-06-04,0.006977140907656705
2018-06-05,0.00807127345270354
2018-06-06,0.003723048268443354
2018-06-07,-0.016086866697498828
2018-06-08,-0.0056970937463001765
2018-06-11,-0.0019442448290155408
2018-06-12,0.006037724694176676
2018-06-13,0.01801713438703261
2018-06-14,0.025623238340551822
2018-06-15,-0.004223644562414336
2018-06-18,-0.002335843920357434
2018-06-19,0.009393359700565405
2018-06-20,0.019550865134672607
2018-06-21,-0.005166583537504168
2018-06-22,-0.008844141734526108
2018-06-25,-0.04242405776569721
2018-06-26,0.025033157062262168
2018-06-27,-0.004632671701047425
2018-06-28,0.008033280331240289
2018-06-29,-0.0004093531849829
2018-07-02,0.0027597991896883434
2018-07-03,-0.00668344339003029
2018-07-05,0.010502046244737594
2018-07-06,0.012495982441388448
2018-07-09,0.01653965261342266
2018-07-10,-0.0026604886092105604
2018-07-11,-0.0027618261159867287
2018-07-12,0.004684659328478944
2018-07-13,-0.015451974521099598
2018-07-16,-0.0035637646808049338
2018-07-17,0.006370860632905553
2018-07-18,-0.0066590283776601375
2018-07-19,0.00046169951743299477
2018-07-20,0.007809249324775675
2018-07-23,0.008442551439702784
2018-07-24,0.0021918270000433433
2018-07-25,0.01943700194984401
2018-07-26,-0.007024218951961029
2018-07-27,-0.01716442531651603
2018-07-30,-0.013527473247689614
2018-07-31,0.004369399272218891
2018-08-01,0.03039775265399313
2018-08-02,0.02068421801068527
2018-08-03,0.0036312809742704982
2018-08-06,0.003012879248067752
2018-08-07,-0.0012195861876380292
2018-08-08,0.0031393037588979284
2018-08-09,0.004754480685008309
2018-08-10,-0.004543906640233547
2018-08-13,-0.00039533249436256995
2018-08-14,0.00834437657932275
2018-08-15,-0.00561223121847321
2018-08-16,0.004159944464899628
2018-08-17,-0.014525621170097579
2018-08-20,-0.008171582677046329
2018-08-21,-0.005138809848989678
2018-08-22,0.018774265636205916
2018-08-23,0.008670893153565194
2018-08-24,0.011635627338576987
2018-08-27,0.010876422310099236
2018-08-28,0.0012831586327537968
2018-08-29,0.015231971305686987
2018-08-30,0.004284215068508513
2018-08-31,0.00747433936084502
2018-09-04,0.006983402350939099
2018-09-05,-0.012567970674072663
2018-09-06,-0.018545140392665485
2018-09-07,-0.00561067296324846
2018-09-10,-0.007443778333317082
2018-09-11,0.0035247931951115042
2018-09-12,-0.004580156456976563
2018-09-13,0.000499181312919806
2018-09-14,-0.0036387138713615233
2018-09-17,-0.0024698209579656076
2018-09-18,0.006089477472221814
2018-09-19,-0.0006902491421059889
2018-09-20,0.009493334026792307
2018-09-21,0.005100868965765676
2018-09-24,0.010189031797168254
2018-09-25,-0.0015365022456451513
2018-09-26,-0.006215430132220614
2018-09-27,0.0018282875091386762
2018-09-28,-0.0045471234396787
2018-10-01,0.020259914677545086
2018-10-02,-0.00696597694935046
2018-10-03,0.004291652717740374
2018-10-04,-0.012098718924988136
2018-10-05,-0.009516492938999404
2018-10-08,0.0034691345030356704
2018-10-09,0.009133043089256925
2018-10-10,-0.03466489101335281
2018-10-11,-0.02168785738162094
2018-10-12,0.01651140854138333
2018-10-15,-0.01968264874239955
2018-10-16,0.02681805749947172
2018-10-17,-0.0034671621717472295
2018-10-18,-0.03635081427022995
2018-10-19,-0.012632649991440665
2018-10-22,0.00751854682619927
2018-10-23,-0.002264680667663963
2018-10-24,-0.04388538523845138
2018-10-25,0.0292374613258739
2018-10-26,-0.014148415869176362
2018-10-29,-0.023923142002656942
2018-10-30,0.0019194016669811915
2018-10-31,0.02787937893371044
2018-11-01,0.0035098953995066394
2018-11-02,-0.025231650148672236
2018-11-05,0.004466844172388488
2018-11-06,0.0031205151024897315
2018-11-07,0.026022534577697532
2018-11-08,-0.008886727227367787
2018-11-09,-0.009877303208550072
2018-11-12,-0.01875090936177425
2018-11-13,-0.01113440013551434
2018-11-14,-0.02011700904976054
2018-11-15,0.024188639557027495
2018-11-16,0.00963121940731584
2018-11-19,-0.015299019900817454
2018-11-20,-0.02810832003127795
2018-11-21,0.010714988813407988
2018-11-23,-0.013538513432441512
2018-11-26,0.02636254437711348
2018-11-27,0.003601122757723962
2018-11-28,0.027658780393842897
2018-11-29,-0.00029676288112831083
2018-11-30,0.005959067410004375
2018-12-03,0.016228176447901994
2018-12-04,-0.02694407636701717
2018-12-06,-0.003459717049176325
2018-12-07,-0.024794756002046444
2018-12-10,0.006129225856722279
2018-12-11,-0.0034728552124355027
2018-12-12,-0.002047475375641168
2018-12-13,0.0037694681113632535
2018-12-14,-0.032252689341046116
2018-12-17,-0.022377125569235396
2018-12-18,0.02073532593388433
2018-12-19,-0.009041894213380664
2018-12-20,-0.02211386791992745
2018-12-21,-0.043383864139525496
2018-12-24,-0.04625599088041245
2018-12-26,0.07646307900071957
2018-12-27,0.006827664247881256
2018-12-28,-0.0029060897575363346
2018-12-31,0.028487199082913136
2019-01-02,-0.0022152293737338646
2019-01-03,-0.01178111800777978
2019-01-04,0.07187182360074043
2019-01-07,0.03049620767641673
2019-01-08,0.011442224452159403
2019-01-09,0.006665915684578919
2019-01-10,0.004131839098790464
2019-01-11,0.016052052982219272
2019-01-14,-0.0014780790195003139
2019-01-15,0.030693984531733023
2019-01-16,-0.002820333187073115
2019-01-17,0.00607219435195039
2019-01-18,-0.012455167407411065
2019-01-22,-0.029977957234178523
2019-01-23,-1.0840395286244517e-06
2019-01-24,0.004877460998114081
2019-01-25,0.02473591858605989
2019-01-28,-0.07265772460329256
2019-01-29,-0.020252277647319447
2019-01-30,0.02333170113714127
2019-01-31,0.0018981587390009447
2019-02-01,0.0007556646260962771
2019-02-04,0.009660030494229754
2019-02-05,0.014915975854145835
2019-02-06,-0.004914588159115875
2019-02-07,-0.02008898319028934
2019-02-08,0.004735856932625424
2019-02-11,-0.005522206989028063
2019-02-12,0.024902610730959823
2019-02-13,-0.005753313687473152
2019-02-14,0.0019529347268235802
2019-02-15,0.006376553146871935
2019-02-19,0.010421134033739017
2019-02-20,-0.0008594336727794111
2019-02-21,-0.007339799859546747
2019-02-22,0.010984109531653758
2019-02-25,0.0033036767616943493
2019-02-26,0.004469168490043261
2019-02-27,0.004303453246578838
2019-02-28,-0.0033925436288732925
2019-03-01,0.008368650833137117
2019-03-04,0.0007376868316342439
2019-03-05,-0.00324112063496706
2019-03-06,-0.008551199822247025
2019-03-07,-0.0005347326372281925
2019-03-08,-0.0066297350098127655
2019-03-11,0.01536977578553722
2019-03-12,0.009118406594051044
2019-03-13,0.006083626433530649
2019-03-14,0.0059512490806909605
2019-03-15,0.012263785259596507
2019-03-18,0.012264923017964845
2019-03-19,-0.0036221356354633628
2019-03-20,0.0038168521895425803
2019-03-21,0.029902710681781963
2019-03-22,-0.023538526757026536
2019-03-25,-0.016524358771161922
2019-03-26,-0.004103433694085378
2019-03-27,-0.005880220339060301
2019-03-28,0.0027877911717633214
2019-03-29,0.009775088944259469
2019-04-01,0.010969779494734044
2019-04-02,0.00798261146008916
2019-04-03,0.006699565088572506
2019-04-04,-8.385890122461514e-05
2019-04-05,0.01049160014160401
2019-04-08,0.010067369378348227
2019-04-09,-0.008094900143288945
2019-04-10,0.01030977295029397
2019-04-11,-0.005619604501614823
2019-04-12,-0.004195087892136964
2019-04-15,0.0013185745555399407
2019-04-16,-0.0011064357960537223
2019-04-17,0.013876860462557556
2019-04-18,0.00836644460338863
2019-04-22,0.003223894986904008
2019-04-23,0.013999101437558748
2019-04-24,-0.002485115325883208
2019-04-25,0.012020981200651041
2019-04-26,0.00047794413019579913
2019-04-29,0.000296714862902343
2019-04-30,-0.006429955290174295
2019-05-01,0.014129140170493227
2019-05-02,-0.009783370184840214
2019-05-03,0.016872507512212302
2019-05-06,-0.010630566692253263
2019-05-07,-0.023739956995196897
2019-05-08,5.864265964075636e-05
2019-05-09,-0.0054117998842375965
2019-05-10,-0.0004326871167780388
2019-05-13,-0.04392655607967826
2019-05-14,0.00610081722276232
2019-05-15,0.013030617889598157
2019-05-16,0.017630521389032684
2019-05-17,-0.010098100106363299
2019-05-20,-0.01616608541873755
2019-05-21,0.011541498594815978
2019-05-22,0.010739898074055376
2019-05-23,-0.016287536465697437
2019-05-24,0.003332374144246788
2019-05-28,0.0006283193151477402
2019-05-29,-0.013101246510559359
2019-05-30,0.006970514603224067
2019-05-31,-0.02033107477222038
2019-06-03,-0.025209926146868324
2019-06-04,0.03876047764912469
2019-06-05,0.014136166009559567
2019-06-06,0.00987525430675194
2019-06-07,0.019240232675033962
2019-06-10,0.010955992869781817
2019-06-11,0.0039044717767152577
2019-06-12,-0.003899966828111907
2019-06-13,0.0030528944377698855
2019-06-14,-0.003139926679457544
2019-06-17,0.004493324692613534
2019-06-18,0.02045323133123593
2019-06-19,0.0004992204406833582
2019-06-20,0.008660903479525134
2019-06-21,-0.0016317467552384637
2019-06-24,-0.001805575567853318
2019-06-25,-0.023364988178588862
2019-06-26,0.012688298790970845
2019-06-27,0.01231365467553047
2019-06-28,-0.001492833781678252
2019-07-01,0.012326442426055139
2019-07-02,-0.008928109061883776
2019-07-03,0.007364974152170901
2019-07-05,-0.0018952996663312428
2019-07-08,-0.010671764806403935
2019-07-09,0.0031857622228266148
2019-07-10,0.0065012599547061185
2019-07-11,2.6312340184700845e-05
2019-07-12,0.005806104575232135
2019-07-15,-0.0010144002717768674
2019-07-16,-0.008281776326885423
2019-07-17,0.00505874189277424
2019-07-18,0.007064641468341023
2019-07-19,-0.012576316974930142
2019-07-22,0.015173384422093221
2019-07-23,0.015772367086301024
2019-07-24,0.013672830920880528
2019-07-25,-0.016660014528768117
2019-07-26,0.008975296852979743
2019-07-29,-0.0018107711801167833
2019-07-30,-0.004556928899346587
2019-07-31,-0.033714300130230856
2019-08-01,-0.022080866161586037
2019-08-02,-0.014780371396611463
2019-08-05,-0.04330310203340892
2019-08-06,0.018844345710055603
2019-08-07,0.007367619692042439
2019-08-08,0.024370776867590083
2019-08-09,-0.008368109986831396
2019-08-12,-0.00824009680351993
2019-08-13,0.03152136606059157
2019-08-14,-0.029939826428977807
2019-08-15,-0.0036103682466967464
2019-08-16,0.020961151441937685
2019-08-19,0.017696309783253893
2019-08-20,-0.00849592780027414
2019-08-21,0.015426990038276772
2019-08-22,0.000306915814686925
2019-08-23,-0.0494689909309088
2019-08-26,0.01876447205855792
2019-08-27,-0.0166724647006043
2019-08-28,0.0020562562333745578
2019-08-29,0.026391427202524208
2019-08-30,0.0008813324969712298
2019-09-03,-0.017251348335147826
2019-09-04,0.022462332444985602
2019-09-05,0.042307318223112844
2019-09-06,-0.003079021413071239
2019-09-09,0.007311190347740689
2019-09-10,0.013330615322496112
2019-09-11,0.01903649620655925
2019-09-12,-0.0012809772990011107
2019-09-13,-0.01604933715152037
2019-09-16,0.0027483164934917056
2019-09-17,-0.0019787148800869837
2019-09-18,0.0022980283881015038
2019-09-19,-0.007426912736312944
2019-09-20,-0.013086172017990842
2019-09-23,0.0026201883665553484
2019-09-24,-0.009239969710278207
2019-09-25,0.014901157384347257
2019-09-26,-0.005075584001486998
2019-09-27,-0.008918413970755075
2019-09-30,0.005681892125303589
2019-10-01,-0.005664592353260481
2019-10-02,-0.015292538716611131
2019-10-03,0.028143355997886678
2019-10-04,0.015836133701017618
2019-10-07,0.0065946500081488
2019-10-08,-0.025116387780876055
2019-10-09,0.015677804280076774
2019-10-10,0.013158220686954998
2019-10-11,0.021385512600519754
2019-10-14,0.0007317284763998434
2019-10-15,0.02521072023090448
2019-10-16,-0.0075186099125124995
2019-10-17,0.002147617263246179
2019-10-18,-0.007377990675388042
2019-10-21,0.023160505071240976
2019-10-22,-0.002163811643912971
2019-10-23,0.005380296700210829
2019-10-24,0.0053587954980801634
2019-10-25,0.025664434195673363
2019-10-28,0.010508685094014947
2019-10-29,-0.02092141291139847
2019-10-30,0.0001354288365977474
2019-10-31,0.006428088955772564
2019-11-01,0.01809569703640885
2019-11-04,0.02280544831253956
2019-11-05,-0.002832390789273565
2019-11-06,-0.0045092685568125825
2019-11-07,0.007480542072131389
2019-11-08,2.440231108582721e-05
2019-11-11,0.004921995953690758
2019-11-12,0.002976934646430981
2019-11-13,0.002309898672020591
2019-11-14,-0.0009141107955846122
2019-11-15,0.01238991720636224
2019-11-18,0.0037543286943474215
2019-11-19,-0.0013498072468847019
2019-11-20,-0.006687980905201035
2019-11-21,-0.0027097336401642426
2019-11-22,-0.0015730189418778824
2019-11-25,0.013646588862642863
2019-11-26,-0.0012594284336051695
2019-11-27,0.0076702063996576765
2019-11-29,-0.004187465030561891
2019-12-02,-0.011825401350684099
2019-12-03,-0.009717388155794942
2019-12-04,-0.0011965804841527104
2019-12-05,0.007602231534397581
2019-12-06,0.01572789566498447
2019-12-09,-0.008284946956770664
2019-12-10,0.0021624212560335003
2019-12-11,0.00615047794378098
2019-12-12,0.006350021121343091
2019-12-13,0.004030538785628503
2019-12-16,0.011794801724041619
2019-12-17,-0.0017177996537409118
2019-12-18,0.0014772161179354014
2019-12-19,0.013462948173799725
2019-12-20,0.013761980747430083
2019-12-23,-0.001148945872346871
2019-12-24,-0.0005140104629878695
2019-12-26,0.0052926722013284635
2019-12-27,0.0007239021865973179
2019-12-30,-0.0013416514382694781
2019-12-31,0.004002126554505696
2020-01-02,0.020666629018476854
2020-01-03,-0.011087018849057094
2020-01-06,0.00527657000487821
2020-01-07,-0.006910722403374242
2020-01-08,0.008980902912347478
2020-01-09,0.016111837403455075
2020-01-10,-0.0011832880541865227
2020-01-13,0.02635845714112265
2020-01-14,-0.0160777137525243
2020-01-15,-0.0056004577081411955
2020-01-16,0.01542480843531003
2020-01-17,0.008333998124644589
2020-01-21,-0.005183865897034719
2020-01-22,-0.0006175874676273402
2020-01-23,0.005485710963617269
2020-01-24,-0.0064792433076682285
2020-01-27,-0.0352230685828961
2020-01-28,0.022369024465301722
2020-01-29,0.01826246989630162
2020-01-30,0.013379348799071484
2020-01-31,-0.029548822557332897
2020-02-03,0.030894630329992248
2020-02-04,0.031835382326829996
2020-02-05,0.0002836104590103511
2020-02-06,0.0066878400427502135
2020-02-07,0.0004627665820850608
2020-02-10,0.018940441760089605
2020-02-11,-0.007757400831651827
2020-02-12,0.009410844965763015
2020-02-13,-0.005935793755929224
2020-02-14,0.003152528228802496
2020-02-18,0.016769881420970578
2020-02-19,0.028516069549217454
2020-02-20,-0.017168773227684567
2020-02-21,-0.03137751686689682
2020-02-24,-0.05030644369943835
2020-02-25,-0.0322228270242408
2020-02-26,0.037275598515140715
2020-02-27,-0.03776059133634286
2020-02-28,0.030975330067813257
2020-03-02,0.028060644644968165
2020-03-03,-0.035177878910281624
2020-03-04,0.05537958831365673
2020-03-05,-0.034062000421621955
2020-03-06,-0.018374530033104214
2020-03-09,-0.06917911630083419
2020-03-10,0.05731641378844765
2020-03-11,-0.04749218768711602
2020-03-12,-0.11072374507340792
2020-03-13,0.0900871469025083
2020-03-16,-0.13801863275579448
2020-03-17,0.06315345465539096
2020-03-18,-0.054301465236388236
2020-03-19,0.03447312334497629
2020-03-20,-0.01757455933382764
2020-03-23,0.05808725676605807
2020-03-24,0.0816880366763159
2020-03-25,-0.028035123946919167
2020-03-26,0.05373728339210824
2020-03-27,-0.016851863968268366
2020-03-30,0.04481941369040028
2020-03-31,0.0023728565800563138
2020-04-01,-0.05414800528466468
2020-04-02,0.033747014603846215
2020-04-03,-0.03386582392054746
2020-04-06,0.06233865272381832
2020-04-07,-0.015491413260917884
2020-04-08,0.003457615552183093
2020-04-09,-0.0074618900985069046
2020-04-13,0.03618720665294039
2020-04-14,0.04595317767367839
2020-04-15,0.010720423444695888
2020-04-16,0.029562353131531247
2020-04-17,-0.01404950409242113
2020-04-20,0.007266069423151255
2020-04-21,-0.024861584998505246
2020-04-22,0.0026796629271116108
2020-04-23,0.00021330214196450207
2020-04-24,0.007819822982271869
2020-04-27,0.00868498456676864
2020-04-28,-0.030451506665761054
2020-04-29,0.039869264348725814
2020-04-30,-0.02078317421789068
2020-05-01,-0.020995611528029624
2020-05-04,0.02258252805204109
2020-05-05,0.0034519247955097
2020-05-06,0.010082185573867721
2020-05-07,0.0077861029151037485
2020-05-08,0.010778153376170895
2020-05-11,0.024059853629501957
2020-05-12,-0.0220180672725706
2020-05-13,-0.007478954710890666
2020-05-14,0.007270041748966378
2020-05-15,0.025700561148405892
2020-05-18,0.01350903656696103
2020-05-19,0.000267708556576954
2020-05-20,0.01906486573430878
2020-05-21,-0.014583419778933425
2020-05-22,0.017521027575509062
2020-05-26,-0.02047617401864421
2020-05-27,-0.008861823727686572
2020-05-28,-0.002023372804646596
2020-05-29,0.022400769240744044
2020-06-01,0.002247818129953391
2020-06-02,0.0033935724394302275
2020-06-03,-0.00040614253940946194
2020-06-04,-0.005727660148454858
2020-06-05,0.054770053419605697
2020-06-08,0.018593071436529003
2020-06-09,0.0046453353356557744
2020-06-10,-0.013948587002232483
2020-06-11,-0.05085453422461974
2020-06-12,0.012061763730100953
2020-06-15,0.019687552431173358
2020-06-16,0.007514584181351113
2020-06-17,0.0010346889919969013
2020-06-18,0.005553432520715333
2020-06-19,-0.005837171231262317
2020-06-22,0.02886254730211913
2020-06-23,0.008770845677237422
2020-06-24,-0.018905031678402164
2020-06-25,0.012956267777421274
2020-06-26,-0.0395198749484189
2020-06-29,0.01689704957529166
2020-06-30,0.01694809292030659
2020-07-01,0.001978016734967668
2020-07-02,-0.005198205703978423
2020-07-06,0.024138217650919197
2020-07-07,-0.007365540777157257
2020-07-08,0.02139851165962184
2020-07-09,0.01649023334905799
2020-07-10,-0.0005407268913788277
2020-07-13,-0.04154061757766522
2020-07-14,0.007684235407913502
2020-07-15,0.0018956154209360913
2020-07-16,-0.0022061185560533526
2020-07-17,-0.033623524453723734
2020-07-20,0.02569386229956193
2020-07-21,-0.01557047765622192
2020-07-22,0.006741934480514116
2020-07-23,-0.037558830584837305
2020-07-24,0.00195737256896006
2020-07-27,0.02298364926720762
2020-07-28,-0.01809727610043308
2020-07-29,0.021820405051238667
2020-07-30,0.013144846003371728
2020-07-31,0.0523797388032223
2020-08-03,0.031228533764729435
2020-08-04,0.01321613537213593
2020-08-05,0.004439743990844149
2020-08-06,0.019604214490062527
2020-08-07,-0.017366628690984463
2020-08-10,0.005727127947260828
2020-08-11,-0.028976476146021585
2020-08-12,0.04381762223025576
2020-08-13,0.00896882563705156
2020-08-14,0.004841578686765737
2020-08-17,0.03211728154558565
2020-08-18,0.001076086461476491
2020-08-19,-0.004358062042469333
2020-08-20,0.011197852671421977
2020-08-21,0.04810773846528042
2020-08-24,0.007429025395817481
2020-08-25,-0.0029326574847125956
2020-08-26,0.007701465262266668
2020-08-27,-0.011643383841653004
2020-08-28,0.019759125664443752
2020-08-31,0.025579022058637296
2020-09-01,0.03676314060971842
2020-09-02,0.008651794616432977
2020-09-03,-0.0864179461805211
2020-09-04,-0.024322446341405735
2020-09-08,-0.06175191150249899
2020-09-09,0.026925127964472433
2020-09-10,-0.03218019951796465
2020-09-11,-0.012544490120032958
2020-09-14,0.044090913340520246
2020-09-15,0.005392786310233956
2020-09-16,-0.03309646046454933
2020-09-17,-0.010019536043417394
2020-09-18,-0.026861924413474916
2020-09-21,0.03195604719290905
2020-09-22,0.008732518970229815
2020-09-23,-0.04126552690002824
2020-09-24,0.011872437612572104
2020-09-25,0.03268229895672135
2020-09-28,0.010160363721980913
2020-09-29,0.00353297610890783
2020-09-30,0.018157591757830736
2020-10-01,0.03058248087389732
2020-10-02,-0.04345656398521517
2020-10-05,0.03969402360079609
2020-10-06,-0.010748767031917711
2020-10-07,0.03673673995231936
2020-10-08,-0.0071686660992289625
2020-10-09,0.004446748071028794
2020-10-12,0.017172748258436343
2020-10-13,-0.012481701711637736
2020-10-14,-0.01677511569778745
2020-10-15,-0.007159521727123869
2020-10-16,-0.015960054594428237
2020-10-19,-0.02374118973993397
2020-10-20,0.0004799842601694738
2020-10-21,-0.03903496899895712
2020-10-22,-0.005844205165671894
2020-10-23,0.011696876726217527
2020-10-26,-0.030740037476691157
2020-10-27,0.01645756306355133
2020-10-28,-0.05188518494832149
2020-10-29,0.03700373481672313
2020-10-30,-0.0562413261751531
2020-11-02,0.02286442154503024
2020-11-03,-0.005330294894563374
2020-11-04,0.027059556725869943
2020-11-05,0.029200859056751335
2020-11-06,0.015157859539754398
2020-11-09,-0.04388759381223688
2020-11-10,-0.005803688248009826
2020-11-11,0.010021700986431632
2020-11-12,-0.01830443779778435
2020-11-13,0.01227335300911395
2020-11-16,0.03318512693490966
2020-11-17,0.0029000749852425007
2020-11-18,-0.02457319301380377
2020-11-19,0.005137260707502626
2020-11-20,-0.011628617859629327
2020-11-23,0.017884497761819454
2020-11-24,0.026347563714936354
2020-11-25,-0.013911741007088472
2020-11-27,-0.004416769537619227
2020-11-30,-0.028323066813062275
2020-12-01,0.020265575632945874
2020-12-02,0.00027757444322356684
2020-12-03,0.0028115816432657415
2020-12-04,0.015472869308653301
2020-12-07,-0.0032221370084334292
2020-12-08,0.018926972731767813
2020-12-09,-0.003823129541400124
2020-12-10,0.02012988600139794
2020-12-11,-0.0057532269429694145
2020-12-14,-0.020609716091116195
2020-12-15,0.007184032231565699
2020-12-16,0.007393821380303882
2020-12-17,0.0009646077624737488
2020-12-18,-0.006471088681876789
2020-12-21,0.0010147823675376103
2020-12-22,0.017264770367565678
2020-12-23,-0.010007564762866976
2020-12-24,0.007769629344518848
2020-12-28,0.022843526221157838
2020-12-29,-0.008457534751957279
2020-12-30,-0.009773113045079681
2020-12-31,-0.002182317130012336
2021-01-04,-0.028883534178874168
2021-01-05,0.004211822370496058
2021-01-06,-0.0040719238665213545
2021-01-07,0.020984404422250077
2021-01-08,0.009876246950135677
2021-01-11,0.003553507230274186
2021-01-12,0.006082102911919648
2021-01-13,0.00738167466911795
2021-01-14,0.011953258813036556
2021-01-15,-0.03091618591920882
2021-01-19,0.012632162611389204
2021-01-20,0.023491702220807313
2021-01-21,-0.019877588084565915
2021-01-22,-0.004613102953220611
2021-01-25,0.006419400291964091
2021-01-26,0.006939007301145028
2021-01-27,-0.002615189874313025
2021-01-28,-0.004547068322200436
2021-01-29,-0.03329618803968385
2021-02-01,0.022821512268578197
2021-02-02,0.008167425299068451
2021-02-03,-0.0006591056815504022
2021-02-04,0.007558265413955975
2021-02-05,0.01715235345678542
2021-02-08,0.022078656755975774
2021-02-09,-0.0031750181615366356
2021-02-10,0.002890496908911314
2021-02-11,-0.009081006083347411
2021-02-12,-0.00846880612149453
2021-02-16,0.009699088862244621
2021-02-17,-0.006054502225660636
2021-02-18,-0.00869188466173238
2021-02-19,-0.002419654096472719
2021-02-22,-0.000692062617664798
2021-02-23,-0.0005387580249225652
2021-02-24,0.02163303300066849
2021-02-25,-0.049378237417453494
2021-02-26,-0.019643703370932804
2021-03-01,0.029608493796081672
2021-03-02,-0.009403890077869754
2021-03-03,-0.020739950595616324
2021-03-04,0.017550082536429125
2021-03-05,0.029646080625958887
2021-03-08,-0.009581215501183047
2021-03-09,0.006329385945240957
2021-03-10,0.012442469215240063
2021-03-11,0.00640895054699408
2021-03-12,0.002472750097810428
2021-03-15,-0.014741671912958831
2021-03-16,-0.00442265370305194
2021-03-17,0.0007900167867490736
2021-03-18,-0.034890794127935804
2021-03-19,-0.0036182010854759828
2021-03-22,0.007108506286007857
2021-03-23,-0.001010675162229413
2021-03-24,-0.01780519609831795
2021-03-25,-0.008045345701002331
2021-03-26,0.022526364141159293
2021-03-29,-0.0053077540474334535
2021-03-30,-0.01338992505270631
2021-03-31,0.010924209427652893
2021-04-01,0.03131627173735018
2021-04-05,0.020226583630352166
2021-04-06,-0.006933111560054128
2021-04-07,0.006374073806642117
2021-04-08,0.012836257431008774
2021-04-09,0.015259029491856726
2021-04-12,-0.006499288382634853
2021-04-13,0.020508662634596237
2021-04-14,-0.018444698818618866
2021-04-15,0.03580418390315457
2021-04-16,-0.004574632496398829
2021-04-19,-0.021140950549406054
2021-04-20,-0.0073425275370869875
2021-04-21,0.00595648785341613
2021-04-22,-0.023152247160075384
2021-04-23,0.01675735492258426
2021-04-26,0.0022547022174447405
2021-04-27,-0.00042157131554559414
2021-04-28,-0.017156619562412746
2021-04-29,0.006767238295464383
2021-04-30,-0.024707132677056785
2021-05-03,0.00804688994303804
2021-05-04,-0.014547562223452284
2021-05-05,0.01877290435022947
2021-05-06,0.00698710042019283
2021-05-07,0.009812566276848107
2021-05-10,-0.009255849072721685
2021-05-11,-0.01448031306342685
2021-05-12,-0.016464420459857146
2021-05-13,-0.00955148556523553
2021-05-14,0.022928325093020355
2021-05-17,0.0056990016321701665
2021-05-18,-0.019435870170627846
2021-05-19,-0.010213587648805925
2021-05-20,0.018248746257831572
2021-05-21,0.013656700189709912
2021-05-24,0.02654172517373629
2021-05-25,-0.010178709150855284
2021-05-26,0.0012128019992027367
2021-05-27,-0.011085814611520327
2021-05-28,0.025163984745855038
2021-06-01,-0.003949942888185072
2021-06-02,0.019763169470574125
2021-06-03,0.007675755681537182
2021-06-04,0.02013564168863332
2021-06-07,-0.0020956601052670313
2021-06-08,0.004247977347279534
2021-06-09,0.001470381245178664
2021-06-10,0.0027206085014069557
2021-06-11,0.006863505954196229
2021-06-14,0.00930528342575282
2021-06-15,-0.009332629141078973
2021-06-16,-0.0011763505932103375
2021-06-17,0.007319798160524329
2021-06-18,-0.0033130901836682836
2021-06-21,0.0004938511299908141
2021-06-22,0.017950717266948003
2021-06-23,0.004061878444200449
2021-06-24,0.006566074930842743
2021-06-25,-0.007673693987011189
2021-06-28,0.030718189983365948
2021-06-29,0.0014853244963024727
2021-06-30,-0.001526593401836958
2021-07-01,0.0065288887689361474
2021-07-02,0.017940566000432267
2021-07-06,0.005179863972566026
2021-07-07,0.0010844461147874185
2021-07-08,-0.009083143373121043
2021-07-09,0.007464710008582937
2021-07-12,-0.003217321172836315
2021-07-13,-0.0024536939131676342
2021-07-14,0.014772862286200122
2021-07-15,-0.004865434009827602
2021-07-16,-0.00753621541764153
2021-07-19,-0.020117956158414965
2021-07-20,0.017156698773530567
2021-07-21,0.001157476527039071
2021-07-22,0.013236467580471858
2021-07-23,0.01216260018904444
2021-07-26,0.00037738562222903484
2021-07-27,-0.011792138587190968
2021-07-28,-0.00665639637419314
2021-07-29,0.0027654154914815267
2021-07-30,-0.0020196095895095405
2021-08-02,-0.0013234497834987338
2021-08-03,0.010359826346547116
2021-08-04,-0.0024534427863305043
2021-08-05,0.014205144536553745
2021-08-06,-0.006669486392629733
2021-08-09,-0.003694963087892912
2021-08-10,-0.01212200351219822
2021-08-11,0.0017830558555635358
2021-08-12,0.015370125523337587
2021-08-13,0.00595009435499042
2021-08-16,0.009761713940194736
2021-08-17,-0.005656670044203373
2021-08-18,-0.0158102576277953
2021-08-19,0.03131243176186563
2021-08-20,0.015702690411610883
2021-08-23,0.006373501687346737
2021-08-24,-0.003259400882282161
2021-08-25,-0.0062752357115437455
2021-08-26,-0.00809797375249116
2021-08-27,0.02086761260296604
2021-08-30,0.0076431428918520465
2021-08-31,-0.003932367771071553
2021-09-01,0.012565077922718201
2021-09-02,0.004563850404060592
2021-09-03,0.011661618853088666
2021-09-07,0.009737689115149002
2021-09-08,-0.005585703249241508
2021-09-09,-0.010373426113319812
2021-09-10,-0.015563650726932637
2021-09-13,-0.015126616300580613
2021-09-14,-0.007751582131807481
2021-09-15,0.006647583404390461
2021-09-16,0.003770033120954677
2021-09-17,-0.006334575281406555
2021-09-20,-0.021097036481660475
2021-09-21,-0.001140190785116501
2021-09-22,0.021686689298774823
2021-09-23,0.014538006606821991
2021-09-24,-0.009651602346276753
2021-09-27,0.015057222202861773
2021-09-28,-0.002188210566608945
2021-09-29,0.012691862584764235
2021-09-30,0.0005637061875829914
2021-10-01,0.020237995739480492
2021-10-04,-0.0015086181158034126
2021-10-05,0.025260986503909618
2021-10-06,-0.005790087360442788
2021-10-07,-0.0042669008417388085
2021-10-08,0.013169822191923686
2021-10-11,-0.009427165694678035
2021-10-12,-0.004273636951360881
2021-10-13,0.002468470316353815
2021-10-14,0.010821835590276692
2021-10-15,0.0004112459772045293
2021-10-18,0.007463774711202556
2021-10-19,0.008320023745153006
2021-10-20,-0.008089084969868916
2021-10-21,-0.00363525988506133
2021-10-22,0.006320912631369721
2021-10-25,0.0035090105276373955
2021-10-26,0.009239777872731336
2021-10-27,-0.018367009591136855
2021-10-28,0.011845929273949275
2021-10-29,0.023756496707540403
2021-11-01,0.001692456719521698
2021-11-02,0.016819977482852595
2021-11-03,0.005036816368541409
2021-11-04,0.06386414247241085
2021-11-05,-0.0013869039408002655
2021-11-08,0.019063125446309982
2021-11-09,-0.003929102069501009
2021-11-10,-0.027203674075235464
2021-11-11,0.018265436533087848
2021-11-12,0.006452610787849257
2021-11-15,-0.006970582191773233
2021-11-16,0.008082147656223448
2021-11-17,-0.015255055617785418
2021-11-18,0.04441934265989347
2021-11-19,0.023374686167772184
2021-11-22,-0.020377934276650696
2021-11-23,-0.0020747451418326435
2021-11-24,0.01625778454254805
2021-11-26,-0.033758653306795845
2021-11-29,0.0406638942432936
2021-11-30,0.005302514760411709
2021-12-01,-0.020533791743638875
2021-12-02,0.00792597997127704
2021-12-03,-0.028164957598979683
2021-12-06,6.483078899750458e-05
2021-12-07,0.057507237701991544
2021-12-08,0.0021248082423884294
2021-12-09,-0.022474242313189913
2021-12-10,0.028176612253159074
2021-12-13,-0.014920503289055658
2021-12-14,-0.020305134567691036
2021-12-15,0.023863339138244774
2021-12-16,-0.03419925824093022
2021-12-17,-0.014168342164014991
2021-12-20,-0.010067940017548488
2021-12-21,0.03400309794377776
2021-12-22,0.013248546093016525
2021-12-23,0.004057784320203777
2021-12-27,0.02308007356476598
2021-12-28,-0.004635601827813709
2021-12-29,0.0012766531712080772
2021-12-30,-0.0071347716961847624
2021-12-31,-0.006188178186086685
2022-01-03,0.010167870027654352
2022-01-04,0.012461265690656339
2022-01-05,-0.007081312047059084
2022-01-06,0.0034136123913289223
2022-01-07,0.0045925152826749365
2022-01-10,-0.0029178257585837234
2022-01-11,0.029422909448389073
2022-01-12,-0.00018651271788172065
2022-01-13,-0.013098410381909752
2022-01-14,0.011333245733072081
2022-01-18,-0.0010289559361893168
2022-01-19,-0.010307378578447933
2022-01-20,-0.004079113774551762
2022-01-21,-0.013888980236672462
2022-01-24,0.0018632768044964951
2022-01-25,0.009007495912328068
2022-01-26,-0.005353103408105121
2022-01-27,0.011678801904737992
2022-01-28,0.015105547677446087
2022-01-31,0.017579574776459148
2022-02-01,0.0315699129837281
2022-02-02,0.0022231745818809953
2022-02-03,-0.014189933352045036
2022-02-04,0.010016344462384733
2022-02-07,0.0039017228223934696
2022-02-08,-0.003692943480213852
2022-02-09,0.0017534365377063535
2022-02-10,-0.016609759860908173
2022-02-11,0.0024802055390211533
2022-02-14,-0.006955631674949897
2022-02-15,0.0053088412730298235
2022-02-16,0.0026099699316284976
2022-02-17,-0.03856136807089235
2022-02-18,-0.010238544506297392
2022-02-22,-0.014723042128435757
2022-02-23,-0.019413634912767517
2022-02-24,0.024079626012629966
2022-02-25,0.018072966719301618
2022-02-28,0.006214806332330398
2022-03-01,-0.001644156877357198
2022-03-02,0.017472127324918846
2022-03-03,-0.003945561118517127
2022-03-04,0.009613761183176844
2022-03-07,-0.0008721615345317103
2022-03-08,-0.0020502547110401404
2022-03-09,0.006437689831585689
2022-03-10,0.0077869471037036965
2022-03-11,-0.014891063381795851
2022-03-14,-0.03532004702727815
2022-03-15,0.010057813907713837
2022-03-16,0.04575448865396771
2022-03-17,0.0069206680111690115
2022-03-18,0.04288257978754551
2022-03-21,0.003197828286589729
2022-03-22,-0.006117365713655902
2022-03-23,-0.024292222445003855
2022-03-24,0.012842453401356816
2022-03-25,-0.00626784626532721
2022-03-28,0.012033701704298766
2022-03-29,0.017310045840027263
2022-03-30,-0.020179805381601447
2022-03-31,-0.01772937511841574
2022-04-01,-0.011377259603889665
2022-04-04,0.020814964814439157
2022-04-05,-0.015963725040745044
2022-04-06,-0.027528165499473317
2022-04-07,0.009270237070379985
2022-04-08,0.004568791169560491
2022-04-11,-0.02997339166112337
2022-04-12,0.01619683884302344
2022-04-13,0.015238887283826615
2022-04-14,-0.00911912419931433
2022-04-18,0.003433556596403834
2022-04-19,0.0025967637846277068
2022-04-20,0.0006316421070983925
2022-04-21,-0.007708227588668057
2022-04-22,-0.024826534576509705
2022-04-25,-0.013487868388662463
2022-04-26,-0.01848180439375338
2022-04-27,0.03833337664780584
2022-04-28,0.02643898060946882
2022-04-29,-0.032087174106915174
2022-05-02,0.019325138719584835
2022-05-03,0.005571815882197606
2022-05-04,0.03445052701244723
2022-05-05,-0.03543688482331438
2022-05-06,0.0029169550816545214
2022-05-09,-0.05789912328680089
2022-05-10,0.012612951537752604
2022-05-11,-0.006195579776091415
2022-05-12,-0.007708966714422285
2022-05-13,0.02613013084248083
2022-05-16,-0.000721532325273189
2022-05-17,0.016549175743648743
2022-05-18,-0.030690082206823455
2022-05-19,0.008193265458221629
2022-05-20,-0.008605550014825296
2022-05-23,0.017159408346922752
2022-05-24,0.0007399852368582083
2022-05-25,0.01564874314810511
2022-05-26,0.00820289639473668
2022-05-27,0.01871724627492887
2022-05-31,-0.010653032102909576
2022-06-01,0.010594613047998636
2022-06-02,0.003095666989990124
2022-06-03,-0.014984593975446141
2022-06-06,0.000501365700775713
2022-06-07,0.026642124659972836
2022-06-08,0.002066256640352346
2022-06-09,-0.021195808290772805
2022-06-10,-0.0388912007846723
2022-06-13,-0.062033677955967606
2022-06-14,0.0073437482446739345
2022-06-15,0.015521785252680692
2022-06-16,-0.04645717056550544
2022-06-17,-0.02260231925147283
2022-06-21,0.008494837944138673
2022-06-22,-0.020987733665763713
2022-06-23,0.019200109300459126
2022-06-24,0.0293336684309268
2022-06-27,-0.00972843405557279
2022-06-28,-0.03076930180911619
2022-06-29,-0.011100957366742206
2022-06-30,-0.01560333521042873
2022-07-01,0.01343585752482984
2022-07-05,0.01576373028159878
2022-07-06,0.011195180471155333
2022-07-07,0.016113096844541618
2022-07-08,0.0009788342359509582
2022-07-11,-0.013263370287439244
2022-07-12,-0.01707381105793419
2022-07-13,-0.003140849202577534
2022-07-14,0.005200487341187713
2022-07-15,0.01092017407721332
2022-07-18,-0.005536019236560738
2022-07-19,0.041409440789564954
2022-07-20,0.04348049607649537
2022-07-21,0.024734389063371397
2022-07-22,-0.011738063026322167
2022-07-25,-0.008076728816342036
2022-07-26,-0.01493903110764747
2022-07-27,0.047129895727473066
2022-07-28,0.00017618023936331753
2022-07-29,0.013918958186611706
2022-08-01,-0.015714894549415607
2022-08-02,-0.015231068479121987
2022-08-03,0.029028745566515163
2022-08-04,0.007558573131977658
2022-08-05,-0.006575337095099946
2022-08-08,-0.032943241734426726
2022-08-09,-0.0074505765927650154
2022-08-10,0.04390973229411634
2022-08-11,-0.005103894521445486
2022-08-12,0.024309822558769758
2022-08-15,0.002785616652858882
2022-08-16,-0.007326212541708891
2022-08-17,-0.004847028007524321
2022-08-18,-0.0031195056199315005
2022-08-19,-0.015729082568411493
2022-08-22,-0.041826452534428
2022-08-23,0.02020659657709957
2022-08-24,0.003856012088511533
2022-08-25,0.01004821740890203
2022-08-26,-0.025005631559108434
2022-08-29,0.004649685252526454
2022-08-30,-0.02775492515789782
2022-08-31,0.002856027167588544
2022-09-01,0.005496179985140201
2022-09-02,0.0006194029666817934
2022-09-06,-0.020418839989987062
2022-09-07,0.01993445574342041
2022-09-08,0.0007703258354403403
2022-09-09,0.021852409176992188
2022-09-12,0.012087742141581547
2022-09-13,-0.050574778088274354
2022-09-14,0.026003487379929854
2022-09-15,0.010581743982558808
2022-09-16,0.0015484423181503521
2022-09-19,0.00723407262074889
2022-09-20,-0.005678088858191596
2022-09-21,-0.02244602155077521
2022-09-22,-0.0028075389495032087
2022-09-23,-0.03000457385101004
2022-09-26,-0.004037456727828361
2022-09-27,0.003930277097275181
2022-09-28,0.04011752201059954
2022-09-29,-0.012207847510502603
2022-09-30,-0.01663101325761903
2022-10-03,0.03404545533470906
2022-10-04,0.021778226135215854
2022-10-05,0.011877318280790193
2022-10-06,0.02177935095819949
2022-10-07,-0.03685584580406907
2022-10-10,0.000796699197125406
2022-10-11,-0.03836085875555583
2022-10-12,0.01754679515050481
2022-10-13,0.043824618658242234
2022-10-14,-0.018551543696201846
2022-10-17,0.04003451647752767
2022-10-18,-0.007755087754886334
2022-10-19,0.08026355834048932
2022-10-20,-0.007072124337651742
2022-10-21,0.049205378251551427
2022-10-24,-0.008799028006777714
2022-10-25,0.011793746994897998
2022-10-26,0.01900763579206432
2022-10-27,-0.0008994795508398487
2022-10-28,0.012589991977987542
2022-10-31,-0.005995770145220132
2022-11-01,-0.003824363268205383
2022-11-02,-0.03425175092284339
2022-11-03,-0.00041926094892107656
2022-11-04,0.03282802063390033
2022-11-07,0.011042586914053833
2022-11-08,0.012107689143966448
2022-11-09,-0.05065216252029692
2022-11-10,0.07899256677744754
2022-11-11,0.03392829121710814
2022-11-14,0.00047978956752479994
2022-11-15,0.014735558647771842
2022-11-16,-0.02802563890269861
2022-11-17,-0.024870278543276808
2022-11-18,-0.012881419206168181
2022-11-21,-0.007937143441976963
2022-11-22,0.03799926635890362
2022-11-23,0.012499466969710054
2022-11-25,-0.009296972335423525
2022-11-28,-0.028630527854066445
2022-11-29,-0.008896561074646982
2022-11-30,0.04480800143439546
2022-12-01,0.005381898386983017
2022-12-02,-0.002099340833447999
2022-12-05,-0.020084016291918427
2022-12-06,-0.029998595527063052
2022-12-07,0.00883955347381354
2022-12-08,0.035520080498211266
2022-12-09,0.010820199756514551
2022-12-12,0.008158329256496354
2022-12-13,0.02349796116727619
2022-12-14,-0.014929092869943667
2022-12-15,-0.036384720866218474
2022-12-16,-0.019911936474465108
2022-12-19,-0.018229127501237875
2022-12-20,-0.00538934796601919
2022-12-21,0.019351761182558345
2022-12-22,-0.04529691999658205
2022-12-23,0.00853736953628096
2022-12-27,-0.011343571870098247
2022-12-28,-0.02104004750699394
2022-12-29,0.017597964709400286
2022-12-30,0.011494519414317492
2023-01-03,-0.017061752094477182
2023-01-04,0.02596791935468646
2023-01-05,0.011655643409270939
2023-01-06,0.015488052219520251
2023-01-09,-0.009920954568172102
2023-01-10,0.02861459435696495
2023-01-11,0.005386047763165628
2023-01-12,0.012690534749365257
2023-01-13,0.003765034642277538
2023-01-17,0.013843574536982381
2023-01-18,-0.009011147149301619
2023-01-19,-0.03377410419106343
2023-01-20,0.04114881398124672
2023-01-23,0.05973156421893036
2023-01-24,0.010842661853083366
2023-01-25,0.007181107222319108
2023-01-26,0.008195699046329092
2023-01-27,0.00859736941307492
2023-01-30,-0.040152238233623856
2023-01-31,0.01084700274424184
2023-02-01,0.0474707693108621
2023-02-02,0.02505573505959506
2023-02-03,-0.0018263557616695712
2023-02-06,-0.00922524320705333
2023-02-07,0.03532312370180647
2023-02-08,-0.008104906167770645
2023-02-09,-0.002929655155679457
2023-02-10,-0.024982320200400573
2023-02-13,0.00745865200706872
2023-02-14,-0.0005461560859063247
2023-02-15,-0.008502248002137806
2023-02-16,-0.021951785004849095
2023-02-17,-0.017726391888043657
2023-02-21,-0.03047572175865938
2023-02-22,0.0038445577926351222
2023-02-23,0.07175216661592897
2023-02-24,-0.01698947331687853
2023-02-27,0.00874008198636429
2023-02-28,-0.0077872653759368075
2023-03-01,-0.018279195446799075
2023-03-02,0.015869133230337264
2023-03-03,0.02067620624233399
2023-03-06,0.0022374331706886616
2023-03-07,-0.01281103264442174
2023-03-08,0.023361700960257706
2023-03-09,-0.022862075122652915
2023-03-10,-0.016987913053855268
2023-03-13,0.006654713971367197
2023-03-14,0.030927730141408746
2023-03-15,0.012344017432070205
2023-03-16,0.04736477736241165
2023-03-17,0.009449224795208796
2023-03-20,-0.009481808074058639
2023-03-21,0.01174437729238405
2023-03-22,0.0005819562403780055
2023-03-23,0.017142898306995426
2023-03-24,-0.002335867892614577
2023-03-27,-0.012097467443530248
2023-03-28,-0.004360857339891191
2023-03-29,0.02045913187159211
2023-03-30,0.013703205354608452
2023-03-31,0.014675142900614412
2023-04-03,0.007234886827057437
2023-04-04,-0.010779212736754872
2023-04-05,-0.010589673361087397
2023-04-06,-0.005543212249894001
2023-04-10,-0.011775534364948765
2023-04-11,-0.01876724536009037
2023-04-12,-0.012924092825342057
2023-04-13,0.01354277136173505
2023-04-14,-0.007439612167298042
2023-04-17,-0.005755878478465342
2023-04-18,0.003007855381807444
2023-04-19,0.008255157766485359
2023-04-20,-0.017727494869198522
2023-04-21,-0.003290654723857458
2023-04-24,0.010378078190367497
2023-04-25,-0.011824452381182852
2023-04-26,-0.004622069435045978
2023-04-27,0.021990400664855858
2023-04-28,0.007756479516245907
2023-05-01,-0.0030316393646534568
2023-05-02,-0.012352073800275764
2023-05-03,-0.0048871538878584135
2023-05-04,-0.003297722663998413
2023-05-05,0.028860101857122702
2023-05-08,-0.0034206758922917567
2023-05-09,-0.007658458362257297
2023-05-10,0.01385836292542657
2023-05-11,-0.002974566431469301
2023-05-12,-0.00454679089213216
2023-05-15,-0.0006557981964676901
2023-05-16,0.0036837804394486986
2023-05-17,0.021242309852776677
2023-05-18,0.03205014328036943
2023-05-19,-0.014520275349156791
2023-05-22,0.00305333195901398
2023-05-23,-0.01704254233850825
2023-05-24,-0.004680181511264448
2023-05-25,0.11383119972290359
2023-05-26,0.023410041550154997
2023-05-30,0.012433248297663941
2023-05-31,-0.025521112861321624
2023-06-01,0.035579622196465654
2023-06-02,-0.008868528318912904
2023-06-05,-0.005769043329358626
2023-06-06,-0.01186516808030516
2023-06-07,-0.0145994107752679
2023-06-08,0.025816002589597396
2023-06-09,0.016383676994880882
2023-06-12,0.013884299964871958
2023-06-13,0.01256304012432675
2023-06-14,0.029959121502164354
2023-06-15,0.0010013129083052625
2023-06-16,-0.014488749619748931
2023-06-20,0.01624186306562464
2023-06-21,-0.020498175852443422
2023-06-22,0.008030271179666527
2023-06-23,-0.010338396382352356
2023-06-26,-0.022457332519187696
2023-06-27,0.022837713850626308
2023-06-28,-0.005898759111845248
2023-06-29,-0.0009628830108216645
2023-06-30,0.025853944503213794
2023-07-03,-0.0028139122339546213
2023-07-05,0.002115960449869557
2023-07-06,-0.00666223618895981
2023-07-07,-0.003788690455844766
2023-07-10,-0.0013079305089300263
2023-07-11,0.0009692264463378216
2023-07-12,0.022012818930689265
2023-07-13,0.030759820283856383
2023-07-14,-0.014927685916843198
2023-07-17,0.019561311680029725
2023-07-18,0.010446759774882724
2023-07-19,-0.0014519330809903133
2023-07-20,-0.058591647823707876
2023-07-21,-0.016382618314405663
2023-07-24,0.005529092445040339
2023-07-25,0.014215544682849805
2023-07-26,-0.0002121876873122236
2023-07-27,0.0016377847498414968
2023-07-28,0.016013201636357104
2023-07-31,0.0013584536722793803
2023-08-01,-0.004513416957023627
2023-08-02,-0.031805853204042056
2023-08-03,0.005029441171972694
2023-08-04,0.0032537333846286757
2023-08-07,0.007223325919347304
2023-08-08,-0.005817721136870917
2023-08-09,-0.0022298726911208974
2023-08-10,0.0038147766009883908
2023-08-11,-0.0019106471171224876
2023-08-14,0.007659480899884975
2023-08-15,-0.010699651956942821
2023-08-16,-0.013579714130904967
2023-08-17,0.008053278334313874
2023-08-18,0.00704548042647618
2023-08-21,0.03631342948474461
2023-08-22,-0.01663455713613006
2023-08-23,0.01145944305159622
2023-08-24,-0.02361533443951207
2023-08-25,-0.00320590444468378
2023-08-28,0.013080116331536008
2023-08-29,0.023784359550229235
2023-08-30,0.009791780714812182
2023-08-31,0.002321423710075877
2023-09-01,0.0019070496423564936
2023-09-05,0.0006774824461169415
2023-09-06,-0.01358068236456713
2023-09-07,-0.005384063825137982
2023-09-08,0.006900321295441132
2023-09-11,-0.0033803947713263445
2023-09-12,0.005455850937955102
2023-09-13,0.0019970541469239746
2023-09-14,0.012859526894674967
2023-09-15,-0.020196550906021675
2023-09-18,0.0022709478008889512
2023-09-19,-0.001940642979379284
2023-09-20,-0.015951602969731412
2023-09-21,-0.011489293951477422
2023-09-22,0.0032563949301325622
2023-09-25,0.009301860188725707
2023-09-26,-0.010924753397098199
2023-09-27,0.011829742255466028
2023-09-28,0.004274855848902619
2023-09-29,-0.0031523022422660432
2023-10-02,0.006455194181114513
2023-10-03,-0.013259132803062602
2023-10-04,-0.012670423151650437
2023-10-05,0.007972356005437496
2023-10-06,0.01939178944959867
2023-10-09,-0.0014316181674770877
2023-10-10,-0.0038439283923005895
2023-10-11,0.01714074030360542
2023-10-12,-0.00041028379245525246
2023-10-13,-0.02095219706826494
2023-10-16,0.006609472885865646
2023-10-17,-0.024269174846265403
2023-10-18,-0.0066335706378875025
2023-10-19,0.0021426858362245896
2023-10-20,-0.00802534061957058
2023-10-23,0.01138840613206319
2023-10-24,0.010304816270182409
2023-10-25,0.012341892746481063
2023-10-26,-0.028131052446877157
2023-10-27,-0.0040975181789398105
2023-10-30,0.02671432170968331
2023-10-31,0.003148900616570737
2023-11-01,0.022094603259537104
2023-11-02,0.008629452327610853
2023-11-03,0.015436914669398758
2023-11-06,0.008038629406764771
2023-11-07,0.005460047078093998
2023-11-08,0.006049872330040902
2023-11-09,-0.005173062946169297
2023-11-10,0.026340147305601906
2023-11-13,-0.0069731896433347425
2023-11-14,0.009427280800741462
2023-11-15,0.015013987824109329
2023-11-16,0.014214487741909525
2023-11-17,-0.009514149496939744
2023-11-20,0.013825457806960395
2023-11-21,-0.0016096532164493185
2023-11-22,0.004968177647104497
2023-11-24,-0.0018703287883915197
2023-11-27,0.0011565648544865814
2023-11-28,0.005223974319668308
2023-11-29,-0.006919325716722818
2023-11-30,-0.00329492017703055
2023-12-01,-0.014488030666541146
2023-12-04,-0.017443312506871703
2023-12-05,0.015109892651153046
2023-12-06,-0.007836642292740819
2023-12-07,0.0079846809123416
2023-12-08,0.008127152358733092
2023-12-11,-0.01037845693458904
2023-12-12,0.007341355884478004
2023-12-13,0.026682675583150163
2023-12-14,-0.010194486024760151
2023-12-15,0.0010103610997508285
2023-12-18,0.01064047283919238
2023-12-19,0.004431376334966175
2023-12-20,-0.01116476030751449
2023-12-21,0.0020062596023972044
2023-12-22,-0.0077064671622289445
2023-12-26,0.004657306453434616
2023-12-27,0.002010992780372004
2023-12-28,-0.00023898641200362442
2023-12-29,-0.0037002198947382746
2024-01-02,-0.03254606271694213
2024-01-03,0.0038368315245732023
2024-01-04,-0.007948432565968675
2024-01-05,0.0008722691916756191
2024-01-08,0.02380967224703955
2024-01-09,0.005456759842779075
2024-01-10,0.020672063314721587
2024-01-11,0.0067718907434622805
2024-01-12,0.003970373217209898
2024-01-16,0.017597364095004616
2024-01-17,-0.003942580640616229
2024-01-18,0.015050563657714153
2024-01-19,0.0269664439597547
2024-01-22,-0.0013390280779266028
2024-01-23,0.004849371525334569
2024-01-24,0.017022154344756055
2024-01-25,0.01779723689579304
2024-01-26,0.002735926311958017
2024-01-29,0.016455204304156746
2024-01-30,-0.008763413019445629
2024-01-31,-0.023405474625876794
2024-02-01,0.015203349744480336
2024-02-02,0.022325922724362596
2024-02-05,0.021687501774614093
2024-02-06,-0.013495397066051497
2024-02-07,0.016825199268052152
2024-02-08,-0.003955139537997043
2024-02-09,0.025667557870986644
2024-02-12,-0.005492298682501068
2024-02-13,-0.0038150851835502936
2024-02-14,0.034654336414722514
2024-02-15,0.003791888337101968
2024-02-16,-0.008321890641528938
2024-02-20,-0.029318131407036607
2024-02-21,-0.015801853117989515
2024-02-22,0.012756463148342168
2024-02-23,-0.002395556884031306
2024-02-26,0.005248921331116977
2024-02-27,0.009456876847467112
2024-02-28,-0.010907412824918463
2024-02-29,0.014727039856023099
2024-03-01,0.033632959506610105
2024-03-04,0.015141805365193294
2024-03-05,-0.009782219626569832
2024-03-06,0.015236951643698843
2024-03-07,0.025183021950165828
2024-03-08,-0.02303519567462549
2024-03-11,-0.007067109888614564
2024-03-12,0.03257546122218139
2024-03-13,9.386278137429004e-06
2024-03-14,-0.007339600618603741
2024-03-15,-0.011244641740364096
2024-03-18,0.008146050614413033
2024-03-19,0.0054175045688384035
2024-03-20,0.005005499182155564
2024-03-21,-0.0017543643723911847
2024-03-22,0.015606848287656131
2024-03-25,0.008891404513111309
2024-03-26,-0.016597645907329456
2024-03-27,-0.007298299120241716
2024-03-28,0.006110429413870947
2024-04-01,0.0032647851348599254
2024-04-02,0.004746423868010197
2024-04-03,-0.0026438514934384316
2024-04-04,-0.008508249698408308
2024-04-05,0.02231704316216824
2024-04-08,-0.009484864168967225
2024-04-09,-0.005510673259690969
2024-04-10,0.0006663376427279927
2024-04-11,0.0038391263702037106
2024-04-12,-0.012875173934788696
2024-04-15,-0.013797875153332513
2024-04-16,-0.013719700747807104
2024-04-17,-0.0033539297987882173
2024-04-18,-0.0030137442635644156
2024-04-19,-0.03972905810862361
2024-04-22,0.005381627229330936
2024-04-23,0.020215470027592445
2024-04-24,-0.016575288784328485
2024-04-25,0.0037300899466032548
2024-04-26,-0.015624098829943069
2024-04-29,0.00724638645767872
2024-04-30,-0.014860890914816259
2024-05-01,-0.02891971388543376
2024-05-02,0.027730610354133767
2024-05-03,0.047224063865854995
2024-05-06,0.014317210196591958
2024-05-07,-0.0067078411237567045
2024-05-08,0.00014801241259665453
2024-05-09,0.0071565079494059465
2024-05-10,-0.004441670444028879
2024-05-13,0.013504540036300668
2024-05-14,0.0007108372284469421
2024-05-15,0.005994904210298353
2024-05-16,-0.0011158213080874175
2024-05-17,-0.009882891098426902
2024-05-20,-0.0009727790120916779
2024-05-21,0.011067282665430434
2024-05-22,-0.011561900408055256
2024-05-23,-0.01461716843033085
2024-05-24,0.021576539088926597
2024-05-28,0.03664161758664521
2024-05-29,0.008385825154118565
2024-05-30,-0.024149010197977765
2024-05-31,-0.0014138069338686583
2024-06-03,0.029106398080886525
2024-06-04,0.007072469722098426
2024-06-05,0.029688460414400798
2024-06-06,-0.009436931474462206
2024-06-07,0.005741469775004146
2024-06-10,-0.005843111013452262
2024-06-11,0.032752434755643794
2024-06-12,0.03202970114782318
2024-06-13,0.020357485114974004
2024-06-14,0.004672783976818506
2024-06-17,0.00642358509536788
2024-06-18,0.012067730974276358
2024-06-20,-0.028458307726617962
2024-06-21,-0.011518609084082036
2024-06-24,-0.014806934243217497
2024-06-25,0.005897515388262407
2024-06-26,0.011338253591862045
2024-06-27,0.0027560096793631268
2024-06-28,-0.01464141197422169
2024-07-01,0.0254931303754174
2024-07-02,0.010911487133047033
2024-07-03,0.0045276791819254545
2024-07-05,0.018178202050750984
2024-07-08,0.0018578711053011878
2024-07-09,-0.005297661067495784
2024-07-10,0.016702515279546987
2024-07-11,-0.02399645516077388
2024-07-12,0.00526087414225721
2024-07-15,0.0052766566190750415
2024-07-16,0.004498040372900479
2024-07-17,-0.005753790020675865
2024-07-18,-0.005337199318034806
2024-07-19,-0.011199834956020584
2024-07-22,-0.004226412815295647
2024-07-23,-0.005723768240519461
2024-07-24,-0.04839293481761676
2024-07-25,0.008118587183739558
2024-07-26,0.0006547677291902849
2024-07-29,-0.004599278038737767
2024-07-30,0.010197751227913696
2024-07-31,0.009272432662463448
2024-08-01,-0.015289924850128757
2024-08-02,0.003135419812872891
2024-08-05,-0.03310980563001946
2024-08-06,-0.007531698806833721
2024-08-07,-0.01895412850167315
2024-08-08,0.01786883183060401
2024-08-09,0.006919217747213575
2024-08-12,9.291843280044565e-08
2024-08-13,0.0038064789430613775
2024-08-14,0.011556684946652629
2024-08-15,0.004256999756144275
2024-08-16,0.00582144669071273
2024-08-19,0.0103719032262555
2024-08-20,-0.0033077117010514813
2024-08-21,-0.0012592030733721412
2024-08-22,-0.009982480659211396
2024-08-23,0.0035256704779695293
2024-08-26,0.0019944827440125774
2024-08-27,0.00715804025798324
2024-08-28,-0.011914563642388942
2024-08-29,0.013602287736669511
2024-08-30,0.004685595018096528
2024-09-03,-0.0321597130648837
2024-09-04,-0.0010812688493140295
2024-09-05,0.006362317419747478
2024-09-06,-0.01656294369850569
2024-09-09,0.00745095991656812
2024-09-10,-0.019548264212436838
2024-09-11,0.01649787543779832
2024-09-12,0.008591112686207204
2024-09-13,0.011673078953381155
2024-09-16,0.0004692556541092758
2024-09-17,0.011889531821720076
2024-09-18,-0.016614837701471867
2024-09-19,0.01917496785337304
2024-09-20,-0.005361661005967207
2024-09-23,-0.005812319911912264
2024-09-24,0.006966844745683187
2024-09-25,-0.0026837034060493347
2024-09-26,-0.004873949626614552
2024-09-27,-0.01350920083660999
2024-09-30,0.012793193284125195
2024-10-01,-0.016784383449960978
2024-10-02,0.01014095103350319
2024-10-03,0.001344910223479565
2024-10-04,0.017602616641579825
2024-10-07,-0.010189426501958223
2024-10-08,0.006958784172785807
2024-10-09,-0.0006981696337830849
2024-10-10,0.01010757740954949
2024-10-11,-0.005172001280896263
2024-10-14,0.014030313607422337
2024-10-15,-0.03846078099275656
2024-10-16,0.01122753336432333
2024-10-17,0.005255852341206164
2024-10-18,0.010045415044394997
2024-10-21,0.026042687111785385
2024-10-22,-0.005488470807952879
2024-10-23,-0.023813866697154153
2024-10-24,0.0065553615651317105
2024-10-25,0.004109939945309053
2024-10-28,-0.00728690959237019
2024-10-29,0.009485710977431467
2024-10-30,-0.006089820150136
2024-10-31,-0.05387504838641961
2024-11-01,0.00998901348532659
2024-11-04,0.00201018189114346
2024-11-05,0.019745208736572088
2024-11-06,0.031038978630827337
2024-11-07,0.02169371483786789
2024-11-08,-0.005139553931817529
2024-11-11,-0.001486283033117427
2024-11-12,0.019157728850348506
2024-11-13,-0.0001178481399164398
2024-11-14,0.005762999430802061
2024-11-15,-0.024227695217384014
2024-11-18,0.007567124393762559
2024-11-19,0.007344279130416872
2024-11-20,0.0033810639325919318
2024-11-21,0.01038370522155765
2024-11-22,-0.00040139235546490836
2024-11-25,-0.025404757122991065
2024-11-26,0.008751519257761207
2024-11-27,0.002439467330278351
2024-11-29,0.010504918498865432
2024-12-02,0.010923845203457032
2024-12-03,0.008853210171124865
2024-12-04,0.005668882045350868
2024-12-05,0.0037990686192559313
2024-12-06,0.008778241070637396
2024-12-09,-0.0032091470689702244
2024-12-10,-0.0009487000504564348
2024-12-11,0.010122918149533007
2024-12-12,-0.0028960120142276355
2024-12-13,-0.002204148933567676
2024-12-16,0.010693098601762548
2024-12-17,0.00803751868828078
2024-12-18,-0.02949143830287373
2024-12-19,0.010527761706129029
2024-12-20,0.01329348825641309
2024-12-23,0.0028525006208035175
2024-12-24,0.017078164167266475
2024-12-26,-0.0026927591128632876
2024-12-27,-0.015596930196012795
2024-12-30,-0.010554371022571132
2024-12-31,-0.008587626064122222
2025-01-02,-0.01569282439682428
2025-01-03,0.0190660677768354
2025-01-06,0.017586132968215037
2025-01-07,-0.03677858236369613
2025-01-08,-0.0024898516496585925
2025-01-10,-0.02704020539865809
2025-01-13,-0.011960021088695896
2025-01-14,-0.003549452580614319
2025-01-15,0.02515777763284991
2025-01-16,-0.0028811124495310867
2025-01-17,0.009732188131297337
2025-01-21,-0.00440158547638289
2025-01-22,0.013452531163136756
2025-01-23,0.01675083686018245
2025-01-24,-0.006656965561168399
2025-01-27,-0.013612071736141956
2025-01-28,0.01451257335104344
2025-01-29,-0.002193376179806083
2025-01-30,-0.03341437907430945
2025-01-31,-0.0015376663213898343
2025-02-03,-0.01581205881119394
2025-02-04,0.021536299303807682
2025-02-05,0.007798090967212868
2025-02-06,-0.004338255487229593
2025-02-07,0.0036457658729362966
2025-02-10,0.021105074921359518
2025-02-11,-0.006343897890697681
2025-02-12,-0.005505454207848938
2025-02-13,0.017808904906669965
2025-02-14,0.013498244201112956
2025-02-18,-0.011011083762866303
2025-02-19,0.004428658398872327
2025-02-20,-0.0070445852298901485
2025-02-21,-0.01100830161210133
2025-02-24,0.005776035614600789
2025-02-25,-0.00704143534419734
2025-02-26,-0.014750407798509564
2025-02-27,-0.019995951417225582
2025-02-28,0.014922274022287475
2025-03-03,-0.023910577050831626
2025-03-04,-0.004986323342266744
2025-03-05,0.009025922248417717
2025-03-06,-0.04353704368777284
2025-03-07,0.014450622446789012
2025-03-10,-0.011489917199876453
2025-03-11,-0.02640137232888757
2025-03-12,0.01359295653643586
2025-03-13,-0.002798799332556462
2025-03-14,0.04120693909993602
2025-03-17,-0.000483363053396732
2025-03-18,-0.0110745792974044
2025-03-19,0.023653713015900826
2025-03-20,-0.0023847073930057926
2025-03-21,0.00324361529499994
2025-03-24,0.007390629056861624
2025-03-25,0.016420420074984846
2025-03-26,-0.006146613352886234
2025-03-27,0.0015203007894103032
2025-03-28,-0.02262441827345205
2025-03-31,0.004389572798674399
2025-04-01,0.002848500343991834
2025-04-02,1.4011111752728136e-05
2025-04-03,-0.07251941625237174
2025-04-04,-0.06934037164051536
2025-04-07,0.00028414539679419426
2025-04-08,-0.005381151054568831
2025-04-09,0.1367375202365464
2025-04-10,-0.024553941016822168
2025-04-11,0.007745779282592634
2025-04-14,-0.0018153111358392869
2025-04-15,0.021478515418507874
2025-04-16,-0.02580596351455325
2025-04-17,-0.008427978437458392
2025-04-21,0.0003042308257455873
2025-04-22,0.0405368113560451
2025-04-23,0.000152020090691706
2025-04-24,0.03173611346449579
2025-04-25,0.00799830290589379
2025-04-28,0.003136733384239345
2025-04-29,0.010552849892892692
2025-04-30,0.004248721311464255
2025-05-01,0.03889996959199489
2025-05-02,0.02176732386021652
2025-05-05,-0.008675173041130156
2025-05-06,-0.0016781302857003396
2025-05-07,0.007833933679806372
2025-05-08,0.0008097598414507357
2025-05-09,-0.0012002824330916177
2025-05-12,-0.0012513134827862298
2025-05-13,0.028037135737007623
2025-05-14,0.02504925710343192
2025-05-15,-0.0007562035840141213
2025-05-16,0.0033716863861312785
2025-05-19,0.0056910235066211295
2025-05-20,-0.00515172582091527
2025-05-21,-0.005016459415585797
2025-05-22,-0.0002575216512223457
2025-05-23,-0.0062303025313428404
2025-05-27,0.02271591801905524
2025-05-28,-0.004860458533808173
2025-05-29,-0.008357996444191166
2025-05-30,-0.0127529743329244
2025-06-02,0.006615187570692815
2025-06-03,0.0006557106374864888
2025-06-04,0.003450326687414093
2025-06-05,0.00848701319590341
2025-06-06,-0.0007319531364200957
2025-06-09,-0.004331492721716304
2025-06-10,0.0027268576070763086
2025-06-11,-0.002085285890857116
2025-06-12,0.014208497549376434
2025-06-13,-0.01453076308574738
2025-06-16,0.006005773075576721
2025-06-17,0.005608905478379532
2025-06-18,-0.0012516430917348118
2025-06-20,0.003713361225073559
2025-06-23,-0.0038961461299273463
2025-06-24,0.014427563777076127
2025-06-25,0.0006946855063657568
2025-06-26,0.007562055551853794
2025-06-27,0.004776854923359721
2025-06-30,0.007532074606848129
2025-07-01,-0.02238769052594522
2025-07-02,0.011907759024420851
2025-07-03,0.014536047016557984
2025-07-07,-0.0045743644089750665
2025-07-08,0.004456155041439297
2025-07-09,0.01593687776821702
2025-07-10,0.0017292997576164276
2025-07-11,0.00433301431770425
2025-07-14,-0.0028750076006060204
2025-07-15,0.022987965527937554
2025-07-16,0.0017647298400032163
2025-07-17,0.010768248392494597
2025-07-18,-0.003317477522349878
2025-07-21,-0.0029772794936814327
2025-07-22,-0.017386573142896246
2025-07-23,1.0715751991700472e-05
2025-07-24,0.013618082397003007
2025-07-25,0.0020789706859982954
2025-07-28,0.00818833861116947
2025-07-29,-0.003439589082408894
2025-07-30,0.01136528418739438
2025-07-31,0.015832645453641846
2025-08-01,-0.020466260329416303
2025-08-04,0.029074685279261846
2025-08-05,-0.012198343878896342
2025-08-06,0.0005914614370583077
2025-08-07,-0.0001431159236478046
2025-08-08,0.02651720541376202
2025-08-11,-0.005920293660248847
2025-08-12,0.008457260683588904
2025-08-13,0.0037263521598835687
2025-08-14,5.379561607067509e-06
2025-08-15,-0.006868746453352977
2025-08-18,0.002811178999163778
2025-08-19,-0.018213577270836653
2025-08-20,-0.01055058627522203
2025-08-21,0.0007693806927189643
2025-08-22,0.01574230192851103
2025-08-25,0.0007496118435732048
2025-08-26,0.003613583589313978
2025-08-27,0.00822380861337476
2025-08-28,0.007151141888660405
2025-08-29,0.00324340264927977
2025-09-02,-0.0034623917358342403
2025-09-03,0.006925311022954021
2025-09-04,0.004935919641447935
2025-09-05,-0.005619142235276985
2025-09-08,-0.0033978467986892705
2025-09-09,7.412339909454793e-06
2025-09-10,-0.022280537557926743
2025-09-11,-0.019316481687917417
2025-09-12,0.0019236887822663524
2025-09-15,0.00646496252396224
2025-09-16,-0.0030687089598131698
2025-09-17,0.004423215880619098
2025-09-18,-0.008220465662384172
2025-09-19,0.011145053540212755
2025-09-22,0.018188334625186535
2025-09-23,-0.017327658621808677
2025-09-24,-0.0014894957907858196
2025-09-25,0.013531903726593346
2025-09-26,0.004306234253076077
2025-09-29,-0.01481244807696113
2025-09-30,0.013398273606341615
2025-10-01,0.003378819928890281
2025-10-02,0.007694418622610644
2025-10-03,-0.0016311223576095906
2025-10-06,-0.008120362750811213
2025-10-07,-0.0047509663229626554
2025-10-08,0.003910277186158746
2025-10-09,0.001359177090393183
2025-10-10,-0.04169370161648483
2025-10-13,0.013655793824321378
2025-10-14,-0.02351983056968474
2025-10-15,-0.0017932729616125073
2025-10-16,-0.005562391278684777
2025-10-17,0.013657436857114106
2025-10-20,0.018136535886331993
2025-10-21,0.0021368228406676627
2025-10-22,-0.05856037250919793
2025-10-23,0.007721814787503555
2025-10-24,0.0036972506057391186
2025-10-27,0.018949036059231098
2025-10-28,0.010277798029328445
2025-10-29,0.01446832836093882
2025-10-30,-0.024600756329170137
2025-10-31,-0.0028833246192910677
2025-11-03,0.008398958389033274
2025-11-04,-0.01795421573988944
2025-11-05,-0.00857227614115508
2025-11-06,-0.018947207376028567
2025-11-07,0.009468244358247443
2025-11-10,0.006539789967846243
2025-11-11,0.01739849916962823
2025-11-12,-0.010162696602782776
2025-11-13,0.0018852581612987356
2025-11-14,0.005507099253185261
2025-11-17,-0.015833906648637985
2025-11-18,0.005698536582317721
2025-11-19,-0.0049630500340829995
2025-11-20,-0.005706816456867756
2025-11-21,0.010096716457867017
2025-11-24,0.003418424690073199
2025-11-25,-0.004392071194386977
2025-11-26,0.0021823626623296557
2025-11-28,0.007351916142835673
2025-12-01,0.010683044558954396
2025-12-02,9.855767629681975e-05
2025-12-03,0.006923093529727964
2025-12-04,-0.008872135031156247
2025-12-05,-0.00598105205804081
2025-12-08,-0.003998835836481331
2025-12-09,-0.0028404333309914676
2025-12-10,0.0083407077334995
2025-12-11,-0.0013451310143009012
2025-12-12,-0.0025619973492843357
2025-12-15,-0.011952970864385288
2025-12-16,-0.012165391964827875
2025-12-17,0.006859218007368084
2025-12-18,-0.003061160144584827
2025-12-19,0.002647728914321787
2025-12-22,0.01371479576558218
2025-12-23,0.020399879357915846
2025-12-24,-0.0024229732632164236
2025-12-26,0.004628574037808851
2025-12-29,-0.0001011693882135168
2025-12-30,0.0001018389078564655
2025-12-31,-0.0054589553427444315
2026-01-02,0.015898149540025913
2026-01-05,0.009114909740751298
2026-01-06,-0.01952940599324713
2026-01-07,-0.005580577821386824
2026-01-08,0.007890386269108377
2026-01-09,0.006429275887196652
2026-01-12,-0.0021108754345435655
2026-01-13,0.012470664791499633
2026-01-14,0.0072770181212251485
2026-01-15,0.006565865414298337
2026-01-16,0.0007508251387308602
2026-01-20,-0.019714139181501042
2026-01-21,0.026814064343827576
2026-01-22,0.004257950039552682
2026-01-23,0.012631344700127268
2026-01-26,-0.0036786576580819423
2026-01-27,0.012875922385684014
2026-01-28,0.00383314099964685
2026-01-29,0.013232958701168161
2026-01-30,-0.00041722742504220114
2026-02-02,-0.02504869821643431
2026-02-03,0.01827442385873856
2026-02-04,0.026434362274286402
2026-02-05,-0.0061642194151871775
2026-02-06,0.01417049294203154
2026-02-09,0.0014156355315873715
2026-02-10,-0.00045497396204999523
2026-02-11,0.016419597886222142
2026-02-12,-0.039874691140982
2026-02-13,-0.015981980617788247
2026-02-17,-0.001704167095535532
2026-02-18,0.023493119767293034
2026-02-19,0.0007495486571238985
2026-02-20,-0.007111793698940086
2026-02-23,0.01637109587039954
2026-02-24,-0.0015813762147516542
2026-02-25,0.006356180667822959
2026-02-26,-0.029024897597219608
2026-02-27,-0.002735531133771233
2026-03-02,0.010055396332465442
2026-03-03,-0.0046072428829370335
2026-03-04,-0.001706184172173321
2026-03-05,0.005721658948635834
2026-03-06,0.000736208574197467
2026-03-09,-0.0060807491739482186
2026-03-10,-0.014695357377542649
2026-03-11,0.0010715514377392394
2026-03-12,0.003376066240528434
2026-03-13,0.013736485028688898
2026-03-16,0.0029779058543150856
2026-03-17,0.0006127348815230345
2026-03-18,-0.0020394775680096146
2026-03-19,-0.013819754813168338
2026-03-20,0.005209630133442451
2026-03-23,0.013066842473935221
2026-03-24,1.6106724125991914e-05
2026-03-25,0.0010696173238757727
2026-03-26,0.012280841107098341
2026-03-27,0.017394102485578048
2026-03-30,-0.0010581488970812297
2026-03-31,0.011824377187924676
2026-04-01,-0.02929008195354875
2026-04-02,0.015994308792897215
2026-04-06,0.009707353893274408
2026-04-07,0.0010967520898443545
2026-04-08,-0.02057397521198049
2026-04-09,0.018406894256206507
2026-04-10,0.017535957337408523
2026-04-13,0.002530528003389128
2026-04-14,0.03413854051478881
2026-04-15,0.012732326996858473
2026-04-16,-0.0009360105607146986
2026-04-17,-0.04560299699230134
2026-04-20,-0.004639886679516855
2026-04-21,0.0018891060055940233
2026-04-22,0.016880190661628106
2026-04-23,-0.026892244573190883
2026-04-24,0.017280067300141304
2026-04-27,0.020257594977595935
2026-04-28,-0.0027265882365203513
2026-04-29,-0.014774058131115368
2026-04-30,-0.0427786524640765
2026-05-01,0.013390683596933534
2026-05-04,-0.006897079926148348
2026-05-05,0.010567548697095135
2026-05-06,-0.014124267002184547
2026-05-07,0.008707593829377653
2026-05-08,0.01897527991430476
2026-05-11,0.009219996651057907
2026-05-12,0.006674914816623429
2026-05-13,0.018339716548014116
2026-05-14,0.020837148877755268
2026-05-15,-0.018713683896647564
2026-05-18,-0.010637541287841498
2026-05-19,0.008314859068497289
2026-05-20,-0.013800884157865323
2026-05-21,-0.004327636161888158
2026-05-22,-0.0032422850498474943
2026-05-26,-0.003827532200039121
2026-05-27,-0.0011726829229027885
2026-05-28,0.006550595812341804
2026-05-29,0.026505498883659998
2026-06-01,0.0022031411284371243
2026-06-02,-0.006345405940830051
2026-06-03,-0.0236641696660054
2026-06-04,0.0023939262286899227
2026-06-05,-0.0372564595601554
2026-06-08,-0.015351736458953404
2026-06-09,-0.02758062511472907
2026-06-10,-0.012919161450746047
2026-06-11,-0.006399882652860434
2026-06-12,-0.006829799419309623
2026-06-15,0.026776168581682948
2026-06-16,-0.007104848306266629
2026-06-17,-0.01215078679522839
2026-06-18,0.01823726196730701
2026-06-22,-0.006519028664260975
2026-06-23,-0.02519482878708853
2026-06-24,-0.004672210631291892
2026-06-25,-0.03877980377249731
2026-06-26,-0.01187109394053938
2026-06-29,-0.009492913215550755
2026-06-30,0.026653321051365537
2026-07-01,0.002402177489336442
2026-07-02,0.032283385563350225
2026-07-06,0.0017272353509663173
2026-07-07,-0.0004833632406258514
2026-07-08,-0.0026784104565242403
2026-07-09,0.001232734927756547
2026-07-10,0.01874664732600873
2026-07-13,-0.014454531299503276
2026-07-14,-0.001853794199412494
2026-07-15,0.02172490083392765
2026-07-16,-0.0032061084281023045
2026-07-17,0.005550515871900854
2026-07-20,-0.007318834254209901
2026-07-21,0.013050726747943288
2026-07-22,0.006208034154232753
2026-07-23,0.0014090826120309362
2026-07-24,0.017817723151574833
2026-07-27,-0.0010729558879062446
2026-07-28,-0.0008844720694157517
2026-07-29,0.009342291079261813
2026-07-30,-0.006335701245144865
2026-07-31,0.010222868213344047
2026-08-03,0.023448392188221333
2026-08-04,0.0017437319119696444
2026-08-05,-0.012994999076587537
2026-08-06,0.012194397558514656
2026-08-07,0.011477595876674039
2026-08-10,-0.008240465619454514
2026-08-11,-0.0021917884747148443
2026-08-12,-0.011450394329382245
2026-08-13,0.0009503641673651478
2026-08-14,-0.0018000121912276812
2026-08-17,-0.007677308594904601
2026-08-18,0.0009860468182227317
2026-08-19,0.000396389568155805
2026-08-20,0.0036889837489887637
2026-08-21,-0.006561195937424803
2026-08-24,0.001001191860563713
2026-08-25,-0.005878609979777952
2026-08-26,5.655389165461471e-05
2026-08-27,-0.0011899942133528907
2026-08-28,-0.014489624736836671
2026-08-31,-0.010174966690117773
2026-09-01,-0.007660517629406139
2026-09-02,-0.005406895096035582
2026-09-03,-0.006271847289605666
2026-09-04,-0.03694604904617722
2026-09-08,-0.015802955249625862
2026-09-09,-0.00689115401410742
2026-09-10,0.003847936591331111
2026-09-11,0.011026898164690645
2026-09-14,-0.0015222553040730507
2026-09-15,-0.010813241289898296
2026-09-16,-0.016103263068294522
2026-09-17,0.0067510357838553
2026-09-18,-0.005278740924537365
2026-09-21,0.01573446991087507
2026-09-22,0.004412175949396128
2026-09-23,-0.01135808928977329
2026-09-24,-0.00428878303542682
2026-09-25,0.008756443711478845
