date,returns
2009-01-02,0.0
2009-01-05,-0.0019418945967296817
2009-01-06,0.013692848653674745
2009-01-07,-0.01909365309208489
2009-01-08,0.002296496739201157
2009-01-09,-0.016099481351832808
2009-01-12,-0.018336766686618433
2009-01-13,0.001730770989758389
2009-01-14,-0.023821736631776714
2009-01-15,0.00032660935439158525
2009-01-16,0.0037274768249973564
2009-01-20,-0.02108861564102784
2009-01-21,0.017454385577430332
2009-01-22,-0.003562181943785326
2009-01-23,0.0007277619011709976
2009-01-26,0.0012475471708469578
2009-01-27,0.002116540525348865
2009-01-28,0.01018757458466623
2009-01-29,-0.01569620467468336
2009-01-30,-0.01009559592787418
2009-02-02,-0.0018935965720877905
2009-02-03,0.004275179986911031
2009-02-04,-0.0010660608084303597
2009-02-05,0.003791564807065863
2009-02-06,0.007780745437937024
2009-02-09,0.0013293570279307274
2009-02-10,-0.019093107708749966
2009-02-11,0.004208341259969611
2009-02-12,0.0003712370361943646
2009-02-13,-0.00353518091375047
2009-02-17,-0.01621143887055529
2009-02-18,-0.0008652303114484196
2009-02-19,-0.004076305067158036
2009-02-20,-0.003353768184333859
2009-02-23,-0.014940059515189664
2009-02-24,0.01928364102781648
2009-02-25,-0.0022284126530840755
2009-02-26,-0.0037534520934242106
2009-02-27,-0.012043111671862634
2009-03-02,-0.021451197150313957
2009-03-03,-0.0032358615892812345
2009-03-04,0.010613418937689132
2009-03-05,-0.01678285205223017
2009-03-06,0.0006608196590347956
2009-03-09,-0.004865695677789818
2009-03-10,0.02467842113183496
2009-03-11,0.003594959524850593
2009-03-12,0.02563789151512776
2009-03-13,0.005042928237320071
2009-03-16,-0.002054226593675426
2009-03-17,0.025025793271570212
2009-03-18,0.013207362014825733
2009-03-19,-0.0006660215309487881
2009-03-20,-0.013796939309542964
2009-03-23,0.04962948455642658
2009-03-24,-0.012318156675274644
2009-03-25,0.007058045314526721
2009-03-26,0.01115198687074028
2009-03-27,-0.009864570807051257
2009-03-30,-0.021541160706870944
2009-03-31,0.006258050163732616
2009-04-01,0.014069253773391915
2009-04-02,0.018924785363223506
2009-04-03,0.007383585363444578
2009-04-06,-0.004680665226235451
2009-04-07,-0.016094520631536473
2009-04-08,0.008285545344942
2009-04-09,0.03138044172615332
2009-04-13,0.0001804849369116173
2009-04-14,-0.008271083154939412
2009-04-15,0.008460810832910854
2009-04-16,0.02266873646567664
2009-04-17,0.005091447940807914
2009-04-20,-0.024028791364924848
2009-04-21,0.014085084427924789
2009-04-22,-0.003548274372576696
2009-04-23,0.007556522239848989
2009-04-24,0.013554465338747839
2009-04-27,-0.007872777074738315
2009-04-28,-0.0024488762026397045
2009-04-29,0.015338730709739765
2009-04-30,0.000248406773716478
2009-05-01,0.003982748176349836
2009-05-04,0.02794347327296785
2009-05-05,-0.0024090565173564373
2009-05-06,0.012489695219113578
2009-05-07,-0.027674053420846133
2009-05-08,-0.0007858437983119246
2009-05-11,0.0020578825563802214
2009-05-12,-0.0037753635740864406
2009-05-13,-0.018439334979479208
2009-05-14,0.00790064332692018
2009-05-15,0.0
2009-05-18,0.022784356846376367
2009-05-19,0.004134698311158822
2009-05-20,-0.008079987700936722
2009-05-21,-0.013712103267349984
2009-05-22,0.002633835930790117
2009-05-26,0.027042629713656858
2009-05-27,-0.006739376218781182
2009-05-28,0.009055307502097355
2009-05-29,0.011673963848284364
2009-06-01,0.01646067454742
2009-06-02,0.0005529786424849041
2009-06-03,-0.008136349466853668
2009-06-04,0.00713211716662268
2009-06-05,7.83675151018295e-05
2009-06-08,-0.0027785409975346017
2009-06-09,0.0038164001932979403
2009-06-10,-0.001775387962610662
2009-06-11,0.0032191917197568615
2009-06-12,0.0022919009742277314
2009-06-15,-0.0181821935396838
2009-06-16,-0.010710331840035999
2009-06-17,-0.0008134950853747081
2009-06-18,0.003422430057816498
2009-06-19,0.0017714982852789023
2009-06-22,-0.02069148535912879
2009-06-23,0.0004053773502861218
2009-06-24,0.004455657192593148
2009-06-25,0.015746019055049833
2009-06-26,-0.0018870001387387007
2009-06-29,0.006779596890444576
2009-06-30,-0.005374534736556646
2009-07-01,0.002997699992984097
2009-07-02,-0.01686656679034552
2009-07-06,-0.0001366624506743707
2009-07-07,-0.014706474142867404
2009-07-08,0.003144520556256449
2009-07-09,0.0008937733801251792
2009-07-10,-0.0017242400342948401
2009-07-13,0.01851829757263438
2009-07-14,0.0033170362679678946
2009-07-15,0.019006203205879514
2009-07-16,-0.000621404797540726
2009-07-17,0.00641954633746613
2009-07-20,0.006432301668547629
2009-07-21,0.002872174131072783
2009-07-22,-1.7871997661070177e-05
2009-07-23,0.01285046388997742
2009-07-24,0.0017140708211297012
2009-07-27,0.0034416304308368642
2009-07-28,0.0009711455515560333
2009-07-29,0.003439476213625036
2009-07-30,0.005505789601962864
2009-07-31,-0.001964931688981736
2009-08-03,0.009386549097052183
2009-08-04,9.804264855212019e-05
2009-08-05,-0.004779559696762871
2009-08-06,-0.00489631203944994
2009-08-07,0.0066871067368386656
2009-08-10,-0.0028239489338584816
2009-08-11,-0.00882644368760617
2009-08-12,0.013992210299682777
2009-08-13,0.0024816090310257636
2009-08-14,-0.006103001095549754
2009-08-17,-0.01576970727364493
2009-08-18,0.007600564692155352
2009-08-19,0.0033656341213799874
2009-08-20,0.004779851202828452
2009-08-21,0.002858362452053093
2009-08-24,-0.0003077724383653353
2009-08-25,0.0006887295160914985
2009-08-26,0.0016898747478988427
2009-08-27,0.0008560515433721145
2009-08-28,0.00040389306823257183
2009-08-31,-0.0024434417235743096
2009-09-01,-0.004978683966862279
2009-09-02,0.00036510641523741956
2009-09-03,0.002868576465430686
2009-09-04,0.009638055856682957
2009-09-08,0.0038627278936999533
2009-09-09,0.003077380826240705
2009-09-10,0.004698362093810308
2009-09-11,-0.0002049859254804421
2009-09-14,0.002687018827586759
2009-09-15,0.003510067562776423
2009-09-16,0.005047927442506
2009-09-17,-0.0021505292843769083
2009-09-18,0.0037157361096570598
2009-09-21,-0.0020850560616255164
2009-09-22,0.002626413009997686
2009-09-23,0.0001955631603820036
2009-09-24,-0.008828344229538671
2009-09-25,-0.004536693007746057
2009-09-28,0.01424236029920928
2009-09-29,-0.0021789798078078538
2009-09-30,0.0015914815428242533
2009-10-01,-0.018132716918821973
2009-10-02,-0.0035387090324978283
2009-10-05,0.007928989334269568
2009-10-06,0.011452345801087211
2009-10-07,0.001355647056540286
2009-10-08,0.002103198377182037
2009-10-09,0.002289173384450675
2009-10-12,0.0006567804795369884
2009-10-13,0.001312360187453509
2009-10-14,0.005981767111149945
2009-10-15,-0.0008781417373928017
2009-10-16,-0.001957241591729731
2009-10-19,0.002847795779651419
2009-10-20,-0.001167237057309524
2009-10-21,0.0001622336653367737
2009-10-22,0.0038520891992320037
2009-10-23,-0.0031557076872925677
2009-10-26,-0.0037346076935220753
2009-10-27,-0.0014210677878579883
2009-10-28,-0.00695572153927573
2009-10-29,0.0048260299786253
2009-10-30,-0.0052120648547840254
2009-11-02,0.0011609866587420944
2009-11-03,0.0008723375179908668
2009-11-04,0.00044319399360864104
2009-11-05,0.0085144057139301
2009-11-06,0.0007146903445445391
2009-11-09,0.006286137301278314
2009-11-10,-0.0004227057375980562
2009-11-11,0.0012315544511104564
2009-11-12,-0.0024505634127441733
2009-11-13,0.0026138124690567133
2009-11-16,0.007005529402608711
2009-11-17,0.0006454656330013909
2009-11-18,-0.00034710533175977146
2009-11-19,-0.007636427378093058
2009-11-20,-0.003819390888837152
2009-11-23,0.011666554781340694
2009-11-24,-0.002344883426939339
2009-11-25,0.002980180131390309
2009-11-27,-0.010918967744798065
2009-11-30,0.0008318219994019624
2009-12-01,0.007209313859928327
2009-12-02,0.0005439073397252289
2009-12-03,-0.0028182468066226397
2009-12-04,0.004616292532902329
2009-12-07,-0.0012672016904027848
2009-12-08,-0.004661129667911695
2009-12-09,0.003168925420259213
2009-12-10,0.003959819438072884
2009-12-11,0.003075650858809549
2009-12-14,0.006830478501282728
2009-12-15,-0.004520943883338819
2009-12-16,0.001041040144601604
2009-12-17,-0.009239714468282955
2009-12-18,0.013494975142765868
2009-12-21,0.008058698038147953
2009-12-22,0.002601220113012157
2009-12-23,0.0013586985335002216
2009-12-24,0.0033344162659123713
2009-12-28,0.001322027649529048
2009-12-29,-0.0008994844934558086
2009-12-30,-0.00015723795015371687
2009-12-31,-0.006212054477400141
2010-01-04,0.01215872940967486
2010-01-05,0.0015611198785121395
2010-01-06,0.0005097790962781125
2010-01-07,-0.0026982055089462393
2010-01-08,0.004744602728756889
2010-01-11,-0.0029650604463511998
2010-01-12,-0.008268353918885193
2010-01-13,0.007461548891733322
2010-01-14,0.0018348412053671287
2010-01-15,-0.010081672787224924
2010-01-19,0.012460603518123744
2010-01-20,-0.011075845981533052
2010-01-21,-0.007661459386171632
2010-01-22,-0.019216055510043205
2010-01-25,0.005801662253019122
2010-01-26,-0.0018954187111124528
2010-01-27,0.006325075819047154
2010-01-28,-0.006812697844629308
2010-01-29,-0.009460262641980199
2010-02-01,0.005814780167991563
2010-02-02,0.007465678257236097
2010-02-03,0.0017467373077725771
2010-02-04,-0.020242410310095063
2010-02-05,0.006594022709039409
2010-02-08,-0.0027978748552112145
2010-02-09,0.008227094238114102
2010-02-10,-0.0014659458748156296
2010-02-11,0.007194202520604117
2010-02-12,0.0012946371557528526
2010-02-16,0.009755526061473912
2010-02-17,0.0015868388768335803
2010-02-18,0.004369077435255853
2010-02-19,-0.0017877410617106095
2010-02-22,-0.000893213830976801
2010-02-23,-0.007864195426047401
2010-02-24,0.007189006705438296
2010-02-25,-0.0019997254764714005
2010-02-26,0.0010022356686217222
2010-03-01,0.009226424464472664
2010-03-02,-0.0009288017398582986
2010-03-03,0.0002699113609931097
2010-03-04,0.0028291412110223384
2010-03-05,0.008453062574696484
2010-03-08,0.0031516402365696383
2010-03-09,0.0026125444351603536
2010-03-10,0.003991891453569956
2010-03-11,0.002235119921900274
2010-03-12,-0.0005145602387902494
2010-03-15,-0.0006068456067695014
2010-03-16,0.004898595256067548
2010-03-17,0.0018987865501270353
2010-03-18,0.000810946128442936
2010-03-19,-0.0032986682572013356
2010-03-22,0.004461658296384788
2010-03-23,0.005289326151614342
2010-03-24,-0.0027174462057560325
2010-03-25,-0.0007720999371174798
2010-03-26,-0.00022748142243216328
2010-03-29,0.0010041153824462933
2010-03-30,0.0016429543027361869
2010-03-31,-0.0003967053984111336
2010-04-01,-0.0003584270674906402
2010-04-05,0.0024904629332098667
2010-04-06,0.00020649490840025285
2010-04-07,-0.0009288098136575148
2010-04-08,0.0005329879996511562
2010-04-09,0.0023949113197807965
2010-04-12,0.0006602190154023682
2010-04-13,0.0011276987416924695
2010-04-14,0.0064539279539260015
2010-04-15,0.0004265204881394872
2010-04-16,-0.008783377725471546
2010-04-19,0.0018093714427583332
2010-04-20,0.002938150755819923
2010-04-21,-0.0006896675520608487
2010-04-22,0.001954117939929135
2010-04-23,0.0045042529112815305
2010-04-26,-0.0021227422378164184
2010-04-27,-0.012332633721033845
2010-04-28,0.004799958089396071
2010-04-29,0.006409237391467456
2010-04-30,-0.008874455996694057
2010-05-03,0.007178750494640194
2010-05-04,-0.014933052206861846
2010-05-05,-0.002139352380582689
2010-05-06,-0.013360559874333934
2010-05-07,-0.009870511777348821
2010-05-10,0.026942720564480886
2010-05-11,-0.0031846621595921724
2010-05-12,0.013496871448394069
2010-05-13,-0.005274370957894314
2010-05-14,-0.010518986535299028
2010-05-17,0.0003270612532617702
2010-05-18,-0.0071379142649620145
2010-05-19,-0.003045148944954241
2010-05-20,-0.018237919245290668
2010-05-21,0.008058880953623782
2010-05-24,-0.0027292796921255047
2010-05-25,0.0007038655943455065
2010-05-26,-0.0038737675099718813
2010-05-27,0.024585031481939697
2010-05-28,-0.006208919969063845
2010-06-01,-0.012180093412156642
2010-06-02,0.02159771004549678
2010-06-03,0.0023734889431120815
2010-06-04,-0.025318902053610034
2010-06-07,-0.010762597134732549
2010-06-08,0.008907141639106286
2010-06-09,-0.0063465210910998915
2010-06-10,0.023619040944540988
2010-06-11,0.006583202693604271
2010-06-14,-0.000279103710758392
2010-06-15,0.01991075267950277
2010-06-16,-0.0002587589897244669
2010-06-17,0.001109249116522412
2010-06-18,0.0008159552270626922
2010-06-21,-0.002133869388795247
2010-06-22,-0.006081020145462145
2010-06-23,-0.0025659590989729497
2010-06-24,-0.014283837414801756
2010-06-25,0.003610791709101775
2010-06-28,0.0016054472549575961
2010-06-29,-0.02553366543870055
2010-06-30,-0.012022704723182289
2010-07-01,-0.0023634978497176573
2010-07-02,-0.0025275505033561883
2010-07-06,0.002723351180255909
2010-07-07,0.02863641981005268
2010-07-08,0.004374776131122528
2010-07-09,0.00648883960576241
2010-07-12,0.001983710796528139
2010-07-13,0.008048591785108706
2010-07-14,0.002973529555940817
2010-07-15,0.0006353232373517648
2010-07-16,-0.01906562132154954
2010-07-19,0.004424424254900649
2010-07-20,0.007653310825332294
2010-07-21,-0.008513638458168183
2010-07-22,0.0177013946378706
2010-07-23,0.006639557427089939
2010-07-26,0.007420731996377559
2010-07-27,-0.0003415675035352936
2010-07-28,-0.005145321694868209
2010-07-29,-0.006394798116903642
2010-07-30,0.0018489106237813938
2010-08-02,0.01731744327344201
2010-08-03,-0.0038819919681995518
2010-08-04,0.006695119697680724
2010-08-05,-0.00338176971773302
2010-08-06,-0.0020386711753158314
2010-08-09,0.005338742070065226
2010-08-10,-0.008086383504686087
2010-08-11,-0.017224136270535494
2010-08-12,-0.011462847424105176
2010-08-13,-0.003874649878703993
2010-08-16,0.0015903076157317993
2010-08-17,0.009333890846948313
2010-08-18,0.004575749421358104
2010-08-19,-0.009939192804255962
2010-08-20,-0.002883988605274967
2010-08-23,-0.0033171284608225016
2010-08-24,-0.01177021081452242
2010-08-25,0.003254508750539561
2010-08-26,-0.005586970388985258
2010-08-27,0.013352239561216688
2010-08-30,-0.010048067847202389
2010-08-31,-0.002829608754030517
2010-09-01,0.02031372039518819
2010-09-02,0.006245908011275354
2010-09-03,0.008758635791438154
2010-09-07,-0.004944484213688836
2010-09-08,0.004031664379442554
2010-09-09,0.0019103395431503203
2010-09-10,0.00026931530998233874
2010-09-13,0.011750114246807131
2010-09-14,0.0024739338562687245
2010-09-15,0.0018436151806032117
2010-09-16,-0.0001280807346926016
2010-09-17,4.6694404733235964e-05
2010-09-20,0.006330275797943623
2010-09-21,-0.001041125648167226
2010-09-22,-0.002201033256388709
2010-09-23,-0.00419378505047964
2010-09-24,0.012175074545728682
2010-09-27,-0.0023136362936384495
2010-09-28,0.0014477394035623417
2010-09-29,-0.0005406705183569136
2010-09-30,-0.0014346750771625097
2010-10-01,0.001884302004199126
2010-10-04,-0.0029785971811994885
2010-10-05,0.010783819218207796
2010-10-06,-2.973950958499474e-05
2010-10-07,0.0016380662578343614
2010-10-08,0.003082659192489387
2010-10-11,0.00020793022070929773
2010-10-12,0.003770996836956869
2010-10-13,0.004230050526380453
2010-10-14,-0.0010697285690868755
2010-10-15,0.0007948412856761097
2010-10-18,0.001842984750474198
2010-10-19,-0.0030511874665125195
2010-10-20,0.002021549010634715
2010-10-21,0.0003794048589218486
2010-10-22,0.0006146880959465456
2010-10-25,0.000765980462053463
2010-10-26,0.00020462795877299964
2010-10-27,-0.00088784256907637
2010-10-28,-9.81851778465739e-05
2010-10-29,0.00047998915193834396
2010-11-01,0.00019782841654570146
2010-11-02,0.0053367413445608
2010-11-03,0.0017911348921119505
2010-11-04,0.00862768971587894
2010-11-05,0.0018172681765320743
2010-11-08,-0.0009689715544932819
2010-11-09,-0.0039657371210032166
2010-11-10,0.002502368935846185
2010-11-11,-0.0024224949419098937
2010-11-12,-0.00812649687826152
2010-11-15,-0.0014867616550103624
2010-11-16,-0.00875663120179461
2010-11-17,0.00018813180803152555
2010-11-18,0.006223358452630445
2010-11-19,0.001094441603768286
2010-11-22,0.0021826537449453213
2010-11-23,-0.004063721486506974
2010-11-24,0.005240213945776881
2010-11-26,-0.0032145970977721333
2010-11-29,0.0011484215532585444
2010-11-30,-0.003422887811815797
2010-12-01,0.008688010299496295
2010-12-02,0.004090307357918077
2010-12-03,0.0009794434139226442
2010-12-06,-0.00014301122335180525
2010-12-07,0.00041707481774770996
2010-12-08,0.002916748410947874
2010-12-09,0.00038847524864734517
2010-12-10,0.0016028677523144876
2010-12-13,-0.00047838947441598926
2010-12-14,0.0004438504064694979
2010-12-15,-0.0009395663787962466
2010-12-16,0.0013337849044563772
2010-12-17,0.0005243710919889599
2010-12-20,0.00011010464413124035
2010-12-21,0.0008246185277762325
2010-12-22,-0.00041912311599604744
2010-12-23,-5.459955337856926e-05
2010-12-27,7.55796605045771e-05
2010-12-28,-0.0001331993035843435
2010-12-29,0.00028131344472787247
2010-12-30,-0.00040614320175918106
2010-12-31,-0.0011679855000169674
2011-01-03,0.008713234896651594
2011-01-04,-0.00029917054474023867
2011-01-05,0.003520566265128733
2011-01-06,0.0011139769202349924
2011-01-07,-0.0005211414339382609
2011-01-10,-0.0006471906605157202
2011-01-11,0.0024452308326515515
2011-01-12,0.005459099742977684
2011-01-13,-0.00045127431553923964
2011-01-14,0.006117852498760834
2011-01-18,0.0006325446239321686
2011-01-19,-0.003128203438939652
2011-01-20,-0.000730467815372298
2011-01-21,-0.003300517619820472
2011-01-24,0.00810376076845872
2011-01-25,0.0007973951130729211
2011-01-26,0.0034008569180997103
2011-01-27,0.0036993464319953974
2011-01-28,-0.019299893529049216
2011-01-31,0.0030086922347067812
2011-02-01,0.012281407592018505
2011-02-02,-0.0010886350973396252
2011-02-03,0.0011499635703926506
2011-02-04,0.004680902357499992
2011-02-07,0.003858868489512164
2011-02-08,0.004547965253588609
2011-02-09,-0.0011873929176689977
2011-02-10,0.0011868804337605398
2011-02-11,0.004148720951047699
2011-02-14,0.0011285468110981203
2011-02-15,-0.00276507450691328
2011-02-16,0.004432068245744357
2011-02-17,0.0014065060307996773
2011-02-18,-0.0010885628714338608
2011-02-22,-0.020240182353462997
2011-02-23,-0.004739154176518488
2011-02-24,0.002026195052562813
2011-02-25,0.007403484656537897
2011-02-28,0.002346387902081527
2011-03-01,-0.014573844121834835
2011-03-02,0.003689501494942395
2011-03-03,0.012109825475465793
2011-03-04,-0.005649003288726867
2011-03-07,-0.009819953560803237
2011-03-08,0.004942963603124242
2011-03-09,-0.003027994171834821
2011-03-10,-0.010752283926731004
2011-03-11,0.0030021316674414215
2011-03-14,-0.003688478428018495
2011-03-15,-0.009106505735030504
2011-03-16,-0.015218224480296066
2011-03-17,0.007627115424967202
2011-03-18,0.0009150526579772142
2011-03-21,0.01461687048949652
2011-03-22,-0.001343009721772342
2011-03-23,0.004436864369204526
2011-03-24,0.013534095434886016
2011-03-25,0.001442873566871275
2011-03-28,-0.0014430006803454495
2011-03-29,0.006984005545586195
2011-03-30,0.0028464286276717356
2011-03-31,-0.0012718548815541784
2011-04-01,-0.0012566736332581573
2011-04-04,-0.002387686621340393
2011-04-05,-0.0010108044691029148
2011-04-06,0.005065930897469259
2011-04-07,-0.0003501226417555541
2011-04-08,-0.0025448437997555627
2011-04-11,-0.002071980555672884
2011-04-12,-0.002716607198957772
2011-04-13,0.0035251905265756187
2011-04-14,8.505435675845439e-05
2011-04-15,0.0012818019674549848
2011-04-18,-0.0029207990632516686
2011-04-19,0.0009466817897040041
2011-04-20,0.01165315648478888
2011-04-21,0.00334641203892544
2011-04-25,-0.0006855285342746502
2011-04-26,0.005636631109147481
2011-04-27,0.004504587913401482
2011-04-28,0.0020140543511823366
2011-04-29,-0.00043819755679588883
2011-05-02,-0.002580439252193053
2011-05-03,0.0002462869283602281
2011-05-04,-0.0008539650663431923
2011-05-05,-0.005926515973594322
2011-05-06,0.0033515267371115594
2011-05-09,0.0029411022892771093
2011-05-10,0.0064789622513895355
2011-05-11,-0.007262164992510009
2011-05-12,0.003446707476880117
2011-05-13,-0.005380250606102136
2011-05-16,-0.004153216717708494
2011-05-17,0.0019207534552954774
2011-05-18,0.004951398063743609
2011-05-19,0.0014484468394460694
2011-05-20,-0.0038079900498237326
2011-05-23,-0.009755417969342222
2011-05-24,-0.0021396636323864015
2011-05-25,0.0026798390908653923
2011-05-26,0.004539946658397435
2011-05-27,0.003324230805720312
2011-05-31,0.0111738014251483
2011-06-01,-0.012842649250660058
2011-06-02,-0.0005129069507476843
2011-06-03,-0.003082809640560923
2011-06-06,-0.0036505343843921266
2011-06-07,-4.143080132799204e-05
2011-06-08,-0.0011557200575122238
2011-06-09,0.0016733786235710742
2011-06-10,-0.0022156903229758776
2011-06-13,2.899702438910115e-05
2011-06-14,0.0031794233615140425
2011-06-15,-0.002584103430642576
2011-06-16,-0.000586987452621154
2011-06-17,-0.00018614466798970273
2011-06-20,0.0012545172762572377
2011-06-21,0.003538339394691747
2011-06-22,-0.001058559214627945
2011-06-23,0.002124980947769363
2011-06-24,-0.004935988786008123
2011-06-27,0.006952205771041549
2011-06-28,0.004046361537519141
2011-06-29,0.00581084315153613
2011-06-30,0.008258444841502071
2011-07-01,0.010629152849675015
2011-07-05,0.002934401558339525
2011-07-06,0.0008916580155233299
2011-07-07,0.006360543882154392
2011-07-08,-0.004156096856876772
2011-07-11,-0.01315038973602376
2011-07-12,-0.0022865169080156446
2011-07-13,0.0010823143949683352
2011-07-14,-0.0035683994090969996
2011-07-15,0.0026004613014676435
2011-07-18,-0.003673953560015902
2011-07-19,0.005031634536040147
2011-07-20,-0.0002978657753021143
2011-07-21,0.002871281485016487
2011-07-22,0.000311705750864471
2011-07-25,-0.0019225934270841426
2011-07-26,-0.00103113621703375
2011-07-27,-0.005651298959117869
2011-07-28,-0.0009019984783693757
2011-07-29,-0.0021186042246991946
2011-08-01,-0.0013184014689987926
2011-08-02,-0.014102253807671833
2011-08-03,0.0029910786065819052
2011-08-04,-0.02908854661971592
2011-08-05,-0.0007228682271642035
2011-08-08,-0.026961024124226816
2011-08-09,0.01762314549772278
2011-08-10,-0.02133772872162555
2011-08-11,0.02630184848832322
2011-08-12,0.0032521516165259358
2011-08-15,0.012402415956583394
2011-08-16,-0.004713336591075652
2011-08-17,0.00041523218297351787
2011-08-18,-0.03395547570018553
2011-08-19,-0.009124831598861603
2011-08-22,0.002348056172274656
2011-08-23,0.01666518106418406
2011-08-24,0.0019437199845205543
2011-08-25,-0.002830950113179303
2011-08-26,0.010400103605066538
2011-08-29,0.0158336725454142
2011-08-30,0.0021191379598442615
2011-08-31,-0.0013520181418445619
2011-09-01,-0.005335839513043465
2011-09-02,-0.0133349558383716
2011-09-06,-0.003280919729257852
2011-09-07,0.01511414418043334
2011-09-08,-0.002915308101718377
2011-09-09,-0.012546330506135852
2011-09-12,0.003571278457881271
2011-09-13,0.0013967811367055184
2011-09-14,0.002381209311341938
2011-09-15,0.0017774845751620898
2011-09-16,0.002042014596658166
2011-09-19,-0.0018881051794737865
2011-09-20,-0.00028058974670828806
2011-09-21,-0.006097682408839892
2011-09-22,-0.007955829482202957
2011-09-23,0.001617696280009355
2011-09-26,0.005730928564572844
2011-09-27,0.0005685644807726916
2011-09-28,-0.0019073458745153254
2011-09-29,0.0008140243291224563
2011-09-30,-0.0017800631305523974
2011-10-03,-0.003549270634863677
2011-10-04,0.005666806352781952
2011-10-05,0.0026445957636193284
2011-10-06,0.0010451651752247495
2011-10-07,-0.0002588526096370915
2011-10-10,0.007894859008618289
2011-10-11,0.000434969286974818
2011-10-12,0.0031890187030754417
2011-10-13,-0.0007700284957088673
2011-10-14,0.006949076564979548
2011-10-17,-0.005918226395455029
2011-10-18,0.008877143212959206
2011-10-19,-0.006115904402071672
2011-10-20,-0.002393539845935893
2011-10-21,0.006908753758206129
2011-10-24,0.01144306141020917
2011-10-25,-0.009175182091723503
2011-10-26,-0.0007568774564506979
2011-10-27,0.017049840905646114
2011-10-28,0.0009496753817804803
2011-10-31,-0.010512987862397216
2011-11-01,-0.01601643988495895
2011-11-02,0.0054955234932427014
2011-11-03,0.013503299554708704
2011-11-04,-0.003306862808307885
2011-11-07,0.004961995665249335
2011-11-08,0.007147886534272887
2011-11-09,-0.017093275599386323
2011-11-10,-1.3092272563467323e-05
2011-11-11,0.00437593045018187
2011-11-14,-0.0028928320830821667
2011-11-15,0.004083584298058949
2011-11-16,-0.006439557987976764
2011-11-17,-0.007265913463323146
2011-11-18,-0.002125874799939398
2011-11-21,-0.006601035194205845
2011-11-22,0.0009998657217146045
2011-11-23,-0.006068671741942502
2011-11-25,-0.0015925512270499737
2011-11-28,0.009603545292894396
2011-11-29,-0.0018282191170251691
2011-11-30,0.006537799959604736
2011-12-01,0.0007667541030253269
2011-12-02,-0.00020119071619308137
2011-12-05,0.0018834334949225263
2011-12-06,-0.0006135390787140984
2011-12-07,-0.00014290596402683557
2011-12-08,-0.004053258828418759
2011-12-09,0.003147050400259442
2011-12-12,-0.0023234057555483467
2011-12-13,-0.004167819905395679
2011-12-14,-0.00851492769952889
2011-12-15,-0.0009973480982470202
2011-12-16,0.0015786293883500444
2011-12-19,-0.002716676423721522
2011-12-20,0.00818032510553471
2011-12-21,-0.0029608128381600116
2011-12-22,0.001193849531757657
2011-12-23,0.002382890139724362
2011-12-27,0.0005994614966902575
2011-12-28,-0.0007569014487745987
2011-12-29,0.0009929647378278158
2011-12-30,-0.0002943388656203049
2012-01-03,0.00445289306625325
2012-01-04,0.0012148499136811382
2012-01-05,0.0019198617151679506
2012-01-06,0.0001989587503727018
2012-01-09,-0.0007521291414166568
2012-01-10,0.002155362174214087
2012-01-11,0.0017111684186658673
2012-01-12,0.0030931081719601824
2012-01-13,-0.0037456901675854246
2012-01-17,0.0031749263390478057
2012-01-18,0.011008294021014485
2012-01-19,0.004682304027714625
2012-01-20,0.000733541704339711
2012-01-23,-0.0014223499901406121
2012-01-24,-0.0005892027874777133
2012-01-25,0.005480709984711349
2012-01-26,-0.0033599714171835397
2012-01-27,0.0
2012-01-30,-0.0026620036218383
2012-01-31,-0.00035269158300145525
2012-02-01,0.007548742476652378
2012-02-02,0.0010940488727540151
2012-02-03,0.009672912746435258
2012-02-06,-0.0003628810474569906
2012-02-07,0.0016771882456617167
2012-02-08,0.002115335734792477
2012-02-09,0.0007998476130665995
2012-02-10,-0.005029616238557056
2012-02-13,0.00532805069184905
2012-02-14,-0.000798743146567809
2012-02-15,-0.0031277986082450153
2012-02-16,0.007708309711771492
2012-02-17,0.0016574682301773857
2012-02-21,0.0002882536384336838
2012-02-22,-0.0021116229194935157
2012-02-23,0.0031929435973680254
2012-02-24,0.0016502742213102002
2012-02-27,0.0010914249777687376
2012-02-28,0.0020121506923566307
2012-02-29,-0.002640872326882683
2012-03-01,0.003691227076064705
2012-03-02,-0.0017869089550256664
2012-03-05,-0.002390182779679293
2012-03-06,-0.00857035159835661
2012-03-07,0.002644050178661576
2012-03-08,0.005249208297897421
2012-03-09,0.001999587515142224
2012-03-12,3.504720899024219e-05
2012-03-13,0.009950078298491668
2012-03-14,-0.0006301665260028112
2012-03-15,0.0019972891306431176
2012-03-16,0.0003821704602589434
2012-03-19,0.0014958271108219136
2012-03-20,-0.0009023722230271267
2012-03-21,-0.00045205090532064843
2012-03-22,-0.00223311519883766
2012-03-23,0.0008922942574751853
2012-03-26,0.003873681015943301
2012-03-27,-0.0011140540364358307
2012-03-28,-0.0010290396798802543
2012-03-29,-0.0009383536929740149
2012-03-30,0.0012821459462954259
2012-04-02,0.0018614236855368628
2012-04-03,-0.0009709653395341449
2012-04-04,-0.0025536614770221983
2012-04-05,9.416721044997945e-05
2012-04-09,-0.002941541197354153
2012-04-10,-0.008107308245097046
2012-04-11,0.0030678732940296657
2012-04-12,0.002982838669830108
2012-04-13,-0.006659971575132756
2012-04-16,-0.00029437803694339814
2012-04-17,0.012598861915885494
2012-04-18,-0.0014918520106052024
2012-04-19,-0.006020039009740228
2012-04-20,-0.001434440839755251
2012-04-23,-0.002284238880190385
2012-04-24,-0.0008549136176468636
2012-04-25,0.009934837632164668
2012-04-26,0.0027502590135182834
2012-04-27,0.002349227484789741
2012-04-30,-0.003754914675295598
2012-05-01,0.002082270433987488
2012-05-02,0.001568148112911801
2012-05-03,-0.004698920348292039
2012-05-04,-0.016288450775175746
2012-05-07,0.0006829440157099779
2012-05-08,-0.002259622968173033
2012-05-09,0.0
2012-05-10,-0.001323718376070068
2012-05-11,0.0004569583516425796
2012-05-14,-0.00360758751365935
2012-05-15,-0.0006778727612194196
2012-05-16,-0.0010556716078019845
2012-05-17,-0.003924485410641203
2012-05-18,-0.0031293498206669016
2012-05-21,0.006737383972306165
2012-05-22,0.00016516417513879852
2012-05-23,0.00027376127090467144
2012-05-24,0.0014381488170809008
2012-05-25,-0.0013317482514263847
2012-05-29,0.008695826579158924
2012-05-30,-0.005227538900434347
2012-05-31,-0.0014414284769543536
2012-06-01,-0.01475354317876116
2012-06-04,-0.00024225842502682683
2012-06-05,0.004702564920681194
2012-06-06,0.013869977653329623
2012-06-07,0.00031336589016351524
2012-06-08,0.004981592341222888
2012-06-11,-0.007553371608397082
2012-06-12,0.007200923622592652
2012-06-13,-0.0028455130585314787
2012-06-14,0.0024246995683303908
2012-06-15,0.006317800817120729
2012-06-18,0.004637014564690118
2012-06-19,0.004788407303585422
2012-06-20,0.0008385639709965023
2012-06-21,-0.011390032540378372
2012-06-22,0.005246324144310786
2012-06-25,-0.008753202720575032
2012-06-26,0.0036387204465910335
2012-06-27,0.0038998452124157485
2012-06-28,-0.0049854939418117515
2012-06-29,0.017164625579239562
2012-07-02,0.0032636129089257163
2012-07-03,0.005202783334389523
2012-07-05,0.00038284338903687423
2012-07-06,-0.005892074618760533
2012-07-09,-0.0012967918945843888
2012-07-10,-0.006940840174646679
2012-07-11,-0.0028516383298846813
2012-07-12,-0.0061701655126378385
2012-07-13,0.008317907369723793
2012-07-16,-0.0007416035388007838
2012-07-17,0.0024188130339905293
2012-07-18,0.010733381197092459
2012-07-19,0.006919350538913289
2012-07-20,-0.007883984786987281
2012-07-23,-0.007953063714408461
2012-07-24,-0.005085722667166709
2012-07-25,0.00022187703952565103
2012-07-26,0.008145256774338958
2012-07-27,0.014782363788492167
2012-07-30,-0.00039854978808011115
2012-07-31,-0.00036590629068517205
2012-08-01,-0.0004956622881871516
2012-08-02,-0.0019652529608523467
2012-08-03,0.012991006740270546
2012-08-06,0.0011673526530185153
2012-08-07,0.002669519955925188
2012-08-08,0.0005211859983922137
2012-08-09,0.0004125746732492259
2012-08-10,0.000789911801441837
2012-08-13,-0.0002397667904118485
2012-08-14,6.346140924836994e-05
2012-08-15,0.0005091707711343292
2012-08-16,0.0033056978079127946
2012-08-17,0.000599380082071997
2012-08-20,3.146212624614338e-05
2012-08-21,-0.0013548962835353538
2012-08-22,0.00018985597065898294
2012-08-23,-0.003950630530952916
2012-08-24,0.0037526367902191225
2012-08-27,0.00013153970138183408
2012-08-28,-0.0006140071549954382
2012-08-29,0.0004829728446136607
2012-08-30,-0.003978959480041143
2012-08-31,0.00296165006798415
2012-09-04,-0.0006033979385738926
2012-09-05,-0.0004082177743144346
2012-09-06,0.011893520435617342
2012-09-07,-0.0009351216887474369
2012-09-10,-0.0062201451773874206
2012-09-11,-0.0009949726321678033
2012-09-12,0.0018152302642177377
2012-09-13,0.007479935827173837
2012-09-14,0.005223177615869105
2012-09-17,0.00025065181648362464
2012-09-18,0.0004414848462415567
2012-09-19,0.001084168656952576
2012-09-20,-0.0005489403782595189
2012-09-21,0.0007447687214906781
2012-09-24,-0.0030212998505969512
2012-09-25,-0.0033866777690593946
2012-09-26,-0.003933721502140594
2012-09-27,0.008167235830368595
2012-09-28,-0.00575618117295447
2012-10-01,-0.0008050617882329956
2012-10-02,0.0018965156944077072
2012-10-03,0.002954061037336264
2012-10-04,0.0018052628334719626
2012-10-05,-0.0028444290325795926
2012-10-08,-0.005718405701336137
2012-10-09,-0.0070421245463541055
2012-10-10,-0.002240196528206619
2012-10-11,-0.002478817765861088
2012-10-12,-0.0004973259073143677
2012-10-15,0.0030279667292051225
2012-10-16,0.008384681526538743
2012-10-17,-0.002986132766563432
2012-10-18,-0.006469418705328704
2012-10-19,-0.012524438480365524
2012-10-22,0.004001412568846015
2012-10-23,-0.006656229642887787
2012-10-24,-0.004021065537000688
2012-10-25,-0.0011118035527576194
2012-10-26,0.0005960948962404347
2012-10-31,-0.002035064255405508
2012-11-01,0.011786688669344165
2012-11-02,-0.009829933178770268
2012-11-05,0.00414061041038426
2012-11-06,0.003539810628351786
2012-11-07,-0.018008672834423464
2012-11-08,-0.010911223936715737
2012-11-09,0.0029454016951911115
2012-11-12,-0.0001140989673854987
2012-11-13,-0.00598043290008118
2012-11-14,-0.008506810697596408
2012-11-15,-0.0018624579541305748
2012-11-16,0.002250452963447681
2012-11-19,0.01799698260765469
2012-11-20,0.00020348185393036206
2012-11-21,0.0021943271210569477
2012-11-23,0.010612741069587204
2012-11-26,0.0023296389625166052
2012-11-27,-0.003343636751592221
2012-11-28,0.006941310061861931
2012-11-29,0.003492474211174095
2012-11-30,-0.0006737944769323681
2012-12-03,-0.0009477684837838502
2012-12-04,-0.0008283511585364932
2012-12-05,0.0012208458081185366
2012-12-06,0.00387311970570364
2012-12-07,-0.002863147012993886
2012-12-10,0.0012579058498804947
2012-12-11,0.005598415454490826
2012-12-12,-0.000590100321565654
2012-12-13,-0.003224226690679082
2012-12-14,-0.00425303732429726
2012-12-17,0.0058924432403221925
2012-12-18,0.00474037332125467
2012-12-19,-0.0022348502354287616
2012-12-20,0.0010590648618243668
2012-12-21,-0.005056888749870801
2012-12-24,-0.0013735507946630247
2012-12-26,-0.0072532238377358196
2012-12-27,-0.0013365820420999238
2012-12-28,-0.008948082514940656
2012-12-31,0.020439358230038528
2013-01-02,0.02984815220435144
2013-01-03,-0.003953056925684274
2013-01-04,-0.003167709726621164
2013-01-07,-0.0011654660986579043
2013-01-08,-0.0029609322201100364
2013-01-09,0.0011755719549053796
2013-01-10,0.0036936445544683318
2013-01-11,0.0009342405685363762
2013-01-14,-0.004430559980006371
2013-01-15,-0.004459352333838895
2013-01-16,0.002478597146616956
2013-01-17,0.0027569669059007863
2013-01-18,-0.0009267077092952301
2013-01-22,0.00187828085910511
2013-01-23,0.006532369585787041
2013-01-24,-0.011141825231949417
2013-01-25,0.0004676723879536071
2013-01-28,0.001764740885315942
2013-01-29,0.0006570815675082067
2013-01-30,-0.0012656344853815764
2013-01-31,0.0006284299706770266
2013-02-01,0.003511641623191111
2013-02-04,-0.004066575069744912
2013-02-05,0.004720579151195657
2013-02-06,-0.0012360996373035446
2013-02-07,0.00033816648158890074
2013-02-08,0.00424465616248738
2013-02-11,0.00010149242182631591
2013-02-12,-0.0014203243979446542
2013-02-13,0.0015982769399725176
2013-02-14,-2.9161623044296196e-05
2013-02-15,-0.00042109821588241103
2013-02-19,0.0032437059922036625
2013-02-20,-0.006242007369935223
2013-02-21,-0.004032954837908225
2013-02-22,0.005997365439056906
2013-02-25,-0.007334791622569274
2013-02-26,0.0026014170882075202
2013-02-27,0.007456889929353866
2013-02-28,-0.0014366552029799065
2013-03-01,0.0030212303264631705
2013-03-04,0.001910881514963888
2013-03-05,0.008635249358444883
2013-03-06,-0.00046351798433696425
2013-03-07,0.0016303069196915562
2013-03-08,0.0005447863561368882
2013-03-11,0.0017034217194440582
2013-03-12,-0.0018636157355239138
2013-03-13,-0.0005716974007369457
2013-03-14,0.0019638519111404126
2013-03-15,-0.0016291874290544133
2013-03-18,-0.0013734346292124924
2013-03-19,-0.0012454731353368474
2013-03-20,0.004854060441839501
2013-03-21,-0.006652185335232222
2013-03-22,0.0070942797554656096
2013-03-25,-0.0015953213984580372
2013-03-26,0.003263362425898659
2013-03-27,0.0006252585896439895
2013-03-28,0.0008282034939453081
2013-04-01,-0.003961985875041348
2013-04-02,0.002300643037491122
2013-04-03,-0.004486068166023839
2013-04-04,0.00020732362560231592
2013-04-05,-0.003050197259527678
2013-04-08,0.0025624793447230234
2013-04-09,0.0026654711419784437
2013-04-10,0.006680025170888162
2013-04-11,-0.0010601539335108223
2013-04-12,-0.0017887549310950102
2013-04-15,-0.008511784121269246
2013-04-16,0.007692268794522263
2013-04-17,-0.013429130559771988
2013-04-18,-0.0065822369080334045
2013-04-19,0.0009303134876097731
2013-04-22,0.004866449504643313
2013-04-23,0.002607203464774387
2013-04-24,0.000749118282473161
2013-04-25,0.002111673225283848
2013-04-26,-0.00021799610703682586
2013-04-29,0.00888909198284502
2013-04-30,0.004503469634929843
2013-05-01,-0.005435912087294464
2013-05-02,0.006158612657056285
2013-05-03,0.0065667802772645155
2013-05-06,0.0013137302319744626
2013-05-07,0.0026203105817780912
2013-05-08,0.0026100138137045855
2013-05-09,-0.001554246465627428
2013-05-10,0.0018160848133591085
2013-05-13,0.0005370252719305184
2013-05-14,0.0015352801779706772
2013-05-15,0.0008730883523128967
2013-05-16,0.00110983337718768
2013-05-17,0.002498057959798064
2013-05-20,-0.00016393831783791774
2013-05-21,0.0006804498365375943
2013-05-22,-0.0041323079711506686
2013-05-23,-0.00011938434776037289
2013-05-24,-0.00043481498801386034
2013-05-28,0.001316533913593333
2013-05-29,-0.0004395805208111739
2013-05-30,0.0005910677942282036
2013-05-31,-0.0032929631945047442
2013-06-03,0.000947070468915976
2013-06-04,-0.0006633530049666421
2013-06-05,-0.0028983025451095475
2013-06-06,0.001061121720981081
2013-06-07,0.0020753332429282625
2013-06-10,-0.00018088669580886276
2013-06-11,-0.0008664836554979149
2013-06-12,-0.0011092125050487962
2013-06-13,0.0019362240809452091
2013-06-14,-0.0010987330578228014
2013-06-17,0.002334004715550412
2013-06-18,0.00141409002432181
2013-06-19,-0.00153790728347984
2013-06-20,-0.004261877649016607
2013-06-21,0.0008377777770573045
2013-06-24,-0.0025103563516890525
2013-06-25,0.0019990487591696887
2013-06-26,0.001427416117577701
2013-06-27,0.0004888207508337177
2013-06-28,-0.0008759734521030597
2013-07-01,0.002293557744815226
2013-07-02,0.0002259812270246753
2013-07-03,0.0013830109370847638
2013-07-05,0.0018555713217680535
2013-07-08,-0.00045848113308725384
2013-07-09,0.00039668958858847894
2013-07-10,0.0003292792910728126
2013-07-11,0.0017396380271096773
2013-07-12,0.00010783072745971233
2013-07-15,0.00038893939762326156
2013-07-16,0.00012934172899059412
2013-07-17,0.00035425927421003207
2013-07-18,0.001307540025117387
2013-07-19,-0.0029034368012012196
2013-07-22,0.0010846124326693292
2013-07-23,-0.0009933725983930217
2013-07-24,0.0031159352182143184
2013-07-25,-0.00010575308739913837
2013-07-26,0.0004892448412624122
2013-07-29,-8.967183565561311e-05
2013-07-30,0.0005082156432059774
2013-07-31,-0.00028793674224245665
2013-08-01,0.002416146994021003
2013-08-02,0.0007912587317573096
2013-08-05,0.0002999258335574627
2013-08-06,-0.0009057684957178302
2013-08-07,-0.0009472270863389314
2013-08-08,0.0008832752955035829
2013-08-09,-0.0006378748871079192
2013-08-12,0.002036260013974718
2013-08-13,0.0009164398168446892
2013-08-14,-0.0010617180216861753
2013-08-15,-0.0028951188046484086
2013-08-16,-0.0009124744171360561
2013-08-19,-0.002132664386432743
2013-08-20,0.0015153290201618558
2013-08-21,-0.0019093482030316572
2013-08-22,0.003001100029729935
2013-08-23,0.0013070150541137722
2013-08-26,-0.0017879684044835138
2013-08-27,-0.007205806882055236
2013-08-28,0.001960244122577041
2013-08-29,0.0010203702660424347
2013-08-30,-0.0016377515106967063
2013-09-03,0.0028078450818046934
2013-09-04,0.00461028471330068
2013-09-05,0.0006983001036468835
2013-09-06,0.0001492609880542015
2013-09-09,0.003357956193453374
2013-09-10,0.0026948615378954034
2013-09-11,0.0008662221457105174
2013-09-12,0.00032151070305237375
2013-09-13,0.00039051270978022535
2013-09-16,-0.0006315747761412074
2013-09-17,0.0013710840316869806
2013-09-18,0.0036544745183473186
2013-09-19,0.00031541056987475905
2013-09-20,-0.0035461269685337525
2013-09-23,0.0013823402338981369
2013-09-24,-0.0012169468937081014
2013-09-25,-0.0017950772394998366
2013-09-26,0.003049272503409403
2013-09-27,-0.0036451816613109365
2013-09-30,-0.0031224584131037143
2013-10-01,0.007852796689671001
2013-10-02,-0.000488683371839755
2013-10-03,-0.005403571166489643
2013-10-04,0.004963028220455363
2013-10-07,-0.0021012017191980653
2013-10-08,-0.0064173608773454875
2013-10-09,0.001998892067542972
2013-10-10,0.011569038433750315
2013-10-11,0.0031371266494265313
2013-10-14,0.002678857040616719
2013-10-15,-0.0016953183715162445
2013-10-16,0.004480232060604837
2013-10-17,0.00010566198185597568
2013-10-18,0.00896472019363801
2013-10-21,4.15330392677868e-05
2013-10-22,0.00319664801051818
2013-10-23,-0.003136440050283842
2013-10-24,0.0019523988188040807
2013-10-25,0.003415915640030042
2013-10-28,0.0019242659098278948
2013-10-29,0.0026523488240135363
2013-10-30,-0.0004315397370573886
2013-10-31,-0.001369887206483592
2013-11-01,0.0017297132456442048
2013-11-04,0.002304445499477565
2013-11-05,-0.0016372240824540933
2013-11-06,0.0020706884562464506
2013-11-07,-0.004504758054782389
2013-11-08,0.010238162667771923
2013-11-11,-0.00033774862459851095
2013-11-12,0.0005442862167715807
2013-11-13,0.0037555691666230633
2013-11-14,0.0013962162223572665
2013-11-15,0.0007056555840920629
2013-11-18,-0.0014365746555115163
2013-11-19,-0.0013945655987960674
2013-11-20,-0.0009988123983730288
2013-11-21,0.003647083858267936
2013-11-22,0.0015194205230163566
2013-11-25,0.0
2013-11-26,0.0014542452198722789
2013-11-27,0.003649064824450183
2013-11-29,0.001264642715761735
2013-12-02,-0.0012366603162792718
2013-12-03,-0.0024417153360964494
2013-12-04,-5.7656945231224684e-05
2013-12-05,-0.001362466671651924
2013-12-06,0.0023135994765286585
2013-12-09,0.0005262270160706529
2013-12-10,-0.0009147149994289498
2013-12-11,-0.002541075060441377
2013-12-12,-0.0009111943095019795
2013-12-13,-3.088357064377006e-05
2013-12-16,0.002452074764176292
2013-12-17,-0.0010971169623206064
2013-12-18,0.006605942454181196
2013-12-19,0.0004154459753584114
2013-12-20,0.0019350640326214594
2013-12-23,0.001105988263192989
2013-12-24,0.00037690960849424927
2013-12-26,0.000874361015307559
2013-12-27,0.00017138685499089497
2013-12-30,-0.0003074888909272361
2013-12-31,0.0012406169302431607
2014-01-02,-0.0018905773827512333
2014-01-03,-7.088508539690584e-05
2014-01-06,-0.0032138895953177284
2014-01-07,0.0073947635617670855
2014-01-08,0.0017290720067206075
2014-01-09,-0.0025738043846994037
2014-01-10,0.0016199123942215402
2014-01-13,-0.00927415138774035
2014-01-14,0.016436631747302335
2014-01-15,0.004091327910019746
2014-01-16,-0.0010307726473218635
2014-01-17,-0.0032630359906277526
2014-01-21,0.002472195733319708
2014-01-22,0.0005170143341729019
2014-01-23,-0.006218727699083224
2014-01-24,-0.01842168011964258
2014-01-27,-0.004073308326027134
2014-01-28,0.00493082342160026
2014-01-29,-0.006417534306099073
2014-01-30,0.01054892304728088
2014-01-31,0.001954928434416402
2014-02-03,-0.01939978555141251
2014-02-04,0.006068471318593812
2014-02-05,-0.0011117526524014828
2014-02-06,0.011367346206283147
2014-02-07,0.010715213994887658
2014-02-10,0.0013416144320227078
2014-02-11,0.008306355929714567
2014-02-12,0.0004088667964834017
2014-02-13,0.003738076875893694
2014-02-14,0.0038078308923737694
2014-02-18,0.0007570898304918505
2014-02-19,-0.0045008834285211775
2014-02-20,0.004272039901056141
2014-02-21,-0.0008549803892660572
2014-02-24,0.004076359083784782
2014-02-25,-0.002100299297878564
2014-02-26,0.0006326037938817369
2014-02-27,0.006628825137869772
2014-02-28,0.0009186317299576408
2014-03-03,-0.005621396559933813
2014-03-04,0.010771254731924428
2014-03-05,0.0010540255203655353
2014-03-06,0.0009456161388077999
2014-03-07,-0.0021457893289046548
2014-03-10,0.0006088349412868531
2014-03-11,-0.0014409806588373793
2014-03-12,0.002596567361411482
2014-03-13,-0.009290605239054322
2014-03-14,-0.004657495124680743
2014-03-17,0.008534675636697533
2014-03-18,0.008741484231562137
2014-03-19,-0.003469907387126623
2014-03-20,0.0016413829576875556
2014-03-21,-0.006960943994144309
2014-03-24,-0.00483760593547784
2014-03-25,0.001926222991767969
2014-03-26,-0.007207622498967314
2014-03-27,-0.003673452411706164
2014-03-28,0.0013501687902860821
2014-03-31,0.004665099673031796
2014-04-01,0.009696513357196603
2014-04-02,0.001423151107202871
2014-04-03,-0.004284126659272097
2014-04-04,-0.01295962241583196
2014-04-07,-0.006218664816399146
2014-04-08,0.006371639249741393
2014-04-09,0.011827626126247335
2014-04-10,-0.02137068709131553
2014-04-11,-0.008422814702734838
2014-04-14,0.005681304518996313
2014-04-15,0.0022790755337371254
2014-04-16,0.009167604761666672
2014-04-17,0.00022730899173574738
2014-04-21,0.004260461840995106
2014-04-22,0.0045657184678340595
2014-04-23,-0.00506446340216631
2014-04-24,0.004831714819971523
2014-04-25,-0.007888974049492186
2014-04-28,0.006229463810733489
2014-04-29,0.005226703219233145
2014-04-30,0.0014565703372167468
2014-05-01,0.0016530458618280997
2014-05-02,-0.0009794925277034595
2014-05-05,0.0032650423831789097
2014-05-06,-0.007686061302071693
2014-05-07,-0.0019869202791711125
2014-05-08,-0.0005739289227484879
2014-05-09,0.0023806290029452525
2014-05-12,0.010715467730077336
2014-05-13,0.0004890625672838979
2014-05-14,-0.0030532152671802135
2014-05-15,-0.005420736611367685
2014-05-16,0.0023896064815348856
2014-05-19,0.002656901183863202
2014-05-20,-0.004130079661137645
2014-05-21,0.005745104289314003
2014-05-22,0.001510375995537796
2014-05-23,0.0021781228099928265
2014-05-27,0.003072367575503596
2014-05-28,-0.00024008651597198023
2014-05-29,0.003312906234293962
2014-05-30,0.0010345531196650454
2014-06-02,0.0005787601127073667
2014-06-03,-0.0008212245147634873
2014-06-04,0.000256191927571525
2014-06-05,0.0006817408975230268
2014-06-06,0.0006170610401572202
2014-06-09,0.0006217938366248735
2014-06-10,0.00010811661783604135
2014-06-11,-0.00043763509937891777
2014-06-12,-0.000533454872703465
2014-06-13,0.0009089100614144182
2014-06-16,0.0003224038697167531
2014-06-17,0.0005041572500688454
2014-06-18,0.002917620967766731
2014-06-19,-0.0006285170608692528
2014-06-20,-0.0007590363197366335
2014-06-23,0.0009961279124493078
2014-06-24,-0.0021673428259680683
2014-06-25,0.0023682911225005993
2014-06-26,-0.0005787410752086815
2014-06-27,0.003830623220954976
2014-06-30,7.916372631164525e-05
2014-07-01,0.004012619551256183
2014-07-02,0.0005247613629156091
2014-07-03,0.00279140838257438
2014-07-07,-0.0008027917351349407
2014-07-08,-0.0017746011975321916
2014-07-09,0.0028619379049709998
2014-07-10,-0.002591976123079119
2014-07-11,0.0009007727103729146
2014-07-14,0.0034745422662427554
2014-07-15,-0.0010972839403315168
2014-07-16,0.0022983742502548235
2014-07-17,-0.005876198696208636
2014-07-18,0.003737514709443417
2014-07-21,-0.0007177937324094226
2014-07-22,0.001676032755616837
2014-07-23,0.0008389606556980878
2014-07-24,1.5648974735984767e-05
2014-07-25,-0.0014513107520809938
2014-07-28,0.00025119048835569544
2014-07-29,-0.002518131622795207
2014-07-30,0.0001049981605516844
2014-07-31,-0.00896761417159883
2014-08-01,-0.001248301208883551
2014-08-04,0.0034877303117627372
2014-08-05,-0.0038106285063658762
2014-08-06,0.00011842418327998275
2014-08-07,-0.0025023016251369207
2014-08-08,0.007914772110641182
2014-08-11,0.0032182752593694496
2014-08-12,-0.0008641735169928988
2014-08-13,0.0049613975529478865
2014-08-14,0.003189961520808819
2014-08-15,-4.373931433736814e-05
2014-08-18,0.005412839097905248
2014-08-19,0.0031489339799884403
2014-08-20,0.0013765618298021529
2014-08-21,0.001707357469299337
2014-08-22,-0.0006959934793184793
2014-08-25,0.002799051670044816
2014-08-26,0.00031341423722769645
2014-08-27,-0.00031163854856002075
2014-08-28,-0.00017873903962913453
2014-08-29,0.0026301395081133505
2014-09-02,-0.00037256489322174725
2014-09-03,5.961627832893269e-05
2014-09-04,-0.00028597403389773025
2014-09-05,0.0008131702757044486
2014-09-08,1.7257688100514272e-05
2014-09-09,-0.0010890257909185487
2014-09-10,0.0008280341041175654
2014-09-11,1.6933993085459036e-05
2014-09-12,-0.0010046885678204104
2014-09-15,-0.0001295638605313477
2014-09-16,0.00150144288652021
2014-09-17,0.0002083138618008261
2014-09-18,0.001476951200862562
2014-09-19,-0.0001283283392499916
2014-09-22,-0.002241782528879234
2014-09-23,-0.0010330985569589602
2014-09-24,0.0032407532620195127
2014-09-25,-0.002775338224632103
2014-09-26,0.0033867731362255903
2014-09-29,-0.0011002711606824718
2014-09-30,-0.001552001295348027
2014-10-01,-0.008415730533537757
2014-10-02,8.530797786186806e-05
2014-10-03,0.006270583215461687
2014-10-06,-0.0006458469856918861
2014-10-07,-0.008423069192510678
2014-10-08,0.00965406616518258
2014-10-09,-0.011622195122505534
2014-10-10,-0.006300619231387916
2014-10-13,-0.0060821619453450895
2014-10-14,0.0006943071225136302
2014-10-15,-0.0037818698872318663
2014-10-16,-0.004037496303800984
2014-10-17,0.009095880632034687
2014-10-20,0.01082102281420033
2014-10-21,0.012706971740889403
2014-10-22,-0.0026378194049463477
2014-10-23,0.006070397632265684
2014-10-24,0.004823541266671311
2014-10-27,0.0005266760034969536
2014-10-28,0.008054096048934317
2014-10-29,-0.0007956074264860733
2014-10-30,0.003666072423079284
2014-10-31,0.008135253309150374
2014-11-03,0.001204793053913926
2014-11-04,-0.0015626083972419623
2014-11-05,0.0031598798265364725
2014-11-06,0.001435121542358591
2014-11-07,-0.00047121174393112463
2014-11-10,0.00205377179161915
2014-11-11,0.0014060386216424594
2014-11-12,0.0008498355058913874
2014-11-13,0.0004316488986940554
2014-11-14,0.00010125703584232856
2014-11-17,0.0004347268100594598
2014-11-18,0.0037627234167571374
2014-11-19,-0.0023439111355152325
2014-11-20,0.001996906160543942
2014-11-21,0.000798711447506917
2014-11-24,0.0033564671086653056
2014-11-25,0.00021416299549785825
2014-11-26,0.004907110842488966
2014-11-28,-0.0010697794435735666
2014-12-01,-0.003933929414228937
2014-12-02,0.0017839668443808624
2014-12-03,0.0008602563088280696
2014-12-04,0.0
2014-12-05,7.398740684050114e-05
2014-12-08,-0.0014088962391428236
2014-12-09,-0.0002235747972329945
2014-12-10,-0.0036428028399839007
2014-12-11,0.0018153337767129545
2014-12-12,-0.00599706813408878
2014-12-15,-0.0031000638362339225
2014-12-16,-0.003039449330385622
2014-12-17,0.009095190354281938
2014-12-18,0.013919470140783204
2014-12-19,0.0012132313204841498
2014-12-22,0.0006006463648294393
2014-12-23,-0.0012207100509393873
2014-12-24,0.0003967005831955067
2014-12-26,0.0020485567876227244
2014-12-29,-5.896232855487799e-05
2014-12-30,-0.002526137393881185
2014-12-31,-0.006642816354480164
2015-01-02,-0.0021395891563986582
2015-01-05,-0.011081018177970567
2015-01-06,-0.010229423098364075
2015-01-07,0.009333330674691113
2015-01-08,0.015913814530080766
2015-01-09,-0.004311711139037522
2015-01-12,-0.00754904706978384
2015-01-13,-0.0002140424558860889
2015-01-14,-0.003993419171180496
2015-01-15,-0.009394322401982529
2015-01-16,0.008500415203013123
2015-01-20,0.005801488224864838
2015-01-21,0.003715399662111733
2015-01-22,0.012397844751714964
2015-01-23,-8.262402956247045e-05
2015-01-26,0.0016953525828816895
2015-01-27,-0.021851443734502048
2015-01-28,-0.0014299754615010464
2015-01-29,0.007861928711762079
2015-01-30,-0.010247310718969255
2015-02-02,0.008508222932796095
2015-02-03,0.009486783869306615
2015-02-04,0.0014364951571782722
2015-02-05,0.00770218573019217
2015-02-06,-0.0020653926525330667
2015-02-09,-0.0018642772346990583
2015-02-10,0.00921116384066114
2015-02-11,0.00019452212079753997
2015-02-12,0.004644903248739632
2015-02-13,0.0022337853266144203
2015-02-17,0.0008682001215570425
2015-02-18,3.624370605875356e-05
2015-02-19,-0.00022148483151855256
2015-02-20,0.002138501417390243
2015-02-23,8.210814519612233e-05
2015-02-24,0.0014700781082461545
2015-02-25,-0.0004449300214951971
2015-02-26,0.004488943842791379
2015-02-27,-0.002278842047303399
2015-03-02,0.004510637399525574
2015-03-03,-0.0026128702298972026
2015-03-04,-0.002908679024568586
2015-03-05,0.0007920923251499494
2015-03-06,-0.009772296944333122
2015-03-09,0.0021149635623137083
2015-03-10,-0.005596555039606859
2015-03-11,-0.0015337042372011605
2015-03-12,0.010036750111745275
2015-03-13,-0.0035354454023276195
2015-03-16,0.008148918414101659
2015-03-17,0.00011520594601678755
2015-03-18,0.007954665721258712
2015-03-19,-0.0022361566817082953
2015-03-20,0.00467646647303093
2015-03-23,-5.2716329271950066e-05
2015-03-24,-0.001960918206229827
2015-03-25,-0.011666061720611909
2015-03-26,0.0005256198562695422
2015-03-27,0.0005507894584156343
2015-03-30,0.009120151550581098
2015-03-31,-0.006950095375411022
2015-04-01,-0.0011691526320599431
2015-04-02,0.0005430466389420221
2015-04-06,0.007000104613409338
2015-04-07,-0.0011692899489379367
2015-04-08,0.005748040091950561
2015-04-09,0.001844278879728974
2015-04-10,0.0024998014997702996
2015-04-13,-0.0017616632753311911
2015-04-14,-0.00161203208986112
2015-04-15,0.0057179836416630095
2015-04-16,-0.002124253544546013
2015-04-17,-0.008648463682554255
2015-04-20,0.0064887362263723125
2015-04-21,0.0013386509968946172
2015-04-22,0.0015518069473523725
2015-04-23,0.0010416054286651354
2015-04-24,0.0013598290328897952
2015-04-27,-0.002196898766421506
2015-04-28,0.002082118279489005
2015-04-29,-0.002127077811199413
2015-04-30,-0.002414930384398316
2015-05-01,0.004735862328798385
2015-05-04,0.000944533287434394
2015-05-05,-0.003927232090749664
2015-05-06,-0.0011845715761752062
2015-05-07,0.0006388095030180101
2015-05-08,0.0019114618419766392
2015-05-11,-0.0008460329180575314
2015-05-12,-0.00026959010282255245
2015-05-13,0.00042254303865730977
2015-05-14,0.006433084935770389
2015-05-15,0.0
2015-05-18,0.0022646774978000244
2015-05-19,-0.00033805458175996487
2015-05-20,0.00023842048381376678
2015-05-21,0.001793589491627849
2015-05-22,-0.0002845383778344395
2015-05-26,-0.007042527915999506
2015-05-27,0.007204817701041608
2015-05-28,-0.0007839205028492023
2015-05-29,-0.003640753721121866
2015-06-01,0.0010529289760430765
2015-06-02,-0.00028259605714317466
2015-06-03,0.0016454692567643597
2015-06-04,-0.0030575957428322707
2015-06-05,-0.0011222433144485963
2015-06-08,-0.0030832402435586517
2015-06-09,-6.4497666621743e-05
2015-06-10,0.0038688935573262515
2015-06-11,0.00025300979247117733
2015-06-12,-0.0016996498515371998
2015-06-15,-0.00130205629818473
2015-06-16,0.0017446676487007924
2015-06-17,0.0004537148569064007
2015-06-18,0.0018119481635674427
2015-06-19,-0.0014314189180672215
2015-06-22,0.0018765450017797886
2015-06-23,-9.200882746466504e-05
2015-06-24,-0.0006430222534527336
2015-06-25,-0.0002214682754097992
2015-06-26,-0.001633999140198269
2015-06-29,-0.004234928197848018
2015-06-30,0.00026686979123741856
2015-07-01,0.0018667454083297521
2015-07-02,0.0003469202932393785
2015-07-06,-0.002105583524663032
2015-07-07,0.00046926860378068984
2015-07-08,-0.005635421918453884
2015-07-09,-0.000941570435310419
2015-07-10,0.007696632406895618
2015-07-13,0.006810922667984999
2015-07-14,0.0020718855645616924
2015-07-15,3.273674680057057e-05
2015-07-16,0.006174710007164565
2015-07-17,0.008081628180707684
2015-07-20,0.0001618461057924348
2015-07-21,-0.0019369270418973473
2015-07-22,-0.0009799586219014472
2015-07-23,-0.0010185822849984392
2015-07-24,-0.006347621859280084
2015-07-27,-0.003499275706198328
2015-07-28,0.007627565242434497
2015-07-29,0.004181196753839864
2015-07-30,0.0010358268358778037
2015-07-31,-0.0020352287318889852
2015-08-03,-0.0035382680218865115
2015-08-04,-0.003941910192084008
2015-08-05,0.005706906824953744
2015-08-06,-0.005453808127288306
2015-08-07,-0.0012574561997522717
2015-08-10,0.008328032019526735
2015-08-11,-0.008029852363057055
2015-08-12,0.002497959600779205
2015-08-13,-0.0011792212600216466
2015-08-14,0.0009951115574770952
2015-08-17,0.005744622103178962
2015-08-18,-0.0029071479495227613
2015-08-19,-0.004006327522842797
2015-08-20,-0.010901298025646147
2015-08-21,-0.024081836007858917
2015-08-24,-0.017237510756121285
2015-08-25,-0.004460045233710732
2015-08-26,0.022589466393357314
2015-08-27,0.012682330224181948
2015-08-28,0.00010816520754977361
2015-08-31,-0.0058491892882734245
2015-09-01,-0.01955027521195247
2015-09-02,0.013029205816188482
2015-09-03,0.0005793176126691144
2015-09-04,-0.011541541518860388
2015-09-08,0.019074204344098313
2015-09-09,-0.008758332677402985
2015-09-10,0.004270149328951444
2015-09-11,0.0027531830890543227
2015-09-14,-0.002303966320463653
2015-09-15,0.007679299726674193
2015-09-16,0.003284567790468673
2015-09-17,-0.0012406825052689177
2015-09-18,-0.008505011510995022
2015-09-21,0.0038015728685555474
2015-09-22,-0.00760625266755596
2015-09-23,-0.0010754126952624702
2015-09-24,-0.0021188336995883908
2015-09-25,-0.00016100025027073237
2015-09-28,-0.01954709873783948
2015-09-29,-0.001970920965849286
2015-09-30,0.006195797155225837
2015-10-01,0.0011091628480914097
2015-10-02,0.004833187551155007
2015-10-05,0.0037954952966112168
2015-10-06,-0.0024503201831223183
2015-10-07,0.0033121173598561313
2015-10-08,0.002329750812222225
2015-10-09,0.0026524523379779287
2015-10-12,0.0013472807225429183
2015-10-13,-0.004012557448640251
2015-10-14,-0.0009950822681295257
2015-10-15,0.011892553421984182
2015-10-16,0.0025954000200281834
2015-10-19,0.003560994287777273
2015-10-20,-0.0007305503274638632
2015-10-21,-0.0030484676494541944
2015-10-22,0.014054146153996768
2015-10-23,0.018328555471967545
2015-10-26,-0.0015308271205915157
2015-10-27,-0.0012657527134584045
2015-10-28,0.007063475283382686
2015-10-29,-0.0003168436045966184
2015-10-30,-0.002379018580281319
2015-11-02,0.007347056134855183
2015-11-03,0.0031509909144368698
2015-11-04,0.000525265497783135
2015-11-05,-0.0005849248751317227
2015-11-06,-0.0003427564746894575
2015-11-09,-0.0030759949147499636
2015-11-10,0.0009126909565648261
2015-11-11,-8.462265130486047e-05
2015-11-12,-0.009618247622940283
2015-11-13,-0.008575013227091624
2015-11-16,0.012104485011597358
2015-11-17,0.00021889097268708
2015-11-18,0.00929740717016085
2015-11-19,0.0017230010912555418
2015-11-20,0.0016471182072715265
2015-11-23,-0.0005813048876611738
2015-11-24,0.00010436345216190612
2015-11-25,-0.002525892192869629
2015-11-27,0.0019276685122079401
2015-11-30,0.00086406393691357
2015-12-01,0.00717517840102915
2015-12-02,-0.006684384530389038
2015-12-03,-0.008612871780099722
2015-12-04,0.008074188996711468
2015-12-07,-0.0016720867060010696
2015-12-08,-0.0017855890837970866
2015-12-09,-0.0012624403399054197
2015-12-10,0.0007081208618692536
2015-12-11,-0.0031523611778049958
2015-12-14,0.0013945047559134967
2015-12-15,0.0012600544158561087
2015-12-16,0.0011435390326754663
2015-12-17,-0.002357166220393764
2015-12-18,-0.006547449101715718
2015-12-21,0.004447162118550982
2015-12-22,0.00351507509029846
2015-12-23,0.004916266042923858
2015-12-24,-0.00013321624595169
2015-12-28,-0.0004809556430974848
2015-12-29,0.007057722566409276
2015-12-30,-0.0035587287356208634
2015-12-31,-0.00783556807873848
2016-01-04,-0.008036564190872337
2016-01-05,-0.001256027325151853
2016-01-06,-0.007075459463411715
2016-01-07,-0.02233770632831989
2016-01-08,-0.006010317010093384
2016-01-11,0.004474924726778862
2016-01-12,0.008059023053987906
2016-01-13,-0.018117559977880927
2016-01-14,0.011656817420575775
2016-01-15,-0.01109801218397709
2016-01-19,0.0010984577542554946
2016-01-20,-0.0012700834508299474
2016-01-21,0.001704618071102293
2016-01-22,0.005646302985134821
2016-01-25,-0.0050715475986612135
2016-01-26,0.004563474383040819
2016-01-27,-0.0067179956764612005
2016-01-28,0.007793242710666931
2016-01-29,0.010901722679274705
2016-02-01,0.001394502164509972
2016-02-02,-0.013441792615511958
2016-02-03,-0.003412338509424844
2016-02-04,-2.4438889762232316e-08
2016-02-05,-0.019169252526852327
2016-02-08,-0.006457400457049668
2016-02-09,-0.0009277047448513608
2016-02-10,0.001319905294734034
2016-02-11,-0.00041279729371427297
2016-02-12,0.0051093626181695825
2016-02-16,0.007778551934340849
2016-02-17,0.009376218073869689
2016-02-18,-0.005795645491142025
2016-02-19,0.0017348425860417814
2016-02-22,0.010082208494157212
2016-02-23,-0.008063255971304636
2016-02-24,0.007300352341428761
2016-02-25,0.007070304658313365
2016-02-26,-0.0008223090139036333
2016-02-29,-0.006449494997876268
2016-03-01,0.026576767319879357
2016-03-02,0.00015187749532856503
2016-03-03,-0.0009450337571417776
2016-03-04,0.00022177729654117425
2016-03-07,-0.0036045602350624423
2016-03-08,-0.006058488014204381
2016-03-09,0.0049357689523040526
2016-03-10,-0.0011585379566382598
2016-03-11,0.012598919909553273
2016-03-14,0.001223707148714157
2016-03-15,-0.00025885734034457054
2016-03-16,0.005311562241956029
2016-03-17,-0.00041734254385200587
2016-03-18,0.0010263809180424749
2016-03-21,0.002767055558763401
2016-03-22,0.0017940193143722188
2016-03-23,-0.005467138427217473
2016-03-24,0.00026700359360268115
2016-03-28,-0.0011090220910069672
2016-03-29,0.012734097955894478
2016-03-30,0.0036964999267057206
2016-03-31,-0.001009561994252673
2016-04-01,0.005401606739992063
2016-04-04,-0.0017874199585499987
2016-04-05,-0.004353756710518748
2016-04-06,0.004892551988727455
2016-04-07,-0.005081981102471137
2016-04-08,0.0010736098900006718
2016-04-11,-0.0015190381487809978
2016-04-12,0.005202025766724167
2016-04-13,0.0078030015433497016
2016-04-14,-0.00013921380109454976
2016-04-15,-0.0027031277862184784
2016-04-18,0.003723533796749056
2016-04-19,-0.0036772824039377327
2016-04-20,0.0017521586974295893
2016-04-21,-0.0029047223280100347
2016-04-22,-0.014983748693016125
2016-04-25,0.0001533526107663279
2016-04-26,-0.003964075640421422
2016-04-27,-0.003829853540798715
2016-04-28,-0.011254546727839786
2016-04-29,-0.007786506828386002
2016-05-02,0.006835382986355367
2016-05-03,-0.007571251490644735
2016-05-04,-0.0024964877372859575
2016-05-05,0.0003618698079366235
2016-05-06,0.005662506782218382
2016-05-09,0.002252967685871915
2016-05-10,0.008982566737095837
2016-05-11,-0.004895186018002364
2016-05-12,-0.0021433879931650962
2016-05-13,-0.002734101502815609
2016-05-16,0.010609181022893674
2016-05-17,-0.00821656046062133
2016-05-18,0.00278722523630504
2016-05-19,-0.002568991675738757
2016-05-20,0.0037924323239322704
2016-05-23,-0.0007629577050707256
2016-05-24,0.008339041328814308
2016-05-25,0.003842239085051383
2016-05-26,0.00016811160334191758
2016-05-27,0.0026098073645845097
2016-05-31,-0.0009188577890139724
2016-06-01,0.0011313296964883825
2016-06-02,0.0014679146019735039
2016-06-03,-0.001153058370819169
2016-06-06,0.0034084345024374134
2016-06-07,0.002678140606887754
2016-06-08,0.0011293358310522693
2016-06-09,-0.0012609619919399676
2016-06-10,-0.008212912273792568
2016-06-13,-0.00604788785188658
2016-06-14,0.0
2016-06-15,-0.001087527434411891
2016-06-16,0.0015479404161802466
2016-06-17,-0.004578206345350531
2016-06-20,0.005034514491752922
2016-06-21,0.0026271341642016516
2016-06-22,-0.0018357789538046986
2016-06-23,0.01131368905694972
2016-06-24,-0.02566046198810784
2016-06-27,-0.010261465457773091
2016-06-28,0.011329207648678419
2016-06-29,0.012822051297641211
2016-06-30,0.008376671188171992
2016-07-01,0.003440030028667685
2016-07-05,-0.004313613867498158
2016-07-06,0.003739625321013971
2016-07-07,0.00010584910156111203
2016-07-08,0.009635659828270818
2016-07-11,0.003934864437924025
2016-07-12,0.005160905523163322
2016-07-13,0.00022141154323408787
2016-07-14,0.004095026736663911
2016-07-15,-0.001032595918079836
2016-07-18,0.004335239020859145
2016-07-19,-0.0021792879331797516
2016-07-20,0.008061189058876744
2016-07-21,-0.0022134291082136145
2016-07-22,0.002475951907302037
2016-07-25,-0.0015100765084338828
2016-07-26,0.00025489798376264456
2016-07-27,-0.0005758624012022222
2016-07-28,0.0007285119664122969
2016-07-29,0.0011821261867318938
2016-08-01,-0.0006184718463068008
2016-08-02,-0.0041213517512168705
2016-08-03,0.0018389094940144057
2016-08-04,0.0006605542242415663
2016-08-05,0.0056437143127184815
2016-08-08,-0.0003903710951614398
2016-08-09,0.00041147585334487964
2016-08-10,-0.0017920028023954025
2016-08-11,0.0035222210688958836
2016-08-12,-0.0006594619513368182
2016-08-15,0.001989992434976597
2016-08-16,-0.0024912326616712633
2016-08-17,0.0008425638040578035
2016-08-18,0.0012660630687533795
2016-08-19,-0.000947580197576288
2016-08-22,-2.1987649603727304e-05
2016-08-23,0.0011113851020651
2016-08-24,-0.00272519932734061
2016-08-25,-0.0004943451799601908
2016-08-26,-0.0011036618134991597
2016-08-29,0.003790595038208817
2016-08-30,-0.001307381253161589
2016-08-31,-0.0008874586601068196
2016-09-01,2.847198724235559e-05
2016-09-02,0.00184436496907234
2016-09-06,0.0015626261185893435
2016-09-07,-0.00014393617351164494
2016-09-08,-0.00102278148464741
2016-09-09,-0.013935348741051684
2016-09-12,0.004663146212494429
2016-09-13,-0.0032981671150198295
2016-09-14,-7.771679184676315e-05
2016-09-15,0.0024083551616870835
2016-09-16,-0.000664865160202417
2016-09-19,2.5862486941849097e-05
2016-09-20,8.06429128970305e-06
2016-09-21,0.0019341871827481818
2016-09-22,0.0021044248892044416
2016-09-23,-0.0039670170517370285
2016-09-26,-0.00586583161867399
2016-09-27,0.004659040518897516
2016-09-28,0.004109836946872838
2016-09-29,-0.007798873167833794
2016-09-30,0.0032522928841733304
2016-10-03,-0.0011234294943441405
2016-10-04,-0.0016154530724644552
2016-10-05,0.0015267464935132815
2016-10-06,0.00019197001058976192
2016-10-07,-0.0009464532146072911
2016-10-10,0.00125519738242051
2016-10-11,-0.002353451374614489
2016-10-12,0.0004068633736255394
2016-10-13,-0.0008515478932252994
2016-10-14,0.0001244660227890112
2016-10-17,-0.001076365425921672
2016-10-18,0.002373507880668312
2016-10-19,0.0015702718154524977
2016-10-20,-0.0013560750443651261
2016-10-21,0.00033858359939430155
2016-10-24,0.00307925943343605
2016-10-25,-0.002426065950618645
2016-10-26,-0.0013931659035557283
2016-10-27,-0.001991223528543587
2016-10-28,-0.0009841458135215987
2016-10-31,0.00015361495207799825
2016-11-01,-0.0028818000238361855
2016-11-02,-0.0027939576653172237
2016-11-03,-0.002171247147335818
2016-11-04,-0.00032783340887480774
2016-11-07,0.011297821655637863
2016-11-08,0.002611485954054878
2016-11-09,0.0011276824063733207
2016-11-10,-0.004430180873941481
2016-11-11,0.0006294902957028169
2016-11-14,-0.004407686146958339
2016-11-15,0.004529476574581166
2016-11-16,0.0028561546302349403
2016-11-17,0.0021254266604068778
2016-11-18,-0.00041242571999994184
2016-11-21,0.0030727315193766675
2016-11-22,0.0008381928585606457
2016-11-23,-0.0012513931051397762
2016-11-25,0.0011456633817936899
2016-11-28,-0.0008554875956301996
2016-11-29,0.001193449140189232
2016-11-30,-0.004176940022755802
2016-12-01,-0.006883161554140312
2016-12-02,0.0012488202043839226
2016-12-05,0.004318003417949529
2016-12-06,0.0010460195831368166
2016-12-07,0.003925490740913427
2016-12-08,0.0006121573954654118
2016-12-09,0.002706048637806775
2016-12-12,-0.001405848915134778
2016-12-13,0.002783904563705707
2016-12-14,-0.0003569915114236608
2016-12-15,0.0002718516733091567
2016-12-16,-0.0008190033535550142
2016-12-19,0.0008861169199868473
2016-12-20,0.0006192451493506617
2016-12-21,-1.3678944317975283e-05
2016-12-22,-0.0008471828873415396
2016-12-23,0.0002983705022683698
2016-12-27,0.002431744175310609
2016-12-28,-0.0009416200857254944
2016-12-29,9.718908684314407e-05
2016-12-30,-0.0013255115715348116
2017-01-03,0.003960314592627372
2017-01-04,0.003936959075150994
2017-01-05,0.004035622068031747
2017-01-06,0.005375282333344271
2017-01-09,-0.00012580243428590406
2017-01-10,-7.561237614075593e-05
2017-01-11,0.002106758223586783
2017-01-12,-0.0019051694766511456
2017-01-13,0.001820419489263416
2017-01-17,-0.002550931177687159
2017-01-18,0.001624250992400665
2017-01-19,-0.002556079062059479
2017-01-20,0.0016495153067170659
2017-01-23,-0.0012056546722519872
2017-01-24,0.004866572716992683
2017-01-25,0.006327069577613985
2017-01-26,-0.000304610985417063
2017-01-27,-0.0011408195069891405
2017-01-30,-0.0032271788104927352
2017-01-31,-0.00011007205080926883
2017-02-01,0.0003267630486987756
2017-02-02,0.000522915911818843
2017-02-03,0.00493005764585614
2017-02-06,-0.001097888683080687
2017-02-07,3.151454301608183e-05
2017-02-08,0.0009488217048321219
2017-02-09,0.004704690375811362
2017-02-10,0.0026548913654567854
2017-02-13,0.0037554183899325667
2017-02-14,0.002235764056085727
2017-02-15,0.0018352027886987371
2017-02-16,0.0014362823316194865
2017-02-17,0.0009681973756664973
2017-02-21,0.003399007295562599
2017-02-22,-0.00042895433015769486
2017-02-23,0.0003271578129758473
2017-02-24,0.0009940480658969053
2017-02-27,0.0006779990206422517
2017-02-28,-0.001615888908110071
2017-03-01,0.007611900016051351
2017-03-02,-0.0013858555168872046
2017-03-03,0.0007862303455021707
2017-03-06,-0.00025895812648317273
2017-03-07,-0.0014039247324530964
2017-03-08,-0.0003843066018390606
2017-03-09,0.00021812396486388443
2017-03-10,0.0005570270713288864
2017-03-13,-0.00011873571050277026
2017-03-14,-0.0006581910573477987
2017-03-15,0.0013826723432799797
2017-03-16,-0.00038410475636595654
2017-03-17,-0.0006656741735642144
2017-03-20,-0.0008248363653574416
2017-03-21,-0.008334024121793506
2017-03-22,0.0016235516474862055
2017-03-23,-0.0008041342734208296
2017-03-24,-0.0004985917563956791
2017-03-27,-0.000778977079881007
2017-03-28,0.005522968232387898
2017-03-29,0.0006450639986405639
2017-03-30,0.0023054675957782105
2017-03-31,-0.0017456651086634682
2017-04-03,-0.0012349924662260867
2017-04-04,0.0005276241659361112
2017-04-05,-0.00205104876134134
2017-04-06,0.002229183593865937
2017-04-07,-0.0008082911724590401
2017-04-10,0.00045179067421004135
2017-04-11,-0.0029494135238518453
2017-04-12,-0.0029711805627678682
2017-04-13,-0.00268801852574781
2017-04-17,0.006635790014762188
2017-04-18,-0.0024302601872602187
2017-04-19,-0.0016491031782660775
2017-04-20,0.007300788228395314
2017-04-21,-0.002638693284936479
2017-04-24,0.009450126109149559
2017-04-25,0.004614140733214642
2017-04-26,-0.0003949706430046241
2017-04-27,0.0005841397976255975
2017-04-28,-0.0014573320847948495
2017-05-01,0.001984785227914063
2017-05-02,0.00025391939420077095
2017-05-03,-0.0009630124285688571
2017-05-04,0.0009760776474300044
2017-05-05,0.0026488017707373586
2017-05-08,-6.037988934176522e-05
2017-05-09,-0.0006968326783590153
2017-05-10,0.0014161875976238841
2017-05-11,-0.0016199950467414921
2017-05-12,-0.0012703325354037655
2017-05-15,0.004611095328575449
2017-05-16,-0.000725875352356279
2017-05-17,-0.014654604181525187
2017-05-18,0.003472361350769534
2017-05-19,0.004185025206395122
2017-05-22,0.0027303444500822584
2017-05-23,0.001754871319803532
2017-05-24,0.0017179774804732613
2017-05-25,0.003520879528684317
2017-05-26,-8.918277218925017e-05
2017-05-30,-0.0007797897455352453
2017-05-31,-0.00017990048882643206
2017-06-01,0.006383276614638321
2017-06-02,0.005615400013421664
2017-06-05,-0.00043973056002645473
2017-06-06,-0.00216958791441352
2017-06-07,0.001363182727683797
2017-06-08,0.0001489491661015507
2017-06-09,-0.0008597053599242379
2017-06-12,-0.002701127787256276
2017-06-13,0.0028580061567969983
2017-06-14,-0.0025942189362986746
2017-06-15,-0.0026246613466050354
2017-06-16,-0.0009223486985407341
2017-06-19,0.009707872583022244
2017-06-20,-0.004975979845088071
2017-06-21,0.0035441722980881158
2017-06-22,0.00032407278626225795
2017-06-23,0.004468811325797268
2017-06-26,-0.004271117974819803
2017-06-27,-0.01189436804046754
2017-06-28,0.010024669390742582
2017-06-29,-0.014264015463670707
2017-06-30,-0.0006008032020744184
2017-07-03,-0.005484417211430866
2017-07-05,0.00573287265373664
2017-07-06,-0.00653580951712048
2017-07-07,0.00918691600907147
2017-07-10,0.0049524478903142655
2017-07-11,0.002134541109484841
2017-07-12,0.0053803028247270375
2017-07-13,0.0016697986700836768
2017-07-14,0.004028521473259312
2017-07-17,0.00017372141367800879
2017-07-18,0.003454063518477624
2017-07-19,0.003920043840408932
2017-07-20,0.000909083799183183
2017-07-21,-0.00025843094514244047
2017-07-24,-0.00017605508944999303
2017-07-25,0.0015923569853902775
2017-07-26,0.0017122248736236604
2017-07-27,-0.0024209454680218854
2017-07-28,-0.0004940655274233188
2017-07-31,-0.0030704207773857633
2017-08-01,0.001599907150002207
2017-08-02,0.0021993674775425925
2017-08-03,-0.0025481653864733974
2017-08-04,0.0013128485863101963
2017-08-07,0.003274925784563189
2017-08-08,-0.0009546210470417637
2017-08-09,-1.5296167726056287e-05
2017-08-10,-0.007397201668426814
2017-08-11,0.0005663833345951907
2017-08-14,0.003276465816319709
2017-08-15,0.00011353292750001971
2017-08-16,0.00045824696184006434
2017-08-17,-0.007417059740004736
2017-08-18,-0.0009611283004266853
2017-08-21,0.0005692933873928503
2017-08-22,0.006576585343685602
2017-08-23,-0.0011114773807540737
2017-08-24,-0.0009649093300856405
2017-08-25,0.0015442027098624756
2017-08-28,0.002004667640584817
2017-08-29,0.0009079914602585167
2017-08-30,0.003268897766671684
2017-08-31,0.004416135990855934
2017-09-01,0.0011348530790686014
2017-09-05,-0.0050912622922677534
2017-09-06,0.0031074709648564315
2017-09-07,-0.00010470561063445763
2017-09-08,-0.0010103655619752641
2017-09-11,0.009750152384699173
2017-09-12,0.001722795401246343
2017-09-13,0.0008494739490976816
2017-09-14,-0.0017529378432353747
2017-09-15,0.0017759575590415946
2017-09-18,-0.0006331361544052329
2017-09-19,0.0010994919498797605
2017-09-20,-0.0015958058744104185
2017-09-21,-0.002957212806126909
2017-09-22,-0.0005009391659508025
2017-09-25,-0.005087311651373988
2017-09-26,0.0016091476133842718
2017-09-27,0.0055955118869648384
2017-09-28,-0.00026270939583178604
2017-09-29,0.0027709504139888466
2017-10-02,0.0003369443632127398
2017-10-03,0.0005877156403788396
2017-10-04,0.00010643362454107927
2017-10-05,0.0028611745472121816
2017-10-06,0.0001606860241835141
2017-10-09,-0.00035688861317682266
2017-10-10,0.00025737895411019634
2017-10-11,0.0009240769772611991
2017-10-12,-0.00018635517569961623
2017-10-13,0.0014619175508619716
2017-10-16,0.0015473660330327609
2017-10-17,0.0005837471769977318
2017-10-18,-0.0003332760595647194
2017-10-19,-0.0007647834193550909
2017-10-20,0.000816081627306148
2017-10-23,-0.0028285412587168456
2017-10-24,0.0009994976914682826
2017-10-25,-0.0016952565874115153
2017-10-26,-0.0009883030470108553
2017-10-27,0.008038050543303385
2017-10-30,-0.0013054731842017362
2017-10-31,0.0006336580630962446
2017-11-01,0.0005276890628489209
2017-11-02,-9.496847093848414e-06
2017-11-03,0.001265396977259349
2017-11-06,0.000722587573400372
2017-11-07,-0.00023986084198447663
2017-11-08,0.0006446316612191541
2017-11-09,-0.0016302237348872798
2017-11-10,9.157261035453527e-05
2017-11-13,0.00022412446614534118
2017-11-14,-0.0006410037592975703
2017-11-15,-0.0012063289384542518
2017-11-16,0.0036476612513629135
2017-11-17,-0.001061904002175454
2017-11-20,0.0012452103777841437
2017-11-21,0.005234044520187914
2017-11-22,-0.0006717050790826557
2017-11-24,0.0017864637270551358
2017-11-27,-0.0003789245676634149
2017-11-28,0.007805299886558005
2017-11-29,-0.011530300646801056
2017-11-30,0.004274494435698909
2017-12-01,-0.0022801348098790207
2017-12-04,-0.008816112500686098
2017-12-05,0.00021825754458902635
2017-12-06,0.003704545043709256
2017-12-07,0.0043115779649239815
2017-12-08,0.003942607231599225
2017-12-11,0.005329048826449134
2017-12-12,-9.417001258965213e-05
2017-12-13,2.1332044211089588e-05
2017-12-14,-0.00021766262871285823
2017-12-15,0.0040064143755646426
2017-12-18,0.0034142090260550362
2017-12-19,-0.0014640082950246713
2017-12-20,-6.399719485395497e-05
2017-12-21,-0.0004158718407856223
2017-12-22,4.575268146432112e-05
2017-12-26,-0.001688415047702039
2017-12-27,0.0004593984077014446
2017-12-28,0.0005912674077956634
2017-12-29,-0.0019673836061972184
2018-01-02,0.006710330395133882
2018-01-03,0.0024605804758465774
2018-01-04,0.0014743593923310227
2018-01-05,0.0029025907373149253
2018-01-08,0.0009915526574734825
2018-01-09,-0.0007050023935418636
2018-01-10,-0.0009563129960577228
2018-01-11,0.0010475498941584648
2018-01-12,0.0020466617738628366
2018-01-16,-0.001232657965014274
2018-01-17,0.004305801722763835
2018-01-18,0.00036774996907073013
2018-01-19,0.00048478239159855947
2018-01-22,0.0024284140670157183
2018-01-23,0.0009070789318063428
2018-01-24,-0.0015088008957317672
2018-01-25,-0.0003640346591756838
2018-01-26,0.0029084907017540677
2018-01-29,-0.0017472451803650067
2018-01-30,-0.001785368283553216
2018-01-31,0.002151215873325641
2018-02-01,-0.0004202801489508022
2018-02-02,-0.005425839849543666
2018-02-05,-0.010162021910770381
2018-02-06,0.01159056067859906
2018-02-07,-0.001988235300737213
2018-02-08,-0.016864193416372388
2018-02-09,0.00736848603099213
2018-02-12,0.006079317919199934
2018-02-13,0.0009428248252928421
2018-02-14,0.005115010176387441
2018-02-15,0.004904142892755288
2018-02-16,0.00017262846126542725
2018-02-20,-0.0021600534302326766
2018-02-21,-0.0019530151138780513
2018-02-22,0.0008046110949127725
2018-02-23,0.011600494165714395
2018-02-26,0.007944796226486233
2018-02-27,-0.008548206604148534
2018-02-28,-0.007304055403584119
2018-03-01,-0.012022843819629161
2018-03-02,0.00463534477008283
2018-03-05,0.009570022274189719
2018-03-06,0.0017490863219327033
2018-03-07,-0.00029054416762578554
2018-03-08,0.003988077211881442
2018-03-09,0.013260998426851267
2018-03-12,-0.00083202438398418
2018-03-13,-0.004459403130492924
2018-03-14,-0.003714945837155137
2018-03-15,-0.000921369311627409
2018-03-16,0.0009953655127722743
2018-03-19,-0.012136799097561796
2018-03-20,0.0015142380272368527
2018-03-21,-0.0014768172159214555
2018-03-22,-0.022237508403893696
2018-03-23,-0.017608259333396267
2018-03-26,0.021672981867432863
2018-03-27,-0.011670201387599069
2018-03-28,-0.004086394450549113
2018-03-29,0.015184402428428027
2018-04-02,-0.024877756686242893
2018-04-03,0.008515065259858156
2018-04-04,0.007729808147495538
2018-04-05,0.00242231542927844
2018-04-06,-0.011210426355442752
2018-04-09,0.004402847491328342
2018-04-10,0.015943463820403448
2018-04-11,-0.00411621833075489
2018-04-12,0.009139286010379877
2018-04-13,-0.001786456636493977
2018-04-16,0.0027728912523276752
2018-04-17,0.008158036192686237
2018-04-18,0.000329798091275332
2018-04-19,-0.003955928098765301
2018-04-20,-0.00907308880906971
2018-04-23,-0.00237415367574162
2018-04-24,-0.006539082936188853
2018-04-25,0.00012339971344581081
2018-04-26,0.005717919547830947
2018-04-27,-0.0003554306660740719
2018-04-30,-0.0018800457560700326
2018-05-01,0.003936305021315267
2018-05-02,-0.00200719032539787
2018-05-03,-0.0009122127081181868
2018-05-04,0.0076769785399464574
2018-05-07,0.0016341347959492754
2018-05-08,3.7861616455171505e-05
2018-05-09,0.003334663816454966
2018-05-10,0.003225960522994338
2018-05-11,0.0013669016040707797
2018-05-14,0.00023025498550763353
2018-05-15,-0.0037037822103510847
2018-05-16,0.0016765098591970447
2018-05-17,-0.0009270040967015638
2018-05-18,-0.0015268949561284585
2018-05-21,0.0021275103994016593
2018-05-22,-0.00045075548674074716
2018-05-23,0.0021180225286750523
2018-05-24,4.146257626011908e-05
2018-05-25,-0.0017794855153901688
2018-05-29,-0.009914098818115847
2018-05-30,0.01241648743380767
2018-05-31,-0.005472604936720899
2018-06-01,0.008140263246984053
2018-06-04,0.003790785718685724
2018-06-05,0.0005768202251525028
2018-06-06,0.0066075309964152935
2018-06-07,-4.089360662925477e-05
2018-06-08,0.002200777393711283
2018-06-11,0.0008380553729779318
2018-06-12,0.003530986892529609
2018-06-13,-0.002445080610165031
2018-06-14,0.005000030919124239
2018-06-15,-0.0009237475631798734
2018-06-18,0.0007343675585725711
2018-06-19,-0.0027144934568570206
2018-06-20,0.0012049939502677774
2018-06-21,-0.004068395514064511
2018-06-22,0.0012319425527049868
2018-06-25,-0.013524299020677312
2018-06-26,0.0026076534804321335
2018-06-27,-0.00934891001450523
2018-06-28,0.00844154319839448
2018-06-29,0.0010183483623615814
2018-07-02,0.005796690161285005
2018-07-03,-0.002365284308967542
2018-07-05,0.009749419826472075
2018-07-06,0.007332419567646962
2018-07-09,0.004719150881803856
2018-07-10,0.0015927876450502264
2018-07-11,-0.0021537959351455656
2018-07-12,0.009262758429471
2018-07-13,0.0004831019271778207
2018-07-16,-0.000567532139951373
2018-07-17,0.0017982742535721866
2018-07-18,-0.00019293980162142374
2018-07-19,-0.0003983660535996084
2018-07-20,5.854966686141944e-06
2018-07-23,0.0012546229172576404
2018-07-24,0.001710633594064418
2018-07-25,0.0042575230539234465
2018-07-26,-0.0046215785104738024
2018-07-27,-0.005459277451045493
2018-07-30,-0.0033134686109466682
2018-07-31,0.0006426761004574323
2018-08-01,0.001597454836425288
2018-08-02,0.001830179737850234
2018-08-03,0.0002475817956636932
2018-08-06,0.0008341296082705144
2018-08-07,0.000749889448414504
2018-08-08,0.0001819937928043682
2018-08-09,0.0001305498295044845
2018-08-10,-0.00034988945448050925
2018-08-13,-9.4807349163573e-05
2018-08-14,0.0006920104965153083
2018-08-15,-0.0005728909787068612
2018-08-16,0.0007933911800496982
2018-08-17,0.0001482989596501358
2018-08-20,-0.0003984976556028278
2018-08-21,0.002076404109573805
2018-08-22,0.0022744696887739358
2018-08-23,-0.0006460971064363503
2018-08-24,0.005129299206666837
2018-08-27,0.004979716037719106
2018-08-28,0.0006561854196866996
2018-08-29,0.0055162174283593015
2018-08-30,-0.0015729549798284982
2018-08-31,-3.926293517766876e-05
2018-09-04,-0.0007865623646708771
2018-09-05,-0.00037566316827338317
2018-09-06,-0.0002973186176262856
2018-09-07,-0.00034291373323597305
2018-09-10,0.0005793176671798474
2018-09-11,0.0022056268745147766
2018-09-12,-0.0005071833638935873
2018-09-13,0.0018369743047884093
2018-09-14,-0.00030989119949655054
2018-09-17,-0.002296232503518915
2018-09-18,0.0017122009353522781
2018-09-19,-0.00010566004431466542
2018-09-20,0.0017142995785293246
2018-09-21,-0.0003772673152300797
2018-09-24,0.00047752419395806695
2018-09-25,0.0001399982149461356
2018-09-26,0.00012143114418242847
2018-09-27,0.0013940882973826178
2018-09-28,0.0006417170310585852
2018-10-01,0.0006522660206608216
2018-10-02,-1.0124117839065098e-05
2018-10-03,0.0001851956266527365
2018-10-04,-0.0024607412739769364
2018-10-05,-0.0015927474224195289
2018-10-08,-0.0008426208394311625
2018-10-09,0.0005835023339143808
2018-10-10,-0.005880723678882245
2018-10-11,-0.0044726189178327744
2018-10-12,0.005263566228990183
2018-10-15,-0.0010761768040856812
2018-10-16,0.008355132406260233
2018-10-17,2.4615140018758358e-05
2018-10-18,-0.0009964560995630763
2018-10-19,1.911821312371872e-05
2018-10-22,-0.0007557400326752895
2018-10-23,-0.0019292333260620058
2018-10-24,-0.008283425716012704
2018-10-25,0.006867304451811469
2018-10-26,-0.007217119565921653
2018-10-29,-0.0020997538200735752
2018-10-30,0.006638763627370775
2018-10-31,0.002297276794045054
2018-11-01,0.0034500758274486104
2018-11-02,-0.001634718341114693
2018-11-05,0.0001092859940789094
2018-11-06,0.0
2018-11-07,0.0031243787973640634
2018-11-08,-5.498838678133356e-05
2018-11-09,-0.0038952734029667935
2018-11-12,-0.011536078358402743
2018-11-13,0.00022025884429082614
2018-11-14,-0.0009301736728144686
2018-11-15,0.0037401681600488803
2018-11-16,0.00010971369021332411
2018-11-19,-0.0012102188987379472
2018-11-20,-0.001647046224771952
2018-11-21,0.0011986842871282509
2018-11-23,-0.001569162717347849
2018-11-26,0.003982353505517811
2018-11-27,0.00013690331362664618
2018-11-28,0.0012963030930585899
2018-11-29,0.00010902872268202074
2018-11-30,0.00042912668214725096
2018-12-03,0.0007190010143288844
2018-12-04,-0.0011820356241800734
2018-12-06,-2.0814299470880624e-05
2018-12-07,-0.0031123246473212015
2018-12-10,0.0003558703286108313
2018-12-11,-5.131555874686637e-05
2018-12-12,0.00121578163848138
2018-12-13,4.7555372005599456e-05
2018-12-14,-0.002454133373955449
2018-12-17,-0.0032842063489477227
2018-12-18,-0.0002269335551656741
2018-12-19,-0.0042122267722596455
2018-12-20,-0.004334391778413535
2018-12-21,-0.006200727361734919
2018-12-24,-0.008115521357109301
2018-12-26,0.019080940153437857
2018-12-27,0.0018491809142537965
2018-12-28,-0.00013090264941016943
2018-12-31,0.003983970949452369
2019-01-02,0.0006047071896568273
2019-01-03,-0.01718610954659935
2019-01-04,0.03211774099944392
2019-01-07,0.005857783130981097
2019-01-08,0.0057822861758973845
2019-01-09,0.008039248435873251
2019-01-10,0.0032286353859873793
2019-01-11,-0.0012329190502300973
2019-01-14,-0.006440907869843586
2019-01-15,0.010986654934552949
2019-01-16,0.0005952208574396038
2019-01-17,0.004701376811062696
2019-01-18,0.01102263429448325
2019-01-22,-0.01041158847082771
2019-01-23,0.0009386717373127155
2019-01-24,0.004354605537895545
2019-01-25,0.009042407697029603
2019-01-28,-0.009772721996842844
2019-01-29,-0.007165965505684793
2019-01-30,0.020217395133823198
2019-01-31,0.012394231019912992
2019-02-01,0.004686397760473498
2019-02-04,0.009023561861659903
2019-02-05,0.006715534435555986
2019-02-06,-0.0020985265654777604
2019-02-07,-0.007869598841080402
2019-02-08,0.001360333707522867
2019-02-11,-0.0006017077952335912
2019-02-12,0.008755392317181913
2019-02-13,0.00038767035161126767
2019-02-14,0.0008099558403699478
2019-02-15,0.0027542968330273344
2019-02-19,0.0012492493008215925
2019-02-20,-0.00010823908826427186
2019-02-21,-0.0022296659211774447
2019-02-22,0.0044269770424968675
2019-02-25,0.002221444415385162
2019-02-26,0.0007170971783587968
2019-02-27,-0.00037715596534808576
2019-02-28,-0.0012602955216502508
2019-03-01,0.004576509657926835
2019-03-04,8.435376115702698e-05
2019-03-05,-0.0009541311337259368
2019-03-06,-0.004571019496035803
2019-03-07,-0.006889099182578514
2019-03-08,-0.0015633386397307083
2019-03-11,0.01149964528585935
2019-03-12,0.002760133649058345
2019-03-13,0.0046013461517976475
2019-03-14,-0.00039739769143164714
2019-03-15,0.002776531686092645
2019-03-18,0.002050060340826349
2019-03-19,0.0001285023513726843
2019-03-20,-0.0011408120133696228
2019-03-21,0.007138001823540898
2019-03-22,-0.011278134351694568
2019-03-25,-0.0004925970048325849
2019-03-26,0.0036567363215977717
2019-03-27,-0.0033872468752677858
2019-03-28,0.0014507565339880542
2019-03-29,0.003045585725566112
2019-04-01,0.008236963331727099
2019-04-02,0.00026282456143941367
2019-04-03,0.001119885678530301
2019-04-04,0.0018511455483487655
2019-04-05,0.003449304928173899
2019-04-08,0.0026354131979466787
2019-04-09,-0.00259644375307215
2019-04-10,0.0018828844715338476
2019-04-11,-6.47097273147253e-06
2019-04-12,0.003964743782475451
2019-04-15,-0.00028547932978967424
2019-04-16,0.0003385613518270021
2019-04-17,-0.0012527423924058006
2019-04-18,0.0008793658044944553
2019-04-22,0.0003568989819228436
2019-04-23,0.003722479975460885
2019-04-24,-0.0009587399418854811
2019-04-25,-0.00024236768653735464
2019-04-26,0.0013683191182911805
2019-04-29,0.0006619669945653969
2019-04-30,0.0002473162724366853
2019-05-01,-0.000856413885697686
2019-05-02,-0.0013761670137588744
2019-05-03,0.004445102679930957
2019-05-06,-0.001491603562052881
2019-05-07,-0.011049912164197704
2019-05-08,-0.0004869742260590358
2019-05-09,-0.0027509255012728136
2019-05-10,0.0015361997965485637
2019-05-13,-0.023436887705435484
2019-05-14,0.0072713275782974405
2019-05-15,0.009765616075315207
2019-05-16,0.006664546884209584
2019-05-17,-0.005505003051301549
2019-05-20,-0.011345480862670286
2019-05-21,0.004656350182056257
2019-05-22,-0.0026787339633758673
2019-05-23,-0.008349266322342237
2019-05-24,0.00015977973737148153
2019-05-28,-0.0019426334650647801
2019-05-29,-0.005388141600038363
2019-05-30,0.0030021263751512286
2019-05-31,-0.012108218043179032
2019-06-03,-0.015952963367561666
2019-06-04,0.01949578233303684
2019-06-05,0.005128256090935227
2019-06-06,0.005842894916482836
2019-06-07,0.013291410967435269
2019-06-10,0.008109531135455516
2019-06-11,0.0007546832785589534
2019-06-12,-0.002935338085773248
2019-06-13,0.003416511142758069
2019-06-14,-0.002446695385851885
2019-06-17,0.0005165569822318705
2019-06-18,0.011868577331697935
2019-06-19,0.002440518369118444
2019-06-20,0.009633023606958089
2019-06-21,-0.0009712438235419712
2019-06-24,0.001105868651401563
2019-06-25,-0.010130966085002377
2019-06-26,0.005677095988449162
2019-06-27,0.0017125941320487342
2019-06-28,0.0006780314636428132
2019-07-01,0.00695013542795522
2019-07-02,0.0017047048967686526
2019-07-03,0.004375685780019185
2019-07-05,-0.0010210459909753378
2019-07-08,-0.0026321934950866437
2019-07-09,0.0014613149452674607
2019-07-10,0.0019897346454556403
2019-07-11,0.0014327872679636552
2019-07-12,0.0024526499415052755
2019-07-15,0.0016565175774509108
2019-07-16,-0.0027946661935762335
2019-07-17,-0.00170564405468789
2019-07-18,0.0026242306073183813
2019-07-19,-0.003449798146238186
2019-07-22,0.0017785760814698485
2019-07-23,0.004899811562598211
2019-07-24,0.0033106037786921113
2019-07-25,-0.003228718165507479
2019-07-26,0.007059188426065212
2019-07-29,-0.002047740987985415
2019-07-30,-0.002680263101985873
2019-07-31,-0.009508821456144704
2019-08-01,-0.0038858045628229637
2019-08-02,-0.005707798789726466
2019-08-05,-0.0228515522438289
2019-08-06,0.009222904613226682
2019-08-07,0.004987846133056227
2019-08-08,0.012889020648796627
2019-08-09,-0.0061959837016288336
2019-08-12,-0.008656852196152845
2019-08-13,0.011814738839088094
2019-08-14,-0.022467818202231708
2019-08-15,0.002110213544496633
2019-08-16,0.011678155427961776
2019-08-19,0.009144356261705662
2019-08-20,-0.005253509149238052
2019-08-21,0.006148542734493477
2019-08-22,-0.00015468785359770454
2019-08-23,-0.019523071275716453
2019-08-26,0.012509977432747437
2019-08-27,-0.002947785548099033
2019-08-28,0.005318472052098995
2019-08-29,0.012682506762411175
2019-08-30,-0.0018764144122016418
2019-09-03,-0.008004447900847471
2019-09-04,0.0104211753815209
2019-09-05,0.013293259293338633
2019-09-06,-0.000573786560562871
2019-09-09,-0.0013674950389890841
2019-09-10,-0.0025147531897422998
2019-09-11,0.002432285170778675
2019-09-12,0.0012930998910841431
2019-09-13,-0.0022750228809801025
2019-09-16,-0.00042379308286864
2019-09-17,0.0009303601513825361
2019-09-18,0.00010086119415571356
2019-09-19,0.0006865931621977872
2019-09-20,-0.004763859736418507
2019-09-23,0.002115694739135049
2019-09-24,-0.009150556366400067
2019-09-25,0.008127196836778372
2019-09-26,-0.002067803342903359
2019-09-27,-0.00856218711514549
2019-09-30,0.005622452231192961
2019-10-01,-0.005353784923295804
2019-10-02,-0.0127893858100206
2019-10-03,0.005754624931363748
2019-10-04,0.010270865009274576
2019-10-07,-0.0026379967462048853
2019-10-08,-0.010712050011611712
2019-10-09,0.006875401772145979
2019-10-10,0.004957322051800195
2019-10-11,0.0064790924681857615
2019-10-14,-0.00076708603033929
2019-10-15,0.006522389865782343
2019-10-16,-0.0009561295446270595
2019-10-17,-0.0012423757343360282
2019-10-18,-0.005595433177532941
2019-10-21,0.006718726016552912
2019-10-22,-0.007424666153628722
2019-10-23,0.0006283366992430586
2019-10-24,0.010150386020861168
2019-10-25,0.009171487837870123
2019-10-28,0.008703373651557048
2019-10-29,-0.003619079221171184
2019-10-30,0.0023908535081318565
2019-10-31,-0.0002075453981870312
2019-11-01,0.0053486049976429915
2019-11-04,0.0023884114378396656
2019-11-05,-0.000660290070762952
2019-11-06,-9.07407578410955e-05
2019-11-07,0.0031242253246625156
2019-11-08,0.0011016848676719427
2019-11-11,-0.00027773402606959095
2019-11-12,0.0007786772823658131
2019-11-13,4.265313622799256e-05
2019-11-14,-0.0002645811770341674
2019-11-15,0.0032313158349413103
2019-11-18,0.000493920347344959
2019-11-19,0.0006016254384815895
2019-11-20,-0.0028411583892809776
2019-11-21,-0.0009972395097555598
2019-11-22,0.0003678042084887381
2019-11-25,0.006024278076704501
2019-11-26,0.000496304436038903
2019-11-27,0.002616890199011813
2019-11-29,-0.0010143643042967593
2019-12-02,-0.0024095071904843873
2019-12-03,-0.001920709013548145
2019-12-04,0.0010621686608758027
2019-12-05,0.0009394530958785484
2019-12-06,0.0022894147881923317
2019-12-09,-0.0006287751084584497
2019-12-10,0.00011059440066395552
2019-12-11,0.0013978733295908663
2019-12-12,0.0037181975728262625
2019-12-13,0.0009928595834853523
2019-12-16,0.005295887419268156
2019-12-17,6.030866124091728e-05
2019-12-18,4.821452131590257e-05
2019-12-19,0.004032585152550079
2019-12-20,0.003229392320960373
2019-12-23,0.0015781847842745707
2019-12-24,0.00023771742855544322
2019-12-26,0.0044127832814547
2019-12-27,-0.00010924321183200215
2019-12-30,-0.002928410037650858
2019-12-31,0.0015909968737707727
2020-01-02,0.005932049120454995
2020-01-03,-0.004437349306227515
2020-01-06,0.002598539030385705
2020-01-07,-0.0017461610017889086
2020-01-08,0.003918954549241254
2020-01-09,0.00447938834859622
2020-01-10,-0.0016864509241520749
2020-01-13,0.004270659387788623
2020-01-14,-0.0008933486327729224
2020-01-15,0.0014446764789152553
2020-01-16,0.005248754523924283
2020-01-17,0.0017786054601072123
2020-01-21,-0.0010318759710304436
2020-01-22,7.922923941571337e-05
2020-01-23,0.0007169608610009209
2020-01-24,-0.005825055134870868
2020-01-27,-0.01213990245180377
2020-01-28,0.007953902847494724
2020-01-29,-0.0005679617518571077
2020-01-30,0.0026872136051656367
2020-01-31,-0.01189350547908753
2020-02-03,0.005152978418850181
2020-02-04,0.010516351106284702
2020-02-05,0.007254083776171845
2020-02-06,0.0019065547574626041
2020-02-07,-0.00312338479537735
2020-02-10,0.004852107021810365
2020-02-11,0.001172922170997105
2020-02-12,0.004257904519902337
2020-02-13,-0.0005801557547281919
2020-02-14,0.0008844010705203329
2020-02-18,-0.0014646104672030617
2020-02-19,0.002969022401200227
2020-02-20,-0.0012735829825073236
2020-02-21,-0.012252403214828858
2020-02-24,-0.017175061216704084
2020-02-25,-0.01148452927537282
2020-02-26,-0.001126037392442447
2020-02-27,-0.019999786605369708
2020-02-28,-0.0022250671486166865
2020-03-02,0.02403767095156791
2020-03-03,-0.004743623869009008
2020-03-04,0.02052793674660734
2020-03-05,-0.018251294950924982
2020-03-06,-0.007406163296770877
2020-03-09,-0.01848900407519361
2020-03-10,0.012304959552398659
2020-03-11,-0.003160482724427434
2020-03-12,-0.016366243736080525
2020-03-13,0.020768219579764432
2020-03-16,-0.015006387739889859
2020-03-17,0.007450934255270962
2020-03-18,-0.003290719544051208
2020-03-19,-5.6299061654521465e-05
2020-03-20,-0.0026687274273090576
2020-03-23,-0.007215085432179466
2020-03-24,0.03125826295167023
2020-03-25,0.0072305736501254185
2020-03-26,0.0463029987289534
2020-03-27,-0.02061955337363793
2020-03-30,0.020167500782590577
2020-03-31,-0.007142931978522932
2020-04-01,-0.026409202997243527
2020-04-02,0.013567483242941688
2020-04-03,-0.0066562751647480396
2020-04-06,0.03249769963428672
2020-04-07,0.00033625416957328
2020-04-08,0.01740772447175842
2020-04-09,1.583075430475863e-05
2020-04-13,0.0013974579111594861
2020-04-14,0.02461328111086174
2020-04-15,-0.010319135661659304
2020-04-16,0.0029545401838827834
2020-04-17,0.015010229417545293
2020-04-20,-0.007794297489726157
2020-04-21,-0.016730081831051388
2020-04-22,0.025219467656836136
2020-04-23,-3.1335120148044207e-06
2020-04-24,0.013848828700521395
2020-04-27,0.008939529579122928
2020-04-28,-0.007348448085223515
2020-04-29,0.024005912454976432
2020-04-30,-0.0023669730993308856
2020-05-01,-0.014665379091139054
2020-05-04,0.0017129706477099842
2020-05-05,0.006051529906242941
2020-05-06,-0.0036925684565256916
2020-05-07,0.006611803961964571
2020-05-08,0.008554447271407986
2020-05-11,0.0001588875297693335
2020-05-12,-0.01030462466537633
2020-05-13,-0.01098324558541632
2020-05-14,0.0074731296801478575
2020-05-15,0.002271279038220016
2020-05-18,0.01261024516018946
2020-05-19,-0.005669586886901358
2020-05-20,0.010549461750313446
2020-05-21,-0.0042457194039625425
2020-05-22,0.0013447043964382919
2020-05-26,0.008950307711669946
2020-05-27,0.004298813029174236
2020-05-28,-0.0014878288602006033
2020-05-29,0.00957090646722726
2020-06-01,-0.00019150222339589062
2020-06-02,0.0068008509059095165
2020-06-03,0.0056391664945462
2020-06-04,-0.00652687506505255
2020-06-05,0.01991904143046451
2020-06-08,0.003843314770626629
2020-06-09,0.0035746787384694366
2020-06-10,-0.004009524871691964
2020-06-11,-0.045760746803533994
2020-06-12,0.0071079436730263935
2020-06-15,0.00547066578802817
2020-06-16,0.011952946724985735
2020-06-17,-0.003293959703494071
2020-06-18,0.00033387073490890223
2020-06-19,-0.004731930880196164
2020-06-22,0.005530077902328889
2020-06-23,0.0036505164428909673
2020-06-24,-0.01846809082347821
2020-06-25,0.0066987468400185
2020-06-26,-0.012332261663485866
2020-06-29,0.009127193262647897
2020-06-30,0.007070765661252901
2020-07-01,0.003383380454093807
2020-07-02,0.00346114332764487
2020-07-06,0.013292108495735939
2020-07-07,-0.008539610939707756
2020-07-08,0.006332813817614727
2020-07-09,-0.0049072246967084895
2020-07-10,0.008816562382910642
2020-07-13,-0.007169720147028981
2020-07-14,0.007953547440708229
2020-07-15,0.0031747014089784837
2020-07-16,-0.008559536417935205
2020-07-17,0.003901487971814334
2020-07-20,0.019396017866736462
2020-07-21,-0.007961926784557873
2020-07-22,0.006338336531037858
2020-07-23,-0.019689846419345017
2020-07-24,-0.009220793813343179
2020-07-27,0.012513226482646038
2020-07-28,-0.009666778891618563
2020-07-29,0.01199544703152817
2020-07-30,0.004618039073214864
2020-07-31,0.021537389565586578
2020-08-03,0.011151261970645055
2020-08-04,0.00321333128072718
2020-08-05,0.0019423323078273285
2020-08-06,0.010966779977927105
2020-08-07,-0.009130273805928183
2020-08-10,-0.0035379629666288832
2020-08-11,-0.014402885696640898
2020-08-12,0.019090117399730547
2020-08-13,0.0019072631207319823
2020-08-14,-0.0009910603086617437
2020-08-17,0.00961350890040984
2020-08-18,0.003120998223955621
2020-08-19,-0.0010075935335797576
2020-08-20,0.011471667450379093
2020-08-21,0.005495695140439683
2020-08-24,0.004739262996610589
2020-08-25,0.006212346622519684
2020-08-26,0.016196499983688706
2020-08-27,-0.002365972908412087
2020-08-28,0.0037117949770645326
2020-08-31,0.005816216239581317
2020-09-01,0.006819263466220667
2020-09-02,0.010978087853787752
2020-09-03,-0.03673720574425747
2020-09-04,-0.008124111506916717
2020-09-08,-0.021835653575347568
2020-09-09,0.017962626755230034
2020-09-10,-0.013058600424555027
2020-09-11,-0.005997294979646604
2020-09-14,0.013271021483009281
2020-09-15,0.012690953286223225
2020-09-16,-0.013824842976444702
2020-09-17,-0.0074313320091004215
2020-09-18,-0.011458000647112256
2020-09-21,0.002151097992191745
2020-09-22,0.0070273114983830836
2020-09-23,-0.01440166450736911
2020-09-24,0.001343687506814179
2020-09-25,0.007752455180213637
2020-09-28,0.013771230789039732
2020-09-29,-0.004509330614383516
2020-09-30,0.006258937059125624
2020-10-01,0.004873030395516074
2020-10-02,-0.007206322490858141
2020-10-05,0.0191079685073271
2020-10-06,-0.013519388710499475
2020-10-07,0.013103695839654763
2020-10-08,0.0038537137188617704
2020-10-09,0.011597841237360768
2020-10-12,0.02345653148110395
2020-10-13,-5.163632908665675e-05
2020-10-14,-0.004763160709918346
2020-10-15,-0.000980010422976958
2020-10-16,-0.00048176371044148154
2020-10-19,-0.010137727654924997
2020-10-20,0.002302231585080972
2020-10-21,-0.0006400394489375116
2020-10-22,3.4553912837715484e-05
2020-10-23,-0.0006424464692666892
2020-10-26,-0.016469470366635357
2020-10-27,0.003946825099206091
2020-10-28,-0.03949432445347547
2020-10-29,0.011542929100208127
2020-10-30,-0.00682819014633892
2020-11-02,0.0016544164172969597
2020-11-03,0.012168411099825098
2020-11-04,0.028136195106147923
2020-11-05,0.023603580658122025
2020-11-06,0.0027921094756550146
2020-11-09,-0.004196540864509208
2020-11-10,-0.011148494995920953
2020-11-11,0.011565111334086135
2020-11-12,-0.0022669344698001983
2020-11-13,0.0048909863951738025
2020-11-16,0.004307224175951939
2020-11-17,-0.0020774960062024755
2020-11-18,-0.005609428452854654
2020-11-19,0.006945194844450573
2020-11-20,-0.008528317872029378
2020-11-23,-0.00021517364566770667
2020-11-24,0.011987998433711464
2020-11-25,0.001671043869110386
2020-11-27,0.004247100572181106
2020-11-30,0.005985492939174937
2020-12-01,0.009417380579995983
2020-12-02,0.0015533509412862677
2020-12-03,-0.00046376502978796283
2020-12-04,0.007628920207410761
2020-12-07,0.0017956855280144807
2020-12-08,0.0022181970844301776
2020-12-09,-0.006493389914971116
2020-12-10,0.0031843777658128428
2020-12-11,-0.0017071735271075549
2020-12-14,0.002978708333548721
2020-12-15,0.01211319487821813
2020-12-16,0.00131825138673615
2020-12-17,0.00404881502586621
2020-12-18,-0.002890867487447486
2020-12-21,-0.0027139032708381194
2020-12-22,-0.0013957773042125657
2020-12-23,0.0007598392739126041
2020-12-24,0.0035007855918597615
2020-12-28,0.007113174169823935
2020-12-29,-0.0013813715140143228
2020-12-30,0.0010568222606510275
2020-12-31,0.004394738986126859
2021-01-04,-0.011804754061438988
2021-01-05,0.004235582291044779
2021-01-06,-0.013652916654383012
2021-01-07,0.011159016516937492
2021-01-08,0.0021590718981195703
2021-01-11,-0.002200504200880063
2021-01-12,-0.0009127497608417711
2021-01-13,0.0013151997163226797
2021-01-14,-0.0029566176938765156
2021-01-15,-0.004244800546402127
2021-01-19,0.005393413078055246
2021-01-20,0.008885154262044335
2021-01-21,0.007128517270967211
2021-01-22,-0.001903951674263368
2021-01-25,0.0049420361138907765
2021-01-26,0.0002408567111900558
2021-01-27,-0.008431919319009473
2021-01-28,0.003038587868356684
2021-01-29,-0.008968730570793552
2021-02-01,0.008605689497418498
2021-02-02,0.007756331655809641
2021-02-03,0.0003799200463194235
2021-02-04,0.00437540568238309
2021-02-05,0.0013579204229023656
2021-02-08,0.0039769941868271225
2021-02-09,-0.00044342444825705717
2021-02-10,-0.0006701812006621308
2021-02-11,0.004236269234842176
2021-02-12,0.0016327182484219924
2021-02-16,-0.0007631066653792199
2021-02-17,-0.001156361189235986
2021-02-18,-0.0012621839298922754
2021-02-19,-0.00032600126084567343
2021-02-22,-0.006329592533200383
2021-02-23,-0.000821804057654452
2021-02-24,0.002772202996884634
2021-02-25,-0.00831882524136946
2021-02-26,0.0011558473744620059
2021-03-01,0.013416465202783417
2021-03-02,-0.004426750071258542
2021-03-03,-0.012940407845116108
2021-03-04,-0.0073326210509254705
2021-03-05,0.006235313185815455
2021-03-08,-0.008852967703114077
2021-03-09,0.009505329856718512
2021-03-10,-0.0008849146586345381
2021-03-11,0.008017505666998265
2021-03-12,-0.004246799706307867
2021-03-15,0.0033117067453068646
2021-03-16,0.0024588859411195227
2021-03-17,0.002321783642718085
2021-03-18,-0.011551955144540932
2021-03-19,0.0007296478195354599
2021-03-22,0.007452318348827655
2021-03-23,-0.0022886799328368087
2021-03-24,-0.006746242869573365
2021-03-25,-0.0004265461043562215
2021-03-26,0.009300089747397416
2021-03-29,-0.00013752488026853835
2021-03-30,-0.001664689708060931
2021-03-31,0.007858556831458039
2021-04-01,0.015964784163026765
2021-04-05,0.015106868602469665
2021-04-06,-0.002973909653304558
2021-04-07,0.00365838830512991
2021-04-08,0.009501669942923969
2021-04-09,0.006599833006562792
2021-04-12,-0.0008090763797688744
2021-04-13,0.00552409301227637
2021-04-14,-0.0069445007259948096
2021-04-15,0.011286690820663452
2021-04-16,-0.00012991225637024338
2021-04-19,-0.004633067257600807
2021-04-20,-0.003265353554732615
2021-04-21,0.0038210119979887338
2021-04-22,-0.005339681125912167
2021-04-23,0.009114714925224669
2021-04-26,0.0049153202382917205
2021-04-27,-0.003106166334303276
2021-04-28,-0.001915309053784738
2021-04-29,-0.0004960897722467767
2021-04-30,-0.0036816573991681747
2021-05-03,-0.0010581068706075744
2021-05-04,-0.008099998218408812
2021-05-05,-0.0006722547741299245
2021-05-06,0.0031120003828129556
2021-05-07,0.0028813027690900985
2021-05-10,-0.010451906227670234
2021-05-11,-0.00042816971226556516
2021-05-12,-0.0068607977883045745
2021-05-13,0.0031935150289673806
2021-05-14,0.005320524859111389
2021-05-17,-0.001595519295184889
2021-05-18,-0.0018631956340669146
2021-05-19,0.00028073203518292413
2021-05-20,0.0046617947393579615
2021-05-21,-0.0008518988628111076
2021-05-24,0.004563233762899152
2021-05-25,8.944869490792323e-05
2021-05-26,0.00047824879456164507
2021-05-27,-0.0010036052670771981
2021-05-28,0.0015916066380083811
2021-06-01,-0.003092319148478471
2021-06-02,0.004994186514735625
2021-06-03,-0.006735195504095622
2021-06-04,0.011152637001469672
2021-06-07,0.0017676646807161635
2021-06-08,3.679464696167401e-05
2021-06-09,0.0004434819649155782
2021-06-10,0.003202644925761245
2021-06-11,0.0011200756345440556
2021-06-14,0.0013489810345991868
2021-06-15,-0.0010748072996247388
2021-06-16,-0.003619248004482713
2021-06-17,-0.00023976120742461065
2021-06-18,-0.008798391532256635
2021-06-21,0.01183486897895824
2021-06-22,0.0038704896913230144
2021-06-23,-0.0008725935724105853
2021-06-24,0.00431323320474589
2021-06-25,0.002450757134752245
2021-06-28,0.0011361730144454087
2021-06-29,0.0003153181968440935
2021-06-30,0.0004645806773248344
2021-07-01,0.0036643687539540523
2021-07-02,0.004433657384574104
2021-07-06,-0.0011725326503856243
2021-07-07,0.0024384648704606957
2021-07-08,-0.005588193376496203
2021-07-09,0.007365817430716196
2021-07-12,0.0022242262437269784
2021-07-13,-0.002116995882375937
2021-07-14,0.00044310700237878357
2021-07-15,-0.0017129770422249014
2021-07-16,-0.003513964779862281
2021-07-19,-0.005664957805377411
2021-07-20,0.003955170823370216
2021-07-21,0.003351879761253246
2021-07-22,0.0005877802360759979
2021-07-23,0.001678903421216586
2021-07-26,0.0012422642038782661
2021-07-27,-0.0011814534378746088
2021-07-28,-0.000213584713716024
2021-07-29,0.0018289958929429884
2021-07-30,-0.00038958116489238215
2021-08-02,-0.001374389179648197
2021-08-03,0.0053287620387236405
2021-08-04,0.001319767576738496
2021-08-05,0.004363273348016422
2021-08-06,0.0010136502023600795
2021-08-09,0.0010827708416562087
2021-08-10,-0.0015752862788701168
2021-08-11,8.983746417451415e-06
2021-08-12,0.0007923518224586982
2021-08-13,0.001163595581368272
2021-08-16,6.299621177519336e-06
2021-08-17,-0.002730588638969134
2021-08-18,-0.001655414667801756
2021-08-19,0.0011738182889753622
2021-08-20,0.0021442012101461306
2021-08-23,0.0013316358323561613
2021-08-24,0.00027304554464720583
2021-08-25,0.0007239044199657215
2021-08-26,-0.0018732811225071549
2021-08-27,0.0012338549680136045
2021-08-30,0.004820266798693744
2021-08-31,-0.0008190113103588583
2021-09-01,0.00011280720668335097
2021-09-02,-0.0004472957149053287
2021-09-03,0.002235262271562016
2021-09-07,0.00012961868514452582
2021-09-08,-0.0005884044951640988
2021-09-09,-0.0025082284279756752
2021-09-10,-0.005406238924448651
2021-09-13,0.0017658366846101988
2021-09-14,-0.0024781214480849357
2021-09-15,0.0034580019362616616
2021-09-16,-0.001059970268002204
2021-09-17,-0.007082793562538094
2021-09-20,-0.009154985790716719
2021-09-21,-0.0005411847271087351
2021-09-22,0.005384557029098283
2021-09-23,0.008826830415715208
2021-09-24,0.0001429637226227737
2021-09-27,-0.0013729369568320875
2021-09-28,-0.004867156347589572
2021-09-29,-0.0002525109843027292
2021-09-30,-0.0007604829278201428
2021-10-01,0.0021395665043341043
2021-10-04,-0.005224186587868851
2021-10-05,0.0038044613857975067
2021-10-06,0.0013264557384679205
2021-10-07,0.001266181334525551
2021-10-08,-0.00034409804792777014
2021-10-11,-0.0005292077006362174
2021-10-12,-0.00048130842843403506
2021-10-13,0.002210154897379991
2021-10-14,0.009468980197064394
2021-10-15,0.0033098342520496474
2021-10-18,0.003042284512377409
2021-10-19,0.0033902139564773166
2021-10-20,-0.00031454226129990886
2021-10-21,0.0023145464658213483
2021-10-22,-0.001193681853369228
2021-10-25,0.0029043880027240076
2021-10-26,0.0009430912860627802
2021-10-27,0.0008797612446146258
2021-10-28,0.0063127458660389765
2021-10-29,0.0020721220662212854
2021-11-01,0.0010079968227556626
2021-11-02,0.00506875671841229
2021-11-03,0.003222857690008966
2021-11-04,0.00761200153120176
2021-11-05,0.0020332893706175737
2021-11-08,0.0005712223146578934
2021-11-09,-0.0034376696801810434
2021-11-10,-0.00658423227946725
2021-11-11,0.000567891453105205
2021-11-12,0.0018099080363777843
2021-11-15,-4.72452518145513e-05
2021-11-16,0.000887953716487446
2021-11-17,9.091816082216021e-05
2021-11-18,0.0006752080499094911
2021-11-19,-0.00043096571739842274
2021-11-22,-0.000777015585637782
2021-11-23,0.00013708225355031834
2021-11-24,0.000644920440560547
2021-11-26,-0.003351908205326966
2021-11-29,0.0030396321086865064
2021-11-30,-0.004114843655822905
2021-12-01,-0.004533924080079589
2021-12-02,0.006340889446612358
2021-12-03,-0.00425953611547835
2021-12-06,0.0027644505289285515
2021-12-07,0.010389300527048461
2021-12-08,0.0026673543998419072
2021-12-09,-0.00917919726283014
2021-12-10,0.0027031978478714706
2021-12-13,-0.0024848635526254353
2021-12-14,-0.003922675180914542
2021-12-15,0.0023481151867277184
2021-12-16,-0.00451392944934539
2021-12-17,-0.002352816079064052
2021-12-20,-0.005403860065181492
2021-12-21,0.006097844068882693
2021-12-22,0.0067227073714351
2021-12-23,0.004417875430685081
2021-12-27,0.009171983444456203
2021-12-28,-0.0022950569690593408
2021-12-29,-7.217376257168306e-05
2021-12-30,-0.0014922799957076175
2021-12-31,-0.003659283262987251
2022-01-03,0.005596128880811124
2022-01-04,-0.004403294243548355
2022-01-05,-0.0021197641045585043
2022-01-06,-7.234359548940294e-05
2022-01-07,-0.0014949340204202727
2022-01-10,-3.0189790611637822e-05
2022-01-11,0.000935011634179073
2022-01-12,0.0002652721217300305
2022-01-13,-0.001685272156582321
2022-01-14,0.0014545061579194004
2022-01-18,-0.001920862633352899
2022-01-19,-0.000554665542317
2022-01-20,-0.0019036668689141325
2022-01-21,-0.00346693536673586
2022-01-24,0.0008208733574359313
2022-01-25,-0.0022805954687053053
2022-01-26,-0.0001219230476651246
2022-01-27,-0.0005873353159218018
2022-01-28,0.004140830226460761
2022-01-31,0.00021826853847386639
2022-02-01,-0.00010921009810773577
2022-02-02,0.0001092220262559387
2022-02-03,0.0
2022-02-04,-0.00021822090771527491
2022-02-07,0.0
2022-02-08,0.00010903460323763005
2022-02-09,-0.0001090227159890483
2022-02-10,0.0
2022-02-11,0.0
2022-02-14,-1.6218531426968863e-05
2022-02-15,0.0010562447260179936
2022-02-16,-8.586564956928293e-06
2022-02-17,-0.0011166033867233162
2022-02-18,-0.0010769692127147084
2022-02-22,-0.002079050364631461
2022-02-23,-0.004357728240239779
2022-02-24,0.00415356227471332
2022-02-25,0.007612043497391413
2022-02-28,0.0003068126664758204
2022-03-01,-0.006739355956575851
2022-03-02,0.010460387668062426
2022-03-03,-0.001961141823590382
2022-03-04,-0.0029998073188733177
2022-03-07,-0.007575029403399872
2022-03-08,-0.0013390982913140384
2022-03-09,0.013649070004841007
2022-03-10,-0.002298624613527904
2022-03-11,-0.003728687612847437
2022-03-14,-0.0052213697476497425
2022-03-15,0.005213773225043958
2022-03-16,0.004016424466696223
2022-03-17,0.0007304221654592163
2022-03-18,0.003429659396506343
2022-03-21,-0.0005887814713101172
2022-03-22,0.0014800776520119407
2022-03-23,-0.0008576030620973562
2022-03-24,0.0035864269369235277
2022-03-25,-0.00025464551738643395
2022-03-28,0.00040400031384550173
2022-03-29,0.0007220445578238666
2022-03-30,-0.0021123556016704225
2022-03-31,-0.0035704133114343034
2022-04-01,-0.0014282294791534847
2022-04-04,0.008449445369132867
2022-04-05,-0.00949360853932801
2022-04-06,-0.0006988673348695921
2022-04-07,5.287758158736999e-05
2022-04-08,-0.0010659843963243276
2022-04-11,-0.0007510451807898113
2022-04-12,-0.00030652262336137596
2022-04-13,0.0016573486414566663
2022-04-14,-0.000931316061197087
2022-04-18,0.00032764090129926886
2022-04-19,0.0011927052596011451
2022-04-20,0.0001794206730084091
2022-04-21,0.0
2022-04-22,-0.0009958988605638266
2022-04-25,0.001866985500915127
2022-04-26,-0.003081003015573752
2022-04-27,0.0005820651362327276
2022-04-28,0.005089785099164635
2022-04-29,-0.004831084005444852
2022-05-02,0.0013327069667047125
2022-05-03,0.0003741282284600545
2022-05-04,0.004391122045310475
2022-05-05,-0.0017123863307955249
2022-05-06,-0.0008266936796169635
2022-05-09,-0.0014360589727654013
2022-05-10,0.002089602739606017
2022-05-11,-0.003288453090138073
2022-05-12,-0.00012927197134068714
2022-05-13,0.005844813703865284
2022-05-16,-0.0003817873707151895
2022-05-17,0.0053616383528191916
2022-05-18,-0.0016690795101238008
2022-05-19,-0.0010942770015203926
2022-05-20,0.00013534897265663786
2022-05-23,0.005800187129431689
2022-05-24,-0.0022881634464437728
2022-05-25,0.003455883329410558
2022-05-26,0.012533462473936306
2022-05-27,0.016769157865128538
2022-05-31,-0.0015134046703461368
2022-06-01,-0.0030556529493516445
2022-06-02,0.013340361980620713
2022-06-03,-0.009997118106918855
2022-06-06,0.0017751796958879813
2022-06-07,0.00380383493695391
2022-06-08,-0.00316346175876704
2022-06-09,-0.009169418602030237
2022-06-10,-0.008161075414705737
2022-06-13,-0.007772380335696355
2022-06-14,-0.0007107717332231143
2022-06-15,0.003038090147344016
2022-06-16,-0.01587242615957499
2022-06-17,0.0009052816817922784
2022-06-21,0.013994076698855456
2022-06-22,-0.0003541622135447291
2022-06-23,0.002362470333687664
2022-06-24,0.006407690860894969
2022-06-27,-0.0007906862277874745
2022-06-28,-0.004055947957843149
2022-06-29,0.0007021206687239599
2022-06-30,-0.0027312672749733166
2022-07-01,0.000736991447898329
2022-07-05,0.005625895060787018
2022-07-06,0.004155741385995675
2022-07-07,0.003609479738606124
2022-07-08,-0.0003556598410443358
2022-07-11,-0.004261350467072937
2022-07-12,-0.004024844805106323
2022-07-13,-0.0025366073380780384
2022-07-14,-0.001202576670243331
2022-07-15,0.011150231214252319
2022-07-18,-0.004268816203196282
2022-07-19,0.013968911379022205
2022-07-20,0.003294830825876839
2022-07-21,0.0067833269781836045
2022-07-22,-0.006039168609780938
2022-07-25,0.0008492201983396368
2022-07-26,-0.013538016661698953
2022-07-27,0.029159282600921
2022-07-28,0.00611376102189368
2022-07-29,0.01261744788388752
2022-08-01,-0.0004151033350338862
2022-08-02,-0.0022368368545991582
2022-08-03,0.010755546241434544
2022-08-04,-0.0003984421768318464
2022-08-05,-0.0012301741235927314
2022-08-08,-0.0007670810540668152
2022-08-09,-0.006934815014186918
2022-08-10,0.017346555402162216
2022-08-11,-0.003133287711296065
2022-08-12,0.008843498104820055
2022-08-15,0.0035599725203171563
2022-08-16,-0.0009887782223283925
2022-08-17,-0.005109855970334864
2022-08-18,0.0008448114735235301
2022-08-19,-0.004698798077471553
2022-08-22,-0.006261842388075213
2022-08-23,-0.0003653533626806445
2022-08-24,0.0011245781943479952
2022-08-25,0.00474623714925813
2022-08-26,-0.008839834649130079
2022-08-29,-0.004562792971781578
2022-08-30,-0.0038858457051361207
2022-08-31,-0.0039033076976991254
2022-09-01,-0.002070989411226154
2022-09-02,-0.00260488931291828
2022-09-06,-0.002510505378992795
2022-09-07,0.0050319440633715155
2022-09-08,0.0008835158904547249
2022-09-09,0.002728393567492113
2022-09-12,0.0015535136921104226
2022-09-13,-0.0015934915856259495
2022-09-14,0.0007526816063153774
2022-09-15,-0.003688344042142083
2022-09-16,-0.0009568151357075705
2022-09-19,0.001125354449384521
2022-09-20,-0.000702568075910028
2022-09-21,-0.0008746098046589093
2022-09-22,-0.002855488141125564
2022-09-23,-0.003152278784870046
2022-09-26,-0.0025497375613817647
2022-09-27,-0.00026867899683171836
2022-09-28,0.0048251145397365785
2022-09-29,-0.007927365887372494
2022-09-30,-0.006609413563687091
2022-10-03,0.0126664735905841
2022-10-04,0.015216718646779197
2022-10-05,-0.000183339356740037
2022-10-06,-0.0006149801131810739
2022-10-07,-0.005258378336839305
2022-10-10,-0.002679697690034866
2022-10-11,-0.004751578823541852
2022-10-12,-0.0008497885411470075
2022-10-13,0.00985395748662273
2022-10-14,-0.0010219497968201228
2022-10-17,0.0011227299806678861
2022-10-18,0.0005456563773865002
2022-10-19,-0.0003756459597359438
2022-10-20,-0.00013333810960794066
2022-10-21,0.0017196304733734342
2022-10-24,0.0006573667256084248
2022-10-25,0.001427327366183816
2022-10-26,-0.0005402611280867065
2022-10-27,-0.0003026068653097917
2022-10-28,0.0020099643930382442
2022-10-31,-0.0003953568324446589
2022-11-01,-0.00026283066582722336
2022-11-02,-0.0020591665560546445
2022-11-03,-0.0030886022427627454
2022-11-04,0.004042534601709828
2022-11-07,0.0025664527602945147
2022-11-08,0.0008489247870878066
2022-11-09,-0.008406365178472541
2022-11-10,0.025528443307201217
2022-11-11,0.013959277735735206
2022-11-14,-0.0069396687247435945
2022-11-15,0.008199730800557987
2022-11-16,-0.009852092864531125
2022-11-17,-0.0015961923296003158
2022-11-18,2.430102328933095e-05
2022-11-21,-0.0059832672510103935
2022-11-22,0.009026932554407447
2022-11-23,0.005294210787290859
2022-11-25,-0.003631363239345144
2022-11-28,-0.009573151737780306
2022-11-29,-0.004845198138206442
2022-11-30,0.017277054625247056
2022-12-01,0.0007069061750930774
2022-12-02,-0.003153902443020226
2022-12-05,-0.010849928234784182
2022-12-06,-0.012722073304993945
2022-12-07,-0.002674129282864438
2022-12-08,0.008749390020264942
2022-12-09,-0.0033493767893057217
2022-12-12,0.006519380276025255
2022-12-13,0.003708749093999916
2022-12-14,-0.0036746954194987937
2022-12-15,-0.02191745953695727
2022-12-16,-0.005920786708008994
2022-12-19,-0.0058048402128909535
2022-12-20,-0.0004110785341797215
2022-12-21,0.006559365922464224
2022-12-22,-0.008010249603653515
2022-12-23,0.0006207491087950723
2022-12-27,-0.00340727799665154
2022-12-28,-0.003406549472026182
2022-12-29,0.007044232598409328
2022-12-30,-0.00019351825129057618
2023-01-03,-0.0013128828155125236
2023-01-04,0.0015722402535278618
2023-01-05,-0.011243182744870878
2023-01-06,0.022179478553996403
2023-01-09,0.008876043567852389
2023-01-10,0.006981254004710882
2023-01-11,0.01374123980015144
2023-01-12,0.0060525915082672984
2023-01-13,0.0023731493702189178
2023-01-17,0.0035856285626224014
2023-01-18,-0.010656688626883334
2023-01-19,-0.007009746005970988
2023-01-20,0.017351016879792253
2023-01-23,0.010763062190345845
2023-01-24,-0.0009103131830347206
2023-01-25,0.0003474862804141611
2023-01-26,0.008828272469920219
2023-01-27,0.001844639566009909
2023-01-30,-0.010815369147503789
2023-01-31,0.012689311627504522
2023-02-01,0.02029750843596614
2023-02-02,0.013088630198016335
2023-02-03,-0.010260422515240038
2023-02-06,-0.005252762286481495
2023-02-07,0.009952937572326933
2023-02-08,-0.007916817393021148
2023-02-09,-0.007121634326392961
2023-02-10,0.0013372309428673248
2023-02-13,0.005782823143383021
2023-02-14,0.004330204709847813
2023-02-15,0.0024113870298152944
2023-02-16,-0.009817893739348355
2023-02-17,-0.0011502684089394262
2023-02-21,-0.008305170277441095
2023-02-22,-0.00037877114717435877
2023-02-23,0.0030831027697873774
2023-02-24,-0.007337116684434021
2023-02-27,0.0020411115266152783
2023-02-28,-0.002383333551348992
2023-03-01,-0.0023614703745982253
2023-03-02,0.00520730226690535
2023-03-03,0.007305559111247738
2023-03-06,0.0004110696365010593
2023-03-07,-0.010040265609687161
2023-03-08,0.0009492727983696737
2023-03-09,-0.010086483727006339
2023-03-10,-0.006343721666029152
2023-03-13,-0.0006314234485666294
2023-03-14,0.008598797892075362
2023-03-15,-0.0029698179711048988
2023-03-16,0.009880493870270346
2023-03-17,-0.00676170140530109
2023-03-20,0.005679939951762636
2023-03-21,0.005882529985644971
2023-03-22,-0.008120769319334904
2023-03-23,0.0018440114490820673
2023-03-24,0.003719590499936437
2023-03-27,0.0008469968088820599
2023-03-28,-0.0007154249392326877
2023-03-29,0.007020272137541918
2023-03-30,0.0031322932724380265
2023-03-31,0.009156887683793944
2023-04-03,0.002950190006823647
2023-04-04,-0.0037943550308477824
2023-04-05,-0.001637164400441418
2023-04-06,0.002793743505515669
2023-04-10,-0.00022483768435382253
2023-04-11,-0.004805229068028859
2023-04-12,-0.003859244032961917
2023-04-13,0.013005177761916677
2023-04-14,-0.0034481490163437117
2023-04-17,0.0025742932853769092
2023-04-18,0.0016468525562468362
2023-04-19,-0.00174305844350155
2023-04-20,-0.0035322886160785967
2023-04-21,-0.0024839687170437096
2023-04-24,-0.0033126539783475462
2023-04-25,-0.01622668785383999
2023-04-26,0.007292056544614024
2023-04-27,0.009099332698193446
2023-04-28,0.006362214821998526
2023-05-01,0.0003633244643539358
2023-05-02,-0.003635238034013486
2023-05-03,-0.0020523003604600546
2023-05-04,-0.0024807100484320397
2023-05-05,0.0077925295850867085
2023-05-08,0.00015248975438626083
2023-05-09,-0.0009739483084621641
2023-05-10,0.0013687438982850277
2023-05-11,-0.00017199423572225467
2023-05-12,-0.00020344124436241567
2023-05-15,0.0011447260574300195
2023-05-16,-0.002146826176429211
2023-05-17,0.004330675503507558
2023-05-18,0.00524409744666828
2023-05-19,-0.0005514897721290631
2023-05-22,0.00021151363235704117
2023-05-23,-0.00851803330492444
2023-05-24,-0.005745144524679058
2023-05-25,0.007283018793311854
2023-05-26,0.008124767704104446
2023-05-30,0.0003060380944545089
2023-05-31,-0.004951609491950661
2023-06-01,0.008266857882123089
2023-06-02,0.012982782423934055
2023-06-05,-0.001651765469660358
2023-06-06,0.0019072496832359368
2023-06-07,-0.0029655338842359716
2023-06-08,0.009051794105465217
2023-06-09,0.004128657744266217
2023-06-12,0.01653158605255148
2023-06-13,0.004257631810690825
2023-06-14,0.006830559471244385
2023-06-15,0.009096411656719167
2023-06-16,-0.005647591169943536
2023-06-20,-0.0043511579814812865
2023-06-21,-0.009691892406116965
2023-06-22,0.006561217799458723
2023-06-23,-0.005184279726158812
2023-06-26,-0.003911508113809632
2023-06-27,0.01770105662597964
2023-06-28,0.0016326558384141517
2023-06-29,0.0016076260014362485
2023-06-30,0.010741474485797178
2023-07-03,0.001919491949603673
2023-07-05,-0.005514925368289336
2023-07-06,-0.0020475713065779408
2023-07-07,-0.001741818714796155
2023-07-10,0.001881321487799366
2023-07-11,0.0015906924620625888
2023-07-12,0.00826706044483705
2023-07-13,0.010437051995686742
2023-07-14,-0.0012026291523416993
2023-07-17,0.009286232523855706
2023-07-18,0.006255840363485488
2023-07-19,-0.0015599353529998146
2023-07-20,-0.01288915784372305
2023-07-21,-0.0016555206900321132
2023-07-24,0.000930652011718482
2023-07-25,0.00379018263251851
2023-07-26,-0.00178736353533449
2023-07-27,-0.0014717992114887384
2023-07-28,0.006159313079967135
2023-07-31,0.001169523703357535
2023-08-01,0.001094297907021012
2023-08-02,-0.012738255242378878
2023-08-03,-0.0012729708741848855
2023-08-04,-0.004548887273842044
2023-08-07,0.0013544298242898819
2023-08-08,-0.002510272929395341
2023-08-09,-0.004384595747464619
2023-08-10,0.00038451148455548783
2023-08-11,-0.0022111543962597146
2023-08-14,0.005570062585535316
2023-08-15,-0.002977837885840498
2023-08-16,-0.003144895500538707
2023-08-17,-0.0023063829700770942
2023-08-18,0.00023756275233343242
2023-08-21,0.005629781365131271
2023-08-22,-0.0006687044319416685
2023-08-23,0.0039854575900782185
2023-08-24,-0.006028198972717753
2023-08-25,0.0032786223930504578
2023-08-28,0.0025386873468108964
2023-08-29,0.008978015220269506
2023-08-30,0.002503796906919315
2023-08-31,-0.0005869529016866048
2023-09-01,0.0013958206478544865
2023-09-05,-0.002755384686616927
2023-09-06,-0.0034755814224731157
2023-09-07,-0.0014501126247746551
2023-09-08,0.000784042312712212
2023-09-11,0.003630313684814362
2023-09-12,-0.006042111867934248
2023-09-13,0.0007748287596075087
2023-09-14,0.003907974383409243
2023-09-15,-0.00782953643345221
2023-09-18,0.0031857222521608354
2023-09-19,-0.0003330887112729658
2023-09-20,-0.010809896778913388
2023-09-21,-0.009797955423241016
2023-09-22,-0.0008668930287404615
2023-09-25,0.002087562616384762
2023-09-26,-0.005500469099259846
2023-09-27,0.0003567426013297847
2023-09-28,0.002777752107823414
2023-09-29,-0.00102721047117654
2023-10-02,-9.33047622359536e-05
2023-10-03,-0.004475070545721484
2023-10-04,0.0023328706636591787
2023-10-05,0.00037083630259001694
2023-10-06,0.0032768970082178352
2023-10-09,0.0016257570299644977
2023-10-10,0.0014365469648141337
2023-10-11,0.0014206570977674793
2023-10-12,-0.00181727770103823
2023-10-13,-0.0015751751892668115
2023-10-16,0.0029829343218050167
2023-10-17,7.697575195874274e-05
2023-10-18,-0.0030787031494662527
2023-10-19,-0.0008362419548108455
2023-10-20,-0.0019330087712006376
2023-10-23,-0.0005264597672216803
2023-10-24,0.0034377664310578484
2023-10-25,-0.0063694087165443395
2023-10-26,-0.005124107840190202
2023-10-27,-0.0020203171872019863
2023-10-30,0.006648375602091257
2023-10-31,0.002380149085388348
2023-11-01,0.006189043418843533
2023-11-02,0.013306244914088041
2023-11-03,0.008932106915037662
2023-11-06,0.003122425737895882
2023-11-07,0.006589882573943676
2023-11-08,0.000581625437756122
2023-11-09,-0.006071218720674885
2023-11-10,0.012397237752435439
2023-11-13,-0.000733361469200256
2023-11-14,0.015407404688569435
2023-11-15,0.0017240064030450046
2023-11-16,0.0007832574465878133
2023-11-17,0.00023061913502744771
2023-11-20,0.009654638328978834
2023-11-21,-0.0016606012493300699
2023-11-22,0.0034602212299719927
2023-11-24,-0.0009390703903797849
2023-11-27,-0.00046637707693467426
2023-11-28,0.0022074902130311664
2023-11-29,-0.0007875961056542673
2023-11-30,-0.0023105386097784144
2023-12-01,0.002306911582220182
2023-12-04,-0.008002513657565973
2023-12-05,0.0018783859962569832
2023-12-06,-0.004970732253679702
2023-12-07,0.013038316909970737
2023-12-08,0.007963107425010291
2023-12-11,0.006536246429464231
2023-12-12,0.004667022884301882
2023-12-13,0.005208329683503487
2023-12-14,-0.0013607712003462721
2023-12-15,0.004058896519009221
2023-12-18,0.002298829861634224
2023-12-19,0.0024923891258693217
2023-12-20,-0.009821882807990736
2023-12-21,0.010500362465744427
2023-12-22,0.0012212362178730608
2023-12-26,0.00389325680536817
2023-12-27,-4.654591296771476e-05
2023-12-28,0.0011375408300328131
2023-12-29,-0.0022124643959638914
2024-01-02,-0.018033343051224743
2024-01-03,-0.005477773301052168
2024-01-04,-0.004427892204118955
2024-01-05,-0.00010079158463383996
2024-01-08,0.013899961210421818
2024-01-09,0.0010284522017517939
2024-01-10,0.005371800299250627
2024-01-11,0.003521021033838477
2024-01-12,0.0020920547543886565
2024-01-16,0.0015084014108598981
2024-01-17,-0.002964683730301283
2024-01-18,0.005391777355307038
2024-01-19,0.006497787035532967
2024-01-22,0.00135437110563883
2024-01-23,0.0019479450445817217
2024-01-24,0.0006857391915290919
2024-01-25,0.003246571047553686
2024-01-26,-0.0006992664518957164
2024-01-29,0.005418791629664898
2024-01-30,-0.004506266589793344
2024-01-31,-0.012998720233700627
2024-02-01,0.00866438459893209
2024-02-02,0.00719327755987324
2024-02-05,0.001489768097330231
2024-02-06,-0.0017714159173955889
2024-02-07,0.005083389220290238
2024-02-08,0.0015521696260329641
2024-02-09,0.0065567331929790905
2024-02-12,-0.004903925777354645
2024-02-13,-0.009943736397380113
2024-02-14,0.004456700976545962
2024-02-15,-0.0006388395289395113
2024-02-16,-0.003999014698027019
2024-02-20,-0.00414608663251799
2024-02-21,-0.0027550524111344924
2024-02-22,0.011646703568718851
2024-02-23,-0.000816390640310808
2024-02-26,0.000470559965598016
2024-02-27,0.0004673580526060087
2024-02-28,-0.0017197785259812006
2024-02-29,0.005230504693873843
2024-03-01,0.010203619821116458
2024-03-04,5.2710159545281055e-05
2024-03-05,-0.008669565732150697
2024-03-06,0.004999047192414944
2024-03-07,0.009965687559331792
2024-03-08,-0.00970274133057273
2024-03-11,-0.0026577249586566985
2024-03-12,0.008059661572191484
2024-03-13,-0.004504068913295863
2024-03-14,-0.001296532437167429
2024-03-15,-0.003958070640694653
2024-03-18,0.00498348939175404
2024-03-19,0.0026180864692200534
2024-03-20,0.00583684789236387
2024-03-21,0.0005545980895482998
2024-03-22,0.0002561633056019058
2024-03-25,-0.0035576016625948805
2024-03-26,-0.0016435947239003953
2024-03-27,0.002189431316210507
2024-03-28,-0.0010412302377884638
2024-04-01,0.0010520207339526997
2024-04-02,-0.002153401260571655
2024-04-03,0.000917367326974902
2024-04-04,-0.005169945771849973
2024-04-05,0.006426258713454887
2024-04-08,-0.00041714121216026364
2024-04-09,0.0019795351598680634
2024-04-10,-0.004945877659215971
2024-04-11,0.006419553157407097
2024-04-12,-0.0046903123469417074
2024-04-15,-0.005058830217322666
2024-04-16,-0.0006910673146410944
2024-04-17,-0.0023862593588644585
2024-04-18,-0.0008911681984146817
2024-04-19,-0.00476925557848831
2024-04-22,0.0035211766561127227
2024-04-23,0.005686967787293098
2024-04-24,0.0018901709223742283
2024-04-25,-0.00010937006858089695
2024-04-26,0.0034984785815416488
2024-04-29,0.0019092651090832817
2024-04-30,-0.009054001310279579
2024-05-01,-0.0037591630894738062
2024-05-02,0.008672958387740761
2024-05-03,0.017342338880352418
2024-05-06,0.010128446441202898
2024-05-07,-0.0028030745824767834
2024-05-08,0.00211613259250593
2024-05-09,0.0003148209743502083
2024-05-10,0.0011505251718911809
2024-05-13,0.001771399797246693
2024-05-14,0.0025245006568206407
2024-05-15,0.009383512648053972
2024-05-16,-0.000755135719763634
2024-05-17,-0.0006923623925994709
2024-05-20,0.004198466462362913
2024-05-21,0.0007400934547569727
2024-05-22,0.0008436979947840731
2024-05-23,-0.000993065404691444
2024-05-24,0.0016773909940607835
2024-05-28,0.00022542774043186122
2024-05-29,-0.0032696579583579937
2024-05-30,-0.0019058513071707097
2024-05-31,0.005125187101229354
2024-06-03,0.0018710551227666555
2024-06-04,0.0015723579985249523
2024-06-05,0.015361523638788045
2024-06-06,-0.002267988721274067
2024-06-07,0.0017394121047125386
2024-06-10,0.0015061162472226215
2024-06-11,0.007763534408900481
2024-06-12,0.0021452841211620902
2024-06-13,0.0014230004444514513
2024-06-14,0.0005804803606586555
2024-06-17,0.0028172234616911543
2024-06-18,0.0006177098883368089
2024-06-20,-0.0007939182503602777
2024-06-21,-0.00010238080067432356
2024-06-24,-0.005743137028068275
2024-06-25,0.007594242767640389
2024-06-26,-0.0005406778718492645
2024-06-27,0.00035660713940145067
2024-06-28,-5.707215766862127e-05
2024-07-01,0.002087299130726109
2024-07-02,0.0006134852373717468
2024-07-03,0.0057766397580057164
2024-07-05,0.0023046036244155988
2024-07-08,0.004778764867679728
2024-07-09,-0.0005592228476768785
2024-07-10,0.0041639796033668556
2024-07-11,-0.01030005968349671
2024-07-12,0.006001757544167623
2024-07-15,0.0011430332228708933
2024-07-16,-0.0017216598197375085
2024-07-17,-0.019951462049985776
2024-07-18,9.969032155538674e-05
2024-07-19,-0.007386333080202494
2024-07-22,0.012347318347324507
2024-07-23,-0.0020579576672227176
2024-07-24,-0.01981994884286926
2024-07-25,-0.0022827521531653826
2024-07-26,0.0035555691510352865
2024-07-29,0.0008999416170295845
2024-07-30,-0.009454979386643655
2024-07-31,0.01766143052092091
2024-08-01,-0.012709223128167
2024-08-02,-0.014265857712344522
2024-08-05,-0.018389226853832378
2024-08-06,0.0030089624968590227
2024-08-07,-0.003593223628939194
2024-08-08,0.017971555169166112
2024-08-09,0.0028694071094771353
2024-08-12,0.0051977904958136366
2024-08-13,0.006062932706933422
2024-08-14,0.003253733866418705
2024-08-15,0.014849463866650522
2024-08-16,0.0009733036723753083
2024-08-19,0.00796275188317226
2024-08-20,-0.0015824482238410798
2024-08-21,0.0031482375672393
2024-08-22,-0.012700050613031841
2024-08-23,0.010224794032633985
2024-08-26,-0.007750317900033349
2024-08-27,0.003845393512403415
2024-08-28,-0.008527558053694005
2024-08-29,-0.0009075663691660509
2024-08-30,0.008447487493912834
2024-09-03,-0.018784615494100196
2024-09-04,-0.001184305007909726
2024-09-05,-0.000906373829046223
2024-09-06,-0.015899889016057222
2024-09-09,0.010171261650672938
2024-09-10,0.00941248417226864
2024-09-11,0.014223570602748464
2024-09-12,0.006806905988605486
2024-09-13,0.003394243178565133
2024-09-16,-0.002283622114265064
2024-09-17,0.00036892960156487283
2024-09-18,-0.005901696443639231
2024-09-19,0.019528783798709586
2024-09-20,-0.0030420982302189073
2024-09-23,-0.00010353678059637342
2024-09-24,0.004520497074932093
2024-09-25,0.0020424613217295967
2024-09-26,0.009138348221549429
2024-09-27,-0.0056700466718530755
2024-09-30,0.0019580556746881736
2024-10-01,-0.009090808102472526
2024-10-02,0.005388106444679873
2024-10-03,0.003333191528516502
2024-10-04,0.008500716461245785
2024-10-07,-0.0024715849063429124
2024-10-08,0.004121971426746342
2024-10-09,0.002931312037741901
2024-10-10,-0.00036244149630327394
2024-10-11,0.00223316791124718
2024-10-14,0.0034100157605269333
2024-10-15,-0.006286803404305311
2024-10-16,0.002139100796804359
2024-10-17,0.0005616889149098097
2024-10-18,0.003117158116492897
2024-10-21,0.002523542945712289
2024-10-22,0.0004474490393362258
2024-10-23,-0.004441015597111385
2024-10-24,0.001765003412932528
2024-10-25,0.0014209406179536352
2024-10-28,0.0010665501203710214
2024-10-29,0.004324730148604113
2024-10-30,-0.0011884515878824655
2024-10-31,-0.012029676694122424
2024-11-01,0.0019971477891245013
2024-11-04,-0.0004362404740608591
2024-11-05,0.00834327578343095
2024-11-06,0.02553360895253362
2024-11-07,0.00728486210386498
2024-11-08,-0.00024656757136997016
2024-11-11,-0.003097902665386787
2024-11-12,0.0005903299524709974
2024-11-13,-0.0006708882171487088
2024-11-14,-0.0009382565281372374
2024-11-15,-0.006612144801840306
2024-11-18,0.001403517413810247
2024-11-19,0.0027659000717863338
2024-11-20,-0.0001927136615351329
2024-11-21,0.002533121096631061
2024-11-22,0.0005034330715669342
2024-11-25,0.00041400155151778483
2024-11-26,0.002073651766275826
2024-11-27,-0.000630296435197871
2024-11-29,0.00272017038685911
2024-12-02,0.0037695393923576352
2024-12-03,0.001267420890142672
2024-12-04,0.0038720819460771453
2024-12-05,-0.0016739867088594442
2024-12-06,0.0015033247820866614
2024-12-09,-0.002177442472865009
2024-12-10,-0.005123386430312752
2024-12-11,0.006554043917824736
2024-12-12,-0.0025909906559555924
2024-12-13,0.0016929519058003584
2024-12-16,0.002838402398162537
2024-12-17,-0.0012018392510205437
2024-12-18,-0.009239111621259477
2024-12-19,3.030736735701935e-06
2024-12-20,0.0036323324174646027
2024-12-23,0.0014431391440996766
2024-12-24,0.00284470572382251
2024-12-26,0.00018243110867094563
2024-12-27,-0.0010753110805556897
2024-12-30,-0.00196279146047785
2024-12-31,-0.0011118537542914209
2025-01-02,-0.0006107867597459014
2025-01-03,0.008661405188969398
2025-01-06,0.003618594851233194
2025-01-07,-0.006533700833881005
2025-01-08,0.000775337736556847
2025-01-10,-0.0045067500829358625
2025-01-13,0.0005560091356268827
2025-01-14,0.0008025069611262613
2025-01-15,0.0076058199882252835
2025-01-16,-0.004253678754551905
2025-01-17,0.0062746632489067335
2025-01-21,0.0034483636574740508
2025-01-22,0.01640761402591873
2025-01-23,0.001245916170521754
2025-01-24,-0.005925953246753194
2025-01-27,-0.030398906641304024
2025-01-28,0.014723563277736117
2025-01-29,-0.0038712992437970853
2025-01-30,0.0006502540420018288
2025-01-31,-0.0028705071870867276
2025-02-03,-0.003031206214796635
2025-02-04,0.0029818394447914207
2025-02-05,0.003914692845784286
2025-02-06,0.00108612120713988
2025-02-07,-0.002502525346385306
2025-02-10,0.003602365931363144
2025-02-11,0.00017035139578352093
2025-02-12,-0.0002035412835581155
2025-02-13,0.00199685319309845
2025-02-14,0.0007496626238773525
2025-02-18,0.0011560315942194573
2025-02-19,0.0007291652260064752
2025-02-20,-0.0002329425608820402
2025-02-21,-0.0014679212164252133
2025-02-24,-0.0010139164587982994
2025-02-25,-0.003905810303266461
2025-02-26,0.0014312187492383625
2025-02-27,-0.015281050247911534
2025-02-28,0.006665600383011848
2025-03-03,-0.012737093743536626
2025-03-04,-0.0002682038073829263
2025-03-05,0.0032245667823117747
2025-03-06,-0.0037359309616801137
2025-03-07,0.0016268205922019788
2025-03-10,-0.0025724620652473242
2025-03-11,-0.0002356960266848526
2025-03-12,0.002030766161186221
2025-03-13,-0.005390837335150393
2025-03-14,0.008679469765686763
2025-03-17,0.0033207265757048093
2025-03-18,-0.00881353127939096
2025-03-19,0.006970887086675858
2025-03-20,-0.0023937596467963574
2025-03-21,0.0023762610431774774
2025-03-24,0.015141624600096354
2025-03-25,0.0018751212998620794
2025-03-26,-0.013809212841961113
2025-03-27,-0.0020586696673268595
2025-03-28,-0.003900610582018172
2025-03-31,0.00011675668198155579
2025-04-01,0.0016959870472885315
2025-04-02,0.0016193128771737134
2025-04-03,-0.014040553039012162
2025-04-04,-0.011058152013402909
2025-04-07,0.0019283422703683085
2025-04-08,-0.00416476906861388
2025-04-09,0.039802379073590514
2025-04-10,-0.009549569493951767
2025-04-11,0.004631851189869727
2025-04-14,0.0023380153518736168
2025-04-15,-0.00030066304682586714
2025-04-16,-0.004514723526187441
2025-04-17,0.000709966419475524
2025-04-21,-0.010626242473784584
2025-04-22,0.011774202166135327
2025-04-23,0.014116500136538451
2025-04-24,0.014502785431391888
2025-04-25,0.005351647144442537
2025-04-28,0.0003156505723919236
2025-04-29,0.004781225553666338
2025-04-30,0.0003371967280890125
2025-05-01,0.004725046806070004
2025-05-02,0.009836171321938633
2025-05-05,-0.003756058768494338
2025-05-06,-0.005107616254295645
2025-05-07,0.003191915205796851
2025-05-08,0.005105058440287206
2025-05-09,-0.0007215010652004313
2025-05-12,0.025082946869145313
2025-05-13,0.004400903539704271
2025-05-14,0.001013521073328834
2025-05-15,0.0035664975213193055
2025-05-16,0.004912832074054609
2025-05-19,0.00079207745859327
2025-05-20,-0.0023740720955068993
2025-05-21,-0.010423005684503736
2025-05-22,0.00027900423155993617
2025-05-23,-0.002816909563206693
2025-05-27,0.011476329277364559
2025-05-28,-0.003751854265341593
2025-05-29,0.002358461947960857
2025-05-30,-0.00057053879275742
2025-06-02,0.00337326929626997
2025-06-03,0.0034322466932213986
2025-06-04,-0.00017576693952721685
2025-06-05,-0.0038098809679591983
2025-06-06,0.008897167717899704
2025-06-09,0.0006657005608203316
2025-06-10,0.004135091248045519
2025-06-11,-0.002065040680519031
2025-06-12,0.0030427796954415297
2025-06-13,-0.007172058464950138
2025-06-16,0.0045953940951285995
2025-06-17,-0.0034097304184112108
2025-06-18,2.7610090602315027e-05
2025-06-20,-0.0017299916410331137
2025-06-23,0.008216065838180873
2025-06-24,0.012126614994838206
2025-06-25,0.00048228356645514393
2025-06-26,0.006496849797555562
2025-06-27,0.004188859851256116
2025-06-30,0.003814020082258413
2025-07-01,-0.0002204296048351251
2025-07-02,0.006019266823077639
2025-07-03,0.00855775953546822
2025-07-07,-0.005950988741782001
2025-07-08,0.0004842180138903053
2025-07-09,0.006117054785932546
2025-07-10,-0.0012675625342203174
2025-07-11,-0.001996286130174871
2025-07-14,0.0032645449443607457
2025-07-15,0.007064337887473963
2025-07-16,0.0028026080092235558
2025-07-17,0.004852819985875244
2025-07-18,-0.0005312261183298917
2025-07-21,0.0016075376159331918
2025-07-22,0.0001372978346880585
2025-07-23,0.004748243411815923
2025-07-24,0.0029158288363562088
2025-07-25,0.0016164330907173282
2025-07-28,0.005805584612681718
2025-07-29,5.769581841823402e-05
2025-07-30,0.0011700904411279496
2025-07-31,-0.0030833335707848436
2025-08-01,-0.015818905008680814
2025-08-04,0.014686813730647516
2025-08-05,-0.004897591131992417
2025-08-06,0.007410489088189436
2025-08-07,-0.0008091827767111996
2025-08-08,0.006512746961638391
2025-08-11,-0.0016185396895276568
2025-08-12,0.013363443273442441
2025-08-13,0.0003365895212199038
2025-08-14,-0.0018481736247853656
2025-08-15,-0.005649792436931325
2025-08-18,0.0017762323011373715
2025-08-19,-0.01502330103986939
2025-08-20,-0.00580174305611724
2025-08-21,-0.0028686173532345835
2025-08-22,0.01128130597262835
2025-08-25,-0.0019231530123495523
2025-08-26,0.004122454147440155
2025-08-27,0.004668763361943712
2025-08-28,0.006289720523727294
2025-08-29,-0.012078054989704715
2025-09-02,-0.005817372868155975
2025-09-03,0.003945476451002062
2025-09-04,0.004285025327909532
2025-09-05,0.0007850332730618988
2025-09-08,0.00673380382747488
2025-09-09,0.0017386478788835593
2025-09-10,0.014397878457341228
2025-09-11,0.005032410138479884
2025-09-12,0.003431471747244545
2025-09-15,0.0068542139721175345
2025-09-16,-0.0027337145644713377
2025-09-17,-0.0028388501983169644
2025-09-18,0.014909678284514777
2025-09-19,0.003864425424584854
2025-09-22,0.0037742569671514983
2025-09-23,-0.004131601820834011
2025-09-24,-0.0023623271540059243
2025-09-25,-0.001909966468368544
2025-09-26,0.0027471729757248724
2025-09-29,0.0011329042887141241
2025-09-30,0.0016875262893750352
2025-10-01,0.0014340419373536088
2025-10-02,0.0006481988723279498
2025-10-03,9.800723149854863e-05
2025-10-06,0.0034852432375932297
2025-10-07,-0.0023589920564334095
2025-10-08,0.005256414225388647
2025-10-09,-0.0009994400818879093
2025-10-10,-0.009038361523998752
2025-10-13,0.005883255387087826
2025-10-14,-0.00046298995338177096
2025-10-15,0.0017503034489592941
2025-10-16,-0.0032328719084175742
2025-10-17,0.0024780636823038154
2025-10-20,0.0047797710189803125
2025-10-21,-8.724417423286157e-06
2025-10-22,-0.0025824251508045517
2025-10-23,0.0035441956840824075
2025-10-24,0.004612442220398165
2025-10-27,0.009207406767751638
2025-10-28,0.0014259236524102044
2025-10-29,0.0004222931745737884
2025-10-30,-0.004927159607291014
2025-10-31,0.0012744970841710116
2025-11-03,0.000799548391911059
2025-11-04,-0.004424572575243397
2025-11-05,0.0012671165745934399
2025-11-06,-0.002882148324492985
2025-11-07,-0.0011071066415155187
2025-11-10,0.008966774473389599
2025-11-11,-0.0021378097620868186
2025-11-12,0.0007294185123760152
2025-11-13,-0.004198986432280233
2025-11-14,0.001473227433188535
2025-11-17,-0.0014689684970454963
2025-11-18,-0.003751145031534825
2025-11-19,0.0014392112653141094
2025-11-20,-0.005218608470031493
2025-11-21,0.0007205131011216523
2025-11-24,0.005742686212167381
2025-11-25,0.0007280471383615032
2025-11-26,0.0025370397537899866
2025-11-28,0.0028910782590815306
2025-12-01,0.00022381294796671738
2025-12-02,0.0017045535699454998
2025-12-03,0.0011287636369838624
2025-12-04,0.001978371641454953
2025-12-05,0.002667760641875812
2025-12-08,-0.0007992062386355098
2025-12-09,-0.00045219504890099487
2025-12-10,0.0041185810749782325
2025-12-11,0.0016394971479531735
2025-12-12,-0.01168735990129735
2025-12-15,-0.002595040041332989
2025-12-16,0.0009973591982843277
2025-12-17,-0.014526969147194384
2025-12-18,0.00964067308775135
2025-12-19,0.015743230576007235
2025-12-22,0.003139778928986408
2025-12-23,0.003374249684619097
2025-12-24,0.001255749171406714
2025-12-26,0.0009291823520087257
2025-12-29,-0.00170707874482833
2025-12-30,-0.0008960438249341778
2025-12-31,-0.004798420241759835
2026-01-02,-0.00038158363831610804
2026-01-05,0.006298763033072153
2026-01-06,0.012588427023202283
2026-01-07,0.0008337751180936295
2026-01-08,-0.012924516506076827
2026-01-09,0.01054602931677379
2026-01-12,0.003939257280370765
2026-01-13,-0.0018053188130409121
2026-01-14,-0.010888945344520298
2026-01-15,0.004348916962007312
2026-01-16,0.0009858540128136423
2026-01-20,-0.016105352470225282
2026-01-21,0.01028693184831986
2026-01-22,0.0059228624923215985
2026-01-23,0.0011790834017645308
2026-01-26,0.005649782683794709
2026-01-27,0.010262004905295441
2026-01-28,-4.272517692081007e-05
2026-01-29,-0.0013015541066698922
2026-01-30,-0.006160480800213711
2026-02-02,0.004060527808664291
2026-02-03,-0.005275882888306974
2026-02-04,-0.00848917851639299
2026-02-05,-0.006219586466753125
2026-02-06,0.012797413882274365
2026-02-09,0.0026427254162998343
2026-02-10,-0.0015289355072807635
2026-02-11,0.0013221893962879112
2026-02-12,-0.010515173009476783
2026-02-13,0.0011961381474575664
2026-02-17,-0.0005196380675037823
2026-02-18,0.00492864403321718
2026-02-19,-0.0021140075266072394
2026-02-20,0.0050314581635509436
2026-02-23,-0.008660699151010883
2026-02-24,0.004179054983054963
2026-02-25,0.008648524965117936
2026-02-26,-0.0057258406630204105
2026-02-27,-0.005911826760382928
2026-03-02,0.0014627516658040785
2026-03-03,-0.003955702706568774
2026-03-04,0.006517795808137514
2026-03-05,0.0008290996534872731
2026-03-06,-0.004378501081120659
2026-03-09,0.003984742731390986
2026-03-10,-0.000659654054967364
2026-03-11,-0.000519637468821899
2026-03-12,-0.005619203781537585
2026-03-13,-0.0013248094212965325
2026-03-16,0.0028087913814822387
2026-03-17,0.0006312224216041508
2026-03-18,-0.004670883010097694
2026-03-19,-0.0010202846083496497
2026-03-20,-0.006241387240056097
2026-03-23,0.004047266598199923
2026-03-24,-0.0010866732051038029
2026-03-25,0.0018511668835330477
2026-03-26,-0.00601834154090721
2026-03-27,-0.004469089272892764
2026-03-30,-0.001082017571967291
2026-03-31,0.009011026782351557
2026-04-01,0.00359969729167399
2026-04-02,0.0026326227743619615
2026-04-06,0.002416448731623349
2026-04-07,0.0001243927092312615
2026-04-08,0.008206047566385247
2026-04-09,0.0030909256484956
2026-04-10,0.0020393372653953975
2026-04-13,0.012285429390448837
2026-04-14,0.01068520140149901
2026-04-15,0.00493396405138874
2026-04-16,0.0016472890278510235
2026-04-17,0.008029196014775792
2026-04-20,-0.001200507797059625
2026-04-21,-0.004250506713725105
2026-04-22,0.006288667727756836
2026-04-23,-0.0023271079020274034
2026-04-24,0.004375465779648099
2026-04-27,0.0011660625031470057
2026-04-28,-0.003149602555937416
2026-04-29,-4.265530911066507e-05
2026-04-30,0.0028251028894779686
2026-05-01,0.005835539387508981
2026-05-04,-0.0016563452766568858
2026-05-05,0.00201637096487751
2026-05-06,0.006166574976476569
2026-05-07,-0.0018211081674678444
2026-05-08,0.005764471196596916
2026-05-11,0.0016393235923564432
2026-05-12,-0.0010113713518494728
2026-05-13,0.00289253885566003
2026-05-14,0.004186895764893298
2026-05-15,-0.008605260653610067
2026-05-18,-0.00014562728261148305
2026-05-19,-0.00046556931222371096
2026-05-20,0.0012514934940893523
2026-05-21,0.00027367186477809653
2026-05-22,0.0007309432568905071
2026-05-26,0.0011043260911993325
2026-05-27,3.1220073926968e-05
2026-05-28,0.001974632403445522
2026-05-29,0.0012969446796326398
2026-06-01,0.0014554261325567695
2026-06-02,0.0007005166923350238
2026-06-03,-0.003522132809568058
2026-06-04,0.0011713766277411243
2026-06-05,-0.006806636287353634
2026-06-08,0.003319192947205607
2026-06-09,-0.000707460332015666
2026-06-10,-0.003176690456076582
2026-06-11,0.003013979910655114
2026-06-12,0.0017300914286154882
2026-06-15,0.0036502399438683684
2026-06-16,-0.002610511672667526
2026-06-17,-0.0011127197160587915
2026-06-18,0.003524658802256269
2026-06-22,-0.0017371044031922569
2026-06-23,-0.0034169184923330625
2026-06-24,3.0088761145158065e-05
2026-06-25,0.0003858273383809773
2026-06-26,-0.001758732475202072
2026-06-29,0.0034968289606608577
2026-06-30,0.005705038928500982
2026-07-01,7.758438175759077e-05
2026-07-02,-0.0033623450488235508
2026-07-06,0.0027476943149581687
2026-07-07,-0.00644212180978834
2026-07-08,0.0012761528382686
2026-07-09,0.0018122599566955451
2026-07-10,0.0005672991757630726
2026-07-13,-0.0016713303400699576
2026-07-14,0.0008724838255894592
2026-07-15,-0.0006649066415756766
2026-07-16,-0.004541713504445436
2026-07-17,-0.0016890371820893852
2026-07-20,0.00033587232269105674
2026-07-21,0.005972849026439787
2026-07-22,-0.00032988511331789264
2026-07-23,-0.0026197041965887605
2026-07-24,-0.0012592853478061016
2026-07-27,-0.00021969654605008646
2026-07-28,-0.0015814742160424207
2026-07-29,-0.0027170386243253576
2026-07-30,0.004644515873837649
2026-07-31,0.0011785869402237508
2026-08-03,0.0025456038937999377
2026-08-04,0.025728078718234824
2026-08-05,-0.0039934663114239
2026-08-06,-0.0015343518737489469
2026-08-07,0.0030750132202793704
2026-08-10,-0.0008245393509925347
2026-08-11,-0.0008474472896634348
2026-08-12,0.0021751574520307263
2026-08-13,0.003990110309547032
2026-08-14,-0.0004913427623815207
2026-08-17,-0.00048640021748925827
2026-08-18,-0.002822338765874082
2026-08-19,-0.00025234838682998564
2026-08-20,-0.0008115835259337345
2026-08-21,0.001211651529225321
2026-08-24,-0.0042030788396524455
2026-08-25,0.0017048469685786794
2026-08-26,0.0021595830228896347
2026-08-27,0.013064867296897263
2026-08-28,-0.001170298508926856
2026-08-31,0.00015763799211306455
2026-09-01,-0.0008538375826379113
2026-09-02,0.0002579037280646117
2026-09-03,0.0010238150699529256
2026-09-04,0.0004295307242521544
2026-09-08,-2.0885093633060277e-05
2026-09-09,-0.001603462518341996
2026-09-10,-0.001361615617560392
2026-09-11,0.0017377332450621385
2026-09-14,-0.0009235622713723817
2026-09-15,-0.000575854677192845
2026-09-16,2.6314595912104993e-05
2026-09-17,0.0028984953062654506
2026-09-18,0.0005134339932180679
2026-09-21,0.003382742972725833
2026-09-22,-5.352076978627989e-05
2026-09-23,-0.0023417096091624344
2026-09-24,-0.00030546854356885565
2026-09-25,0.0018164228691494523
