date,returns
2010-07-20,0.0
2010-07-21,-0.047851054016209704
2010-07-22,0.07934135413761129
2010-07-23,0.022608306002590402
2010-07-26,-0.04034600576393667
2010-07-27,0.024399564689045826
2010-07-28,0.05166726633024506
2010-07-29,-0.03446423130983984
2010-07-30,-0.013218312177217955
2010-08-02,0.050715487926155836
2010-08-03,0.02925365718969441
2010-08-04,0.02997802261302192
2010-08-05,0.017502306964637362
2010-08-06,0.005954463521493368
2010-08-09,0.0169294021533239
2010-08-10,0.07609780823225318
2010-08-11,-0.08241027799949346
2010-08-12,-0.02315996449735229
2010-08-13,-0.015444521273507452
2010-08-16,0.00264317848824042
2010-08-17,0.03622803697131057
2010-08-18,0.00798159685838858
2010-08-19,-0.04409813614322061
2010-08-20,-0.006336035848180821
2010-08-23,-0.02051519932894179
2010-08-24,-0.05005832708491134
2010-08-25,0.01901943972141755
2010-08-26,-0.026103128612262223
2010-08-27,0.040118743184185277
2010-08-30,-0.037709491750960944
2010-08-31,-0.001026811471198537
2010-09-01,0.08514248822098108
2010-09-02,0.031106427925470977
2010-09-03,-0.03928324802411487
2010-09-07,0.01821497460306651
2010-09-08,0.027389918733607486
2010-09-09,0.01334150117857837
2010-09-10,-0.009194789893431457
2010-09-13,-0.045644143199869563
2010-09-14,-0.01071631258294007
2010-09-15,-0.01905745121227853
2010-09-16,-0.01329240739373028
2010-09-17,-0.011605967044973738
2010-09-20,-0.05095415966024658
2010-09-21,0.00486087316379015
2010-09-22,0.0015390819554155675
2010-09-23,0.002414917861923361
2010-09-24,0.05828063431676557
2010-09-27,0.012311374709232235
2010-09-28,0.006533240276933663
2010-09-29,-0.007700473393860376
2010-09-30,-0.010720606792713739
2010-10-01,0.004858551233360161
2010-10-04,-0.028167943110264694
2010-10-05,0.06669510398273204
2010-10-06,0.021794994471991617
2010-10-07,-0.006192650544319156
2010-10-08,-0.02446326135126945
2010-10-11,0.0016558634041677056
2010-10-12,-0.02409067658787579
2010-10-13,-0.022023325573354617
2010-10-14,0.006186652999930713
2010-10-15,-0.0641909821811694
2010-10-18,0.0013143976751106303
2010-10-19,0.03727010212375315
2010-10-20,0.025686111357460944
2010-10-21,0.006170329865688568
2010-10-22,0.013555624194052224
2010-10-25,0.010682987640489094
2010-10-26,-0.008351336361803114
2010-10-27,-0.010051632988048004
2010-10-28,-0.005777671020373111
2010-10-29,0.001069247012167224
2010-11-01,-0.008381979063751781
2010-11-02,0.04608830950773081
2010-11-03,-0.014755903547968465
2010-11-04,-0.036578507679725
2010-11-05,-0.0005979994134593313
2010-11-08,-0.00358940762388904
2010-11-09,0.017412345849788874
2010-11-10,0.023368935974704578
2010-11-11,0.01740140274141493
2010-11-12,-0.05005518545631013
2010-11-15,-0.005531308300795609
2010-11-16,-0.054103636250653765
2010-11-17,0.009346136320554968
2010-11-18,0.05190592230114935
2010-11-19,0.005876172781776797
2010-11-22,0.020203609259357963
2010-11-23,-0.037201980521800855
2010-11-24,0.062053412023038185
2010-11-26,-0.012829141615787699
2010-11-29,-0.00430130786806302
2010-11-30,-0.029989898292441496
2010-12-01,0.06417590390013592
2010-12-02,0.030675201111262596
2010-12-03,-0.008534045347150467
2010-12-06,0.0012294451353807368
2010-12-07,-0.002435983546273593
2010-12-08,-0.02319914301081496
2010-12-09,-0.006249820613644844
2010-12-10,-0.004402478825644617
2010-12-13,0.025268200107282764
2010-12-14,0.02017147170120965
2010-12-15,0.030953892584321668
2010-12-16,0.02264065464926695
2010-12-17,-0.0205862548371472
2010-12-20,0.009554071104836016
2010-12-21,-0.0201889856996452
2010-12-22,-0.0019317306168303433
2010-12-23,0.010322474079625204
2010-12-27,-0.005747259369381162
2010-12-28,0.011560962589322875
2010-12-29,-0.003174869771101864
2010-12-30,-0.008280253218496297
2010-12-31,0.0038536248227333462
2011-01-03,-0.021113353279935618
2011-01-04,-0.00522857119797547
2011-01-05,-0.011826456953418508
2011-01-06,-0.05585110386266408
2011-01-07,-0.00633817446429831
2011-01-10,0.023369956151386585
2011-01-11,0.012065125271914926
2011-01-12,-0.05691039597062666
2011-01-13,-0.005486032123503035
2011-01-14,-0.07486202235450853
2011-01-18,0.009369412916349854
2011-01-19,0.06751080500781777
2011-01-20,-0.034063280508739004
2011-01-21,-0.018375172387942805
2011-01-24,0.046299288176932525
2011-01-25,-0.008574910075729766
2011-01-26,0.03740594769203112
2011-01-27,-0.05767674646600693
2011-01-28,0.08275849343688968
2011-01-31,0.015393209757006114
2011-02-01,0.07000583441474234
2011-02-02,-0.014808472932214725
2011-02-03,0.0051908415550883675
2011-02-04,0.03191729721005969
2011-02-07,0.010387385313835425
2011-02-08,0.0037382472912196965
2011-02-09,0.018621815846297664
2011-02-10,-0.009140785708247853
2011-02-11,-0.02398511001049286
2011-02-14,-0.02268427398223836
2011-02-15,0.029013392970879723
2011-02-16,-0.031954807592804106
2011-02-17,-0.043689068844463025
2011-02-18,0.00812139468071214
2011-02-22,0.1168178369853178
2011-02-23,-0.05254627937923596
2011-02-24,0.03357892874870203
2011-02-25,0.07179243855382225
2011-02-28,-0.01348976605055217
2011-03-01,-0.059396041981878846
2011-03-02,0.027423762681214693
2011-03-03,0.0629421663219914
2011-03-04,-0.022258953348941034
2011-03-07,-0.06642539948638121
2011-03-08,0.028036213888852315
2011-03-09,-0.049516001261729566
2011-03-10,-0.07619260048494911
2011-03-11,0.01621427223581154
2011-03-14,-0.009900206705733763
2011-03-15,-0.0312610449491115
2011-03-16,-0.04764740970546506
2011-03-17,0.022279679709266788
2011-03-18,0.02432568473032089
2011-03-21,0.06167337250734278
2011-03-22,-0.018719246635782776
2011-03-23,0.016729662875332823
2011-03-24,0.046079455177931876
2011-03-25,0.009460133964901578
2011-03-28,-0.004429263122439913
2011-03-29,0.027617660554074337
2011-03-30,-0.0014070482292839208
2011-03-31,0.023427652702780254
2011-04-01,0.034423197012556174
2011-04-04,-0.0028492162921457524
2011-04-05,-0.0005713450539505897
2011-04-06,-0.008004352380445286
2011-04-07,0.007204724894850937
2011-04-08,0.011444510081641277
2011-04-11,-0.027094628247427775
2011-04-12,-0.030035962704158647
2011-04-13,0.0004280070678193672
2011-04-14,0.008426083326542483
2011-04-15,0.018695845674291993
2011-04-18,-0.03803870704009627
2011-04-19,0.006362475785163086
2011-04-20,0.0523545539504363
2011-04-21,0.01771867278458714
2011-04-25,0.002903389583115363
2011-04-26,-0.0464223367451341
2011-04-27,0.00019217617271171408
2011-04-28,0.01635244573174987
2011-04-29,-0.008261854062660397
2011-05-02,0.029535693237741478
2011-05-03,0.012573026165859804
2011-05-04,-0.030054506851464904
2011-05-05,-0.009951270846482126
2011-05-06,0.016359603386261697
2011-05-09,0.0011092308367623462
2011-05-10,0.01902637576712127
2011-05-11,-0.03753780165435667
2011-05-12,0.029339775611692615
2011-05-13,-0.037112176399576036
2011-05-16,-0.04345200428372478
2011-05-17,-0.01808539085606067
2011-05-18,0.03576380361819542
2011-05-19,0.006349015653094576
2011-05-20,-0.02273977532677046
2011-05-23,-0.044303419853110024
2011-05-24,-0.008384360848173187
2011-05-25,0.023257856469211295
2011-05-26,0.02586869198905565
2011-05-27,0.016267733059115694
2011-05-31,0.03690211406011613
2011-06-01,0.0664660838487942
2011-06-02,-0.0038818831280720634
2011-06-03,-0.035958433258407814
2011-06-06,-0.04071790700293508
2011-06-07,0.001645027393555424
2011-06-08,-0.02328528906964568
2011-06-09,0.01903821825412058
2011-06-10,-0.04444333321241371
2011-06-13,-0.0025899177735482708
2011-06-14,0.04991119419967848
2011-06-15,-0.052682616351343775
2011-06-16,0.006224855903077483
2011-06-17,0.004923758442742004
2011-06-20,0.02201705950642331
2011-06-21,0.052577148050860625
2011-06-22,-0.02088431062987088
2011-06-23,0.000516549019856356
2011-06-24,-0.02474774767238811
2011-06-27,0.02500987255072132
2011-06-28,0.0432403717714841
2011-06-29,0.018860516894963125
2011-06-30,-0.02675285404732717
2011-07-01,-0.045138789582894905
2011-07-05,0.0018179154189872581
2011-07-06,-0.005747178369359597
2011-07-07,-0.031943951994757844
2011-07-08,0.009045401943854763
2011-07-11,0.052442700801112484
2011-07-12,-0.020433697218898643
2011-07-13,0.01886341091892431
2011-07-14,-0.034747445247910416
2011-07-15,0.01713297852924095
2011-07-18,-0.031532789673761
2011-07-19,0.06916595080635388
2011-07-20,-0.010232686302167403
2011-07-21,0.02383636537046496
2011-07-22,-0.029864393898852322
2011-07-25,0.005597111597491328
2011-07-26,-0.0107256519094579
2011-07-27,-0.08142556420639323
2011-07-28,-0.0016964761648293565
2011-07-29,-0.01553414893542425
2011-08-01,-0.013704137566800452
2011-08-02,-0.075013530135162
2011-08-03,0.020128757619614728
2011-08-04,-0.13873501549584255
2011-08-05,-0.013365532626659172
2011-08-08,-0.18646930664171088
2011-08-09,0.1261589890507375
2011-08-10,-0.12462791909624646
2011-08-11,0.1308507614217823
2011-08-12,0.023733237230821748
2011-08-15,0.051368105031935715
2011-08-16,-0.025040904281577077
2011-08-17,-0.006734062595832202
2011-08-18,-0.1374878163981148
2011-08-19,-0.05108741910575654
2011-08-22,0.005048544629287129
2011-08-23,0.10956297061714254
2011-08-24,0.03339900134547913
2011-08-25,-0.04683166675998064
2011-08-26,0.057796416810791715
2011-08-29,0.08571961997467549
2011-08-30,-0.018226108850079432
2011-08-31,-0.005362974244989065
2011-09-01,0.026544922136686043
2011-09-02,-0.07347098941053844
2011-09-06,-0.011104273475793985
2011-09-07,0.07967473362766528
2011-09-08,-0.022530037494733174
2011-09-09,-0.071525304078495
2011-09-12,0.02844469150746391
2011-09-13,0.03211606107192043
2011-09-14,0.043015924288562324
2011-09-15,0.048792188834273456
2011-09-16,0.021751193492639008
2011-09-19,-0.0027663939364243476
2011-09-20,-0.008521865228630854
2011-09-21,-0.07086271317900897
2011-09-22,-0.0960613466053441
2011-09-23,0.023259655249089205
2011-09-26,0.05257862920070197
2011-09-27,0.031091473618726356
2011-09-28,-0.053673452979137795
2011-09-29,-0.002217500622984857
2011-09-30,-0.07443863529888037
2011-10-03,-0.08364656324896882
2011-10-04,0.06019128445829411
2011-10-05,0.06837900240820943
2011-10-06,0.052723094786804925
2011-10-07,-0.020604386317073814
2011-10-10,0.10241382969808857
2011-10-11,-0.01985224327339726
2011-10-12,-0.01884126645750592
2011-10-13,-0.026403910716664925
2011-10-14,-0.056213062605150986
2011-10-17,0.04649918054626251
2011-10-18,0.04767727743974802
2011-10-19,0.059709212169289476
2011-10-20,-0.000294612470976334
2011-10-21,0.046208926673262776
2011-10-24,-0.06174716802130376
2011-10-25,0.056714667141604724
2011-10-26,0.004984133972650793
2011-10-27,0.10417873994320648
2011-10-28,-0.004947465435295489
2011-10-31,0.050276330873196044
2011-11-01,-0.07890519325886297
2011-11-02,0.03633363839258931
2011-11-03,0.05725466438304984
2011-11-04,-0.016655239123195845
2011-11-07,0.008917657238752597
2011-11-08,0.024757851651685155
2011-11-09,-0.10679724996837803
2011-11-10,0.011534213572405505
2011-11-11,0.05705180916830012
2011-11-14,-0.02571475483910779
2011-11-15,0.036333677466022715
2011-11-16,-0.03287346658421441
2011-11-17,-0.09144544543543726
2011-11-18,-0.026866532339427953
2011-11-21,-0.05770167448942933
2011-11-22,-0.013270361406768783
2011-11-23,-0.07980520846674263
2011-11-25,-0.0316222102401402
2011-11-28,0.09658033589590517
2011-11-29,-0.02028251233420427
2011-11-30,0.11701903654025694
2011-12-01,-0.02431600684979584
2011-12-02,0.007788028550712592
2011-12-05,-0.03194235311473398
2011-12-06,0.007450718160566456
2011-12-07,-0.03200444305050975
2011-12-08,0.08294656600031647
2011-12-09,0.04178325400265555
2011-12-12,-0.03794967890099714
2011-12-13,-0.03159384817605013
2011-12-14,-0.047329755914977935
2011-12-15,0.018975847688367825
2011-12-16,0.014808107141942549
2011-12-19,-0.04296165286999577
2011-12-20,0.10780484303589437
2011-12-21,0.007182499255325046
2011-12-22,0.025809540763121946
2011-12-23,-0.02348996050414838
2011-12-27,-0.002405589896129542
2011-12-28,0.04419513169809678
2011-12-29,0.029979759609953863
2011-12-30,-0.014572529547725057
2012-01-03,0.0482752001840686
2012-01-04,0.0
2012-01-05,-0.040674035895892295
2012-01-06,-0.008976463418834808
2012-01-09,-0.001736402326859583
2012-01-10,-0.029291566898905854
2012-01-11,-0.011605789460016813
2012-01-12,-0.029248479297800837
2012-01-13,0.05652081720394191
2012-01-17,0.005664812468558775
2012-01-18,-0.14670001055237367
2012-01-19,-0.0591135098629259
2012-01-20,-0.015444993722445566
2012-01-23,0.0055834337639908095
2012-01-24,-0.00793217395170526
2012-01-25,-0.014125884968585953
2012-01-26,0.032170727428799874
2012-01-27,0.009623458055071945
2012-01-30,-0.029131083412558937
2012-01-31,0.0009614589720717663
2012-02-01,0.04567283354637264
2012-02-02,-0.017985642217123544
2012-02-03,-0.04705551839132625
2012-02-06,0.034299403785866524
2012-02-07,0.0
2012-02-08,-0.03887948525481641
2012-02-09,-0.008328062896744887
2012-02-10,0.058487977309765765
2012-02-13,0.0259392463879384
2012-02-14,-0.013718065059583985
2012-02-15,-0.0063581189549735745
2012-02-16,0.06607198271625897
2012-02-17,0.02089958699795002
2012-02-21,0.03970213331549927
2012-02-22,0.01372304602144839
2012-02-23,0.02505277740104088
2012-02-24,0.005614794220386534
2012-02-27,-0.003232153370877744
2012-02-28,-0.0448115956050335
2012-02-29,0.043518808975874027
2012-03-01,0.008019924361039878
2012-03-02,0.03203761251068537
2012-03-05,-0.03526735398148845
2012-03-06,-0.044705014844753754
2012-03-07,0.025137386128736887
2012-03-08,0.03544508409765397
2012-03-09,0.026111392663630946
2012-03-12,-0.0019891564847267047
2012-03-13,0.058184575426265484
2012-03-14,-0.011275157667769414
2012-03-15,-0.007017455852885775
2012-03-16,0.0017669658416178623
2012-03-19,-0.022046171691743475
2012-03-20,-0.005410188868673173
2012-03-21,0.0
2012-03-22,0.006346561957608441
2012-03-23,0.0031569808828618238
2012-03-26,0.05613366574677122
2012-03-27,-0.0038022817392375113
2012-03-28,-0.014349090581161107
2012-03-29,-0.010088740597739277
2012-03-30,0.0022589933502356217
2012-04-02,0.014673507366811939
2012-04-03,0.0009569869758368144
2012-04-04,-0.05448585453461997
2012-04-05,0.0030785524147932466
2012-04-09,-0.03228128361120146
2012-04-10,-0.05029417590462594
2012-04-11,0.030339724377489073
2012-04-12,0.04427040967234085
2012-04-13,-0.049459131714162274
2012-04-16,-0.014777805365684777
2012-04-17,0.05250453614955562
2012-04-18,-0.01631468647883842
2012-04-19,-0.03249903603328941
2012-04-20,-0.04039160567954827
2012-04-23,-0.02477218514797684
2012-04-24,-0.0030316031925331933
2012-04-25,0.06013616081397673
2012-04-26,0.0426634364321164
2012-04-27,-0.01645338362543823
2012-04-30,0.019516682860165984
2012-05-01,0.008759968350594173
2012-05-02,-0.007326195027962899
2012-05-03,-0.051369451723918984
2012-05-04,-0.06902915264278725
2012-05-07,0.00142747884771474
2012-05-08,-0.011485595218766999
2012-05-09,-0.007039077540678595
2012-05-10,-0.011506302349877293
2012-05-11,-0.005094726127016435
2012-05-14,-0.02853995275622045
2012-05-15,-0.020163912845520257
2012-05-16,-0.016645088696698167
2012-05-17,-0.053966900220536275
2012-05-18,-0.04060811597037237
2012-05-21,0.08691733067492446
2012-05-22,-0.0012449289304294659
2012-05-23,0.004884713799166952
2012-05-24,-0.005514343768788467
2012-05-25,-0.007344783759802477
2012-05-29,0.036228301537564706
2012-05-30,-0.03428493674268618
2012-05-31,-0.009968804074794634
2012-06-01,-0.07723111891791092
2012-06-04,0.01047923079857918
2012-06-05,0.016523885658508933
2012-06-06,0.06957065173785987
2012-06-07,-0.005818783447345895
2012-06-08,0.026873850188714708
2012-06-11,-0.04244159523769872
2012-06-12,0.03351504615771259
2012-06-13,-0.020176686822374886
2012-06-14,0.02180614805553187
2012-06-15,0.032721010637055604
2012-06-18,-0.025064636885653975
2012-06-19,-0.032034129588919595
2012-06-20,-0.003372854398147868
2012-06-21,0.0746615774307613
2012-06-22,0.02699189643191678
2012-06-25,-0.054120441413361746
2012-06-26,0.01776692126937575
2012-06-27,0.02295551840398145
2012-06-28,-0.022621530169951214
2012-06-29,0.08669620743386161
2012-07-02,-0.010017171745236095
2012-07-03,-0.023681361770748185
2012-07-05,-0.00220509478680483
2012-07-06,0.03690621152837939
2012-07-09,-0.003241525600052077
2012-07-10,-0.0324448639457862
2012-07-11,-0.006018882487134163
2012-07-12,-0.011678027424951772
2012-07-13,0.04306096368245732
2012-07-16,-0.008795946597733842
2012-07-17,0.01503127173819804
2012-07-18,0.020405537377194354
2012-07-19,-0.006822512584056971
2012-07-20,0.037685352894770985
2012-07-23,-0.03378920436406975
2012-07-24,-0.023694187553055426
2012-07-25,-0.011551002295390685
2012-07-26,0.04418570569739884
2012-07-27,0.06630810882812865
2012-07-30,0.0030333886242845613
2012-07-31,0.019152927945198475
2012-08-01,-0.008690143149858257
2012-08-02,-0.016354620974965373
2012-08-03,0.05807892089936147
2012-08-06,-0.005130842734390612
2012-08-07,-0.01547181704714005
2012-08-08,-0.00523835085648698
2012-08-09,-0.0005264187743405564
2012-08-10,-0.006322587088961399
2012-08-13,0.0010601923912349476
2012-08-14,0.0010595579393004573
2012-08-15,-0.0047619883931045515
2012-08-16,-0.020201908301678954
2012-08-17,-0.005968656448949587
2012-08-20,-0.0016376170573081416
2012-08-21,0.010388486400072271
2012-08-22,0.0053948364411567145
2012-08-23,0.022175458721801662
2012-08-24,0.018048669567725613
2012-08-27,0.002430582987775648
2012-08-28,-0.0016121105190178796
2012-08-29,0.0011677575053986975
2012-08-30,-0.0260600108188856
2012-08-31,0.01728758661799895
2012-09-04,-0.0044849057142203235
2012-09-05,-0.0015099160234189112
2012-09-06,0.06310175636253776
2012-09-07,0.0033427905278238155
2012-09-10,0.03720164322422663
2012-09-11,0.006266584829997398
2012-09-12,-0.009323593901465402
2012-09-13,-0.039526531704635555
2012-09-14,-0.027155957911949198
2012-09-17,-0.0008630589872977206
2012-09-18,-0.0023040296668909613
2012-09-19,-0.006639767242465824
2012-09-20,0.0029061618517947996
2012-09-21,-0.00029008290645491486
2012-09-24,0.019131064857332736
2012-09-25,-0.04040193620150477
2012-09-26,-0.02422883323543503
2012-09-27,0.03796260177138423
2012-09-28,-0.023429739130337468
2012-10-01,0.003043349901940825
2012-10-02,0.0034854534660791877
2012-10-03,0.006412564036321081
2012-10-04,0.01705833039956694
2012-10-05,0.01575211742374317
2012-10-08,0.010346757690059914
2012-10-09,-0.04008896176856248
2012-10-10,-0.011021685428409067
2012-10-11,0.006263938401962474
2012-10-12,-0.019350234341502508
2012-10-15,0.024151506491717982
2012-10-16,0.02615646923901379
2012-10-17,0.019905459024137956
2012-10-18,0.007339503761842498
2012-10-19,-0.055716266503655146
2012-10-22,0.0009008997697237268
2012-10-23,-0.02749008567915208
2012-10-24,-0.008626568568301081
2012-10-25,0.009238862588567714
2012-10-26,-0.00788167057952404
2012-10-31,0.005338760942007255
2012-11-01,0.035792627925820886
2012-11-02,-0.03768013896804646
2012-11-05,0.013900172611931862
2012-11-06,0.021364013219259147
2012-11-07,-0.07014976884152868
2012-11-08,-0.039336891957186225
2012-11-09,0.0036039427475695928
2012-11-12,-0.0022363471858247125
2012-11-13,-0.015449681175722155
2012-11-14,-0.0382880363366875
2012-11-15,-0.01798201039057563
2012-11-16,0.005945107834060431
2012-11-19,0.05805847322631063
2012-11-20,-0.0009774329001576588
2012-11-21,0.00507857872099721
2012-11-23,0.04519028565182043
2012-11-26,-0.012153143980890456
2012-11-27,0.006686192769841174
2012-11-28,0.02852162826253358
2012-11-29,-0.014639782175690884
2012-11-30,0.002857357521749205
2012-12-03,0.01310538622295275
2012-12-04,-4.700730204860743e-05
2012-12-05,0.0004889393133680519
2012-12-06,0.006760116819482673
2012-12-07,0.005600472241817277
2012-12-10,-0.0017253009176119503
2012-12-11,-0.018433032868495743
2012-12-12,-0.003521476951154171
2012-12-13,0.01766819604163859
2012-12-14,-0.007805362943617864
2012-12-17,0.038238977258358994
2012-12-18,-0.033234479624856414
2012-12-19,0.02209915606440812
2012-12-20,0.014146049210798501
2012-12-21,0.02626743331222287
2012-12-24,-0.014000109250616077
2012-12-26,-0.01517202178396912
2012-12-27,-0.003558435888969036
2012-12-28,-0.026678514026333686
2012-12-31,0.05904872066604225
2013-01-02,0.08224244570340274
2013-01-03,0.0038361086118073855
2013-01-04,-0.01464976920960898
2013-01-07,0.010989310961024124
2013-01-08,0.0070330426490148685
2013-01-09,0.012082813457502768
2013-01-10,0.014059251575311167
2013-01-11,-0.0019634254236860623
2013-01-14,0.003934515632859962
2013-01-15,-0.0026128309663680446
2013-01-16,0.0
2013-01-17,-0.018991426351093913
2013-01-18,-0.007343034633087394
2013-01-22,-0.015467661876327284
2013-01-23,-0.0047812259729476175
2013-01-24,0.027745971936960354
2013-01-25,-0.016483449329571655
2013-01-28,-0.006247759119280017
2013-01-29,0.016503061163390616
2013-01-30,0.009865825577864641
2013-01-31,0.005209880338341363
2013-02-01,0.040684933302970794
2013-02-04,0.04814379346142752
2013-02-05,0.03735316899727971
2013-02-06,0.008405450501277657
2013-02-07,-0.012381769574802828
2013-02-08,0.030655377750080943
2013-02-11,-0.008013476544375639
2013-02-12,-0.005952445729237483
2013-02-13,-0.010692835723938728
2013-02-14,-0.026804940421292313
2013-02-15,0.01821406031538075
2013-02-19,0.03192065888829482
2013-02-20,0.06651575620430913
2013-02-21,-0.042306489597892974
2013-02-22,0.04980358937277048
2013-02-25,-0.06189198098012936
2013-02-26,0.01836852029868555
2013-02-27,0.03784677603482918
2013-02-28,0.01635396092874334
2013-03-01,-0.011478806741406847
2013-03-04,0.0016258150564405962
2013-03-05,0.04604991208272857
2013-03-06,-0.007272729794330089
2013-03-07,-0.013736181218681523
2013-03-08,-0.0018568729915714366
2013-03-11,-0.003255809443061533
2013-03-12,-0.013999137670078203
2013-03-13,-0.011358220510690738
2013-03-14,-0.01627566157302346
2013-03-15,0.04866166040175552
2013-03-18,0.03944307077203099
2013-03-19,-0.011968565019592058
2013-03-20,0.03378700562876172
2013-03-21,-0.03742102039029886
2013-03-22,0.02023953122754217
2013-03-25,-0.0014425273847399995
2013-03-26,0.01853282690335352
2013-03-27,0.0034660777239065737
2013-03-28,0.008159051867556994
2013-04-01,0.05740022947869225
2013-04-02,-0.021273042977414437
2013-04-03,-0.055944738866575056
2013-04-04,0.0314081664535223
2013-04-05,-0.010464552528090271
2013-04-08,0.03171752537507842
2013-04-09,0.009061347897386149
2013-04-10,0.06045834114953379
2013-04-11,0.00865393995042062
2013-04-12,0.01286925493685151
2013-04-15,0.0729413724191849
2013-04-16,0.05532028387435439
2013-04-17,-0.07479475035187992
2013-04-18,-0.022692776831852172
2013-04-19,0.029171285422976312
2013-04-22,0.019410100499886007
2013-04-23,0.05552875838274816
2013-04-24,0.02612207582323675
2013-04-25,0.023900952879357677
2013-04-26,-0.02107045411125834
2013-04-29,0.026925166470402155
2013-04-30,-0.022256011350586365
2013-05-01,0.022762616399543655
2013-05-02,0.034967479281024595
2013-05-03,0.029593826576962634
2013-05-06,-0.018488142108506706
2013-05-07,-0.0016621146880734091
2013-05-08,-0.038290684863882096
2013-05-09,-0.016733922003371766
2013-05-10,-0.0258219705647501
2013-05-13,0.027711148974651646
2013-05-14,-0.014068046912500538
2013-05-15,-0.029726534266559655
2013-05-16,0.022058854077948623
2013-05-17,-0.040767520370396715
2013-05-20,0.008125141631662435
2013-05-21,0.0006199169359646507
2013-05-22,0.04956630598139616
2013-05-23,-0.004532068037597662
2013-05-24,-0.0018909517256115785
2013-05-28,0.02265905097810813
2013-05-29,-0.007381792723760839
2013-05-30,0.025306792643229728
2013-05-31,-0.03635226411603229
2013-06-03,0.014094527526088294
2013-06-04,-0.008877450734679871
2013-06-05,-0.04558305382478209
2013-06-06,0.0022272146552104305
2013-06-07,0.043149848801190396
2013-06-10,0.007964201098727676
2013-06-11,-0.04846135715707833
2013-06-12,-0.032430455583190715
2013-06-13,0.056341783566888515
2013-06-14,-0.017180475217183806
2013-06-17,0.031201830067804005
2013-06-18,0.035745750631657455
2013-06-19,-0.033672438958802536
2013-06-20,-0.08663113667646091
2013-06-21,0.008587990450843533
2013-06-24,-0.051355355665261934
2013-06-25,0.05202504106870152
2013-06-26,0.020383784710661833
2013-06-27,0.01605512911541148
2013-06-28,-0.002186795263264826
2013-07-01,0.020266984792755526
2013-07-02,-0.0008242271558718157
2013-07-03,0.012213622871733618
2013-07-05,0.039170699684783705
2013-07-08,0.06152798092344692
2013-07-09,-0.031210153535143274
2013-07-10,-0.034188071336342794
2013-07-11,-0.061266027799038364
2013-07-12,-0.018854260611410267
2013-07-15,0.0
2013-07-16,-0.00960844406511577
2013-07-17,-0.002984980791546775
2013-07-18,0.026197698666135305
2013-07-19,0.005835157766738964
2013-07-22,0.005801121848511731
2013-07-23,0.010814765187777796
2013-07-24,0.0549215942093643
2013-07-25,0.023927166703696313
2013-07-26,-0.021070829088537444
2013-07-29,0.02216224628064984
2013-07-30,0.008994815113870454
2013-07-31,0.010307643333048315
2013-08-01,0.04643736552509353
2013-08-02,0.023494365237827896
2013-08-05,0.002869837353995611
2013-08-06,0.020743840613273595
2013-08-07,-0.012842294701136889
2013-08-08,0.012371198858193499
2013-08-09,-0.009450129720050864
2013-08-12,0.01325772092116466
2013-08-13,0.01496782699088254
2013-08-14,-0.028276991433878247
2013-08-15,-0.052504839540132166
2013-08-16,-0.008024518717898617
2013-08-19,-0.017774684469282213
2013-08-20,0.028725866416258485
2013-08-21,-0.014220161295363397
2013-08-22,0.03566618819614811
2013-08-23,0.013403047110656326
2013-08-26,0.00016708008239199596
2013-08-27,-0.06637313592140318
2013-08-28,0.009655515109063335
2013-08-29,0.026089900978799943
2013-08-30,-0.031830167649464516
2013-09-03,0.01701894640745975
2013-09-04,0.029107372150989616
2013-09-05,0.004210738419847832
2013-09-06,0.005414701277260249
2013-09-09,0.04057702515799738
2013-09-10,-0.013856955928870202
2013-09-11,0.008535430077809152
2013-09-12,0.017887940745389335
2013-09-13,-0.013983108801751196
2013-09-16,-0.011690249830589743
2013-09-17,-0.0197791199904179
2013-09-18,-0.03583206752800057
2013-09-19,-0.006846017086026099
2013-09-20,0.009847267144689148
2013-09-23,-0.0020170617356352395
2013-09-24,0.004142082392229011
2013-09-25,-0.00733961011466879
2013-09-26,0.019428847610396774
2013-09-27,-0.009403645855924313
2013-09-30,-0.001695331493320794
2013-10-01,0.03229799823472339
2013-10-02,-0.007355264234583286
2013-10-03,-0.0336156006496474
2013-10-04,0.023260123106577185
2013-10-07,-0.02945589552866286
2013-10-08,-0.05244421588734361
2013-10-09,-0.012046863366555837
2013-10-10,0.06747346927128384
2013-10-11,0.034078991451159946
2013-10-14,0.016759073402851384
2013-10-15,0.012176773489883332
2013-10-16,0.03450575889710667
2013-10-17,-0.016095826593659133
2013-10-18,-0.04854893264406972
2013-10-21,-0.006100689340152651
2013-10-22,-0.0050223505982521
2013-10-23,0.01738651608668312
2013-10-24,-0.013230317742765806
2013-10-25,-0.020111959709436533
2013-10-28,-0.0017104642267923415
2013-10-29,-0.004568701962578762
2013-10-30,0.0034424000959586815
2013-10-31,-0.011393583915681047
2013-11-01,-0.007237215369438102
2013-11-04,0.019476487763657416
2013-11-05,-0.0045716625557388054
2013-11-06,-0.008703807836847233
2013-11-07,0.056160287207793626
2013-11-08,0.04894781891665534
2013-11-11,-0.0013900718270476464
2013-11-12,0.00432309485097533
2013-11-13,0.031280261464184736
2013-11-14,-0.005293728344701768
2013-11-15,-0.007687910937324526
2013-11-18,0.028605306478359203
2013-11-19,-0.008703523493727772
2013-11-20,-0.007917135375077659
2013-11-21,0.02673610850377266
2013-11-22,0.015498181207910218
2013-11-25,-0.006574986126504836
2013-11-26,-0.01564374484220564
2013-11-27,-0.02200489411096112
2013-11-29,-0.01500000288239871
2013-12-02,0.0069796642787464565
2013-12-03,-0.009196224335683045
2013-12-04,-0.005040931801415223
2013-12-05,0.0017033626960762552
2013-12-06,0.02203423165522183
2013-12-09,0.009873024559380203
2013-12-10,0.0006497393917075486
2013-12-11,-0.033427960917862126
2013-12-12,-0.01669847895632456
2013-12-13,-0.0050382065155554455
2013-12-16,0.028686192433482763
2013-12-17,0.012515048300374216
2013-12-18,0.02703820066102936
2013-12-19,0.009073301283271102
2013-12-20,0.02778880376249338
2013-12-23,-0.031126067475761892
2013-12-24,-0.0027338987047343167
2013-12-26,-0.00822495286836205
2013-12-27,0.006910922573742134
2013-12-30,0.0034315337447047216
2013-12-31,-0.022662111254827925
2014-01-02,0.04317685312336061
2014-01-03,-0.01271088451248677
2014-01-06,-0.014794336857975115
2014-01-07,0.02459084594378695
2014-01-08,0.02587786372144428
2014-01-09,-0.015877002346726846
2014-01-10,0.011100794390179036
2014-01-13,0.03498562576122365
2014-01-14,0.04533837636815898
2014-01-15,0.024338575635778063
2014-01-16,-0.007286326359559023
2014-01-17,-0.017488297264731223
2014-01-21,0.020646430099506632
2014-01-22,0.011407932476249764
2014-01-23,-0.023027009569321886
2014-01-24,-0.06646549835741497
2014-01-27,-0.0367851616721795
2014-01-28,0.005928290265043103
2014-01-29,-0.02273543071688178
2014-01-30,0.045686919331044615
2014-01-31,-0.011286602574875897
2014-02-03,-0.06468260951634303
2014-02-04,0.010521751428719913
2014-02-05,-0.002620018092253459
2014-02-06,0.04295500317992585
2014-02-07,0.05067055419721192
2014-02-10,0.016849299067884023
2014-02-11,0.03622276278395336
2014-02-12,-0.0056705649441765454
2014-02-13,-0.02281086039541077
2014-02-14,-0.0056475728116378845
2014-02-18,-0.014198928580436988
2014-02-19,0.01939705514758706
2014-02-20,0.01904152216548767
2014-02-21,0.005731892664958448
2014-02-24,0.014543683658289185
2014-02-25,0.005230760262962721
2014-02-26,-0.019364992855922095
2014-02-27,-0.000971280817587975
2014-02-28,0.002268195714958974
2014-03-03,0.020368550279679556
2014-03-04,0.046049554876782445
2014-03-05,-0.004356643788047638
2014-03-06,-0.02187819360327682
2014-03-07,0.0034409021124887423
2014-03-10,0.005830230631730392
2014-03-11,0.016024577406775663
2014-03-12,0.018213946569395425
2014-03-13,-0.04625051289485202
2014-03-14,-0.01819447026130771
2014-03-17,0.025476633302761117
2014-03-18,0.039294400556350605
2014-03-19,-0.009309092407148304
2014-03-20,0.029221945030835726
2014-03-21,-0.01985746471428621
2014-03-24,-0.023146495514172995
2014-03-25,0.014966278354541656
2014-03-26,-0.03414612545845281
2014-03-27,-0.02126565414359801
2014-03-28,0.014080250378017274
2014-03-31,0.034229409261819915
2014-04-01,0.043778988223014376
2014-04-02,0.0042735836357999275
2014-04-03,-0.005415984728698798
2014-04-04,0.08440265729589728
2014-04-07,-0.030962350915641597
2014-04-08,0.025439628102390015
2014-04-09,0.03218571196987595
2014-04-10,-0.0780224716463692
2014-04-11,-0.0374626534340621
2014-04-14,0.02338662136327413
2014-04-15,0.02064434882985282
2014-04-16,0.013026817220277188
2014-04-17,0.029991942124106438
2014-04-21,0.018866632710785022
2014-04-22,0.020557116563138612
2014-04-23,0.0069071473591983314
2014-04-24,0.010754410280660244
2014-04-25,-0.06101872809933531
2014-04-28,-0.003971096393092599
2014-04-29,0.016023507794201794
2014-04-30,0.014843261910092765
2014-05-01,-0.005009551059825096
2014-05-02,0.0007699913665322957
2014-05-05,0.005028092828701816
2014-05-06,-0.01929210096128233
2014-05-07,0.010064944758872865
2014-05-08,0.008069524035003509
2014-05-09,-0.0014972589474625108
2014-05-12,0.040688630965067016
2014-05-13,0.02301488078673421
2014-05-14,0.024746982562441858
2014-05-15,-0.03119601051423839
2014-05-16,0.02052529821807077
2014-05-19,0.02153412293855888
2014-05-20,-0.016719727681615924
2014-05-21,0.019572196679468905
2014-05-22,0.011377966211986987
2014-05-23,0.01941426923979967
2014-05-27,-0.03896103029752377
2014-05-28,-0.002457098646700756
2014-05-29,-0.004925953780329085
2014-05-30,-0.012376161982815244
2014-06-02,-0.008771847218462662
2014-06-03,-0.03034159266092374
2014-06-04,-0.011299263970999958
2014-06-05,-0.024175898193442652
2014-06-06,-0.007207208995698779
2014-06-09,-0.005444705140767939
2014-06-10,-0.0072991950006352675
2014-06-11,-0.023897083882876705
2014-06-12,0.016478481695958357
2014-06-13,0.01875653594733732
2014-06-16,0.010285076436318064
2014-06-17,0.015392804714487283
2014-06-18,0.004981591817312267
2014-06-19,0.0
2014-06-20,-0.0004960012733668746
2014-06-23,0.010912902693382413
2014-06-24,0.02158969466236149
2014-06-25,0.011960532367326544
2014-06-26,-0.007108333566136192
2014-06-27,0.005182411904474412
2014-06-30,0.01472687730824175
2014-07-01,0.03044250411188655
2014-07-02,-0.005197648706221928
2014-07-03,-0.018808803526114862
2014-07-07,0.0175720301781519
2014-07-08,-0.017087161154544922
2014-07-09,0.014965710924241746
2014-07-10,-0.013221410929747617
2014-07-11,0.0033525827942488522
2014-07-14,0.013742321272205933
2014-07-15,-0.0065432972092972115
2014-07-16,0.022757464263123976
2014-07-17,-0.05856550168583553
2014-07-18,0.0433354682046081
2014-07-21,0.002146969555952313
2014-07-22,0.019471913543604995
2014-07-23,-0.024382173407788463
2014-07-24,-0.013726800189962437
2014-07-25,-0.03443589151119635
2014-07-28,-0.0007776850857527867
2014-07-29,-0.004837316799429036
2014-07-30,0.0059808028249634234
2014-07-31,-0.06437824096941117
2014-08-01,0.0016532407073932822
2014-08-04,0.016460485281691535
2014-08-05,-0.026634764236604217
2014-08-06,0.003625626685734443
2014-08-07,-0.02454557535058572
2014-08-08,0.02736393330033431
2014-08-11,0.013848965043536696
2014-08-12,-0.003045429150278926
2014-08-13,0.030646793194686224
2014-08-14,0.01040450971318453
2014-08-15,-0.014215603639735327
2014-08-18,-0.023334726674866208
2014-08-19,-0.01798678327995112
2014-08-20,0.00027377972465581976
2014-08-21,-0.004646483319188745
2014-08-22,-0.0049422559279944335
2014-08-25,-0.010761859277530815
2014-08-26,-0.004183801866999285
2014-08-27,0.0
2014-08-28,0.003921540257824248
2014-08-29,-0.011997983693631238
2014-09-02,-0.008472041106649082
2014-09-03,0.01708897649452797
2014-09-04,0.003080700791699695
2014-09-05,0.020304820029440264
2014-09-08,-0.005672324962636179
2014-09-09,-0.02540203274383814
2014-09-10,0.01111433254441522
2014-09-11,0.00334731460345487
2014-09-12,-0.027106646299648075
2014-09-15,-0.03322805138558522
2014-09-16,0.03916862297703484
2014-09-17,0.014155717798678538
2014-09-18,0.03222613223264071
2014-09-19,0.002011998937146096
2014-09-22,0.026965212626092763
2014-09-23,-0.008245701334449615
2014-09-24,0.03415848589168749
2014-09-25,-0.058793090009446526
2014-09-26,0.033382932968461246
2014-09-29,0.00046406466395186564
2014-09-30,-0.01079629526227457
2014-10-01,-0.060368064169332575
2014-10-02,-0.008417165615343138
2014-10-03,0.022815880847237985
2014-10-06,-0.01521454972330178
2014-10-07,-0.04895652951735975
2014-10-08,0.06166229794703894
2014-10-09,-0.06427417273570649
2014-10-10,-0.05444508341753716
2014-10-13,-0.04809096509033311
2014-10-14,0.0035325413124267786
2014-10-15,-0.022901073486991216
2014-10-16,-0.007930049581429817
2014-10-17,0.03834173368647535
2014-10-20,0.03550580540785559
2014-10-21,0.06843942418426263
2014-10-22,0.016064314771578818
2014-10-23,0.04040267058922731
2014-10-24,-0.022953752389244488
2014-10-27,-0.003113603479104372
2014-10-28,-0.044292738523625044
2014-10-29,0.01069500480822162
2014-10-30,-0.007348635071875867
2014-10-31,-0.040568515680977885
2014-11-03,-0.009567823972282917
2014-11-04,0.010283339061735612
2014-11-05,-0.0009252760116993834
2014-11-06,-0.008644645733425464
2014-11-07,0.0028029457037947072
2014-11-10,-0.01086955137924827
2014-11-11,-0.00973298094269216
2014-11-12,-0.005073053411852951
2014-11-13,-0.012428218660094718
2014-11-14,-0.009680575981141916
2014-11-17,0.00944941661865765
2014-11-18,-0.02291819432464489
2014-11-19,0.012884029514409324
2014-11-20,-0.013046384321582132
2014-11-21,-0.006278833304105041
2014-11-24,-0.024276369325494783
2014-11-25,-0.0037494793651139625
2014-11-26,-0.01984259689803706
2014-11-28,-0.014310881054394398
2014-12-01,0.039187160023534263
2014-12-02,0.014887235930882689
2014-12-03,0.03570772537434406
2014-12-04,-0.003810887770895833
2014-12-05,0.01569598975203834
2014-12-08,0.041699296789729355
2014-12-09,0.003489381379461365
2014-12-10,-0.052183503338541326
2014-12-11,0.014945926704886356
2014-12-12,-0.04119099552253666
2014-12-15,-0.02921259482005545
2014-12-16,-0.03363356699297067
2014-12-17,0.059092398591176924
2014-12-18,0.06420431288575468
2014-12-19,0.0017433150285268441
2014-12-22,-0.04609646944953458
2014-12-23,0.007015083215015927
2014-12-24,-0.0038702723084473012
2014-12-26,-0.002330961805574763
2014-12-29,0.0077882463026457465
2014-12-30,0.0177740755640225
2014-12-31,-0.025401643107078334
2015-01-02,-0.004042656358482172
2015-01-05,-0.050856608684776344
2015-01-06,-0.05392444949579953
2015-01-07,0.03441839407750065
2015-01-08,0.073279539023383
2015-01-09,-0.00888364101011492
2015-01-12,-0.04559270791118631
2015-01-13,-0.01528372923879788
2015-01-14,-0.01569688808479846
2015-01-15,-0.032188057667798246
2015-01-16,0.03489896300980576
2015-01-20,0.026815187574936047
2015-01-21,0.024039960249006065
2015-01-22,0.037182822510694276
2015-01-23,0.008922220513841663
2015-01-26,0.004127981274057548
2015-01-27,-0.06738170495321397
2015-01-28,-0.0323024696875392
2015-01-29,0.02151218139174853
2015-01-30,-0.06294580214209644
2015-02-02,0.016905014067508526
2015-02-03,0.04063950705980468
2015-02-04,0.0005510471463117065
2015-02-05,0.032929170444523426
2015-02-06,-0.009277941196284702
2015-02-09,-0.028148727715058868
2015-02-10,0.05967194962866792
2015-02-11,0.003506330795423502
2015-02-12,0.04098230362661888
2015-02-13,-0.024630325577356213
2015-02-17,-0.0075758391862602295
2015-02-18,0.008481640616295028
2015-02-19,-0.008410307411359315
2015-02-20,-0.024597239424996423
2015-02-23,0.02521752082236907
2015-02-24,-0.04071255068877791
2015-02-25,0.01679925164803568
2015-02-26,-0.0191303500607759
2015-02-27,0.007092350985906138
2015-03-02,0.05501352306049339
2015-03-03,0.05673065067252599
2015-03-04,-0.006362836656400963
2015-03-05,0.002649172908436129
2015-03-06,-0.03227256652112033
2015-03-09,0.01060430315694897
2015-03-10,-0.04546438639481896
2015-03-11,-0.004575174040284738
2015-03-12,0.023158315848544445
2015-03-13,0.0052087048075054885
2015-03-16,0.030444391406783837
2015-03-17,-0.007018209989837511
2015-03-18,0.023086494666245894
2015-03-19,0.0069407757658512155
2015-03-20,0.034528422147031376
2015-03-23,-0.015056126960061268
2015-03-24,-0.012834480086707718
2015-03-25,-0.10247601668661169
2015-03-26,-0.021527630531498854
2015-03-27,0.047169842668390354
2015-03-30,0.04095899024097219
2015-03-31,-0.021088328214588163
2015-04-01,-0.00932194732409673
2015-04-02,-0.0012363698228613326
2015-04-06,0.01387540769493447
2015-04-07,-0.009360142635181385
2015-04-08,0.021738830868553206
2015-04-09,0.012961341206727282
2015-04-10,0.012231599061316715
2015-04-13,0.02250241941402197
2015-04-14,-0.015178818388790032
2015-04-15,0.03636327030321351
2015-04-16,0.003585678225128068
2015-04-17,0.045653021220433264
2015-04-20,0.03629114000378733
2015-04-21,0.004900501284943367
2015-04-22,0.010750233844392674
2015-04-23,-0.017028111776408086
2015-04-24,0.01523860638855112
2015-04-27,0.006462709931436866
2015-04-28,0.0048319593750742705
2015-04-29,-0.024760554928640446
2015-04-30,-0.055197545602842873
2015-05-01,0.028671644971739525
2015-05-04,-0.0014963929833507717
2015-05-05,-0.04274543103461525
2015-05-06,-0.0058474436011664455
2015-05-07,0.014525501110255922
2015-05-08,0.028834207325166783
2015-05-11,-0.0053434516254631
2015-05-12,-0.01846213527862346
2015-05-13,0.001993382668719401
2015-05-14,0.03709236779445823
2015-05-15,0.0024100096292270926
2015-05-18,-0.011021492109457598
2015-05-19,0.010466337430254456
2015-05-20,-0.0025639713973228044
2015-05-21,-0.01671001579607909
2015-05-22,0.003921771417823389
2015-05-26,-0.028125080447789046
2015-05-27,0.0826452491646746
2015-05-28,-0.002150921157938269
2015-05-29,-0.0035002696482820663
2015-06-01,0.006561445327808673
2015-06-02,-0.022937694286025434
2015-06-03,-0.006155275124574678
2015-06-04,-0.027470339197798718
2015-06-05,-0.003001646178797407
2015-06-08,-0.04287511953007277
2015-06-09,-0.005089814276261156
2015-06-10,0.03854202189545271
2015-06-11,0.0036963142987088173
2015-06-12,-0.01791219389707458
2015-06-15,-0.007902235881002771
2015-06-16,0.015125719901032762
2015-06-17,-0.0010020926759162657
2015-06-18,0.042338663771498766
2015-06-19,0.007598738257896665
2015-06-22,0.01980261235752182
2015-06-23,-0.005648177116142217
2015-06-24,0.01555553490666916
2015-06-25,-0.004156891937346097
2015-06-26,-0.012805921294498085
2015-06-29,-0.07325030420895146
2015-06-30,0.012515236953982973
2015-07-01,0.014687206513786098
2015-07-02,-0.009476319935461028
2015-07-06,-0.004832994110714503
2015-07-07,0.004086928096309852
2015-07-08,-0.04699123796516892
2015-07-09,0.002833798270247787
2015-07-10,0.04001765819270085
2015-07-13,0.04194468047422083
2015-07-14,0.01823004067067055
2015-07-15,-0.003094675204993236
2015-07-16,-0.041685020094390096
2015-07-17,-0.04396120754128554
2015-07-20,-0.011616454991048658
2015-07-21,0.002938145369889024
2015-07-22,-0.019402267140529745
2015-07-23,-0.014271972850578577
2015-07-24,-0.029377594497357287
2015-07-27,-0.02175773265513517
2015-07-28,0.031485948171910534
2015-07-29,0.01599009691545171
2015-07-30,0.006863707475445184
2015-07-31,-0.003586235719272219
2015-08-03,-0.010077860896868556
2015-08-04,-0.005939891412163681
2015-08-05,0.01650527687816768
2015-08-06,-0.03479094716303376
2015-08-07,-0.006346540862284976
2015-08-10,0.03562403506237789
2015-08-11,-0.032353727343771184
2015-08-12,0.005710167437929793
2015-08-13,-0.003683949025086044
2015-08-14,0.008013150932226393
2015-08-17,0.020617266035573626
2015-08-18,-0.01221831450216301
2015-08-19,-0.02105343967793062
2015-08-20,-0.07251614970641475
2015-08-21,-0.10852028513162337
2015-08-24,-0.11111096340662785
2015-08-25,-0.032294889381786054
2015-08-26,0.14723195262370545
2015-08-27,0.0764333960288443
2015-08-28,-0.0003209179353798505
2015-08-31,-0.031282853866780286
2015-09-01,-0.08976037392811596
2015-09-02,0.06844101376578707
2015-09-03,-0.007505814890165446
2015-09-04,-0.03896441137523311
2015-09-08,0.0801555671534997
2015-09-09,-0.03371671529264246
2015-09-10,0.022894901571140484
2015-09-11,0.01425512115356363
2015-09-14,-0.01103100493477701
2015-09-15,0.0341129342764831
2015-09-16,0.02065254738940541
2015-09-17,0.007495386951332127
2015-09-18,-0.042163978644601495
2015-09-21,0.001994623542213095
2015-09-22,-0.044655294674754153
2015-09-23,-0.00242295676998054
2015-09-24,-0.008139556791284516
2015-09-25,-0.013445345212845027
2015-09-28,-0.08088718769766326
2015-09-29,-0.006157554032123907
2015-09-30,0.061377046919220635
2015-10-01,0.010955256134314913
2015-10-02,0.04674793405085452
2015-10-05,0.05036658411459011
2015-10-06,0.012377405856349657
2015-10-07,-0.015177067078773848
2015-10-08,-0.012414406586995478
2015-10-09,-0.01430431508781438
2015-10-12,-0.006156508094804925
2015-10-13,0.019468846924543808
2015-10-14,-0.00978092898452261
2015-10-15,0.04724333606594455
2015-10-16,-0.014552162672226752
2015-10-19,-0.016151528766345857
2015-10-20,0.01594751983657729
2015-10-21,0.016620407916066154
2015-10-22,0.05437910160533217
2015-10-23,-0.08353455946175185
2015-10-26,-0.002634379374388355
2015-10-27,-0.007923688145013054
2015-10-28,-0.022364488889407924
2015-10-29,0.004901989788758614
2015-10-30,0.010840110508580324
2015-11-02,0.034933850940368924
2015-11-03,-0.011080221054804704
2015-11-04,-0.0011205056904878047
2015-11-05,0.009534522538140274
2015-11-06,0.0006320602759182208
2015-11-09,-0.029861562438827045
2015-11-10,-0.0008985860835300959
2015-11-11,-0.007629775080501206
2015-11-12,-0.03518776261514456
2015-11-13,-0.04635764941528143
2015-11-16,0.03952318773971052
2015-11-17,0.011491714308260192
2015-11-18,0.04335650384253042
2015-11-19,0.004269523178572633
2015-11-20,0.01514820941544235
2015-11-23,-0.023847068086890452
2015-11-24,0.017171640899013105
2015-11-25,0.0023983001694508404
2015-11-27,0.012933645941268045
2015-11-30,0.012156331331115872
2015-12-01,0.03443603906967228
2015-12-02,0.011853670596549513
2015-12-03,-0.034840807132723695
2015-12-04,0.06193552879237939
2015-12-07,-0.020463290535788027
2015-12-08,-0.012137531421158183
2015-12-09,-0.04322393526776187
2015-12-10,0.015729410959195438
2015-12-11,-0.06371288470302669
2015-12-14,0.001616498190439344
2015-12-15,0.03122410159713882
2015-12-16,0.03370937850013853
2015-12-17,-0.042854221840548316
2015-12-18,-0.04527018610048993
2015-12-21,0.04254756899862576
2015-12-22,0.011277939703376885
2015-12-23,0.022265235755446606
2015-12-24,0.00415521187597791
2015-12-28,-0.006006029305133126
2015-12-29,0.040987879330280474
2015-12-30,-0.028198207640783384
2015-12-31,-0.03911886113865218
2016-01-04,-0.047711917665757456
2016-01-05,-0.019965178516457325
2016-01-06,-0.053441167987043646
2016-01-07,-0.09864026684180055
2016-01-08,-0.03592718225597981
2016-01-11,0.011824414204242049
2016-01-12,0.029618207680736933
2016-01-13,-0.09999251361993802
2016-01-14,0.06320105194401823
2016-01-15,-0.11223571508027427
2016-01-19,0.0050132208568820415
2016-01-20,-0.02352393029419479
2016-01-21,0.009009650428727504
2016-01-22,0.07233193821819388
2016-01-25,-0.04478224443188894
2016-01-26,0.03416187833151982
2016-01-27,-0.05340973001230343
2016-01-28,0.0034386483196309214
2016-01-29,0.06988781171744535
2016-02-01,0.006047566604024779
2016-02-02,-0.08120468985678167
2016-02-03,0.01239790461666257
2016-02-04,0.02666420145948803
2016-02-05,-0.0796461536194323
2016-02-08,-0.05915505717565903
2016-02-09,-0.009584871703876606
2016-02-10,-0.011040641370980691
2016-02-11,-0.02982801398891473
2016-02-12,0.05056881359641742
2016-02-16,0.05798296485773309
2016-02-17,0.06057140654831176
2016-02-18,0.0331159304961111
2016-02-19,0.005090170227041546
2016-02-22,0.04729461847510673
2016-02-23,0.046618445200516244
2016-02-24,0.0275380138238899
2016-02-25,0.03137464668406022
2016-02-26,0.005428963242966785
2016-02-29,-0.016215310218257138
2016-03-01,0.07878103214666615
2016-03-02,-0.015523159794556925
2016-03-03,-0.004069220548891259
2016-03-04,-0.009307836242692854
2016-03-07,-0.0035232068809836364
2016-03-08,0.06629394824021104
2016-03-09,0.02008059232393219
2016-03-10,0.0075616847527655165
2016-03-11,0.054173437803747476
2016-03-14,0.009925572692645514
2016-03-15,0.007371064220708227
2016-03-16,-0.02872627580973241
2016-03-17,-0.021205491217665125
2016-03-18,-0.041334085842044684
2016-03-21,-0.005649753964278474
2016-03-22,0.003887526338584018
2016-03-23,0.03961876358409978
2016-03-24,-0.0023879468376925704
2016-03-28,0.0006447750485668997
2016-03-29,0.03326303849789453
2016-03-30,-0.02852050287891167
2016-03-31,0.01467905659162607
2016-04-01,-0.01989186452014153
2016-04-04,0.02583043679414775
2016-04-05,-0.023596193766390734
2016-04-06,0.030766475821815457
2016-04-07,-0.04090321699946252
2016-04-08,0.011518961953789538
2016-04-11,-0.004614691537070483
2016-04-12,0.012794090144358564
2016-04-13,0.04854864841838398
2016-04-14,0.025109916670931848
2016-04-15,0.004045789275915011
2016-04-18,0.011735015383789262
2016-04-19,-0.009602070086439896
2016-04-20,-0.002077689015345734
2016-04-21,0.015267068726163825
2016-04-22,0.003016196260447982
2016-04-25,-0.013531574664013165
2016-04-26,0.017491095698527415
2016-04-27,0.007668351629410501
2016-04-28,-0.05345435447343318
2016-04-29,-0.02248799818032651
2016-05-02,0.0256829724832206
2016-05-03,-0.036815181026699735
2016-05-04,-0.02160404004499515
2016-05-05,-0.005215550109496446
2016-05-06,0.013215103441871871
2016-05-09,0.006079838418764636
2016-05-10,0.03328748528881037
2016-05-11,0.027910362464862747
2016-05-12,-0.00827367741561892
2016-05-13,-0.02274462911019932
2016-05-16,0.03365665343872593
2016-05-17,-0.023418856986946533
2016-05-18,0.02499185212654903
2016-05-19,-0.015175505021995047
2016-05-20,0.05644564791672137
2016-05-23,0.009062946783527757
2016-05-24,0.06759255015409232
2016-05-25,-0.018713187992218
2016-05-26,-0.010371108027318596
2016-05-27,-0.018931686437983666
2016-05-31,-0.016540378935622345
2016-06-01,-0.016117904684863505
2016-06-02,0.0
2016-06-03,-0.009971378662534251
2016-06-06,0.012073621518401084
2016-06-07,-0.031016046852540603
2016-06-08,0.001103983013803779
2016-06-09,-0.0018376726824557797
2016-06-10,0.04860090607987208
2016-06-13,-0.02276678064394059
2016-06-14,-0.006056136552017781
2016-06-15,0.0012708439245400554
2016-06-16,-0.0005256899541800184
2016-06-17,-0.018566304853506015
2016-06-20,0.032972192570432254
2016-06-21,0.0013395457875007024
2016-06-22,-0.00817373146131254
2016-06-23,0.0684121680337986
2016-06-24,0.1711677986632423
2016-06-27,-0.10983637675526137
2016-06-28,0.06309958700818193
2016-06-29,0.06348703867019062
2016-06-30,0.05505084692347037
2016-07-01,-0.010714219931209999
2016-07-05,-0.04688646674160049
2016-07-06,0.013188298831083172
2016-07-07,0.020424238683710207
2016-07-08,0.07663557544996122
2016-07-11,-0.03259622977704112
2016-07-12,-0.04221542484556057
2016-07-13,-0.0008088800927967312
2016-07-14,-0.021853532421801096
2016-07-15,0.00041370548265312363
2016-07-18,-0.04549221915290293
2016-07-19,0.010832192020268075
2016-07-20,-0.0471498074674357
2016-07-21,0.02204248826389527
2016-07-22,0.018692272698492766
2016-07-25,-0.01791301285009838
2016-07-26,0.0684321086498734
2016-07-27,0.0002348214274176764
2016-07-28,-0.012068242184602562
2016-07-29,-0.005117571094343434
2016-08-01,-0.0035017457426985135
2016-08-02,-0.04491052349739977
2016-08-03,0.016191712424679705
2016-08-04,0.013729626281198403
2016-08-05,0.04121415142334609
2016-08-08,0.004639269613858743
2016-08-09,-0.025654111527734256
2016-08-10,0.021590141238575635
2016-08-11,0.013740296415755925
2016-08-12,-0.01408443979062036
2016-08-15,0.035820957670315914
2016-08-16,0.02098292399070824
2016-08-17,-0.004355092685527718
2016-08-18,0.02144087367094981
2016-08-19,0.012604313666776357
2016-08-22,0.0038939457183957
2016-08-23,0.018692507805191376
2016-08-24,-0.02471956368891197
2016-08-25,0.008577698755509365
2016-08-26,0.004040290440728636
2016-08-29,0.01327603745061456
2016-08-30,-0.0020643558716321475
2016-08-31,-0.0078358922980585
2016-09-01,0.014132216052877426
2016-09-02,0.011105925990179531
2016-09-06,-0.002166494049292961
2016-09-07,0.022913919552547398
2016-09-08,0.005169743883578045
2016-09-09,-0.10217478882893374
2016-09-12,0.05051434969665232
2016-09-13,-0.04287513269173625
2016-09-14,0.014290216001745251
2016-09-15,0.057741071458859754
2016-09-16,-0.00031820700060180825
2016-09-19,-0.00398569939279532
2016-09-20,-0.011907063302801155
2016-09-21,0.04006097836770515
2016-09-22,0.02781220630214539
2016-09-23,0.03463209952589197
2016-09-26,-0.03005954207821218
2016-09-27,0.032690690449605854
2016-09-28,0.013950632609738117
2016-09-29,-0.002672504551398773
2016-09-30,0.039871680338382266
2016-10-03,-0.01571507457247289
2016-10-04,-0.010609887832075338
2016-10-05,0.02060719639007371
2016-10-06,0.007476542040870667
2016-10-07,-0.014552541980412004
2016-10-10,0.0015153739393542892
2016-10-11,-0.05175562886794484
2016-10-12,-0.006508472891189826
2016-10-13,-0.023574955900252832
2016-10-14,0.012860190149712703
2016-10-17,-0.011755554190315657
2016-10-18,0.030912848102660432
2016-10-19,-0.006979445419107426
2016-10-20,0.008108263003017308
2016-10-21,0.0016754959664688589
2016-10-24,0.04568407360291753
2016-10-25,-0.006276718135282237
2016-10-26,-0.012640828176557827
2016-10-27,-0.013667685820597106
2016-10-28,-0.01725879022376669
2016-10-31,0.004848255496684261
2016-11-01,-0.0243415474736828
2016-11-02,-0.023061570050618894
2016-11-03,-0.017815256407377553
2016-11-04,-0.01446405015455642
2016-11-07,0.07907864552487329
2016-11-08,0.012993799123574633
2016-11-09,0.014028151190471877
2016-11-10,0.0645586518442338
2016-11-11,-0.11076762025239445
2016-11-14,0.011830391266846972
2016-11-15,-0.056396118809295646
2016-11-16,-0.03571448647962791
2016-11-17,-0.03023413659468139
2016-11-18,-0.022603188158927433
2016-11-21,-0.02073401029630935
2016-11-22,-0.03338744100615287
2016-11-23,-0.0025272647562415837
2016-11-25,-0.002533954336709768
2016-11-28,0.005927388964887496
2016-11-29,-0.004049671201904924
2016-11-30,0.015886389004220756
2016-12-01,-0.08209921688105251
2016-12-02,0.017751594701235364
2016-12-05,0.04487824006734191
2016-12-06,0.0367850864133437
2016-12-07,-0.06305564917459525
2016-12-08,-0.024158872760466937
2016-12-09,0.011494378630094159
2016-12-12,0.02272722221440208
2016-12-13,-0.035042826056091124
2016-12-14,0.004428971711799293
2016-12-15,0.03823731297797322
2016-12-16,0.032679699770294064
2016-12-19,0.025473361482257158
2016-12-20,0.026827304945371857
2016-12-21,-0.0028736754266492277
2016-12-22,-0.0047510635057331635
2016-12-23,0.014918431785898738
2016-12-27,0.02564274007680042
2016-12-28,-0.04535829480081246
2016-12-29,0.0013600843548080225
2016-12-30,-0.02920088196045327
2017-01-03,0.007473095644986384
2017-01-04,0.03032458167057809
2017-01-05,-0.03228050197728126
2017-01-06,0.006855438754106835
2017-01-09,-0.03274083853524389
2017-01-10,0.022334166798403915
2017-01-11,0.0070286757009280915
2017-01-12,-0.02472016405973567
2017-01-13,0.02038190671946272
2017-01-17,-0.04503652543404284
2017-01-18,0.026162085756862515
2017-01-19,-0.019451394542294203
2017-01-20,0.026912840528723177
2017-01-23,-0.015637230679823252
2017-01-24,0.05169382107370489
2017-01-25,0.03745106749832471
2017-01-26,0.016483511366146807
2017-01-27,-0.03675661114600527
2017-01-30,-0.027845772352299857
2017-01-31,-0.01056397227740558
2017-02-01,0.023507149404030692
2017-02-02,-0.006483044063659547
2017-02-03,0.03120414140244435
2017-02-06,-0.010215392228655779
2017-02-07,-0.0006880197562643331
2017-02-08,-0.00021807955916271736
2017-02-09,0.0074219047055079646
2017-02-10,0.003413006140364156
2017-02-13,-0.00680289039481268
2017-02-14,0.009132616685812077
2017-02-15,-0.02488676156286109
2017-02-16,-0.0023204068971145347
2017-02-17,-0.016279246242496572
2017-02-21,-0.0437349050936881
2017-02-22,-0.0012361071519154632
2017-02-23,0.05074238290489632
2017-02-24,0.0023557382361332592
2017-02-27,-0.03172742519550157
2017-02-28,0.03883516915288302
2017-03-01,-0.0478974114035119
2017-03-02,0.033128884119100505
2017-03-03,-0.0023987942945116244
2017-03-06,-0.009472914965074325
2017-03-07,-0.006677962906405316
2017-03-08,-0.005659385503329893
2017-03-09,-0.0030835898570947804
2017-03-10,0.02351179609722662
2017-03-13,0.01626087727222252
2017-03-14,-0.012247561521996804
2017-03-15,0.034159039464616604
2017-03-16,0.002607479666531672
2017-03-17,0.007446781007162045
2017-03-20,0.005906842623879652
2017-03-21,-0.07618685935341182
2017-03-22,0.01520977609504379
2017-03-23,-0.007834712151823133
2017-03-24,0.01325418828360752
2017-03-27,0.005263702105589521
2017-03-28,0.014349114261683837
2017-03-29,0.002401477479827863
2017-03-30,0.011019146323508078
2017-03-31,-0.002143428079218549
2017-04-03,-0.00975925796853548
2017-04-04,-0.005314597553327264
2017-04-05,-0.016440388505815168
2017-04-06,0.002253145838503487
2017-04-07,0.005920924524592743
2017-04-10,-0.0108604383865548
2017-04-11,-0.018273402665884633
2017-04-12,-0.0322936515872031
2017-04-13,-0.015346017293066505
2017-04-17,0.030971999385521302
2017-04-18,0.0041604430437562605
2017-04-19,0.00966373532328685
2017-04-20,0.035647925404542896
2017-04-21,-0.007083762937432831
2017-04-24,0.03956134953723522
2017-04-25,-0.03066666033837811
2017-04-26,0.023383672698530387
2017-04-27,-0.04166689449965597
2017-04-28,0.051893750238481764
2017-05-01,0.02717458527268077
2017-05-02,-0.005710712085640843
2017-05-03,0.009673331657466023
2017-05-04,-0.0007204139787029425
2017-05-05,-0.010494860985714751
2017-05-08,-0.006666388403584823
2017-05-09,-0.010372333507414455
2017-05-10,-0.0015415124754022706
2017-05-11,0.00246996206303817
2017-05-12,0.00777947574472602
2017-05-15,0.02762759044067188
2017-05-16,-0.044922432848947945
2017-05-17,-0.10345027776065949
2017-05-18,0.040790482701809266
2017-05-19,0.022330899306550113
2017-05-22,0.028924834935541214
2017-05-23,-0.004533269410209149
2017-05-24,0.016191405550793788
2017-05-25,0.02159177970527048
2017-05-26,-0.01427614171755043
2017-05-30,-0.018275929514299693
2017-05-31,0.0007025610882075865
2017-06-01,0.0072166051159112
2017-06-02,-0.029556714517654157
2017-06-05,-0.008702174990604244
2017-06-06,-0.010241223059875485
2017-06-07,0.017195226733647394
2017-06-08,-0.052213493148181044
2017-06-09,0.12455080237469855
2017-06-12,-0.017449963127270457
2017-06-13,0.021339543489448054
2017-06-14,0.03239572054882723
2017-06-15,-0.01878351507703638
2017-06-16,-0.011776609533516216
2017-06-19,0.052658757826437974
2017-06-20,0.033580529563260034
2017-06-21,0.031542645438480094
2017-06-22,-0.004321944934351759
2017-06-23,0.010237676977773877
2017-06-26,-0.019050665847200405
2017-06-27,-0.06780462458707012
2017-06-28,0.046446456580117576
2017-06-29,-0.0627600020119526
2017-06-30,-0.00905516379933408
2017-07-03,-0.03480842812517568
2017-07-05,0.04522535219467692
2017-07-06,-0.020016903657238284
2017-07-07,0.03934497104286922
2017-07-10,0.02830592123394103
2017-07-11,0.015816157044470133
2017-07-12,0.04165892957314472
2017-07-13,-0.0009655470901978247
2017-07-14,-0.038965481241687326
2017-07-17,0.011746708703157867
2017-07-18,-0.01048686089107249
2017-07-19,-0.02725243703409642
2017-07-20,-0.007781857359877018
2017-07-21,0.02352941665247178
2017-07-24,0.011111360970831114
2017-07-25,0.0011366617119874093
2017-07-26,-0.03292985431929457
2017-07-27,0.04696683138109173
2017-07-28,0.013084016506250835
2017-07-31,-0.017735660258964944
2017-08-01,0.011626216038102627
2017-08-02,0.021699202794664436
2017-08-03,0.011035939828402633
2017-08-04,0.0024950237724685105
2017-08-07,0.03482178318943339
2017-08-08,0.010914571331919493
2017-08-09,-0.006882642240173254
2017-08-10,-0.0741743552862123
2017-08-11,0.019718696047904667
2017-08-14,0.057857230811836774
2017-08-15,0.004593687658995835
2017-08-16,0.004853179614881827
2017-08-17,-0.07061371141045336
2017-08-18,0.0027834127895284763
2017-08-21,-0.011636020376829674
2017-08-22,0.045965122715517046
2017-08-23,0.0009303425687914183
2017-08-24,-0.0047505135178753525
2017-08-25,-0.010856380017983332
2017-08-28,0.008269274498855752
2017-08-29,0.00968514896738618
2017-08-30,0.04280231425701424
2017-08-31,0.028869746649334914
2017-09-01,-0.012840959381827319
2017-09-05,0.03983724158578947
2017-09-06,0.007306362392047194
2017-09-07,0.005395716287413425
2017-09-08,-0.030816886830248545
2017-09-11,0.04513703487038599
2017-09-12,-0.012939616806593666
2017-09-13,-0.00491614063689871
2017-09-14,-0.013585654927348154
2017-09-15,-0.05050105942320685
2017-09-18,-0.03956031551539857
2017-09-19,-0.010983965228029597
2017-09-20,0.040721858976590225
2017-09-21,0.013783903077603583
2017-09-22,0.007408946083537585
2017-09-25,-0.03236144612487306
2017-09-26,0.0037151581756341644
2017-09-27,0.0645331341196495
2017-09-28,-0.022573509618797064
2017-09-29,-0.024480361423367777
2017-10-02,-0.01799243896803742
2017-10-03,-0.009642999878222506
2017-10-04,-0.006329305221656176
2017-10-05,-0.0034296039936885154
2017-10-06,-0.011799495456199412
2017-10-09,-0.022885757376458853
2017-10-10,-0.01731132551790922
2017-10-11,-0.019689352961389787
2017-10-12,0.01004246093095997
2017-10-13,-0.01936177813691851
2017-10-16,-0.0149413761176098
2017-10-17,0.002167054911541576
2017-10-18,-0.010270107139196202
2017-10-19,0.008191869578122768
2017-10-20,-0.01462589894614329
2017-10-23,-0.015393145607499714
2017-10-24,0.01274947697531988
2017-10-25,-0.025701521668365118
2017-10-26,0.012500586575336172
2017-10-27,0.040763096583948666
2017-10-30,-0.00715568772621721
2017-10-31,0.01651755255932909
2017-11-01,-0.0053416775179604215
2017-11-02,0.004093057338576213
2017-11-03,0.04073077508311704
2017-11-06,-0.04237285970064729
2017-11-07,0.002722912694430145
2017-11-08,-0.010862146220562882
2017-11-09,0.05971170161054886
2017-11-10,0.009345720808965355
2017-11-13,0.00559171052452548
2017-11-14,-0.006375977390717612
2017-11-15,-0.020690929651058322
2017-11-16,0.041280941199993884
2017-11-17,-0.01223602764967504
2017-11-20,0.01664385710959005
2017-11-21,0.03375089252614291
2017-11-22,0.018664711385484593
2017-11-24,0.018991052750450127
2017-11-27,0.03543031737043628
2017-11-28,0.0020949502133975756
2017-11-29,0.1303134135679706
2017-11-30,-0.01787904350134861
2017-12-01,0.03389821941739967
2017-12-04,0.0728598313426316
2017-12-05,-0.0005661649105341927
2017-12-06,0.0050508599517062975
2017-12-07,0.01956492018983368
2017-12-08,-0.0012595879212457433
2017-12-11,-0.017421241367497956
2017-12-12,0.028959694084687227
2017-12-13,0.0017230079830979094
2017-12-14,0.0011467164709051904
2017-12-15,0.038511143796846094
2017-12-18,-0.06658645891371519
2017-12-19,0.003213470745174296
2017-12-20,-0.019218453755122693
2017-12-21,-0.009617078906122655
2017-12-22,0.0031665281834762716
2017-12-26,0.027777623575806383
2017-12-27,0.004270850886696374
2017-12-28,0.00836298637596109
2017-12-29,0.029962704590411806
2018-01-02,0.05538545866409188
2018-01-03,-0.05082511592643281
2018-01-04,-0.017385299005659736
2018-01-05,-0.01769282030350043
2018-01-08,-0.02305474646465163
2018-01-09,0.028760999720612253
2018-01-10,0.03584223021156571
2018-01-11,-0.017992969533913796
2018-01-12,-0.01550386555133802
2018-01-16,-0.010737259296856864
2018-01-17,-0.08610711996083047
2018-01-18,-0.013460044725615228
2018-01-19,-0.0032101548195047833
2018-01-22,-0.021739245404047987
2018-01-23,-0.022222255162683394
2018-01-24,0.06649825877343919
2018-01-25,0.05288103393708764
2018-01-26,-0.09520267902247478
2018-01-29,0.0033142315255664276
2018-01-30,0.058629151708107966
2018-01-31,0.018999115992627127
2018-02-01,-0.019861634350887662
2018-02-02,-0.07243447609182174
2018-02-05,-0.12461537827874022
2018-02-06,0.08981129973085629
2018-02-07,-0.05303898197402928
2018-02-08,-0.1252192703780956
2018-02-09,0.06877225793900925
2018-02-12,0.0543573361085609
2018-02-13,0.0053121164425130474
2018-02-14,0.06284804250515147
2018-02-15,0.04458909979804963
2018-02-16,-0.011252833016054769
2018-02-20,0.028257918539672883
2018-02-21,-0.021644972193452402
2018-02-22,-0.0036406008666474378
2018-02-23,0.06225115404227673
2018-02-26,-0.038882443191946156
2018-02-27,0.036662470501780245
2018-02-28,-0.02380975120642673
2018-03-01,-0.04818665717448303
2018-03-02,0.039541827468804726
2018-03-05,0.02930078625418126
2018-03-06,0.029016765601142632
2018-03-07,0.007682760974905044
2018-03-08,0.009467580741666004
2018-03-09,0.06030432749751809
2018-03-12,-0.028913277806032586
2018-03-13,0.045174723813018965
2018-03-14,-0.0019056174475339015
2018-03-15,-0.0036917576388137497
2018-03-16,-0.003695366080211024
2018-03-19,-0.060341978447629126
2018-03-20,0.015431919824054804
2018-03-21,-0.003673323454785151
2018-03-22,-0.07770248727167801
2018-03-23,-0.09061661441898944
2018-03-26,0.08911837708627897
2018-03-27,-0.10368766406227918
2018-03-28,-0.01838446014750217
2018-03-29,0.042308366222250225
2018-04-02,-0.07985544488116976
2018-04-03,0.03570667169519229
2018-04-04,0.041003158612332474
2018-04-05,0.0180170795978596
2018-04-06,-0.07022699006772107
2018-04-09,0.01597513043013346
2018-04-10,0.056912066143990046
2018-04-11,-0.01583482822413259
2018-04-12,0.04601105420247416
2018-04-13,-0.019199420096877806
2018-04-16,0.014209139584349172
2018-04-17,0.06017244374226113
2018-04-18,0.03187616283339215
2018-04-19,0.12886164283259366
2018-04-20,-0.04192947019948341
2018-04-23,-0.02414723493831964
2018-04-24,-0.04014217983490598
2018-04-25,-0.00048410074173751397
2018-04-26,0.03710084273819912
2018-04-27,-0.009888140282810287
2018-04-30,-0.02427843976565784
2018-05-01,0.023371332369497403
2018-05-02,-0.0036344182618771315
2018-05-03,-0.008097151360194337
2018-05-04,0.06417158927658109
2018-05-07,0.02558113208299034
2018-05-08,0.009081429844964189
2018-05-09,0.03843924290811368
2018-05-10,-0.029639445829691097
2018-05-11,0.022598785617922
2018-05-14,-0.005297916325140492
2018-05-15,0.03328918571439255
2018-05-16,0.029380704184768697
2018-05-17,0.011583378333672262
2018-05-18,-0.006257111729075589
2018-05-21,0.018969429332780122
2018-05-22,-0.016067988081502806
2018-05-23,0.020576305556391016
2018-05-24,0.004738761340444361
2018-05-25,0.00952593910105063
2018-05-29,-0.015957093022223708
2018-05-30,0.03312390839593833
2018-05-31,-0.013793178192252583
2018-06-01,0.034652864331671175
2018-06-04,0.019209692683456195
2018-06-05,0.011812403415289321
2018-06-06,0.017897530673651792
2018-06-07,0.02587147107257017
2018-06-08,0.026315804740165497
2018-06-11,0.00747827400305507
2018-06-12,-0.014845865705301773
2018-06-13,0.003229123941522217
2018-06-14,0.016393233228178847
2018-06-15,0.0021835329822414377
2018-06-18,-0.007819061189982192
2018-06-19,-0.015266918120973385
2018-06-20,0.019761349692520545
2018-06-21,-0.027454438852858212
2018-06-22,-0.010765387540794227
2018-06-25,-0.05551802088340556
2018-06-26,0.01495184990813216
2018-06-27,-0.04480422957171055
2018-06-28,0.01630032854107689
2018-06-29,0.00035547615401176316
2018-07-02,0.022283068981982825
2018-07-03,-0.011811190697410243
2018-07-05,0.03559316898591093
2018-07-06,0.034630154603096194
2018-07-09,-0.029104336320084412
2018-07-10,-0.0015374378680485948
2018-07-11,0.016166348182666185
2018-07-12,0.030963883749633016
2018-07-13,-0.0031924249559539446
2018-07-16,0.008006419155218242
2018-07-17,-0.01985686175222007
2018-07-18,0.006482992334096695
2018-07-19,0.0161030026904324
2018-07-20,-0.006509647650015778
2018-07-23,0.006074181369173258
2018-07-24,-0.009043199106009304
2018-07-25,-0.04207126671768011
2018-07-26,0.04391899444703357
2018-07-27,0.04207118434936029
2018-07-30,-0.03136246410393525
2018-07-31,0.02528248640321159
2018-08-01,0.005349326644253961
2018-08-02,0.030516505707572646
2018-08-03,-0.001815605731431324
2018-08-06,-0.018608403710198597
2018-08-07,-0.009893095681266284
2018-08-08,-0.0016651973416519734
2018-08-09,0.0008341572447541665
2018-08-10,0.022500080597404933
2018-08-13,-0.010242105409816318
2018-08-14,0.0240329484008768
2018-08-15,-0.03682794868513549
2018-08-16,0.017332363964324932
2018-08-17,0.007012010335344122
2018-08-20,0.0029800106905384207
2018-08-21,0.022285212511886653
2018-08-22,-0.011373133096455776
2018-08-23,-0.0069219185026465815
2018-08-24,0.020958235747350378
2018-08-27,-0.0294365075987678
2018-08-28,-0.004332542342198327
2018-08-29,-0.035683299255823746
2018-08-30,0.0063176534571779755
2018-08-31,-0.003587358371522461
2018-09-04,0.01350114145972507
2018-09-05,-0.027062972501603687
2018-09-06,-0.05411486192801028
2018-09-07,-0.006350467499219286
2018-09-10,0.007799540978036127
2018-09-11,0.012429125160684732
2018-09-12,-0.00814568372533414
2018-09-13,0.014817286294856062
2018-09-14,0.006944368344306482
2018-09-17,0.043965729919899624
2018-09-18,0.019918727447984157
2018-09-19,0.0005517316527212258
2018-09-20,0.027357482681814174
2018-09-21,0.01746718872591036
2018-09-24,-0.008583618226136708
2018-09-25,3.1251195696677114e-05
2018-09-26,-0.005121863650219616
2018-09-27,0.017969702998154022
2018-09-28,-0.001299694576928529
2018-10-01,0.00850619449097256
2018-10-02,0.005415229564681533
2018-10-03,0.002167158043208189
2018-10-04,-0.040516416038104866
2018-10-05,-0.026586060038522576
2018-10-08,-0.009537962694062724
2018-10-09,0.0016629775797225872
2018-10-10,-0.11249725900370365
2018-10-11,-0.04335565248798377
2018-10-12,0.09319399691717345
2018-10-15,-0.027295272091117564
2018-10-16,0.07430685583057459
2018-10-17,0.002730485127365437
2018-10-18,-0.05616700727221924
2018-10-19,-0.003458035739301258
2018-10-22,0.001069074133045557
2018-10-23,-0.01404210376994308
2018-10-24,-0.11385850966817404
2018-10-25,0.07854836774613506
2018-10-26,-0.06602169551104503
2018-10-29,-0.035163576860312094
2018-10-30,0.04263505588836603
2018-10-31,0.04864955278518811
2018-11-01,0.037372677180613184
2018-11-02,-0.032069908449768716
2018-11-05,0.004594706493903524
2018-11-06,0.01950560808486091
2018-11-07,0.07719682687123888
2018-11-08,0.005185830130274978
2018-11-09,0.027944882029271968
2018-11-12,-0.07297102026723178
2018-11-13,-0.0027389620527367964
2018-11-14,-0.023571355671029505
2018-11-15,0.042541069892976006
2018-11-16,-0.001855362419624993
2018-11-19,-0.07208656454868688
2018-11-20,-0.056211794590930196
2018-11-21,0.01574699243430638
2018-11-23,-0.021118938777381448
2018-11-26,0.057555588478175046
2018-11-27,0.010032947902124403
2018-11-28,0.08131286865101706
2018-11-29,0.006097654938479434
2018-11-30,0.020499067434822358
2018-12-03,-0.03709784379473943
2018-12-04,0.09417786094438245
2018-12-06,0.004121260485646009
2018-12-07,-0.08408946844201778
2018-12-10,0.017925908664768918
2018-12-11,0.005283347950808201
2018-12-12,0.020547111865494065
2018-12-13,-0.00047649018946342687
2018-12-14,-0.06588737308814079
2018-12-17,-0.06256892413830857
2018-12-18,0.007459784932496728
2018-12-19,-0.05932348234498525
2018-12-20,-0.0445608067859129
2018-12-21,-0.0798167570042975
2018-12-24,-0.08281503991545372
2018-12-26,0.17821951872448566
2018-12-27,0.02446319569189597
2018-12-28,0.008175375452019178
2018-12-31,0.022872065191995722
2019-01-02,0.014341985731573676
2019-01-03,-0.12708857617293623
2019-01-04,0.11480805341432294
2019-01-07,0.027392562105971956
2019-01-08,0.028339281634391054
2019-01-09,-0.01380998327531021
2019-01-10,-0.011849534807462406
2019-01-11,0.0007270397083935169
2019-01-14,0.01779199546275945
2019-01-15,0.04458144101865155
2019-01-16,-0.006642124034556877
2019-01-17,-0.023031097458326922
2019-01-18,-0.03916378744597005
2019-01-22,0.03957250317859507
2019-01-23,0.0028490506110178337
2019-01-24,0.010184417928457912
2019-01-25,0.04411056282473806
2019-01-28,0.0587581755298116
2019-01-29,-0.02383890243442959
2019-01-30,0.06651812055791448
2019-01-31,0.0
2019-02-01,-0.03622388601190428
2019-02-04,-0.013667550256291246
2019-02-05,-0.013856940689564314
2019-02-06,-0.07962529907817585
2019-02-07,0.0648856688699411
2019-02-08,-0.0002015779539525299
2019-02-11,0.007942736958996726
2019-02-12,0.05068843626037631
2019-02-13,-0.010295969402924635
2019-02-14,-0.007802275237258896
2019-02-15,-0.013106347390492611
2019-02-19,0.003984135449304348
2019-02-20,-0.025132192967060395
2019-02-21,0.021709474566498296
2019-02-22,-0.03054438736235277
2019-02-25,-0.026027455219911164
2019-02-26,0.019690536127932264
2019-02-27,0.03724139729866411
2019-02-28,-0.0026595989904490535
2019-03-01,0.0230390098035565
2019-03-04,0.0
2019-03-05,-0.013810501195690463
2019-03-06,-0.05429390525078277
2019-03-07,-0.029513921207196987
2019-03-08,-0.00172821223801164
2019-03-11,0.06186060281514946
2019-03-12,0.013970450049910295
2019-03-13,0.01696175711666998
2019-03-14,0.017832632438378758
2019-03-15,-0.08760100565678401
2019-03-18,0.0073855534827834525
2019-03-19,-0.04012945397589055
2019-03-20,0.0290965563155906
2019-03-21,0.07498890371564107
2019-03-22,0.08485849724464395
2019-03-25,-0.02220993947034627
2019-03-26,0.02193124172809633
2019-03-27,-0.03161480453684719
2019-03-28,0.0006839522764271375
2019-03-29,0.033980252954609186
2019-04-01,0.05623016812004167
2019-04-02,-0.003284089768102996
2019-04-03,-0.06754514834564328
2019-04-04,-0.0017670713366180174
2019-04-05,-0.024778618424652364
2019-04-08,-0.0072594716948692056
2019-04-09,0.034735004942793864
2019-04-10,0.020928581344849168
2019-04-11,0.0
2019-04-12,-0.03985528053752943
2019-04-15,0.020754928697443744
2019-04-16,-0.09427007308813977
2019-04-17,-0.04489799017258973
2019-04-18,0.0025216536631083694
2019-04-22,0.002145934328675057
2019-04-23,-0.02997841157626909
2019-04-24,-0.030905180291158598
2019-04-25,0.05466969585190643
2019-04-26,0.025917838083507276
2019-04-29,0.004210659385001709
2019-04-30,-0.020964471125766285
2019-05-01,0.023554730710191932
2019-05-02,0.010531115618352668
2019-05-03,0.03328107622076518
2019-05-06,-0.033676668558165014
2019-05-07,-0.06553648652723676
2019-05-08,-0.01629276439972356
2019-05-09,-0.02548695532353156
2019-05-10,0.002856681982128537
2019-05-13,-0.12165627409014448
2019-05-14,0.0503889613934634
2019-05-15,0.033329366647822094
2019-05-16,-0.007952628504698408
2019-05-17,-0.043934429774677486
2019-05-20,-0.08158194179329335
2019-05-21,0.04424324758093612
2019-05-22,-0.03477411863501202
2019-05-23,-0.04887341809091834
2019-05-24,-0.013700920980647038
2019-05-28,-0.018854682149812507
2019-05-29,-0.006170199591136624
2019-05-30,0.017322886730330302
2019-05-31,-0.04577025581950916
2019-06-03,-0.027001069339285942
2019-06-04,0.09956529587316817
2019-06-05,0.0010690014892914563
2019-06-06,0.021055822227642428
2019-06-07,-0.03369052136432064
2019-06-10,-0.07923939165482188
2019-06-11,-0.005163629312813252
2019-06-12,0.06920426297759537
2019-06-13,-0.016181232791717744
2019-06-14,0.07730279274126335
2019-06-17,-0.018887560184309805
2019-06-18,-0.04224591657684063
2019-06-19,-0.01200485268428681
2019-06-20,-0.026561089245110008
2019-06-21,0.0034835903302436635
2019-06-24,0.0014462440365968078
2019-06-25,0.050442037596086994
2019-06-26,0.004155719458520298
2019-06-27,0.02748211512962186
2019-06-28,0.0041780054908650156
2019-07-01,0.06070236368652761
2019-07-02,0.04145527963155098
2019-07-03,-0.021895541073546635
2019-07-05,0.005826308833638422
2019-07-08,0.02164659755083891
2019-07-09,0.01904242664419494
2019-07-10,0.025273104415164466
2019-07-11,0.0024982437289896133
2019-07-12,-0.016510901297368104
2019-07-15,-0.024034352040273627
2019-07-16,0.034300977290864974
2019-07-17,-0.003227398775808782
2019-07-18,0.02532258562471455
2019-07-19,-0.015136787948907746
2019-07-22,0.041764915060217775
2019-07-23,0.02923329724399933
2019-07-24,0.05852157357371106
2019-07-25,0.0510316247244031
2019-07-26,0.014474655274149133
2019-07-29,-0.006198447901446242
2019-07-30,-0.010083365070719491
2019-07-31,-0.06949736395870046
2019-08-01,-0.036420306099692816
2019-08-02,-0.046286036843972644
2019-08-05,-0.11718355074284818
2019-08-06,0.04065856400402945
2019-08-07,0.017620897077022253
2019-08-08,0.07346176212329802
2019-08-09,-0.04203203496314794
2019-08-12,-0.03457933673939111
2019-08-13,0.05590064534731622
2019-08-14,-0.091669315750953
2019-08-15,-0.006233859926424791
2019-08-16,0.044912448619573504
2019-08-19,0.04670763826010621
2019-08-20,-0.018214953404480972
2019-08-21,0.026909476593742945
2019-08-22,-0.005356383132127098
2019-08-23,-0.11070509930612177
2019-08-26,0.036629499652611294
2019-08-27,-0.008488782542196224
2019-08-28,0.015377894276562684
2019-08-29,0.041608951175516676
2019-08-30,-0.004023229962177007
2019-09-03,-0.023418156921376297
2019-09-04,0.03739846709751761
2019-09-05,0.06613258313014511
2019-09-06,-0.004219638706346862
2019-09-09,-0.014565619038982612
2019-09-10,-0.012630870422967575
2019-09-11,-0.04518252965860938
2019-09-12,-0.007696809916502383
2019-09-13,0.008331061045602576
2019-09-16,0.020227955804313268
2019-09-17,-0.00837752036546822
2019-09-18,-0.0022528986444981126
2019-09-19,0.01608814780843917
2019-09-20,0.05444429703618924
2019-09-23,0.0157286716590786
2019-09-24,-0.0366557395681398
2019-09-25,0.03435863530975197
2019-09-26,-0.0013873669407266792
2019-09-27,-0.05457982545742431
2019-09-30,0.023068634324333308
2019-10-01,-0.025776400820730724
2019-10-02,-0.049197487142426326
2019-10-03,0.04205220998854563
2019-10-04,0.048206830910221724
2019-10-07,-0.016131778025831493
2019-10-08,-0.06892808622759386
2019-10-09,0.04019694885835816
2019-10-10,0.0254692744695402
2019-10-11,0.052241019439062605
2019-10-14,0.0004601769262344342
2019-10-15,0.05189344797965687
2019-10-16,0.04381129700132565
2019-10-17,0.00867601214131725
2019-10-18,0.03445195681387379
2019-10-21,0.04164275054404123
2019-10-22,0.02220875589412395
2019-10-23,-0.026736289471858646
2019-10-24,0.04991763110125285
2019-10-25,-0.060964608332837504
2019-10-28,-0.05264856722131516
2019-10-29,0.02693496576302726
2019-10-30,-0.0006641625030901825
2019-10-31,0.01794024304156078
2019-11-01,-0.0682114313560677
2019-11-04,-0.06584932460700683
2019-11-05,-0.005999354010272427
2019-11-06,0.024141763265059367
2019-11-07,-0.021362705836051397
2019-11-08,-0.014302178702570379
2019-11-11,0.015655188493170227
2019-11-12,-0.008646491780003407
2019-11-13,0.00037905886255307886
2019-11-14,0.00833968557136758
2019-11-15,-0.02593986657513069
2019-11-18,0.0069470070804566126
2019-11-19,0.014564910966837373
2019-11-20,0.035512069810465084
2019-11-21,-0.020964862763102336
2019-11-22,0.0011141842282044278
2019-11-25,0.053383783507354274
2019-11-26,0.014874122008463409
2019-11-27,-0.02142067843229199
2019-11-29,0.03225815798239667
2019-12-02,0.044642913315596895
2019-12-03,-0.03409323975147217
2019-12-04,0.030704926840549818
2019-12-05,0.008630349205816887
2019-12-06,0.03874949291249999
2019-12-09,-0.014610598007886035
2019-12-10,0.004530149313982037
2019-12-11,0.04078120688771277
2019-12-12,0.05322598370071212
2019-12-13,0.01624220556755209
2019-12-16,-0.029373626514416416
2019-12-17,-0.012906212340574132
2019-12-18,0.0018034873286687037
2019-12-19,-0.0247524010526285
2019-12-20,-0.03184127411199722
2019-12-23,-0.006024305931243212
2019-12-24,-0.007695933433616079
2019-12-26,-0.0033930956114936644
2019-12-27,0.010214069878576915
2019-12-30,0.022628799853639546
2019-12-31,0.006198556310075873
2020-01-02,0.05596745605631431
2020-01-03,0.05409466931018587
2020-01-06,-0.006353060842636368
2020-01-07,0.02448548454420561
2020-01-08,0.012610046616590518
2020-01-09,0.021286706217979002
2020-01-10,0.0205206365971507
2020-01-13,0.03707677575434017
2020-01-14,-0.006122505019653486
2020-01-15,0.03542103775723483
2020-01-16,-0.049082825910430845
2020-01-17,-0.01981210262080351
2020-01-21,0.002127517644751531
2020-01-22,-0.024416334792172246
2020-01-23,-0.023939098443592394
2020-01-24,0.034559917346111566
2020-01-27,-0.08890997810433754
2020-01-28,0.05865374199721879
2020-01-29,-0.025237603292292965
2020-01-30,0.004147071816175926
2020-01-31,-0.0767322463469988
2020-02-03,0.042389106765045384
2020-02-04,0.07966705464734686
2020-02-05,0.03635695995959282
2020-02-06,-0.001633006397889058
2020-02-07,0.07306417313360687
2020-02-10,0.04068077650214096
2020-02-11,0.0
2020-02-12,-0.04313258816947552
2020-02-13,-0.0011863528576311958
2020-02-14,0.005344505262833632
2020-02-18,0.042528057563766423
2020-02-19,0.05331284392455365
2020-02-20,0.04425314654846357
2020-02-21,-0.07348887770581393
2020-02-24,-0.12869889512846494
2020-02-25,-0.08618508794751929
2020-02-26,0.01117858826572321
2020-02-27,-0.1455092317999679
2020-02-28,0.027011305418627823
2020-03-02,0.17167589057515523
2020-03-03,-0.09770181113428097
2020-03-04,0.13381751867805441
2020-03-05,-0.08872775304976441
2020-03-06,-0.05627924314472447
2020-03-09,-0.22830535389937728
2020-03-10,0.17274717634515152
2020-03-11,-0.14879794457279621
2020-03-12,-0.28851374679153985
2020-03-13,0.2714548770420747
2020-03-16,-0.36405233708129503
2020-03-17,0.13409909740463247
2020-03-18,-0.12293102798388127
2020-03-19,0.008933077363065561
2020-03-20,-0.1259869368782648
2020-03-23,-0.037023184205861606
2020-03-24,0.28274236405280234
2020-03-25,-0.03153582130055133
2020-03-26,0.18211592226452905
2020-03-27,-0.1302722969585486
2020-03-30,0.10638434894420554
2020-03-31,-0.04664290047187766
2020-04-01,-0.1430465329453291
2020-04-02,0.07511132545508366
2020-04-03,-0.04984291231659588
2020-04-06,0.2575599693834427
2020-04-07,-0.007412441649496256
2020-04-08,0.08246471821263246
2020-04-09,0.06244879567861589
2020-04-13,-0.033650553240250056
2020-04-14,-0.13074907032869715
2020-04-15,0.07585557667939026
2020-04-16,0.0635672959388444
2020-04-17,0.025502105375391534
2020-04-20,0.032513957724377325
2020-04-21,-0.12552266623098834
2020-04-22,0.12726125297201546
2020-04-23,-0.016136423338234958
2020-04-24,0.056037478456923834
2020-04-27,0.030119983974134117
2020-04-28,0.052631507638760545
2020-04-29,0.12374803348561564
2020-04-30,-0.006861178719777323
2020-05-01,-0.1208481645492547
2020-05-04,0.022942226024059677
2020-05-05,0.04131521952977002
2020-05-06,0.027266261318685488
2020-05-07,0.03409124189712932
2020-05-08,0.06414971186350502
2020-05-11,-0.025375997057555104
2020-05-12,0.059788005439009424
2020-05-13,-0.04585613467633767
2020-05-14,0.05634467351828838
2020-05-15,-0.023301088047645975
2020-05-18,0.09776387793923161
2020-05-19,0.008823388072171198
2020-05-20,0.08613233330628325
2020-05-21,0.03105622211621013
2020-05-22,0.011778874250194832
2020-05-26,0.013451372351863436
2020-05-27,-0.014113138474653899
2020-05-28,0.005112560877718011
2020-05-29,-0.04069184364809366
2020-06-01,-0.013785814382596377
2020-06-02,-0.018279350255698174
2020-06-03,-0.017525044672094696
2020-06-04,0.023411881715686984
2020-06-05,-0.07912460700853129
2020-06-08,0.009140786428544889
2020-06-09,0.0
2020-06-10,-0.007246344523005074
2020-06-11,0.1879558922815036
2020-06-12,0.03157375224923418
2020-06-15,0.039617007798011264
2020-06-16,0.05293091710579517
2020-06-17,0.0188383860504212
2020-06-18,0.0014043451432574766
2020-06-19,-0.010910481972774505
2020-06-22,0.03112483817075569
2020-06-23,0.01741209456312993
2020-06-24,-0.06303077879642258
2020-06-25,0.025566625453975683
2020-06-26,-0.06594307011734088
2020-06-29,0.03317158822810127
2020-06-30,0.06907356079347551
2020-07-01,-0.0033477596622191012
2020-07-02,0.028977444866839085
2020-07-06,0.0767568942012542
2020-07-07,0.040983689727132414
2020-07-08,0.03991284459402807
2020-07-09,0.03239430448260723
2020-07-10,0.00547953559758942
2020-07-13,-0.055881714287818095
2020-07-14,0.03709091359572647
2020-07-15,-0.0026389011373219784
2020-07-16,0.012711739185854358
2020-07-17,0.011597193096346731
2020-07-20,-0.057569383183307184
2020-07-21,0.020361755055018454
2020-07-22,-0.017738213615048237
2020-07-23,0.04966147771573947
2020-07-24,-0.03861476755512776
2020-07-27,0.0740177653471087
2020-07-28,-0.043717680000904986
2020-07-29,0.049408198154548055
2020-07-30,0.037723510747926445
2020-07-31,0.01725429874241867
2020-08-03,0.048393913267477065
2020-08-04,-0.04580132681564246
2020-08-05,0.0026665681669859565
2020-08-06,0.005319125128807903
2020-08-07,0.031745890409434215
2020-08-10,0.0
2020-08-11,0.03589744696183496
2020-08-12,0.05656538094046767
2020-08-13,0.03314947898995886
2020-08-14,0.0
2020-08-17,-0.0347594614805909
2020-08-18,0.01939067583670504
2020-08-19,0.019021829703111007
2020-08-20,0.00755498858034666
2020-08-21,-0.020750157204111618
2020-08-24,-0.0319150089911617
2020-08-25,-0.030219737474421606
2020-08-26,-0.008498546169823318
2020-08-27,0.010000055924345545
2020-08-28,-0.016651722131986544
2020-08-31,-0.022883341323476233
2020-09-01,-0.05199064276423173
2020-09-02,-0.028656305060029013
2020-09-03,0.15361188071424065
2020-09-04,-0.034475668812156794
2020-09-08,-0.14187048967112686
2020-09-09,0.08429528302195517
2020-09-10,-0.04965694894272694
2020-09-11,-0.012546209507159085
2020-09-14,0.057497728251735124
2020-09-15,0.047088148894792875
2020-09-16,-0.0387889389220234
2020-09-17,-0.024444624551513007
2020-09-18,-0.04287363153266672
2020-09-21,-0.05400123977104605
2020-09-22,0.04544252455158121
2020-09-23,-0.08359865651118772
2020-09-24,0.02194042712109366
2020-09-25,0.05650820924978929
2020-09-28,0.07042475639413094
2020-09-29,-0.0010182321341509499
2020-09-30,0.010418757507340812
2020-10-01,0.05450439316456751
2020-10-02,-0.08584705939564222
2020-10-05,0.0805163354563447
2020-10-06,0.015793966070499293
2020-10-07,0.056448450918345855
2020-10-08,0.024763739487675504
2020-10-09,-0.05180704570019511
2020-10-12,-0.046696445071808416
2020-10-13,-0.001019510539624458
2020-10-14,0.025000235395882517
2020-10-15,-0.014280529574565905
2020-10-16,-0.014798607542554344
2020-10-19,-0.032764287834835745
2020-10-20,0.0015174467660253564
2020-10-21,-0.012042648296509025
2020-10-22,0.0020205883509275746
2020-10-23,-0.00452385619703582
2020-10-26,-0.05475017972244536
2020-10-27,0.006778987143951017
2020-10-28,-0.10866830102740654
2020-10-29,0.06501461191274335
2020-10-30,-0.059140437960495756
2020-11-02,0.034459481938981275
2020-11-03,0.07171655042638458
2020-11-04,0.05247741306281929
2020-11-05,-0.13406363366310178
2020-11-06,-0.04838121521089109
2020-11-09,0.03637085486598339
2020-11-10,0.09169825514088357
2020-11-11,-0.10957492736199047
2020-11-12,0.03649057027611124
2020-11-13,0.049851533399780254
2020-11-16,-0.07470821407056719
2020-11-17,0.026072486203653364
2020-11-18,0.02172119852763697
2020-11-19,0.033916946579270475
2020-11-20,-0.007007538244151175
2020-11-23,0.052061311917365086
2020-11-24,0.035294524771175756
2020-11-25,0.010596152077132319
2020-11-27,-0.03538660136421542
2020-11-30,-0.04121394969942088
2020-12-01,0.03987642403050232
2020-12-02,-0.006951342147609723
2020-12-03,-0.0019999588338004016
2020-12-04,-0.08517018929551606
2020-12-07,-0.012595974813580147
2020-12-08,-0.012202010707157235
2020-12-09,0.08646840952025935
2020-12-10,0.013822966239114925
2020-12-11,-0.02510706303459389
2020-12-14,0.02072431154795315
2020-12-15,0.058056983373316315
2020-12-16,-0.005960084483843058
2020-12-17,-0.005949117861174087
2020-12-18,0.014690078724318668
2020-12-21,-0.011059372908848489
2020-12-22,0.014837349311748536
2020-12-23,0.0033593027250004067
2020-12-24,0.012353002925914423
2020-12-28,-0.008858564009107608
2020-12-29,0.007372097995649505
2020-12-30,-0.05018274561082164
2020-12-31,-0.01265847405161901
2021-01-04,0.01282076537747163
2021-01-05,0.05201030158919371
2021-01-06,0.05728522276662085
2021-01-07,0.08044536275309624
2021-01-08,-0.0026074451651376665
2021-01-11,-0.03267976261790417
2021-01-12,0.036169132760979605
2021-01-13,-0.009208022920395872
2021-01-14,-0.06362376255440168
2021-01-15,-0.05384849958336599
2021-01-19,0.06938750923273243
2021-01-20,0.002299693669236151
2021-01-21,-0.04608289570085513
2021-01-22,0.053945191629020804
2021-01-25,0.0004689699603674508
2021-01-26,0.04677925592806101
2021-01-27,-0.10246677340801394
2021-01-28,0.022644507461026604
2021-01-29,-0.04702062814242831
2021-02-01,0.09560472823585184
2021-02-02,0.043474940801336986
2021-02-03,-0.026473474513549342
2021-02-04,0.04405056442236575
2021-02-05,0.023031197296077093
2021-02-08,-0.09295575794291414
2021-02-09,0.01281014027925257
2021-02-10,-0.011067044056803775
2021-02-11,-0.10071928934088945
2021-02-12,-0.0408891621411184
2021-02-16,-0.01390161128181613
2021-02-17,0.05169162143552077
2021-02-18,0.03038442907333964
2021-02-19,0.06783367033333211
2021-02-22,-0.06392257064297333
2021-02-23,-0.02371177080185822
2021-02-24,0.08241867651405138
2021-02-25,-0.14141191382586
2021-02-26,0.030465818453700905
2021-03-01,0.1036237588641051
2021-03-02,-0.07592094947399317
2021-03-03,-0.06077369826115852
2021-03-04,-0.11013025878054584
2021-03-05,0.0743938602588306
2021-03-08,-0.062407743830570364
2021-03-09,0.11975780904105661
2021-03-10,-0.002419613085053115
2021-03-11,0.09320198848341976
2021-03-12,0.031759715240138
2021-03-15,-0.06821952669303284
2021-03-16,-0.035714329058075305
2021-03-17,-0.04074053131115046
2021-03-18,0.12837819094580724
2021-03-19,0.02585759910495525
2021-03-22,0.02171499674225614
2021-03-23,-0.09321159075604113
2021-03-24,-0.055306861247288244
2021-03-25,0.03625615302123979
2021-03-26,0.10319464168310898
2021-03-29,0.04985049285569777
2021-03-30,0.021142686705383315
2021-03-31,0.05672867431070437
2021-04-01,0.07449478664238107
2021-04-05,-0.059701484218681204
2021-04-06,0.030524932531875836
2021-04-07,0.0035543716597240733
2021-04-08,-0.03423818942428548
2021-04-09,0.0048898739799310776
2021-04-12,0.034063264938762376
2021-04-13,0.005882174214792508
2021-04-14,0.03625753200595077
2021-04-15,-0.05304756559223963
2021-04-16,0.015494723228418168
2021-04-19,0.0751173029467184
2021-04-20,0.046943273097903276
2021-04-21,0.07545412308170713
2021-04-22,-0.03965707362355876
2021-04-23,0.055393239132009345
2021-04-26,0.04136222861167901
2021-04-27,-0.006893374630875249
2021-04-28,-0.0201682521124104
2021-04-29,0.0050265832653178
2021-04-30,0.08551899528465388
2021-05-03,-0.010335229516192056
2021-05-04,-0.04109849756569747
2021-05-05,-0.006048665117667228
2021-05-06,0.02435848098828384
2021-05-07,0.03267732124104608
2021-05-10,0.13862452812412573
2021-05-11,-0.017586668212043893
2021-05-12,-0.08055486158815683
2021-05-13,0.04427733382654084
2021-05-14,0.05928660084852987
2021-05-17,-0.0012930499212832442
2021-05-18,-0.023896573250266197
2021-05-19,-0.016217896021291985
2021-05-20,0.025699810654590583
2021-05-21,0.002942479708076713
2021-05-24,0.02485388478953222
2021-05-25,0.0023500321252409575
2021-05-26,0.008010752018185432
2021-05-27,-0.005564976335786195
2021-05-28,0.0023963435639761926
2021-06-01,0.0034790609018464725
2021-06-02,0.003991137453789952
2021-06-03,0.01084442368013437
2021-06-04,0.01965411594343101
2021-06-07,0.0019691737740776026
2021-06-08,0.018094246503467838
2021-06-09,0.004718846853528459
2021-06-10,-0.003821990042934203
2021-06-11,-0.004763806197298341
2021-06-14,-0.007179877815941477
2021-06-15,0.026888677732743244
2021-06-16,0.01717246567547045
2021-06-17,0.014049903709079603
2021-06-18,-0.05745305136370542
2021-06-21,0.03192551450663225
2021-06-22,0.013776430394775548
2021-06-23,-0.0005050917437093066
2021-06-24,0.017950465496582392
2021-06-25,0.003594014407251828
2021-06-28,-0.005754166341796872
2021-06-29,-0.0012401301144516082
2021-06-30,-0.00248363205112408
2021-07-01,-0.017012228317078822
2021-07-02,-0.022794517201065633
2021-07-06,-0.011338059059040138
2021-07-07,-0.008027306684004244
2021-07-08,0.01849699357181647
2021-07-09,0.024074714493770865
2021-07-12,-0.01041662884167523
2021-07-13,0.0
2021-07-14,-0.0026802593897912188
2021-07-15,-0.042667455666517556
2021-07-16,-0.04532999480188028
2021-07-19,-0.03396483813380094
2021-07-20,0.03684558865015261
2021-07-21,0.023284078697412336
2021-07-22,-0.0027556739566954504
2021-07-23,0.0316965911583629
2021-07-26,-0.002463095612383662
2021-07-27,0.032099078782344345
2021-07-28,0.004644769801242784
2021-07-29,0.00864655024211085
2021-07-30,0.015834389333934364
2021-08-02,0.00908542782987959
2021-08-03,0.01710620932903078
2021-08-04,0.02047247452956551
2021-08-05,0.004439713492425192
2021-08-06,-0.012226966682088445
2021-08-09,-0.002549614559776829
2021-08-10,-0.005943588869054238
2021-08-11,0.0010007001864539098
2021-08-12,-0.010949013815680761
2021-08-13,-0.009840113106139912
2021-08-16,-0.001242180585928673
2021-08-17,0.02736318560225696
2021-08-18,-0.030954885746740768
2021-08-19,0.008899611292691966
2021-08-20,0.027961824379392507
2021-08-23,0.035154859199140374
2021-08-24,-0.009043999836909003
2021-08-25,-0.0013038029242849495
2021-08-26,0.016971404974314735
2021-08-27,0.0439317169135189
2021-08-30,-0.035666978503417636
2021-08-31,0.002739687702062607
2021-09-01,-0.0040982614617866495
2021-09-02,0.0027434456786616787
2021-09-03,-0.01094409572313646
2021-09-07,-0.005532426963276859
2021-09-08,-0.024586200311492497
2021-09-09,0.0011573403679729921
2021-09-10,0.00012143998117469627
2021-09-13,0.012900650432568625
2021-09-14,-0.004157462853443056
2021-09-15,0.018463849446945457
2021-09-16,0.006067044295903783
2021-09-17,-0.041545865930844916
2021-09-20,-0.0678647532724754
2021-09-21,0.004174466723964934
2021-09-22,0.045607483271271586
2021-09-23,0.03403564634262762
2021-09-24,-0.0002934259382695796
2021-09-27,-0.014322464363771598
2021-09-28,-0.09981506307520085
2021-09-29,-0.029160634376832226
2021-09-30,-0.006548767866191711
2021-10-01,0.009293631516447036
2021-10-04,-0.06890805922758679
2021-10-05,0.03443691122461383
2021-10-06,0.01640042256496779
2021-10-07,0.02623098625242217
2021-10-08,-0.010613400752921465
2021-10-11,-0.021731180096999064
2021-10-12,-0.008579230755249967
2021-10-13,0.0166807587781451
2021-10-14,0.052830254619036385
2021-10-15,-0.018844303824859576
2021-10-18,-0.03072995527706457
2021-10-19,-0.01981506932137475
2021-10-20,0.0013478975020867622
2021-10-21,-0.017496679501566734
2021-10-22,0.024657526396808002
2021-10-25,-0.030748767772839258
2021-10-26,-0.008275832107876515
2021-10-27,-0.008345064159268752
2021-10-28,-0.03225792257356585
2021-10-29,-0.01594194099363515
2021-11-01,-0.008836672407930717
2021-11-02,-0.014858726650014172
2021-11-03,-0.03167427615950086
2021-11-04,-0.03582557442496179
2021-11-05,-0.0349344154285913
2021-11-08,-0.042986416393902833
2021-11-09,0.0
2021-11-10,0.08747036371025059
2021-11-11,0.03589256983738098
2021-11-12,0.02968948046930888
2021-11-15,-0.0013597230543720275
2021-11-16,0.033989021060091246
2021-11-17,0.01995044288583753
2021-11-18,0.04210775884297974
2021-11-19,-0.012853516954231571
2021-11-22,-0.040505194291762435
2021-11-23,-0.012094918554559245
2021-11-24,0.021104306913557476
2021-11-26,-0.06888230744937623
2021-11-29,0.08820250519254537
2021-11-30,-0.04891236975602864
2021-12-01,-0.03719380579586159
2021-12-02,0.009899402863036038
2021-12-03,-0.027291417349434865
2021-12-06,0.008499137956167581
2021-12-07,0.12086524908487312
2021-12-08,-0.0029025353369693486
2021-12-09,-0.0559108662843235
2021-12-10,0.02831893143336339
2021-12-13,-0.06074988487158586
2021-12-14,-0.02144145789315588
2021-12-15,0.0869336404968763
2021-12-16,-0.10421629191716072
2021-12-17,-0.009919505877738282
2021-12-20,-0.026898803812606172
2021-12-21,0.08540251845730501
2021-12-22,0.03257462268208893
2021-12-23,0.027483214348989787
2021-12-27,0.0657432320812637
2021-12-28,0.03125004029618244
2021-12-29,0.0
2021-12-30,0.0363637700965458
2021-12-31,-0.011853240354518622
2022-01-03,0.03881947204199708
2022-01-04,0.012422329815325308
2022-01-05,0.0981594950421884
2022-01-06,0.010582310965302853
2022-01-07,-0.05045076730106172
2022-01-10,-0.00020433125840101617
2022-01-11,0.0408272252365629
2022-01-12,0.014545363571084739
2022-01-13,-0.05502051471920125
2022-01-14,0.03533755527585329
2022-01-18,-0.09300671131974432
2022-01-19,-0.060721921258301614
2022-01-20,-0.062344143595408616
2022-01-21,-0.05465049003799888
2022-01-24,0.015612041896951267
2022-01-25,-0.07646728934707232
2022-01-26,0.016512506714007433
2022-01-27,-0.019213797946039016
2022-01-28,0.12894032020939195
2022-01-31,0.10716959109058699
2022-02-01,0.02609372360448598
2022-02-02,0.05238242878955204
2022-02-03,0.13333323744187478
2022-02-04,0.01667943367474215
2022-02-07,-0.005683497823330626
2022-02-08,0.048951248773772174
2022-02-09,0.07017039389778781
2022-02-10,0.09259261637519517
2022-02-11,-0.10388297458668086
2022-02-14,-0.0045746988699038645
2022-02-15,0.10226580994308641
2022-02-16,0.0029035921147173797
2022-02-17,-0.08862106240074852
2022-02-18,-0.02509104391547888
2022-02-22,-0.02886011036358578
2022-02-23,-0.06262064220605397
2022-02-24,0.07836207459899802
2022-02-25,0.05565523186845263
2022-02-28,-0.01303220201058194
2022-03-01,-0.07569482800928526
2022-03-02,0.07450154651351491
2022-03-03,-0.038628672074148045
2022-03-04,-0.047773602820497696
2022-03-07,-0.11664981429626328
2022-03-08,0.01046304673261369
2022-03-09,0.09956622481071381
2022-03-10,-0.036904377271684455
2022-03-11,-0.04910928401268115
2022-03-14,-0.053091312796720365
2022-03-15,0.09333582596966758
2022-03-16,0.10414344809745762
2022-03-17,0.028356831533379537
2022-03-18,-0.032727192058366154
2022-03-21,-0.0005368765479624564
2022-03-22,-0.036002377748987804
2022-03-23,0.03846160655900246
2022-03-24,0.0957383918920205
2022-03-25,-0.01626470394953013
2022-03-28,-0.019954429428190736
2022-03-29,-0.037230765250929894
2022-03-30,0.016314156101798902
2022-03-31,0.04696753958252288
2022-04-01,0.0013875593324097673
2022-04-04,0.04432284364995517
2022-04-05,-0.05178612186599308
2022-04-06,-0.04804811204054958
2022-04-07,0.010677411408266578
2022-04-08,-0.01490275905567223
2022-04-11,-0.03741869843379275
2022-04-12,-0.0007154253047337265
2022-04-13,0.0460815216811683
2022-04-14,-0.03348706352583202
2022-04-18,-0.010244697589349452
2022-04-19,0.054843503492196535
2022-04-20,0.004252515025181614
2022-04-21,-0.05656614089062935
2022-04-22,-0.07928725901641517
2022-04-25,0.017467697964239814
2022-04-26,-0.09170918081384273
2022-04-27,-0.002330260303800899
2022-04-28,0.06505048059069496
2022-04-29,-0.09687227708117202
2022-05-02,0.02340831401706558
2022-05-03,0.020172195777274388
2022-05-04,0.08547376413665758
2022-05-05,-0.11327930382991214
2022-05-06,-0.034758268903051816
2022-05-09,-0.11104012932220458
2022-05-10,0.0025084866103346672
2022-05-11,-0.06031822008052395
2022-05-12,0.015481545681299714
2022-05-13,0.08161681209007517
2022-05-16,-0.012853041563730839
2022-05-17,0.07649125156697606
2022-05-18,-0.11266970869842705
2022-05-19,-0.007578554905556355
2022-05-20,-0.002753667285729823
2022-05-23,0.04517695691362152
2022-05-24,-0.03452718429171836
2022-05-25,0.04202813149928544
2022-05-26,0.06132323192452287
2022-05-27,0.07744349087422761
2022-05-31,0.016611157951140883
2022-06-01,0.02427629691196784
2022-06-02,0.06348431693572457
2022-06-03,0.04782579007136189
2022-06-06,0.009941212079970747
2022-06-07,0.03807557976847646
2022-06-08,-0.05675315152295152
2022-06-09,-0.07083828202173423
2022-06-10,-0.08474210462130419
2022-06-13,-0.12741594242973134
2022-06-14,-0.011309741538231782
2022-06-15,0.041321778698672526
2022-06-16,-0.11710473265925331
2022-06-17,0.01257615292065508
2022-06-21,0.06391454810851102
2022-06-22,-0.0051051708827955
2022-06-23,0.03242145536018218
2022-06-24,0.09264226956353941
2022-06-27,0.0017079336269659852
2022-06-28,-0.058610940977383584
2022-06-29,-0.017674162168383217
2022-06-30,-0.02310521771124882
2022-07-01,0.03206342937462228
2022-07-05,0.014725052593189713
2022-07-06,-0.005585611568005284
2022-07-07,0.05700538048632338
2022-07-08,0.0008221170147759849
2022-07-11,0.034086315513326776
2022-07-12,-0.017731124241547245
2022-07-13,-0.00953020570466909
2022-07-14,-0.019301787104619737
2022-07-15,0.059560782620618015
2022-07-18,-0.02415954948699494
2022-07-19,0.08374135160082907
2022-07-20,-0.01828247286765755
2022-07-21,-0.031182328854550356
2022-07-22,0.05205485358620007
2022-07-25,-0.0061918798989414655
2022-07-26,-0.027307760183070403
2022-07-27,0.07260719327726689
2022-07-28,-0.03700311063842857
2022-07-29,-0.04269439271324029
2022-08-01,0.007928602527621348
2022-08-02,0.02015732295051716
2022-08-03,0.04411998436423311
2022-08-04,0.0030335084792017367
2022-08-05,0.006048401442444528
2022-08-08,0.002004042210072743
2022-08-09,0.013000133141494292
2022-08-10,0.07435667715193911
2022-08-11,-0.0010532967211667572
2022-08-12,-0.048497527700866454
2022-08-15,-0.013296429548016617
2022-08-16,0.030970817167310996
2022-08-17,0.07596767589518083
2022-08-18,-0.07060405028615514
2022-08-19,0.08289999887821951
2022-08-22,-0.08666287108726183
2022-08-23,0.01089729426605356
2022-08-24,0.01426861007089138
2022-08-25,0.07645592724659872
2022-08-26,-0.13641836795567858
2022-08-29,-0.022901935773291526
2022-08-30,-0.03822001983205381
2022-08-31,-0.020655777273610676
2022-09-01,-0.012104845707955735
2022-09-02,-0.02766367888401111
2022-09-06,-0.019896723665370063
2022-09-07,0.05834838361524951
2022-09-08,0.021699970329476168
2022-09-09,0.05266316970192353
2022-09-12,0.034483853505542866
2022-09-13,0.12887102945657528
2022-09-14,0.011461760493695395
2022-09-15,-0.028689181911439248
2022-09-16,-0.034636331157989024
2022-09-19,0.025789731160658594
2022-09-20,-0.03701148012941086
2022-09-21,-0.05031618197840018
2022-09-22,-0.052869594422791
2022-09-23,-0.06233035636375711
2022-09-26,-0.026992763774484486
2022-09-27,0.005841024465856191
2022-09-28,0.07677594193786925
2022-09-29,-0.07634419488404791
2022-09-30,-0.03631962250429574
2022-10-03,0.07405582457006275
2022-10-04,0.10633928346319677
2022-10-05,-0.011780543321999863
2022-10-06,-0.021306383696422952
2022-10-07,-0.10113693373848104
2022-10-10,-0.019408797337144228
2022-10-11,-0.010197378734657078
2022-10-12,-0.00860876907654999
2022-10-13,0.07481662668511815
2022-10-14,-0.07353104832912058
2022-10-17,0.08506514143772229
2022-10-18,0.03255697713005766
2022-10-19,-0.033178994210508114
2022-10-20,-0.03288601704390526
2022-10-21,0.06775222244249338
2022-10-24,0.024653648405131602
2022-10-25,-0.046887821729654645
2022-10-26,0.022202867861469383
2022-10-27,0.01703584029597722
2022-10-28,0.06897115994667942
2022-10-31,0.02119022447902777
2022-11-01,-0.003972735485754882
2022-11-02,-0.08852325633539973
2022-11-03,-0.024992203058199557
2022-11-04,0.04034508371981377
2022-11-07,0.02152214932728494
2022-11-08,0.007318840917477567
2022-11-09,-0.08688954423494326
2022-11-10,0.2453106408315886
2022-11-11,-0.10272694760971557
2022-11-14,0.03481842628835053
2022-11-15,0.06482575951791306
2022-11-16,0.13031250647109283
2022-11-17,-0.003496642627984159
2022-11-18,0.012997016534415675
2022-11-21,-0.03165176501008179
2022-11-22,0.036274125832666884
2022-11-23,-0.03199763313849987
2022-11-25,0.0010225124142245244
2022-11-28,0.048008362806958596
2022-11-29,0.0012713708323274894
2022-11-30,0.08724318322366026
2022-12-01,0.02332531744347358
2022-12-02,0.0042642768004209535
2022-12-05,0.05360932407744338
2022-12-06,-0.04450676948543443
2022-12-07,-0.0069065552641634515
2022-12-08,0.021802321181646486
2022-12-09,-0.030438124107675688
2022-12-12,0.03970726096022116
2022-12-13,0.022835168879503764
2022-12-14,-0.019368210776164532
2022-12-15,-0.07415887936890603
2022-12-16,-0.030911673751470657
2022-12-19,-0.03167492060171416
2022-12-20,-0.009796068603970842
2022-12-21,0.047556239327800995
2022-12-22,-0.040649225816427006
2022-12-23,0.013570264130393249
2022-12-27,-0.015347713512653783
2022-12-28,-0.04238351440965554
2022-12-29,0.06321430040321818
2022-12-30,-0.008185648753926647
2023-01-03,-0.015244455722188646
2023-01-04,0.030255385422855947
2023-01-05,-0.03377736743130389
2023-01-06,0.06724868629579085
2023-01-09,0.02977163769184252
2023-01-10,0.029487259453641904
2023-01-11,-0.03757713640716001
2023-01-12,-0.032648765426260364
2023-01-13,-0.010090478332199376
2023-01-17,-0.009138868742071714
2023-01-18,0.01844623001162154
2023-01-19,-0.05564146201281303
2023-01-20,0.06718338354266497
2023-01-23,0.0944976165757294
2023-01-24,0.01787934198993271
2023-01-25,-0.007353124536143684
2023-01-26,-0.04650204616739006
2023-01-27,0.019421787690222465
2023-01-30,0.07535983334574298
2023-01-31,0.06233959269428012
2023-02-01,-0.1562110957353126
2023-02-02,-0.0649928629766054
2023-02-03,0.054239397917463676
2023-02-06,-0.046183810357143834
2023-02-07,0.05706188513318156
2023-02-08,-0.053712007154992664
2023-02-09,-0.01854644154940874
2023-02-10,-0.022218642708798864
2023-02-13,0.03756903921519522
2023-02-14,0.027558235315148227
2023-02-15,0.02089192758442439
2023-02-16,-0.05169640137833606
2023-02-17,-0.021551516237096537
2023-02-21,-0.09192226110036025
2023-02-22,-0.0015474157292638888
2023-02-23,0.054146041883699245
2023-02-24,-0.04026726448702754
2023-02-27,0.012277894986222301
2023-02-28,0.004251869340206946
2023-03-01,0.00348806108062477
2023-03-02,0.014748275632425848
2023-03-03,0.04250950481458856
2023-03-06,-0.0382969161178074
2023-03-07,-0.03419476068567058
2023-03-08,0.0401716145828877
2023-03-09,-0.05477870956989832
2023-03-10,-0.049484621225573414
2023-03-13,0.009826787150946169
2023-03-14,0.0765919412504304
2023-03-15,-0.009822969050336493
2023-03-16,0.09774372207389603
2023-03-17,-0.01621736275393101
2023-03-20,0.019959169306851723
2023-03-21,0.023966525706436117
2023-03-22,-0.03354179932158207
2023-03-23,0.055817421320702054
2023-03-24,-0.02108901587223339
2023-03-27,-0.02808607025842017
2023-03-28,-0.01884552970422302
2023-03-29,0.07285138249113426
2023-03-30,-0.04584513715518824
2023-03-31,-0.02222223822399522
2023-04-03,0.028869758332546566
2023-04-04,0.05671632539310504
2023-04-05,0.0548022109408122
2023-04-06,0.0018750317655978049
2023-04-10,-0.05015837751840004
2023-04-11,0.016675830272688923
2023-04-12,0.05248770077621243
2023-04-13,0.03979197935620186
2023-04-14,0.0042510522516944005
2023-04-17,0.0015870951698868689
2023-04-18,-0.014791210535359372
2023-04-19,0.0348524316158272
2023-04-20,0.002590689185817033
2023-04-21,-0.010252124808554924
2023-04-24,-0.010659022702266053
2023-04-25,-0.07676784897698967
2023-04-26,0.01484851788165189
2023-04-27,0.04818536723984244
2023-04-28,0.03445475982887302
2023-05-01,0.012734483447741772
2023-05-02,-0.02400003515016872
2023-05-03,-0.02729986055000424
2023-05-04,-0.014102602523393671
2023-05-05,0.06257868313726085
2023-05-08,0.010189119837751094
2023-05-09,-0.03320251515575879
2023-05-10,0.029583497209982615
2023-05-11,-0.0033891173065504045
2023-05-12,-0.007208326963319455
2023-05-15,0.044220616273143144
2023-05-16,7.03822816221153e-05
2023-05-17,0.05326535193254729
2023-05-18,0.07361200721714037
2023-05-19,0.007091854537612573
2023-05-22,-0.010172157409235588
2023-05-23,0.03833993504131347
2023-05-24,-0.034409266040823644
2023-05-25,0.13231849096452564
2023-05-26,0.13735635931432127
2023-05-30,0.006149947546732478
2023-05-31,-0.049949706747652554
2023-06-01,0.04230543278862504
2023-06-02,0.00725264277584095
2023-06-05,-0.0018400634227170207
2023-06-06,0.0009216926394493718
2023-06-07,0.051565364483290535
2023-06-08,0.03194013593065934
2023-06-09,-0.006920621934994609
2023-06-12,-0.09581877311966981
2023-06-13,-0.02271608680612248
2023-06-14,-0.04020100623613847
2023-06-15,0.02617804267849915
2023-06-16,0.03061218372791073
2023-06-20,0.004104661920867948
2023-06-21,-0.05725619715647698
2023-06-22,0.02379858193971584
2023-06-23,-0.04069535301376252
2023-06-26,-0.016174098708900617
2023-06-27,0.07595677492038226
2023-06-28,-0.010443561744734124
2023-06-29,-0.0015524596832744645
2023-06-30,0.04397884563001768
2023-07-03,-0.025329265989381695
2023-07-05,0.0665278471666538
2023-07-06,0.023948855439520966
2023-07-07,-0.005524511006226968
2023-07-10,0.03010991954226445
2023-07-11,0.007325152988116941
2023-07-12,0.04650347139944984
2023-07-13,-0.0488069148216891
2023-07-14,0.03607677836506245
2023-07-17,-0.06964100019394799
2023-07-18,-0.004678212860729625
2023-07-19,0.0
2023-07-20,0.07142866809109419
2023-07-21,0.008556910678453558
2023-07-24,0.0015466596446347017
2023-07-25,-0.0200669764957256
2023-07-26,0.04419905346950529
2023-07-27,0.009571963472460516
2023-07-28,0.05897464115609799
2023-07-31,-0.011976195355792316
2023-08-01,-0.003636229390935348
2023-08-02,-0.08965335715802847
2023-08-03,-0.006166921099934794
2023-08-04,-0.012360088950059276
2023-08-07,0.02799328648394113
2023-08-08,-0.03597955030536267
2023-08-09,-0.04431715175142952
2023-08-10,-0.003430177250745281
2023-08-11,-0.04525224476576649
2023-08-14,0.05690829441287917
2023-08-15,-0.03947021401402931
2023-08-16,-0.04490459205467133
2023-08-17,-0.03214985462300695
2023-08-18,0.0030681113100043842
2023-08-21,0.06582886875834275
2023-08-22,-0.013844925940319212
2023-08-23,0.05248995902876928
2023-08-24,-0.08051343858718954
2023-08-25,0.018376856261831095
2023-08-28,0.02900205782608434
2023-08-29,0.06993625063432377
2023-08-30,-0.013641269687505033
2023-08-31,-0.020212796335889335
2023-09-01,-0.007600496761802998
2023-09-05,0.002188146356339556
2023-09-06,-0.02528083173137257
2023-09-07,-0.044436246637819504
2023-09-08,-0.006754225694435318
2023-09-11,0.01645660185714526
2023-09-12,-0.02809162373563102
2023-09-13,0.011766194923011916
2023-09-14,0.021696833856785364
2023-09-15,-0.06781660643703483
2023-09-18,0.0045153063591423515
2023-09-19,-0.014206742694449803
2023-09-20,-0.045932676681324294
2023-09-21,-0.05714136925524688
2023-09-22,0.011615499134828816
2023-09-25,0.01699434091310793
2023-09-26,-0.04892614394615448
2023-09-27,0.015183543542451931
2023-09-28,0.0384405646663529
2023-09-29,0.007093333297179288
2023-10-02,0.017712390062377768
2023-10-03,-0.05745566277169596
2023-10-04,0.04119576151145648
2023-10-05,-0.011671377977953104
2023-10-06,0.04271038949775617
2023-10-09,0.016602532837224
2023-10-10,0.015853083952355074
2023-10-11,-0.020788860405041104
2023-10-12,0.011976081130320108
2023-10-13,-0.060006758961601514
2023-10-16,0.03228352967536728
2023-10-17,-0.00525376948107412
2023-10-18,-0.04098472214668537
2023-10-19,-0.02705210970143987
2023-10-20,-0.04167599630548072
2023-10-23,0.0019057482314985739
2023-10-24,0.02519987763719122
2023-10-25,-0.058364895982387775
2023-10-26,-0.04746759256627567
2023-10-27,-0.00033841736147176976
2023-10-30,0.03394334352739044
2023-10-31,0.01628718032640804
2023-11-01,0.04159505057446471
2023-11-02,0.054662501110862946
2023-11-03,-0.03487176721084801
2023-11-06,-0.011158397660501066
2023-11-07,-0.027404600185462927
2023-11-08,-0.002209846992009423
2023-11-09,0.02491690221536289
2023-11-10,0.056637329822414303
2023-11-13,0.009259191184328074
2023-11-14,-0.06307340090658226
2023-11-15,-0.002447872192792085
2023-11-16,-0.0018405904897779665
2023-11-17,0.0006146009724296668
2023-11-20,-0.035626413115508584
2023-11-21,0.018471459900312397
2023-11-22,-0.011257274499746492
2023-11-24,0.005692721781619624
2023-11-27,0.0018868017437586098
2023-11-28,-0.006905275145024874
2023-11-29,0.004424676291937497
2023-11-30,0.008181442592030654
2023-12-01,-0.0074906733131576714
2023-12-04,0.028301747428526515
2023-12-05,0.0029896476772745414
2023-12-06,-0.015181027231664094
2023-12-07,0.03178948801604313
2023-12-08,0.012402480265900998
2023-12-11,-0.02554269175791123
2023-12-12,-0.020689723490305196
2023-12-13,-0.03758372160925933
2023-12-14,0.004881337270489378
2023-12-15,-0.011253888140765833
2023-12-18,0.006504218955401947
2023-12-19,-0.01292418628856388
2023-12-20,0.08510629148132437
2023-12-21,0.056228276476675366
2023-12-22,0.006171884644368715
2023-12-26,-0.05183957086373103
2023-12-27,-0.003527114386165837
2023-12-28,0.0017697994782834008
2023-12-29,0.02826870452601203
2024-01-02,-0.07884827499905851
2024-01-03,-0.04743954693811256
2024-01-04,-0.02092195083862579
2024-01-05,0.008437377213139812
2024-01-08,0.07749671852882466
2024-01-09,0.003209890809491382
2024-01-10,0.005971230580968874
2024-01-11,-0.009523848825234554
2024-01-12,-0.005727960266584691
2024-01-16,-0.041009509141042615
2024-01-17,-0.02166463034281712
2024-01-18,0.06987210026681438
2024-01-19,0.08832990207610417
2024-01-22,-0.010040105898784086
2024-01-23,-0.018255536139004176
2024-01-24,-0.043388606704603136
2024-01-25,0.008639324890723986
2024-01-26,0.08351188458888902
2024-01-29,-0.029644334662875717
2024-01-30,0.042769861268078364
2024-01-31,0.044922083045220086
2024-02-01,0.02311886881309377
2024-02-02,0.043707362563739055
2024-02-05,-0.04322210405285613
2024-02-06,-0.020988428551462546
2024-02-07,0.037414037496265165
2024-02-08,-0.049792499289972224
2024-02-09,-0.05895195694062698
2024-02-12,0.006960585612756728
2024-02-13,0.057603634646417684
2024-02-14,0.046806421284318785
2024-02-15,0.003996937576321846
2024-02-16,-0.02365619134941336
2024-02-20,-0.03668512239433002
2024-02-21,-0.010085220752016857
2024-02-22,0.11635556101289252
2024-02-23,0.03282839740482064
2024-02-26,-0.02689485861836139
2024-02-27,0.0018938162150905834
2024-02-28,0.03258156395387477
2024-02-29,0.05023715670912521
2024-03-01,-0.12631556382251466
2024-03-04,-0.03012074661968717
2024-03-05,0.05590067906719048
2024-03-06,0.046902822905819964
2024-03-07,0.0636721789062125
2024-03-08,0.119718579900555
2024-03-11,-0.03349807852139322
2024-03-12,0.02753186371807286
2024-03-13,0.07419361331420236
2024-03-14,-0.05581922311155402
2024-03-15,-0.027339429267959747
2024-03-18,0.011605939774218928
2024-03-19,-0.00921418184131242
2024-03-20,0.053452286678214084
2024-03-21,-0.06358376493621923
2024-03-22,-0.006172994563396675
2024-03-25,0.012422674227261081
2024-03-26,-0.011982811609448018
2024-03-27,0.04792936600773849
2024-03-28,-0.0031054911863274315
2024-04-01,-0.03115272058540946
2024-04-02,-0.049574978268397754
2024-04-03,0.012233163839530945
2024-04-04,-0.05706956064302875
2024-04-05,0.02018198106289227
2024-04-08,0.012056405225972722
2024-04-09,0.02160149831232133
2024-04-10,-0.0654217122941485
2024-04-11,0.042093580355581584
2024-04-12,-0.07098311592363485
2024-04-15,-0.04606036964952069
2024-04-16,0.009452951944302282
2024-04-17,-0.06123188539892367
2024-04-18,-0.03722140783595004
2024-04-19,-0.07233549149391061
2024-04-22,0.03387130383649066
2024-04-23,0.04916565266845581
2024-04-24,0.019253821861940336
2024-04-25,0.020020457872741385
2024-04-26,0.04679223200765883
2024-04-29,0.015256630135528004
2024-04-30,-0.05379782308207795
2024-05-01,-0.057363248731883275
2024-05-02,0.043916060930481775
2024-05-03,0.05332613077925899
2024-05-06,0.04569978689250087
2024-05-07,0.023629436618256186
2024-05-08,-0.001775852930000987
2024-05-09,0.011858839577429362
2024-05-10,-0.028420599843553416
2024-05-13,-0.004825263225338527
2024-05-14,-0.04939391542628413
2024-05-15,-0.08351913664069137
2024-05-16,0.015999964242116627
2024-05-17,0.01643273062618434
2024-05-20,-0.06332111171813082
2024-05-21,0.006832339720808195
2024-05-22,-0.03357169628993149
2024-05-23,0.018477607725364824
2024-05-24,0.04094140873273429
2024-05-28,0.030942663309461424
2024-05-29,-0.03932925466280127
2024-05-30,-0.019855239631035262
2024-05-31,-0.0009908656597191062
2024-06-03,0.0012428307555585405
2024-06-04,-0.008686860876256731
2024-06-05,0.07824552541133255
2024-06-06,0.023379668185392822
2024-06-07,0.010020235732549542
2024-06-10,-0.042460553588635
2024-06-11,-0.0016574217523557461
2024-06-12,-0.08260699020112458
2024-06-13,-0.03574665191110821
2024-06-14,0.014547138633470024
2024-06-17,-0.04625351195898727
2024-06-18,-0.0378273792191945
2024-06-20,0.0821572907110001
2024-06-21,0.030740559530734606
2024-06-24,0.08540450756299528
2024-06-25,0.03769450344863981
2024-06-26,-0.0016043347222465423
2024-06-27,0.015693209240738894
2024-06-28,-0.026609468995540918
2024-07-01,0.008195622493364342
2024-07-02,0.03551926808260195
2024-07-03,-0.048409391394729065
2024-07-05,-0.004845073758997364
2024-07-08,-0.05550134018964345
2024-07-09,0.0015463039566624543
2024-07-10,-0.07050947140852151
2024-07-11,0.10132893766893275
2024-07-12,0.023856831785213237
2024-07-15,0.001044897325876994
2024-07-16,-0.019311049300102922
2024-07-17,0.21075030472006995
2024-07-18,-0.01935328551375412
2024-07-19,-0.02409395837431319
2024-07-22,0.03738017180775202
2024-07-23,-0.028065255568091373
2024-07-24,-0.12902325636058437
2024-07-25,-0.01828993314210841
2024-07-26,0.03933074857012435
2024-07-29,-0.016562802319339313
2024-07-30,-0.049845410225094276
2024-07-31,0.03329264943039859
2024-08-01,-0.08530196264234075
2024-08-02,-0.08211802449057007
2024-08-05,-0.09232881564576045
2024-08-06,0.029632637837340783
2024-08-07,-0.026585316462073967
2024-08-08,0.08022088254695633
2024-08-09,0.012930891504183906
2024-08-12,0.003979177631319294
2024-08-13,0.06099679631212158
2024-08-14,0.005606620121303531
2024-08-15,-0.07502791934774204
2024-08-16,-0.003631895381915163
2024-08-19,-0.0364519358187321
2024-08-20,0.00756606600796273
2024-08-21,-0.01627033441859387
2024-08-22,0.10047172238959938
2024-08-23,0.031027212502912217
2024-08-26,0.03132830477578654
2024-08-27,-0.004161021770364764
2024-08-28,0.0540418530890407
2024-08-29,-0.008224587439760775
2024-08-30,0.0438488171082329
2024-09-03,0.2265517081050915
2024-09-04,-0.007944810656029757
2024-09-05,-0.011297132747180876
2024-09-06,-0.054321979097391504
2024-09-09,0.020374907017899204
2024-09-10,0.01982700624675697
2024-09-11,0.0470261819711252
2024-09-12,0.027450768569579127
2024-09-13,0.013867606008631888
2024-09-16,-0.004178293847524356
2024-09-17,0.001398761546472787
2024-09-18,0.009776507320022658
2024-09-19,0.056263675483061514
2024-09-20,0.009020393824202352
2024-09-23,-0.00868305159312377
2024-09-24,-0.006799006025239219
2024-09-25,0.0059527247342785776
2024-09-26,-0.010354844192291256
2024-09-27,0.017759628717467203
2024-09-30,-0.011887152857497706
2024-10-01,0.028571547057892242
2024-10-02,-0.0019427628934855711
2024-10-03,-0.013195602279532134
2024-10-04,0.03389457293844744
2024-10-07,-0.025506427023709685
2024-10-08,0.014829062756758906
2024-10-09,0.02222090562337675
2024-10-10,0.004580044341065477
2024-10-11,0.009520047240045784
2024-10-14,-0.02163825819308368
2024-10-15,0.023696697342963025
2024-10-16,0.030541623622857433
2024-10-17,-0.004181032577059902
2024-10-18,0.0016256895224527872
2024-10-21,0.0031545634375894746
2024-10-22,-0.006898239638764393
2024-10-23,-0.027123535110483016
2024-10-24,0.005899821315984618
2024-10-25,-0.0069841968761236006
2024-10-28,0.02851643720660835
2024-10-29,-0.002510758754206106
2024-10-30,-0.006818191160106965
2024-10-31,-0.055457771843728076
2024-11-01,0.014092615878889162
2024-11-04,0.00426827379433939
2024-11-05,0.046611435931159934
2024-11-06,0.12540168033285326
2024-11-07,-0.022838489039237457
2024-11-08,-0.011686138260184976
2024-11-11,0.0
2024-11-12,0.008445951847634173
2024-11-13,-0.001675070209544096
2024-11-14,0.020134161055188178
2024-11-15,-0.042480672454898644
2024-11-18,0.008942801863271004
2024-11-19,0.016334813887290474
2024-11-20,0.0014003678708069069
2024-11-21,0.031196654365981916
2024-11-22,0.03070885455603941
2024-11-25,0.028511180154871193
2024-11-26,-0.018363912207347215
2024-11-27,0.011904756157103909
2024-11-29,0.014859446382759534
2024-12-02,-0.005137211519698223
2024-12-03,-0.00888037052700408
2024-12-04,-0.03648018662078058
2024-12-05,0.008967401788973269
2024-12-06,-0.026004106511195894
2024-12-09,0.024332494327066054
2024-12-10,-0.010127082471271262
2024-12-11,0.03323966996872952
2024-12-12,-0.030136250794052626
2024-12-13,0.010023216950901925
2024-12-16,0.027947661890939626
2024-12-17,-0.013095751517952316
2024-12-18,-0.09862133705849246
2024-12-19,-0.00828719285402976
2024-12-20,0.029540409832934746
2024-12-23,0.02373506515297449
2024-12-24,0.03587342882448763
2024-12-26,-0.001140591983580605
2024-12-27,-0.03634399063923078
2024-12-30,-0.03759102084272622
2024-12-31,-0.01883888333094332
2025-01-02,-0.0073355459221728335
2025-01-03,0.04228936297552145
2025-01-06,0.025754279840878185
2025-01-07,-0.04379701374601933
2025-01-08,0.0017094194338584845
2025-01-10,-0.0469021728698331
2025-01-13,-0.0028142561057380834
2025-01-14,-0.0003046948841468279
2025-01-15,0.060995320846843115
2025-01-16,-0.013025812758713248
2025-01-17,0.06635563412666824
2025-01-21,-0.016786500309821987
2025-01-22,-0.03797920123915227
2025-01-23,-0.006157332740332949
2025-01-24,0.017857132002519455
2025-01-27,0.08843552121393922
2025-01-28,0.034666651743160214
2025-01-29,-0.009921719236326048
2025-01-30,0.014219389661725255
2025-01-31,-0.011108077266326882
2025-02-03,-0.02248273628567949
2025-02-04,0.028374135588298967
2025-02-05,0.012353167630945157
2025-02-06,0.012728033321001685
2025-02-07,-0.03333073151602887
2025-02-10,0.02740623092247802
2025-02-11,-0.002647016765339838
2025-02-12,-0.0035076216492732166
2025-02-13,0.036818031019290307
2025-02-14,0.005525985344836179
2025-02-18,0.0069207785099071415
2025-02-19,-0.0003786235521280633
2025-02-20,0.013636305625197992
2025-02-21,-0.05716106551306478
2025-02-24,-0.02512233224122239
2025-02-25,-0.026818157902708657
2025-02-26,0.0037007504214470305
2025-02-27,-0.0648926605040404
2025-02-28,0.04557092557394478
2025-03-03,-0.05760450453619652
2025-03-04,-0.02464374559028526
2025-03-05,0.034983852971305726
2025-03-06,-0.0672762033028212
2025-03-07,0.01757747319927755
2025-03-10,-0.09506287019406215
2025-03-11,-0.01883327546867679
2025-03-12,0.02382145033710671
2025-03-13,-0.04691038703741894
2025-03-14,0.06529413565420555
2025-03-17,0.021037291947730817
2025-03-18,-0.04057023707059333
2025-03-19,0.03478846244908544
2025-03-20,-0.008684443708729301
2025-03-21,0.004415911983241279
2025-03-24,0.057384783710095644
2025-03-25,0.011922219771301232
2025-03-26,0.0551485219952877
2025-03-27,-0.013198999214854009
2025-03-28,-0.06978896168483412
2025-03-31,0.008450423023756867
2025-04-01,0.016230300316447135
2025-04-02,0.020593905104723937
2025-04-03,-0.15188739239373628
2025-04-04,-0.17825417448016023
2025-04-07,0.013060256320585962
2025-04-08,-0.056370074289829424
2025-04-09,0.3884274694427289
2025-04-10,-0.11379696291213132
2025-04-11,0.052719342690438285
2025-04-14,0.02444842546834619
2025-04-15,-0.002068597957305664
2025-04-16,-0.07856855336134601
2025-04-17,-2.499990428564457e-06
2025-04-21,-0.07203050771093232
2025-04-22,0.07570058724998088
2025-04-23,0.05692602678452459
2025-04-24,0.0733865292684743
2025-04-25,0.02704632040637802
2025-04-28,0.0
2025-04-29,-0.0179642399126262
2025-04-30,0.0015244249484249446
2025-05-01,-0.022831085563414788
2025-05-02,-0.043613648380222164
2025-05-05,0.01628662661877964
2025-05-06,0.02564103543384949
2025-05-07,0.012126711585689138
2025-05-08,0.024637628273566047
2025-05-09,0.0048387556588552335
2025-05-12,0.10959357408566267
2025-05-13,-0.0837320506339714
2025-05-14,-0.013054905634937702
2025-05-15,0.018518506237534982
2025-05-16,-0.011416451952888602
2025-05-19,-0.0017108503322028215
2025-05-20,0.01071122777844614
2025-05-21,0.041119085626484655
2025-05-22,0.002446996774519136
2025-05-23,-0.024878023188511334
2025-05-27,0.06538106681545286
2025-05-28,-0.015036573226730618
2025-05-29,0.00803560762648271
2025-05-30,-0.004379487827372986
2025-06-02,0.019396784373067633
2025-06-03,0.020555994878829056
2025-06-04,-0.00706715448730726
2025-06-05,0.022686854666439472
2025-06-06,0.02411101676228207
2025-06-09,-0.07215538878026675
2025-06-10,-0.06281152024743579
2025-06-11,0.010638286266334557
2025-06-12,-0.00526318819595022
2025-06-13,0.07619041073443282
2025-06-16,0.06679727369462592
2025-06-17,-0.025643154143072635
2025-06-18,0.0038986209235068628
2025-06-20,-0.016210387407799322
2025-06-23,0.02404619226693458
2025-06-24,0.08023754263858075
2025-06-25,-0.0266344722116317
2025-06-26,-0.021144313300277093
2025-06-27,0.0012706603193808814
2025-06-30,0.0012690477907098285
2025-07-01,0.013941660580689633
2025-07-02,-0.056249950092958766
2025-07-03,-0.013244980655674608
2025-07-07,0.056375740360152776
2025-07-08,0.02869688772900112
2025-07-09,0.015535614610348709
2025-07-10,-0.029891314384233033
2025-07-11,0.00560219957170904
2025-07-14,-0.009158846755442651
2025-07-15,-0.027100256778241117
2025-07-16,-0.0033490615988080764
2025-07-17,0.017039538164876075
2025-07-18,0.0013985197779248682
2025-07-21,-0.004189889783802674
2025-07-22,0.042075760120339006
2025-07-23,0.017496620367067468
2025-07-24,0.00925925842692387
2025-07-25,0.0026212571934271373
2025-07-28,-0.05490195451363154
2025-07-29,-0.004149417375554841
2025-07-30,-0.019444442871330545
2025-07-31,-0.055878297347634165
2025-08-01,-0.04850249133188232
2025-08-04,0.04672700757150339
2025-08-05,-0.020035370447165926
2025-08-06,0.008936975586872897
2025-08-07,0.02506075602011824
2025-08-08,0.0276475523480706
2025-08-11,-0.006461749132685575
2025-08-12,0.0638090899271521
2025-08-13,-0.042836148709691664
2025-08-14,-0.0030863446579358143
2025-08-15,0.06965937318893446
2025-08-18,-0.00868305335766727
2025-08-19,-0.04382843566242245
2025-08-20,-0.01750951553961028
2025-08-21,-0.015672127197867546
2025-08-22,0.06383254158825176
2025-08-25,-0.01818141192519445
2025-08-26,0.02358318443166887
2025-08-27,0.0065568405032323555
2025-08-28,0.01532108081777713
2025-08-29,0.08675788554069376
2025-09-02,-0.027926413690999054
2025-09-03,0.00496007183949819
2025-09-04,0.028349462500664342
2025-09-05,0.022655085351499023
2025-09-08,0.01534262585898335
2025-09-09,-0.0074016122044765495
2025-09-10,0.024341349799559143
2025-09-11,-0.018547212892077045
2025-09-12,-0.006299166250621393
2025-09-15,-0.023771803267953865
2025-09-16,-0.019480596133005852
2025-09-17,0.0033114028327002913
2025-09-18,-0.10231030911591693
2025-09-19,0.0165440894014316
2025-09-22,-0.04520790115512897
2025-09-23,0.006891225377666913
2025-09-24,-0.015241894327392532
2025-09-25,-0.019183310104923162
2025-09-26,0.014493209402434443
2025-09-29,0.0012092055139296648
2025-09-30,0.014259904431573784
2025-10-01,-0.052224415143787006
2025-10-02,-0.061224498197136414
2025-10-03,0.019565234868034954
2025-10-06,-0.08955222168787248
2025-10-07,0.0655737304800909
2025-10-08,0.06584117828602563
2025-10-09,0.012224857481464823
2025-10-10,-0.1402642603528509
2025-10-13,0.11103919020103666
2025-10-14,-0.008885889128169205
2025-10-15,0.0581058241899851
2025-10-16,-0.02606115174895008
2025-10-17,-0.014876431429299734
2025-10-20,0.053196016474822985
2025-10-21,-0.015699779814943374
2025-10-22,-0.05953621308220644
2025-10-23,0.054464933288265606
2025-10-24,0.041728233037312816
2025-10-27,-0.08602157048400243
2025-10-28,-0.0029410583973723484
2025-10-29,-0.04719762402835013
2025-10-30,0.0371516634732208
2025-10-31,0.011196232887369387
2025-11-03,0.003020697744210925
2025-11-04,-0.09008446483038669
2025-11-05,0.05560670336509877
2025-11-06,-0.06758524744772705
2025-11-07,-0.019956204131161392
2025-11-10,0.07127058919575048
2025-11-11,-0.039033145502076136
2025-11-12,0.020838005482526404
2025-11-13,-0.08199845943203063
2025-11-14,-0.004028410747989136
2025-11-17,-0.03830604728996726
2025-11-18,-0.05102555053861469
2025-11-19,0.03098701791889215
2025-11-20,-0.10533040977049152
2025-11-21,0.02564838944847421
2025-11-24,0.09166419992551712
2025-11-25,0.03620193749294951
2025-11-26,0.054925917201712644
2025-11-28,-0.05509642689710013
2025-12-01,0.0
2025-12-02,0.027383431449269788
2025-12-03,0.035261419596458995
2025-12-04,0.033112587942022806
2025-12-05,-0.03525639402441743
2025-12-08,-0.026578009637559498
2025-12-09,0.0007170553871954748
2025-12-10,0.03978542798213573
2025-12-11,0.01773056007797672
2025-12-12,0.14634144055825607
2025-12-15,-0.017999951435498738
2025-12-16,-0.015989329160210078
2025-12-17,-0.0713465393408909
2025-12-18,0.04361636242465416
2025-12-19,0.05221058673206222
2025-12-22,0.03514140966018335
2025-12-23,-0.004000745220612617
2025-12-24,-0.006644546100396041
2025-12-26,0.0
2025-12-29,0.010033487118299331
2025-12-30,-0.012521765694556087
2025-12-31,-0.03032841619380741
2026-01-02,0.05847046059212493
2026-01-05,0.044720693393470796
2026-01-06,0.0679289712927868
2026-01-07,0.02941182005094197
2026-01-08,-0.008767905895688866
2026-01-09,0.052829961389023516
2026-01-12,-0.016949153733633926
2026-01-13,-0.021551672056646154
2026-01-14,0.004186680027793651
2026-01-15,0.037036244155916
2026-01-16,0.023912140087031363
2026-01-20,-0.04124841620196246
2026-01-21,0.07738787006461768
2026-01-22,0.012670661753464976
2026-01-23,-0.04435518490201429
2026-01-26,-0.012464459830287832
2026-01-27,0.0399337705510782
2026-01-28,0.034605111730419164
2026-01-29,0.0027482904475035425
2026-01-30,-0.08714976160161489
2026-02-02,0.04261389180254767
2026-02-03,-0.02976099745062627
2026-02-04,-0.08074605660329587
2026-02-05,-0.02654982563552978
2026-02-06,0.13301335468173692
2026-02-09,0.029196724583518255
2026-02-10,-0.009588821443231602
2026-02-11,0.031924605541789663
2026-02-12,-0.06704519921563344
2026-02-13,0.029549139622516464
2026-02-17,-0.0012178634309814606
2026-02-18,0.02103191369772308
2026-02-19,-0.005519284768119323
2026-02-20,0.015220994905183952
2026-02-23,-0.03169933340512396
2026-02-24,0.036538015580901514
2026-02-25,0.033004454529061145
2026-02-26,-0.04379840319924456
2026-02-27,-0.04498448013806765
2026-03-02,0.012508529649206844
2026-03-03,-0.10346992672866878
2026-03-04,0.044096294053511086
2026-03-05,-0.0442485160196475
2026-03-06,-0.09852478607734652
2026-03-09,0.07256951861941038
2026-03-10,0.011330698228182296
2026-03-11,0.011043493965251349
2026-03-12,-0.08535178264261077
2026-03-13,-0.0010159237557423187
2026-03-16,0.04437901660257496
2026-03-17,0.021116897081724144
2026-03-18,-0.03130637068580604
2026-03-19,0.017121591905735777
2026-03-20,-0.06709204151067855
2026-03-23,0.04929647513264768
2026-03-24,0.02708083912834742
2026-03-25,0.03711905531369033
2026-03-26,-0.10047676799020988
2026-03-27,-0.050728159467854174
2026-03-30,-0.08767173199384093
2026-03-31,0.14139620520605742
2026-04-01,0.055886632361241875
2026-04-02,0.014070033668178345
2026-04-06,0.026951062455414683
2026-04-07,0.019708763503920066
2026-04-08,0.14509447739399328
2026-04-09,-0.06528194822299589
2026-04-10,-0.05992057808532237
2026-04-13,-0.05360912490064314
2026-04-14,-0.06110619908052369
2026-04-15,-0.005225593825124511
2026-04-16,-0.03151865776211279
2026-04-17,-0.06952659563109906
2026-04-20,-0.01271859845683658
2026-04-21,-0.023081069572256474
2026-04-22,-0.07692306300452616
2026-04-23,-0.06547622664647142
2026-04-24,-0.1388534813409622
2026-04-27,0.037721856153222086
2026-04-28,0.11119029017444548
2026-04-29,0.02816982552310164
2026-04-30,0.05176672498472798
2026-05-01,-0.024060145907903313
2026-05-04,0.021571644585618818
2026-05-05,0.09021395164989203
2026-05-06,-0.14769769933015867
2026-05-07,0.0805301031796825
2026-05-08,-0.1650943528115712
2026-05-11,-0.07344627092183618
2026-05-12,0.09146334606810431
2026-05-13,-0.06703909689517702
2026-05-14,-0.009580836906394972
2026-05-15,0.11608220757525244
2026-05-18,-0.044624068943709634
2026-05-19,-0.009204200867298975
2026-05-20,0.09369021681730164
2026-05-21,0.01810026259497801
2026-05-22,0.0407434526289826
2026-05-26,-0.9457524797518352
2026-05-27,0.03815587055538302
2026-05-28,-0.0336907259240768
2026-05-29,0.003169567552337312
2026-06-01,-0.011058466456245204
2026-06-02,-0.1741213746315943
2026-06-03,-0.05029013684032479
2026-06-04,-0.039536066230518994
2026-06-05,-0.22186260915734787
2026-06-08,0.09377470119017546
2026-06-09,-0.03930048479758344
2026-06-10,-0.0804746000674356
2026-06-11,0.1609050331789526
2026-06-12,0.033126862544510235
2026-06-15,0.12498974126377453
2026-06-16,-0.11228732604326119
2026-06-17,-0.0001654038340155664
2026-06-18,0.12924072910967618
2026-06-22,0.03750900058902084
2026-06-23,-0.1684010579317065
2026-06-24,-0.010571167610383146
2026-06-25,0.060735168096798374
2026-06-26,-0.09501299317636917
2026-06-29,0.08537786584578261
2026-06-30,0.08732630308891756
2026-07-01,-0.11443371159799107
2026-07-02,-0.10539295272900745
2026-07-06,0.05514888754137708
2026-07-07,0.1510791156306074
2026-07-08,0.03225206969035816
2026-07-09,0.07592601508673825
2026-07-10,0.0037850112712507376
2026-07-13,0.13970590366486763
2026-07-14,0.050517741437919844
2026-07-15,-0.03575144503272179
2026-07-16,-0.09399122039694754
2026-07-17,-0.03316253941470205
2026-07-20,-0.004274749569538793
2026-07-21,0.10060646711705176
2026-07-22,-0.005138363806552122
2026-07-23,-0.019742459111775853
2026-07-24,-0.07483048119376273
2026-07-27,-0.02310908765537854
2026-07-28,-0.06781854917012346
2026-07-29,-0.09812316095198305
2026-07-30,0.14373430837135212
2026-07-31,-0.006240167860035008
2026-08-03,0.032273436608808756
2026-08-04,-0.20252448434752438
2026-08-05,0.06496574252407684
2026-08-06,-0.007098569133176932
2026-08-07,-0.05987481213084003
2026-08-10,0.07438206077044553
2026-08-11,-0.026100427539735377
2026-08-12,-0.06949801597615705
2026-08-13,-0.020746943214364193
2026-08-14,0.003988032195209055
2026-08-17,-0.04766629163683475
2026-08-18,-0.09933896587754444
2026-08-19,-0.03404462782286549
2026-08-20,-0.006307823664933495
2026-08-21,-0.0009112806880082784
2026-08-24,-0.05244343784210327
2026-08-25,0.02825479477182684
2026-08-26,0.005204254684602918
2026-08-27,0.047056032897702826
2026-08-28,-0.05430712078849814
2026-08-31,0.006263743813906639
2026-09-01,-0.04845259826066037
2026-09-02,0.0054815848627472775
2026-09-03,0.02132149805306472
2026-09-04,0.051732467119622025
2026-09-08,0.0252737697733897
2026-09-09,0.00735334790171541
2026-09-10,-0.05856022291249423
2026-09-11,0.03976529197448589
2026-09-14,-0.10235880508810187
2026-09-15,-0.0010347679499023528
