date,returns
2009-01-02,0.0
2009-01-05,0.0
2009-01-06,0.00021831168330836478
2009-01-07,0.0015281613838628663
2009-01-08,-0.0010899676699205193
2009-01-09,0.0006549237389979176
2009-01-12,-0.00043584347547009314
2009-01-13,0.0013084134962179307
2009-01-14,0.00021794023145419266
2009-01-15,0.0002178927438591638
2009-01-16,-0.0006533275657789645
2009-01-20,-0.0017434847521150642
2009-01-21,0.0017465298001908113
2009-01-22,0.00021777929308633063
2009-01-23,-0.00021773187559238175
2009-01-26,-0.00021798769432373381
2009-01-27,-0.0004357577766243728
2009-01-28,-0.00043584347547009314
2009-01-29,0.0
2009-01-30,0.000872171349906571
2009-02-02,0.000610540314629413
2009-02-03,-0.0008716087410024208
2009-02-04,0.0006540683279348893
2009-02-05,-0.000435795262281446
2009-02-06,-0.0015255836214626488
2009-02-09,0.0013096410710788744
2009-02-10,-0.00021830077760530094
2009-02-11,-0.00021782707637482357
2009-02-12,0.0
2009-02-13,0.0008729582866738694
2009-02-17,0.0
2009-02-18,0.0002174760956048675
2009-02-19,0.0
2009-02-20,0.0
2009-02-23,-0.00021742881003618882
2009-02-24,-0.0006545123893120138
2009-02-25,-0.000435549879376562
2009-02-26,0.0002178176734631414
2009-02-27,0.0006543536786848096
2009-03-02,0.000588574893106482
2009-03-03,-0.0002176039853300122
2009-03-04,0.0
2009-03-05,0.0002176513471305603
2009-03-06,-0.0002176039853300122
2009-03-09,0.0
2009-03-10,0.0
2009-03-11,0.0
2009-03-12,-0.000435719451268551
2009-03-13,-0.00021878857008483763
2009-03-16,-0.000217376844288744
2009-03-17,0.0006540450842703512
2009-03-18,0.00021821990292653315
2009-03-19,-0.0006544126909176875
2009-03-20,0.00043652606572516605
2009-03-23,0.00021821990292653315
2009-03-24,-0.00021817229338984837
2009-03-25,0.0004359187459129361
2009-03-26,-0.0002176039853300122
2009-03-27,0.0002176513471305603
2009-03-30,-0.0002176039853300122
2009-03-31,-0.000435719451268551
2009-04-01,0.00017459307045836257
2009-04-02,-0.0006541668038850234
2009-04-03,0.015510635059229212
2009-04-06,0.005390975790973626
2009-04-07,-0.023234934527070837
2009-04-08,0.011893972471373082
2009-04-09,0.02983748773574415
2009-04-13,0.012291257781384264
2009-04-14,-0.006938502820281529
2009-04-15,0.016593753468555766
2009-04-16,0.01030961699024995
2009-04-17,-0.0010894211869190704
2009-04-20,0.00043632715568192544
2009-04-21,0.017528466241788814
2009-04-22,-0.009474376169767262
2009-04-23,0.010434682779517736
2009-04-24,0.016350837943453954
2009-04-27,-0.02794200543691059
2009-04-28,-0.024390810939039005
2009-04-29,0.03750044540673048
2009-04-30,0.02151440824397137
2009-05-01,0.009266921220244482
2009-05-04,0.06677742450795542
2009-05-05,0.00021782694009352482
2009-05-06,0.03489275127195083
2009-05-07,0.0
2009-05-08,0.02578145696792716
2009-05-11,-0.00021777950185102152
2009-05-12,-0.0007918081213029109
2009-05-13,-0.008716260992864168
2009-05-14,-0.0015985392580094662
2009-05-15,0.0024019159595348467
2009-05-18,0.05191656760905715
2009-05-19,-0.0030368609768954874
2009-05-20,-0.009139163154054717
2009-05-21,-0.019216239202187776
2009-05-22,0.003134636119411362
2009-05-26,0.050781360556516726
2009-05-27,0.009665509739906708
2009-05-28,0.010309151956102608
2009-05-29,0.03352760354412382
2009-06-01,-0.0007836980800021998
2009-06-02,0.0
2009-06-03,0.0004358335439010824
2009-06-04,0.0
2009-06-05,-0.00021818652405423072
2009-06-08,0.00021823413980262421
2009-06-09,-0.020919993838858134
2009-06-10,0.01566927781569738
2009-06-11,0.00420721205843723
2009-06-12,-0.009077708083782832
2009-06-15,-0.02607479468941833
2009-06-16,-0.03473219146705357
2009-06-17,0.0014988913697937922
2009-06-18,0.004491196648370057
2009-06-19,0.0037257949109564194
2009-06-22,-0.014847983789144592
2009-06-23,-0.0011454040183020014
2009-06-24,0.028287317773104587
2009-06-25,0.028252830730947618
2009-06-26,0.013015388856688521
2009-06-29,0.005710518180229191
2009-06-30,-0.024840764704434682
2009-07-01,0.006550170715566852
2009-07-02,-0.03543014731583163
2009-07-06,0.012743782680591075
2009-07-07,-0.022205852390152336
2009-07-08,-0.010597891134226288
2009-07-09,0.01683225100301614
2009-07-10,-0.0030096354803756187
2009-07-13,-0.0022645078798543415
2009-07-14,0.015128672688999586
2009-07-15,0.046944951161287135
2009-07-16,-0.002134863179539349
2009-07-17,0.015691513073846454
2009-07-20,0.03441009289748716
2009-07-21,0.0020369813396097754
2009-07-22,-0.0027101183569377464
2009-07-23,0.03736396178854246
2009-07-24,-0.00021797338515792963
2009-07-27,0.009271564602908353
2009-07-28,0.0032808157226050802
2009-07-29,0.0
2009-07-30,0.025400992048096198
2009-07-31,0.0
2009-08-03,0.03129083704450347
2009-08-04,0.00021801141079227349
2009-08-05,-0.024468595810648232
2009-08-06,0.0006602791723120463
2009-08-07,-0.003957971738264987
2009-08-10,-0.0013242748993479996
2009-08-11,-0.005305218703671726
2009-08-12,0.007999830912739855
2009-08-13,0.0026458112048198825
2009-08-14,-0.006596365414746707
2009-08-17,-0.033200393315910126
2009-08-18,0.021977854979408802
2009-08-19,-0.0033604120116807663
2009-08-20,0.014834798315086337
2009-08-21,0.00930258737160077
2009-08-24,-0.0013168632304805246
2009-08-25,-0.0026364373470872324
2009-08-26,-0.005287904415223385
2009-08-27,-0.003322125361490556
2009-08-28,-0.007999940995591513
2009-08-31,-0.030913970589459234
2009-09-01,-0.015256474514466524
2009-09-02,0.0
2009-09-03,0.016901164416654988
2009-09-04,0.030471034181184797
2009-09-08,0.020833400378076867
2009-09-09,0.00658312038754087
2009-09-10,0.011772205814189068
2009-09-11,-0.0012928155766344933
2009-09-14,-0.004530711893129407
2009-09-15,0.0
2009-09-16,0.018205545406768917
2009-09-17,-0.0012773408029406043
2009-09-18,-0.005754434997657747
2009-09-21,-0.00835996294843863
2009-09-22,0.020752439920243466
2009-09-23,-0.015248082423654942
2009-09-24,-0.021290170618162588
2009-09-25,0.0032960637177304195
2009-09-28,0.009855597626202901
2009-09-29,0.003903249434742186
2009-09-30,0.005833180123354187
2009-10-01,-0.027061973307322004
2009-10-02,-0.007946961642065882
2009-10-05,0.011348380806562643
2009-10-06,0.009240965603248077
2009-10-07,0.008502226639935755
2009-10-08,0.016212806877394677
2009-10-09,0.00446720707722442
2009-10-12,-0.005082764079492542
2009-10-13,0.0006386704014703021
2009-10-14,0.02042124710031442
2009-10-15,0.0
2009-10-16,-0.016260144970639066
2009-10-19,0.020978759644889405
2009-10-20,0.014321397704258047
2009-10-21,0.002455476247240833
2009-10-22,0.0030618270654187464
2009-10-23,-0.010988729611484102
2009-10-26,-0.006790378026487969
2009-10-27,-0.009944197430772744
2009-10-28,-0.025737314270130318
2009-10-29,0.018685534241899813
2009-10-30,-0.017710596372258414
2009-11-02,0.004507372912487833
2009-11-03,0.0019235925294791905
2009-11-04,0.005758007944557133
2009-11-05,0.008269658427014917
2009-11-06,-0.0025236406391569975
2009-11-09,0.026565267900813056
2009-11-10,-0.009242077416336765
2009-11-11,-0.0006219887023356359
2009-11-12,-0.0056005602923614745
2009-11-13,0.006257984323936299
2009-11-16,0.014925675071335645
2009-11-17,-0.006127708019867927
2009-11-18,-0.011714152963319197
2009-11-19,-0.007485704591043299
2009-11-20,-0.0031425506169223635
2009-11-23,0.011349117241138055
2009-11-24,-0.008728321646466222
2009-11-25,0.010691851135966993
2009-11-27,-0.023646479029829442
2009-11-30,0.01083516375036532
2009-12-01,0.020176497633288385
2009-12-02,0.0018540250468404881
2009-12-03,0.0030847987052463276
2009-12-04,0.006149913106670359
2009-12-07,-0.007335110404140622
2009-12-08,-0.009236487261434043
2009-12-09,0.0031076001816469838
2009-12-10,-0.0012390459376971977
2009-12-11,0.0031019186476200136
2009-12-14,0.0
2009-12-15,-0.008039926365009104
2009-12-16,-0.002493747358809211
2009-12-17,-0.02250024794443485
2009-12-18,-0.0063936055076353636
2009-12-21,0.0
2009-12-22,-0.002087111454535621
2009-12-23,0.01176474221076168
2009-12-24,0.005813865990930904
2009-12-28,-0.003853751032469613
2009-12-29,0.005803252422100824
2009-12-30,0.007692050628681232
2009-12-31,-0.003816770951045345
2010-01-04,0.02554276875132576
2010-01-05,0.009339969598157022
2010-01-06,0.0030843129285666334
2010-01-07,0.0
2010-01-08,0.0006150860704696867
2010-01-11,0.0012296162075431949
2010-01-12,-0.010436201687825828
2010-01-13,-0.006203572124825779
2010-01-14,-0.0062418898854923015
2010-01-15,-0.013191130064088074
2010-01-19,0.012730945813475041
2010-01-20,-0.0232559615960994
2010-01-21,-0.029600992497144284
2010-01-22,-0.015251807639051464
2010-01-25,0.01279418608452619
2010-01-26,-0.00930842075526308
2010-01-27,-0.004697940787161754
2010-01-28,-0.010114517758244438
2010-01-29,-0.0034057705554494493
2010-02-01,0.025973826400632324
2010-02-02,0.011991824121360047
2010-02-03,-0.003949943854147339
2010-02-04,-0.03304658795031948
2010-02-05,-0.0041014704136681235
2010-02-08,-0.0034315954112111306
2010-02-09,0.0254816961737176
2010-02-10,0.0
2010-02-11,0.018133364668872845
2010-02-12,-0.010554169102049892
2010-02-16,0.017333410808048608
2010-02-17,0.0019655384348651567
2010-02-18,-0.0026156834457252876
2010-02-19,-0.006557479674996509
2010-02-22,0.0006601516789617542
2010-02-23,-0.003297721126080367
2010-02-24,0.016544885458817035
2010-02-25,-0.00260408021356173
2010-02-26,0.007179917668831162
2010-03-01,0.011017873359231366
2010-03-02,0.010897176156063327
2010-03-03,-0.003170575210794026
2010-03-04,-0.003816770951045345
2010-03-05,0.015325682057195337
2010-03-08,0.011320686280295877
2010-03-09,-0.0006217686293258993
2010-03-10,0.003111182841526044
2010-03-11,0.0006204279568334142
2010-03-12,-0.0043396968484349235
2010-03-15,0.0037358661101617933
2010-03-16,0.004962716211158951
2010-03-17,0.009259758356087678
2010-03-18,0.0
2010-03-19,-0.0018432906721286245
2010-03-22,-0.004307450400407917
2010-03-23,0.004326084796095055
2010-03-24,-0.006153543538383278
2010-03-25,-0.009288121826264156
2010-03-26,0.01624997301734506
2010-03-29,0.010455160686351491
2010-03-30,0.004869377665017
2010-03-31,-0.013325110332118795
2010-04-01,0.016574332022286725
2010-04-05,0.004226912998844549
2010-04-06,0.0024056040896445093
2010-04-07,-0.005998893513312192
2010-04-08,0.0012067638553676706
2010-04-09,0.010850238989841974
2010-04-12,-0.005366644617729424
2010-04-13,0.0023976107498286377
2010-04-14,0.010167713883774004
2010-04-15,-0.0065127062397165895
2010-04-16,-0.02681762338413574
2010-04-19,-0.002449298347005448
2010-04-20,0.003683318238695823
2010-04-21,-0.004281401511324371
2010-04-22,-0.0024575207560333747
2010-04-23,-0.0018470292242316751
2010-04-26,0.0012339663767780352
2010-04-27,-0.026494468248616336
2010-04-28,0.005063433405235524
2010-04-29,0.004407914384321588
2010-04-30,-0.018181626900464973
2010-05-03,0.00638569218783144
2010-05-04,-0.031091682707400984
2010-05-05,-0.003928930589604177
2010-05-06,-0.032872982264319735
2010-05-07,0.008157443894592482
2010-05-10,0.03506388859441797
2010-05-11,-0.010423322090310693
2010-05-12,0.003950158355972213
2010-05-13,-0.004590225089605429
2010-05-14,-0.015810288981521696
2010-05-17,-0.0026775055078929384
2010-05-18,-0.010067219029420982
2010-05-19,0.0
2010-05-20,-0.029152355992722652
2010-05-21,0.01955288036608351
2010-05-24,0.002055284806860248
2010-05-25,-0.0013674537543398283
2010-05-26,-0.019849320588935175
2010-05-27,0.043296134987548786
2010-05-28,-0.010709694894790631
2010-06-01,-0.014884930033443695
2010-06-02,0.020604834409972763
2010-06-03,0.0006728153754922641
2010-06-04,-0.02488268980258581
2010-06-07,-0.0027584175215633736
2010-06-08,0.017980716646375634
2010-06-09,0.0047551662144472056
2010-06-10,0.0
2010-06-11,0.0
2010-06-14,-0.0004355390717706319
2010-06-15,0.0
2010-06-16,0.0
2010-06-17,0.0
2010-06-18,0.00021828119035036684
2010-06-21,-0.00021823355407040996
2010-06-22,0.00021828119035036684
2010-06-23,0.0
2010-06-24,0.0
2010-06-25,0.0
2010-06-28,0.0
2010-06-29,0.0
2010-06-30,0.00021740020398326759
2010-07-01,0.0020309491691753788
2010-07-02,0.005405608204985818
2010-07-06,0.008064386908184605
2010-07-07,0.012666660905990133
2010-07-08,0.0013168103482331301
2010-07-09,0.011176379925166765
2010-07-12,0.0026011905901428393
2010-07-13,0.0025940268580416544
2010-07-14,0.0006469064519447871
2010-07-15,-0.007110646513059683
2010-07-16,-0.013672230062841753
2010-07-19,0.0026405749693561276
2010-07-20,0.015141633487435259
2010-07-21,-0.010376211205693762
2010-07-22,0.02359123692638087
2010-07-23,0.01344413762228707
2010-07-26,0.006316951640965943
2010-07-27,-0.003766218228906069
2010-07-28,-0.008821804015614283
2010-07-29,0.008900320902290364
2010-07-30,0.00441064993033587
2010-08-02,0.022584637049935807
2010-08-03,-0.0006133727431211052
2010-08-04,0.0018418369882910249
2010-08-05,0.0018381567093553321
2010-08-06,0.005504548007639012
2010-08-09,0.0
2010-08-10,0.0002183288474310719
2010-08-11,-0.014545608304527531
2010-08-12,-0.0012298614735289466
2010-08-13,0.0006154416133517132
2010-08-16,-0.004922867978276043
2010-08-17,0.0006183038524050911
2010-08-18,0.0006180206881164383
2010-08-19,-0.0030882937103121986
2010-08-20,0.0012392038122941828
2010-08-23,-0.004950581325688343
2010-08-24,-0.005596976122268696
2010-08-25,0.0037522856969013797
2010-08-26,-0.0031153318854871517
2010-08-27,0.008750129015172184
2010-08-30,-0.008674228397586234
2010-08-31,-0.0006248734851218503
2010-09-01,0.02313957882331843
2010-09-02,0.0030563000058686594
2010-09-03,0.0012186194758541818
2010-09-07,0.00912993409134648
2010-09-08,0.0060312011462669785
2010-09-09,0.0
2010-09-10,0.0
2010-09-13,0.0
2010-09-14,0.00021828119035036684
2010-09-15,0.0
2010-09-16,0.0
2010-09-17,-0.00021823355407040996
2010-09-20,0.0
2010-09-21,0.0
2010-09-22,0.0
2010-09-23,0.0
2010-09-24,0.00021828119035036684
2010-09-27,0.0
2010-09-28,-0.00021823355407040996
2010-09-29,0.0
2010-09-30,0.0
2010-10-01,0.0
2010-10-04,0.00021828119035036684
2010-10-05,-0.00021823355407040996
2010-10-06,0.0
2010-10-07,0.0
2010-10-08,0.0
2010-10-11,0.0
2010-10-12,0.0
2010-10-13,0.0
2010-10-14,0.00021828119035036684
2010-10-15,-0.00021823355407040996
2010-10-18,0.00021828119035036684
2010-10-19,-0.00021823355407040996
2010-10-20,0.0
2010-10-21,0.0
2010-10-22,0.00021828119035036684
2010-10-25,-0.00021823355407040996
2010-10-26,0.00021828119035036684
2010-10-27,-0.012651440051233014
2010-10-28,-0.002669229701299672
2010-10-29,0.00267637355709003
2010-11-01,0.017085017994638987
2010-11-02,0.011023319649558041
2010-11-03,0.018172521893333415
2010-11-04,0.0
2010-11-05,0.0
2010-11-08,0.0
2010-11-09,0.0
2010-11-10,0.0
2010-11-11,-0.00021828119035036684
2010-11-12,0.0004366576948621438
2010-11-15,-0.00405900577902531
2010-11-16,-0.019867442778389973
2010-11-17,-0.002078913894739889
2010-11-18,0.01822930861042839
2010-11-19,-0.01636857064186602
2010-11-22,-0.012480137028705863
2010-11-23,-0.02001077240612443
2010-11-24,0.01665769122526856
2010-11-26,-0.014799202612400104
2010-11-29,0.016094768225963053
2010-11-30,-0.0026403940753517707
2010-12-01,0.028586700731732525
2010-12-02,0.004631980604698179
2010-12-03,-0.0066596357850288125
2010-12-06,-0.008767445163442399
2010-12-07,0.006763999500794641
2010-12-08,-0.007752185434538185
2010-12-09,-0.0020836614968925515
2010-12-10,0.0026093262429502133
2010-12-13,0.00624723444692937
2010-12-14,-0.0010345345120365528
2010-12-15,-0.020196842185165702
2010-12-16,-0.007927866362303899
2010-12-17,0.0026635409723923717
2010-12-20,-0.0021253083359344185
2010-12-21,0.01676712433349997
2010-12-22,0.0031709805376764176
2010-12-23,-0.007902768926334635
2010-12-27,0.0
2010-12-28,-0.004779920477522198
2010-12-29,0.011739625421722914
2010-12-30,0.005274488220437867
2010-12-31,-0.007345190164043523
2011-01-03,0.02325570091835163
2011-01-04,0.020661140780694507
2011-01-05,0.010121249094597627
2011-01-06,-0.004007839013461856
2011-01-07,-0.004024205688536194
2011-01-10,-0.009595834950229493
2011-01-11,0.014278280406523694
2011-01-12,0.0040221827880677075
2011-01-13,-0.006008905976258458
2011-01-14,0.004030367136588614
2011-01-18,0.0005017536716443463
2011-01-19,-0.004513677400681604
2011-01-20,-0.0055416150303667375
2011-01-21,-0.006079078868347561
2011-01-24,0.0
2011-01-25,-0.0035678520609335796
2011-01-26,0.0020461885500706314
2011-01-27,-0.0010209241702785615
2011-01-28,-0.020950496230289613
2011-01-31,0.0015659201230955717
2011-02-01,0.013548574623950442
2011-02-02,0.002570844969741602
2011-02-03,-0.0005133058670380877
2011-02-04,0.005644220569836786
2011-02-07,-0.006632783730625157
2011-02-08,-0.01592177713209148
2011-02-09,-0.02400840299069807
2011-02-10,-0.012834334324361792
2011-02-11,0.011917949114364917
2011-02-14,-0.003747305210620723
2011-02-15,0.0005370021122253477
2011-02-16,0.006981878859680098
2011-02-17,-0.0037331468465238364
2011-02-18,0.0042825496478259666
2011-02-22,-0.028784850018441534
2011-02-23,0.001646447788895458
2011-02-24,-0.005479340897903326
2011-02-25,0.021488117196984395
2011-02-28,0.007011574297177078
2011-03-01,-0.003749397569897815
2011-03-02,0.0
2011-03-03,0.006989214543424196
2011-03-04,0.0010678006878146623
2011-03-07,-0.011199609663038405
2011-03-08,0.025889665966746418
2011-03-09,0.004206162218965017
2011-03-10,-0.01937188351600989
2011-03-11,-0.0016017010317219932
2011-03-14,-0.0032083716115072353
2011-03-15,-0.02199568656988739
2011-03-16,-0.02523318324846576
2011-03-17,-0.001688141244957771
2011-03-18,0.007891641841709022
2011-03-21,0.01957502768917537
2011-03-22,0.0
2011-03-23,0.012067873996202898
2011-03-24,0.003794105944500351
2011-03-25,-0.0005400398266530372
2011-03-28,-0.008103689536479752
2011-03-29,0.008714641916241923
2011-03-30,0.020518602608423184
2011-03-31,0.0015867063636874606
2011-04-01,0.007924062609199072
2011-04-04,0.01939219421013011
2011-04-05,0.0010281097364486505
2011-04-06,0.006163544394303321
2011-04-07,-0.004083858552712515
2011-04-08,0.004100604842871369
2011-04-11,-0.012761794935879422
2011-04-12,-0.009307010759486511
2011-04-13,0.008872775010221967
2011-04-14,0.007759757010832966
2011-04-15,0.004107082699113543
2011-04-18,-0.009202651664528981
2011-04-19,-0.0015482257091207544
2011-04-20,0.0036179644545685464
2011-04-21,0.005664317542728947
2011-04-25,-0.009217031325501526
2011-04-26,0.0005170393556263879
2011-04-27,-0.004648902043420327
2011-04-28,0.0025947771224188298
2011-04-29,0.0020704657567253205
2011-05-02,0.0025827142577521966
2011-05-03,-0.014425811059777588
2011-05-04,-0.008363622560016099
2011-05-05,-0.004744394136087986
2011-05-06,0.007945045849432198
2011-05-09,0.006831202640765141
2011-05-10,0.009916280413817336
2011-05-11,-0.018604567317540826
2011-05-12,0.006319086305740781
2011-05-13,-0.0015698515490098013
2011-05-16,-0.0036684970372228717
2011-05-17,-0.0005260363821674751
2011-05-18,0.008947241666317572
2011-05-19,0.006781397346164484
2011-05-20,-0.009844677790641859
2011-05-23,-0.018838218588117614
2011-05-24,0.0005334154145892668
2011-05-25,0.004264287624362026
2011-05-26,0.0015926017907260317
2011-05-27,0.005299307214036842
2011-05-31,0.025303073207964003
2011-06-01,-0.011310837468420801
2011-06-02,0.00676007206544034
2011-06-03,-0.015495794162521979
2011-06-06,-0.00839433667187968
2011-06-07,0.0010580279506622742
2011-06-08,-0.007928079858528964
2011-06-09,0.007991436606126709
2011-06-10,-0.023256119927910244
2011-06-13,0.0010824177554262667
2011-06-14,0.009189231578148964
2011-06-15,-0.018210947136891226
2011-06-16,-0.007092077727926308
2011-06-17,0.0
2011-06-20,-0.012637822587157871
2011-06-21,0.011686532147845414
2011-06-22,-0.005182980699242346
2011-06-23,0.0022406025623593322
2011-06-24,0.0027951478926701696
2011-06-27,0.0
2011-06-28,0.0
2011-06-29,0.00021828119035036684
2011-06-30,0.0
2011-07-01,-0.00021823355407040996
2011-07-05,0.0
2011-07-06,0.00021828119035036684
2011-07-07,-0.00021823355407040996
2011-07-08,0.0
2011-07-11,-0.00021828119035036684
2011-07-12,0.0002183288474310719
2011-07-13,0.00021828119035036684
2011-07-14,0.0
2011-07-15,0.0
2011-07-18,0.0
2011-07-19,0.0
2011-07-20,-0.00021823355407040996
2011-07-21,0.0
2011-07-22,0.00021828119035036684
2011-07-25,0.0
2011-07-26,0.0
2011-07-27,0.0
2011-07-28,0.0
2011-07-29,0.0
2011-08-01,0.0
2011-08-02,0.0
2011-08-03,0.0
2011-08-04,0.0
2011-08-05,0.0
2011-08-08,-0.049710721961748416
2011-08-09,0.03892919234911665
2011-08-10,0.0
2011-08-11,0.0343768378012457
2011-08-12,0.0
2011-08-15,0.0
2011-08-16,0.0
2011-08-17,0.0
2011-08-18,-0.00043646710814081993
2011-08-19,0.0004366576948621438
2011-08-22,-0.00043646710814081993
2011-08-23,0.0004366576948621438
2011-08-24,0.0
2011-08-25,-0.00043646710814081993
2011-08-26,0.0004366576948621438
2011-08-29,0.0
2011-08-30,0.0
2011-08-31,0.0
2011-09-01,0.0
2011-09-02,0.0
2011-09-06,-0.00021823355407040996
2011-09-07,-0.00021828119035036684
2011-09-08,0.0
2011-09-09,0.0002183288474310719
2011-09-12,0.0
2011-09-13,-0.00021828119035036684
2011-09-14,0.0
2011-09-15,0.0
2011-09-16,0.0
2011-09-19,0.0002183288474310719
2011-09-20,0.0
2011-09-21,0.0
2011-09-22,-0.039820276981694526
2011-09-23,0.023411290019535142
2011-09-26,-0.00522879012364872
2011-09-27,0.021681989197921345
2011-09-28,0.0002183288474310719
2011-09-29,0.011432337682851894
2011-09-30,0.0
2011-10-03,-0.02791363704267347
2011-10-04,-0.005024862001652037
2011-10-05,0.02958166342196636
2011-10-06,0.028731402042238785
2011-10-07,0.0002183288474310719
2011-10-10,-0.00021828119035036684
2011-10-11,0.0002183288474310719
2011-10-12,-0.00021828119035036684
2011-10-13,0.0002183288474310719
2011-10-14,-0.00021828119035036684
2011-10-17,0.0
2011-10-18,0.0002183288474310719
2011-10-19,0.0
2011-10-20,0.0
2011-10-21,-0.00021828119035036684
2011-10-24,0.0
2011-10-25,0.0002183288474310719
2011-10-26,0.0
2011-10-27,-0.00021828119035036684
2011-10-28,0.0
2011-10-31,-0.0002180162046901205
2011-11-01,0.0004364402031578591
2011-11-02,-0.00021828119035036684
2011-11-03,-0.0002180162046901205
2011-11-04,0.0002180637461204302
2011-11-07,0.0002183288474310719
2011-11-08,0.0
2011-11-09,-0.00021828119035036684
2011-11-10,0.0002183288474310719
2011-11-11,-0.00021828119035036684
2011-11-14,0.0002183288474310719
2011-11-15,-0.00021828119035036684
2011-11-16,0.0002183288474310719
2011-11-17,0.0
2011-11-18,0.0
2011-11-21,0.0
2011-11-22,-0.00021828119035036684
2011-11-23,0.0002183288474310719
2011-11-25,0.0
2011-11-28,0.0
2011-11-29,-0.0004362498062038119
2011-11-30,0.0002180637461204302
2011-12-01,-0.0002180162046901205
2011-12-02,0.0002180637461204302
2011-12-05,0.0
2011-12-06,0.0002183288474310719
2011-12-07,-0.00021828119035036684
2011-12-08,0.0
2011-12-09,-0.0002180162046901205
2011-12-12,0.0
2011-12-13,0.0
2011-12-14,0.0002180637461204302
2011-12-15,-0.0002180162046901205
2011-12-16,0.0002180637461204302
2011-12-19,0.0
2011-12-20,0.0
2011-12-21,0.0
2011-12-22,0.0
2011-12-23,0.0
2011-12-27,-0.0002180162046901205
2011-12-28,4.3362580490487075e-05
2011-12-29,0.0
2011-12-30,0.0
2012-01-03,-0.00021815852317624216
2012-01-04,0.0
2012-01-05,0.0
2012-01-06,0.0
2012-01-09,0.00021820612670259162
2012-01-10,0.0
2012-01-11,-0.00021815852317624216
2012-01-12,0.0
2012-01-13,0.0
2012-01-17,0.0
2012-01-18,0.0
2012-01-19,0.0
2012-01-20,0.0
2012-01-23,0.0
2012-01-24,0.0
2012-01-25,0.0
2012-01-26,0.0
2012-01-27,0.0
2012-01-30,0.00021820612670259162
2012-01-31,0.0017781347372107746
2012-02-01,0.006508956484835849
2012-02-02,0.0
2012-02-03,0.012345500519756946
2012-02-06,0.00021820612670259162
2012-02-07,-0.001752620732204991
2012-02-08,0.015213634184944966
2012-02-09,-0.00021815852317624216
2012-02-10,0.00021820612670259162
2012-02-13,0.005232508837226953
2012-02-14,0.01041072332413172
2012-02-15,0.014882446424697982
2012-02-16,0.00021820612670259162
2012-02-17,-0.00021815852317624216
2012-02-21,0.0
2012-02-22,0.0
2012-02-23,0.0
2012-02-24,0.00021820612670259162
2012-02-27,-0.00021815852317624216
2012-02-28,0.0
2012-02-29,0.00021820612670259162
2012-03-01,-0.00021815852317624216
2012-03-02,0.0
2012-03-05,0.0
2012-03-06,-0.029461062275820914
2012-03-07,0.008591309438091405
2012-03-08,0.014196205901505493
2012-03-09,0.0
2012-03-12,-0.000559712721794718
2012-03-13,0.02408944405682511
2012-03-14,-0.00984673483697686
2012-03-15,0.0016572149952107144
2012-03-16,0.00275833686244386
2012-03-19,-0.006600964719078487
2012-03-20,-0.014396768291601938
2012-03-21,-0.006179419891903164
2012-03-22,-0.006218192291288183
2012-03-23,-0.0022751251807149203
2012-03-26,0.01767381601005775
2012-03-27,0.003921742949111878
2012-03-28,-0.009486792917289807
2012-03-29,-0.020845113476710586
2012-03-30,0.004027530237402332
2012-04-02,0.0097420483164256
2012-04-03,0.0
2012-04-04,-0.01248561688255827
2012-04-05,0.00919517628813982
2012-04-09,-0.010250385887968646
2012-04-10,-0.017261085430790264
2012-04-11,0.004098270840498697
2012-04-12,0.022740608238015245
2012-04-13,-0.009122134540329374
2012-04-16,-0.002301394996005487
2012-04-17,0.009227260527189711
2012-04-18,0.003428243750711492
2012-04-19,0.0005697154488015365
2012-04-20,0.0034148498033012707
2012-04-23,-0.016449126821160533
2012-04-24,0.003460144647979275
2012-04-25,0.006322005931947411
2012-04-26,0.003997451044165589
2012-04-27,-0.003981535052711744
2012-04-30,0.0022842198822441767
2012-05-01,0.008547074081310719
2012-05-02,0.006214328714167707
2012-05-03,-0.0033685733161019768
2012-05-04,-0.011267633616562182
2012-05-07,-0.008546985948973315
2012-05-08,-0.0086205777737401
2012-05-09,-0.012174094400811433
2012-05-10,-0.008215965317831978
2012-05-11,-0.005917266448777078
2012-05-14,-0.019047522596652912
2012-05-15,-0.0018201208527209413
2012-05-16,-0.015197838462778154
2012-05-17,-0.0172837660289873
2012-05-18,-0.0018844363299815512
2012-05-21,0.022655442919861386
2012-05-22,-0.00923074667973338
2012-05-23,-0.010558928937694452
2012-05-24,-0.007533015198467919
2012-05-25,-0.0025299336347339345
2012-05-29,0.02663305266742463
2012-05-30,-0.01544190591342788
2012-05-31,-0.0012544561673433659
2012-06-01,-0.019472476357834213
2012-06-04,-0.0019219587828671102
2012-06-05,0.008986081580587776
2012-06-06,0.02226463573753223
2012-06-07,0.009956387626529013
2012-06-08,-0.017868313403517494
2012-06-11,0.0006274221517668785
2012-06-12,0.021316746777847093
2012-06-13,-0.007366633409128112
2012-06-14,0.0
2012-06-15,0.012368615859235038
2012-06-18,0.003054328324137877
2012-06-19,0.01035324526810723
2012-06-20,0.0012052129866897013
2012-06-21,-0.02641767745319044
2012-06-22,0.007590335736394463
2012-06-25,-0.013810533869919726
2012-06-26,0.00636528530924223
2012-06-27,0.013283135362071296
2012-06-28,-0.0037454169873666395
2012-06-29,0.027568672019601424
2012-07-02,0.003049061603068019
2012-07-03,0.013373600387999235
2012-07-05,0.0029994044732990412
2012-07-06,-0.002990434949334896
2012-07-09,-0.004798684307803396
2012-07-10,-0.009644739222793276
2012-07-11,0.010347033628549574
2012-07-12,-0.0150601704476357
2012-07-13,0.01039738200434119
2012-07-16,-0.004237019733337239
2012-07-17,0.018236828084202305
2012-07-18,-0.0023879728718481643
2012-07-19,0.005984539073481029
2012-07-20,-0.010707925442670985
2012-07-23,-0.01743865939282949
2012-07-24,-0.000611810978078547
2012-07-25,-0.0036741317309154334
2012-07-26,0.009219434245809012
2012-07-27,0.018270241318071357
2012-07-30,0.0029906158315335554
2012-07-31,-0.0011927876921767357
2012-08-01,-0.0005970157877408003
2012-08-02,-0.003584053904980115
2012-08-03,0.01798509039052733
2012-08-06,0.004122860623176684
2012-08-07,0.007624732941444942
2012-08-08,0.0005820729454554609
2012-08-09,0.005235696971040486
2012-08-10,-0.009259445623400206
2012-08-13,-0.0023364519001116465
2012-08-14,0.004098543530989143
2012-08-15,-0.0017494496432986714
2012-08-16,-0.0005840246470413657
2012-08-17,0.004675634486003676
2012-08-20,0.0029086716681920367
2012-08-21,-0.0023202763806775967
2012-08-22,-0.006976754000054861
2012-08-23,-0.0011708733112421191
2012-08-24,0.0017583244746410644
2012-08-27,-0.0035105648757698025
2012-08-28,0.003522932358366798
2012-08-29,0.0
2012-08-30,-0.01696901323706378
2012-08-31,0.011309721135971293
2012-09-04,-0.010594392474121247
2012-09-05,-0.00535414263506506
2012-09-06,0.01495235562887314
2012-09-07,0.024749232484367882
2012-09-10,-0.0017251320849089508
2012-09-11,0.009792816295954321
2012-09-12,0.009127050569360227
2012-09-13,0.014697762826798482
2012-09-14,0.0
2012-09-17,0.0
2012-09-18,0.0
2012-09-19,0.0
2012-09-20,0.0
2012-09-21,-0.003313091395331011
2012-09-24,0.003878038089723174
2012-09-25,-0.012141048231213935
2012-09-26,-0.001676233214541716
2012-09-27,0.01902633004363984
2012-09-28,-0.0005489835583119606
2012-10-01,0.0076924010048818325
2012-10-02,-0.0010905963419055398
2012-10-03,0.0038211308295501446
2012-10-04,0.0005435277317962819
2012-10-05,0.0027173951008649558
2012-10-08,-0.006504074102972813
2012-10-09,-0.0038186340232635725
2012-10-10,-0.0027385600585127156
2012-10-11,-0.003294731759126509
2012-10-12,-0.003856837767949705
2012-10-15,0.007743373841728624
2012-10-16,0.013172107689111734
2012-10-17,0.003792070794059231
2012-10-18,-0.002158420156244517
2012-10-19,-0.014061755132173824
2012-10-22,0.01371359519262689
2012-10-23,-0.007575523251085076
2012-10-24,0.02071951654598813
2012-10-25,0.009615721710651417
2012-10-26,-0.014285970315290823
2012-10-31,-0.006978083282778688
2012-11-01,0.021621980390438736
2012-11-02,-0.002116564505531679
2012-11-05,0.007423047053335516
2012-11-06,0.011052487356823884
2012-11-07,-0.020822676866646923
2012-11-08,-0.015416874882225562
2012-11-09,0.000539630861137033
2012-11-12,0.007015987602284013
2012-11-13,-0.008574744427461516
2012-11-14,-0.007027119105132307
2012-11-15,0.003266446944376807
2012-11-16,0.0010851065697725986
2012-11-19,0.016259939375302027
2012-11-20,-0.005333261286574987
2012-11-21,0.006970925530757322
2012-11-23,0.02023423408915228
2012-11-26,-0.0010440793424533678
2012-11-27,-0.006791989169223301
2012-11-28,0.005786356474304638
2012-11-29,0.002092290453413696
2012-11-30,-0.002609843200260637
2012-12-03,-0.006802809907872846
2012-12-04,-0.004741681342920004
2012-12-05,0.015352059007648132
2012-12-06,0.003649482245622478
2012-12-07,0.0015586795481478957
2012-12-10,-0.001037502564736458
2012-12-11,0.004153535239333512
2012-12-12,0.0010343623475529422
2012-12-13,-0.006714963057549116
2012-12-14,0.009360387664142364
2012-12-17,-0.0036065493309150997
2012-12-18,-0.0009369388472845194
2012-12-19,-0.002605509558609056
2012-12-20,0.00679208430282307
2012-12-21,-0.007265248397859932
2012-12-24,0.0
2012-12-26,0.004181796428020752
2012-12-27,0.0010413690907581307
2012-12-28,-0.0020801810409636734
2012-12-31,0.011985328317135249
2013-01-02,0.023172327646755215
2013-01-03,0.0
2013-01-04,0.006635834317958864
2013-01-07,0.0020286459707764396
2013-01-08,-0.005566968937613009
2013-01-09,0.013231833962927507
2013-01-10,0.006529029155126806
2013-01-11,-0.00548888848752835
2013-01-14,-0.001505245337281208
2013-01-15,0.0005027060923284152
2013-01-16,0.0035156658983651443
2013-01-17,0.0050052034963586805
2013-01-18,0.0019919010583432845
2013-01-22,0.0024850758846868657
2013-01-23,-0.001487706761828274
2013-01-24,0.007447976097990722
2013-01-25,-0.00021825368273109707
2013-01-28,0.0
2013-01-29,0.007924790954776785
2013-01-30,0.0
2013-01-31,-0.0024581976446432082
2013-02-01,0.001971803921905343
2013-02-04,-0.016724284519535663
2013-02-05,-0.003001529727585877
2013-02-06,0.0050177607646329815
2013-02-07,-0.0064904386335932875
2013-02-08,0.011055383177737962
2013-02-11,0.0024850758846868657
2013-02-12,0.0019834600961752533
2013-02-13,0.0014838700472270179
2013-02-14,-0.001976155537509557
2013-02-15,0.000990331627266536
2013-02-19,-0.0034621372376583558
2013-02-20,-0.006451339773244604
2013-02-21,-0.011488431674502513
2013-02-22,-0.008590618430575769
2013-02-25,-0.0015289520317517424
2013-02-26,0.00204187773634156
2013-02-27,0.0193580816662854
2013-02-28,0.005497341920647156
2013-03-01,0.0
2013-03-04,-0.009940228893911326
2013-03-05,0.0020078248699618435
2013-03-06,0.00150298286607057
2013-03-07,0.007003494234089267
2013-03-08,0.00794818878837814
2013-03-11,-0.00197091568859843
2013-03-12,-0.009383211292575421
2013-03-13,-0.010966981661802735
2013-03-14,-0.0005039235943733755
2013-03-15,-0.012607016574698612
2013-03-18,-0.012257291048244948
2013-03-19,-0.0010346017319153784
2013-03-20,0.009834736929823907
2013-03-21,-0.0035879759620236493
2013-03-22,0.005144159058702174
2013-03-25,-0.007676748174390595
2013-03-26,0.01650343265450663
2013-03-27,0.003044016513841021
2013-03-28,0.0035406383358878276
2013-04-01,-0.009072668552866483
2013-04-02,0.01627686312262122
2013-04-03,-0.009009095689084609
2013-04-04,0.001515280002536465
2013-04-05,-0.01865858750428574
2013-04-08,-0.0015415228322344819
2013-04-09,0.0015439027936416311
2013-04-10,0.013874400078349553
2013-04-11,0.0
2013-04-12,-0.0010133901779785055
2013-04-15,-0.020801858976747474
2013-04-16,0.009844927700886639
2013-04-17,-0.006670342317100752
2013-04-18,0.0005168054071716021
2013-04-19,0.019101533224463795
2013-04-22,0.008105218646058045
2013-04-23,-0.002009994198616226
2013-04-24,0.008560039456567754
2013-04-25,0.01397878914277278
2013-04-26,-0.001969344423934959
2013-04-29,0.005920061644926704
2013-04-30,0.0034331252466108663
2013-05-01,-0.010752937589154235
2013-05-02,0.003458568999824289
2013-05-03,0.008862789373171394
2013-05-06,0.004880476160319739
2013-05-07,0.008742191033646856
2013-05-08,0.0009630086942663599
2013-05-09,-0.00529130762560309
2013-05-10,0.004835709272098155
2013-05-13,-0.0072184397615217616
2013-05-14,-0.0009693255598009807
2013-05-15,0.0053373013559677735
2013-05-16,-0.0033785909307172857
2013-05-17,0.007263955096528848
2013-05-20,0.00913437686671241
2013-05-21,0.0004766723888341604
2013-05-22,-0.010476289373782694
2013-05-23,-0.018286627333700917
2013-05-24,-0.006862735642885082
2013-05-28,0.011352191012672725
2013-05-29,-0.01952183134434781
2013-05-30,-0.00846166686987924
2013-05-31,-0.011044657761648095
2013-06-03,0.010152537352916399
2013-06-04,-0.005527276503520263
2013-06-05,-0.03031862445074007
2013-06-06,0.0036477290345190887
2013-06-07,-0.003115060743216625
2013-06-10,-0.007812456000375463
2013-06-11,-0.015223278749423304
2013-06-12,0.0015988821594547919
2013-06-13,0.01809490840965762
2013-06-14,-0.010454726593449246
2013-06-17,0.019545524506482646
2013-06-18,0.009844927700886639
2013-06-19,-0.020523691570546867
2013-06-20,-0.04243065016446839
2013-06-21,0.0016411128215564421
2013-06-24,-0.015292175904151663
2013-06-25,0.018302966108401073
2013-06-26,0.01579515493311677
2013-06-27,0.004774125135629928
2013-06-28,0.0010925469495843922
2013-07-01,-0.0027278260756091297
2013-07-02,0.0010940989301769166
2013-07-03,-0.008196733800009704
2013-07-05,0.0060606854428254045
2013-07-08,-0.003285891617251449
2013-07-09,0.012087908455125822
2013-07-10,0.002171486833135374
2013-07-11,0.03412786500179737
2013-07-12,-0.014143429250221985
2013-07-15,0.0
2013-07-16,0.0005310800754288095
2013-07-17,-0.00477952158648102
2013-07-18,-0.0037351540176456446
2013-07-19,0.0026778350416200598
2013-07-22,0.008546986436888653
2013-07-23,0.014830839633875863
2013-07-24,0.0036531995557768163
2013-07-25,0.0015599581141860035
2013-07-26,0.0005195571078521011
2013-07-29,-0.0067463942887077515
2013-07-30,0.002612385357853399
2013-07-31,-0.0026055785825156983
2013-08-01,0.019853760702495747
2013-08-02,0.005635169144911685
2013-08-05,-0.006112982222847851
2013-08-06,-0.01230131165802495
2013-08-07,-0.013492483965414657
2013-08-08,0.015254877479517778
2013-08-09,-0.0020726284470402334
2013-08-12,0.014538227334235453
2013-08-13,0.010235253801805707
2013-08-14,0.0005067747389630602
2013-08-15,-0.011645679888469436
2013-08-16,0.0005122607667417516
2013-08-19,-0.010240570913631775
2013-08-20,-0.012933612048576014
2013-08-21,-0.017819518090284564
2013-08-22,0.012273252995820768
2013-08-23,-0.001054070995309593
2013-08-26,-0.0042217396398484455
2013-08-27,-0.012188386546884332
2013-08-28,-0.0021461719357611163
2013-08-29,0.005376378019848693
2013-08-30,0.0058821152103874785
2013-09-03,0.023391731200310562
2013-09-04,0.007792678451444622
2013-09-05,0.0
2013-09-06,0.0
2013-09-09,-0.00043722845969274064
2013-09-10,-0.0010129617946297792
2013-09-11,0.0015207974461729783
2013-09-12,-0.013157977795926394
2013-09-13,0.00021866203247819716
2013-09-16,-0.00021861422984637032
2013-09-17,-0.0005040402321394327
2013-09-18,0.027217845128802917
2013-09-19,0.0
2013-09-20,-0.00021861422984637032
2013-09-23,0.0009856927657444917
2013-09-24,-0.006403657712842245
2013-09-25,-0.002974733643948676
2013-09-26,0.0034808407812886182
2013-09-27,0.002477680009575631
2013-09-30,-0.009886587832010194
2013-10-01,0.009985308461140978
2013-10-02,0.005931967207049999
2013-10-03,-0.0034397164808282316
2013-10-04,0.006902960855507802
2013-10-07,-0.013222452499328248
2013-10-08,-0.0014886614915148625
2013-10-09,0.0009938233579268026
2013-10-10,0.014399483194494559
2013-10-11,0.00538394986041811
2013-10-14,0.002434683704737267
2013-10-15,-0.008742019795070447
2013-10-16,0.002939250199287347
2013-10-17,-0.000976830982790469
2013-10-18,0.013691947716787617
2013-10-21,0.0
2013-10-22,-0.0028943037587580898
2013-10-23,-0.01112698876758353
2013-10-24,-0.007827764624729866
2013-10-25,0.0014787562296839256
2013-10-28,-0.003938683358961653
2013-10-29,-0.0009886370214351942
2013-10-30,0.00890639330462633
2013-10-31,-0.0014710670475511628
2013-11-01,0.008840414708240511
2013-11-04,-0.001947146830474484
2013-11-05,-0.015609712379048388
2013-11-06,0.002477680009575631
2013-11-07,-0.01482941024308908
2013-11-08,0.0050172248973637335
2013-11-11,0.0044934730605912234
2013-11-12,-0.008946087744989565
2013-11-13,0.000501250034129306
2013-11-14,0.003508757734552227
2013-11-15,0.017482447001625285
2013-11-18,0.017673163823533185
2013-11-19,-0.00916569637715795
2013-11-20,-0.002920934579038629
2013-11-21,0.00488305894967371
2013-11-22,0.0029152560646438994
2013-11-25,-0.010658982933426842
2013-11-26,0.007835721706727769
2013-11-27,0.01020382405954755
2013-11-29,-0.0019240143502756426
2013-12-02,-0.005782957788672642
2013-12-03,0.002423421164478446
2013-12-04,-0.0009667694982804077
2013-12-05,-0.003872240772743448
2013-12-06,0.006802691984129666
2013-12-09,-0.002895700119748808
2013-12-10,-0.0014521968339338872
2013-12-11,-0.021328368268398037
2013-12-12,0.0024763805870833978
2013-12-13,0.005929255389376962
2013-12-16,0.001964288339912915
2013-12-17,-0.0014705618944848282
2013-12-18,0.01276460001645409
2013-12-19,-0.018075103611890884
2013-12-20,0.0
2013-12-23,0.005472783213832847
2013-12-24,0.011875278059464648
2013-12-26,-0.005379116380077611
2013-12-27,0.0051191381344042036
2013-12-30,0.002448566151170809
2013-12-31,0.006351048654830275
2014-01-02,-0.010679647910288952
2014-01-03,-0.013739208027539074
2014-01-06,0.0014925000551719247
2014-01-07,0.00794852302518405
2014-01-08,0.00542122981464228
2014-01-09,-0.005882206162385905
2014-01-10,0.00788973079994108
2014-01-13,-0.01467744416658401
2014-01-14,0.011916864445811354
2014-01-15,-0.004906885496442508
2014-01-16,0.0009862880643869043
2014-01-17,0.015270861669922278
2014-01-21,-0.00727804924174932
2014-01-22,-0.002443778834567923
2014-01-23,-0.02596777103617407
2014-01-24,-0.02112681774975754
2014-01-27,-0.003597057512786818
2014-01-28,0.003094526198164136
2014-01-29,-0.017995054102483806
2014-01-30,0.004188732515125619
2014-01-31,-0.00312840725270004
2014-02-03,-0.017259438254928802
2014-02-04,0.014901660649886557
2014-02-05,-0.015731882595678263
2014-02-06,0.018114286236747
2014-02-07,0.003663165630217003
2014-02-10,-0.009384766794251168
2014-02-11,0.024736728817669435
2014-02-12,0.01181287371821222
2014-02-13,0.001015178509665384
2014-02-14,0.003043110660607684
2014-02-18,0.0005054993178884113
2014-02-19,-0.0005052439174327818
2014-02-20,0.0
2014-02-21,0.004044215124627824
2014-02-24,-0.004531754687535357
2014-02-25,-0.0005058287270992224
2014-02-26,0.0030364347141143906
2014-02-27,0.015640619367030005
2014-02-28,0.0024841301917439573
2014-03-03,-0.00842459467065741
2014-03-04,0.011994505234926645
2014-03-05,-0.0019752826446824694
2014-03-06,0.0054427603076955405
2014-03-07,-0.013779561795849283
2014-03-10,-0.005987945729438385
2014-03-11,-0.004016303520110065
2014-03-12,-0.004032206041726288
2014-03-13,-0.019230777723263513
2014-03-14,-0.0051601545802534956
2014-03-17,0.009336169150269507
2014-03-18,0.006166565810046814
2014-03-19,-0.008682161306797975
2014-03-20,-0.012364898709389064
2014-03-21,0.009911552120202264
2014-03-24,-0.00103330719828613
2014-03-25,0.011375203491205209
2014-03-26,-0.003578296244710999
2014-03-27,0.0010259672160604575
2014-03-28,0.012301522755304939
2014-03-31,0.0015191699661791381
2014-04-01,0.02376126197334875
2014-04-02,0.011357641789893503
2014-04-03,0.0009765855240937964
2014-04-04,-0.0019510526362090284
2014-04-07,-0.006842495436618525
2014-04-08,0.005905577607660968
2014-04-09,0.010763245596446562
2014-04-10,0.011132247701187576
2014-04-11,0.006702137747112045
2014-04-14,0.0
2014-04-15,0.0
2014-04-16,0.004803046991875098
2014-04-17,0.002867927665904676
2014-04-21,-0.003336451190242395
2014-04-22,-0.005260486665961392
2014-04-23,-0.005288585413877817
2014-04-24,-0.0028998090763960828
2014-04-25,-0.012603018317563464
2014-04-28,0.0014726457445207383
2014-04-29,0.01274546917987183
2014-04-30,-0.01839324480744659
2014-05-01,0.0034516137961856834
2014-05-02,0.007862377765193107
2014-05-05,-0.012188965735840386
2014-05-06,-0.0014807129014909207
2014-05-07,-0.004449157340225344
2014-05-08,-0.01340589479820028
2014-05-09,0.009561791014012727
2014-05-12,0.0234299021310193
2014-05-13,0.0024353757274408073
2014-05-14,0.0
2014-05-15,0.0
2014-05-16,0.011176020592948293
2014-05-19,-0.000480549453368008
2014-05-20,-0.001442131711899492
2014-05-21,0.008184862251700146
2014-05-22,0.0009547847900359001
2014-05-23,0.004294063818454878
2014-05-27,0.0
2014-05-28,0.0
2014-05-29,0.0057007770194106655
2014-05-30,0.0028340594409841284
2014-06-02,0.005652580030491721
2014-06-03,0.0
2014-06-04,0.0
2014-06-05,0.0032784924275462576
2014-06-06,-0.011671202004665112
2014-06-09,0.007557835339999198
2014-06-10,-0.0028130053084770286
2014-06-11,-0.004701362586256092
2014-06-12,-0.0033067118287855198
2014-06-13,0.009004882058673896
2014-06-16,-0.0028183586723977915
2014-06-17,-0.0032970928736991267
2014-06-18,0.0009452016718907525
2014-06-19,0.0004720858876327094
2014-06-20,-0.0014157266524011862
2014-06-23,-0.011814952166692006
2014-06-24,0.0
2014-06-25,0.011192027586116716
2014-06-26,0.010679523567044238
2014-06-27,0.00624396376342247
2014-06-30,-0.0033412247315694776
2014-07-01,0.002873730922096627
2014-07-02,0.01671430088137
2014-07-03,0.0009394185827577855
2014-07-07,-0.0014079715860362732
2014-07-08,-0.006108791664721803
2014-07-09,-0.006146472355646836
2014-07-10,0.00047564147391424016
2014-07-11,0.002853098477074045
2014-07-14,-0.00047412998457952186
2014-07-15,0.0
2014-07-16,0.007115525009768403
2014-07-17,-0.01271796090277553
2014-07-18,0.00811101519819058
2014-07-21,0.002839394557552158
2014-07-22,0.01226994152196945
2014-07-23,0.004662122612054337
2014-07-24,0.004176215723256587
2014-07-25,0.00046188317904488266
2014-07-28,0.004618990093403408
2014-07-29,0.0
2014-07-30,0.0
2014-07-31,-0.00021901407546465068
2014-08-01,0.00021906205313768803
2014-08-04,0.0
2014-08-05,-0.00021901407546465068
2014-08-06,0.0009206899309675001
2014-08-07,-0.0045998669737372525
2014-08-08,0.006931521595363096
2014-08-11,0.008260827721464001
2014-08-12,-0.0022756946141012707
2014-08-13,0.008211316047819661
2014-08-14,0.002262629257264537
2014-08-15,-0.005417603382354193
2014-08-18,0.003177295385110146
2014-08-19,0.015837378955906554
2014-08-20,-0.00021901407546465068
2014-08-21,0.00021906205313768803
2014-08-22,0.0013411918960946829
2014-08-25,0.005803730925601115
2014-08-26,-0.0035508600961751025
2014-08-27,-0.007127090384805824
2014-08-28,-0.01256176342852377
2014-08-29,-0.00772343024053421
2014-09-02,0.0036629787097107376
2014-09-03,0.02281020960032569
2014-09-04,-0.005352422481514266
2014-09-05,0.001793551069725783
2014-09-08,-0.008952334282553289
2014-09-09,-0.004968533389857649
2014-09-10,-0.003631259044862518
2014-09-11,0.0
2014-09-12,-0.005922519226110211
2014-09-15,-0.011457600954121476
2014-09-16,0.005099502340493487
2014-09-17,-0.010147454783628782
2014-09-18,-0.0037279734221199474
2014-09-19,-0.0009353316855289349
2014-09-22,-0.010299607579664194
2014-09-23,-0.003311395661042151
2014-09-24,0.006644525868721454
2014-09-25,-0.016501401683195614
2014-09-26,0.010546548607597328
2014-09-29,-0.0374763889634818
2014-09-30,0.0019716458155094566
2014-10-01,-0.013281323291149227
2014-10-02,-0.0004982628961901677
2014-10-03,0.017955028119527656
2014-10-06,0.02155795286609868
2014-10-07,-0.0028774583712828554
2014-10-08,0.00817672332799973
2014-10-09,-0.0023852865058047222
2014-10-10,-0.01530351318408825
2014-10-13,0.01262714508623287
2014-10-14,0.0014389670426665213
2014-10-15,0.00047876287943400254
2014-10-16,-0.004308092728518191
2014-10-17,0.012019262046630263
2014-10-20,-0.004750713741292753
2014-10-21,0.0062054891423554085
2014-10-22,0.001897419561825677
2014-10-23,0.006155136352734183
2014-10-24,0.0
2014-10-27,-0.012235231548349709
2014-10-28,0.01667448947168355
2014-10-29,0.0014058597519942021
2014-10-30,0.0004679178246920044
2014-10-31,0.01075767301034909
2014-11-03,-0.005089801807543529
2014-11-04,-0.0032560800239365313
2014-11-05,-0.0041998659883123925
2014-11-06,-0.0018741698087086547
2014-11-07,-0.0028170655619173344
2014-11-10,0.010357864816468514
2014-11-11,0.0051258396540269525
2014-11-12,0.004636448687887649
2014-11-13,0.012920901108043855
2014-11-14,0.015034171682306995
2014-11-17,0.00021911005183550622
2014-11-18,-0.016438534844977183
2014-11-19,-0.0032499024614833865
2014-11-20,-0.006520601548954702
2014-11-21,0.020159058227130322
2014-11-24,0.0
2014-11-25,-0.0018378004218938078
2014-11-26,0.013812045126788783
2014-11-28,-0.015440743870686311
2014-12-01,-0.025368669637770354
2014-12-02,0.013724343888756783
2014-12-03,-0.00793656358710421
2014-12-04,-0.001882374090477581
2014-12-05,0.013201468736048053
2014-12-08,-0.020009364121305263
2014-12-09,-0.00664761299741121
2014-12-10,-0.005258353931685492
2014-12-11,0.0004807138750842526
2014-12-12,-0.004322780790021418
2014-12-15,-0.012059780585609029
2014-12-16,-0.009765387845615476
2014-12-17,0.0007460635331998272
2014-12-18,0.005967409921237897
2014-12-19,0.00741466695871439
2014-12-22,0.0
2014-12-23,-0.0009812310878093318
2014-12-24,0.00785845526120742
2014-12-26,0.010721133059640224
2014-12-29,0.0009646053668045777
2014-12-30,-0.011079262114745254
2014-12-31,0.0004872019222181174
2015-01-02,-0.0009737242776497023
2015-01-05,-0.007310084266651194
2015-01-06,-0.015218652200479518
2015-01-07,0.018943668172456546
2015-01-08,0.003913745787933873
2015-01-09,0.003411390903673742
2015-01-12,0.009227950800718799
2015-01-13,0.017805402970837356
2015-01-14,-0.005201055638775307
2015-01-15,0.007604408977014273
2015-01-16,0.0028303636822291744
2015-01-20,-0.009877752322811531
2015-01-21,0.009026029373481213
2015-01-22,0.009887253161578992
2015-01-23,0.005128182638340199
2015-01-26,0.006957268429304912
2015-01-27,0.004606175964665462
2015-01-28,-0.0018339195549976948
2015-01-29,0.007808929683710003
2015-01-30,-0.01230631102800461
2015-02-02,0.013382267855280114
2015-02-03,-0.005464051493612049
2015-02-04,-0.00045797856976584144
2015-02-05,-0.003206675709949242
2015-02-06,-0.0013786645800763966
2015-02-09,-0.003681794439788062
2015-02-10,0.007390476032363464
2015-02-11,-0.00229246381890701
2015-02-12,-0.003676524910972672
2015-02-13,0.004612420247425242
2015-02-17,0.002755184455860417
2015-02-18,0.0018309499783128761
2015-02-19,-0.0036561058237807816
2015-02-20,0.0027524635118412544
2015-02-23,-0.00548955959242252
2015-02-24,0.0032198867417738922
2015-02-25,-0.004585056388133804
2015-02-26,0.0013818398550629973
2015-02-27,-0.0013799330086343494
2015-03-02,0.007830188715851897
2015-03-03,0.0009142831328494204
2015-03-04,-0.005479469794990936
2015-03-05,-0.012396396136218022
2015-03-06,-0.0037195159642390186
2015-03-09,-0.0013999603886161102
2015-03-10,-0.017289421720529847
2015-03-11,0.002377557491632783
2015-03-12,0.0023719181199371867
2015-03-13,-0.007572483054556657
2015-03-16,0.0076302630925266235
2015-03-17,-0.006152380847331637
2015-03-18,0.008571420930492216
2015-03-19,0.013692131901442955
2015-03-20,-0.0009315461075759516
2015-03-23,-0.0032636805265141887
2015-03-24,0.0074838077721117785
2015-03-25,0.004642594528862859
2015-03-26,0.0023106675450672303
2015-03-27,0.008298617934869433
2015-03-30,0.010059398419829852
2015-03-31,-0.007243076800652168
2015-04-01,0.014591779421131821
2015-04-02,-0.0026967325591711814
2015-04-06,0.007210500240752845
2015-04-07,0.00313213220627081
2015-04-08,0.033006233307665986
2015-04-09,-0.00021832215973055077
2015-04-10,0.0
2015-04-13,-0.00021951914962398074
2015-04-14,0.00021956734886168804
2015-04-15,-0.00021951914962398074
2015-04-16,0.00021956734886168804
2015-04-17,-0.00021951914962398074
2015-04-20,0.0012861279268497666
2015-04-21,0.011558179709307309
2015-04-22,0.0016927885307249139
2015-04-23,0.0021124987751137275
2015-04-24,0.008431590211196402
2015-04-27,0.00021956734886168804
2015-04-28,0.0
2015-04-29,0.0
2015-04-30,-0.0050190115497396074
2015-05-01,0.009667982674400926
2015-05-04,0.012073187782645678
2015-05-05,0.0
2015-05-06,-0.011739865988544353
2015-05-07,-0.0004238872750541147
2015-05-08,0.012732976146050687
2015-05-11,-0.008801326112758422
2015-05-12,-0.0025367390821670745
2015-05-13,-0.005934805523002691
2015-05-14,0.006823188699088104
2015-05-15,0.025412738457761833
2015-05-18,-0.007021619275550016
2015-05-19,0.0008316668847066739
2015-05-20,-0.004987605389204784
2015-05-21,0.006265669892868517
2015-05-22,0.017849909598209472
2015-05-26,-0.001223537732694339
2015-05-27,-0.006941683028771161
2015-05-28,-0.017680866882173317
2015-05-29,-0.008790154800945027
2015-06-01,0.0
2015-06-02,0.001689214027508397
2015-06-03,0.01854966420078888
2015-06-04,-0.007864383550021135
2015-06-05,-0.007926488038163166
2015-06-08,-0.011353922588898873
2015-06-09,-0.010208273015927617
2015-06-10,-0.003867847702191957
2015-06-11,0.006039354290371631
2015-06-12,0.007718932991037616
2015-06-15,-0.014893688334672531
2015-06-16,0.0012960672455726598
2015-06-17,0.006039354290371631
2015-06-18,0.007718932991037616
2015-06-19,0.006808910247551818
2015-06-22,0.007184721775841713
2015-06-23,0.0033572804649546514
2015-06-24,-0.010874446729609443
2015-06-25,-0.0023130453573459763
2015-06-26,-0.011593289291397375
2015-06-29,-0.029973510395458532
2015-06-30,0.010299956177661877
2015-07-01,0.0013298319993650617
2015-07-02,0.014608111361220918
2015-07-06,-0.0388306954300731
2015-07-07,-0.0122561132418639
2015-07-08,-0.052389503285835706
2015-07-09,0.04316188329077192
2015-07-10,0.02370992816034283
2015-07-13,0.015440713842957848
2015-07-14,0.0008943603606596475
2015-07-15,-0.006255609527009513
2015-07-16,0.008992671601701039
2015-07-17,0.0102494059161231
2015-07-20,-0.002205388174849943
2015-07-21,-0.003978852646010837
2015-07-22,-0.006657583865362449
2015-07-23,0.0044681775178517175
2015-07-24,-0.007562285532933745
2015-07-27,-0.026893867534531792
2015-07-28,0.0175034073484334
2015-07-29,0.0099594061458863
2015-07-30,-0.00896476745386516
2015-07-31,0.005427404075056619
2015-08-03,-0.016643927527761542
2015-08-04,0.006861698303613508
2015-08-05,0.004088999539097387
2015-08-06,-0.01040696449781433
2015-08-07,0.006401234203731444
2015-08-10,0.0090865187244835
2015-08-11,-0.013506952463002594
2015-08-12,-0.028297707373296666
2015-08-13,0.00046965479949124964
2015-08-14,0.007981359520850367
2015-08-17,-0.007918161824584088
2015-08-18,-0.019248824397207934
2015-08-19,-0.02058397544440933
2015-08-20,-0.026392834352483862
2015-08-21,-0.023092726413840747
2015-08-24,-0.0616646227778941
2015-08-25,0.03669216408593399
2015-08-26,0.016375794332252103
2015-08-27,0.024428526944929425
2015-08-28,-0.011669526151861832
2015-08-31,-0.010266933878000525
2015-09-01,-0.02904540872162292
2015-09-02,0.004807558482831079
2015-09-03,0.005316574958984253
2015-09-04,-0.016393407781621353
2015-09-08,0.05430096274513909
2015-09-09,0.00662928224035747
2015-09-10,-0.005066097047551009
2015-09-11,0.0010183645018118097
2015-09-14,-0.003560297261242019
2015-09-15,0.0015312329067151266
2015-09-16,0.024464953201218338
2015-09-17,-0.018905696357839338
2015-09-18,0.0
2015-09-21,0.007099632459932272
2015-09-22,-0.010574165173521943
2015-09-23,-0.009160262811941074
2015-09-24,-0.011813160394807431
2015-09-25,-0.000519552062999127
2015-09-28,-0.015600501589086112
2015-09-29,-0.00739577035028331
2015-09-30,0.017562461430756578
2015-10-01,0.004707126997042589
2015-10-02,0.029151457839818987
2015-10-05,-0.0002186745790906336
2015-10-06,0.0
2015-10-07,0.0
2015-10-08,0.0
2015-10-09,0.0
2015-10-12,0.0
2015-10-13,0.0
2015-10-14,0.0
2015-10-15,0.0
2015-10-16,0.0
2015-10-19,0.0
2015-10-20,-0.0002189315117618184
2015-10-21,0.0002189794532645664
2015-10-22,0.0
2015-10-23,0.0
2015-10-26,-0.0002189315117618184
2015-10-27,0.0
2015-10-28,0.0
2015-10-29,0.0
2015-10-30,0.0
2015-11-02,0.0
2015-11-03,0.0002189794532645664
2015-11-04,-0.0002189315117618184
2015-11-05,0.0
2015-11-06,0.0
2015-11-09,0.0002189794532645664
2015-11-10,-0.0002189315117618184
2015-11-11,0.0002189794532645664
2015-11-12,0.0
2015-11-13,-0.0002189315117618184
2015-11-16,0.0002189794532645664
2015-11-17,-0.0002189315117618184
2015-11-18,0.0
2015-11-19,0.0002189794532645664
2015-11-20,-0.0002189315117618184
2015-11-23,0.0002189794532645664
2015-11-24,-0.0002189315117618184
2015-11-25,0.0
2015-11-27,0.0002189794532645664
2015-11-30,0.0
2015-12-01,-0.0002189315117618184
2015-12-02,0.0
2015-12-03,0.0002189794532645664
2015-12-04,0.0
2015-12-07,0.0
2015-12-08,-0.0002189315117618184
2015-12-09,-0.00021960690155472273
2015-12-10,0.00021965513933928362
2015-12-11,0.0002189794532645664
2015-12-14,0.0
2015-12-15,-0.0002189315117618184
2015-12-16,0.0002189794532645664
2015-12-17,-0.0002189315117618184
2015-12-18,0.0002189794532645664
2015-12-21,-0.0002189315117618184
2015-12-22,0.0
2015-12-23,0.0
2015-12-24,0.0002189794532645664
2015-12-28,-0.0002189315117618184
2015-12-29,0.0
2015-12-30,0.0002189794532645664
2015-12-31,-0.0002189315117618184
2016-01-04,0.0002189794532645664
2016-01-05,0.0
2016-01-06,-0.00043849033444559046
2016-01-07,0.00021965513933928362
2016-01-08,-0.01654206259714004
2016-01-11,-0.005425938476326197
2016-01-12,0.0005455240736991505
2016-01-13,-0.005997642533897078
2016-01-14,0.006582272541081769
2016-01-15,-0.03269749251711739
2016-01-19,0.005070533405038002
2016-01-20,-0.033071870693796857
2016-01-21,-0.0011592778828106516
2016-01-22,0.02031341525301144
2016-01-25,-0.013083116609675169
2016-01-26,0.012679979057786886
2016-01-27,-0.010244725974120517
2016-01-28,0.007475707046316447
2016-01-29,0.025684943163745425
2016-02-01,-0.00043849033444559046
2016-02-02,0.0
2016-02-03,0.00021965513933928362
2016-02-04,0.0002189794532645664
2016-02-05,0.0
2016-02-08,-0.015616143116883878
2016-02-09,-0.008813085266912078
2016-02-10,0.006520583598733167
2016-02-11,0.0
2016-02-12,0.021201388322047505
2016-02-16,0.0
2016-02-17,0.0
2016-02-18,0.0002189794532645664
2016-02-19,0.0
2016-02-22,0.0
2016-02-23,-0.0002189315117618184
2016-02-24,0.0002189794532645664
2016-02-25,-0.0002189315117618184
2016-02-26,0.0
2016-02-29,0.0002189794532645664
2016-03-01,0.0
2016-03-02,-0.0002189315117618184
2016-03-03,0.0002189794532645664
2016-03-04,0.0
2016-03-07,0.0
2016-03-08,-0.0002189315117618184
2016-03-09,0.0002189794532645664
2016-03-10,0.0
2016-03-11,-0.0002189315117618184
2016-03-14,0.0
2016-03-15,0.0
2016-03-16,0.0002189794532645664
2016-03-17,-0.0002189315117618184
2016-03-18,0.0
2016-03-21,0.0002189794532645664
2016-03-22,0.0
2016-03-23,-0.0002189315117618184
2016-03-24,0.0002189794532645664
2016-03-28,0.0
2016-03-29,0.012448383567414102
2016-03-30,0.01793040666321035
2016-03-31,0.0
2016-04-01,-0.006575748000089592
2016-04-04,-0.008655684636922359
2016-04-05,-0.014381092942785088
2016-04-06,0.01511185998288606
2016-04-07,-0.010779915184798093
2016-04-08,0.010897388104298257
2016-04-11,0.0051337554130231776
2016-04-12,0.008682276663164228
2016-04-13,0.020253243811289026
2016-04-14,0.0009925018080432925
2016-04-15,-0.005949378221599998
2016-04-18,0.004987533218199245
2016-04-19,0.007444171773297565
2016-04-20,-0.003448290765852676
2016-04-21,-0.002965934145243151
2016-04-22,-0.0004956908944172278
2016-04-25,0.002480295644386235
2016-04-26,0.002968597364030976
2016-04-27,-0.0014800745204400292
2016-04-28,-0.005928802620561644
2016-04-29,-0.01689830274961186
2016-05-02,0.0010106512046689285
2016-05-03,-0.019191917303605793
2016-05-04,-0.007723718306932032
2016-05-05,0.00830310727485689
2016-05-06,-0.007720446214161207
2016-05-09,-0.005186583542342273
2016-05-10,0.016162936235061542
2016-05-11,-0.01641883630337979
2016-05-12,-0.007302823828153438
2016-05-13,-0.012086312173840378
2016-05-16,0.01223417827162161
2016-05-17,-0.005255006036924655
2016-05-18,-0.00422630051185179
2016-05-19,-0.00583551807077502
2016-05-20,0.013874264083961474
2016-05-23,-0.0047368726755321585
2016-05-24,0.012691658985022516
2016-05-25,0.013054979071170906
2016-05-26,0.0005153651312135312
2016-05-27,0.0020605399258745234
2016-05-31,0.015424315277024675
2016-06-01,-0.003037948394304128
2016-06-02,0.007618014119522509
2016-06-03,0.005544399209457216
2016-06-06,0.010526430800969825
2016-06-07,0.0
2016-06-08,0.0
2016-06-09,-0.004950497401334987
2016-06-10,-0.004975194958141726
2016-06-13,-0.01899999670980298
2016-06-14,-0.006625671963417101
2016-06-15,-0.0010263926834070244
2016-06-16,-0.006676998876722454
2016-06-17,-0.0020681401716451434
2016-06-20,0.015543836083983837
2016-06-21,0.0010205627552718351
2016-06-22,0.001507797343484536
2016-06-23,0.022326232608190895
2016-06-24,-0.044184645118230226
2016-06-27,-0.00850172614892861
2016-06-28,0.014469558614876093
2016-06-29,0.01796096639563645
2016-06-30,0.01608708737522865
2016-07-01,0.00766059051160117
2016-07-05,-0.016725310625462612
2016-07-06,0.0010306579885448737
2016-07-07,-0.002574614805892975
2016-07-08,0.012390244917638163
2016-07-11,0.004589391445159459
2016-07-12,0.017259078599067217
2016-07-13,-0.00199615640988487
2016-07-14,0.010500278455411962
2016-07-15,0.0014842246526902345
2016-07-18,0.010375369983427052
2016-07-19,-0.00391200922965037
2016-07-20,0.01521857095493297
2016-07-21,-0.0004835625132878976
2016-07-22,0.005321891068176036
2016-07-25,-0.0028875415907771455
2016-07-26,0.017857142857142856
2016-07-27,0.00021956734886168804
2016-07-28,0.0
2016-07-29,-0.004288106357687594
2016-08-01,-0.0023922978924902907
2016-08-02,-0.00383657195947322
2016-08-03,-0.005296331236883712
2016-08-04,0.0004839655595512759
2016-08-05,0.017416672528305213
2016-08-08,0.004279503404830057
2016-08-09,0.0014205284719664016
2016-08-10,-0.00425541323265215
2016-08-11,0.010446292153929964
2016-08-12,-0.0032894346337502193
2016-08-15,0.005657559786844794
2016-08-16,-0.006563259355052657
2016-08-17,-0.0047193044034094965
2016-08-18,0.0037934219318889045
2016-08-19,-0.008030225073283348
2016-08-22,-0.0033336129580526447
2016-08-23,0.008600351656597645
2016-08-24,-0.007579527624212681
2016-08-25,0.002863982755042116
2016-08-26,-0.0033316431654882394
2016-08-29,0.0004774300096589738
2016-08-30,0.008592076545281997
2016-08-31,-0.004732641374783352
2016-09-01,0.01188760885175306
2016-09-02,0.016917290859194543
2016-09-06,0.010166743560909243
2016-09-07,-0.00021832215973055077
2016-09-08,0.0
2016-09-09,0.00021836983470448345
2016-09-12,0.004100195940354843
2016-09-13,0.00021956734886168804
2016-09-14,0.005576186474898918
2016-09-15,0.015711884413982042
2016-09-16,-0.004549867338330052
2016-09-19,-0.0004565504487631745
2016-09-20,-0.0009149311279464611
2016-09-21,0.01144154683597846
2016-09-22,0.004072489201175823
2016-09-23,-0.007661043630682616
2016-09-26,-0.012261608399012277
2016-09-27,0.010574913296683256
2016-09-28,0.007734053089121743
2016-09-29,-0.009932170821860277
2016-09-30,0.0036478746445813
2016-10-03,0.0018173690615750377
2016-10-04,-0.004988576732122692
2016-10-05,0.010482844111484643
2016-10-06,-0.0013529477010132257
2016-10-07,-0.001806819277044085
2016-10-10,0.006787502269452506
2016-10-11,-0.02921345328906961
2016-10-12,0.006481279414410458
2016-10-13,-0.011499563502531833
2016-10-14,0.006049432808226283
2016-10-17,-0.005087670295993297
2016-10-18,0.010692402397157155
2016-10-19,0.003219956896647635
2016-10-20,0.0013755259033042134
2016-10-21,-0.0004578172839591246
2016-10-24,0.010535728443247497
2016-10-25,-0.0018130065617022527
2016-10-26,-0.0031788292849922483
2016-10-27,-0.008656220881290215
2016-10-28,-0.0073528099523807846
2016-10-31,-0.0013888367016692915
2016-11-01,0.004172553940783113
2016-11-02,-0.008310308079937675
2016-11-03,-0.003724546461493189
2016-11-04,-0.012616663162910113
2016-11-07,0.002366002719011215
2016-11-08,0.006609995064724811
2016-11-09,-0.014540193742355618
2016-11-10,-0.002379900442121302
2016-11-11,-0.007156348983034516
2016-11-14,-0.010571787773888416
2016-11-15,0.009227846720034917
2016-11-16,-0.014437125970764013
2016-11-17,0.011230616152831439
2016-11-18,0.0028973015788976474
2016-11-21,0.0043329443383503296
2016-11-22,0.00767017308794826
2016-11-23,-0.0038058627098394543
2016-11-25,0.002387920096697545
2016-11-28,-0.004288106357687594
2016-11-29,0.005741797833500979
2016-11-30,0.007136176369565602
2016-12-01,-0.00897509184935297
2016-12-02,-0.011439548950974376
2016-12-05,0.0038573736466684097
2016-12-06,0.000480117246968078
2016-12-07,0.00672112523304896
2016-12-08,-0.010968002261216516
2016-12-09,-0.006750096131450161
2016-12-12,-0.015048847356332936
2016-12-13,0.01182864168538392
2016-12-14,-0.017047954375070444
2016-12-15,-0.005946989748865517
2016-12-16,-0.005483255930134891
2016-12-19,-0.00852109582464284
2016-12-20,0.0
2016-12-21,-0.0020441337234374706
2016-12-22,-0.0015362746103119098
2016-12-23,-0.0035896335261721927
2016-12-27,0.0
2016-12-28,-0.006176109895795807
2016-12-29,0.00621449127686821
2016-12-30,0.002573202362553792
2017-01-03,0.016427196233809043
2017-01-04,0.006565761793208685
2017-01-05,0.01856486251642157
2017-01-06,-0.003940859212617979
2017-01-09,0.004451089595462186
2017-01-10,0.018710223134688966
2017-01-11,0.004349847654128027
2017-01-12,-0.01395589812076012
2017-01-13,0.005368418498259882
2017-01-17,0.0014563489320656398
2017-01-18,0.006786218302599282
2017-01-19,-0.0019260331577265614
2017-01-20,0.0
2017-01-23,0.0019297499200587147
2017-01-24,0.0048148268580043094
2017-01-25,0.004791245766579894
2017-01-26,0.0023845482893852096
2017-01-27,0.0014270598064744229
2017-01-30,-0.0014250262088486025
2017-01-31,0.00047581309773111216
2017-02-01,0.0028531415375545105
2017-02-02,-0.0037932396317706986
2017-02-03,0.0
2017-02-06,-0.0014281817272342487
2017-02-07,0.0
2017-02-08,0.008579761875567186
2017-02-09,0.000944827312357723
2017-02-10,0.0037774366157823647
2017-02-13,0.0
2017-02-14,0.006585121346517709
2017-02-15,-0.00021910405751695498
2017-02-16,0.0
2017-02-17,0.002803501198820277
2017-02-21,0.004194083863711479
2017-02-22,0.0
2017-02-23,0.0
2017-02-24,0.0
2017-02-27,0.007424480173182553
2017-02-28,0.0004379909257050453
2017-03-01,0.014807854285339359
2017-03-02,0.0
2017-03-03,0.0009230202350943888
2017-03-06,-0.003227561043362111
2017-03-07,-0.0009250320637402005
2017-03-08,0.00277778871990416
2017-03-09,-0.004155110286641599
2017-03-10,0.009735751375494305
2017-03-13,-0.0009184196613835664
2017-03-14,-0.004135771238060826
2017-03-15,0.012920810876190686
2017-03-16,0.01002267849205199
2017-03-17,0.0
2017-03-20,-0.00021935960145428527
2017-03-21,0.0002194077306466359
2017-03-22,0.004512693965328467
2017-03-23,0.007187909505120574
2017-03-24,0.0002194077306466359
2017-03-27,0.0
2017-03-28,0.003585929968294172
2017-03-29,0.000892922988568947
2017-03-30,-0.0013384862066273399
2017-03-31,-0.005808732125390153
2017-04-03,0.008539370582392663
2017-04-04,0.002228103849735463
2017-04-05,0.004001765373450613
2017-04-06,0.0
2017-04-07,0.0
2017-04-10,0.0
2017-04-11,0.00021855347864808706
2017-04-12,0.00444456156899523
2017-04-13,-0.0026547016066686144
2017-04-17,0.0022182184817802087
2017-04-18,-0.01328020638716874
2017-04-19,-0.00807546179493144
2017-04-20,0.013568275453850245
2017-04-21,-0.005800601268743968
2017-04-24,0.004937113104876016
2017-04-25,0.00848579665795753
2017-04-26,0.006200457718719071
2017-04-27,0.0074821206422174035
2017-04-28,0.0004369996270053689
2017-05-01,0.0021834631548575236
2017-05-02,0.003050072584915082
2017-05-03,-0.0021721965312310717
2017-05-04,0.0
2017-05-05,-0.0017413318300363823
2017-05-08,-0.0008721266985221158
2017-05-09,0.012658210218719889
2017-05-10,0.0002188416621118116
2017-05-11,0.0
2017-05-12,-0.00021879378091713597
2017-05-15,0.0002188416621118116
2017-05-16,0.0
2017-05-17,0.00021879378091713597
2017-05-18,0.005615466808721633
2017-05-19,0.000859014685827457
2017-05-22,-0.0008582774129252402
2017-05-23,0.0012884649209971468
2017-05-24,0.0047189003886428365
2017-05-25,0.0025622074402562207
2017-05-26,-0.0008519241845229507
2017-05-30,0.00511499675566625
2017-05-31,0.0
2017-06-01,0.0003719911422933384
2017-06-02,-0.00021902516600199844
2017-06-05,0.00021907314853472285
2017-06-06,-0.00021902516600199844
2017-06-07,0.0004381462970694457
2017-06-08,-0.0002189772044834358
2017-06-09,0.00021902516600199844
2017-06-12,-0.0002189772044834358
2017-06-13,0.008368421480075825
2017-06-14,-0.005394331918948102
2017-06-15,-0.0050061675807110025
2017-06-16,-0.000419075225062014
2017-06-19,0.012583550440771132
2017-06-20,-0.00884575795409423
2017-06-21,-0.002549867722486377
2017-06-22,0.004260792166640057
2017-06-23,-0.00254554015152759
2017-06-26,0.007656109388435521
2017-06-27,-0.005065292492218832
2017-06-28,-0.0004244600836672286
2017-06-29,-0.004244183504110665
2017-06-30,-0.0012789049345845811
2017-07-03,-0.003841181465188972
2017-07-05,-0.005998198938229496
2017-07-06,-0.0064657365891419225
2017-07-07,0.0043385429352278135
2017-07-10,0.006479476030377768
2017-07-11,0.007296071207284759
2017-07-12,0.00852147291963143
2017-07-13,0.0050699035334111206
2017-07-14,0.0037828347716993924
2017-07-17,-0.005024990815622039
2017-07-18,0.00126275729890557
2017-07-19,0.0021015748731663293
2017-07-20,0.0025167107068189425
2017-07-21,0.002092121622703885
2017-07-24,0.004593014661005865
2017-07-25,0.00041559823648974254
2017-07-26,0.0008307425362992229
2017-07-27,-0.001245133737089105
2017-07-28,0.004571906646028766
2017-07-31,0.004550991257306269
2017-08-01,0.0002621341993794595
2017-08-02,0.00021927292388574526
2017-08-03,0.0
2017-08-04,0.0
2017-08-07,0.0
2017-08-08,0.0
2017-08-09,0.0
2017-08-10,0.0
2017-08-11,-0.0012414449835399
2017-08-14,0.008699508415814664
2017-08-15,-0.005338968726488918
2017-08-16,0.008257595968034569
2017-08-17,-0.016789511703026897
2017-08-18,0.000833036468570108
2017-08-21,0.003329045933934875
2017-08-22,0.00995465121411822
2017-08-23,-0.0012320531850072884
2017-08-24,-0.0008225253679188226
2017-08-25,0.006584328484688703
2017-08-28,-0.0016353146721946154
2017-08-29,-0.000818943113649987
2017-08-30,0.00409839315724914
2017-08-31,0.0077549818500765415
2017-09-01,0.006075541713562027
2017-09-05,-0.009661784894279027
2017-09-06,0.004064859601783857
2017-09-07,-0.0032386380358303975
2017-09-08,0.004061663533840576
2017-09-11,0.012944915352845626
2017-09-12,-0.005191744503847756
2017-09-13,-0.003211649991350222
2017-09-14,-0.00322189260968773
2017-09-15,0.004444342549292044
2017-09-18,0.008045327650302147
2017-09-19,-0.0007981325638816477
2017-09-20,-0.0011982073464709378
2017-09-21,-0.0031983905480454907
2017-09-22,-0.006418145257762636
2017-09-25,-0.012515311077064795
2017-09-26,-0.00040858813343321043
2017-09-27,0.000817938083755448
2017-09-28,0.001225904411727776
2017-09-29,0.0077549818500765415
2017-10-02,0.002025392388002653
2017-10-03,0.00606283845307885
2017-10-04,0.001607378054372872
2017-10-05,0.010428778044509979
2017-10-06,-0.0067485462457753465
2017-10-09,-0.002797668933208045
2017-10-10,0.008817536430648509
2017-10-11,-0.005959470736997785
2017-10-12,0.00039975657176288885
2017-10-13,0.007590877199140674
2017-10-16,0.0039650344553220284
2017-10-17,0.0
2017-10-18,0.0027647277702038337
2017-10-19,-0.009058971420897314
2017-10-20,-0.001987037642717973
2017-10-23,-0.007168265064291012
2017-10-24,-0.0024068831382559113
2017-10-25,-0.004423002514993229
2017-10-26,0.0032310007093754255
2017-10-27,0.004025796340370801
2017-10-30,-0.01122688522321349
2017-10-31,0.0008108666093146698
2017-11-01,0.010129898420244837
2017-11-02,0.006818610670315957
2017-11-03,-0.0027885443302706607
2017-11-06,-0.0007991936606078385
2017-11-07,0.004398453530964197
2017-11-08,0.009156028371009123
2017-11-09,-0.0023667998174227204
2017-11-10,0.006326474061115144
2017-11-13,0.00785850519179181
2017-11-14,-0.00038983604458321593
2017-11-15,-0.007020295289506996
2017-11-16,0.005499152629498353
2017-11-17,-0.00664097141060582
2017-11-20,0.005505331657672432
2017-11-21,0.016816417958374248
2017-11-22,0.0007693777594512778
2017-11-24,0.004611612190035927
2017-11-27,-0.0053557000507870696
2017-11-28,0.0
2017-11-29,-0.007307378986432802
2017-11-30,-0.005811897785327142
2017-12-01,-0.0035073609946565175
2017-12-04,-0.005084133221552487
2017-12-05,-0.004323800059657052
2017-12-06,-0.008685359449217684
2017-12-07,-0.0011949711863548974
2017-12-08,0.006379657661495609
2017-12-11,0.0011886094067665265
2017-12-12,0.0011871982917093038
2017-12-13,0.012253134288373754
2017-12-14,-0.011714163306431028
2017-12-15,0.002765613125344294
2017-12-18,0.007880076616549542
2017-12-19,-0.0037389288054840075
2017-12-20,0.002421427255857717
2017-12-21,0.005636110082968388
2017-12-22,0.006004540047875906
2017-12-26,-0.0007954625247304665
2017-12-27,0.002389198695464097
2017-12-28,0.004767917217505779
2017-12-29,0.005139903624293595
2018-01-02,0.0114086220972324
2018-01-03,0.00021929390061090052
2018-01-04,0.0001092080652178535
2018-01-05,0.0
2018-01-08,0.00010940354019486067
2018-01-09,0.0
2018-01-10,0.0
2018-01-11,-0.00010939157236957595
2018-01-12,0.0003281069205464826
2018-01-16,-0.00021863164579558595
2018-01-17,0.00021867945604496272
2018-01-18,0.0
2018-01-19,0.00010895299181183539
2018-01-22,0.00010966670546808766
2018-01-23,0.0
2018-01-24,0.00010924010654123332
2018-01-25,0.0
2018-01-26,0.00021866361297576822
2018-01-29,-0.0002186158096529759
2018-01-30,-0.002263216804411148
2018-01-31,0.005670924498253484
2018-02-01,-0.008646486529061321
2018-02-02,-0.015548175537970402
2018-02-05,-0.031586891080749795
2018-02-06,0.013922032612311331
2018-02-07,-0.023538806962132324
2018-02-08,-0.014865309785807107
2018-02-09,-0.007340790539015941
2018-02-12,0.008216879058872294
2018-02-13,0.006519909050548023
2018-02-14,0.018623200385570266
2018-02-15,0.011526417038457231
2018-02-16,-0.001178890192772524
2018-02-20,-0.004327032429937783
2018-02-21,0.0023704200192197302
2018-02-22,-0.0023648144157868097
2018-02-23,0.012247906795358091
2018-02-26,0.01366139904492474
2018-02-27,-0.005390970958289317
2018-02-28,-0.009678638375716505
2018-03-01,0.0007821645412181032
2018-03-02,0.0007808579942894669
2018-03-05,-0.011319064963894392
2018-03-06,0.005921872835572794
2018-03-07,-0.007456680651996788
2018-03-08,0.016607164939591756
2018-03-09,0.016724729923525018
2018-03-12,0.006503684347931306
2018-03-13,-0.00912216695364001
2018-03-14,-0.002301609888291117
2018-03-15,0.0019225469783499137
2018-03-16,-0.001918857883923294
2018-03-19,-0.00384440967191575
2018-03-20,0.0030876324736034116
2018-03-21,-0.0026934601316637506
2018-03-22,-0.025848555619120712
2018-03-23,-0.01584159193503577
2018-03-26,0.02655902661888273
2018-03-27,-0.012935797638415826
2018-03-28,-0.005957250697903895
2018-03-29,0.011186654517417818
2018-04-02,-0.012643211201851974
2018-04-03,0.009603806237351197
2018-04-04,0.0003960539721794759
2018-04-05,0.0007927009858141882
2018-04-06,-0.013064022436937885
2018-04-09,0.010028045155372282
2018-04-10,0.013899814060589953
2018-04-11,0.01018416813906432
2018-04-12,0.002326400599735565
2018-04-13,-0.007737096298575334
2018-04-16,-0.009746460002817188
2018-04-17,0.0
2018-04-18,0.007086563727821017
2018-04-19,-0.002736631611236093
2018-04-20,-0.005487983617280994
2018-04-23,-0.0015764761298663553
2018-04-24,0.0023687491342291177
2018-04-25,-0.0023631514213457525
2018-04-26,0.0011843745671145588
2018-04-27,0.0039432449446908015
2018-04-30,0.009819292226806437
2018-05-01,-0.00038905530271795776
2018-05-02,0.00038920672565842865
2018-05-03,-0.0031114534657123503
2018-05-04,-0.0019511496336733426
2018-05-07,-0.0117279951986687
2018-05-08,0.01463607988813336
2018-05-09,0.005068559674379834
2018-05-10,0.011636513908141714
2018-05-11,0.011119907109062034
2018-05-14,0.00530900376608449
2018-05-15,-0.011693686452829428
2018-05-16,0.0019083132350994547
2018-05-17,-0.013714092102596926
2018-05-18,-0.0007725043449686603
2018-05-21,0.02203309987290902
2018-05-22,-0.0007566272924927051
2018-05-23,-0.011354731072184142
2018-05-24,-0.003445659342397613
2018-05-25,0.0015365037341045613
2018-05-29,-0.010740098415547527
2018-05-30,0.00310199891808619
2018-05-31,0.00463851113178787
2018-06-01,0.00038457038273900204
2018-06-04,0.005000133486841571
2018-06-05,0.005357961096471421
2018-06-06,0.009516624209246684
2018-06-07,-0.006033223572408894
2018-06-08,-0.004932037864762889
2018-06-11,0.0011438336943356484
2018-06-12,-0.006092669576882616
2018-06-13,-0.009195659840273705
2018-06-14,-0.0042535070957988395
2018-06-15,-0.0023300144508884555
2018-06-18,-0.007006962127546367
2018-06-19,-0.016204307958996557
2018-06-20,0.006070756976922897
2018-06-21,-0.0189059725363265
2018-06-22,0.009840175287712914
2018-06-25,-0.013398309494962636
2018-06-26,0.003292172251611548
2018-06-27,-0.017227497497848
2018-06-28,0.01001708835531241
2018-06-29,0.0004130668147210682
2018-07-02,-0.014043746529468881
2018-07-03,0.0008380793206261168
2018-07-05,0.0012555947423882581
2018-07-06,0.01086953563994068
2018-07-09,0.01530201650797253
2018-07-10,-0.003666028486135507
2018-07-11,-0.012264990777409801
2018-07-12,0.009933851690927678
2018-07-13,0.0012293508910331565
2018-07-16,-0.0008185609620407213
2018-07-17,-0.0020481814403030133
2018-07-18,-0.003694724801991238
2018-07-19,-0.0053565471694882495
2018-07-20,0.010356280180711972
2018-07-23,0.0
2018-07-24,0.01230019344916881
2018-07-25,0.010530753676040033
2018-07-26,-0.010421012559718716
2018-07-27,-0.0032403722930019296
2018-07-30,0.00162565666875778
2018-07-31,0.004462512961497877
2018-08-01,-0.016559273073613733
2018-08-02,-0.015194879378596825
2018-08-03,-0.0008343392835685585
2018-08-06,0.004591235152173084
2018-08-07,0.01786446231206162
2018-08-08,0.0012246399395088156
2018-08-09,0.003669017868487483
2018-08-10,-0.014216096296237546
2018-08-13,-0.005768628932286354
2018-08-14,-0.0002179497494810977
2018-08-15,0.00021799726192972286
2018-08-16,0.0
2018-08-17,0.00010943728580734043
2018-08-20,0.0
2018-08-21,0.00010932256382783504
2018-08-22,0.0
2018-08-23,0.0003282400477514786
2018-08-24,0.0
2018-08-27,0.00010886393805025715
2018-08-28,0.0
2018-08-29,-0.00010885208798329428
2018-08-30,0.00043679087596956945
2018-08-31,-0.00010943234996835085
2018-09-04,8.767866324329741e-05
2018-09-05,-0.00011005068696472198
2018-09-06,0.00021930423472781122
2018-09-07,0.000218537614850293
2018-09-10,0.0
2018-09-11,-0.0021863190915911495
2018-09-12,0.015337657190142519
2018-09-13,0.0
2018-09-14,0.00010897643625709655
2018-09-17,0.00021874994869841729
2018-09-18,0.0
2018-09-19,0.0
2018-09-20,0.00021839436544588765
2018-09-21,0.0
2018-09-24,0.00010973741068323435
2018-09-25,0.0
2018-09-26,0.0
2018-09-27,0.00021801508036768048
2018-09-28,0.0
2018-10-01,6.561582243538251e-05
2018-10-02,0.00010877159349359289
2018-10-03,0.0
2018-10-04,0.00021936465026816816
2018-10-05,0.00010945330125709372
2018-10-08,0.0
2018-10-09,-0.00010944132254304743
2018-10-10,0.00021859914942076863
2018-10-11,-0.010332351902543698
2018-10-12,0.011802056544461209
2018-10-15,0.0001089051416750369
2018-10-16,0.00406119137317953
2018-10-17,0.0
2018-10-18,-0.011738117807496767
2018-10-19,0.011877537744808316
2018-10-22,0.0002187631606114881
2018-10-23,0.0
2018-10-24,0.0001094600516889
2018-10-25,0.006490362295964792
2018-10-26,0.00010953854482240474
2018-10-29,-0.011162992380591088
2018-10-30,0.001881462670605437
2018-10-31,0.0032865527771858724
2018-11-01,0.029012437516620256
2018-11-02,0.0
2018-11-05,0.00010969531614302673
2018-11-06,0.0
2018-11-07,0.0001092740184138999
2018-11-08,0.00010895516295549013
2018-11-09,0.00021870493941729966
2018-11-12,-0.00010922628720827223
2018-11-13,0.0001092382188933432
2018-11-14,-0.00010922628720827223
2018-11-15,0.0003279192226330134
2018-11-16,0.00010899791043030248
2018-11-19,-0.0001089860311806377
2018-11-20,0.00021820031975447045
2018-11-21,0.0002188683087480467
2018-11-23,0.0
2018-11-26,0.00010905249124641683
2018-11-27,0.0
2018-11-28,0.000109142793724412
2018-11-29,0.00010933524782417748
2018-11-30,0.00010932329493463284
2018-12-03,-3.350852434384078e-05
2018-12-04,0.00010982582543557944
2018-12-06,0.00021881031137973997
2018-12-07,0.00010917696196566737
2018-12-10,0.00010947140018822545
2018-12-11,-0.00010945941751252657
2018-12-12,0.00021853432500261425
2018-12-13,0.00010944748215658912
2018-12-14,0.00010902716328063143
2018-12-17,0.00010911735188416779
2018-12-18,0.0
2018-12-19,-0.00010961576205255413
2018-12-20,0.0002192555579701794
2018-12-21,0.0002195136512284243
2018-12-24,0.00010866142792747661
2018-12-26,-0.0001086496219044167
2018-12-27,0.00032761675593908675
2018-12-28,0.0001087278363762338
2018-12-31,0.00010993983598567437
2019-01-02,-0.00010992775054680898
2019-01-03,0.00032849370288483965
2019-01-04,0.00010939397572575205
2019-01-07,0.0
2019-01-08,0.0
2019-01-09,0.0
2019-01-10,0.00010948395035626628
2019-01-11,-0.005503985767674294
2019-01-14,-0.005108501814744686
2019-01-15,0.007702045974071511
2019-01-16,0.013588175268109013
2019-01-17,-0.0025135365604516944
2019-01-18,0.008819754037793483
2019-01-22,-0.012905953078925152
2019-01-23,0.008013488757073396
2019-01-24,0.00543940166581676
2019-01-25,0.013732814547955559
2019-01-28,-0.006157746915464234
2019-01-29,0.0
2019-01-30,0.011152476382399058
2019-01-31,0.010212435227923929
2019-02-01,9.752025733946822e-05
2019-02-04,0.014338818661840672
2019-02-05,0.010096845540166847
2019-02-06,-0.008796435800827935
2019-02-07,-0.01008482668032788
2019-02-08,0.012632477634608489
2019-02-11,0.0028168461578057117
2019-02-12,0.0024077284797911548
2019-02-13,0.012810110534447921
2019-02-14,0.00039537496371899294
2019-02-15,-0.005531497796775473
2019-02-19,0.013508148326685633
2019-02-20,0.0066642005994987305
2019-02-21,0.00010960515302831514
2019-02-22,0.00021847463833755135
2019-02-25,-0.00010926427939292969
2019-02-26,0.00010927621938029507
2019-02-27,0.00010895935582253082
2019-02-28,0.0002189112711153082
2019-03-01,0.00010882203248871111
2019-03-04,-0.00010881019154251196
2019-03-05,0.00010882203248871111
2019-03-06,0.00010891178836001198
2019-03-07,-0.013178106347382475
2019-03-08,-0.007855568783625371
2019-03-11,0.017814756155254335
2019-03-12,0.005445437793047381
2019-03-13,-0.0007737338602457093
2019-03-14,-0.005033068635462248
2019-03-15,0.0054473647323759694
2019-03-18,0.008127256321146166
2019-03-19,0.000767603522238325
2019-03-20,-0.005370147257912746
2019-03-21,-0.00038548257361142787
2019-03-22,-0.014660668382916537
2019-03-25,0.003523967473752124
2019-03-26,0.0035113996685238714
2019-03-27,0.0
2019-03-28,0.006220965780167019
2019-03-29,0.012751045347098831
2019-04-01,0.016787306226247318
2019-04-02,-0.00010922146594272881
2019-04-03,0.00010923339657443257
2019-04-04,0.0003279686358948793
2019-04-05,0.0
2019-04-08,0.0
2019-04-09,-0.004832685409682828
2019-04-10,0.0037357161077572025
2019-04-11,-0.011537250352200216
2019-04-12,0.007906658983389105
2019-04-15,-0.010459265721985826
2019-04-16,0.0033974949545668176
2019-04-17,-0.004890958726206096
2019-04-18,0.001512364571905789
2019-04-22,-0.002642641363660478
2019-04-23,0.007948649322399628
2019-04-24,-0.010890157541875877
2019-04-25,0.004176277791559581
2019-04-26,0.005293182461060915
2019-04-29,0.002632516529295121
2019-04-30,-0.006751939111810274
2019-05-01,-0.0037765349724012743
2019-05-02,0.013646933212683366
2019-05-03,0.014210813049443381
2019-05-06,-0.026917230853919998
2019-05-07,-0.012883668873181257
2019-05-08,-0.0034550706424134854
2019-05-09,-0.020030602826115237
2019-05-10,0.008647655919031534
2019-05-13,-0.029228418351437562
2019-05-14,0.012444841915168363
2019-05-15,0.007930227030168433
2019-05-16,0.0027537805963049914
2019-05-17,-0.015300122338858059
2019-05-20,-0.002390461731419387
2019-05-21,0.003194754961909071
2019-05-22,0.005175325795844847
2019-05-23,-0.009109081949598105
2019-05-24,0.0007995003444229684
2019-05-28,0.0043928992314822436
2019-05-29,0.004771419099252246
2019-05-30,-0.016224818409001633
2019-05-31,-0.008045065744098915
2019-06-03,-0.002433114191524042
2019-06-04,0.006910621151302182
2019-06-05,0.0
2019-06-06,0.005248352847848708
2019-06-07,0.006425732899605388
2019-06-10,0.016759842171801317
2019-06-11,0.005101718300283022
2019-06-12,-0.02264711602158278
2019-06-13,0.0027965889759514304
2019-06-14,-0.008765092062988878
2019-06-17,0.00900538694335242
2019-06-18,0.027180598231574333
2019-06-19,0.013427998044198954
2019-06-20,0.012860482098607696
2019-06-21,-0.007310540221338058
2019-06-24,0.0011629104815052036
2019-06-25,-0.010065784721511596
2019-06-26,0.0062573430671470105
2019-06-27,0.010493816786065726
2019-06-28,-0.004615671399478707
2019-07-01,0.009659961942532304
2019-07-02,0.00918486059029116
2019-07-03,0.006067511149489342
2019-07-05,-0.006030918484343924
2019-07-08,-0.005688314734498481
2019-07-09,-0.01029724568876497
2019-07-10,0.001155626381047952
2019-07-11,0.00038507585143328544
2019-07-12,0.007310540221338058
2019-07-15,-0.0007638968538807853
2019-07-16,0.0011468141245449984
2019-07-17,-0.0015272102504897526
2019-07-18,0.004588824372255719
2019-07-19,0.006090515159426233
2019-07-22,-0.011728955082299023
2019-07-23,0.004211176205129121
2019-07-24,-0.00038122035898250473
2019-07-25,-0.011822893971150553
2019-07-26,-0.004631423715308508
2019-07-29,-0.012408118018891101
2019-07-30,-0.007852294004141521
2019-07-31,-0.01662038277035413
2019-08-01,-0.02615705652582178
2019-08-02,-0.004958786536868451
2019-08-05,-0.04900305813853069
2019-08-06,0.013100191614901363
2019-08-07,0.006896564001129671
2019-08-08,0.012414483508627646
2019-08-09,-0.01775906620653596
2019-08-12,-0.031424910521110995
2019-08-13,0.007555757969565772
2019-08-14,-0.023820224863591415
2019-08-15,0.025305170735884258
2019-08-16,0.024680409209833748
2019-08-19,0.02623647307571943
2019-08-20,-0.006286505273457685
2019-08-21,0.006748115934515026
2019-08-22,-0.01717637585247813
2019-08-23,-0.01705043106831667
2019-08-26,0.003469322501818626
2019-08-27,-0.0017286114646257748
2019-08-28,0.0008657497837991839
2019-08-29,0.0056229262228409205
2019-08-30,-0.017634412422226554
2019-09-03,-0.006567356971478697
2019-09-04,0.0449537439736113
2019-09-05,-0.0025306331306374544
2019-09-06,0.009302289747779
2019-09-09,-0.002932581762993167
2019-09-10,0.0037815957237662067
2019-09-11,0.010045755897700816
2019-09-12,-0.002486385088455143
2019-09-13,0.00914017607952364
2019-09-16,-0.011939163992476763
2019-09-17,-0.005833393983975881
2019-09-18,-0.00922041816022331
2019-09-19,-0.010998378550248397
2019-09-20,-0.0042770118794340055
2019-09-23,-0.009879872026568115
2019-09-24,-0.0030369082263281837
2019-09-25,-0.004351459569463349
2019-09-26,-0.005681695109473767
2019-09-27,0.0
2019-09-30,0.0001091642702534086
2019-10-01,-3.270557687270277e-05
2019-10-02,0.0
2019-10-03,0.0003282703912647971
2019-10-04,0.0
2019-10-07,0.00010891951539842127
2019-10-08,0.0
2019-10-09,0.0
2019-10-10,0.0002187178560716167
2019-10-11,0.00010928488383518155
2019-10-14,-0.00010927294195441374
2019-10-15,0.00010928488383518155
2019-10-16,0.00010897219073802544
2019-10-17,0.00010966199346859582
2019-10-18,0.0
2019-10-21,0.00010914882657995432
2019-10-22,0.0
2019-10-23,0.0
2019-10-24,0.0002184742639321439
2019-10-25,0.0
2019-10-28,-0.00010901288035275286
2019-10-29,0.0002180495309129301
2019-10-30,0.00010930155206200233
2019-10-31,0.00010908925895536166
2019-11-01,-1.0717426535546799e-05
2019-11-04,0.0001092788567047687
2019-11-05,-0.00010926691614109714
2019-11-06,0.0001092788567047687
2019-11-07,0.00021853383228219428
2019-11-08,0.0
2019-11-11,0.0
2019-11-12,0.00010944330506365034
2019-11-13,0.0
2019-11-14,0.0001092310882289836
2019-11-15,-0.00010921915810148873
2019-11-18,0.00021856229661216425
2019-11-19,-0.00010930731792473851
2019-11-20,0.00010931926732064682
2019-11-21,-0.003806984791997532
2019-11-22,0.0012740163690987381
2019-11-25,0.02078001851000345
2019-11-26,-0.0037388739130276806
2019-11-27,0.001250968517900156
2019-11-29,-0.019575436856856653
2019-12-02,-0.0055222932052954735
2019-12-03,-0.005980516026929912
2019-12-04,0.002148667181152448
2019-12-05,-0.001715060729276367
2019-12-06,0.009879872026568115
2019-12-09,-0.008507237925828194
2019-12-10,0.0
2019-12-11,0.0
2019-12-12,0.00021853070356385072
2019-12-13,0.006229272414847912
2019-12-16,0.00574483419119328
2019-12-17,0.0033111509943272587
2019-12-18,-0.003300223456148929
2019-12-19,-0.006622501371504781
2019-12-20,0.0037501042448293814
2019-12-23,-0.0016605859831905787
2019-12-24,0.0008315238367829771
2019-12-26,0.0037391986959634605
2019-12-27,0.00413898858862164
2019-12-30,0.001236538680528343
2019-12-31,0.0016469134230632926
2020-01-02,0.024249878855045297
2020-01-03,0.0
2020-01-06,0.0028476287838917163
2020-01-07,-0.0004056908498930176
2020-01-08,0.0016233242576275321
2020-01-09,0.012155834442373456
2020-01-10,0.0
2020-01-13,0.0
2020-01-14,0.0
2020-01-15,0.0001086785408627318
2020-01-16,0.00021873174738500702
2020-01-17,-0.00010914224579792369
2020-01-21,0.0001091541591279891
2020-01-22,-0.00040661966621701275
2020-01-23,-0.008143546881440294
2020-01-24,-0.008210210983972599
2020-01-27,-0.03642385723470143
2020-01-28,0.004295341814211594
2020-01-29,0.008982493645890679
2020-01-30,-0.008902526755873672
2020-01-31,-0.020102597025848285
2020-02-03,0.008730056436282468
2020-02-04,0.01644282452767617
2020-02-05,0.0017031050137012286
2020-02-06,0.01317462665254773
2020-02-07,-0.009228141218717584
2020-02-10,0.0025400866668189425
2020-02-11,0.009712905101904439
2020-02-12,0.01505627593643134
2020-02-13,-0.010300674174341362
2020-02-14,0.005412207131659572
2020-02-18,-0.0062111534875380495
2020-02-19,0.003333225283337697
2020-02-20,-0.015780571143249718
2020-02-21,-0.00042185100824016994
2020-02-24,-0.00010959988264136316
2020-02-25,0.0
2020-02-26,0.0002186253650903964
2020-02-27,0.000218577578487499
2020-02-28,-0.00010886612935449563
2020-03-02,0.0002952268371065736
2020-03-03,0.00021848910200879398
2020-03-04,0.00043718171163366744
2020-03-05,0.0002183459181067337
2020-03-06,0.0
2020-03-09,0.00043689527300626573
2020-03-10,0.032931380371161716
2020-03-11,0.0002187484878276473
2020-03-12,0.00010930055113160414
2020-03-13,0.05569491601211161
2020-03-16,0.00010886668388896474
2020-03-17,0.06554816053866529
2020-03-18,0.00021830667650273898
2020-03-19,-0.04020594551883014
2020-03-20,0.008055818734118335
2020-03-23,-0.02983509424217295
2020-03-24,0.05491503297366075
2020-03-25,0.0
2020-03-26,0.0
2020-03-27,-0.0002177854394564935
2020-03-30,0.0
2020-03-31,0.00010886668388896474
2020-04-01,-8.756147462279412e-05
2020-04-02,0.00010926240710456413
2020-04-03,-0.0003274529118533775
2020-04-06,0.00010968438467607623
2020-04-07,-0.0002186480623074327
2020-04-08,0.00010899953951427416
2020-04-09,-0.00021867204458560753
2020-04-13,0.0002187198725073202
2020-04-14,0.00010968438467607623
2020-04-15,-0.00010967235533126574
2020-04-16,-0.00010898765990953128
2020-04-17,0.000218695879737772
2020-04-20,-0.00010967235533126574
2020-04-21,0.0
2020-04-22,0.0
2020-04-23,0.00010968438467607623
2020-04-24,-0.00010967235533126574
2020-04-27,0.0
2020-04-28,0.0
2020-04-29,-0.00010898765990953128
2020-04-30,0.000218695879737772
2020-05-01,-0.00017535634309772253
2020-05-04,0.0
2020-05-05,0.0
2020-05-06,0.00010969159044743518
2020-05-07,-0.00010967955952211163
2020-05-08,0.0
2020-05-11,0.00010969159044743518
2020-05-12,0.0
2020-05-13,0.0
2020-05-14,0.000108982865405365
2020-05-15,-0.0002186385970666801
2020-05-18,0.0
2020-05-19,0.0
2020-05-20,0.0
2020-05-21,0.00010969159044743518
2020-05-22,-0.00010967955952211163
2020-05-26,0.00010969159044743518
2020-05-27,-0.00010967955952211163
2020-05-28,0.0
2020-05-29,0.0
2020-06-01,0.00010969159044743518
2020-06-02,0.0
2020-06-03,0.0
2020-06-04,0.0
2020-06-05,-0.00021876195265844043
2020-06-08,0.00010910626143512761
2020-06-09,0.0
2020-06-10,0.00010969159044743518
2020-06-11,-0.00021876195265844043
2020-06-12,0.0002188098199219074
2020-06-15,0.0
2020-06-16,0.0
2020-06-17,0.0
2020-06-18,-0.00010967955952211163
2020-06-19,0.0
2020-06-22,0.0
2020-06-23,0.0
2020-06-24,0.0
2020-06-25,0.003239158665085668
2020-06-26,-0.008302761697976184
2020-06-29,-0.004651202663407014
2020-06-30,-0.0014015499753654928
2020-07-01,0.006083013064661855
2020-07-02,0.02604673491507928
2020-07-06,0.03762454591046812
2020-07-07,0.0
2020-07-08,0.009400047047833092
2020-07-09,-0.018625227625719918
2020-07-10,-0.010844885864212454
2020-07-13,0.0031977261957064997
2020-07-14,0.006375281880363824
2020-07-15,-0.00950223578559254
2020-07-16,-0.012791120677650676
2020-07-17,0.0027765154381343984
2020-07-20,-0.000923051625028842
2020-07-21,0.0036951811698562017
2020-07-22,-0.011505145845628003
2020-07-23,-0.007448524282646795
2020-07-24,-0.002814282617282834
2020-07-27,-0.001881483437655188
2020-07-28,-0.003298802658462569
2020-07-29,0.006146736019155802
2020-07-30,-0.0023498657116483137
2020-07-31,-0.005651981939034949
2020-08-03,0.0028420542085740934
2020-08-04,0.02361841392225018
2020-08-05,-0.0032304080793242105
2020-08-06,-0.0032405492458573927
2020-08-07,-0.010683185421900712
2020-08-10,0.01079854831584625
2020-08-11,0.008360166871885297
2020-08-12,0.023951972627436518
2020-08-13,0.0022493384376871812
2020-08-14,0.0
2020-08-17,0.00718138947668509
2020-08-18,-0.004010834275432032
2020-08-19,-0.00805376024521594
2020-08-20,-0.009020957950123547
2020-08-21,0.013654883515426411
2020-08-24,0.017512284892362357
2020-08-25,0.004413204680472552
2020-08-26,-0.0035149680474911055
2020-08-27,-0.009700258228325516
2020-08-28,0.020035579202547376
2020-08-31,-0.009166071970616257
2020-09-01,0.005286283539581286
2020-09-02,0.00394373483472628
2020-09-03,-0.011785244366185344
2020-09-04,-0.005300189976877553
2020-09-08,-0.011101336525369807
2020-09-09,0.014818054568774601
2020-09-10,-0.018141643903048
2020-09-11,0.010365225184376034
2020-09-14,0.008028402843825675
2020-09-15,0.010177287516266325
2020-09-16,-0.0039424209880458425
2020-09-17,-0.003957921277175444
2020-09-18,-0.003973335689695482
2020-09-21,-0.01817370356951816
2020-09-22,-0.013544025523904338
2020-09-23,-0.0032036883511148994
2020-09-24,-0.0032139849572832063
2020-09-25,0.0023031056879526893
2020-09-28,0.00275726770418669
2020-09-29,-0.001833087957791436
2020-09-30,0.0064277529293546055
2020-10-01,0.010949107332276609
2020-10-02,-0.005415208071884584
2020-10-05,0.011796725915647796
2020-10-06,-0.001793737178509062
2020-10-07,0.009434148532878602
2020-10-08,0.0013349142543162035
2020-10-09,-0.00444437723110226
2020-10-12,0.002678488543820414
2020-10-13,-0.0026713334078906545
2020-10-14,-0.005357188067007046
2020-10-15,-0.015260240522245847
2020-10-16,-0.001823277073709764
2020-10-19,-0.001369874690345847
2020-10-20,0.00502965596487636
2020-10-21,-0.0004547479556768026
2020-10-22,0.006827549312050194
2020-10-23,0.004520726503898151
2020-10-26,-0.004050545412974528
2020-10-27,-0.008585490152195287
2020-10-28,-0.011850493218581077
2020-10-29,0.004612475843058327
2020-10-30,-0.012855939829132825
2020-11-02,0.011162886392176835
2020-11-03,0.019779050442975166
2020-11-04,0.02751489699233543
2020-11-05,0.012291275842378154
2020-11-06,-0.009106449205177464
2020-11-09,0.02275730221977388
2020-11-10,0.02182252298080212
2020-11-11,0.0
2020-11-12,0.0
2020-11-13,0.012314228504207589
2020-11-16,0.014261766004034294
2020-11-17,0.0
2020-11-18,0.0
2020-11-19,0.0
2020-11-20,0.0
2020-11-23,0.0
2020-11-24,0.017463568521284504
2020-11-25,0.0012259048616711937
2020-11-27,0.0008165264332831066
2020-11-30,-0.02977157550942841
2020-12-01,0.015972933231782296
2020-12-02,-0.0012412186663410456
2020-12-03,0.002485620295535584
2020-12-04,0.010330567618305158
2020-12-07,-0.008180124523141777
2020-12-08,-0.0032988999184605096
2020-12-09,-0.0020685022481446
2020-12-10,0.011608426314810318
2020-12-11,-0.006967175647627851
2020-12-14,0.002040852350130178
2020-12-15,-0.001662485635002943
2020-12-16,0.0024976861722298942
2020-12-17,0.0024915605218643624
2020-12-18,-0.004970639152433419
2020-12-21,-0.008326562937772607
2020-12-22,-0.007976520182244626
2020-12-23,0.011426232789698891
2020-12-24,0.00878662785012824
2020-12-28,0.007880576454052357
2020-12-29,-0.0012345013991369187
2020-12-30,0.02224955227659224
2020-12-31,-0.006852116138271929
2021-01-04,0.010146096992330936
2021-01-05,0.026516753342676575
2021-01-06,0.00010881589982485916
2021-01-07,0.006349298975321827
2021-01-08,0.007492141381632089
2021-01-11,-0.010958833553029344
2021-01-12,0.013850255853704054
2021-01-13,-0.001170805859915318
2021-01-14,-0.0015631788522572254
2021-01-15,0.006262321527731508
2021-01-19,0.02372614204554821
2021-01-20,0.0
2021-01-21,0.0
2021-01-22,-0.00010880406021314248
2021-01-25,0.01612269217552073
2021-01-26,-0.00010880406021314248
2021-01-27,-0.019502983741603554
2021-01-28,-0.0027297496685303973
2021-01-29,-0.019945544949775785
2021-02-01,0.00997614471273207
2021-02-02,0.017384454048763067
2021-02-03,-0.0015532841670683024
2021-02-04,0.0027224988408067713
2021-02-05,0.0112489101468721
2021-02-08,-0.0015343082535041546
2021-02-09,0.004226056320670037
2021-02-10,0.00573838161137991
2021-02-11,0.01635600902121621
2021-02-12,0.0014969838168530302
2021-02-16,0.005979159832226508
2021-02-17,0.011515473988847075
2021-02-18,-0.00010880406021314248
2021-02-19,0.006689038004066451
2021-02-22,-0.009966758455407865
2021-02-23,0.03653961199449748
2021-02-24,-0.00010961235654818841
2021-02-25,-0.012472388783113596
2021-02-26,-0.022659960890219398
2021-03-01,0.015203478152520726
2021-03-02,-0.014975793995690594
2021-03-03,0.009502262846157612
2021-03-04,-0.00414146084113224
2021-03-05,0.004158683867520223
2021-03-08,-0.007530008950316224
2021-03-09,0.009863459902927956
2021-03-10,0.011645337216197298
2021-03-11,0.004827214652973733
2021-03-12,-0.01034730962161773
2021-03-15,0.007468236321575116
2021-03-16,-0.0025945193447653963
2021-03-17,0.004087595585344558
2021-03-18,-0.0003698741171400342
2021-03-19,-0.0022215396496495427
2021-03-22,-0.0055659105853698545
2021-03-23,-0.01679092789767227
2021-03-24,-0.018216403098391665
2021-03-25,0.018940985144117725
2021-03-26,0.016312484643169894
2021-03-29,0.0011199353473989103
2021-03-30,0.004101399274222754
2021-03-31,-0.012996681572519344
2021-04-01,0.006771908205312621
2021-04-05,0.007473818534030415
2021-04-06,-0.004080101877475694
2021-04-07,-0.016014791659362756
2021-04-08,0.021574376426337756
2021-04-09,0.0022231863982810018
2021-04-12,-0.013678386727556066
2021-04-13,0.007496228452106191
2021-04-14,0.012276734573980898
2021-04-15,-0.0003674634915985109
2021-04-16,0.00036759857065278963
2021-04-19,-0.001837661686087729
2021-04-20,-0.0007363662322327183
2021-04-21,0.003684544335193192
2021-04-22,-0.0040380771549105255
2021-04-23,0.013269593390734037
2021-04-26,0.0014550529443527003
2021-04-27,-0.0018162160801254688
2021-04-28,0.001091729476048246
2021-04-29,0.013086211475342857
2021-04-30,-0.02152862432817308
2021-05-03,-0.003666979053267669
2021-05-04,-0.0003682629871738819
2021-05-05,0.002209271127615432
2021-05-06,0.009919245371381568
2021-05-07,0.006911458895435766
2021-05-10,0.003612832776608382
2021-05-11,-0.02339824463433394
2021-05-12,-0.008846251742506951
2021-05-13,-0.000743847021442161
2021-05-14,0.00818779813720294
2021-05-17,0.000738355238073752
2021-05-18,0.004426171835557921
2021-05-19,0.003305086370900105
2021-05-20,-0.0029283004791990385
2021-05-21,0.000734375585617895
2021-05-24,-0.0018342051384029024
2021-05-25,0.018375584176591766
2021-05-26,0.011187343297506366
2021-05-27,0.000713848885662
2021-05-28,0.0021397684777688885
2021-06-01,-0.008896790184031493
2021-06-02,-0.004308649105449783
2021-06-03,-0.009015667092316899
2021-06-04,0.0007277912468723126
2021-06-07,-0.004363656861445316
2021-06-08,0.0007304493824491341
2021-06-09,-0.0018248332691384228
2021-06-10,0.00044512024410979804
2021-06-11,-0.0007414514219667307
2021-06-14,0.0025964060368988207
2021-06-15,-0.014428229235518853
2021-06-16,-0.0018770259803034045
2021-06-17,0.00037616326666710663
2021-06-18,0.0045112202411539395
2021-06-21,-0.003742467107593985
2021-06-22,-0.001127044470291701
2021-06-23,0.0063934730289548465
2021-06-24,0.004484247282441055
2021-06-25,0.005580285721967343
2021-06-28,-0.0059192735325205555
2021-06-29,-0.0029772599824739684
2021-06-30,-0.0026129678981923307
2021-07-01,0.0018714063761062789
2021-07-02,-0.0026148335591207944
2021-07-06,-0.0059926045839127215
2021-07-07,0.010926675100755814
2021-07-08,-0.013790444587107644
2021-07-09,0.0018897079329687717
2021-07-12,0.006412592360595553
2021-07-13,0.004497780447077974
2021-07-14,-0.005969986977080143
2021-07-15,0.005255187389283679
2021-07-16,0.002987265582032677
2021-07-19,-0.018987442422408594
2021-07-20,0.003795193444283507
2021-07-21,0.012854451980954014
2021-07-22,0.006345569874009062
2021-07-23,-0.010756539295723684
2021-07-26,-0.013498398310230713
2021-07-27,-0.030026572164457643
2021-07-28,0.009012513871982748
2021-07-29,0.005048658288013021
2021-07-30,0.007727786083276019
2021-08-02,-0.0003835192262473051
2021-08-03,0.004219621541290189
2021-08-04,-0.004583680815726383
2021-08-05,-0.00460469909312094
2021-08-06,-0.0019275001804667105
2021-08-09,0.0038624452248012683
2021-08-10,-0.0030780673134445835
2021-08-11,0.0023155891862296895
2021-08-12,-0.008086327657858002
2021-08-13,0.00931683086849829
2021-08-16,0.006153945067928016
2021-08-17,-0.011085748843649476
2021-08-18,-0.0023192591508366324
2021-08-19,0.0
2021-08-20,-0.0046493012361101095
2021-08-23,0.0058387727585412896
2021-08-24,-0.002708854359941123
2021-08-25,0.0003879535147468478
2021-08-26,-0.003878926270934984
2021-08-27,0.0042834340227892965
2021-08-30,-0.0007753949223047305
2021-08-31,0.0
2021-09-01,0.006596822490480579
2021-09-02,-0.0015421781633233075
2021-09-03,-0.005019151886175741
2021-09-07,0.006596822490480579
2021-09-08,0.0003855000360933421
2021-09-09,-0.008092470119911844
2021-09-10,0.005827520254951993
2021-09-13,0.0
2021-09-14,-0.015063893102213267
2021-09-15,-0.020000016298160724
2021-09-16,-0.014805733589558164
2021-09-17,-0.006498978717178746
2021-09-20,-0.03679477005380809
2021-09-21,0.014855792345838862
2021-09-22,0.017984165791612886
2021-09-23,-0.004930092517494657
2021-09-24,-0.026011604777127686
2021-09-27,0.007206546056111989
2021-09-28,-0.010101267274276791
2021-09-29,0.01573128809277876
2021-09-30,0.0037674118728031445
2021-10-01,-0.004170184265702485
2021-10-04,-0.006281422947372512
2021-10-05,0.01179935578313798
2021-10-06,-0.0004165839653254432
2021-10-07,0.010000065419010688
2021-10-08,0.0
2021-10-11,0.0
2021-10-12,0.0
2021-10-13,0.0
2021-10-14,-0.00010938545101773299
2021-10-15,0.00010939741750358681
2021-10-18,-0.00010938545101773299
2021-10-19,0.0
2021-10-20,0.0
2021-10-21,0.0
2021-10-22,0.0
2021-10-25,0.00010939741750358681
2021-10-26,-0.00021847203468295854
2021-10-27,0.0
2021-10-28,0.00021851977514285244
2021-10-29,0.0
2021-11-01,0.0
2021-11-02,-0.00021847203468295854
2021-11-03,0.0
2021-11-04,0.00010911042124095915
2021-11-05,0.0
2021-11-08,0.00010939741750358681
2021-11-09,-0.00021847203468295854
2021-11-10,0.0
2021-11-11,0.00010911042124095915
2021-11-12,0.0
2021-11-15,0.0
2021-11-16,-0.00010909851745576279
2021-11-17,0.0
2021-11-18,0.00010911042124095915
2021-11-19,0.0
2021-11-22,0.0
2021-11-23,-0.00010909851745576279
2021-11-24,0.00010911042124095915
2021-11-26,-0.00010909851745576279
2021-11-29,0.00010911042124095915
2021-11-30,-0.00010909851745576279
2021-12-01,-0.003864269647683178
2021-12-02,0.011206751558760157
2021-12-03,-0.00010909851745576279
2021-12-06,0.0
2021-12-07,0.0
2021-12-08,0.00010911042124095915
2021-12-09,-0.00010909851745576279
2021-12-10,0.00010911042124095915
2021-12-13,0.0
2021-12-14,0.0
2021-12-15,0.0
2021-12-16,-0.00010909851745576279
2021-12-17,0.00010911042124095915
2021-12-20,-0.00010909851745576279
2021-12-21,0.0043801012084152295
2021-12-22,0.0
2021-12-23,0.0
2021-12-27,0.00010962065771398077
2021-12-28,-0.00010960864234251605
2021-12-29,0.0
2021-12-30,0.00010962065771398077
2021-12-31,0.0
2022-01-03,-0.00010960864234251605
2022-01-04,0.00010962065771398077
2022-01-05,0.0
2022-01-06,0.0
2022-01-07,0.0
2022-01-10,-0.00010960864234251605
2022-01-11,-0.00010942134742722808
2022-01-12,0.00010943332176874946
2022-01-13,0.00010962065771398077
2022-01-14,0.0
2022-01-18,-0.00021901799624440935
2022-01-19,0.00021906597563543833
2022-01-20,0.0
2022-01-21,-0.00010960864234251605
2022-01-24,0.00010962065771398077
2022-01-25,-0.00021901799624440935
2022-01-26,0.00010943332176874946
2022-01-27,0.00010962065771398077
2022-01-28,-0.00021901799624440935
2022-01-31,0.00021906597563543833
2022-02-01,-0.00010960864234251605
2022-02-02,0.00010962065771398077
2022-02-03,0.0
2022-02-04,-0.00021901799624440935
2022-02-07,0.0024926304077001436
2022-02-08,0.008703034786018967
2022-02-09,0.009449261411426838
2022-02-10,-0.004069811752153037
2022-02-11,-0.006538607122885946
2022-02-14,-0.006170289275110076
2022-02-15,0.01365882134653751
2022-02-16,0.006533361170714168
2022-02-17,-0.006896539584856906
2022-02-18,-0.004493362802758369
2022-02-22,-0.026261935486410107
2022-02-23,-0.015170739992792106
2022-02-24,-0.004706783639216943
2022-02-25,-0.004299414897857479
2022-02-28,-0.02072515869995208
2022-03-01,-0.006613744626993261
2022-03-02,-0.007545481129202035
2022-03-03,0.0013414748481891672
2022-03-04,-0.013398714908935063
2022-03-07,-0.03168859454155324
2022-03-08,0.0032725516796369095
2022-03-09,-0.0032618770185211788
2022-03-10,0.0028050442968316366
2022-03-11,0.0055945025274750666
2022-03-14,-0.01066315036122945
2022-03-15,-0.01780679973816457
2022-03-16,0.0663166782881548
2022-03-17,0.0
2022-03-18,-0.00010959423829214716
2022-03-21,0.0
2022-03-22,0.0
2022-03-23,0.000218913574873624
2022-03-24,0.0
2022-03-25,-0.0002188656622090927
2022-03-28,0.0
2022-03-29,0.0
2022-03-30,0.000218913574873624
2022-03-31,0.0
2022-04-01,0.0
2022-04-04,-0.00010928340074800851
2022-04-05,-0.00010959423829214716
2022-04-06,0.00010960625050568338
2022-04-07,0.0
2022-04-08,-0.00010959423829214716
2022-04-11,0.00010960625050568338
2022-04-12,0.0
2022-04-13,0.0
2022-04-14,-0.00010959423829214716
2022-04-18,0.00010960625050568338
2022-04-19,-0.00010959423829214716
2022-04-20,0.000218913574873624
2022-04-21,0.0
2022-04-22,-0.00010928340074800851
2022-04-25,0.00010929534491498675
2022-04-26,-0.00010928340074800851
2022-04-27,0.011363616704352203
2022-04-28,0.0002188895832071339
2022-04-29,-0.0002188416810427821
2022-05-02,0.00010929534491498675
2022-05-03,-0.00010928340074800851
2022-05-04,0.0002188895832071339
2022-05-05,0.0
2022-05-06,0.0
2022-05-09,-0.0001095702545048067
2022-05-10,0.00780117096060456
2022-05-11,0.0
2022-05-12,0.005347695694910686
2022-05-13,0.00010897259857114412
2022-05-16,-0.00010896072483781634
2022-05-17,0.0
2022-05-18,0.0
2022-05-19,0.0002184432437536737
2022-05-20,0.0
2022-05-23,0.0
2022-05-24,-0.00010944673728221942
2022-05-25,0.00010945871718168205
2022-05-26,0.00021859471186030176
2022-05-27,-0.00021854693865521846
2022-05-31,-0.00010944673728221942
2022-06-01,1.1155028502591801e-05
2022-06-02,0.00021891499236038466
2022-06-03,-0.00021886707907544094
2022-06-06,0.00010935789882243056
2022-06-07,-0.00010934594098008022
2022-06-08,0.00010935789882243056
2022-06-09,0.00010954511391447016
2022-06-10,-0.00021886707907544094
2022-06-13,0.00010935789882243056
2022-06-14,-0.00010934594098008022
2022-06-15,0.00010935789882243056
2022-06-16,0.00021859229549296545
2022-06-17,-0.00010902334991417522
2022-06-21,0.00021846877683872492
2022-06-22,0.00010940963694816203
2022-06-23,0.0
2022-06-24,-0.0002187953355780925
2022-06-27,0.0
2022-06-28,0.0002188432174532942
2022-06-29,0.00010919858195139558
2022-06-30,0.00010958478712333962
2022-07-01,-7.692984436087322e-05
2022-07-05,0.0
2022-07-06,0.0
2022-07-07,0.0
2022-07-08,-0.00010928262327662149
2022-07-11,0.00010929456727364303
2022-07-12,-0.00010928262327662149
2022-07-13,0.0
2022-07-14,0.00010929456727364303
2022-07-15,-0.00010928262327662149
2022-07-18,0.0
2022-07-19,0.0
2022-07-20,-0.00324973989442445
2022-07-21,-0.011644278605922487
2022-07-22,-0.007068773137241347
2022-07-25,0.011390596975385081
2022-07-26,0.0018770520854239764
2022-07-27,0.007962551633133978
2022-07-28,-0.0013940251792269548
2022-07-29,-0.011167978971024542
2022-08-01,7.650415982664097e-05
2022-08-02,0.00010952488482975893
2022-08-03,-0.00010951289044304579
2022-08-04,0.00021904976965951786
2022-08-05,0.000218504518080677
2022-08-08,0.00010967584572953778
2022-08-09,-0.00010966381825752445
2022-08-10,0.00010967584572953778
2022-08-11,0.0
2022-08-12,0.00021863167393317885
2022-08-15,-0.00010924224153946671
2022-08-16,0.00010925417671062814
2022-08-17,0.0
2022-08-18,0.0004373665721325328
2022-08-19,0.0
2022-08-22,0.00010899576744694852
2022-08-23,-0.00021836516616615542
2022-08-24,0.0003282155033382985
2022-08-25,0.00010926993478472283
2022-08-26,0.0
2022-08-29,0.0
2022-08-30,0.00010876136891528562
2022-08-31,0.0002189888020746433
2022-09-01,0.000207820051070313
2022-09-02,0.00010979513577766823
2022-09-06,0.0
2022-09-07,0.005015099004427025
2022-09-08,0.00021854973098135976
2022-09-09,0.019114736061461943
2022-09-12,-0.00010925098871648644
2022-09-13,0.0002183273721690755
2022-09-14,0.0
2022-09-15,0.00032801488191414643
2022-09-16,0.0
2022-09-19,0.0
2022-09-20,-0.00010930244114405735
2022-09-21,0.0002187279753080419
2022-09-22,0.00043696358901224014
2022-09-23,0.0
2022-09-26,-0.00776807803684058
2022-09-27,-0.01565737600083418
2022-09-28,-0.010604862536772444
2022-09-29,-0.022507908516456718
2022-09-30,0.0
2022-10-03,0.014802469179202239
2022-10-04,0.01944912115375815
2022-10-05,0.0
2022-10-06,0.00021877447650923921
2022-10-07,0.0
2022-10-10,0.00010926425138187578
2022-10-11,-0.010804905244295001
2022-10-12,-0.008738451731132918
2022-10-13,0.0033057218129977665
2022-10-14,-0.025809769526837674
2022-10-17,0.01803819433655663
2022-10-18,-0.006644390799207995
2022-10-19,-0.008918675285801678
2022-10-20,0.0011249853611445962
2022-10-21,-0.007303524165598623
2022-10-24,-0.057158967475553796
2022-10-25,-0.012004862958362691
2022-10-26,0.015188225578186734
2022-10-27,-0.004787550591206891
2022-10-28,-0.015634254565506732
2022-10-31,-0.01649361168638052
2022-11-01,0.03726720226001743
2022-11-02,0.010179600866903947
2022-11-03,0.0003279194322919551
2022-11-04,0.05115999811821479
2022-11-07,-0.00010931261440884559
2022-11-08,0.00010932456496286078
2022-11-09,0.0005464642360456666
2022-11-10,0.00010925291159997234
2022-11-11,-0.00010924097670520127
2022-11-14,0.0
2022-11-15,0.00021890095127083067
2022-11-16,0.00010922900126768848
2022-11-17,0.00032774996440076466
2022-11-18,0.0
2022-11-21,0.00010908257017489045
2022-11-22,0.0002180426384402953
2022-11-23,0.0002185872160524925
2022-11-25,0.0
2022-11-28,0.00010912172795144182
2022-11-29,0.00032732946509748457
2022-11-30,0.0
2022-12-01,0.00021893719993522614
2022-12-02,0.00010934603969152782
2022-12-05,0.00010903832046283514
2022-12-06,0.0003283608013896237
2022-12-07,0.0
2022-12-08,0.03241631569950087
2022-12-09,0.00856321543200488
2022-12-12,0.0001098175620048176
2022-12-13,0.0
2022-12-14,0.0003277423456700883
2022-12-15,0.00021816078252776284
2022-12-16,-0.002859929485336499
2022-12-19,-0.007170065050047723
2022-12-20,0.0024072107940011807
2022-12-21,0.006244080663140602
2022-12-22,-0.008114683915597793
2022-12-23,0.01347447218760737
2022-12-27,0.022317419486506125
2022-12-28,-0.021830225193380556
2022-12-29,0.01329543012019375
2022-12-30,-0.015463998499436821
2023-01-03,0.02427421702507834
2023-01-04,0.030669306244306735
2023-01-05,-0.009017330209647673
2023-01-06,0.004094671553607675
2023-01-09,-0.004984100530196922
2023-01-10,0.0022768666626767752
2023-01-11,-0.003634690735073964
2023-01-12,0.008663868369697932
2023-01-13,-0.0018084585557984587
2023-01-17,-0.010869404562668446
2023-01-18,-0.0036628811608834704
2023-01-19,0.012867623240627504
2023-01-20,0.011342808505494727
2023-01-23,0.013459049264225758
2023-01-24,-0.0022133684427043505
2023-01-25,0.0017746620454669243
2023-01-26,0.0
2023-01-27,-0.005757286668868365
2023-01-30,-0.005345329190556526
2023-01-31,-0.012539164071635777
2023-02-01,0.009070293871359656
2023-02-02,-0.010337057664759485
2023-02-03,-0.008174365768060096
2023-02-06,-0.006410194507589292
2023-02-07,-0.004608293987958525
2023-02-08,-0.005555574969582217
2023-02-09,0.015363104962630691
2023-02-10,-0.014672288488978835
2023-02-13,0.002326766774559719
2023-02-14,0.001392736845913297
2023-02-15,-0.015762672509405114
2023-02-16,0.0
2023-02-17,-0.014130945591279245
2023-02-21,-0.005733311694992739
2023-02-22,-0.0009610975779146199
2023-02-23,-0.014910969968014819
2023-02-24,-0.012695483464359345
2023-02-27,0.012858731274629038
2023-02-28,-0.00488281154725744
2023-03-01,0.023552476048666397
2023-03-02,0.012943345061503717
2023-03-03,-0.0014196561011275927
2023-03-06,0.0014216743898489586
2023-03-07,-0.013251279340032222
2023-03-08,-0.008153497645521167
2023-03-09,-0.007736792949082672
2023-03-10,-0.022904715996300347
2023-03-13,0.010972590723705787
2023-03-14,0.00838690973546778
2023-03-15,-0.01761258695155151
2023-03-16,0.0
2023-03-17,-0.004481894420197337
2023-03-20,-0.0030014555271271563
2023-03-21,0.003511980031350281
2023-03-22,0.011500199804635467
2023-03-23,0.00692034801358105
2023-03-24,0.0014728410465127432
2023-03-27,-0.0034313935673803988
2023-03-28,0.002951259231967163
2023-03-29,0.00588504098166547
2023-03-30,0.006825982159054844
2023-03-31,-0.0048425075035590705
2023-04-03,0.014598538568880413
2023-04-04,-0.0019184011371773406
2023-04-05,-0.005766478785549889
2023-04-06,0.009183221821096495
2023-04-10,0.0009577691633841702
2023-04-11,0.002392450466035499
2023-04-12,-0.009069252875999289
2023-04-13,0.010115562430061974
2023-04-14,-0.01049098597799979
2023-04-17,0.013011851433559015
2023-04-18,-0.00047580070234731867
2023-04-19,-0.010471118991477475
2023-04-20,-0.00336702422055541
2023-04-21,-0.0053088367681625795
2023-04-24,-0.007763177312176243
2023-04-25,-0.015158986050046138
2023-04-26,0.013902657039684132
2023-04-27,0.014691477025514064
2023-04-28,0.005308943913491718
2023-05-01,-0.0009601747562819825
2023-05-02,-0.017299329674711837
2023-05-03,-0.0004890625848124626
2023-05-04,0.008317045898254534
2023-05-05,0.00048515818806773686
2023-05-08,0.0
2023-05-09,-0.015518933204020554
2023-05-10,0.0
2023-05-11,-0.0029556209565402545
2023-05-12,-0.017292597149449918
2023-05-15,0.02815502901358283
2023-05-16,-0.017603864734299517
2023-05-17,-0.010453025203379427
2023-05-18,-0.00452720673689458
2023-05-19,0.005052944125496721
2023-05-22,0.0050278750949298
2023-05-23,-0.01750886076849078
2023-05-24,-0.008146706044315341
2023-05-25,-0.01591359669736598
2023-05-26,0.015649448282019893
2023-05-30,-0.022085345052587385
2023-05-31,-0.0047269366244192335
2023-06-01,0.007915566354988654
2023-06-02,0.029843067948097293
2023-06-05,0.003050284549133836
2023-06-06,0.008109318779640298
2023-06-07,-0.007508550937064836
2023-06-08,0.0123518032708347
2023-06-09,-0.003050274428051327
2023-06-12,0.004079736092454555
2023-06-13,0.007110223896034255
2023-06-14,0.0010084806256458652
2023-06-15,0.0015113070070088802
2023-06-16,0.004023997136048364
2023-06-20,-0.016532981612954536
2023-06-21,-0.005094223770936698
2023-06-22,0.001024083929904459
2023-06-23,-0.021994888283613862
2023-06-26,0.0005229647943894655
2023-06-27,0.01359123404411831
2023-06-28,0.003094434165600404
2023-06-29,-0.009768644059132697
2023-06-30,0.003634370567157629
2023-07-03,0.00672547524562765
2023-07-05,-0.0035972426679063206
2023-07-06,-0.028880934774029338
2023-07-07,0.0
2023-07-10,-0.002124076025768347
2023-07-11,0.011175950013315363
2023-07-12,0.00947385526692737
2023-07-13,0.02085486074164034
2023-07-14,-0.007660626351398479
2023-07-17,-0.0015440878697334148
2023-07-18,-0.01030923770909383
2023-07-19,-0.0005208995435499674
2023-07-20,-0.0005210571539120393
2023-07-21,0.003649643352317327
2023-07-24,0.0010388661012610669
2023-07-25,0.001556795362430329
2023-07-26,0.01398960609730941
2023-07-27,-0.0005109395895444521
2023-07-28,0.021983644479517506
2023-07-31,0.00010905235039410601
2023-08-01,0.0002625012636822322
2023-08-02,0.00010939467704451761
2023-08-03,0.0004375308446326248
2023-08-04,0.00021838277938432125
2023-08-07,0.0
2023-08-08,0.00021890890979346246
2023-08-09,0.00010890462125621242
2023-08-10,0.0005466626997450819
2023-08-11,0.00010902437043442533
2023-08-14,0.00010901248541683327
2023-08-15,0.00010919166452040881
2023-08-16,-0.011557479654196196
2023-08-17,-0.0022272114603206026
2023-08-18,-0.012834808397890462
2023-08-21,-0.014132223309633048
2023-08-22,-0.0017201516600171426
2023-08-23,0.01550835489581231
2023-08-24,-0.00339366396998186
2023-08-25,-0.0005676710382607179
2023-08-28,0.015332039180940385
2023-08-29,-0.00010915629713621542
2023-08-30,0.00021824108365040582
2023-08-31,0.0006535318458557064
2023-09-01,0.00016394307774407466
2023-09-05,0.00021896766698094257
2023-09-06,0.0
2023-09-07,0.0005462042518230138
2023-09-08,0.0001094476964686082
2023-09-11,0.0
2023-09-12,0.0003279265109646978
2023-09-13,0.00010892419237705693
2023-09-14,0.00032749794707393474
2023-09-15,0.00021832387738641976
2023-09-18,0.00010885290711415067
2023-09-19,0.00010931634791762338
2023-09-20,0.00010920935185627859
2023-09-21,0.0005454169108323656
2023-09-22,0.02101575578959829
2023-09-25,0.00010884107711637248
2023-09-26,0.0001092090897289421
2023-09-27,0.009467431215584033
2023-09-28,0.00032719978494231717
2023-09-29,0.00010884113606612835
2023-10-02,0.00015313903715206175
2023-10-03,0.0002183841922479114
2023-10-04,0.00010973733415862385
2023-10-05,0.000655980858294573
2023-10-06,0.0
2023-10-09,0.00010889517176436336
2023-10-10,0.0
2023-10-11,0.00021871426525889732
2023-10-12,0.00043685916545403746
2023-10-13,0.00021819214924949097
2023-10-16,0.00010878823352525762
2023-10-17,0.00010972310489311086
2023-10-18,0.00010933242661569662
2023-10-19,0.00043614610023580094
2023-10-20,0.00021797797987204202
2023-10-23,0.00010924900155398429
2023-10-24,0.00010904791241816441
2023-10-25,0.00010913058950282884
2023-10-26,0.0004359073837699294
2023-10-27,0.0003268353463448079
2023-10-30,0.00010875204524236258
2023-10-31,0.0
2023-11-01,0.00030647547534875283
2023-11-02,0.0003281040684904493
2023-11-03,0.000109426565144495
2023-11-06,0.00010903697505186808
2023-11-07,0.00021861653866208944
2023-11-08,0.00010928437795860557
2023-11-09,0.0005463621809419435
2023-11-10,0.0001092127664631172
2023-11-13,0.00010891793660580024
2023-11-14,0.00010947182062386869
2023-11-15,0.00021854255310122065
2023-11-16,0.0004365183051137587
2023-11-17,0.00021830524839924404
2023-11-20,0.0
2023-11-21,0.00032686831144540225
2023-11-22,0.00043637256687451963
2023-11-24,0.00010918674698795181
2023-11-27,0.00010861012916511375
2023-11-28,0.00021776130462547973
2023-11-29,0.00010951554612693191
2023-11-30,0.000435286033818912
2023-12-01,0.0002080038411125234
2023-12-04,0.0
2023-12-05,0.00021849023436086107
2023-12-06,0.0001095032359851132
2023-12-07,0.00043721311413781047
2023-12-08,0.00021869890684365998
2023-12-11,0.0002184632435123179
2023-12-12,0.0
2023-12-13,0.00010958337097229466
2023-12-14,0.0004365015168638967
2023-12-15,0.0003273506129658998
2023-12-18,0.00012055845302395313
2023-12-19,0.0
2023-12-20,0.00021932426924352357
2023-12-21,0.0006578285299689478
2023-12-22,0.0001097534652243193
2023-12-26,0.0002188268295375547
2023-12-27,0.0
2023-12-28,0.000656805341916839
2023-12-29,0.0
2024-01-02,0.00010945812795889243
2024-01-03,0.000328151197091822
2024-01-04,0.0003279499561844258
2024-01-05,0.00010974862512480047
2024-01-08,0.00010945592546668919
2024-01-09,0.00010906977884091191
2024-01-10,0.0002183963627418611
2024-01-11,0.0005463860021198991
2024-01-12,0.00021888365968992913
2024-01-16,0.00010885724190321704
2024-01-17,0.00021834479324280324
2024-01-18,0.005787798139131218
2024-01-19,0.00010905421703227062
2024-01-22,0.0001089489673514394
2024-01-23,0.028645870546475646
2024-01-24,0.00010892520226766031
2024-01-25,0.0005454066429297184
2024-01-26,0.00010922707618891713
2024-01-29,0.00010884208068005502
2024-01-30,0.0001086437225423974
2024-01-31,0.00010928464435121474
2024-02-01,0.0005032884370460567
2024-02-02,0.0002188082257728133
2024-02-05,0.0
2024-02-06,0.00021848085278527218
2024-02-07,0.0001098220296284746
2024-02-08,0.0004370977010691337
2024-02-09,0.00010938960322110022
2024-02-12,0.00021828984012992015
2024-02-13,0.0
2024-02-14,0.00021842833414751478
2024-02-15,0.0005461842008543549
2024-02-16,0.00021816842676943335
2024-02-20,0.00010933934674946953
2024-02-21,0.00010923442749353378
2024-02-22,0.0005453688406529293
2024-02-23,0.00010897715326034
2024-02-26,0.0
2024-02-27,0.00021811634612017188
2024-02-28,0.00010922013941356401
2024-02-29,0.00043590420545407723
2024-03-01,0.00027336568856825533
2024-03-04,0.00010931639207651033
2024-03-05,0.0
2024-03-06,0.0002190728273793341
2024-03-07,0.00043721477951081484
2024-03-08,0.00010904729017483916
2024-03-11,0.00010912811733692532
2024-03-12,0.00032799757849159123
2024-03-13,0.0
2024-03-14,0.0004366924329412524
2024-03-15,0.00021797299932421887
2024-03-18,0.00010937952081952582
2024-03-19,0.00021845729882133999
2024-03-20,0.00010888074299626472
2024-03-21,0.00032734727250105164
2024-03-22,0.00010883326299891166
2024-03-25,0.00021810551532124158
2024-03-26,0.0001091677504032962
2024-03-27,0.0006543799749737124
2024-03-28,0.0
2024-04-01,0.0002731733508164278
2024-04-02,0.00021884867482876107
2024-04-03,0.0
2024-04-04,0.0004376015811313886
2024-04-05,0.0002182432920435127
2024-04-08,0.00010932868218586079
2024-04-09,0.00010968604401124817
2024-04-10,0.00021824021027868923
2024-04-11,0.00032784267612660155
2024-04-12,0.00010924507684385437
2024-04-15,0.00021818951415330336
2024-04-16,-0.01872898586504542
2024-04-17,-0.0013634272196637988
2024-04-18,0.006143362731066129
2024-04-19,-0.0027136157368316087
2024-04-22,0.019727826119290096
2024-04-23,0.00010881380787332857
2024-04-24,0.0
2024-04-25,0.0005454838753363441
2024-04-26,0.0
2024-04-29,0.00021794568649852715
2024-04-30,0.00010908718330540793
2024-05-01,0.0001967957455300304
2024-05-02,0.00054692563007802
2024-05-03,0.00010963805919664183
2024-05-06,0.0
2024-05-07,0.00010889029477540871
2024-05-08,0.00021876841749143158
2024-05-09,0.0005462957616936897
2024-05-10,0.0
2024-05-13,0.00021860114745846532
2024-05-14,0.00010913888409900661
2024-05-15,0.00010912697410282793
2024-05-16,0.000436735809920819
2024-05-17,0.00010897562544848015
2024-05-20,0.00021829469251062855
2024-05-21,0.00010912352516894185
2024-05-22,-0.009065101766881084
2024-05-23,-0.018867978551926692
2024-05-24,-0.003496389516792263
2024-05-28,0.0035086571488655745
2024-05-29,-0.015734311651806547
2024-05-30,-0.006512706679457659
2024-05-31,-0.003575759357548187
2024-06-03,-0.0029903334325331707
2024-06-04,0.0077983139350750914
2024-06-05,0.004762003821577197
2024-06-06,0.0
2024-06-07,-0.022511809451045157
2024-06-10,0.00545449672941358
2024-06-11,-0.015949226671270324
2024-06-12,-0.002503150884332865
2024-06-13,-0.003136708677887107
2024-06-14,-0.008810682562073712
2024-06-17,0.004444566582082673
2024-06-18,-0.0006321002916640488
2024-06-20,-0.00569263279220096
2024-06-21,-0.009542084884243903
2024-06-24,0.0044959488633124775
2024-06-25,-0.01342707722888375
2024-06-26,-0.0019443658306127916
2024-06-27,-0.011038973572331964
2024-06-28,0.004596180890537525
2024-07-01,0.0003502683230580049
2024-07-02,0.0001092038501062662
2024-07-03,0.00032803188440725615
2024-07-05,0.0003281978890100215
2024-07-08,0.00021878758132516722
2024-07-09,0.008701462136883801
2024-07-10,0.00021846629913532188
2024-07-11,0.00010907260855116493
2024-07-12,0.00043715396912661595
2024-07-15,0.00021829933073086287
2024-07-16,0.0
2024-07-17,0.0003274230558095148
2024-07-18,0.00010940870239731579
2024-07-19,0.00032718906549615193
2024-07-22,0.00021817600853634103
2024-07-23,0.0
2024-07-24,0.0003272835898661794
2024-07-25,0.0
2024-07-26,0.0005449607633706346
2024-07-29,0.0
2024-07-30,0.0001089691419202653
2024-07-31,0.00021818715823630622
2024-08-01,0.0002405804093228543
2024-08-02,0.0005468981266218582
2024-08-05,0.0
2024-08-06,0.00021851258203980906
2024-08-07,0.00021891865619886962
2024-08-08,0.00010907240093490111
2024-08-09,0.00021848394102203848
2024-08-12,0.00032783574975373767
2024-08-13,0.000109091631257228
2024-08-14,0.0001093517508521004
2024-08-15,0.0001091584679953537
2024-08-16,0.0005458234219076352
2024-08-19,0.0
2024-08-20,0.00021817402295774211
2024-08-21,0.00021803584936920425
2024-08-22,0.0
2024-08-23,0.0004364294618052222
2024-08-26,0.00010899187494540222
2024-08-27,0.00021814102391776028
2024-08-28,0.00010877523877386596
2024-08-29,0.0
2024-08-30,0.0005449933497781434
2024-09-03,0.00039348737250095725
2024-09-04,0.00010956541312805187
2024-09-05,0.00010946301926124304
2024-09-06,0.000546170623594354
2024-09-09,0.0
2024-09-10,0.00032799321358464607
2024-09-11,0.0025445515460938814
2024-09-12,0.010152306770917777
2024-09-13,0.0025124536821423443
2024-09-16,0.0056390658074202795
2024-09-17,0.014330426171152716
2024-09-18,-0.0061425912980373025
2024-09-19,0.031520429134259995
2024-09-20,0.004194117849231221
2024-09-23,0.010143146443878122
2024-09-24,0.046662721970040226
2024-09-25,0.00021789745536684226
2024-09-26,0.0
2024-09-27,0.00032686507472804116
2024-09-30,0.0001091595980873293
2024-10-01,0.00022946229186180642
2024-10-02,0.0001093927495926133
2024-10-03,0.00021858151758230837
2024-10-04,0.00021853375014355903
2024-10-07,0.00021875596157237934
2024-10-08,0.0
2024-10-09,-0.002665310161557535
2024-10-10,-0.0016033929230191905
2024-10-11,0.008565385573557339
2024-10-14,-0.01380051689244959
2024-10-15,-0.037136737676490776
2024-10-16,0.010620508279840972
2024-10-17,-0.01769903949166688
2024-10-18,0.024774696475056295
2024-10-21,-0.016483575048041706
2024-10-22,0.00558672889110971
2024-10-23,-0.009444627926784752
2024-10-24,0.0039260169429759465
2024-10-25,0.003910547080385876
2024-10-28,0.011129817575600415
2024-10-29,-0.005503711521115795
2024-10-30,-0.007747514777660663
2024-10-31,-0.0033464052348410986
2024-11-01,0.008393928067919953
2024-11-04,0.0033296920674383895
2024-11-05,0.016592863944791827
2024-11-06,-0.022850871200033047
2024-11-07,0.026726059975798397
2024-11-08,-0.024403387717302
2024-11-11,-0.0022235347535571686
2024-11-12,-0.026741065094285796
2024-11-13,-0.008586059755503769
2024-11-14,-0.004041500591658681
2024-11-15,-0.0034783214357166233
2024-11-18,0.006399019248628979
2024-11-19,-0.006358332158755923
2024-11-20,0.002908678206852458
2024-11-21,0.0
2024-11-22,-0.01740127252283999
2024-11-25,0.0017706791903021452
2024-11-26,0.0
2024-11-27,0.017089179198844087
2024-11-29,0.010428797810162743
2024-12-02,-0.010321160513996043
2024-12-03,0.0069524915894598974
2024-12-04,-0.008055276231435314
2024-12-05,0.002320266463432119
2024-12-06,0.0005785729322988792
2024-12-09,0.056101790222644096
2024-12-10,-0.02628685531577297
2024-12-11,-0.010686213320694332
2024-12-12,-0.008527484135740572
2024-12-13,-0.006307468895474718
2024-12-16,-0.01442578250465161
2024-12-17,0.0002987801854696473
2024-12-18,-0.01971335802910616
2024-12-19,0.003046913273037716
2024-12-20,0.006075377669350555
2024-12-23,0.009057942955205801
2024-12-24,0.012567359759179879
2024-12-26,0.004137006364137369
2024-12-27,-0.01353719002697201
2024-12-30,-0.007756697085242027
2024-12-31,0.0018040615503352468
2025-01-02,-0.01560626709097616
2025-01-03,0.007926841958276906
2025-01-06,-0.0036297650751008687
2025-01-07,-0.011536015761485061
2025-01-08,-0.011056575676588036
2025-01-10,-0.01677022197386664
2025-01-13,-0.0018951686046774347
2025-01-14,0.005696236589043885
2025-01-15,0.012586557219647857
2025-01-16,0.0018644808179556166
2025-01-17,0.017369710687814628
2025-01-21,0.006707308638510559
2025-01-22,-0.007268324403335742
2025-01-23,-0.005491123622854726
2025-01-24,0.007975410045725308
2025-01-27,0.0
2025-01-28,0.004869164110552982
2025-01-29,-0.004239804322817835
2025-01-30,0.016423268509898056
2025-01-31,-0.012567237450894752
2025-02-03,-0.011515288554800412
2025-02-04,0.009196846652224516
2025-02-05,-0.015795708775229587
2025-02-06,0.0074072826504582995
2025-02-07,-0.006740187752712427
2025-02-10,0.008019753850999232
2025-02-11,-0.009791903676080502
2025-02-12,0.029666262754465635
2025-02-13,0.010204012784243382
2025-02-14,0.00891268930691011
2025-02-18,-0.005300385042674861
2025-02-19,0.0011841531843598606
2025-02-20,0.004730829203740742
2025-02-21,0.011771715404023211
2025-02-24,0.0017452309919448773
2025-02-25,0.009291563805545005
2025-02-26,0.01553489598344851
2025-02-27,0.00010905117693018372
2025-02-28,0.000217990138002349
2025-03-03,-0.015918294693003238
2025-03-04,0.013864942231867135
2025-03-05,0.03589759296132113
2025-03-06,0.00010915773274704583
2025-03-07,0.00043746704635860384
2025-03-10,0.00010918643035283825
2025-03-11,0.008913689430787484
2025-03-12,0.0055216807902431645
2025-03-13,-0.0021965212562337277
2025-03-14,-0.00110073453164848
2025-03-17,0.013223031986091994
2025-03-18,-0.009244093455596588
2025-03-19,0.008232854445444145
2025-03-20,-0.019052909531361153
2025-03-21,-0.009988847722357396
2025-03-24,-0.005605363570761744
2025-03-25,-0.002818537996173286
2025-03-26,-0.006783495523747895
2025-03-27,0.013659651230473666
2025-03-28,-0.014037071556784598
2025-03-31,-0.0028474297887129117
2025-04-01,0.01313546294867554
2025-04-02,0.002818537996173286
2025-04-03,-0.017425705356667938
2025-04-04,-0.06292904733704634
2025-04-07,-0.04273497554991709
2025-04-08,-0.030612254208142214
2025-04-09,0.03881579044674019
2025-04-10,-0.0012665816972052364
2025-04-11,0.012682268404714672
2025-04-14,0.024420828525980758
2025-04-15,-0.0006111950571715667
2025-04-16,-0.0006116938463236556
2025-04-17,0.0055079262743880615
2025-04-21,-0.003043266441802054
2025-04-22,0.029304165045405603
2025-04-23,0.013048618784597359
2025-04-24,0.005269232465163302
2025-04-25,0.000582540335323739
2025-04-28,-0.002910470568207652
2025-04-29,0.0017514035418332153
2025-04-30,0.02097902597626105
2025-05-01,-0.0028540472036496715
2025-05-02,0.018889620190731735
2025-05-05,0.0005618074930399825
2025-05-06,0.022459222687537538
2025-05-07,0.004942425351835096
2025-05-08,0.00021860697248298996
2025-05-09,0.006582670611754724
2025-05-12,0.019618421785376178
2025-05-13,0.00021839988316921913
2025-05-14,0.0
2025-05-15,0.00010943917247148816
2025-05-16,0.002127805293803024
2025-05-19,0.0
2025-05-20,0.00021840823865324502
2025-05-21,0.00010900502422032054
2025-05-22,-0.0021254352108771198
2025-05-23,-0.0005324905769409706
2025-05-27,0.009057053776774003
2025-05-28,-0.006335798735796923
2025-05-29,0.01168978506411545
2025-05-30,-0.005252191042786948
2025-06-02,0.012671597471593845
2025-06-03,0.010427495564014793
2025-06-04,0.0
2025-06-05,0.00010951940575400261
2025-06-06,0.00032782250982592867
2025-06-09,0.00021833098943022694
2025-06-10,0.00010944762952781652
2025-06-11,0.0
2025-06-12,0.00010926083471956197
2025-06-13,0.0004371703906120062
2025-06-16,0.0
2025-06-17,0.0002179655125269017
2025-06-18,-0.008767356982631076
2025-06-20,-0.011446376198881373
2025-06-23,0.019473697842144727
2025-06-24,0.027361860017820917
2025-06-25,0.00010884400768349664
2025-06-26,0.00010944308828496396
2025-06-27,-0.0005021114791922994
2025-06-30,-0.0025112157724525436
2025-07-01,0.002517537853217289
2025-07-02,0.010045264980787602
2025-07-03,0.0005467019485608398
2025-07-07,0.00010936779142071985
2025-07-08,0.004540794379628981
2025-07-09,0.0010045264980787603
2025-07-10,0.0005018595905267378
2025-07-11,0.007522512662087054
2025-07-14,0.0009955262059976521
2025-07-15,-0.0009945361192281493
2025-07-16,0.0029864790454578495
2025-07-17,0.005459090673084665
2025-07-18,0.0024679321858246794
2025-07-21,0.00021848843764582754
2025-07-22,0.00010900287165586062
2025-07-23,0.00010916495938759067
2025-07-24,0.0
2025-07-25,0.0003270242584159606
2025-07-28,0.00010929125188303523
2025-07-29,0.00010867075239716813
2025-07-30,0.00010918050728080122
2025-07-31,0.00010925550586472604
2025-08-01,-0.017874408320091476
2025-08-04,0.016232071440203368
2025-08-05,0.008228511784133611
2025-08-06,-0.0004800797629621776
2025-08-07,0.011527352324504168
2025-08-08,-0.00047483673984446365
2025-08-11,-0.00285027886984775
2025-08-12,0.009528404949014265
2025-08-13,0.017460888826834258
2025-08-14,0.00010942487466035768
2025-08-15,-0.0088866778520099
2025-08-18,-0.004719235685842585
2025-08-19,0.0
2025-08-20,0.002844872632359423
2025-08-21,0.0009456322911011442
2025-08-22,0.014643358697088053
2025-08-25,0.0013966566292157433
2025-08-26,-0.002324607499286464
2025-08-27,-0.011649466940385747
2025-08-28,0.0042432131696359095
2025-08-29,-0.006572716778032353
2025-09-02,0.006143705049216667
2025-09-03,-0.007045604326528173
2025-09-04,-0.006622557289719422
2025-09-05,0.008571481643596036
2025-09-08,0.010387127015890056
2025-09-09,0.0074765881638775246
2025-09-10,0.004638247757399323
2025-09-11,0.017543968206925768
2025-09-12,-0.005444679207484591
2025-09-15,0.0027371517541799903
2025-09-16,-0.010918993852599635
2025-09-17,0.0027599066192027263
2025-09-18,-0.00963299498529651
2025-09-19,-0.005558162752396858
2025-09-22,-0.004191921445939438
2025-09-23,-0.009354501152529483
2025-09-24,-0.004721464301848058
2025-09-25,-0.0037950898225981504
2025-09-26,0.005238222928822943
2025-09-29,0.01847457908190461
2025-09-30,0.0023255956762808037
2025-10-01,0.005568479591013609
2025-10-02,-0.003230291946646688
2025-10-03,-0.0018519557827381828
2025-10-06,-0.0009275567679680142
2025-10-07,-0.006035227317051426
2025-10-08,0.006071872447512304
2025-10-09,0.0009284179283009126
2025-10-10,-0.04174395146605835
2025-10-13,0.021297227792371514
2025-10-14,-0.0018957462794462366
2025-10-15,0.0014246052058786288
2025-10-16,-0.004741612472631866
2025-10-17,0.009528404949014265
2025-10-20,0.010854053270249076
2025-10-21,-0.005135325751564842
2025-10-22,-0.013139357487474659
2025-10-23,0.00903457707356333
2025-10-24,0.008953967132901676
2025-10-27,0.009808466835856133
2025-10-28,0.012025790329403692
2025-10-29,0.0027423388223385007
2025-10-30,-0.022789473746594444
2025-10-31,0.0046642078264269035
2025-11-03,0.021355562613649237
2025-11-04,-0.006363584782753389
2025-11-05,0.010521564966685265
2025-11-06,0.004979568447060707
2025-11-07,0.0036036256842851932
2025-11-10,0.013464983447216769
2025-11-11,0.010628851491356988
2025-11-12,0.014022785415538768
2025-11-13,0.00010910935067994456
2025-11-14,-0.00524240863625801
2025-11-17,-0.01800616973862159
2025-11-18,-0.012522437539900889
2025-11-19,-0.008605034878567357
2025-11-20,-0.011420809990620269
2025-11-21,0.0027727528661408837
2025-11-24,0.019815604395523354
2025-11-25,0.0009037561199918393
2025-11-26,0.00045147004118320733
2025-11-28,0.003610130463716528
2025-12-01,0.0008992860758710339
2025-12-02,-0.0035939123481515418
2025-12-03,0.002254296963287473
2025-12-04,-0.006747679616194395
2025-12-05,-0.0013587040226771389
2025-12-08,-0.010430812629215983
2025-12-09,-0.005957781764545231
2025-12-10,0.005993489667995202
2025-12-11,0.0041246816140192415
2025-12-12,-0.0018255702544623072
2025-12-15,0.006858660499506666
2025-12-16,-0.00913993992040685
2025-12-17,-0.003311322942140277
2025-12-18,0.017560567542795495
2025-12-19,0.007929104435447601
2025-12-22,0.0013882092441569289
2025-12-23,0.00323472422175756
2025-12-24,0.004606198794594512
2025-12-26,0.0045850790091892645
2025-12-29,-0.02053863982166236
2025-12-30,0.0032620369008102526
2025-12-31,-0.0130051823220047
2026-01-02,0.029176545701223335
2026-01-05,0.005486910705231934
2026-01-06,0.011368824563648742
2026-01-07,-0.00809357102687896
2026-01-08,0.0031731382896471837
2026-01-09,0.008585635827508858
2026-01-12,0.009408699491087916
2026-01-13,-0.005770159858393047
2026-01-14,0.003124974582974755
2026-01-15,0.015131286696747182
2026-01-16,-0.011836854069148538
2026-01-20,-0.010647797784365844
2026-01-21,0.01345299196853294
2026-01-22,0.0017698357621228219
2026-01-23,-0.00044165584214626077
2026-01-26,0.008837790584043244
2026-01-27,0.01927291209977425
2026-01-28,0.01203264543788118
2026-01-29,0.00021807606779693383
2026-01-30,0.0002184546908947096
2026-02-02,-0.0055602983111276766
2026-02-03,0.005161319795337839
2026-02-04,0.005562677340248537
2026-02-05,-0.007234042482999245
2026-02-06,0.01285896995483526
2026-02-09,0.004655084975355215
2026-02-10,-0.002948585971128252
2026-02-11,0.005492174513143004
2026-02-12,-0.019747889578925596
2026-02-13,-0.007715431819022027
2026-02-17,0.012095101762583164
2026-02-18,0.0055484322471345
2026-02-19,0.0008489012532625606
2026-02-20,0.007633548884303444
2026-02-23,0.0008418372216369785
2026-02-24,0.0071488640437022
2026-02-25,-0.003757890408566592
2026-02-26,0.0004191544825525728
2026-02-27,0.014243738681582314
2026-03-02,-0.01115236010855108
2026-03-03,-0.01796155094495341
2026-03-04,-0.008507066330879786
2026-03-05,-0.006864045958975036
2026-03-06,0.0008639358401845117
2026-03-09,-0.0012947433237026447
2026-03-10,0.007346585962074761
2026-03-11,0.001716011489743759
2026-03-12,-0.020128552602876448
2026-03-13,-0.005244700745489064
2026-03-16,0.011862942504676208
2026-03-17,-0.0017368748254225352
2026-03-18,-0.014789038565801662
2026-03-19,0.007946979518835932
2026-03-20,-0.022339028264622907
2026-03-23,0.002688187449428783
2026-03-24,0.006702494480117815
2026-03-25,0.021748772914091597
2026-03-26,-0.019548287115830107
2026-03-27,-0.008418259456372626
2026-03-30,0.0
2026-03-31,0.031724805672867035
2026-04-01,0.00692936199102543
2026-04-02,-0.003870948165140559
2026-04-06,0.004749553406072673
2026-04-07,-0.0008594806234970125
2026-04-08,0.022365635750404997
2026-04-09,0.0029448644339860643
2026-04-10,0.0016777805979718342
2026-04-13,-0.0067001249511497414
2026-04-14,0.006323854429026862
2026-04-15,-0.010892394940846437
2026-04-16,-0.009318138720076575
2026-04-17,0.0034202847679578414
2026-04-20,0.0021304327252568422
2026-04-21,-0.010204057247277005
2026-04-22,0.00945014206683602
2026-04-23,-0.010212741600738193
2026-04-24,0.004299250499690483
2026-04-27,-0.0012842953061118153
2026-04-28,-0.002571810606340676
2026-04-29,0.0025784418704910377
2026-04-30,0.016716644325912217
2026-05-01,0.002529607140359123
2026-05-04,-0.01429780959216485
2026-05-05,0.011518713019788076
2026-05-06,0.028679965444583812
2026-05-07,-0.0020499924149406518
2026-05-08,-0.0024650919976123876
2026-05-11,0.001647375968842187
2026-05-12,-0.00575653228382401
2026-05-13,0.015301869248773607
2026-05-14,-0.005295306517191015
2026-05-15,-0.014742019617241324
2026-05-18,-0.003740629495542259
2026-05-19,-0.013350016103012707
2026-05-20,0.009725091024957245
2026-05-21,-0.00209377382908517
2026-05-22,-0.014267730230244477
2026-05-26,-0.0063856088932337345
2026-05-27,-0.010282834414461471
2026-05-28,-0.0012986667563880552
2026-05-29,0.001733863321868059
2026-06-01,-0.004327155608272948
2026-06-02,0.006953453782034986
2026-06-03,-0.01553733813721753
2026-06-04,-0.01271366751546808
2026-06-05,-0.031083485783098354
2026-06-08,0.0013749376552511933
2026-06-09,-0.0118993805264833
2026-06-10,-0.009726735897247376
2026-06-11,0.023386294632156728
2026-06-12,0.005484492273442254
2026-06-15,0.010161719380116088
2026-06-16,-0.006401522250786422
2026-06-17,-0.017947510256058705
2026-06-18,-0.0028115963220884375
2026-06-22,0.002349588131917892
2026-06-23,-0.009845245439465019
2026-06-24,0.0014203966905696334
2026-06-25,-0.0014183820254347426
2026-06-26,-0.0014204870006338864
2026-06-29,-0.0009483384361767147
2026-06-30,-0.007119108718692597
2026-07-01,0.006692131411943996
2026-07-02,-0.006172799813068961
2026-07-06,0.014333455933412483
2026-07-07,-0.007536497920962993
2026-07-08,0.00189847727132003
2026-07-09,0.004737019006624671
2026-07-10,0.013672839606091574
2026-07-13,-0.009302361066951308
2026-07-14,0.017370932041613513
2026-07-15,0.018920159020240693
2026-07-16,-0.0013587267549443132
2026-07-17,-0.0004534386339750271
2026-07-20,0.004537135660944737
2026-07-21,0.007226732241325957
2026-07-22,0.010762407474343594
2026-07-23,-0.004436573975506734
2026-07-24,0.004901902869208161
2026-07-27,0.010199621169252963
2026-07-28,0.0074626896913838
2026-07-29,0.00010914922659438079
2026-07-30,0.017467232541200604
2026-07-31,0.00032737621406200184
2026-08-03,-0.006932402423787249
2026-08-04,0.0
2026-08-05,-0.012652744963438739
2026-08-06,-0.0061864513849011985
2026-08-07,0.009782094957467144
2026-08-10,0.003963018767773786
2026-08-11,-0.014035074804040835
2026-08-12,-0.0013344652983872214
2026-08-13,0.002227137432577989
2026-08-14,-0.004888916015625
2026-08-17,0.004466296748358096
2026-08-18,-0.002667828659537587
2026-08-19,0.02095404846009024
2026-08-20,0.0021834561241092618
2026-08-21,0.017429176698599867
2026-08-24,-0.0047109468331682615
2026-08-25,-0.001721127735483899
2026-08-26,-0.011206906048777809
2026-08-27,0.0008717763709442132
2026-08-28,-0.0008710170388710356
2026-08-31,-0.0013077892740659541
2026-09-01,-0.015713688902194725
2026-09-02,0.014190758891332212
2026-09-03,0.004809737602380291
2026-09-04,0.009573595521565241
2026-09-08,-0.011637950382957774
2026-09-09,-0.01046662747160937
2026-09-10,-0.009695954849049206
2026-09-11,0.0022252401396141894
2026-09-14,0.008880943673421267
2026-09-15,-0.011003521459309797
2026-09-16,-0.008455657877838179
2026-09-17,0.010771982213717723
2026-09-18,-0.0031083345204856185
2026-09-21,0.013808438993647212
2026-09-22,0.0035149351011225785
2026-09-23,-0.01882663320065959
2026-09-24,0.002677352358362979
2026-09-25,-0.009345753933683854
